candidate_id,cif_path,cif_exists,cif_sha256,formula,reduced_formula,m_element,chemical_group,alignn_formation_energy_eV_atom,alignn_uncertainty_eV_atom,uncertainty_eV_atom,uncertainty_source,second_model_energy_eV_atom,second_model_uncertainty_eV_atom,absolute_model_disagreement_eV_atom,second_model_interval_hit_score,second_model_rank,target_label,alignn_u,alignn_position_class,alignn_is_edge,alignn_is_core_middle,gate_rank,gate_round,greedy_rank,greedy_round,structure_fingerprint_sha256,structure_fingerprint_definition,structure_matcher_cluster,structure_matcher_cluster_size,fingerprint_cluster,fingerprint_cluster_size,fingerprint_cluster_kind,nearest_pool_candidate_id,nearest_pool_fingerprint_distance,nearest_historical_dft_candidate_id,nearest_historical_dft_fingerprint_distance,previous_dft_nearby_status,generator_source,generator_outer_member,generator_inner_member,generator_source_verified,historical_dft_candidate,correction_available,correction_sample_n,correction_median_delta_eV_atom,corrected_score_eV_atom,distance_to_target_eV_atom,corrected_center_distance_eV_atom,corrected_in_target_interval,corrected_u,corrected_position_class,corrected_is_edge,corrected_is_core_middle,corrected_rank,space_group_number,space_group_symbol,min_interatomic_distance,volume_per_atom
job_000_Ti_fe_-1.422_n4_generated_crystals_cif__gen_0,D:\CGCNN_Formation_Energy_AL_Archive\experiments\reproducibility\staging\paired_confirmation_server_20260712\EARLY_LiM2O4_ALIGNN_HARD640_m2p18_m2p02_FLAT_20260617\job_000_Ti_fe_-1.422_n4_generated_crystals_cif__gen_0.cif,True,d9f40b78bac7d3d7163aff03dab9102ca96d64b3406044ad2346b15a62016c4c,Li1 Ti2 O4,LiTi2O4,Ti,LiTi2O4,-3.17072558403,,0.464319139462,saved CGCNN MC-dropout sigma; candidate-level ALIGNN uncertainty not available,-3.27649116516,0.464319139462,0.105765581131,0.00569651554706,591,0,-6.19203490019,A,True,False,528,33,555,35,9a30044eab913eb5e3f031781fc33475270f557ef23489b4b2ea22675fef21fc,"Li/M/O role-RDF: six unordered pairs, 0-6 A in 0.2-A bins; scale-free sorted lattice lengths, angles, and normalized volume",SM_Ti_001,1,FP_001,3,recurring_density_cluster,job_190_Mn_fe_-0.838_n4_generated_crystals_cif__gen_2,0.287002431471,job_148_Mn_fe_-0.904_n4_generated_crystals_cif__gen_2,0.98493119883,no_shared_cluster,D:\User\leoluis0705\Documents\xwechat_files\wxid_bbzc35ridmlc22_e97b\msg\file\2026-04\initial_1000_raw_generations.zip::raw_generations/job_000_Ti_fe_-1.422_n4/generated_crystals_cif.zip::gen_0.cif,raw_generations/job_000_Ti_fe_-1.422_n4/generated_crystals_cif.zip,gen_0.cif,True,False,False,0,0,-3.17072558403,0.99072558403,1.07072558403,False,-6.19203490019,A,True,False,516,160,R3m,1.851881,11.214574
job_000_Ti_fe_-1.422_n4_generated_crystals_cif__gen_3,D:\CGCNN_Formation_Energy_AL_Archive\experiments\reproducibility\staging\paired_confirmation_server_20260712\EARLY_LiM2O4_ALIGNN_HARD640_m2p18_m2p02_FLAT_20260617\job_000_Ti_fe_-1.422_n4_generated_crystals_cif__gen_3.cif,True,a02bb55643a2983251c09c4b66d7afbea51cd5c1d30b5fb99d7207a05f4e7ac6,Li1 Ti2 O4,LiTi2O4,Ti,LiTi2O4,-3.2070338726,,0.434112696842,saved CGCNN MC-dropout sigma; candidate-level ALIGNN uncertainty not available,-3.36204767227,0.434112696842,0.155013799667,0.00223970171712,621,0,-6.41896170378,A,True,False,438,28,614,39,5be5e37ce9535154ad97ba06aafe64bee3f1847a4a8e86d00daa35d9a1e3e830,"Li/M/O role-RDF: six unordered pairs, 0-6 A in 0.2-A bins; scale-free sorted lattice lengths, angles, and normalized volume",SM_Ti_002,41,FP_002,3,recurring_density_cluster,job_242_Ti_fe_-1.214_n4_generated_crystals_cif__gen_2,0.42325389652,job_120_Cr_fe_-1.424_n4_generated_crystals_cif__gen_1,1.11325342895,no_shared_cluster,D:\User\leoluis0705\Documents\xwechat_files\wxid_bbzc35ridmlc22_e97b\msg\file\2026-04\initial_1000_raw_generations.zip::raw_generations/job_000_Ti_fe_-1.422_n4/generated_crystals_cif.zip::gen_3.cif,raw_generations/job_000_Ti_fe_-1.422_n4/generated_crystals_cif.zip,gen_3.cif,True,False,False,0,0,-3.2070338726,1.0270338726,1.1070338726,False,-6.41896170378,A,True,False,570,1,P1,1.932281,10.166494
job_001_Ti_fe_-1.307_n4_generated_crystals_cif__gen_0,D:\CGCNN_Formation_Energy_AL_Archive\experiments\reproducibility\staging\paired_confirmation_server_20260712\EARLY_LiM2O4_ALIGNN_HARD640_m2p18_m2p02_FLAT_20260617\job_001_Ti_fe_-1.307_n4_generated_crystals_cif__gen_0.cif,True,16174fef7ac1ae5d764d5929817b9df90b9e4b5d68f8ef924083640f2a8632ec,Li1 Ti2 O4,LiTi2O4,Ti,LiTi2O4,-3.18779706955,,0.549254756373,saved CGCNN MC-dropout sigma; candidate-level ALIGNN uncertainty not available,-3.25891160965,0.549254756373,0.0711145401001,0.0126994202086,534,0,-6.29873168468,A,True,False,285,18,636,40,eecc0f3495bf0d283510db318677dc2fcfc10ccaea18af1dc0ff26123557b4f4,"Li/M/O role-RDF: six unordered pairs, 0-6 A in 0.2-A bins; scale-free sorted lattice lengths, angles, and normalized volume",SM_Ti_003,9,FP_003,8,recurring_density_cluster,job_109_Ti_fe_-0.845_n4_generated_crystals_cif__gen_3,0.151397720258,job_167_Mn_fe_-0.885_n4_generated_crystals_cif__gen_3,0.60458607668,no_shared_cluster,D:\User\leoluis0705\Documents\xwechat_files\wxid_bbzc35ridmlc22_e97b\msg\file\2026-04\initial_1000_raw_generations.zip::raw_generations/job_001_Ti_fe_-1.307_n4/generated_crystals_cif.zip::gen_0.cif,raw_generations/job_001_Ti_fe_-1.307_n4/generated_crystals_cif.zip,gen_0.cif,True,False,False,0,0,-3.18779706955,1.00779706955,1.08779706955,False,-6.29873168468,A,True,False,544,12,C2/m,1.943563,10.841303
job_001_Ti_fe_-1.307_n4_generated_crystals_cif__gen_1,D:\CGCNN_Formation_Energy_AL_Archive\experiments\reproducibility\staging\paired_confirmation_server_20260712\EARLY_LiM2O4_ALIGNN_HARD640_m2p18_m2p02_FLAT_20260617\job_001_Ti_fe_-1.307_n4_generated_crystals_cif__gen_1.cif,True,e8489d4902fbf4167ed8414a337c7662ea91df588943f6f91d90d19bc32d5011,Li1 Ti2 O4,LiTi2O4,Ti,LiTi2O4,-3.18682813644,,0.46364118372,saved CGCNN MC-dropout sigma; candidate-level ALIGNN uncertainty not available,-3.2599029541,0.46364118372,0.0730748176575,0.00618023630139,579,0,-6.29267585278,A,True,False,346,22,637,40,2f43f487833610e66e21e88707a270f7b999038c60c1b83da4edaf21e531e51e,"Li/M/O role-RDF: six unordered pairs, 0-6 A in 0.2-A bins; scale-free sorted lattice lengths, angles, and normalized volume",SM_Ti_003,9,FP_003,8,recurring_density_cluster,job_052_Ti_fe_-1.107_n4_generated_crystals_cif__gen_3,0.115720897359,job_120_Cr_fe_-1.424_n4_generated_crystals_cif__gen_1,0.593609263999,no_shared_cluster,D:\User\leoluis0705\Documents\xwechat_files\wxid_bbzc35ridmlc22_e97b\msg\file\2026-04\initial_1000_raw_generations.zip::raw_generations/job_001_Ti_fe_-1.307_n4/generated_crystals_cif.zip::gen_1.cif,raw_generations/job_001_Ti_fe_-1.307_n4/generated_crystals_cif.zip,gen_1.cif,True,False,False,0,0,-3.18682813644,1.00682813644,1.08682813644,False,-6.29267585278,A,True,False,543,12,C2/m,1.951087,10.834495
job_001_Ti_fe_-1.307_n4_generated_crystals_cif__gen_2,D:\CGCNN_Formation_Energy_AL_Archive\experiments\reproducibility\staging\paired_confirmation_server_20260712\EARLY_LiM2O4_ALIGNN_HARD640_m2p18_m2p02_FLAT_20260617\job_001_Ti_fe_-1.307_n4_generated_crystals_cif__gen_2.cif,True,f19820c51814ad4abe43fe2867ace09ca119d349dfc60fa41a28cdf86ca945d3,Li1 Ti2 O4,LiTi2O4,Ti,LiTi2O4,-3.21606421471,,0.509131621667,saved CGCNN MC-dropout sigma; candidate-level ALIGNN uncertainty not available,-3.36611962318,0.509131621667,0.150055408478,0.00581401794063,587,0,-6.47540134192,A,True,False,564,36,583,37,34c924bb04c9e5d42a0b217ee1ddb6f308c1eea96daf98e99b7593da6845a572,"Li/M/O role-RDF: six unordered pairs, 0-6 A in 0.2-A bins; scale-free sorted lattice lengths, angles, and normalized volume",SM_Ti_002,41,FP_004,5,recurring_density_cluster,job_238_Ti_fe_-0.855_n4_generated_crystals_cif__gen_0,0.180897874613,job_011_Mg_fe_-1.305_n4_generated_crystals_cif__gen_0,0.795874972774,no_shared_cluster,D:\User\leoluis0705\Documents\xwechat_files\wxid_bbzc35ridmlc22_e97b\msg\file\2026-04\initial_1000_raw_generations.zip::raw_generations/job_001_Ti_fe_-1.307_n4/generated_crystals_cif.zip::gen_2.cif,raw_generations/job_001_Ti_fe_-1.307_n4/generated_crystals_cif.zip,gen_2.cif,True,False,False,0,0,-3.21606421471,1.03606421471,1.11606421471,False,-6.47540134192,A,True,False,585,119,I-4m2,2.003666,10.101427
job_001_Ti_fe_-1.307_n4_generated_crystals_cif__gen_3,D:\CGCNN_Formation_Energy_AL_Archive\experiments\reproducibility\staging\paired_confirmation_server_20260712\EARLY_LiM2O4_ALIGNN_HARD640_m2p18_m2p02_FLAT_20260617\job_001_Ti_fe_-1.307_n4_generated_crystals_cif__gen_3.cif,True,f4349ad2fd87e7b3ebc918208784033a8c6aa8bd8f12855fcefad53a6f10807c,Li1 Ti2 O4,LiTi2O4,Ti,LiTi2O4,-3.07910108566,,0.584986800621,saved CGCNN MC-dropout sigma; candidate-level ALIGNN uncertainty not available,-3.39909672737,0.584986800621,0.319995641708,0.00938167275194,554,0,-5.61938178539,A,True,False,466,30,603,38,d89d62b2b29de1ed0751ba7cf217a7cd643968d1b6d93d7b879d33b54ec532df,"Li/M/O role-RDF: six unordered pairs, 0-6 A in 0.2-A bins; scale-free sorted lattice lengths, angles, and normalized volume",SM_Ti_004,1,FP_005,3,recurring_density_cluster,job_030_Mn_fe_-1.234_n4_generated_crystals_cif__gen_3,0.358927119653,job_120_Cr_fe_-1.424_n4_generated_crystals_cif__gen_1,1.07265146235,no_shared_cluster,D:\User\leoluis0705\Documents\xwechat_files\wxid_bbzc35ridmlc22_e97b\msg\file\2026-04\initial_1000_raw_generations.zip::raw_generations/job_001_Ti_fe_-1.307_n4/generated_crystals_cif.zip::gen_3.cif,raw_generations/job_001_Ti_fe_-1.307_n4/generated_crystals_cif.zip,gen_3.cif,True,False,False,0,0,-3.07910108566,0.899101085663,0.979101085663,False,-5.61938178539,A,True,False,396,6,Pm,1.874863,9.811989
job_002_Ni_fe_-1.402_n4_generated_crystals_cif__gen_0,D:\CGCNN_Formation_Energy_AL_Archive\experiments\reproducibility\staging\paired_confirmation_server_20260712\EARLY_LiM2O4_ALIGNN_HARD640_m2p18_m2p02_FLAT_20260617\job_002_Ni_fe_-1.402_n4_generated_crystals_cif__gen_0.cif,True,99763fb587d2c20407d37bca484a36342b01e1141b2fb1b1d183ff57730ff6d7,Li1 Ni2 O4,Li(NiO2)2,Ni,Li(NiO2)2,-1.04072916508,,0.517492886745,saved CGCNN MC-dropout sigma; candidate-level ALIGNN uncertainty not available,-1.4597645998,0.517492886745,0.419035434723,0.0574992701932,412,0,7.12044271827,F,True,False,359,23,487,31,2239cca6920d902c056b906466bc8b072e50e3f041a16219c64b24d13c827d8d,"Li/M/O role-RDF: six unordered pairs, 0-6 A in 0.2-A bins; scale-free sorted lattice lengths, angles, and normalized volume",SM_Ni_001,14,FP_006,4,recurring_density_cluster,job_041_Ni_fe_-1.021_n4_generated_crystals_cif__gen_3,0.227296904164,job_120_Cr_fe_-1.424_n4_generated_crystals_cif__gen_1,0.962054052406,no_shared_cluster,D:\User\leoluis0705\Documents\xwechat_files\wxid_bbzc35ridmlc22_e97b\msg\file\2026-04\initial_1000_raw_generations.zip::raw_generations/job_002_Ni_fe_-1.402_n4/generated_crystals_cif.zip::gen_0.cif,raw_generations/job_002_Ni_fe_-1.402_n4/generated_crystals_cif.zip,gen_0.cif,True,False,False,0,0,-1.04072916508,0.979270834923,1.05927083492,False,7.12044271827,F,True,False,482,2,P-1,1.895213,9.88503
job_002_Ni_fe_-1.402_n4_generated_crystals_cif__gen_3,D:\CGCNN_Formation_Energy_AL_Archive\experiments\reproducibility\staging\paired_confirmation_server_20260712\EARLY_LiM2O4_ALIGNN_HARD640_m2p18_m2p02_FLAT_20260617\job_002_Ni_fe_-1.402_n4_generated_crystals_cif__gen_3.cif,True,90dcbe8ef1488734ce92033b52e7fe3c9e98ff27f2590040026f0b1a57414021,Li1 Ni2 O4,Li(NiO2)2,Ni,Li(NiO2)2,-1.06251597404,,0.527800385363,saved CGCNN MC-dropout sigma; candidate-level ALIGNN uncertainty not available,-1.39165055752,0.527800385363,0.329134583473,0.0492903540748,478,0,6.98427516222,F,True,False,520,33,479,30,196fbff726f5d08ccf2cb784aa933d7cdecce9ad236d82f8c6b5816aeabf9880,"Li/M/O role-RDF: six unordered pairs, 0-6 A in 0.2-A bins; scale-free sorted lattice lengths, angles, and normalized volume",SM_Ni_002,22,FP_007,4,recurring_density_cluster,job_247_Ni_fe_-1.069_n4_generated_crystals_cif__gen_0,0.204199207188,job_136_Cr_fe_-1.181_n4_generated_crystals_cif__gen_0,0.59491025497,no_shared_cluster,D:\User\leoluis0705\Documents\xwechat_files\wxid_bbzc35ridmlc22_e97b\msg\file\2026-04\initial_1000_raw_generations.zip::raw_generations/job_002_Ni_fe_-1.402_n4/generated_crystals_cif.zip::gen_3.cif,raw_generations/job_002_Ni_fe_-1.402_n4/generated_crystals_cif.zip,gen_3.cif,True,False,False,0,0,-1.06251597404,0.957484025955,1.03748402596,False,6.98427516222,F,True,False,438,6,Pm,1.879415,9.851792
job_003_Mn_fe_-1.026_n4_generated_crystals_cif__gen_0,D:\CGCNN_Formation_Energy_AL_Archive\experiments\reproducibility\staging\paired_confirmation_server_20260712\EARLY_LiM2O4_ALIGNN_HARD640_m2p18_m2p02_FLAT_20260617\job_003_Mn_fe_-1.026_n4_generated_crystals_cif__gen_0.cif,True,ced48d13944bae706a40dacb1c6474a4240bd421323c1b98700fe04e51642029,Li1 Mn2 O4,LiMn2O4,Mn,LiMn2O4,-1.91920244694,,0.370398659195,saved CGCNN MC-dropout sigma; candidate-level ALIGNN uncertainty not available,-2.26731538773,0.370398659195,0.348112940788,0.154657340356,55,0,1.62998470664,F,True,False,216,14,234,15,90725b40a8c52f035990737c69ecd9ed0b878901acd1d4982b9cef607f1ef48e,"Li/M/O role-RDF: six unordered pairs, 0-6 A in 0.2-A bins; scale-free sorted lattice lengths, angles, and normalized volume",SM_Mn_001,1,FP_008,8,recurring_density_cluster,job_182_Cr_fe_-1.464_n4_generated_crystals_cif__gen_2,0.366886720577,job_182_Cr_fe_-1.464_n4_generated_crystals_cif__gen_2,0.366886720577,same_fingerprint_cluster,D:\User\leoluis0705\Documents\xwechat_files\wxid_bbzc35ridmlc22_e97b\msg\file\2026-04\initial_1000_raw_generations.zip::raw_generations/job_003_Mn_fe_-1.026_n4/generated_crystals_cif.zip::gen_0.cif,raw_generations/job_003_Mn_fe_-1.026_n4/generated_crystals_cif.zip,gen_0.cif,True,False,True,3,0.176542943114,-1.74265950382,0.277340496177,0.357340496177,False,2.7333781011,F,True,False,225,156,P3m1,1.913752,11.064599
job_004_Mg_fe_-1.439_n4_generated_crystals_cif__gen_1,D:\CGCNN_Formation_Energy_AL_Archive\experiments\reproducibility\staging\paired_confirmation_server_20260712\EARLY_LiM2O4_ALIGNN_HARD640_m2p18_m2p02_FLAT_20260617\job_004_Mg_fe_-1.439_n4_generated_crystals_cif__gen_1.cif,True,d30ef35cef96557bccac29af3e61948c95076454400f903119c0678324a0de28,Li1 Mg2 O4,LiMg2O4,Mg,LiMg2O4,-2.10062098503,,0.388396888124,saved CGCNN MC-dropout sigma; candidate-level ALIGNN uncertainty not available,-2.91997313499,0.388396888124,0.819352149963,0.0181293110577,516,1,0.496118843555,C,False,True,232,15,304,19,1413f8312002cfde8c6d128f44a1bbc2319715d059ed0aa3b5682f8b3080aec6,"Li/M/O role-RDF: six unordered pairs, 0-6 A in 0.2-A bins; scale-free sorted lattice lengths, angles, and normalized volume",SM_Mg_001,1,FP_SINGLETON_001,1,hdbscan_noise_singleton,job_024_Mg_fe_-0.880_n4_generated_crystals_cif__gen_3,1.31711958528,job_058_Cr_fe_-1.423_n4_generated_crystals_cif__gen_0,1.66554560378,no_shared_cluster,D:\User\leoluis0705\Documents\xwechat_files\wxid_bbzc35ridmlc22_e97b\msg\file\2026-04\initial_1000_raw_generations.zip::raw_generations/job_004_Mg_fe_-1.439_n4/generated_crystals_cif.zip::gen_1.cif,raw_generations/job_004_Mg_fe_-1.439_n4/generated_crystals_cif.zip,gen_1.cif,True,False,True,2,0.651052398728,-1.4495685863,0.570431413697,0.650431413697,False,4.56519633561,F,True,False,319,1,P1,1.910206,10.632533
job_005_Al_fe_-1.478_n4_generated_crystals_cif__gen_0,D:\CGCNN_Formation_Energy_AL_Archive\experiments\reproducibility\staging\paired_confirmation_server_20260712\EARLY_LiM2O4_ALIGNN_HARD640_m2p18_m2p02_FLAT_20260617\job_005_Al_fe_-1.478_n4_generated_crystals_cif__gen_0.cif,True,1dcde2570dc45c7dbcf7c4fc96fcb701fd884fe3615083a85d8338e34bde99d0,Li1 Al2 O4,LiAl2O4,Al,LiAl2O4,-2.93074154854,,0.465026779105,saved CGCNN MC-dropout sigma; candidate-level ALIGNN uncertainty not available,-2.55215024948,0.465026779105,0.378591299057,0.0855344948443,275,0,-4.69213467836,A,True,False,420,27,320,20,7bf28532224ef453e4e0cf2e8f6e7e8e42454455dce231119b096bba81a87b83,"Li/M/O role-RDF: six unordered pairs, 0-6 A in 0.2-A bins; scale-free sorted lattice lengths, angles, and normalized volume",SM_Al_001,1,FP_009,3,recurring_density_cluster,job_031_Al_fe_-1.055_n4_generated_crystals_cif__gen_0,0.992123273496,job_148_Mn_fe_-0.904_n4_generated_crystals_cif__gen_2,1.11136433317,no_shared_cluster,D:\User\leoluis0705\Documents\xwechat_files\wxid_bbzc35ridmlc22_e97b\msg\file\2026-04\initial_1000_raw_generations.zip::raw_generations/job_005_Al_fe_-1.478_n4/generated_crystals_cif.zip::gen_0.cif,raw_generations/job_005_Al_fe_-1.478_n4/generated_crystals_cif.zip,gen_0.cif,True,False,False,0,0,-2.93074154854,0.750741548538,0.830741548538,False,-4.69213467836,A,True,False,380,12,C2/m,1.810528,11.205703
job_005_Al_fe_-1.478_n4_generated_crystals_cif__gen_2,D:\CGCNN_Formation_Energy_AL_Archive\experiments\reproducibility\staging\paired_confirmation_server_20260712\EARLY_LiM2O4_ALIGNN_HARD640_m2p18_m2p02_FLAT_20260617\job_005_Al_fe_-1.478_n4_generated_crystals_cif__gen_2.cif,True,ab22c99f26c9901b30a7c9d0a39621e687ec7f42c39589ffe0d6945bbd472952,Li1 Al2 O4,LiAl2O4,Al,LiAl2O4,-3.0411131382,,0.483434343371,saved CGCNN MC-dropout sigma; candidate-level ALIGNN uncertainty not available,-2.51060795784,0.483434343371,0.530505180359,0.0919361872667,253,0,-5.38195711374,A,True,False,298,19,271,17,0a9316c97bd328d762d1090ad586770b0bcb35e033c87ad265a00d580f969366,"Li/M/O role-RDF: six unordered pairs, 0-6 A in 0.2-A bins; scale-free sorted lattice lengths, angles, and normalized volume",SM_Al_002,2,FP_SINGLETON_002,1,hdbscan_noise_singleton,job_049_Al_fe_-1.223_n4_generated_crystals_cif__gen_2,1.03346213768,job_214_Cr_fe_-0.857_n4_generated_crystals_cif__gen_0,1.30892198015,no_shared_cluster,D:\User\leoluis0705\Documents\xwechat_files\wxid_bbzc35ridmlc22_e97b\msg\file\2026-04\initial_1000_raw_generations.zip::raw_generations/job_005_Al_fe_-1.478_n4/generated_crystals_cif.zip::gen_2.cif,raw_generations/job_005_Al_fe_-1.478_n4/generated_crystals_cif.zip,gen_2.cif,True,False,False,0,0,-3.0411131382,0.861113138199,0.941113138199,False,-5.38195711374,A,True,False,388,160,R3m,1.711338,10.053634
job_006_Mn_fe_-1.347_n4_generated_crystals_cif__gen_0,D:\CGCNN_Formation_Energy_AL_Archive\experiments\reproducibility\staging\paired_confirmation_server_20260712\EARLY_LiM2O4_ALIGNN_HARD640_m2p18_m2p02_FLAT_20260617\job_006_Mn_fe_-1.347_n4_generated_crystals_cif__gen_0.cif,True,0ccbbbd01ba179ab8fa37ffc9c24fa2e878b7923f688336a14bf0095264629a9,Li1 Mn2 O4,LiMn2O4,Mn,LiMn2O4,-1.91787624359,,0.408719064065,saved CGCNN MC-dropout sigma; candidate-level ALIGNN uncertainty not available,-2.27494478226,0.408719064065,0.357068538666,0.141762274281,113,0,1.63827347755,F,True,False,217,14,70,5,a161a61c840ca43c3aefd660a913dbd1f4584ee025518b54054162c23cf17269,"Li/M/O role-RDF: six unordered pairs, 0-6 A in 0.2-A bins; scale-free sorted lattice lengths, angles, and normalized volume",SM_Mn_002,1,FP_SINGLETON_003,1,hdbscan_noise_singleton,job_000_Ti_fe_-1.422_n4_generated_crystals_cif__gen_0,0.908232761804,job_006_Mn_fe_-1.347_n4_generated_crystals_cif__gen_1,1.07402632242,no_shared_cluster,D:\User\leoluis0705\Documents\xwechat_files\wxid_bbzc35ridmlc22_e97b\msg\file\2026-04\initial_1000_raw_generations.zip::raw_generations/job_006_Mn_fe_-1.347_n4/generated_crystals_cif.zip::gen_0.cif,raw_generations/job_006_Mn_fe_-1.347_n4/generated_crystals_cif.zip,gen_0.cif,True,False,True,3,0.176542943114,-1.74133330048,0.278666699523,0.358666699523,False,2.74166687202,F,True,False,226,8,Cm,1.960566,11.151853
job_006_Mn_fe_-1.347_n4_generated_crystals_cif__gen_1,D:\CGCNN_Formation_Energy_AL_Archive\experiments\reproducibility\staging\paired_confirmation_server_20260712\EARLY_LiM2O4_ALIGNN_HARD640_m2p18_m2p02_FLAT_20260617\job_006_Mn_fe_-1.347_n4_generated_crystals_cif__gen_1.cif,True,7d477e8e15ee0d8b50ded2c3ba393d7b0879806265f82a5c7a4075aef534faec,Li1 Mn2 O4,LiMn2O4,Mn,LiMn2O4,-2.04933691025,,0.410337356663,saved CGCNN MC-dropout sigma; candidate-level ALIGNN uncertainty not available,-2.2268512249,0.410337356663,0.177514314651,0.147453196571,77,1,0.816644310951,E,True,False,163,11,72,5,a733ba35c019fbc1bf2a9ea614d14abd515bfba9d6bda3606c77fcdaf94f5d05,"Li/M/O role-RDF: six unordered pairs, 0-6 A in 0.2-A bins; scale-free sorted lattice lengths, angles, and normalized volume",SM_Mn_003,16,FP_SINGLETON_004,1,hdbscan_noise_singleton,job_162_Mn_fe_-1.493_n4_generated_crystals_cif__gen_2,0.393728292452,job_148_Mn_fe_-0.904_n4_generated_crystals_cif__gen_1,0.483406207799,historical_dft_candidate_self,D:\User\leoluis0705\Documents\xwechat_files\wxid_bbzc35ridmlc22_e97b\msg\file\2026-04\initial_1000_raw_generations.zip::raw_generations/job_006_Mn_fe_-1.347_n4/generated_crystals_cif.zip::gen_1.cif,raw_generations/job_006_Mn_fe_-1.347_n4/generated_crystals_cif.zip,gen_1.cif,True,True,True,3,0.176542943114,-1.87279396713,0.147206032866,0.227206032866,False,1.92003770541,F,True,False,105,2,P-1,1.939287,11.261086
job_006_Mn_fe_-1.347_n4_generated_crystals_cif__gen_2,D:\CGCNN_Formation_Energy_AL_Archive\experiments\reproducibility\staging\paired_confirmation_server_20260712\EARLY_LiM2O4_ALIGNN_HARD640_m2p18_m2p02_FLAT_20260617\job_006_Mn_fe_-1.347_n4_generated_crystals_cif__gen_2.cif,True,bcae1467b5eb770bb19c274ad2da64824b36534bdd4c62acef5c57b7045fe4de,Li1 Mn2 O4,LiMn2O4,Mn,LiMn2O4,-2.009329319,,0.459448285301,saved CGCNN MC-dropout sigma; candidate-level ALIGNN uncertainty not available,-2.22080230713,0.459448285301,0.211472988129,0.133580374144,161,0,1.06669175625,F,True,False,210,14,38,3,786d97e8d38b6aadc94395dc53afe5ef7393b470e0e0591f43586e8f59e1d63a,"Li/M/O role-RDF: six unordered pairs, 0-6 A in 0.2-A bins; scale-free sorted lattice lengths, angles, and normalized volume",SM_Mn_003,16,FP_010,7,recurring_density_cluster,job_065_Mn_fe_-1.024_n4_generated_crystals_cif__gen_2,0.21036951314,job_086_Mn_fe_-0.988_n4_generated_crystals_cif__gen_2,0.431878311801,same_structurematcher_cluster,D:\User\leoluis0705\Documents\xwechat_files\wxid_bbzc35ridmlc22_e97b\msg\file\2026-04\initial_1000_raw_generations.zip::raw_generations/job_006_Mn_fe_-1.347_n4/generated_crystals_cif.zip::gen_2.cif,raw_generations/job_006_Mn_fe_-1.347_n4/generated_crystals_cif.zip,gen_2.cif,True,False,True,3,0.176542943114,-1.83278637589,0.187213624114,0.267213624114,False,2.17008515071,F,True,False,159,1,P1,1.926167,11.006818
job_006_Mn_fe_-1.347_n4_generated_crystals_cif__gen_3,D:\CGCNN_Formation_Energy_AL_Archive\experiments\reproducibility\staging\paired_confirmation_server_20260712\EARLY_LiM2O4_ALIGNN_HARD640_m2p18_m2p02_FLAT_20260617\job_006_Mn_fe_-1.347_n4_generated_crystals_cif__gen_3.cif,True,b9f766150de5e238ead0aabdeadf6ec2615ede110838c691d9f5662b88280473,Li1 Mn2 O4,LiMn2O4,Mn,LiMn2O4,-2.01849651337,,0.581991373496,saved CGCNN MC-dropout sigma; candidate-level ALIGNN uncertainty not available,-2.22047901154,0.581991373496,0.201982498169,0.1070287432,239,0,1.00939679146,F,True,False,103,7,128,8,5d5db6f1da584889596918c6ac0f05f6fe7829213a3f1ced579de282536f7974,"Li/M/O role-RDF: six unordered pairs, 0-6 A in 0.2-A bins; scale-free sorted lattice lengths, angles, and normalized volume",SM_Mn_004,35,FP_011,18,recurring_density_cluster,job_020_Mn_fe_-0.989_n4_generated_crystals_cif__gen_1,0.176828176256,job_167_Mn_fe_-0.885_n4_generated_crystals_cif__gen_3,0.263669350121,same_structurematcher_cluster,D:\User\leoluis0705\Documents\xwechat_files\wxid_bbzc35ridmlc22_e97b\msg\file\2026-04\initial_1000_raw_generations.zip::raw_generations/job_006_Mn_fe_-1.347_n4/generated_crystals_cif.zip::gen_3.cif,raw_generations/job_006_Mn_fe_-1.347_n4/generated_crystals_cif.zip,gen_3.cif,True,False,True,3,0.176542943114,-1.84195357025,0.178046429747,0.258046429747,False,2.11279018592,F,True,False,141,1,P1,1.918828,10.71052
job_007_Mg_fe_-1.079_n4_generated_crystals_cif__gen_0,D:\CGCNN_Formation_Energy_AL_Archive\experiments\reproducibility\staging\paired_confirmation_server_20260712\EARLY_LiM2O4_ALIGNN_HARD640_m2p18_m2p02_FLAT_20260617\job_007_Mg_fe_-1.079_n4_generated_crystals_cif__gen_0.cif,True,5e193017aa6038ef0c43c26745809d1cc05d440fedfb3c96fc933b2326adb061,Li1 Mg2 O4,LiMg2O4,Mg,LiMg2O4,-2.29385995865,,0.380178346839,saved CGCNN MC-dropout sigma; candidate-level ALIGNN uncertainty not available,-3.16910910606,0.380178346839,0.875249147415,0.00338491793343,615,0,-0.711624741554,A,True,False,287,18,273,18,a997ceba12e977da9db7b7c326385c91d5224069717580732cd17b5368b19c4e,"Li/M/O role-RDF: six unordered pairs, 0-6 A in 0.2-A bins; scale-free sorted lattice lengths, angles, and normalized volume",SM_Mg_002,3,FP_SINGLETON_005,1,hdbscan_noise_singleton,job_036_Mg_fe_-1.056_n4_generated_crystals_cif__gen_1,0.0037154693225,job_101_Mg_fe_-1.339_n4_generated_crystals_cif__gen_1,0.681781697544,no_shared_cluster,D:\User\leoluis0705\Documents\xwechat_files\wxid_bbzc35ridmlc22_e97b\msg\file\2026-04\initial_1000_raw_generations.zip::raw_generations/job_007_Mg_fe_-1.079_n4/generated_crystals_cif.zip::gen_0.cif,raw_generations/job_007_Mg_fe_-1.079_n4/generated_crystals_cif.zip,gen_0.cif,True,False,True,2,0.651052398728,-1.64280755992,0.37719244008,0.45719244008,False,3.3574527505,F,True,False,242,123,P4/mmm,2.073701,10.388975
job_008_Mg_fe_-1.361_n4_generated_crystals_cif__gen_1,D:\CGCNN_Formation_Energy_AL_Archive\experiments\reproducibility\staging\paired_confirmation_server_20260712\EARLY_LiM2O4_ALIGNN_HARD640_m2p18_m2p02_FLAT_20260617\job_008_Mg_fe_-1.361_n4_generated_crystals_cif__gen_1.cif,True,245181ae7fe00bb9bb626d5575d646f821757001361c5a3b0b05cb503695403f,Li1 Mg2 O4,LiMg2O4,Mg,LiMg2O4,-2.19967246056,,0.520178759931,saved CGCNN MC-dropout sigma; candidate-level ALIGNN uncertainty not available,-3.06789302826,0.520178759931,0.868220567703,0.0219410911747,508,0,-0.122952878475,A,True,False,295,19,289,19,aee151b5a123804b02df096d16b65b677fa5c5375428604b78a0869476e9df5c,"Li/M/O role-RDF: six unordered pairs, 0-6 A in 0.2-A bins; scale-free sorted lattice lengths, angles, and normalized volume",SM_Mg_003,8,FP_012,3,recurring_density_cluster,job_192_Mg_fe_-1.475_n4_generated_crystals_cif__gen_0,0.311793230838,job_101_Mg_fe_-1.339_n4_generated_crystals_cif__gen_1,0.604131648769,same_structurematcher_cluster,D:\User\leoluis0705\Documents\xwechat_files\wxid_bbzc35ridmlc22_e97b\msg\file\2026-04\initial_1000_raw_generations.zip::raw_generations/job_008_Mg_fe_-1.361_n4/generated_crystals_cif.zip::gen_1.cif,raw_generations/job_008_Mg_fe_-1.361_n4/generated_crystals_cif.zip,gen_1.cif,True,False,True,2,0.651052398728,-1.54862006183,0.471379938172,0.551379938172,False,3.94612461358,F,True,False,254,12,C2/m,2.014694,10.460076
job_009_Ti_fe_-1.009_n4_generated_crystals_cif__gen_1,D:\CGCNN_Formation_Energy_AL_Archive\experiments\reproducibility\staging\paired_confirmation_server_20260712\EARLY_LiM2O4_ALIGNN_HARD640_m2p18_m2p02_FLAT_20260617\job_009_Ti_fe_-1.009_n4_generated_crystals_cif__gen_1.cif,True,4b03defe3da42ef822b5e8a9ac0f64e279a43c3c5e2f5fcde984ec34587b5d25,Li1 Ti2 O4,LiTi2O4,Ti,LiTi2O4,-3.16381716728,,0.416377463503,saved CGCNN MC-dropout sigma; candidate-level ALIGNN uncertainty not available,-3.25866985321,0.416377463503,0.0948526859283,0.00332480707795,617,0,-6.14885729551,A,True,False,416,26,627,40,0ae8aaf1c8a277ec32977351785117d5297c52dee13a64b85af4e7bcb2fc40e8,"Li/M/O role-RDF: six unordered pairs, 0-6 A in 0.2-A bins; scale-free sorted lattice lengths, angles, and normalized volume",SM_Ti_005,11,FP_013,10,recurring_density_cluster,job_180_Ti_fe_-0.903_n4_generated_crystals_cif__gen_0,0.0911915427374,job_167_Mn_fe_-0.885_n4_generated_crystals_cif__gen_3,0.603876535942,no_shared_cluster,D:\User\leoluis0705\Documents\xwechat_files\wxid_bbzc35ridmlc22_e97b\msg\file\2026-04\initial_1000_raw_generations.zip::raw_generations/job_009_Ti_fe_-1.009_n4/generated_crystals_cif.zip::gen_1.cif,raw_generations/job_009_Ti_fe_-1.009_n4/generated_crystals_cif.zip,gen_1.cif,True,False,False,0,0,-3.16381716728,0.983817167282,1.06381716728,False,-6.14885729551,A,True,False,496,10,P2/m,1.989843,10.952287
job_009_Ti_fe_-1.009_n4_generated_crystals_cif__gen_3,D:\CGCNN_Formation_Energy_AL_Archive\experiments\reproducibility\staging\paired_confirmation_server_20260712\EARLY_LiM2O4_ALIGNN_HARD640_m2p18_m2p02_FLAT_20260617\job_009_Ti_fe_-1.009_n4_generated_crystals_cif__gen_3.cif,True,ad84229a3c72cdba6b9fe18ae550b8b0becd22c37bbbde2da516d02b5968055b,Li1 Ti2 O4,LiTi2O4,Ti,LiTi2O4,-3.14448571205,,0.37981356099,saved CGCNN MC-dropout sigma; candidate-level ALIGNN uncertainty not available,-3.01569032669,0.37981356099,0.128795385361,0.00951718299631,550,0,-6.02803570032,A,True,False,444,28,308,20,7cd4b586efd941b7bb67eb932a0741310cdff200c4534fa1dcce0abff3a9abe9,"Li/M/O role-RDF: six unordered pairs, 0-6 A in 0.2-A bins; scale-free sorted lattice lengths, angles, and normalized volume",SM_Ti_006,1,FP_SINGLETON_006,1,hdbscan_noise_singleton,job_232_Mn_fe_-1.004_n4_generated_crystals_cif__gen_2,2.08660620582,job_086_Mn_fe_-0.988_n4_generated_crystals_cif__gen_2,2.38656182486,no_shared_cluster,D:\User\leoluis0705\Documents\xwechat_files\wxid_bbzc35ridmlc22_e97b\msg\file\2026-04\initial_1000_raw_generations.zip::raw_generations/job_009_Ti_fe_-1.009_n4/generated_crystals_cif.zip::gen_3.cif,raw_generations/job_009_Ti_fe_-1.009_n4/generated_crystals_cif.zip,gen_3.cif,True,False,False,0,0,-3.14448571205,0.964485712051,1.04448571205,False,-6.02803570032,A,True,False,449,156,P3m1,1.837721,11.221326
job_010_Al_fe_-1.346_n4_generated_crystals_cif__gen_0,D:\CGCNN_Formation_Energy_AL_Archive\experiments\reproducibility\staging\paired_confirmation_server_20260712\EARLY_LiM2O4_ALIGNN_HARD640_m2p18_m2p02_FLAT_20260617\job_010_Al_fe_-1.346_n4_generated_crystals_cif__gen_0.cif,True,d0655d4712d5936551268a95366b47ab4744e621c283d68c6c15388046ed3625,Li1 Al2 O4,LiAl2O4,Al,LiAl2O4,-3.16144537926,,0.514072951461,saved CGCNN MC-dropout sigma; candidate-level ALIGNN uncertainty not available,-2.60036563873,0.514072951461,0.561079740524,0.0773014671759,308,0,-6.13403362036,A,True,False,356,23,456,29,7118672bcfd5cca9b08a71faec3b4cda67d0aa0fcc3cbe77b6f17e93e117f925,"Li/M/O role-RDF: six unordered pairs, 0-6 A in 0.2-A bins; scale-free sorted lattice lengths, angles, and normalized volume",SM_Al_003,9,FP_014,3,recurring_density_cluster,job_055_Al_fe_-1.247_n4_generated_crystals_cif__gen_2,0.474988726506,job_120_Cr_fe_-1.424_n4_generated_crystals_cif__gen_1,1.31306958738,no_shared_cluster,D:\User\leoluis0705\Documents\xwechat_files\wxid_bbzc35ridmlc22_e97b\msg\file\2026-04\initial_1000_raw_generations.zip::raw_generations/job_010_Al_fe_-1.346_n4/generated_crystals_cif.zip::gen_0.cif,raw_generations/job_010_Al_fe_-1.346_n4/generated_crystals_cif.zip,gen_0.cif,True,False,False,0,0,-3.16144537926,0.981445379257,1.06144537926,False,-6.13403362036,A,True,False,490,1,P1,1.864131,8.906684
job_010_Al_fe_-1.346_n4_generated_crystals_cif__gen_2,D:\CGCNN_Formation_Energy_AL_Archive\experiments\reproducibility\staging\paired_confirmation_server_20260712\EARLY_LiM2O4_ALIGNN_HARD640_m2p18_m2p02_FLAT_20260617\job_010_Al_fe_-1.346_n4_generated_crystals_cif__gen_2.cif,True,74151d4ab6412d5c266395ffe6f105d2091d6cc9916aed3e05cd35f1b10e7498,Li1 Al2 O4,LiAl2O4,Al,LiAl2O4,-3.15758991241,,0.407585640045,saved CGCNN MC-dropout sigma; candidate-level ALIGNN uncertainty not available,-2.57169246674,0.407585640045,0.585897445679,0.0803363732825,298,0,-6.10993695259,A,True,False,452,29,439,28,7e7ba8db863565676b9ae5ae23bfcc276c64c3ed6bda6870e4b74f94b228b0a7,"Li/M/O role-RDF: six unordered pairs, 0-6 A in 0.2-A bins; scale-free sorted lattice lengths, angles, and normalized volume",SM_Al_004,8,FP_SINGLETON_007,1,hdbscan_noise_singleton,job_090_Al_fe_-0.837_n4_generated_crystals_cif__gen_1,0.413195940205,job_148_Mn_fe_-0.904_n4_generated_crystals_cif__gen_2,1.01402073151,no_shared_cluster,D:\User\leoluis0705\Documents\xwechat_files\wxid_bbzc35ridmlc22_e97b\msg\file\2026-04\initial_1000_raw_generations.zip::raw_generations/job_010_Al_fe_-1.346_n4/generated_crystals_cif.zip::gen_2.cif,raw_generations/job_010_Al_fe_-1.346_n4/generated_crystals_cif.zip,gen_2.cif,True,False,False,0,0,-3.15758991241,0.977589912415,1.05758991241,False,-6.10993695259,A,True,False,478,8,Cm,1.884803,9.947991
job_010_Al_fe_-1.346_n4_generated_crystals_cif__gen_3,D:\CGCNN_Formation_Energy_AL_Archive\experiments\reproducibility\staging\paired_confirmation_server_20260712\EARLY_LiM2O4_ALIGNN_HARD640_m2p18_m2p02_FLAT_20260617\job_010_Al_fe_-1.346_n4_generated_crystals_cif__gen_3.cif,True,e06347cde1f40a632c43db09404cf0a512f9ad477be4362c43f0879505b4f7eb,Li1 Al2 O4,LiAl2O4,Al,LiAl2O4,-3.15569257736,,0.510920454899,saved CGCNN MC-dropout sigma; candidate-level ALIGNN uncertainty not available,-2.56754159927,0.510920454899,0.588150978088,0.082138305274,293,0,-6.09807860851,A,True,False,265,17,46,3,76f7929a0a5d52a992649fc033f122314196ff60921cad5da9653aba91637fc8,"Li/M/O role-RDF: six unordered pairs, 0-6 A in 0.2-A bins; scale-free sorted lattice lengths, angles, and normalized volume",SM_Al_004,8,FP_015,5,recurring_density_cluster,job_049_Al_fe_-1.223_n4_generated_crystals_cif__gen_1,0.189591027174,job_148_Mn_fe_-0.904_n4_generated_crystals_cif__gen_2,1.05256943028,no_shared_cluster,D:\User\leoluis0705\Documents\xwechat_files\wxid_bbzc35ridmlc22_e97b\msg\file\2026-04\initial_1000_raw_generations.zip::raw_generations/job_010_Al_fe_-1.346_n4/generated_crystals_cif.zip::gen_3.cif,raw_generations/job_010_Al_fe_-1.346_n4/generated_crystals_cif.zip,gen_3.cif,True,False,False,0,0,-3.15569257736,0.975692577362,1.05569257736,False,-6.09807860851,A,True,False,475,8,Cm,1.878311,9.86988
job_011_Mg_fe_-1.305_n4_generated_crystals_cif__gen_0,D:\CGCNN_Formation_Energy_AL_Archive\experiments\reproducibility\staging\paired_confirmation_server_20260712\EARLY_LiM2O4_ALIGNN_HARD640_m2p18_m2p02_FLAT_20260617\job_011_Mg_fe_-1.305_n4_generated_crystals_cif__gen_0.cif,True,5f1b84fb96aabe84a71c405a3ce88ed6b55004f52c43975786477db888a555ac,Li1 Mg2 O4,LiMg2O4,Mg,LiMg2O4,-2.17930674553,,0.318283866207,saved CGCNN MC-dropout sigma; candidate-level ALIGNN uncertainty not available,-3.06341934204,0.318283866207,0.884112596512,0.00223301303238,622,1,0.00433284044266,B,True,False,253,16,279,18,9567ed9dd92e84a94d9a1719c81fa54ec0f28f8856716df88ebdd5543dfd2358,"Li/M/O role-RDF: six unordered pairs, 0-6 A in 0.2-A bins; scale-free sorted lattice lengths, angles, and normalized volume",SM_Mg_004,15,FP_016,8,recurring_density_cluster,job_230_Mg_fe_-1.419_n4_generated_crystals_cif__gen_3,0.148485074367,job_148_Mn_fe_-0.904_n4_generated_crystals_cif__gen_1,0.841421529704,historical_dft_candidate_self,D:\User\leoluis0705\Documents\xwechat_files\wxid_bbzc35ridmlc22_e97b\msg\file\2026-04\initial_1000_raw_generations.zip::raw_generations/job_011_Mg_fe_-1.305_n4/generated_crystals_cif.zip::gen_0.cif,raw_generations/job_011_Mg_fe_-1.305_n4/generated_crystals_cif.zip,gen_0.cif,True,True,True,2,0.651052398728,-1.5282543468,0.491745653199,0.571745653199,False,4.0734103325,F,True,False,262,44,Imm2,2.036904,10.888567
job_011_Mg_fe_-1.305_n4_generated_crystals_cif__gen_2,D:\CGCNN_Formation_Energy_AL_Archive\experiments\reproducibility\staging\paired_confirmation_server_20260712\EARLY_LiM2O4_ALIGNN_HARD640_m2p18_m2p02_FLAT_20260617\job_011_Mg_fe_-1.305_n4_generated_crystals_cif__gen_2.cif,True,d3113093a1b509f2238e0e30d3069bb267d4b03845d20fdd4b9dc46a1a5f860a,Li1 Mg2 O4,LiMg2O4,Mg,LiMg2O4,-2.22731494904,,0.418500051562,saved CGCNN MC-dropout sigma; candidate-level ALIGNN uncertainty not available,-3.09109950066,0.418500051562,0.86378455162,0.00949507086698,551,0,-0.295718431473,A,True,False,261,17,295,19,37acfc25af54550d66f6fbd21a74bd8f767524d84305b450c7d76fd229132743,"Li/M/O role-RDF: six unordered pairs, 0-6 A in 0.2-A bins; scale-free sorted lattice lengths, angles, and normalized volume",SM_Mg_004,15,FP_016,8,recurring_density_cluster,job_098_Mg_fe_-1.184_n4_generated_crystals_cif__gen_1,0.14629974373,job_011_Mg_fe_-1.305_n4_generated_crystals_cif__gen_0,0.355457018184,same_structurematcher_cluster,D:\User\leoluis0705\Documents\xwechat_files\wxid_bbzc35ridmlc22_e97b\msg\file\2026-04\initial_1000_raw_generations.zip::raw_generations/job_011_Mg_fe_-1.305_n4/generated_crystals_cif.zip::gen_2.cif,raw_generations/job_011_Mg_fe_-1.305_n4/generated_crystals_cif.zip,gen_2.cif,True,False,True,2,0.651052398728,-1.57626255031,0.443737449693,0.523737449693,False,3.77335906058,F,True,False,245,5,C2,2.028983,11.025191
job_012_Cr_fe_-1.495_n4_generated_crystals_cif__gen_0,D:\CGCNN_Formation_Energy_AL_Archive\experiments\reproducibility\staging\paired_confirmation_server_20260712\EARLY_LiM2O4_ALIGNN_HARD640_m2p18_m2p02_FLAT_20260617\job_012_Cr_fe_-1.495_n4_generated_crystals_cif__gen_0.cif,True,b757361728846d8b05724e722a7c3eae8b2244f368537a08bff5ecc82bfe68fe,Li1 Cr2 O4,LiCr2O4,Cr,LiCr2O4,-2.18317985535,,0.520992325728,saved CGCNN MC-dropout sigma; candidate-level ALIGNN uncertainty not available,-2.16954374313,0.520992325728,0.0136361122131,0.120963950642,216,0,-0.0198740959167,A,True,False,93,6,185,12,51278e23b200237cde77fcea1b45938fdc493aa153a86c0497782784425fb8aa,"Li/M/O role-RDF: six unordered pairs, 0-6 A in 0.2-A bins; scale-free sorted lattice lengths, angles, and normalized volume",SM_Cr_001,1,FP_SINGLETON_008,1,hdbscan_noise_singleton,job_242_Ti_fe_-1.214_n4_generated_crystals_cif__gen_0,0.442668409376,job_120_Cr_fe_-1.424_n4_generated_crystals_cif__gen_1,0.774382437459,no_shared_cluster,D:\User\leoluis0705\Documents\xwechat_files\wxid_bbzc35ridmlc22_e97b\msg\file\2026-04\initial_1000_raw_generations.zip::raw_generations/job_012_Cr_fe_-1.495_n4/generated_crystals_cif.zip::gen_0.cif,raw_generations/job_012_Cr_fe_-1.495_n4/generated_crystals_cif.zip,gen_0.cif,True,False,True,5,-0.102418564162,-2.28559841951,0.105598419509,0.185598419509,False,-0.65999012193,A,True,False,54,1,P1,1.867868,11.277602
job_012_Cr_fe_-1.495_n4_generated_crystals_cif__gen_3,D:\CGCNN_Formation_Energy_AL_Archive\experiments\reproducibility\staging\paired_confirmation_server_20260712\EARLY_LiM2O4_ALIGNN_HARD640_m2p18_m2p02_FLAT_20260617\job_012_Cr_fe_-1.495_n4_generated_crystals_cif__gen_3.cif,True,8593c814b4474ac0a72b22654a292d9ac92795d83788a516d57b525cbda4c8fc,Li1 Cr2 O4,LiCr2O4,Cr,LiCr2O4,-2.22217535973,,0.447725838268,saved CGCNN MC-dropout sigma; candidate-level ALIGNN uncertainty not available,-2.14723277092,0.447725838268,0.0749425888062,0.141033019994,121,0,-0.263595998287,A,True,False,102,7,68,5,46e20cfe81ea4345a2f25a8a0bbb538f8954b6a3c52f08520576696293e55c5d,"Li/M/O role-RDF: six unordered pairs, 0-6 A in 0.2-A bins; scale-free sorted lattice lengths, angles, and normalized volume",SM_Cr_002,15,FP_017,3,recurring_density_cluster,job_212_Cr_fe_-1.473_n4_generated_crystals_cif__gen_2,0.36063687405,job_204_Cr_fe_-0.932_n4_generated_crystals_cif__gen_3,0.539310509806,same_structurematcher_cluster,D:\User\leoluis0705\Documents\xwechat_files\wxid_bbzc35ridmlc22_e97b\msg\file\2026-04\initial_1000_raw_generations.zip::raw_generations/job_012_Cr_fe_-1.495_n4/generated_crystals_cif.zip::gen_3.cif,raw_generations/job_012_Cr_fe_-1.495_n4/generated_crystals_cif.zip,gen_3.cif,True,False,True,5,-0.102418564162,-2.32459392389,0.144593923888,0.224593923888,False,-0.903712024301,A,True,False,103,44,Imm2,1.969619,9.830353
job_013_Cr_fe_-1.388_n4_generated_crystals_cif__gen_0,D:\CGCNN_Formation_Energy_AL_Archive\experiments\reproducibility\staging\paired_confirmation_server_20260712\EARLY_LiM2O4_ALIGNN_HARD640_m2p18_m2p02_FLAT_20260617\job_013_Cr_fe_-1.388_n4_generated_crystals_cif__gen_0.cif,True,97326b9332ad197e85a1d34dfd69064296673947bc46fb5f2c7e6fd6a44c2b73,Li1 Cr2 O4,LiCr2O4,Cr,LiCr2O4,-2.21458888054,,0.585531320606,saved CGCNN MC-dropout sigma; candidate-level ALIGNN uncertainty not available,-2.1101539135,0.585531320606,0.104434967041,0.108658954915,232,0,-0.216180503368,A,True,False,27,2,179,12,0abb87872e18315a9846960f9f8ea5ec56cb155923d3121688bb6981ac943028,"Li/M/O role-RDF: six unordered pairs, 0-6 A in 0.2-A bins; scale-free sorted lattice lengths, angles, and normalized volume",SM_Cr_003,20,FP_SINGLETON_009,1,hdbscan_noise_singleton,job_208_Cr_fe_-1.031_n4_generated_crystals_cif__gen_2,0.238540302249,job_167_Mn_fe_-0.885_n4_generated_crystals_cif__gen_3,0.434279688331,same_structurematcher_cluster,D:\User\leoluis0705\Documents\xwechat_files\wxid_bbzc35ridmlc22_e97b\msg\file\2026-04\initial_1000_raw_generations.zip::raw_generations/job_013_Cr_fe_-1.388_n4/generated_crystals_cif.zip::gen_0.cif,raw_generations/job_013_Cr_fe_-1.388_n4/generated_crystals_cif.zip,gen_0.cif,True,False,True,5,-0.102418564162,-2.3170074447,0.137007444701,0.217007444701,False,-0.856296529382,A,True,False,98,10,P2/m,1.94479,10.719157
job_013_Cr_fe_-1.388_n4_generated_crystals_cif__gen_1,D:\CGCNN_Formation_Energy_AL_Archive\experiments\reproducibility\staging\paired_confirmation_server_20260712\EARLY_LiM2O4_ALIGNN_HARD640_m2p18_m2p02_FLAT_20260617\job_013_Cr_fe_-1.388_n4_generated_crystals_cif__gen_1.cif,True,ed8ccd2739e03c85e0e1887552982c08bfd783a2efaafba4ca3cf1a50948c866,Li1 Cr2 O4,LiCr2O4,Cr,LiCr2O4,-2.22999215126,,0.382488893555,saved CGCNN MC-dropout sigma; candidate-level ALIGNN uncertainty not available,-2.13617277145,0.382488893555,0.0938193798065,0.164945316338,19,0,-0.312450945377,A,True,False,80,5,176,11,1a6cff206ba142f2e060be1c86a7d02036f30184f5bfc0a06ba7316a0c7b4aaf,"Li/M/O role-RDF: six unordered pairs, 0-6 A in 0.2-A bins; scale-free sorted lattice lengths, angles, and normalized volume",SM_Cr_004,12,FP_018,7,recurring_density_cluster,job_212_Cr_fe_-1.473_n4_generated_crystals_cif__gen_0,0.0911600363499,job_136_Cr_fe_-1.181_n4_generated_crystals_cif__gen_0,0.501616607224,no_shared_cluster,D:\User\leoluis0705\Documents\xwechat_files\wxid_bbzc35ridmlc22_e97b\msg\file\2026-04\initial_1000_raw_generations.zip::raw_generations/job_013_Cr_fe_-1.388_n4/generated_crystals_cif.zip::gen_1.cif,raw_generations/job_013_Cr_fe_-1.388_n4/generated_crystals_cif.zip,gen_1.cif,True,False,True,5,-0.102418564162,-2.33241071542,0.152410715423,0.232410715423,False,-0.952566971391,A,True,False,107,8,Cm,1.97681,10.615965
job_013_Cr_fe_-1.388_n4_generated_crystals_cif__gen_2,D:\CGCNN_Formation_Energy_AL_Archive\experiments\reproducibility\staging\paired_confirmation_server_20260712\EARLY_LiM2O4_ALIGNN_HARD640_m2p18_m2p02_FLAT_20260617\job_013_Cr_fe_-1.388_n4_generated_crystals_cif__gen_2.cif,True,6613be44be6575280bdfcc918153bb7e5846e25eaab4fade97aca352bd5944e1,Li1 Cr2 O4,LiCr2O4,Cr,LiCr2O4,-2.17942452431,,0.474758986687,saved CGCNN MC-dropout sigma; candidate-level ALIGNN uncertainty not available,-2.15384078026,0.474758986687,0.0255837440491,0.132965531428,165,1,0.00359672307968,B,True,False,175,11,182,12,89a283825ea61d48311656240f0b048d847c49a98bc5b7927526adc660b2d1d4,"Li/M/O role-RDF: six unordered pairs, 0-6 A in 0.2-A bins; scale-free sorted lattice lengths, angles, and normalized volume",SM_Cr_005,12,FP_019,19,recurring_density_cluster,job_208_Cr_fe_-1.031_n4_generated_crystals_cif__gen_1,0.163785665752,job_120_Cr_fe_-1.424_n4_generated_crystals_cif__gen_1,0.237703489353,same_structurematcher_cluster,D:\User\leoluis0705\Documents\xwechat_files\wxid_bbzc35ridmlc22_e97b\msg\file\2026-04\initial_1000_raw_generations.zip::raw_generations/job_013_Cr_fe_-1.388_n4/generated_crystals_cif.zip::gen_2.cif,raw_generations/job_013_Cr_fe_-1.388_n4/generated_crystals_cif.zip,gen_2.cif,True,False,True,5,-0.102418564162,-2.28184308847,0.101843088469,0.181843088469,False,-0.636519302934,A,True,False,47,8,Cm,1.79641,10.050248
job_013_Cr_fe_-1.388_n4_generated_crystals_cif__gen_3,D:\CGCNN_Formation_Energy_AL_Archive\experiments\reproducibility\staging\paired_confirmation_server_20260712\EARLY_LiM2O4_ALIGNN_HARD640_m2p18_m2p02_FLAT_20260617\job_013_Cr_fe_-1.388_n4_generated_crystals_cif__gen_3.cif,True,f09aa1041b97fc03a6f96935da754d5cff92e1ac17f619790b051b987e833a18,Li1 Cr2 O4,LiCr2O4,Cr,LiCr2O4,-2.2124350071,,0.489399767782,saved CGCNN MC-dropout sigma; candidate-level ALIGNN uncertainty not available,-2.10840082169,0.489399767782,0.10403418541,0.129829141924,189,0,-0.202718794346,A,True,False,104,7,122,8,a383f34fc78c734f5966da0d148bd2d9f13ea57cb11c28bebbe5d01c7da216b1,"Li/M/O role-RDF: six unordered pairs, 0-6 A in 0.2-A bins; scale-free sorted lattice lengths, angles, and normalized volume",SM_Cr_003,20,FP_020,9,recurring_density_cluster,job_146_Cr_fe_-1.128_n4_generated_crystals_cif__gen_3,0.0715337497029,job_167_Mn_fe_-0.885_n4_generated_crystals_cif__gen_3,0.493818338011,same_structurematcher_cluster,D:\User\leoluis0705\Documents\xwechat_files\wxid_bbzc35ridmlc22_e97b\msg\file\2026-04\initial_1000_raw_generations.zip::raw_generations/job_013_Cr_fe_-1.388_n4/generated_crystals_cif.zip::gen_3.cif,raw_generations/job_013_Cr_fe_-1.388_n4/generated_crystals_cif.zip,gen_3.cif,True,False,True,5,-0.102418564162,-2.31485357126,0.134853571257,0.214853571257,False,-0.842834820359,A,True,False,94,6,Pm,1.942278,10.792846
job_014_Al_fe_-1.262_n4_generated_crystals_cif__gen_1,D:\CGCNN_Formation_Energy_AL_Archive\experiments\reproducibility\staging\paired_confirmation_server_20260712\EARLY_LiM2O4_ALIGNN_HARD640_m2p18_m2p02_FLAT_20260617\job_014_Al_fe_-1.262_n4_generated_crystals_cif__gen_1.cif,True,c9d1a9ee2612e22eeafe8c7d14d19ca2781e1b4a993e95ce4b3b325390384598,Li1 Al2 O4,LiAl2O4,Al,LiAl2O4,-3.14802479744,,0.455961797575,saved CGCNN MC-dropout sigma; candidate-level ALIGNN uncertainty not available,-2.58047294617,0.455961797575,0.567551851273,0.0803929762076,297,0,-6.050154984,A,True,False,579,37,459,29,6790fcad76b236d0f66baa506bb75bd332b9de7d92d3ba75863e716dd2f5925a,"Li/M/O role-RDF: six unordered pairs, 0-6 A in 0.2-A bins; scale-free sorted lattice lengths, angles, and normalized volume",SM_Al_003,9,FP_021,6,recurring_density_cluster,job_090_Al_fe_-0.837_n4_generated_crystals_cif__gen_3,0.488301193262,job_204_Cr_fe_-0.932_n4_generated_crystals_cif__gen_3,1.21500235426,no_shared_cluster,D:\User\leoluis0705\Documents\xwechat_files\wxid_bbzc35ridmlc22_e97b\msg\file\2026-04\initial_1000_raw_generations.zip::raw_generations/job_014_Al_fe_-1.262_n4/generated_crystals_cif.zip::gen_1.cif,raw_generations/job_014_Al_fe_-1.262_n4/generated_crystals_cif.zip,gen_1.cif,True,False,False,0,0,-3.14802479744,0.96802479744,1.04802479744,False,-6.050154984,A,True,False,458,1,P1,1.847897,8.769211
job_015_Ni_fe_-1.349_n4_generated_crystals_cif__gen_0,D:\CGCNN_Formation_Energy_AL_Archive\experiments\reproducibility\staging\paired_confirmation_server_20260712\EARLY_LiM2O4_ALIGNN_HARD640_m2p18_m2p02_FLAT_20260617\job_015_Ni_fe_-1.349_n4_generated_crystals_cif__gen_0.cif,True,13c72665cd257a20a8632e183afa10e4ce94381c17d0eec56a4b4dedd203f821,Li1 Ni2 O4,Li(NiO2)2,Ni,Li(NiO2)2,-1.07576918602,,0.522686671507,saved CGCNN MC-dropout sigma; candidate-level ALIGNN uncertainty not available,-1.46771931648,0.522686671507,0.391950130463,0.058858898898,404,0,6.90144258738,F,True,False,603,38,465,30,a72e59976845e08fd6dfb50985201b70b9c78b44f7b30409c012c479c9fdc019,"Li/M/O role-RDF: six unordered pairs, 0-6 A in 0.2-A bins; scale-free sorted lattice lengths, angles, and normalized volume",SM_Ni_001,14,FP_022,3,recurring_density_cluster,job_091_Ni_fe_-1.314_n4_generated_crystals_cif__gen_0,0.330642802672,job_120_Cr_fe_-1.424_n4_generated_crystals_cif__gen_1,0.86388065928,no_shared_cluster,D:\User\leoluis0705\Documents\xwechat_files\wxid_bbzc35ridmlc22_e97b\msg\file\2026-04\initial_1000_raw_generations.zip::raw_generations/job_015_Ni_fe_-1.349_n4/generated_crystals_cif.zip::gen_0.cif,raw_generations/job_015_Ni_fe_-1.349_n4/generated_crystals_cif.zip,gen_0.cif,True,False,False,0,0,-1.07576918602,0.94423081398,1.02423081398,False,6.90144258738,F,True,False,411,2,P-1,1.876176,10.051687
job_015_Ni_fe_-1.349_n4_generated_crystals_cif__gen_1,D:\CGCNN_Formation_Energy_AL_Archive\experiments\reproducibility\staging\paired_confirmation_server_20260712\EARLY_LiM2O4_ALIGNN_HARD640_m2p18_m2p02_FLAT_20260617\job_015_Ni_fe_-1.349_n4_generated_crystals_cif__gen_1.cif,True,35e8cc6da9d2df0b74e97585fe547573936111a15817e666390ceb3c7a1adb4a,Li1 Ni2 O4,Li(NiO2)2,Ni,Li(NiO2)2,-1.04986572266,,0.56646314772,saved CGCNN MC-dropout sigma; candidate-level ALIGNN uncertainty not available,-1.37722051144,0.56646314772,0.32735478878,0.0500300813942,470,0,7.0633392334,F,True,False,540,34,466,30,9f4d42666f0d062daf5fe4670e2b8e14c2cade744481b9999b8a21741352d34e,"Li/M/O role-RDF: six unordered pairs, 0-6 A in 0.2-A bins; scale-free sorted lattice lengths, angles, and normalized volume",SM_Ni_002,22,FP_023,4,recurring_density_cluster,job_038_Ni_fe_-1.176_n4_generated_crystals_cif__gen_0,0.246079677033,job_136_Cr_fe_-1.181_n4_generated_crystals_cif__gen_0,0.613061984374,no_shared_cluster,D:\User\leoluis0705\Documents\xwechat_files\wxid_bbzc35ridmlc22_e97b\msg\file\2026-04\initial_1000_raw_generations.zip::raw_generations/job_015_Ni_fe_-1.349_n4/generated_crystals_cif.zip::gen_1.cif,raw_generations/job_015_Ni_fe_-1.349_n4/generated_crystals_cif.zip,gen_1.cif,True,False,False,0,0,-1.04986572266,0.970134277344,1.05013427734,False,7.0633392334,F,True,False,469,1,P1,1.860869,9.865528
job_015_Ni_fe_-1.349_n4_generated_crystals_cif__gen_2,D:\CGCNN_Formation_Energy_AL_Archive\experiments\reproducibility\staging\paired_confirmation_server_20260712\EARLY_LiM2O4_ALIGNN_HARD640_m2p18_m2p02_FLAT_20260617\job_015_Ni_fe_-1.349_n4_generated_crystals_cif__gen_2.cif,True,5e4fff21af3ae19502d299bd4c338f9d6587f833aefb127f254bcfa803a3e370,Li1 Ni2 O4,Li(NiO2)2,Ni,Li(NiO2)2,-1.06646895409,,0.550313214362,saved CGCNN MC-dropout sigma; candidate-level ALIGNN uncertainty not available,-1.44281065464,0.550313214362,0.376341700554,0.0569356325685,417,0,6.95956903696,F,True,False,555,35,246,16,f842eaa554d2fd7008eed4ffe82ddb685cb6e62863ad9dddc956a2a3f9487735,"Li/M/O role-RDF: six unordered pairs, 0-6 A in 0.2-A bins; scale-free sorted lattice lengths, angles, and normalized volume",SM_Ni_003,30,FP_024,8,recurring_density_cluster,job_093_Ni_fe_-0.850_n4_generated_crystals_cif__gen_1,0.158423665644,job_120_Cr_fe_-1.424_n4_generated_crystals_cif__gen_1,0.649928630468,no_shared_cluster,D:\User\leoluis0705\Documents\xwechat_files\wxid_bbzc35ridmlc22_e97b\msg\file\2026-04\initial_1000_raw_generations.zip::raw_generations/job_015_Ni_fe_-1.349_n4/generated_crystals_cif.zip::gen_2.cif,raw_generations/job_015_Ni_fe_-1.349_n4/generated_crystals_cif.zip,gen_2.cif,True,False,False,0,0,-1.06646895409,0.953531045914,1.03353104591,False,6.95956903696,F,True,False,429,1,P1,1.842132,9.840391
job_015_Ni_fe_-1.349_n4_generated_crystals_cif__gen_3,D:\CGCNN_Formation_Energy_AL_Archive\experiments\reproducibility\staging\paired_confirmation_server_20260712\EARLY_LiM2O4_ALIGNN_HARD640_m2p18_m2p02_FLAT_20260617\job_015_Ni_fe_-1.349_n4_generated_crystals_cif__gen_3.cif,True,d363869e62b9dc1e29c896f223b0a65407f8a0687fb1b46381d0b32820bb57e3,Li1 Ni2 O4,Li(NiO2)2,Ni,Li(NiO2)2,-1.02842450142,,0.553909267828,saved CGCNN MC-dropout sigma; candidate-level ALIGNN uncertainty not available,-1.38379991055,0.553909267828,0.355375409126,0.0500685736971,469,0,7.19734686613,F,True,False,414,26,504,32,6833c2631665539364fc23e738797b43d0d2080a868a414e5f70e60fd9dae73f,"Li/M/O role-RDF: six unordered pairs, 0-6 A in 0.2-A bins; scale-free sorted lattice lengths, angles, and normalized volume",SM_Ni_003,30,FP_025,8,recurring_density_cluster,job_217_Ni_fe_-1.483_n4_generated_crystals_cif__gen_3,0.144107889963,job_136_Cr_fe_-1.181_n4_generated_crystals_cif__gen_0,0.469698150544,no_shared_cluster,D:\User\leoluis0705\Documents\xwechat_files\wxid_bbzc35ridmlc22_e97b\msg\file\2026-04\initial_1000_raw_generations.zip::raw_generations/job_015_Ni_fe_-1.349_n4/generated_crystals_cif.zip::gen_3.cif,raw_generations/job_015_Ni_fe_-1.349_n4/generated_crystals_cif.zip,gen_3.cif,True,False,False,0,0,-1.02842450142,0.991575498581,1.07157549858,False,7.19734686613,F,True,False,519,12,C2/m,1.895858,10.009347
job_016_Cr_fe_-1.264_n4_generated_crystals_cif__gen_1,D:\CGCNN_Formation_Energy_AL_Archive\experiments\reproducibility\staging\paired_confirmation_server_20260712\EARLY_LiM2O4_ALIGNN_HARD640_m2p18_m2p02_FLAT_20260617\job_016_Cr_fe_-1.264_n4_generated_crystals_cif__gen_1.cif,True,a9c1292c22a4eabf7159fb233396e2f725d8dbe463b688e88a2411577926f8f6,Li1 Cr2 O4,LiCr2O4,Cr,LiCr2O4,-2.21175265312,,0.476662443266,saved CGCNN MC-dropout sigma; candidate-level ALIGNN uncertainty not available,-2.11180448532,0.476662443266,0.0999481678009,0.133245371178,163,0,-0.198454082012,A,True,False,73,5,127,8,a3cd1cf8382a78b0ca473f0b9e619f9644c43d7b7d6867da03c0686efb17ab68,"Li/M/O role-RDF: six unordered pairs, 0-6 A in 0.2-A bins; scale-free sorted lattice lengths, angles, and normalized volume",SM_Cr_003,20,FP_020,9,recurring_density_cluster,job_208_Cr_fe_-1.031_n4_generated_crystals_cif__gen_2,0.142768436967,job_136_Cr_fe_-1.181_n4_generated_crystals_cif__gen_0,0.401781767645,same_structurematcher_cluster,D:\User\leoluis0705\Documents\xwechat_files\wxid_bbzc35ridmlc22_e97b\msg\file\2026-04\initial_1000_raw_generations.zip::raw_generations/job_016_Cr_fe_-1.264_n4/generated_crystals_cif.zip::gen_1.cif,raw_generations/job_016_Cr_fe_-1.264_n4/generated_crystals_cif.zip,gen_1.cif,True,False,True,5,-0.102418564162,-2.31417121728,0.134171217284,0.214171217284,False,-0.838570108026,A,True,False,93,2,P-1,1.952587,10.670673
job_016_Cr_fe_-1.264_n4_generated_crystals_cif__gen_2,D:\CGCNN_Formation_Energy_AL_Archive\experiments\reproducibility\staging\paired_confirmation_server_20260712\EARLY_LiM2O4_ALIGNN_HARD640_m2p18_m2p02_FLAT_20260617\job_016_Cr_fe_-1.264_n4_generated_crystals_cif__gen_2.cif,True,2afece50ed186f8fa1dd32f60521ab8cf5a8502d59db3dfccca530e19d65457c,Li1 Cr2 O4,LiCr2O4,Cr,LiCr2O4,-2.22020959854,,0.470807104536,saved CGCNN MC-dropout sigma; candidate-level ALIGNN uncertainty not available,-2.15200304985,0.470807104536,0.0682065486908,0.134114978267,149,0,-0.251309990883,A,True,False,106,7,99,7,ecb08f2512e5d378950ec351631b554a585536945580193070691c658fa08e43,"Li/M/O role-RDF: six unordered pairs, 0-6 A in 0.2-A bins; scale-free sorted lattice lengths, angles, and normalized volume",SM_Cr_002,15,FP_026,15,recurring_density_cluster,job_216_Cr_fe_-0.890_n4_generated_crystals_cif__gen_0,0.218950579727,job_204_Cr_fe_-0.932_n4_generated_crystals_cif__gen_3,0.930395504942,same_structurematcher_cluster,D:\User\leoluis0705\Documents\xwechat_files\wxid_bbzc35ridmlc22_e97b\msg\file\2026-04\initial_1000_raw_generations.zip::raw_generations/job_016_Cr_fe_-1.264_n4/generated_crystals_cif.zip::gen_2.cif,raw_generations/job_016_Cr_fe_-1.264_n4/generated_crystals_cif.zip,gen_2.cif,True,False,True,5,-0.102418564162,-2.3226281627,0.142628162703,0.222628162703,False,-0.891426016896,A,True,False,102,44,Imm2,1.946972,10.004222
job_016_Cr_fe_-1.264_n4_generated_crystals_cif__gen_3,D:\CGCNN_Formation_Energy_AL_Archive\experiments\reproducibility\staging\paired_confirmation_server_20260712\EARLY_LiM2O4_ALIGNN_HARD640_m2p18_m2p02_FLAT_20260617\job_016_Cr_fe_-1.264_n4_generated_crystals_cif__gen_3.cif,True,43b988cf2780ea75e2bfa73e9589c0c44884dc9a8f1357dcd4ced1c60cb24b3f,Li1 Cr2 O4,LiCr2O4,Cr,LiCr2O4,-2.18736338615,,0.45190006608,saved CGCNN MC-dropout sigma; candidate-level ALIGNN uncertainty not available,-2.1081366539,0.45190006608,0.079226732254,0.140492864622,127,0,-0.0460211634636,A,True,False,58,4,192,12,ba66f7f81847ac95168d3f074d3c9787d25c67ed1c0c7109ac1e2b5ce02a2fc6,"Li/M/O role-RDF: six unordered pairs, 0-6 A in 0.2-A bins; scale-free sorted lattice lengths, angles, and normalized volume",SM_Cr_006,14,FP_027,5,recurring_density_cluster,job_234_Cr_fe_-1.123_n4_generated_crystals_cif__gen_0,0.165811698893,job_249_Cr_fe_-1.500_n4_generated_crystals_cif__gen_1,0.837984405084,no_shared_cluster,D:\User\leoluis0705\Documents\xwechat_files\wxid_bbzc35ridmlc22_e97b\msg\file\2026-04\initial_1000_raw_generations.zip::raw_generations/job_016_Cr_fe_-1.264_n4/generated_crystals_cif.zip::gen_3.cif,raw_generations/job_016_Cr_fe_-1.264_n4/generated_crystals_cif.zip,gen_3.cif,True,False,True,5,-0.102418564162,-2.28978195032,0.109781950316,0.189781950316,False,-0.686137189477,A,True,False,56,8,Cm,1.939743,10.445444
job_017_Mn_fe_-1.234_n4_generated_crystals_cif__gen_0,D:\CGCNN_Formation_Energy_AL_Archive\experiments\reproducibility\staging\paired_confirmation_server_20260712\EARLY_LiM2O4_ALIGNN_HARD640_m2p18_m2p02_FLAT_20260617\job_017_Mn_fe_-1.234_n4_generated_crystals_cif__gen_0.cif,True,21e8fe9b1ba165b596d3322f21e4d41569da1acb3ba836115b2980339bbfe95a,Li1 Mn2 O4,LiMn2O4,Mn,LiMn2O4,-2.01871848106,,0.440409843585,saved CGCNN MC-dropout sigma; candidate-level ALIGNN uncertainty not available,-2.19846653938,0.440409843585,0.179748058319,0.140622264148,125,0,1.00800949335,F,True,False,72,5,30,2,ac44e9212705a6b4c2e71559bc9102eefda234bbdbaf937cc96cb07b6d1e1fd5,"Li/M/O role-RDF: six unordered pairs, 0-6 A in 0.2-A bins; scale-free sorted lattice lengths, angles, and normalized volume",SM_Mn_004,35,FP_011,18,recurring_density_cluster,job_176_Mn_fe_-0.980_n4_generated_crystals_cif__gen_1,0.243843883048,job_167_Mn_fe_-0.885_n4_generated_crystals_cif__gen_3,0.346425570102,same_structurematcher_cluster,D:\User\leoluis0705\Documents\xwechat_files\wxid_bbzc35ridmlc22_e97b\msg\file\2026-04\initial_1000_raw_generations.zip::raw_generations/job_017_Mn_fe_-1.234_n4/generated_crystals_cif.zip::gen_0.cif,raw_generations/job_017_Mn_fe_-1.234_n4/generated_crystals_cif.zip,gen_0.cif,True,False,True,3,0.176542943114,-1.84217553795,0.17782446205,0.25782446205,False,2.11140288781,F,True,False,138,2,P-1,1.915332,10.706988
job_017_Mn_fe_-1.234_n4_generated_crystals_cif__gen_1,D:\CGCNN_Formation_Energy_AL_Archive\experiments\reproducibility\staging\paired_confirmation_server_20260712\EARLY_LiM2O4_ALIGNN_HARD640_m2p18_m2p02_FLAT_20260617\job_017_Mn_fe_-1.234_n4_generated_crystals_cif__gen_1.cif,True,9aaa81e9b3292e88ddf20ab44b7ff4b7eb03abae429e2d838d29f1214adcd26e,Li1 Mn2 O4,LiMn2O4,Mn,LiMn2O4,-1.98760652542,,0.472613237621,saved CGCNN MC-dropout sigma; candidate-level ALIGNN uncertainty not available,-2.1614511013,0.472613237621,0.173844575882,0.133296252902,162,0,1.20245921612,F,True,False,13,1,144,9,f5d86b07bb61588b3e4e00ca73da2b092ad6deafaa0922d19172518d7ef6611b,"Li/M/O role-RDF: six unordered pairs, 0-6 A in 0.2-A bins; scale-free sorted lattice lengths, angles, and normalized volume",SM_Mn_005,9,FP_SINGLETON_010,1,hdbscan_noise_singleton,job_029_Cr_fe_-1.337_n4_generated_crystals_cif__gen_3,0.384987965718,job_249_Cr_fe_-1.500_n4_generated_crystals_cif__gen_1,0.772954006592,no_shared_cluster,D:\User\leoluis0705\Documents\xwechat_files\wxid_bbzc35ridmlc22_e97b\msg\file\2026-04\initial_1000_raw_generations.zip::raw_generations/job_017_Mn_fe_-1.234_n4/generated_crystals_cif.zip::gen_1.cif,raw_generations/job_017_Mn_fe_-1.234_n4/generated_crystals_cif.zip,gen_1.cif,True,False,True,3,0.176542943114,-1.81106358231,0.208936417693,0.288936417693,False,2.30585261058,F,True,False,192,1,P1,1.905567,10.481356
job_017_Mn_fe_-1.234_n4_generated_crystals_cif__gen_2,D:\CGCNN_Formation_Energy_AL_Archive\experiments\reproducibility\staging\paired_confirmation_server_20260712\EARLY_LiM2O4_ALIGNN_HARD640_m2p18_m2p02_FLAT_20260617\job_017_Mn_fe_-1.234_n4_generated_crystals_cif__gen_2.cif,True,d93578a990da2ea6f438e9ecd66ce71677fb5423a67f2f21019c1fb0ef43e3a1,Li1 Mn2 O4,LiMn2O4,Mn,LiMn2O4,-2.00868082047,,0.366224762254,saved CGCNN MC-dropout sigma; candidate-level ALIGNN uncertainty not available,-2.24817276001,0.366224762254,0.239491939545,0.159534501641,34,0,1.07074487209,F,True,False,205,13,82,6,d5812ad9bd50de1ce0e7506d62cc899a992e61abe1ff504d04f903fea7efb4a9,"Li/M/O role-RDF: six unordered pairs, 0-6 A in 0.2-A bins; scale-free sorted lattice lengths, angles, and normalized volume",SM_Mn_006,3,FP_005,3,recurring_density_cluster,job_030_Mn_fe_-1.234_n4_generated_crystals_cif__gen_3,0.599533641712,job_148_Mn_fe_-0.904_n4_generated_crystals_cif__gen_2,0.975534051894,no_shared_cluster,D:\User\leoluis0705\Documents\xwechat_files\wxid_bbzc35ridmlc22_e97b\msg\file\2026-04\initial_1000_raw_generations.zip::raw_generations/job_017_Mn_fe_-1.234_n4/generated_crystals_cif.zip::gen_2.cif,raw_generations/job_017_Mn_fe_-1.234_n4/generated_crystals_cif.zip,gen_2.cif,True,False,True,3,0.176542943114,-1.83213787735,0.187862122649,0.267862122649,False,2.17413826656,F,True,False,161,6,Pm,1.889327,9.964122
job_017_Mn_fe_-1.234_n4_generated_crystals_cif__gen_3,D:\CGCNN_Formation_Energy_AL_Archive\experiments\reproducibility\staging\paired_confirmation_server_20260712\EARLY_LiM2O4_ALIGNN_HARD640_m2p18_m2p02_FLAT_20260617\job_017_Mn_fe_-1.234_n4_generated_crystals_cif__gen_3.cif,True,15615e8cad2dd2c794966689c0ddf0c584c825af061e371deb7b2ac44df80bd2,Li1 Mn2 O4,LiMn2O4,Mn,LiMn2O4,-1.92237055302,,0.444427380099,saved CGCNN MC-dropout sigma; candidate-level ALIGNN uncertainty not available,-2.20969891548,0.444427380099,0.287328362465,0.138612142466,132,0,1.61018404365,F,True,False,214,14,24,2,0c903021c178cee31a1280f8cf5cd8bcfa83e2cd094f4d674c2321d9430bf3d1,"Li/M/O role-RDF: six unordered pairs, 0-6 A in 0.2-A bins; scale-free sorted lattice lengths, angles, and normalized volume",SM_Mn_007,7,FP_028,4,recurring_density_cluster,job_142_Mn_fe_-1.095_n4_generated_crystals_cif__gen_3,0.223314257667,job_214_Cr_fe_-0.857_n4_generated_crystals_cif__gen_0,1.03442258247,no_shared_cluster,D:\User\leoluis0705\Documents\xwechat_files\wxid_bbzc35ridmlc22_e97b\msg\file\2026-04\initial_1000_raw_generations.zip::raw_generations/job_017_Mn_fe_-1.234_n4/generated_crystals_cif.zip::gen_3.cif,raw_generations/job_017_Mn_fe_-1.234_n4/generated_crystals_cif.zip,gen_3.cif,True,False,True,3,0.176542943114,-1.7458276099,0.274172390098,0.354172390098,False,2.71357743811,F,True,False,221,1,P1,1.880962,10.056066
job_018_Co_fe_-0.907_n4_generated_crystals_cif__gen_0,D:\CGCNN_Formation_Energy_AL_Archive\experiments\reproducibility\staging\paired_confirmation_server_20260712\EARLY_LiM2O4_ALIGNN_HARD640_m2p18_m2p02_FLAT_20260617\job_018_Co_fe_-0.907_n4_generated_crystals_cif__gen_0.cif,True,2be6136eb8fc63854e7ec6b6c674c587040d2afb6dd327ed09eefd3ffd7401af,Li1 Co2 O4,Li(CoO2)2,Co,Li(CoO2)2,-1.46375012398,,0.472499276017,saved CGCNN MC-dropout sigma; candidate-level ALIGNN uncertainty not available,-1.54156088829,0.472499276017,0.0778107643127,0.0673162002687,369,0,4.47656172514,F,True,False,522,33,378,24,b8896753933db623e660afb0fd763a3419797d6f3858be3c71bce274c2e87858,"Li/M/O role-RDF: six unordered pairs, 0-6 A in 0.2-A bins; scale-free sorted lattice lengths, angles, and normalized volume",SM_Co_001,25,FP_029,5,recurring_density_cluster,job_053_Co_fe_-0.977_n4_generated_crystals_cif__gen_1,0.229480270368,job_148_Mn_fe_-0.904_n4_generated_crystals_cif__gen_2,0.649274248388,no_shared_cluster,D:\User\leoluis0705\Documents\xwechat_files\wxid_bbzc35ridmlc22_e97b\msg\file\2026-04\initial_1000_raw_generations.zip::raw_generations/job_018_Co_fe_-0.907_n4/generated_crystals_cif.zip::gen_0.cif,raw_generations/job_018_Co_fe_-0.907_n4/generated_crystals_cif.zip,gen_0.cif,True,False,False,0,0,-1.46375012398,0.556249876022,0.636249876022,False,4.47656172514,F,True,False,310,12,C2/m,1.904892,9.892284
job_018_Co_fe_-0.907_n4_generated_crystals_cif__gen_3,D:\CGCNN_Formation_Energy_AL_Archive\experiments\reproducibility\staging\paired_confirmation_server_20260712\EARLY_LiM2O4_ALIGNN_HARD640_m2p18_m2p02_FLAT_20260617\job_018_Co_fe_-0.907_n4_generated_crystals_cif__gen_3.cif,True,215274baa303288275c95fd7c048d1e0f8923c2eb055368c53e670a416ee2a7a,Li1 Co2 O4,Li(CoO2)2,Co,Li(CoO2)2,-1.41673970222,,0.516980744901,saved CGCNN MC-dropout sigma; candidate-level ALIGNN uncertainty not available,-1.6207473278,0.516980744901,0.20400762558,0.0802969486395,299,0,4.7703768611,F,True,False,321,21,420,27,0d224bc4e3d6dfbf72200282b48fcb65c86af339322ee3bea35c1f85cae0fac7,"Li/M/O role-RDF: six unordered pairs, 0-6 A in 0.2-A bins; scale-free sorted lattice lengths, angles, and normalized volume",SM_Co_002,1,FP_030,3,recurring_density_cluster,job_123_Ni_fe_-1.305_n4_generated_crystals_cif__gen_0,0.37296569915,job_029_Cr_fe_-1.337_n4_generated_crystals_cif__gen_2,0.695050531471,no_shared_cluster,D:\User\leoluis0705\Documents\xwechat_files\wxid_bbzc35ridmlc22_e97b\msg\file\2026-04\initial_1000_raw_generations.zip::raw_generations/job_018_Co_fe_-0.907_n4/generated_crystals_cif.zip::gen_3.cif,raw_generations/job_018_Co_fe_-0.907_n4/generated_crystals_cif.zip,gen_3.cif,True,False,False,0,0,-1.41673970222,0.603260297775,0.683260297775,False,4.7703768611,F,True,False,343,164,P-3m1,1.899119,9.913308
job_019_Mg_fe_-1.315_n4_generated_crystals_cif__gen_0,D:\CGCNN_Formation_Energy_AL_Archive\experiments\reproducibility\staging\paired_confirmation_server_20260712\EARLY_LiM2O4_ALIGNN_HARD640_m2p18_m2p02_FLAT_20260617\job_019_Mg_fe_-1.315_n4_generated_crystals_cif__gen_0.cif,True,3a0a3881c9e6e9e64a81fbcc6e05bc15eea4be53418a55cc7a89dbd991882fbc,Li1 Mg2 O4,LiMg2O4,Mg,LiMg2O4,-1.74645209312,,0.521546819126,saved CGCNN MC-dropout sigma; candidate-level ALIGNN uncertainty not available,-2.71844983101,0.521546819126,0.971997737885,0.0606856334527,396,0,2.70967441797,F,True,False,219,14,258,17,4b06de0fdafb4beb32727532bf68e9f30276efd2b2b5ec9c09cbbb90ea2a6790,"Li/M/O role-RDF: six unordered pairs, 0-6 A in 0.2-A bins; scale-free sorted lattice lengths, angles, and normalized volume",SM_Mg_005,2,FP_SINGLETON_011,1,hdbscan_noise_singleton,job_101_Mg_fe_-1.339_n4_generated_crystals_cif__gen_2,1.69076260499,job_120_Cr_fe_-1.424_n4_generated_crystals_cif__gen_1,1.96411100904,no_shared_cluster,D:\User\leoluis0705\Documents\xwechat_files\wxid_bbzc35ridmlc22_e97b\msg\file\2026-04\initial_1000_raw_generations.zip::raw_generations/job_019_Mg_fe_-1.315_n4/generated_crystals_cif.zip::gen_0.cif,raw_generations/job_019_Mg_fe_-1.315_n4/generated_crystals_cif.zip,gen_0.cif,True,False,True,2,0.651052398728,-1.0953996944,0.924600305604,1.0046003056,False,6.77875191003,F,True,False,397,1,P1,1.520788,11.984386
job_020_Mn_fe_-0.989_n4_generated_crystals_cif__gen_0,D:\CGCNN_Formation_Energy_AL_Archive\experiments\reproducibility\staging\paired_confirmation_server_20260712\EARLY_LiM2O4_ALIGNN_HARD640_m2p18_m2p02_FLAT_20260617\job_020_Mn_fe_-0.989_n4_generated_crystals_cif__gen_0.cif,True,5053b3d87925dd1289d064cae84253886d9f4f065bc7b7176eb5d45b92e85dac,Li1 Mn2 O4,LiMn2O4,Mn,LiMn2O4,-2.02191472054,,0.584918452019,saved CGCNN MC-dropout sigma; candidate-level ALIGNN uncertainty not available,-2.20742750168,0.584918452019,0.185512781143,0.106980144551,240,1,0.988032996655,E,True,False,167,11,34,3,46d5c731a78f720bb85ba2ff5afeab25008c941fc48091410fe629f8e5369a18,"Li/M/O role-RDF: six unordered pairs, 0-6 A in 0.2-A bins; scale-free sorted lattice lengths, angles, and normalized volume",SM_Mn_004,35,FP_011,18,recurring_density_cluster,job_195_Mn_fe_-1.284_n4_generated_crystals_cif__gen_1,0.263996469749,job_167_Mn_fe_-0.885_n4_generated_crystals_cif__gen_3,0.361598353466,same_structurematcher_cluster,D:\User\leoluis0705\Documents\xwechat_files\wxid_bbzc35ridmlc22_e97b\msg\file\2026-04\initial_1000_raw_generations.zip::raw_generations/job_020_Mn_fe_-0.989_n4/generated_crystals_cif.zip::gen_0.cif,raw_generations/job_020_Mn_fe_-0.989_n4/generated_crystals_cif.zip,gen_0.cif,True,False,True,3,0.176542943114,-1.84537177742,0.174628222579,0.254628222579,False,2.09142639112,F,True,False,134,1,P1,1.925373,10.984384
job_020_Mn_fe_-0.989_n4_generated_crystals_cif__gen_1,D:\CGCNN_Formation_Energy_AL_Archive\experiments\reproducibility\staging\paired_confirmation_server_20260712\EARLY_LiM2O4_ALIGNN_HARD640_m2p18_m2p02_FLAT_20260617\job_020_Mn_fe_-0.989_n4_generated_crystals_cif__gen_1.cif,True,0ce85b7361a87f55926b6ced6a7b1cf28fa839eac6dfac90cf36bec9c1b270a5,Li1 Mn2 O4,LiMn2O4,Mn,LiMn2O4,-2.02649188042,,0.408466514562,saved CGCNN MC-dropout sigma; candidate-level ALIGNN uncertainty not available,-2.19665241241,0.408466514562,0.170160531998,0.151043029541,66,1,0.959425747395,E,True,False,117,8,143,9,10d08c13355a902da67c32791bb4d2089ba5544c53065cada0866f4ea1988e38,"Li/M/O role-RDF: six unordered pairs, 0-6 A in 0.2-A bins; scale-free sorted lattice lengths, angles, and normalized volume",SM_Mn_004,35,FP_011,18,recurring_density_cluster,job_190_Mn_fe_-0.838_n4_generated_crystals_cif__gen_1,0.161672482787,job_167_Mn_fe_-0.885_n4_generated_crystals_cif__gen_3,0.19587600734,same_structurematcher_cluster,D:\User\leoluis0705\Documents\xwechat_files\wxid_bbzc35ridmlc22_e97b\msg\file\2026-04\initial_1000_raw_generations.zip::raw_generations/job_020_Mn_fe_-0.989_n4/generated_crystals_cif.zip::gen_1.cif,raw_generations/job_020_Mn_fe_-0.989_n4/generated_crystals_cif.zip,gen_1.cif,True,False,True,3,0.176542943114,-1.8499489373,0.170051062697,0.250051062697,False,2.06281914186,F,True,False,126,1,P1,1.915167,10.762415
job_020_Mn_fe_-0.989_n4_generated_crystals_cif__gen_3,D:\CGCNN_Formation_Energy_AL_Archive\experiments\reproducibility\staging\paired_confirmation_server_20260712\EARLY_LiM2O4_ALIGNN_HARD640_m2p18_m2p02_FLAT_20260617\job_020_Mn_fe_-0.989_n4_generated_crystals_cif__gen_3.cif,True,d6bdcb6a5bec336b837859b592c47446a25056360b502548c8059479ee1d239e,Li1 Mn2 O4,LiMn2O4,Mn,LiMn2O4,-1.99956417084,,0.455794612923,saved CGCNN MC-dropout sigma; candidate-level ALIGNN uncertainty not available,-2.24078154564,0.455794612923,0.241217374802,0.132901950811,166,0,1.12772393227,F,True,False,34,3,20,2,79b31c77b2a4194aff5befdf03f09c906c88b1e51c13bf67e2857b7a3a7a417a,"Li/M/O role-RDF: six unordered pairs, 0-6 A in 0.2-A bins; scale-free sorted lattice lengths, angles, and normalized volume",SM_Mn_008,9,FP_031,9,recurring_density_cluster,job_176_Mn_fe_-0.980_n4_generated_crystals_cif__gen_2,0.271182638315,job_120_Cr_fe_-1.424_n4_generated_crystals_cif__gen_1,0.612085625806,no_shared_cluster,D:\User\leoluis0705\Documents\xwechat_files\wxid_bbzc35ridmlc22_e97b\msg\file\2026-04\initial_1000_raw_generations.zip::raw_generations/job_020_Mn_fe_-0.989_n4/generated_crystals_cif.zip::gen_3.cif,raw_generations/job_020_Mn_fe_-0.989_n4/generated_crystals_cif.zip,gen_3.cif,True,False,True,3,0.176542943114,-1.82302122772,0.196978772277,0.276978772277,False,2.23111732673,F,True,False,178,1,P1,1.922844,11.650976
job_021_Mg_fe_-1.413_n4_generated_crystals_cif__gen_0,D:\CGCNN_Formation_Energy_AL_Archive\experiments\reproducibility\staging\paired_confirmation_server_20260712\EARLY_LiM2O4_ALIGNN_HARD640_m2p18_m2p02_FLAT_20260617\job_021_Mg_fe_-1.413_n4_generated_crystals_cif__gen_0.cif,True,3d3ebc368b1d947f7645d0117ba6e1d86ce47bf3d90c6ffb327182a4db79bccc,Li1 Mg2 O4,LiMg2O4,Mg,LiMg2O4,-2.30719065666,,0.419706125515,saved CGCNN MC-dropout sigma; candidate-level ALIGNN uncertainty not available,-3.2075009346,0.419706125515,0.900310277939,0.00484767831626,598,0,-0.794941604137,A,True,False,278,18,297,19,23bb6828aa8dd8d71210dab54f3a83d4dfd092347459c363db18a8c95891c1e1,"Li/M/O role-RDF: six unordered pairs, 0-6 A in 0.2-A bins; scale-free sorted lattice lengths, angles, and normalized volume",SM_Mg_002,3,FP_SINGLETON_012,1,hdbscan_noise_singleton,job_173_Mg_fe_-1.290_n4_generated_crystals_cif__gen_2,1.22828905731,job_101_Mg_fe_-1.339_n4_generated_crystals_cif__gen_1,1.2504295431,no_shared_cluster,D:\User\leoluis0705\Documents\xwechat_files\wxid_bbzc35ridmlc22_e97b\msg\file\2026-04\initial_1000_raw_generations.zip::raw_generations/job_021_Mg_fe_-1.413_n4/generated_crystals_cif.zip::gen_0.cif,raw_generations/job_021_Mg_fe_-1.413_n4/generated_crystals_cif.zip,gen_0.cif,True,False,True,2,0.651052398728,-1.65613825793,0.363861742066,0.443861742066,False,3.27413588792,F,True,False,241,47,Pmmm,2.096453,10.627643
job_021_Mg_fe_-1.413_n4_generated_crystals_cif__gen_3,D:\CGCNN_Formation_Energy_AL_Archive\experiments\reproducibility\staging\paired_confirmation_server_20260712\EARLY_LiM2O4_ALIGNN_HARD640_m2p18_m2p02_FLAT_20260617\job_021_Mg_fe_-1.413_n4_generated_crystals_cif__gen_3.cif,True,128a6c0116a760efd53c41e5b9a5e555be5cb6b735dd3e1265d61877fcc61a3d,Li1 Mg2 O4,LiMg2O4,Mg,LiMg2O4,-2.16379380226,,0.493304429841,saved CGCNN MC-dropout sigma; candidate-level ALIGNN uncertainty not available,-3.01178383827,0.493304429841,0.847990036011,0.0236940803981,505,1,0.101288735867,B,True,False,282,18,280,18,49280232143f27bf34999307b6b23deb4fc17fadbc1e83228807b754a745e22e,"Li/M/O role-RDF: six unordered pairs, 0-6 A in 0.2-A bins; scale-free sorted lattice lengths, angles, and normalized volume",SM_Mg_003,8,FP_032,5,recurring_density_cluster,job_101_Mg_fe_-1.339_n4_generated_crystals_cif__gen_1,0.408554775667,job_101_Mg_fe_-1.339_n4_generated_crystals_cif__gen_1,0.408554775667,same_structurematcher_cluster,D:\User\leoluis0705\Documents\xwechat_files\wxid_bbzc35ridmlc22_e97b\msg\file\2026-04\initial_1000_raw_generations.zip::raw_generations/job_021_Mg_fe_-1.413_n4/generated_crystals_cif.zip::gen_3.cif,raw_generations/job_021_Mg_fe_-1.413_n4/generated_crystals_cif.zip,gen_3.cif,True,False,True,2,0.651052398728,-1.51274140353,0.507258596467,0.587258596467,False,4.17036622792,F,True,False,273,8,Cm,1.970443,10.142321
job_022_Al_fe_-1.445_n4_generated_crystals_cif__gen_2,D:\CGCNN_Formation_Energy_AL_Archive\experiments\reproducibility\staging\paired_confirmation_server_20260712\EARLY_LiM2O4_ALIGNN_HARD640_m2p18_m2p02_FLAT_20260617\job_022_Al_fe_-1.445_n4_generated_crystals_cif__gen_2.cif,True,2b75e729abdc17407a7279c2d3ee55daf88e9189973ab166d3e1a5186a0917ae,Li1 Al2 O4,LiAl2O4,Al,LiAl2O4,-3.02045464516,,0.357727225378,saved CGCNN MC-dropout sigma; candidate-level ALIGNN uncertainty not available,-2.51747059822,0.357727225378,0.502984046936,0.0905778269042,258,0,-5.25284153223,A,True,False,378,24,270,17,3df0bc024054fad1435b11450cd99bb83e9907bc337cd9c4062947107b0ce228,"Li/M/O role-RDF: six unordered pairs, 0-6 A in 0.2-A bins; scale-free sorted lattice lengths, angles, and normalized volume",SM_Al_005,2,FP_009,3,recurring_density_cluster,job_031_Al_fe_-1.055_n4_generated_crystals_cif__gen_0,0.393599202784,job_006_Mn_fe_-1.347_n4_generated_crystals_cif__gen_1,1.08736340505,no_shared_cluster,D:\User\leoluis0705\Documents\xwechat_files\wxid_bbzc35ridmlc22_e97b\msg\file\2026-04\initial_1000_raw_generations.zip::raw_generations/job_022_Al_fe_-1.445_n4/generated_crystals_cif.zip::gen_2.cif,raw_generations/job_022_Al_fe_-1.445_n4/generated_crystals_cif.zip,gen_2.cif,True,False,False,0,0,-3.02045464516,0.840454645157,0.920454645157,False,-5.25284153223,A,True,False,386,1,P1,1.7899,11.028463
job_023_Co_fe_-0.919_n4_generated_crystals_cif__gen_0,D:\CGCNN_Formation_Energy_AL_Archive\experiments\reproducibility\staging\paired_confirmation_server_20260712\EARLY_LiM2O4_ALIGNN_HARD640_m2p18_m2p02_FLAT_20260617\job_023_Co_fe_-0.919_n4_generated_crystals_cif__gen_0.cif,True,a727e1241e8672e9c3e7b9c13cc8280070586b13223094f3e7f31354b4c9099f,Li1 Co2 O4,Li(CoO2)2,Co,Li(CoO2)2,-1.51429712772,,0.610862655003,saved CGCNN MC-dropout sigma; candidate-level ALIGNN uncertainty not available,-1.57241177559,0.610862655003,0.0581146478653,0.071910364369,331,0,4.16064295173,F,True,False,315,20,365,23,1307cec8d806517a8f44d5e68d6cb17d17a07f5ea9ff5e9b35fdbb049aaec5ae,"Li/M/O role-RDF: six unordered pairs, 0-6 A in 0.2-A bins; scale-free sorted lattice lengths, angles, and normalized volume",SM_Co_003,18,FP_033,3,recurring_density_cluster,job_135_Co_fe_-0.851_n4_generated_crystals_cif__gen_1,0.217593077241,job_148_Mn_fe_-0.904_n4_generated_crystals_cif__gen_2,1.08811928116,no_shared_cluster,D:\User\leoluis0705\Documents\xwechat_files\wxid_bbzc35ridmlc22_e97b\msg\file\2026-04\initial_1000_raw_generations.zip::raw_generations/job_023_Co_fe_-0.919_n4/generated_crystals_cif.zip::gen_0.cif,raw_generations/job_023_Co_fe_-0.919_n4/generated_crystals_cif.zip,gen_0.cif,True,False,False,0,0,-1.51429712772,0.505702872276,0.585702872276,False,4.16064295173,F,True,False,270,8,Cm,1.899011,9.751887
job_023_Co_fe_-0.919_n4_generated_crystals_cif__gen_1,D:\CGCNN_Formation_Energy_AL_Archive\experiments\reproducibility\staging\paired_confirmation_server_20260712\EARLY_LiM2O4_ALIGNN_HARD640_m2p18_m2p02_FLAT_20260617\job_023_Co_fe_-0.919_n4_generated_crystals_cif__gen_1.cif,True,1d8feef28f7d0575fbd07ee3ff0611708073089909e60279fd81c869e4f9b0af,Li1 Co2 O4,Li(CoO2)2,Co,Li(CoO2)2,-1.45483911037,,0.514742682682,saved CGCNN MC-dropout sigma; candidate-level ALIGNN uncertainty not available,-1.56123661995,0.514742682682,0.106397509575,0.0717323684731,335,0,4.53225556016,F,True,False,459,29,377,24,f09d444934000db91b4cd69c122a18feb1fc9c3aa3c220bdb22835a648352507,"Li/M/O role-RDF: six unordered pairs, 0-6 A in 0.2-A bins; scale-free sorted lattice lengths, angles, and normalized volume",SM_Co_001,25,FP_029,5,recurring_density_cluster,job_053_Co_fe_-0.977_n4_generated_crystals_cif__gen_1,0.123790532186,job_148_Mn_fe_-0.904_n4_generated_crystals_cif__gen_2,0.657437379458,no_shared_cluster,D:\User\leoluis0705\Documents\xwechat_files\wxid_bbzc35ridmlc22_e97b\msg\file\2026-04\initial_1000_raw_generations.zip::raw_generations/job_023_Co_fe_-0.919_n4/generated_crystals_cif.zip::gen_1.cif,raw_generations/job_023_Co_fe_-0.919_n4/generated_crystals_cif.zip,gen_1.cif,True,False,False,0,0,-1.45483911037,0.565160889626,0.645160889626,False,4.53225556016,F,True,False,316,12,C2/m,1.917601,10.027017
job_023_Co_fe_-0.919_n4_generated_crystals_cif__gen_2,D:\CGCNN_Formation_Energy_AL_Archive\experiments\reproducibility\staging\paired_confirmation_server_20260712\EARLY_LiM2O4_ALIGNN_HARD640_m2p18_m2p02_FLAT_20260617\job_023_Co_fe_-0.919_n4_generated_crystals_cif__gen_2.cif,True,51e8465d94bb7f8570952846f0fb222f34cb0cf3931944f61624b27457b53f70,Li1 Co2 O4,Li(CoO2)2,Co,Li(CoO2)2,-1.45674657822,,0.442713134761,saved CGCNN MC-dropout sigma; candidate-level ALIGNN uncertainty not available,-1.56480503082,0.442713134761,0.108058452606,0.069604386228,359,0,4.52033388615,F,True,False,398,25,411,26,1db045fe57d496b694c2946a1a3e88704d131b7de7a09405d87f03c8b5068197,"Li/M/O role-RDF: six unordered pairs, 0-6 A in 0.2-A bins; scale-free sorted lattice lengths, angles, and normalized volume",SM_Co_001,25,FP_034,19,recurring_density_cluster,job_025_Co_fe_-1.096_n4_generated_crystals_cif__gen_0,0.177855235201,job_136_Cr_fe_-1.181_n4_generated_crystals_cif__gen_0,0.595340059597,no_shared_cluster,D:\User\leoluis0705\Documents\xwechat_files\wxid_bbzc35ridmlc22_e97b\msg\file\2026-04\initial_1000_raw_generations.zip::raw_generations/job_023_Co_fe_-0.919_n4/generated_crystals_cif.zip::gen_2.cif,raw_generations/job_023_Co_fe_-0.919_n4/generated_crystals_cif.zip,gen_2.cif,True,False,False,0,0,-1.45674657822,0.563253421783,0.643253421783,False,4.52033388615,F,True,False,314,1,P1,1.90962,9.877702
job_023_Co_fe_-0.919_n4_generated_crystals_cif__gen_3,D:\CGCNN_Formation_Energy_AL_Archive\experiments\reproducibility\staging\paired_confirmation_server_20260712\EARLY_LiM2O4_ALIGNN_HARD640_m2p18_m2p02_FLAT_20260617\job_023_Co_fe_-0.919_n4_generated_crystals_cif__gen_3.cif,True,98fe74b0e2d2327790fdb8829c40e6414479211a4259a528890beb8823e2ae4b,Li1 Co2 O4,Li(CoO2)2,Co,Li(CoO2)2,-1.44808530807,,0.55799505841,saved CGCNN MC-dropout sigma; candidate-level ALIGNN uncertainty not available,-1.56220436096,0.55799505841,0.114119052887,0.071875514747,332,0,4.57446682453,F,True,False,377,24,410,26,5b88fa217e550e7be013f788a4fcb05e2435eb06f3933f321896f32673eed81c,"Li/M/O role-RDF: six unordered pairs, 0-6 A in 0.2-A bins; scale-free sorted lattice lengths, angles, and normalized volume",SM_Co_001,25,FP_034,19,recurring_density_cluster,job_135_Co_fe_-0.851_n4_generated_crystals_cif__gen_2,0.092115857492,job_136_Cr_fe_-1.181_n4_generated_crystals_cif__gen_0,0.661155096702,no_shared_cluster,D:\User\leoluis0705\Documents\xwechat_files\wxid_bbzc35ridmlc22_e97b\msg\file\2026-04\initial_1000_raw_generations.zip::raw_generations/job_023_Co_fe_-0.919_n4/generated_crystals_cif.zip::gen_3.cif,raw_generations/job_023_Co_fe_-0.919_n4/generated_crystals_cif.zip,gen_3.cif,True,False,False,0,0,-1.44808530807,0.571914691925,0.651914691925,False,4.57446682453,F,True,False,321,8,Cm,1.915855,9.87273
job_024_Mg_fe_-0.880_n4_generated_crystals_cif__gen_0,D:\CGCNN_Formation_Energy_AL_Archive\experiments\reproducibility\staging\paired_confirmation_server_20260712\EARLY_LiM2O4_ALIGNN_HARD640_m2p18_m2p02_FLAT_20260617\job_024_Mg_fe_-0.880_n4_generated_crystals_cif__gen_0.cif,True,e31ef546cd0b5dbc12dc24ff8691047c9889dda7df6cdd43a80cd1106c2dcc1c,Li1 Mg2 O4,LiMg2O4,Mg,LiMg2O4,-2.18068552017,,0.513444626447,saved CGCNN MC-dropout sigma; candidate-level ALIGNN uncertainty not available,-3.06108570099,0.513444626447,0.880400180817,0.0217803768392,509,0,-0.00428450107574,A,True,False,248,16,283,18,06c222c92e6cc893f27e78c822e2e8e31fbca62510136e40c837bdf71f3d751e,"Li/M/O role-RDF: six unordered pairs, 0-6 A in 0.2-A bins; scale-free sorted lattice lengths, angles, and normalized volume",SM_Mg_004,15,FP_035,6,recurring_density_cluster,job_128_Mg_fe_-0.915_n4_generated_crystals_cif__gen_2,0.440156331769,job_011_Mg_fe_-1.305_n4_generated_crystals_cif__gen_0,0.736517685314,same_structurematcher_cluster,D:\User\leoluis0705\Documents\xwechat_files\wxid_bbzc35ridmlc22_e97b\msg\file\2026-04\initial_1000_raw_generations.zip::raw_generations/job_024_Mg_fe_-0.880_n4/generated_crystals_cif.zip::gen_0.cif,raw_generations/job_024_Mg_fe_-0.880_n4/generated_crystals_cif.zip,gen_0.cif,True,False,True,2,0.651052398728,-1.52963312144,0.490366878556,0.570366878556,False,4.06479299098,F,True,False,260,8,Cm,2.023712,10.952227
job_024_Mg_fe_-0.880_n4_generated_crystals_cif__gen_3,D:\CGCNN_Formation_Energy_AL_Archive\experiments\reproducibility\staging\paired_confirmation_server_20260712\EARLY_LiM2O4_ALIGNN_HARD640_m2p18_m2p02_FLAT_20260617\job_024_Mg_fe_-0.880_n4_generated_crystals_cif__gen_3.cif,True,37ee89b346b5021774944c231056882893de1d34cf579a71c8728f72fde019dd,Li1 Mg2 O4,LiMg2O4,Mg,LiMg2O4,-2.00435495377,,0.419964252567,saved CGCNN MC-dropout sigma; candidate-level ALIGNN uncertainty not available,-2.74834775925,0.419964252567,0.743992805481,0.0465444101662,486,0,1.09778153896,F,True,False,221,14,272,17,dd4e23a4a1c5e41b36c24107bd9137a6b40fe9ad3275e412be7a2c4a61d3bb14,"Li/M/O role-RDF: six unordered pairs, 0-6 A in 0.2-A bins; scale-free sorted lattice lengths, angles, and normalized volume",SM_Mg_006,1,FP_SINGLETON_013,1,hdbscan_noise_singleton,job_133_Mn_fe_-1.385_n4_generated_crystals_cif__gen_2,0.954729905354,job_058_Cr_fe_-1.423_n4_generated_crystals_cif__gen_0,1.23944473323,no_shared_cluster,D:\User\leoluis0705\Documents\xwechat_files\wxid_bbzc35ridmlc22_e97b\msg\file\2026-04\initial_1000_raw_generations.zip::raw_generations/job_024_Mg_fe_-0.880_n4/generated_crystals_cif.zip::gen_3.cif,raw_generations/job_024_Mg_fe_-0.880_n4/generated_crystals_cif.zip,gen_3.cif,True,False,True,2,0.651052398728,-1.35330255504,0.666697444963,0.746697444963,False,5.16685903102,F,True,False,362,8,Cm,1.859843,10.958678
job_025_Co_fe_-1.096_n4_generated_crystals_cif__gen_0,D:\CGCNN_Formation_Energy_AL_Archive\experiments\reproducibility\staging\paired_confirmation_server_20260712\EARLY_LiM2O4_ALIGNN_HARD640_m2p18_m2p02_FLAT_20260617\job_025_Co_fe_-1.096_n4_generated_crystals_cif__gen_0.cif,True,51544065ba40cb72365205f5e31bc3294d20a7577ec98be1b5de74a335e7695f,Li1 Co2 O4,Li(CoO2)2,Co,Li(CoO2)2,-1.49631357193,,0.511134765108,saved CGCNN MC-dropout sigma; candidate-level ALIGNN uncertainty not available,-1.54195547104,0.511134765108,0.0456418991089,0.0688644482063,362,0,4.27304017544,F,True,False,446,28,394,25,7c01bf04f28272268d8ad6c8850e634464c51a5333866f83d1deb6bafd370cf4,"Li/M/O role-RDF: six unordered pairs, 0-6 A in 0.2-A bins; scale-free sorted lattice lengths, angles, and normalized volume",SM_Co_001,25,FP_034,19,recurring_density_cluster,job_028_Co_fe_-0.810_n4_generated_crystals_cif__gen_0,0.126182096838,job_136_Cr_fe_-1.181_n4_generated_crystals_cif__gen_0,0.661187799845,no_shared_cluster,D:\User\leoluis0705\Documents\xwechat_files\wxid_bbzc35ridmlc22_e97b\msg\file\2026-04\initial_1000_raw_generations.zip::raw_generations/job_025_Co_fe_-1.096_n4/generated_crystals_cif.zip::gen_0.cif,raw_generations/job_025_Co_fe_-1.096_n4/generated_crystals_cif.zip,gen_0.cif,True,False,False,0,0,-1.49631357193,0.52368642807,0.60368642807,False,4.27304017544,F,True,False,296,8,Cm,1.907621,9.817663
job_025_Co_fe_-1.096_n4_generated_crystals_cif__gen_1,D:\CGCNN_Formation_Energy_AL_Archive\experiments\reproducibility\staging\paired_confirmation_server_20260712\EARLY_LiM2O4_ALIGNN_HARD640_m2p18_m2p02_FLAT_20260617\job_025_Co_fe_-1.096_n4_generated_crystals_cif__gen_1.cif,True,0a950bd7cc626b7fbeb4597877b42ce13e8d21c279d6b8a445b24a701c7d8c35,Li1 Co2 O4,Li(CoO2)2,Co,Li(CoO2)2,-1.44043755531,,0.689441142893,saved CGCNN MC-dropout sigma; candidate-level ALIGNN uncertainty not available,-1.56330037117,0.689441142893,0.122862815857,0.0683216944746,364,0,4.62226527929,F,True,False,468,30,413,26,083c651a0591d603caa2608e83b1e8ae0f746e746e82508bd62950fd3bf72c25,"Li/M/O role-RDF: six unordered pairs, 0-6 A in 0.2-A bins; scale-free sorted lattice lengths, angles, and normalized volume",SM_Co_001,25,FP_034,19,recurring_density_cluster,job_023_Co_fe_-0.919_n4_generated_crystals_cif__gen_3,0.10598024224,job_136_Cr_fe_-1.181_n4_generated_crystals_cif__gen_0,0.644595339505,no_shared_cluster,D:\User\leoluis0705\Documents\xwechat_files\wxid_bbzc35ridmlc22_e97b\msg\file\2026-04\initial_1000_raw_generations.zip::raw_generations/job_025_Co_fe_-1.096_n4/generated_crystals_cif.zip::gen_1.cif,raw_generations/job_025_Co_fe_-1.096_n4/generated_crystals_cif.zip,gen_1.cif,True,False,False,0,0,-1.44043755531,0.579562444687,0.659562444687,False,4.62226527929,F,True,False,324,12,C2/m,1.919013,9.887672
job_025_Co_fe_-1.096_n4_generated_crystals_cif__gen_2,D:\CGCNN_Formation_Energy_AL_Archive\experiments\reproducibility\staging\paired_confirmation_server_20260712\EARLY_LiM2O4_ALIGNN_HARD640_m2p18_m2p02_FLAT_20260617\job_025_Co_fe_-1.096_n4_generated_crystals_cif__gen_2.cif,True,e1013475759fb137283825d924a36a656e84370ec5a1a635021a9741018a8233,Li1 Co2 O4,Li(CoO2)2,Co,Li(CoO2)2,-1.42363357544,,0.702261090753,saved CGCNN MC-dropout sigma; candidate-level ALIGNN uncertainty not available,-1.59273123741,0.702261090753,0.169097661972,0.0699489481087,356,0,4.7272901535,F,True,False,432,27,416,26,a521e6dc412e6e0e472d0848a23e2668f73899c15d9ce0041817d4c4e1f3eeb1,"Li/M/O role-RDF: six unordered pairs, 0-6 A in 0.2-A bins; scale-free sorted lattice lengths, angles, and normalized volume",SM_Co_004,18,FP_SINGLETON_014,1,hdbscan_noise_singleton,job_057_Mn_fe_-0.971_n4_generated_crystals_cif__gen_1,0.425588892626,job_136_Cr_fe_-1.181_n4_generated_crystals_cif__gen_0,0.460554997381,no_shared_cluster,D:\User\leoluis0705\Documents\xwechat_files\wxid_bbzc35ridmlc22_e97b\msg\file\2026-04\initial_1000_raw_generations.zip::raw_generations/job_025_Co_fe_-1.096_n4/generated_crystals_cif.zip::gen_2.cif,raw_generations/job_025_Co_fe_-1.096_n4/generated_crystals_cif.zip,gen_2.cif,True,False,False,0,0,-1.42363357544,0.596366424561,0.676366424561,False,4.7272901535,F,True,False,339,6,Pm,1.896001,10.496816
job_025_Co_fe_-1.096_n4_generated_crystals_cif__gen_3,D:\CGCNN_Formation_Energy_AL_Archive\experiments\reproducibility\staging\paired_confirmation_server_20260712\EARLY_LiM2O4_ALIGNN_HARD640_m2p18_m2p02_FLAT_20260617\job_025_Co_fe_-1.096_n4_generated_crystals_cif__gen_3.cif,True,646cf5da62cba6edabd5ffd51016b4283da7f81a0f6f84ff4ee4b6d911d9c82f,Li1 Co2 O4,Li(CoO2)2,Co,Li(CoO2)2,-1.35997033119,,0.448302972731,saved CGCNN MC-dropout sigma; candidate-level ALIGNN uncertainty not available,-1.66014504433,0.448302972731,0.300174713135,0.0879681185484,263,0,5.12518543005,F,True,False,506,32,421,27,c2826949f1d8e5669688727e5a5ddce39fbcb24afa615ea2fa38daca0559da5b,"Li/M/O role-RDF: six unordered pairs, 0-6 A in 0.2-A bins; scale-free sorted lattice lengths, angles, and normalized volume",SM_Co_005,1,FP_036,16,recurring_density_cluster,job_058_Cr_fe_-1.423_n4_generated_crystals_cif__gen_3,0.438107197953,job_148_Mn_fe_-0.904_n4_generated_crystals_cif__gen_2,0.813838018392,no_shared_cluster,D:\User\leoluis0705\Documents\xwechat_files\wxid_bbzc35ridmlc22_e97b\msg\file\2026-04\initial_1000_raw_generations.zip::raw_generations/job_025_Co_fe_-1.096_n4/generated_crystals_cif.zip::gen_3.cif,raw_generations/job_025_Co_fe_-1.096_n4/generated_crystals_cif.zip,gen_3.cif,True,False,False,0,0,-1.35997033119,0.660029668808,0.740029668808,False,5.12518543005,F,True,False,358,8,Cm,1.852149,10.724291
job_026_Ti_fe_-1.451_n4_generated_crystals_cif__gen_0,D:\CGCNN_Formation_Energy_AL_Archive\experiments\reproducibility\staging\paired_confirmation_server_20260712\EARLY_LiM2O4_ALIGNN_HARD640_m2p18_m2p02_FLAT_20260617\job_026_Ti_fe_-1.451_n4_generated_crystals_cif__gen_0.cif,True,db5136bf8b497fc60a8f3040942d7beb0d6af4d9201730c57990f9c62bd4ba41,Li1 Ti2 O4,LiTi2O4,Ti,LiTi2O4,-3.21511149406,,0.480155737493,saved CGCNN MC-dropout sigma; candidate-level ALIGNN uncertainty not available,-3.38053131104,0.480155737493,0.165419816971,0.00390256969796,606,0,-6.4694468379,A,True,False,576,36,581,37,515f370b9c6fcf08760b3fd91c6ffbd86dbd71e07e866197c484b06b7a5be022,"Li/M/O role-RDF: six unordered pairs, 0-6 A in 0.2-A bins; scale-free sorted lattice lengths, angles, and normalized volume",SM_Ti_002,41,FP_037,5,recurring_density_cluster,job_221_Ti_fe_-1.143_n4_generated_crystals_cif__gen_3,0.101083360817,job_011_Mg_fe_-1.305_n4_generated_crystals_cif__gen_0,0.564703634574,no_shared_cluster,D:\User\leoluis0705\Documents\xwechat_files\wxid_bbzc35ridmlc22_e97b\msg\file\2026-04\initial_1000_raw_generations.zip::raw_generations/job_026_Ti_fe_-1.451_n4/generated_crystals_cif.zip::gen_0.cif,raw_generations/job_026_Ti_fe_-1.451_n4/generated_crystals_cif.zip,gen_0.cif,True,False,False,0,0,-3.21511149406,1.03511149406,1.11511149406,False,-6.4694468379,A,True,False,583,8,Cm,2.015376,10.195639
job_026_Ti_fe_-1.451_n4_generated_crystals_cif__gen_2,D:\CGCNN_Formation_Energy_AL_Archive\experiments\reproducibility\staging\paired_confirmation_server_20260712\EARLY_LiM2O4_ALIGNN_HARD640_m2p18_m2p02_FLAT_20260617\job_026_Ti_fe_-1.451_n4_generated_crystals_cif__gen_2.cif,True,ac3270bd362821a0b682f88c77321f3db76b340c945e5156589654571f307bb2,Li1 Ti2 O4,LiTi2O4,Ti,LiTi2O4,-3.20827507973,,0.581027355693,saved CGCNN MC-dropout sigma; candidate-level ALIGNN uncertainty not available,-3.37498807907,0.581027355693,0.166712999344,0.0100095634762,548,0,-6.42671924829,A,True,False,566,36,617,39,77702595cb4c48d926ddf316c7d26c7b95769629aba54e2422510a7ecbd19ea5,"Li/M/O role-RDF: six unordered pairs, 0-6 A in 0.2-A bins; scale-free sorted lattice lengths, angles, and normalized volume",SM_Ti_002,41,FP_038,19,recurring_density_cluster,job_027_Ti_fe_-1.340_n4_generated_crystals_cif__gen_2,0.322972225695,job_148_Mn_fe_-0.904_n4_generated_crystals_cif__gen_2,0.847311964034,no_shared_cluster,D:\User\leoluis0705\Documents\xwechat_files\wxid_bbzc35ridmlc22_e97b\msg\file\2026-04\initial_1000_raw_generations.zip::raw_generations/job_026_Ti_fe_-1.451_n4/generated_crystals_cif.zip::gen_2.cif,raw_generations/job_026_Ti_fe_-1.451_n4/generated_crystals_cif.zip,gen_2.cif,True,False,False,0,0,-3.20827507973,1.02827507973,1.10827507973,False,-6.42671924829,A,True,False,573,8,Cm,1.9578,10.255705
job_026_Ti_fe_-1.451_n4_generated_crystals_cif__gen_3,D:\CGCNN_Formation_Energy_AL_Archive\experiments\reproducibility\staging\paired_confirmation_server_20260712\EARLY_LiM2O4_ALIGNN_HARD640_m2p18_m2p02_FLAT_20260617\job_026_Ti_fe_-1.451_n4_generated_crystals_cif__gen_3.cif,True,42d6c57120a0ea7194cf44ffc708d0f6cca623e33e6697a10a43b986f2e93d32,Li1 Ti2 O4,LiTi2O4,Ti,LiTi2O4,-3.17325997353,,0.401789432781,saved CGCNN MC-dropout sigma; candidate-level ALIGNN uncertainty not available,-3.14707016945,0.401789432781,0.0261898040771,0.00552927065879,594,0,-6.20787483454,A,True,False,393,25,550,35,4ffd8940cbd56ec03906d3c92ef149b3611884801d0154da0fae3ad428a16b03,"Li/M/O role-RDF: six unordered pairs, 0-6 A in 0.2-A bins; scale-free sorted lattice lengths, angles, and normalized volume",SM_Ti_007,9,FP_039,9,recurring_density_cluster,job_222_Ti_fe_-0.813_n4_generated_crystals_cif__gen_3,0.162082568506,job_249_Cr_fe_-1.500_n4_generated_crystals_cif__gen_1,0.829493033771,no_shared_cluster,D:\User\leoluis0705\Documents\xwechat_files\wxid_bbzc35ridmlc22_e97b\msg\file\2026-04\initial_1000_raw_generations.zip::raw_generations/job_026_Ti_fe_-1.451_n4/generated_crystals_cif.zip::gen_3.cif,raw_generations/job_026_Ti_fe_-1.451_n4/generated_crystals_cif.zip,gen_3.cif,True,False,False,0,0,-3.17325997353,0.993259973526,1.07325997353,False,-6.20787483454,A,True,False,526,8,Cm,1.94278,10.827675
job_027_Ti_fe_-1.340_n4_generated_crystals_cif__gen_0,D:\CGCNN_Formation_Energy_AL_Archive\experiments\reproducibility\staging\paired_confirmation_server_20260712\EARLY_LiM2O4_ALIGNN_HARD640_m2p18_m2p02_FLAT_20260617\job_027_Ti_fe_-1.340_n4_generated_crystals_cif__gen_0.cif,True,e274c4592749b40672648be275db4afffd22a55f80c5efea32bd332b01d6fa78,Li1 Ti2 O4,LiTi2O4,Ti,LiTi2O4,-3.21312856674,,0.508918824013,saved CGCNN MC-dropout sigma; candidate-level ALIGNN uncertainty not available,-3.36352920532,0.508918824013,0.15040063858,0.00587490324475,584,0,-6.45705354214,A,True,False,342,22,608,38,58420ce9656e7210f5d8bce6d9e5a8452f91d3d494822fd74920955319d2efff,"Li/M/O role-RDF: six unordered pairs, 0-6 A in 0.2-A bins; scale-free sorted lattice lengths, angles, and normalized volume",SM_Ti_002,41,FP_038,19,recurring_density_cluster,job_221_Ti_fe_-1.143_n4_generated_crystals_cif__gen_0,0.237188939615,job_011_Mg_fe_-1.305_n4_generated_crystals_cif__gen_0,0.79515362775,no_shared_cluster,D:\User\leoluis0705\Documents\xwechat_files\wxid_bbzc35ridmlc22_e97b\msg\file\2026-04\initial_1000_raw_generations.zip::raw_generations/job_027_Ti_fe_-1.340_n4/generated_crystals_cif.zip::gen_0.cif,raw_generations/job_027_Ti_fe_-1.340_n4/generated_crystals_cif.zip,gen_0.cif,True,False,False,0,0,-3.21312856674,1.03312856674,1.11312856674,False,-6.45705354214,A,True,False,578,1,P1,1.949702,10.21592
job_027_Ti_fe_-1.340_n4_generated_crystals_cif__gen_2,D:\CGCNN_Formation_Energy_AL_Archive\experiments\reproducibility\staging\paired_confirmation_server_20260712\EARLY_LiM2O4_ALIGNN_HARD640_m2p18_m2p02_FLAT_20260617\job_027_Ti_fe_-1.340_n4_generated_crystals_cif__gen_2.cif,True,fb8b339bd0b6f173e8c87eefdea5710deab6a60a81bf7813811684d61d8bfa6e,Li1 Ti2 O4,LiTi2O4,Ti,LiTi2O4,-3.20808267593,,0.457004090126,saved CGCNN MC-dropout sigma; candidate-level ALIGNN uncertainty not available,-3.36088418961,0.457004090126,0.152801513672,0.0032108173957,618,0,-6.42551672459,A,True,False,473,30,613,39,10ba419b0c302f5ca29272299697d61ccc5c69011740ec7a318b179807a5acb0,"Li/M/O role-RDF: six unordered pairs, 0-6 A in 0.2-A bins; scale-free sorted lattice lengths, angles, and normalized volume",SM_Ti_002,41,FP_038,19,recurring_density_cluster,job_040_Ti_fe_-1.018_n4_generated_crystals_cif__gen_1,0.206915513549,job_148_Mn_fe_-0.904_n4_generated_crystals_cif__gen_2,0.908494283981,no_shared_cluster,D:\User\leoluis0705\Documents\xwechat_files\wxid_bbzc35ridmlc22_e97b\msg\file\2026-04\initial_1000_raw_generations.zip::raw_generations/job_027_Ti_fe_-1.340_n4/generated_crystals_cif.zip::gen_2.cif,raw_generations/job_027_Ti_fe_-1.340_n4/generated_crystals_cif.zip,gen_2.cif,True,False,False,0,0,-3.20808267593,1.02808267593,1.10808267593,False,-6.42551672459,A,True,False,572,44,Imm2,1.949538,10.192515
job_027_Ti_fe_-1.340_n4_generated_crystals_cif__gen_3,D:\CGCNN_Formation_Energy_AL_Archive\experiments\reproducibility\staging\paired_confirmation_server_20260712\EARLY_LiM2O4_ALIGNN_HARD640_m2p18_m2p02_FLAT_20260617\job_027_Ti_fe_-1.340_n4_generated_crystals_cif__gen_3.cif,True,33d98cddb78bdfb55d0136ee318866da7a2e7610ca750b414690afd241e96946,Li1 Ti2 O4,LiTi2O4,Ti,LiTi2O4,-3.12755990028,,0.488312760309,saved CGCNN MC-dropout sigma; candidate-level ALIGNN uncertainty not available,-3.30035305023,0.488312760309,0.172793149948,0.00651478167939,576,0,-5.92224937677,A,True,False,597,38,552,35,d726338357307caf70a8737c8a3c8ab980f8e40854e82c19b2eb924dfe435b7d,"Li/M/O role-RDF: six unordered pairs, 0-6 A in 0.2-A bins; scale-free sorted lattice lengths, angles, and normalized volume",SM_Ti_008,5,FP_040,3,recurring_density_cluster,job_206_Ti_fe_-0.853_n4_generated_crystals_cif__gen_0,0.307090315768,job_214_Cr_fe_-0.857_n4_generated_crystals_cif__gen_0,0.819836846905,no_shared_cluster,D:\User\leoluis0705\Documents\xwechat_files\wxid_bbzc35ridmlc22_e97b\msg\file\2026-04\initial_1000_raw_generations.zip::raw_generations/job_027_Ti_fe_-1.340_n4/generated_crystals_cif.zip::gen_3.cif,raw_generations/job_027_Ti_fe_-1.340_n4/generated_crystals_cif.zip,gen_3.cif,True,False,False,0,0,-3.12755990028,0.947559900284,1.02755990028,False,-5.92224937677,A,True,False,416,8,Cm,1.881973,10.139341
job_028_Co_fe_-0.810_n4_generated_crystals_cif__gen_0,D:\CGCNN_Formation_Energy_AL_Archive\experiments\reproducibility\staging\paired_confirmation_server_20260712\EARLY_LiM2O4_ALIGNN_HARD640_m2p18_m2p02_FLAT_20260617\job_028_Co_fe_-0.810_n4_generated_crystals_cif__gen_0.cif,True,d6bec0d74db58745bf9afb03070729ca407e002087a26306c79299c2c73195f5,Li1 Co2 O4,Li(CoO2)2,Co,Li(CoO2)2,-1.44017887115,,0.381421572937,saved CGCNN MC-dropout sigma; candidate-level ALIGNN uncertainty not available,-1.5617609024,0.381421572937,0.12158203125,0.0622768862764,392,0,4.62388205528,F,True,False,494,31,403,26,c6549d2e40e22c0f4b09a8e7ada91c1ad4121e1bd7c94885bd6a9c33f7a939d2,"Li/M/O role-RDF: six unordered pairs, 0-6 A in 0.2-A bins; scale-free sorted lattice lengths, angles, and normalized volume",SM_Co_001,25,FP_034,19,recurring_density_cluster,job_075_Co_fe_-0.911_n4_generated_crystals_cif__gen_3,0.0984879774755,job_136_Cr_fe_-1.181_n4_generated_crystals_cif__gen_0,0.648903026687,no_shared_cluster,D:\User\leoluis0705\Documents\xwechat_files\wxid_bbzc35ridmlc22_e97b\msg\file\2026-04\initial_1000_raw_generations.zip::raw_generations/job_028_Co_fe_-0.810_n4/generated_crystals_cif.zip::gen_0.cif,raw_generations/job_028_Co_fe_-0.810_n4/generated_crystals_cif.zip,gen_0.cif,True,False,False,0,0,-1.44017887115,0.579821128845,0.659821128845,False,4.62388205528,F,True,False,325,12,C2/m,1.916835,9.933362
job_028_Co_fe_-0.810_n4_generated_crystals_cif__gen_1,D:\CGCNN_Formation_Energy_AL_Archive\experiments\reproducibility\staging\paired_confirmation_server_20260712\EARLY_LiM2O4_ALIGNN_HARD640_m2p18_m2p02_FLAT_20260617\job_028_Co_fe_-0.810_n4_generated_crystals_cif__gen_1.cif,True,21e4511791d74ee4bb59640fbc3b9810860c20869a381901402666e7fd58bab4,Li1 Co2 O4,Li(CoO2)2,Co,Li(CoO2)2,-1.43319392204,,0.533911156905,saved CGCNN MC-dropout sigma; candidate-level ALIGNN uncertainty not available,-1.67585158348,0.533911156905,0.242657661438,0.0870801098187,268,0,4.66753798723,F,True,False,453,29,336,21,71ee4ba71cf3300155b8d62f0cc0b150a5067a9a2cfa6d0145b4bec0dadfd572,"Li/M/O role-RDF: six unordered pairs, 0-6 A in 0.2-A bins; scale-free sorted lattice lengths, angles, and normalized volume",SM_Co_006,12,FP_041,12,recurring_density_cluster,job_108_Ni_fe_-1.123_n4_generated_crystals_cif__gen_2,0.206415657369,job_204_Cr_fe_-0.932_n4_generated_crystals_cif__gen_3,0.745766752373,no_shared_cluster,D:\User\leoluis0705\Documents\xwechat_files\wxid_bbzc35ridmlc22_e97b\msg\file\2026-04\initial_1000_raw_generations.zip::raw_generations/job_028_Co_fe_-0.810_n4/generated_crystals_cif.zip::gen_1.cif,raw_generations/job_028_Co_fe_-0.810_n4/generated_crystals_cif.zip,gen_1.cif,True,False,False,0,0,-1.43319392204,0.586806077957,0.666806077957,False,4.66753798723,F,True,False,331,8,Cm,1.917058,9.587018
job_028_Co_fe_-0.810_n4_generated_crystals_cif__gen_3,D:\CGCNN_Formation_Energy_AL_Archive\experiments\reproducibility\staging\paired_confirmation_server_20260712\EARLY_LiM2O4_ALIGNN_HARD640_m2p18_m2p02_FLAT_20260617\job_028_Co_fe_-0.810_n4_generated_crystals_cif__gen_3.cif,True,b24248191972f125a8a17f8489ff6f6b6f792a73a1df52572a808348ce387a62,Li1 Co2 O4,Li(CoO2)2,Co,Li(CoO2)2,-1.52382409573,,0.561561380707,saved CGCNN MC-dropout sigma; candidate-level ALIGNN uncertainty not available,-1.55604434013,0.561561380707,0.0322202444077,0.0710877214965,344,0,4.10109940171,F,True,False,440,28,358,23,38113fe45a61b6758636bbc6e8ce24cf4ea07030535e5eb11df8d14ee0cd5e42,"Li/M/O role-RDF: six unordered pairs, 0-6 A in 0.2-A bins; scale-free sorted lattice lengths, angles, and normalized volume",SM_Co_003,18,FP_042,3,recurring_density_cluster,job_237_Co_fe_-1.198_n4_generated_crystals_cif__gen_2,0.1422218234,job_148_Mn_fe_-0.904_n4_generated_crystals_cif__gen_2,1.12561553315,no_shared_cluster,D:\User\leoluis0705\Documents\xwechat_files\wxid_bbzc35ridmlc22_e97b\msg\file\2026-04\initial_1000_raw_generations.zip::raw_generations/job_028_Co_fe_-0.810_n4/generated_crystals_cif.zip::gen_3.cif,raw_generations/job_028_Co_fe_-0.810_n4/generated_crystals_cif.zip,gen_3.cif,True,False,False,0,0,-1.52382409573,0.496175904274,0.576175904274,False,4.10109940171,F,True,False,268,8,Cm,1.893923,9.730476
job_029_Cr_fe_-1.337_n4_generated_crystals_cif__gen_1,D:\CGCNN_Formation_Energy_AL_Archive\experiments\reproducibility\staging\paired_confirmation_server_20260712\EARLY_LiM2O4_ALIGNN_HARD640_m2p18_m2p02_FLAT_20260617\job_029_Cr_fe_-1.337_n4_generated_crystals_cif__gen_1.cif,True,1cbbcd701d0d49de36fa1de028be17ccbed2d565a25fa2361aefdfbb73651909,Li1 Cr2 O4,LiCr2O4,Cr,LiCr2O4,-2.17166018486,,0.432750356998,saved CGCNN MC-dropout sigma; candidate-level ALIGNN uncertainty not available,-2.09440398216,0.432750356998,0.0772562026978,0.146652237872,82,1,0.0521238446236,B,True,False,185,12,14,1,fb328c0b51ad41a5bca20716a0251dfcb0a18638bb3e164c62b5495230fd1992,"Li/M/O role-RDF: six unordered pairs, 0-6 A in 0.2-A bins; scale-free sorted lattice lengths, angles, and normalized volume",SM_Cr_006,14,FP_SINGLETON_015,1,hdbscan_noise_singleton,job_220_Cr_fe_-1.305_n4_generated_crystals_cif__gen_1,0.452191044849,job_249_Cr_fe_-1.500_n4_generated_crystals_cif__gen_1,0.819299184888,no_shared_cluster,D:\User\leoluis0705\Documents\xwechat_files\wxid_bbzc35ridmlc22_e97b\msg\file\2026-04\initial_1000_raw_generations.zip::raw_generations/job_029_Cr_fe_-1.337_n4/generated_crystals_cif.zip::gen_1.cif,raw_generations/job_029_Cr_fe_-1.337_n4/generated_crystals_cif.zip,gen_1.cif,True,False,True,5,-0.102418564162,-2.27407874902,0.094078749022,0.174078749022,False,-0.58799218139,A,True,False,39,1,P1,1.934655,10.443233
job_029_Cr_fe_-1.337_n4_generated_crystals_cif__gen_2,D:\CGCNN_Formation_Energy_AL_Archive\experiments\reproducibility\staging\paired_confirmation_server_20260712\EARLY_LiM2O4_ALIGNN_HARD640_m2p18_m2p02_FLAT_20260617\job_029_Cr_fe_-1.337_n4_generated_crystals_cif__gen_2.cif,True,f67fdb95b9f0c719f4efe0cd6472993566fe38568d4f8a12365753c98dd1d594,Li1 Cr2 O4,LiCr2O4,Cr,LiCr2O4,-2.11538982391,,0.45076806008,saved CGCNN MC-dropout sigma; candidate-level ALIGNN uncertainty not available,-2.14602994919,0.45076806008,0.0306401252747,0.14013971864,128,1,0.40381360054,C,False,True,182,12,154,10,0ac63cc947b5941aef59cf64f0488213bdd4f5b51ee8413172571bb1f7db3d76,"Li/M/O role-RDF: six unordered pairs, 0-6 A in 0.2-A bins; scale-free sorted lattice lengths, angles, and normalized volume",SM_Cr_007,3,FP_043,10,recurring_density_cluster,job_187_Ni_fe_-0.981_n4_generated_crystals_cif__gen_3,0.431768243965,job_083_Cr_fe_-0.935_n4_generated_crystals_cif__gen_1,0.442092731593,historical_dft_candidate_self,D:\User\leoluis0705\Documents\xwechat_files\wxid_bbzc35ridmlc22_e97b\msg\file\2026-04\initial_1000_raw_generations.zip::raw_generations/job_029_Cr_fe_-1.337_n4/generated_crystals_cif.zip::gen_2.cif,raw_generations/job_029_Cr_fe_-1.337_n4/generated_crystals_cif.zip,gen_2.cif,True,True,True,5,-0.102418564162,-2.21780838808,0.037808388076,0.117808388076,False,-0.236302425473,A,True,False,6,1,P1,1.895328,10.186228
job_029_Cr_fe_-1.337_n4_generated_crystals_cif__gen_3,D:\CGCNN_Formation_Energy_AL_Archive\experiments\reproducibility\staging\paired_confirmation_server_20260712\EARLY_LiM2O4_ALIGNN_HARD640_m2p18_m2p02_FLAT_20260617\job_029_Cr_fe_-1.337_n4_generated_crystals_cif__gen_3.cif,True,6871cbd461f46bea7813508e40edab47a9cbe47d16148c6eab9d30bc31e4f107,Li1 Cr2 O4,LiCr2O4,Cr,LiCr2O4,-2.18193173409,,0.467119352391,saved CGCNN MC-dropout sigma; candidate-level ALIGNN uncertainty not available,-2.10656905174,0.467119352391,0.0753626823425,0.135969272575,138,0,-0.0120733380318,A,True,False,60,4,15,1,1eed5085624437975c1c1b63a1b3db6e52c1167df428706b46c85a2340dbbb51,"Li/M/O role-RDF: six unordered pairs, 0-6 A in 0.2-A bins; scale-free sorted lattice lengths, angles, and normalized volume",SM_Cr_006,14,FP_027,5,recurring_density_cluster,job_016_Cr_fe_-1.264_n4_generated_crystals_cif__gen_3,0.192590010425,job_249_Cr_fe_-1.500_n4_generated_crystals_cif__gen_1,0.840912550947,no_shared_cluster,D:\User\leoluis0705\Documents\xwechat_files\wxid_bbzc35ridmlc22_e97b\msg\file\2026-04\initial_1000_raw_generations.zip::raw_generations/job_029_Cr_fe_-1.337_n4/generated_crystals_cif.zip::gen_3.cif,raw_generations/job_029_Cr_fe_-1.337_n4/generated_crystals_cif.zip,gen_3.cif,True,False,True,5,-0.102418564162,-2.28435029825,0.104350298247,0.184350298247,False,-0.652189364045,A,True,False,52,1,P1,1.933056,10.411331
job_030_Mn_fe_-1.234_n4_generated_crystals_cif__gen_0,D:\CGCNN_Formation_Energy_AL_Archive\experiments\reproducibility\staging\paired_confirmation_server_20260712\EARLY_LiM2O4_ALIGNN_HARD640_m2p18_m2p02_FLAT_20260617\job_030_Mn_fe_-1.234_n4_generated_crystals_cif__gen_0.cif,True,f309970653c1e143ac829bd162ade59a924a536196ae2cbac5ceb87c340ea8ed,Li1 Mn2 O4,LiMn2O4,Mn,LiMn2O4,-2.03220558167,,0.475158443145,saved CGCNN MC-dropout sigma; candidate-level ALIGNN uncertainty not available,-2.15636515617,0.475158443145,0.124159574509,0.132775153731,171,1,0.923715114594,E,True,False,47,3,219,14,a97609575714c8cc8c286870920855d6d0570c631773d58ed7dd6c640836d79a,"Li/M/O role-RDF: six unordered pairs, 0-6 A in 0.2-A bins; scale-free sorted lattice lengths, angles, and normalized volume",SM_Mn_004,35,FP_044,8,recurring_density_cluster,job_125_Mn_fe_-1.190_n4_generated_crystals_cif__gen_3,0.0481206129443,job_044_Mn_fe_-0.936_n4_generated_crystals_cif__gen_1,0.350258659028,same_structurematcher_cluster,D:\User\leoluis0705\Documents\xwechat_files\wxid_bbzc35ridmlc22_e97b\msg\file\2026-04\initial_1000_raw_generations.zip::raw_generations/job_030_Mn_fe_-1.234_n4/generated_crystals_cif.zip::gen_0.cif,raw_generations/job_030_Mn_fe_-1.234_n4/generated_crystals_cif.zip,gen_0.cif,True,False,True,3,0.176542943114,-1.85566263855,0.164337361449,0.244337361449,False,2.02710850906,F,True,False,117,10,P2/m,1.936094,10.866743
job_030_Mn_fe_-1.234_n4_generated_crystals_cif__gen_1,D:\CGCNN_Formation_Energy_AL_Archive\experiments\reproducibility\staging\paired_confirmation_server_20260712\EARLY_LiM2O4_ALIGNN_HARD640_m2p18_m2p02_FLAT_20260617\job_030_Mn_fe_-1.234_n4_generated_crystals_cif__gen_1.cif,True,159e9a35339975e2d3b1fee78290ca6bc9fa25d3847881974a400fc11f99f373,Li1 Mn2 O4,LiMn2O4,Mn,LiMn2O4,-1.93203783035,,0.416878592052,saved CGCNN MC-dropout sigma; candidate-level ALIGNN uncertainty not available,-2.23297476768,0.416878592052,0.300936937332,0.144722910579,99,0,1.5497635603,F,True,False,225,15,157,10,4e3ebca80b93bafe024025a4895575e0215918e896696a019a698192461b7147,"Li/M/O role-RDF: six unordered pairs, 0-6 A in 0.2-A bins; scale-free sorted lattice lengths, angles, and normalized volume",SM_Mn_007,7,FP_028,4,recurring_density_cluster,job_017_Mn_fe_-1.234_n4_generated_crystals_cif__gen_3,0.250992808156,job_214_Cr_fe_-0.857_n4_generated_crystals_cif__gen_0,1.06549029544,no_shared_cluster,D:\User\leoluis0705\Documents\xwechat_files\wxid_bbzc35ridmlc22_e97b\msg\file\2026-04\initial_1000_raw_generations.zip::raw_generations/job_030_Mn_fe_-1.234_n4/generated_crystals_cif.zip::gen_1.cif,raw_generations/job_030_Mn_fe_-1.234_n4/generated_crystals_cif.zip,gen_1.cif,True,False,True,3,0.176542943114,-1.75549488724,0.264505112761,0.344505112761,False,2.65315695476,F,True,False,211,1,P1,1.889735,10.259141
job_030_Mn_fe_-1.234_n4_generated_crystals_cif__gen_2,D:\CGCNN_Formation_Energy_AL_Archive\experiments\reproducibility\staging\paired_confirmation_server_20260712\EARLY_LiM2O4_ALIGNN_HARD640_m2p18_m2p02_FLAT_20260617\job_030_Mn_fe_-1.234_n4_generated_crystals_cif__gen_2.cif,True,22efd1aaca0e03e60c38523f1fffd335e24ef9049dc2f468baa9631a4ec312ad,Li1 Mn2 O4,LiMn2O4,Mn,LiMn2O4,-2.01726722717,,0.386487901263,saved CGCNN MC-dropout sigma; candidate-level ALIGNN uncertainty not available,-2.20714259148,0.386487901263,0.189875364304,0.157888524838,39,0,1.01707983017,F,True,False,70,5,134,9,c074c0f6740776b8c6b6d42e48b20c59a5d2197f6678d45d5dcc562d50d50184,"Li/M/O role-RDF: six unordered pairs, 0-6 A in 0.2-A bins; scale-free sorted lattice lengths, angles, and normalized volume",SM_Mn_004,35,FP_011,18,recurring_density_cluster,job_074_Mn_fe_-0.891_n4_generated_crystals_cif__gen_3,0.0954062280052,job_167_Mn_fe_-0.885_n4_generated_crystals_cif__gen_3,0.35963816174,same_structurematcher_cluster,D:\User\leoluis0705\Documents\xwechat_files\wxid_bbzc35ridmlc22_e97b\msg\file\2026-04\initial_1000_raw_generations.zip::raw_generations/job_030_Mn_fe_-1.234_n4/generated_crystals_cif.zip::gen_2.cif,raw_generations/job_030_Mn_fe_-1.234_n4/generated_crystals_cif.zip,gen_2.cif,True,False,True,3,0.176542943114,-1.84072428406,0.179275715941,0.259275715941,False,2.12047322463,F,True,False,144,1,P1,1.913244,10.61104
job_030_Mn_fe_-1.234_n4_generated_crystals_cif__gen_3,D:\CGCNN_Formation_Energy_AL_Archive\experiments\reproducibility\staging\paired_confirmation_server_20260712\EARLY_LiM2O4_ALIGNN_HARD640_m2p18_m2p02_FLAT_20260617\job_030_Mn_fe_-1.234_n4_generated_crystals_cif__gen_3.cif,True,ea0f3523d9f76ac61c9ab26e4e96e1037ef64d0c0d7a274cf3a585842d5d2bb2,Li1 Mn2 O4,LiMn2O4,Mn,LiMn2O4,-1.98874425888,,0.495167189223,saved CGCNN MC-dropout sigma; candidate-level ALIGNN uncertainty not available,-2.27960324287,0.495167189223,0.290858983994,0.120246339715,218,0,1.195348382,F,True,False,114,8,92,6,d3ff2a523d01d49b375424751fba1128a00d67e2cc0c799578d0342786cad25f,"Li/M/O role-RDF: six unordered pairs, 0-6 A in 0.2-A bins; scale-free sorted lattice lengths, angles, and normalized volume",SM_Mn_006,3,FP_005,3,recurring_density_cluster,job_001_Ti_fe_-1.307_n4_generated_crystals_cif__gen_3,0.358927119653,job_120_Cr_fe_-1.424_n4_generated_crystals_cif__gen_1,1.11636053738,no_shared_cluster,D:\User\leoluis0705\Documents\xwechat_files\wxid_bbzc35ridmlc22_e97b\msg\file\2026-04\initial_1000_raw_generations.zip::raw_generations/job_030_Mn_fe_-1.234_n4/generated_crystals_cif.zip::gen_3.cif,raw_generations/job_030_Mn_fe_-1.234_n4/generated_crystals_cif.zip,gen_3.cif,True,False,True,3,0.176542943114,-1.81220131577,0.207798684234,0.287798684234,False,2.29874177646,F,True,False,191,6,Pm,1.882538,9.769692
job_031_Al_fe_-1.055_n4_generated_crystals_cif__gen_0,D:\CGCNN_Formation_Energy_AL_Archive\experiments\reproducibility\staging\paired_confirmation_server_20260712\EARLY_LiM2O4_ALIGNN_HARD640_m2p18_m2p02_FLAT_20260617\job_031_Al_fe_-1.055_n4_generated_crystals_cif__gen_0.cif,True,b864e928371d6d9100fbc7f2519dcba56d16cce00e1c26fff663338ca85a6f93,Li1 Al2 O4,LiAl2O4,Al,LiAl2O4,-3.01063513756,,0.448349909219,saved CGCNN MC-dropout sigma; candidate-level ALIGNN uncertainty not available,-2.51281666756,0.448349909219,0.497818470001,0.0931033196543,247,0,-5.19146960974,A,True,False,347,22,269,17,9f3d9f9a4809ea6095cfdc99fff7056360a137468a4443ae23db6f82fa3c79fc,"Li/M/O role-RDF: six unordered pairs, 0-6 A in 0.2-A bins; scale-free sorted lattice lengths, angles, and normalized volume",SM_Al_005,2,FP_009,3,recurring_density_cluster,job_022_Al_fe_-1.445_n4_generated_crystals_cif__gen_2,0.393599202784,job_086_Mn_fe_-0.988_n4_generated_crystals_cif__gen_2,1.09851904072,no_shared_cluster,D:\User\leoluis0705\Documents\xwechat_files\wxid_bbzc35ridmlc22_e97b\msg\file\2026-04\initial_1000_raw_generations.zip::raw_generations/job_031_Al_fe_-1.055_n4/generated_crystals_cif.zip::gen_0.cif,raw_generations/job_031_Al_fe_-1.055_n4/generated_crystals_cif.zip,gen_0.cif,True,False,False,0,0,-3.01063513756,0.830635137558,0.910635137558,False,-5.19146960974,A,True,False,385,8,Cm,1.798222,11.172699
job_031_Al_fe_-1.055_n4_generated_crystals_cif__gen_1,D:\CGCNN_Formation_Energy_AL_Archive\experiments\reproducibility\staging\paired_confirmation_server_20260712\EARLY_LiM2O4_ALIGNN_HARD640_m2p18_m2p02_FLAT_20260617\job_031_Al_fe_-1.055_n4_generated_crystals_cif__gen_1.cif,True,e6b29edb64408eed65c5a8e9c4f899c3a8a83aad4b77156fd42a6cfc0238ce97,Li1 Al2 O4,LiAl2O4,Al,LiAl2O4,-3.11892938614,,0.473837036834,saved CGCNN MC-dropout sigma; candidate-level ALIGNN uncertainty not available,-2.57662677765,0.473837036834,0.54230260849,0.0812283672174,296,0,-5.86830866337,A,True,False,320,20,449,29,c192a23f88716414c75e9d0869aa06255dedd661c3d773a5049ac0441aff80a0,"Li/M/O role-RDF: six unordered pairs, 0-6 A in 0.2-A bins; scale-free sorted lattice lengths, angles, and normalized volume",SM_Al_006,5,FP_SINGLETON_016,1,hdbscan_noise_singleton,job_243_Al_fe_-1.012_n4_generated_crystals_cif__gen_2,0.229084478584,job_148_Mn_fe_-0.904_n4_generated_crystals_cif__gen_2,0.753905217986,no_shared_cluster,D:\User\leoluis0705\Documents\xwechat_files\wxid_bbzc35ridmlc22_e97b\msg\file\2026-04\initial_1000_raw_generations.zip::raw_generations/job_031_Al_fe_-1.055_n4/generated_crystals_cif.zip::gen_1.cif,raw_generations/job_031_Al_fe_-1.055_n4/generated_crystals_cif.zip,gen_1.cif,True,False,False,0,0,-3.11892938614,0.938929386139,1.01892938614,False,-5.86830866337,A,True,False,405,8,Cm,1.90793,9.824126
job_032_Co_fe_-1.386_n4_generated_crystals_cif__gen_0,D:\CGCNN_Formation_Energy_AL_Archive\experiments\reproducibility\staging\paired_confirmation_server_20260712\EARLY_LiM2O4_ALIGNN_HARD640_m2p18_m2p02_FLAT_20260617\job_032_Co_fe_-1.386_n4_generated_crystals_cif__gen_0.cif,True,4e5afedb49328266fc803118a4a5110215a6c19ba694b6b6f158857330a09739,Li1 Co2 O4,Li(CoO2)2,Co,Li(CoO2)2,-1.49789690971,,0.512839462439,saved CGCNN MC-dropout sigma; candidate-level ALIGNN uncertainty not available,-1.52726912498,0.512839462439,0.029372215271,0.0667805744279,373,0,4.26314431429,F,True,False,474,30,383,24,cfc86d64e17a2d650901a3575993344e173ec4ff3ba3bf48ed2bf17798ea87fa,"Li/M/O role-RDF: six unordered pairs, 0-6 A in 0.2-A bins; scale-free sorted lattice lengths, angles, and normalized volume",SM_Co_004,18,FP_045,11,recurring_density_cluster,job_144_Co_fe_-1.460_n4_generated_crystals_cif__gen_1,0.132888677743,job_136_Cr_fe_-1.181_n4_generated_crystals_cif__gen_0,0.566753784234,no_shared_cluster,D:\User\leoluis0705\Documents\xwechat_files\wxid_bbzc35ridmlc22_e97b\msg\file\2026-04\initial_1000_raw_generations.zip::raw_generations/job_032_Co_fe_-1.386_n4/generated_crystals_cif.zip::gen_0.cif,raw_generations/job_032_Co_fe_-1.386_n4/generated_crystals_cif.zip,gen_0.cif,True,False,False,0,0,-1.49789690971,0.522103090286,0.602103090286,False,4.26314431429,F,True,False,294,1,P1,1.9014,9.875803
job_032_Co_fe_-1.386_n4_generated_crystals_cif__gen_1,D:\CGCNN_Formation_Energy_AL_Archive\experiments\reproducibility\staging\paired_confirmation_server_20260712\EARLY_LiM2O4_ALIGNN_HARD640_m2p18_m2p02_FLAT_20260617\job_032_Co_fe_-1.386_n4_generated_crystals_cif__gen_1.cif,True,bfceb0ded6413ed2e2219bbef086e9dedf2ba4ffc6741012e8149935b8110a00,Li1 Co2 O4,Li(CoO2)2,Co,Li(CoO2)2,-1.41197490692,,0.43400228029,saved CGCNN MC-dropout sigma; candidate-level ALIGNN uncertainty not available,-1.68205165863,0.43400228029,0.270076751709,0.09246401082,249,0,4.80015683174,F,True,False,374,24,337,22,bbcabf0a24cb203cf0b680cce047e4247b3bd5a4f9d3ca1aed5757aa625d46e7,"Li/M/O role-RDF: six unordered pairs, 0-6 A in 0.2-A bins; scale-free sorted lattice lengths, angles, and normalized volume",SM_Co_006,12,FP_041,12,recurring_density_cluster,job_161_Co_fe_-0.850_n4_generated_crystals_cif__gen_2,0.197378250135,job_204_Cr_fe_-0.932_n4_generated_crystals_cif__gen_3,0.646753913192,no_shared_cluster,D:\User\leoluis0705\Documents\xwechat_files\wxid_bbzc35ridmlc22_e97b\msg\file\2026-04\initial_1000_raw_generations.zip::raw_generations/job_032_Co_fe_-1.386_n4/generated_crystals_cif.zip::gen_1.cif,raw_generations/job_032_Co_fe_-1.386_n4/generated_crystals_cif.zip,gen_1.cif,True,False,False,0,0,-1.41197490692,0.608025093079,0.688025093079,False,4.80015683174,F,True,False,345,8,Cm,1.91651,9.646444
job_032_Co_fe_-1.386_n4_generated_crystals_cif__gen_2,D:\CGCNN_Formation_Energy_AL_Archive\experiments\reproducibility\staging\paired_confirmation_server_20260712\EARLY_LiM2O4_ALIGNN_HARD640_m2p18_m2p02_FLAT_20260617\job_032_Co_fe_-1.386_n4_generated_crystals_cif__gen_2.cif,True,478af4c8cb8df43b30fb5ccd77d76085a220e6aa6ba1f70f21c5bf80ac27b238,Li1 Co2 O4,Li(CoO2)2,Co,Li(CoO2)2,-1.42853939533,,0.548259211241,saved CGCNN MC-dropout sigma; candidate-level ALIGNN uncertainty not available,-1.67429184914,0.548259211241,0.245752453804,0.086002521438,274,0,4.69662877917,F,True,False,539,34,341,22,3966d557b7abb293000269f3a055002a219ab6699045d6e5730573e5c362163f,"Li/M/O role-RDF: six unordered pairs, 0-6 A in 0.2-A bins; scale-free sorted lattice lengths, angles, and normalized volume",SM_Co_006,12,FP_SINGLETON_017,1,hdbscan_noise_singleton,job_082_Co_fe_-0.885_n4_generated_crystals_cif__gen_1,0.61580478609,job_204_Cr_fe_-0.932_n4_generated_crystals_cif__gen_3,0.670145766339,no_shared_cluster,D:\User\leoluis0705\Documents\xwechat_files\wxid_bbzc35ridmlc22_e97b\msg\file\2026-04\initial_1000_raw_generations.zip::raw_generations/job_032_Co_fe_-1.386_n4/generated_crystals_cif.zip::gen_2.cif,raw_generations/job_032_Co_fe_-1.386_n4/generated_crystals_cif.zip,gen_2.cif,True,False,False,0,0,-1.42853939533,0.591460604668,0.671460604668,False,4.69662877917,F,True,False,335,8,Cm,1.913499,9.727925
job_032_Co_fe_-1.386_n4_generated_crystals_cif__gen_3,D:\CGCNN_Formation_Energy_AL_Archive\experiments\reproducibility\staging\paired_confirmation_server_20260712\EARLY_LiM2O4_ALIGNN_HARD640_m2p18_m2p02_FLAT_20260617\job_032_Co_fe_-1.386_n4_generated_crystals_cif__gen_3.cif,True,381b9eab8ee8ea4d45e56126451d1dbcb4dd285d158aef597fae0fac86f988f2,Li1 Co2 O4,Li(CoO2)2,Co,Li(CoO2)2,-1.51195263863,,0.445804750963,saved CGCNN MC-dropout sigma; candidate-level ALIGNN uncertainty not available,-1.5402970314,0.445804750963,0.0283443927765,0.0653029426141,381,0,4.17529600859,F,True,False,457,29,393,25,bb8a352c46d0518edcce152a1f79d2a5d64f93054161d5fdbc5255c831c7c7b8,"Li/M/O role-RDF: six unordered pairs, 0-6 A in 0.2-A bins; scale-free sorted lattice lengths, angles, and normalized volume",SM_Co_004,18,FP_045,11,recurring_density_cluster,job_144_Co_fe_-1.460_n4_generated_crystals_cif__gen_1,0.162237638552,job_136_Cr_fe_-1.181_n4_generated_crystals_cif__gen_0,0.547194121793,no_shared_cluster,D:\User\leoluis0705\Documents\xwechat_files\wxid_bbzc35ridmlc22_e97b\msg\file\2026-04\initial_1000_raw_generations.zip::raw_generations/job_032_Co_fe_-1.386_n4/generated_crystals_cif.zip::gen_3.cif,raw_generations/job_032_Co_fe_-1.386_n4/generated_crystals_cif.zip,gen_3.cif,True,False,False,0,0,-1.51195263863,0.508047361374,0.588047361374,False,4.17529600859,F,True,False,275,10,P2/m,1.913912,9.917385
job_033_Co_fe_-1.353_n4_generated_crystals_cif__gen_2,D:\CGCNN_Formation_Energy_AL_Archive\experiments\reproducibility\staging\paired_confirmation_server_20260712\EARLY_LiM2O4_ALIGNN_HARD640_m2p18_m2p02_FLAT_20260617\job_033_Co_fe_-1.353_n4_generated_crystals_cif__gen_2.cif,True,7e7bac4751c2d79dc7bc1e06f6f95afa8e99b339996285b742040eb35c40ae4e,Li1 Co2 O4,Li(CoO2)2,Co,Li(CoO2)2,-1.44346225262,,0.709955177047,saved CGCNN MC-dropout sigma; candidate-level ALIGNN uncertainty not available,-1.55385100842,0.709955177047,0.110388755798,0.0668221158622,372,0,4.60336092114,F,True,False,525,33,392,25,cfec1433c4371b6765915e08e234a60d0bba3909b82a72fb69535e1e20fc74d6,"Li/M/O role-RDF: six unordered pairs, 0-6 A in 0.2-A bins; scale-free sorted lattice lengths, angles, and normalized volume",SM_Co_001,25,FP_029,5,recurring_density_cluster,job_144_Co_fe_-1.460_n4_generated_crystals_cif__gen_0,0.142900544055,job_148_Mn_fe_-0.904_n4_generated_crystals_cif__gen_2,0.682506545188,no_shared_cluster,D:\User\leoluis0705\Documents\xwechat_files\wxid_bbzc35ridmlc22_e97b\msg\file\2026-04\initial_1000_raw_generations.zip::raw_generations/job_033_Co_fe_-1.353_n4/generated_crystals_cif.zip::gen_2.cif,raw_generations/job_033_Co_fe_-1.353_n4/generated_crystals_cif.zip,gen_2.cif,True,False,False,0,0,-1.44346225262,0.576537747383,0.656537747383,False,4.60336092114,F,True,False,322,12,C2/m,1.912133,10.01277
job_034_Co_fe_-1.009_n4_generated_crystals_cif__gen_0,D:\CGCNN_Formation_Energy_AL_Archive\experiments\reproducibility\staging\paired_confirmation_server_20260712\EARLY_LiM2O4_ALIGNN_HARD640_m2p18_m2p02_FLAT_20260617\job_034_Co_fe_-1.009_n4_generated_crystals_cif__gen_0.cif,True,a3127fb1273768b66b8796ff7f306e7101ded8cae118121ffca7d04782b07b6a,Li1 Co2 O4,Li(CoO2)2,Co,Li(CoO2)2,-1.47205424309,,0.458247410758,saved CGCNN MC-dropout sigma; candidate-level ALIGNN uncertainty not available,-1.54296970367,0.458247410758,0.0709154605865,0.0666979947511,374,0,4.4246609807,F,True,False,405,26,402,26,90cdd047867e1cdb014739611652be71b786eff6861e691f9426a881ec475d99,"Li/M/O role-RDF: six unordered pairs, 0-6 A in 0.2-A bins; scale-free sorted lattice lengths, angles, and normalized volume",SM_Co_001,25,FP_034,19,recurring_density_cluster,job_090_Al_fe_-0.837_n4_generated_crystals_cif__gen_2,0.110135875441,job_120_Cr_fe_-1.424_n4_generated_crystals_cif__gen_1,0.711650738127,no_shared_cluster,D:\User\leoluis0705\Documents\xwechat_files\wxid_bbzc35ridmlc22_e97b\msg\file\2026-04\initial_1000_raw_generations.zip::raw_generations/job_034_Co_fe_-1.009_n4/generated_crystals_cif.zip::gen_0.cif,raw_generations/job_034_Co_fe_-1.009_n4/generated_crystals_cif.zip,gen_0.cif,True,False,False,0,0,-1.47205424309,0.547945756912,0.627945756912,False,4.4246609807,F,True,False,304,12,C2/m,1.907678,9.742917
job_034_Co_fe_-1.009_n4_generated_crystals_cif__gen_1,D:\CGCNN_Formation_Energy_AL_Archive\experiments\reproducibility\staging\paired_confirmation_server_20260712\EARLY_LiM2O4_ALIGNN_HARD640_m2p18_m2p02_FLAT_20260617\job_034_Co_fe_-1.009_n4_generated_crystals_cif__gen_1.cif,True,25c10a39e6ad075a8a247600ca2418e4f2d03c85470e00da9282142636f4cb5d,Li1 Co2 O4,Li(CoO2)2,Co,Li(CoO2)2,-1.45713102818,,0.56506422294,saved CGCNN MC-dropout sigma; candidate-level ALIGNN uncertainty not available,-1.54986572266,0.56506422294,0.0927346944809,0.0703120795906,354,0,4.5179310739,F,True,False,348,22,391,25,458b0b18aa950824021a5c2650de1ad2f76ba2e48cbb8cb4f99d7072db690f4a,"Li/M/O role-RDF: six unordered pairs, 0-6 A in 0.2-A bins; scale-free sorted lattice lengths, angles, and normalized volume",SM_Co_001,25,FP_034,19,recurring_density_cluster,job_034_Co_fe_-1.009_n4_generated_crystals_cif__gen_3,0.0359464578834,job_136_Cr_fe_-1.181_n4_generated_crystals_cif__gen_0,0.619413910622,no_shared_cluster,D:\User\leoluis0705\Documents\xwechat_files\wxid_bbzc35ridmlc22_e97b\msg\file\2026-04\initial_1000_raw_generations.zip::raw_generations/job_034_Co_fe_-1.009_n4/generated_crystals_cif.zip::gen_1.cif,raw_generations/job_034_Co_fe_-1.009_n4/generated_crystals_cif.zip,gen_1.cif,True,False,False,0,0,-1.45713102818,0.562868971825,0.642868971825,False,4.5179310739,F,True,False,313,12,C2/m,1.909501,9.925296
job_034_Co_fe_-1.009_n4_generated_crystals_cif__gen_2,D:\CGCNN_Formation_Energy_AL_Archive\experiments\reproducibility\staging\paired_confirmation_server_20260712\EARLY_LiM2O4_ALIGNN_HARD640_m2p18_m2p02_FLAT_20260617\job_034_Co_fe_-1.009_n4_generated_crystals_cif__gen_2.cif,True,0c5eaf8234ca5900c6cd1fd165d65fbd5b5c3323a30915db3fb82497893e89d4,Li1 Co2 O4,Li(CoO2)2,Co,Li(CoO2)2,-1.43519115448,,0.557225687594,saved CGCNN MC-dropout sigma; candidate-level ALIGNN uncertainty not available,-1.57346057892,0.557225687594,0.138269424438,0.0732735790307,323,0,4.6550552845,F,True,False,412,26,414,26,bdf5568f090aede6016b161f41244c24263f6d62fcdaa073a0da4f8460d27d99,"Li/M/O role-RDF: six unordered pairs, 0-6 A in 0.2-A bins; scale-free sorted lattice lengths, angles, and normalized volume",SM_Co_001,25,FP_SINGLETON_018,1,hdbscan_noise_singleton,job_161_Co_fe_-0.850_n4_generated_crystals_cif__gen_1,0.4220819193,job_044_Mn_fe_-0.936_n4_generated_crystals_cif__gen_1,0.612651529495,no_shared_cluster,D:\User\leoluis0705\Documents\xwechat_files\wxid_bbzc35ridmlc22_e97b\msg\file\2026-04\initial_1000_raw_generations.zip::raw_generations/job_034_Co_fe_-1.009_n4/generated_crystals_cif.zip::gen_2.cif,raw_generations/job_034_Co_fe_-1.009_n4/generated_crystals_cif.zip,gen_2.cif,True,False,False,0,0,-1.43519115448,0.58480884552,0.66480884552,False,4.6550552845,F,True,False,328,1,P1,1.923142,10.173358
job_034_Co_fe_-1.009_n4_generated_crystals_cif__gen_3,D:\CGCNN_Formation_Energy_AL_Archive\experiments\reproducibility\staging\paired_confirmation_server_20260712\EARLY_LiM2O4_ALIGNN_HARD640_m2p18_m2p02_FLAT_20260617\job_034_Co_fe_-1.009_n4_generated_crystals_cif__gen_3.cif,True,3ddc8b3cf051d3e6f4e638bf36eb4bbea4306170d9758c869affa490be23408a,Li1 Co2 O4,Li(CoO2)2,Co,Li(CoO2)2,-1.45408034325,,0.572227591318,saved CGCNN MC-dropout sigma; candidate-level ALIGNN uncertainty not available,-1.55184876919,0.572227591318,0.0977684259415,0.0704828733178,353,0,4.53699785471,F,True,False,462,29,387,25,f973261163d716033a775ad77ad9e13fb9edf54a16a3f944411362209b639755,"Li/M/O role-RDF: six unordered pairs, 0-6 A in 0.2-A bins; scale-free sorted lattice lengths, angles, and normalized volume",SM_Co_001,25,FP_034,19,recurring_density_cluster,job_034_Co_fe_-1.009_n4_generated_crystals_cif__gen_1,0.0359464578834,job_136_Cr_fe_-1.181_n4_generated_crystals_cif__gen_0,0.61122408571,no_shared_cluster,D:\User\leoluis0705\Documents\xwechat_files\wxid_bbzc35ridmlc22_e97b\msg\file\2026-04\initial_1000_raw_generations.zip::raw_generations/job_034_Co_fe_-1.009_n4/generated_crystals_cif.zip::gen_3.cif,raw_generations/job_034_Co_fe_-1.009_n4/generated_crystals_cif.zip,gen_3.cif,True,False,False,0,0,-1.45408034325,0.565919656754,0.645919656754,False,4.53699785471,F,True,False,317,12,C2/m,1.912095,9.915354
job_035_Ti_fe_-1.046_n4_generated_crystals_cif__gen_0,D:\CGCNN_Formation_Energy_AL_Archive\experiments\reproducibility\staging\paired_confirmation_server_20260712\EARLY_LiM2O4_ALIGNN_HARD640_m2p18_m2p02_FLAT_20260617\job_035_Ti_fe_-1.046_n4_generated_crystals_cif__gen_0.cif,True,301fba2bd7ed360eb8184bbf16f63ae760691a14621d00460f6644ec6e6edc7f,Li1 Ti2 O4,LiTi2O4,Ti,LiTi2O4,-3.17962574959,,0.524764922783,saved CGCNN MC-dropout sigma; candidate-level ALIGNN uncertainty not available,-3.13833260536,0.524764922783,0.0412931442261,0.0173691049303,517,0,-6.24766093493,A,True,False,463,29,549,35,601dc1f2baed520baa92af59fccf1b8a53bdbffe5dd6acf3457b04c132347f65,"Li/M/O role-RDF: six unordered pairs, 0-6 A in 0.2-A bins; scale-free sorted lattice lengths, angles, and normalized volume",SM_Ti_007,9,FP_039,9,recurring_density_cluster,job_222_Ti_fe_-0.813_n4_generated_crystals_cif__gen_3,0.200870068143,job_249_Cr_fe_-1.500_n4_generated_crystals_cif__gen_1,0.80926765821,no_shared_cluster,D:\User\leoluis0705\Documents\xwechat_files\wxid_bbzc35ridmlc22_e97b\msg\file\2026-04\initial_1000_raw_generations.zip::raw_generations/job_035_Ti_fe_-1.046_n4/generated_crystals_cif.zip::gen_0.cif,raw_generations/job_035_Ti_fe_-1.046_n4/generated_crystals_cif.zip,gen_0.cif,True,False,False,0,0,-3.17962574959,0.999625749588,1.07962574959,False,-6.24766093493,A,True,False,535,8,Cm,1.933191,10.799527
job_035_Ti_fe_-1.046_n4_generated_crystals_cif__gen_1,D:\CGCNN_Formation_Energy_AL_Archive\experiments\reproducibility\staging\paired_confirmation_server_20260712\EARLY_LiM2O4_ALIGNN_HARD640_m2p18_m2p02_FLAT_20260617\job_035_Ti_fe_-1.046_n4_generated_crystals_cif__gen_1.cif,True,924e0345c590d234cc3f19bf5dd6433e0056c63e9c883df9a5f59c48e5f79bc9,Li1 Ti2 O4,LiTi2O4,Ti,LiTi2O4,-3.19876551628,,0.552038425727,saved CGCNN MC-dropout sigma; candidate-level ALIGNN uncertainty not available,-3.34756231308,0.552038425727,0.148796796799,0.00912504809492,561,0,-6.36728447676,A,True,False,602,38,612,39,ef05b7447cbbf6ae0a9dfec86d7a44d7c7e3a88a42382057a343ce8829c00fae,"Li/M/O role-RDF: six unordered pairs, 0-6 A in 0.2-A bins; scale-free sorted lattice lengths, angles, and normalized volume",SM_Ti_002,41,FP_002,3,recurring_density_cluster,job_242_Ti_fe_-1.214_n4_generated_crystals_cif__gen_2,0.235120165696,job_120_Cr_fe_-1.424_n4_generated_crystals_cif__gen_1,1.16262570222,no_shared_cluster,D:\User\leoluis0705\Documents\xwechat_files\wxid_bbzc35ridmlc22_e97b\msg\file\2026-04\initial_1000_raw_generations.zip::raw_generations/job_035_Ti_fe_-1.046_n4/generated_crystals_cif.zip::gen_1.cif,raw_generations/job_035_Ti_fe_-1.046_n4/generated_crystals_cif.zip,gen_1.cif,True,False,False,0,0,-3.19876551628,1.01876551628,1.09876551628,False,-6.36728447676,A,True,False,561,1,P1,1.937734,10.242721
job_035_Ti_fe_-1.046_n4_generated_crystals_cif__gen_2,D:\CGCNN_Formation_Energy_AL_Archive\experiments\reproducibility\staging\paired_confirmation_server_20260712\EARLY_LiM2O4_ALIGNN_HARD640_m2p18_m2p02_FLAT_20260617\job_035_Ti_fe_-1.046_n4_generated_crystals_cif__gen_2.cif,True,01d9812905b8752e412288cadd38c04ae47fdf869dd1c6e8ef4f7e94f47e6954,Li1 Ti2 O4,LiTi2O4,Ti,LiTi2O4,-3.21578001976,,0.539756191351,saved CGCNN MC-dropout sigma; candidate-level ALIGNN uncertainty not available,-3.29360699654,0.539756191351,0.0778269767761,0.0104009937882,546,0,-6.4736251235,A,True,False,639,40,586,37,bab908c478ce55bda1fa50ee05212ef5cec3361bf064a0dba42a6db06d72ec7d,"Li/M/O role-RDF: six unordered pairs, 0-6 A in 0.2-A bins; scale-free sorted lattice lengths, angles, and normalized volume",SM_Ti_009,5,FP_019,19,recurring_density_cluster,job_174_Ti_fe_-1.427_n4_generated_crystals_cif__gen_1,0.091664981296,job_120_Cr_fe_-1.424_n4_generated_crystals_cif__gen_1,0.28538903823,same_fingerprint_cluster,D:\User\leoluis0705\Documents\xwechat_files\wxid_bbzc35ridmlc22_e97b\msg\file\2026-04\initial_1000_raw_generations.zip::raw_generations/job_035_Ti_fe_-1.046_n4/generated_crystals_cif.zip::gen_2.cif,raw_generations/job_035_Ti_fe_-1.046_n4/generated_crystals_cif.zip,gen_2.cif,True,False,False,0,0,-3.21578001976,1.03578001976,1.11578001976,False,-6.4736251235,A,True,False,584,1,P1,1.863018,10.135451
job_036_Mg_fe_-1.056_n4_generated_crystals_cif__gen_1,D:\CGCNN_Formation_Energy_AL_Archive\experiments\reproducibility\staging\paired_confirmation_server_20260712\EARLY_LiM2O4_ALIGNN_HARD640_m2p18_m2p02_FLAT_20260617\job_036_Mg_fe_-1.056_n4_generated_crystals_cif__gen_1.cif,True,027044de4317ff04ba6fd75dd3906b3025b76094f39e61bd4f60aaf055acf745,Li1 Mg2 O4,LiMg2O4,Mg,LiMg2O4,-2.26242518425,,0.418178680783,saved CGCNN MC-dropout sigma; candidate-level ALIGNN uncertainty not available,-3.17034196854,0.418178680783,0.907916784286,0.00596463908152,583,0,-0.515157401562,A,True,False,257,17,293,19,b9151eba72b71c5bd92b6aff05261e5a8c54debc0639942f83d5cb67331e558e,"Li/M/O role-RDF: six unordered pairs, 0-6 A in 0.2-A bins; scale-free sorted lattice lengths, angles, and normalized volume",SM_Mg_002,3,FP_SINGLETON_019,1,hdbscan_noise_singleton,job_007_Mg_fe_-1.079_n4_generated_crystals_cif__gen_0,0.0037154693225,job_101_Mg_fe_-1.339_n4_generated_crystals_cif__gen_1,0.682026052499,no_shared_cluster,D:\User\leoluis0705\Documents\xwechat_files\wxid_bbzc35ridmlc22_e97b\msg\file\2026-04\initial_1000_raw_generations.zip::raw_generations/job_036_Mg_fe_-1.056_n4/generated_crystals_cif.zip::gen_1.cif,raw_generations/job_036_Mg_fe_-1.056_n4/generated_crystals_cif.zip,gen_1.cif,True,False,True,2,0.651052398728,-1.61137278552,0.408627214479,0.488627214479,False,3.55392009049,F,True,False,243,25,Pmm2,2.084811,10.418932
job_038_Ni_fe_-1.176_n4_generated_crystals_cif__gen_0,D:\CGCNN_Formation_Energy_AL_Archive\experiments\reproducibility\staging\paired_confirmation_server_20260712\EARLY_LiM2O4_ALIGNN_HARD640_m2p18_m2p02_FLAT_20260617\job_038_Ni_fe_-1.176_n4_generated_crystals_cif__gen_0.cif,True,4fdf373d6ca669310e912320e5f1470d94bd45ad588715f32d17a295ea1acb27,Li1 Ni2 O4,Li(NiO2)2,Ni,Li(NiO2)2,-1.05229377747,,0.556138727388,saved CGCNN MC-dropout sigma; candidate-level ALIGNN uncertainty not available,-1.38023304939,0.556138727388,0.327939271927,0.0497881859556,472,0,7.04816389084,F,True,False,561,36,469,30,63fefa9f3827f8da70497782e9dffac2d7491f717c2ae68e353669393fcd9831,"Li/M/O role-RDF: six unordered pairs, 0-6 A in 0.2-A bins; scale-free sorted lattice lengths, angles, and normalized volume",SM_Ni_002,22,FP_023,4,recurring_density_cluster,job_077_Ni_fe_-1.238_n4_generated_crystals_cif__gen_3,0.200857172964,job_136_Cr_fe_-1.181_n4_generated_crystals_cif__gen_0,0.668211961323,no_shared_cluster,D:\User\leoluis0705\Documents\xwechat_files\wxid_bbzc35ridmlc22_e97b\msg\file\2026-04\initial_1000_raw_generations.zip::raw_generations/job_038_Ni_fe_-1.176_n4/generated_crystals_cif.zip::gen_0.cif,raw_generations/job_038_Ni_fe_-1.176_n4/generated_crystals_cif.zip,gen_0.cif,True,False,False,0,0,-1.05229377747,0.967706222534,1.04770622253,False,7.04816389084,F,True,False,456,2,P-1,1.867874,9.865789
job_038_Ni_fe_-1.176_n4_generated_crystals_cif__gen_1,D:\CGCNN_Formation_Energy_AL_Archive\experiments\reproducibility\staging\paired_confirmation_server_20260712\EARLY_LiM2O4_ALIGNN_HARD640_m2p18_m2p02_FLAT_20260617\job_038_Ni_fe_-1.176_n4_generated_crystals_cif__gen_1.cif,True,27e5679a3d99badd333eaaee4d3524e1e83d2b405927431eddcdaf878e233c5f,Li1 Ni2 O4,Li(NiO2)2,Ni,Li(NiO2)2,-0.98552942276,,0.50411282067,saved CGCNN MC-dropout sigma; candidate-level ALIGNN uncertainty not available,-1.52984333038,0.50411282067,0.544313907623,0.0668702219913,371,0,7.46544110775,F,True,False,455,29,245,16,14f590478c392427180f930f92b6df170315bc37a34a8d637d0a79fa1ef80f31,"Li/M/O role-RDF: six unordered pairs, 0-6 A in 0.2-A bins; scale-free sorted lattice lengths, angles, and normalized volume",SM_Ni_004,1,FP_SINGLETON_020,1,hdbscan_noise_singleton,job_099_Ni_fe_-1.343_n4_generated_crystals_cif__gen_0,0.929208692046,job_120_Cr_fe_-1.424_n4_generated_crystals_cif__gen_1,1.1922655348,no_shared_cluster,D:\User\leoluis0705\Documents\xwechat_files\wxid_bbzc35ridmlc22_e97b\msg\file\2026-04\initial_1000_raw_generations.zip::raw_generations/job_038_Ni_fe_-1.176_n4/generated_crystals_cif.zip::gen_1.cif,raw_generations/job_038_Ni_fe_-1.176_n4/generated_crystals_cif.zip,gen_1.cif,True,False,False,0,0,-0.98552942276,1.03447057724,1.11447057724,False,7.46544110775,F,True,False,581,8,Cm,1.86145,10.917201
job_038_Ni_fe_-1.176_n4_generated_crystals_cif__gen_2,D:\CGCNN_Formation_Energy_AL_Archive\experiments\reproducibility\staging\paired_confirmation_server_20260712\EARLY_LiM2O4_ALIGNN_HARD640_m2p18_m2p02_FLAT_20260617\job_038_Ni_fe_-1.176_n4_generated_crystals_cif__gen_2.cif,True,57c473064aef75ab5183d03d497ebbd7d39162134f6332e2514ee4dcbd664eef,Li1 Ni2 O4,Li(NiO2)2,Ni,Li(NiO2)2,-0.866616487503,,0.563600872748,saved CGCNN MC-dropout sigma; candidate-level ALIGNN uncertainty not available,-1.52190744877,0.563600872748,0.655290961266,0.0669381099606,370,0,8.20864695311,F,True,False,623,39,511,32,62f21a5d0dfbb0449587a9c7cd728abba536e43ccdcbe29cf96bfd36a95b7645,"Li/M/O role-RDF: six unordered pairs, 0-6 A in 0.2-A bins; scale-free sorted lattice lengths, angles, and normalized volume",SM_Ni_005,2,FP_046,6,recurring_density_cluster,job_132_Ni_fe_-0.895_n4_generated_crystals_cif__gen_1,0.631858887503,job_182_Cr_fe_-1.464_n4_generated_crystals_cif__gen_2,0.716657484263,no_shared_cluster,D:\User\leoluis0705\Documents\xwechat_files\wxid_bbzc35ridmlc22_e97b\msg\file\2026-04\initial_1000_raw_generations.zip::raw_generations/job_038_Ni_fe_-1.176_n4/generated_crystals_cif.zip::gen_2.cif,raw_generations/job_038_Ni_fe_-1.176_n4/generated_crystals_cif.zip,gen_2.cif,True,False,False,0,0,-0.866616487503,1.1533835125,1.2333835125,False,8.20864695311,F,True,False,639,8,Cm,1.89644,10.549571
job_038_Ni_fe_-1.176_n4_generated_crystals_cif__gen_3,D:\CGCNN_Formation_Energy_AL_Archive\experiments\reproducibility\staging\paired_confirmation_server_20260712\EARLY_LiM2O4_ALIGNN_HARD640_m2p18_m2p02_FLAT_20260617\job_038_Ni_fe_-1.176_n4_generated_crystals_cif__gen_3.cif,True,c2a2bb96b252e3a80185ff92f3ffeac20286dde5e27d29427f46d39db1f3c176,Li1 Ni2 O4,Li(NiO2)2,Ni,Li(NiO2)2,-1.05222058296,,0.523931173824,saved CGCNN MC-dropout sigma; candidate-level ALIGNN uncertainty not available,-1.3964868784,0.523931173824,0.344266295433,0.0496116009487,474,0,7.04862135649,F,True,False,626,40,497,32,cb98b759639238dade5a0e7d80839c5cd7aae762e632ce681fe7760bc1e34628,"Li/M/O role-RDF: six unordered pairs, 0-6 A in 0.2-A bins; scale-free sorted lattice lengths, angles, and normalized volume",SM_Ni_003,30,FP_SINGLETON_021,1,hdbscan_noise_singleton,job_111_Ni_fe_-0.951_n4_generated_crystals_cif__gen_3,0.229326617128,job_136_Cr_fe_-1.181_n4_generated_crystals_cif__gen_0,0.522581780185,no_shared_cluster,D:\User\leoluis0705\Documents\xwechat_files\wxid_bbzc35ridmlc22_e97b\msg\file\2026-04\initial_1000_raw_generations.zip::raw_generations/job_038_Ni_fe_-1.176_n4/generated_crystals_cif.zip::gen_3.cif,raw_generations/job_038_Ni_fe_-1.176_n4/generated_crystals_cif.zip,gen_3.cif,True,False,False,0,0,-1.05222058296,0.967779417038,1.04777941704,False,7.04862135649,F,True,False,457,1,P1,1.878608,10.047299
job_039_Co_fe_-0.807_n4_generated_crystals_cif__gen_0,D:\CGCNN_Formation_Energy_AL_Archive\experiments\reproducibility\staging\paired_confirmation_server_20260712\EARLY_LiM2O4_ALIGNN_HARD640_m2p18_m2p02_FLAT_20260617\job_039_Co_fe_-0.807_n4_generated_crystals_cif__gen_0.cif,True,4c01116936f55718a425f3c595d54f45e0e8514de3669992270df4a5aec82b16,Li1 Co2 O4,Li(CoO2)2,Co,Li(CoO2)2,-1.5000295639,,0.563144364587,saved CGCNN MC-dropout sigma; candidate-level ALIGNN uncertainty not available,-1.56095004082,0.563144364587,0.0609204769135,0.0716675043791,337,0,4.2498152256,F,True,False,443,28,367,23,b357a09c286682d9ccdf33a1cd6663b09bacb075fbc663c161e5d64244cf4609,"Li/M/O role-RDF: six unordered pairs, 0-6 A in 0.2-A bins; scale-free sorted lattice lengths, angles, and normalized volume",SM_Co_003,18,FP_047,4,recurring_density_cluster,job_158_Co_fe_-1.333_n4_generated_crystals_cif__gen_1,0.129130720072,job_148_Mn_fe_-0.904_n4_generated_crystals_cif__gen_2,1.0559442223,no_shared_cluster,D:\User\leoluis0705\Documents\xwechat_files\wxid_bbzc35ridmlc22_e97b\msg\file\2026-04\initial_1000_raw_generations.zip::raw_generations/job_039_Co_fe_-0.807_n4/generated_crystals_cif.zip::gen_0.cif,raw_generations/job_039_Co_fe_-0.807_n4/generated_crystals_cif.zip,gen_0.cif,True,False,False,0,0,-1.5000295639,0.519970436096,0.599970436096,False,4.2498152256,F,True,False,291,8,Cm,1.898185,9.893213
job_039_Co_fe_-0.807_n4_generated_crystals_cif__gen_3,D:\CGCNN_Formation_Energy_AL_Archive\experiments\reproducibility\staging\paired_confirmation_server_20260712\EARLY_LiM2O4_ALIGNN_HARD640_m2p18_m2p02_FLAT_20260617\job_039_Co_fe_-0.807_n4_generated_crystals_cif__gen_3.cif,True,515d72afcfe922b05ab9c28acc17e35e56ef6856aebb29ff3ecb1b45ce598106,Li1 Co2 O4,Li(CoO2)2,Co,Li(CoO2)2,-1.3987467289,,0.536563848405,saved CGCNN MC-dropout sigma; candidate-level ALIGNN uncertainty not available,-1.62256169319,0.536563848405,0.223814964294,0.0800098893198,300,0,4.88283294439,F,True,False,481,31,323,21,4d8aed552545c734754979aa4f1fa62a76a14e643bf4a0fa9a211ff3385ed0d8,"Li/M/O role-RDF: six unordered pairs, 0-6 A in 0.2-A bins; scale-free sorted lattice lengths, angles, and normalized volume",SM_Co_007,1,FP_SINGLETON_022,1,hdbscan_noise_singleton,job_133_Mn_fe_-1.385_n4_generated_crystals_cif__gen_3,0.88445857189,job_148_Mn_fe_-0.904_n4_generated_crystals_cif__gen_2,0.968576579261,no_shared_cluster,D:\User\leoluis0705\Documents\xwechat_files\wxid_bbzc35ridmlc22_e97b\msg\file\2026-04\initial_1000_raw_generations.zip::raw_generations/job_039_Co_fe_-0.807_n4/generated_crystals_cif.zip::gen_3.cif,raw_generations/job_039_Co_fe_-0.807_n4/generated_crystals_cif.zip,gen_3.cif,True,False,False,0,0,-1.3987467289,0.621253271103,0.701253271103,False,4.88283294439,F,True,False,351,8,Cm,1.828699,11.912982
job_040_Ti_fe_-1.018_n4_generated_crystals_cif__gen_1,D:\CGCNN_Formation_Energy_AL_Archive\experiments\reproducibility\staging\paired_confirmation_server_20260712\EARLY_LiM2O4_ALIGNN_HARD640_m2p18_m2p02_FLAT_20260617\job_040_Ti_fe_-1.018_n4_generated_crystals_cif__gen_1.cif,True,e4b9a724d7bafb3587bce548ff555727f95a16bd9fa8803a8a707920b2619c8c,Li1 Ti2 O4,LiTi2O4,Ti,LiTi2O4,-3.21646881104,,0.505717878407,saved CGCNN MC-dropout sigma; candidate-level ALIGNN uncertainty not available,-3.35341143608,0.505717878407,0.136942625046,0.0059764297156,582,0,-6.47793006897,A,True,False,516,33,611,39,7df7fdec7d325bc9f1beee539c78bd785881a3cabddca03bae0bfdcbb339c7cb,"Li/M/O role-RDF: six unordered pairs, 0-6 A in 0.2-A bins; scale-free sorted lattice lengths, angles, and normalized volume",SM_Ti_002,41,FP_038,19,recurring_density_cluster,job_027_Ti_fe_-1.340_n4_generated_crystals_cif__gen_2,0.206915513549,job_011_Mg_fe_-1.305_n4_generated_crystals_cif__gen_0,0.877425952968,no_shared_cluster,D:\User\leoluis0705\Documents\xwechat_files\wxid_bbzc35ridmlc22_e97b\msg\file\2026-04\initial_1000_raw_generations.zip::raw_generations/job_040_Ti_fe_-1.018_n4/generated_crystals_cif.zip::gen_1.cif,raw_generations/job_040_Ti_fe_-1.018_n4/generated_crystals_cif.zip,gen_1.cif,True,False,False,0,0,-3.21646881104,1.03646881103,1.11646881104,False,-6.47793006897,A,True,False,586,8,Cm,1.939488,10.128678
job_041_Ni_fe_-1.021_n4_generated_crystals_cif__gen_0,D:\CGCNN_Formation_Energy_AL_Archive\experiments\reproducibility\staging\paired_confirmation_server_20260712\EARLY_LiM2O4_ALIGNN_HARD640_m2p18_m2p02_FLAT_20260617\job_041_Ni_fe_-1.021_n4_generated_crystals_cif__gen_0.cif,True,8dfca2b8c346b701a8e34ac72c6827212dd7936567b286d80cd106d415893e3b,Li1 Ni2 O4,Li(NiO2)2,Ni,Li(NiO2)2,-1.06303727627,,0.561778432423,saved CGCNN MC-dropout sigma; candidate-level ALIGNN uncertainty not available,-1.4193880558,0.561778432423,0.356350779533,0.0546280156375,435,0,6.98101702332,F,True,False,601,38,482,31,b00e5550de3199b15ef7aae860edbd940ee135667d44b194b12132e4cac8445f,"Li/M/O role-RDF: six unordered pairs, 0-6 A in 0.2-A bins; scale-free sorted lattice lengths, angles, and normalized volume",SM_Ni_003,30,FP_024,8,recurring_density_cluster,job_046_Ni_fe_-0.861_n4_generated_crystals_cif__gen_2,0.0761609328292,job_136_Cr_fe_-1.181_n4_generated_crystals_cif__gen_0,0.611378528328,no_shared_cluster,D:\User\leoluis0705\Documents\xwechat_files\wxid_bbzc35ridmlc22_e97b\msg\file\2026-04\initial_1000_raw_generations.zip::raw_generations/job_041_Ni_fe_-1.021_n4/generated_crystals_cif.zip::gen_0.cif,raw_generations/job_041_Ni_fe_-1.021_n4/generated_crystals_cif.zip,gen_0.cif,True,False,False,0,0,-1.06303727627,0.956962723732,1.03696272373,False,6.98101702332,F,True,False,436,1,P1,1.877858,10.045614
job_041_Ni_fe_-1.021_n4_generated_crystals_cif__gen_1,D:\CGCNN_Formation_Energy_AL_Archive\experiments\reproducibility\staging\paired_confirmation_server_20260712\EARLY_LiM2O4_ALIGNN_HARD640_m2p18_m2p02_FLAT_20260617\job_041_Ni_fe_-1.021_n4_generated_crystals_cif__gen_1.cif,True,68aa3cf88e86f36925d7b04d15615186fa13d21957abd20fa6226d8af005195b,Li1 Ni2 O4,Li(NiO2)2,Ni,Li(NiO2)2,-1.02495384216,,0.714770539328,saved CGCNN MC-dropout sigma; candidate-level ALIGNN uncertainty not available,-1.38360571861,0.714770539328,0.35865187645,0.0540420031461,440,0,7.21903848648,F,True,False,543,34,485,31,ff11cf943b80ebfc78f61e5edbaf150c6b0039313087bec52903e1695ef0f542,"Li/M/O role-RDF: six unordered pairs, 0-6 A in 0.2-A bins; scale-free sorted lattice lengths, angles, and normalized volume",SM_Ni_003,30,FP_034,19,recurring_density_cluster,job_100_Co_fe_-1.485_n4_generated_crystals_cif__gen_0,0.16030826286,job_120_Cr_fe_-1.424_n4_generated_crystals_cif__gen_1,0.694084022927,no_shared_cluster,D:\User\leoluis0705\Documents\xwechat_files\wxid_bbzc35ridmlc22_e97b\msg\file\2026-04\initial_1000_raw_generations.zip::raw_generations/job_041_Ni_fe_-1.021_n4/generated_crystals_cif.zip::gen_1.cif,raw_generations/job_041_Ni_fe_-1.021_n4/generated_crystals_cif.zip,gen_1.cif,True,False,False,0,0,-1.02495384216,0.995046157837,1.07504615784,False,7.21903848648,F,True,False,528,1,P1,1.856434,9.718273
job_041_Ni_fe_-1.021_n4_generated_crystals_cif__gen_3,D:\CGCNN_Formation_Energy_AL_Archive\experiments\reproducibility\staging\paired_confirmation_server_20260712\EARLY_LiM2O4_ALIGNN_HARD640_m2p18_m2p02_FLAT_20260617\job_041_Ni_fe_-1.021_n4_generated_crystals_cif__gen_3.cif,True,f68dacb26af1e7ebe317128519aca1eb857ee1ee246ceb863e417986a0237447,Li1 Ni2 O4,Li(NiO2)2,Ni,Li(NiO2)2,-1.04009211063,,0.599063823916,saved CGCNN MC-dropout sigma; candidate-level ALIGNN uncertainty not available,-1.45709240437,0.599063823916,0.417000293732,0.0599314341728,400,0,7.12442430854,F,True,False,375,24,473,30,96bb563c877d7e64f571c64eaf9dc16f9229308d03d011d62c91b1fab4ff028c,"Li/M/O role-RDF: six unordered pairs, 0-6 A in 0.2-A bins; scale-free sorted lattice lengths, angles, and normalized volume",SM_Ni_001,14,FP_006,4,recurring_density_cluster,job_002_Ni_fe_-1.402_n4_generated_crystals_cif__gen_0,0.227296904164,job_120_Cr_fe_-1.424_n4_generated_crystals_cif__gen_1,0.962941041888,no_shared_cluster,D:\User\leoluis0705\Documents\xwechat_files\wxid_bbzc35ridmlc22_e97b\msg\file\2026-04\initial_1000_raw_generations.zip::raw_generations/job_041_Ni_fe_-1.021_n4/generated_crystals_cif.zip::gen_3.cif,raw_generations/job_041_Ni_fe_-1.021_n4/generated_crystals_cif.zip,gen_3.cif,True,False,False,0,0,-1.04009211063,0.979907889366,1.05990788937,False,7.12442430854,F,True,False,486,8,Cm,1.877437,9.893349
job_042_Cr_fe_-0.962_n4_generated_crystals_cif__gen_0,D:\CGCNN_Formation_Energy_AL_Archive\experiments\reproducibility\staging\paired_confirmation_server_20260712\EARLY_LiM2O4_ALIGNN_HARD640_m2p18_m2p02_FLAT_20260617\job_042_Cr_fe_-0.962_n4_generated_crystals_cif__gen_0.cif,True,e4f6e69265ee72a0909a84120471735122b57518a3441a46ba9af675b3630e08,Li1 Cr2 O4,LiCr2O4,Cr,LiCr2O4,-2.15813708305,,0.497580046139,saved CGCNN MC-dropout sigma; candidate-level ALIGNN uncertainty not available,-2.16426348686,0.497580046139,0.00612640380859,0.126680067889,200,1,0.136643230915,B,True,False,62,4,155,10,873a1debf9c6baeb27e71149e804e74c8558c5a58187662c4e80ea1039bd79e5,"Li/M/O role-RDF: six unordered pairs, 0-6 A in 0.2-A bins; scale-free sorted lattice lengths, angles, and normalized volume",SM_Cr_008,15,FP_SINGLETON_023,1,hdbscan_noise_singleton,job_068_Cr_fe_-1.051_n4_generated_crystals_cif__gen_0,0.394108003905,job_214_Cr_fe_-0.857_n4_generated_crystals_cif__gen_0,0.473250349721,same_structurematcher_cluster,D:\User\leoluis0705\Documents\xwechat_files\wxid_bbzc35ridmlc22_e97b\msg\file\2026-04\initial_1000_raw_generations.zip::raw_generations/job_042_Cr_fe_-0.962_n4/generated_crystals_cif.zip::gen_0.cif,raw_generations/job_042_Cr_fe_-0.962_n4/generated_crystals_cif.zip,gen_0.cif,True,False,True,5,-0.102418564162,-2.26055564722,0.080555647216,0.160555647216,False,-0.503472795098,A,True,False,30,1,P1,1.867167,9.855476
job_042_Cr_fe_-0.962_n4_generated_crystals_cif__gen_1,D:\CGCNN_Formation_Energy_AL_Archive\experiments\reproducibility\staging\paired_confirmation_server_20260712\EARLY_LiM2O4_ALIGNN_HARD640_m2p18_m2p02_FLAT_20260617\job_042_Cr_fe_-0.962_n4_generated_crystals_cif__gen_1.cif,True,3a6189a7d7a9ebdbf82efbf148f4150520e98f8667fc7a8674265411627d2349,Li1 Cr2 O4,LiCr2O4,Cr,LiCr2O4,-2.15616083145,,0.470360758857,saved CGCNN MC-dropout sigma; candidate-level ALIGNN uncertainty not available,-2.15423464775,0.470360758857,0.00192618370056,0.134168283059,148,1,0.148994803429,B,True,False,218,14,213,14,ac34bf94bf4d09aa468bfd5fc503350d7817bd7659b935a8c2560e747d6fbe9f,"Li/M/O role-RDF: six unordered pairs, 0-6 A in 0.2-A bins; scale-free sorted lattice lengths, angles, and normalized volume",SM_Cr_005,12,FP_019,19,recurring_density_cluster,job_013_Cr_fe_-1.388_n4_generated_crystals_cif__gen_2,0.280147256044,job_120_Cr_fe_-1.424_n4_generated_crystals_cif__gen_1,0.329159927765,same_structurematcher_cluster,D:\User\leoluis0705\Documents\xwechat_files\wxid_bbzc35ridmlc22_e97b\msg\file\2026-04\initial_1000_raw_generations.zip::raw_generations/job_042_Cr_fe_-0.962_n4/generated_crystals_cif.zip::gen_1.cif,raw_generations/job_042_Cr_fe_-0.962_n4/generated_crystals_cif.zip,gen_1.cif,True,False,True,5,-0.102418564162,-2.25857939561,0.078579395614,0.158579395614,False,-0.491121222585,A,True,False,27,8,Cm,1.764783,9.967569
job_042_Cr_fe_-0.962_n4_generated_crystals_cif__gen_2,D:\CGCNN_Formation_Energy_AL_Archive\experiments\reproducibility\staging\paired_confirmation_server_20260712\EARLY_LiM2O4_ALIGNN_HARD640_m2p18_m2p02_FLAT_20260617\job_042_Cr_fe_-0.962_n4_generated_crystals_cif__gen_2.cif,True,6cc9fa38c02cb613974b5af4c2d103bfe7b4a6520c1144b31a16baecd9a84b80,Li1 Cr2 O4,LiCr2O4,Cr,LiCr2O4,-2.1674489975,,0.512657104965,saved CGCNN MC-dropout sigma; candidate-level ALIGNN uncertainty not available,-2.10660934448,0.512657104965,0.0608396530151,0.123995951351,209,1,0.0784437656403,B,True,False,53,4,16,1,e4d98b4d9c4b419b8fa91f7640fc2aebceceaaacc81726b20a2f6a96d0720a84,"Li/M/O role-RDF: six unordered pairs, 0-6 A in 0.2-A bins; scale-free sorted lattice lengths, angles, and normalized volume",SM_Cr_006,14,FP_027,5,recurring_density_cluster,job_016_Cr_fe_-1.264_n4_generated_crystals_cif__gen_3,0.195053589759,job_249_Cr_fe_-1.500_n4_generated_crystals_cif__gen_1,0.854916840074,no_shared_cluster,D:\User\leoluis0705\Documents\xwechat_files\wxid_bbzc35ridmlc22_e97b\msg\file\2026-04\initial_1000_raw_generations.zip::raw_generations/job_042_Cr_fe_-0.962_n4/generated_crystals_cif.zip::gen_2.cif,raw_generations/job_042_Cr_fe_-0.962_n4/generated_crystals_cif.zip,gen_2.cif,True,False,True,5,-0.102418564162,-2.26986756166,0.08986756166,0.16986756166,False,-0.561672260373,A,True,False,38,8,Cm,1.934216,10.334965
job_042_Cr_fe_-0.962_n4_generated_crystals_cif__gen_3,D:\CGCNN_Formation_Energy_AL_Archive\experiments\reproducibility\staging\paired_confirmation_server_20260712\EARLY_LiM2O4_ALIGNN_HARD640_m2p18_m2p02_FLAT_20260617\job_042_Cr_fe_-0.962_n4_generated_crystals_cif__gen_3.cif,True,00c088fbb2cf798fd17b7e206ae3deecbe85575cbc377e70c9acb060e9763ebc,Li1 Cr2 O4,LiCr2O4,Cr,LiCr2O4,-2.18227124214,,0.448403983079,saved CGCNN MC-dropout sigma; candidate-level ALIGNN uncertainty not available,-2.13792562485,0.448403983079,0.0443456172943,0.141099194859,118,0,-0.0141952633858,A,True,False,148,10,183,12,e8749b25a1c309e686326f7211bea61455b2e57e15efecfec1e3b980d124cec7,"Li/M/O role-RDF: six unordered pairs, 0-6 A in 0.2-A bins; scale-free sorted lattice lengths, angles, and normalized volume",SM_Cr_004,12,FP_SINGLETON_024,1,hdbscan_noise_singleton,job_200_Cr_fe_-1.108_n4_generated_crystals_cif__gen_3,0.340838913106,job_136_Cr_fe_-1.181_n4_generated_crystals_cif__gen_0,0.484200213575,no_shared_cluster,D:\User\leoluis0705\Documents\xwechat_files\wxid_bbzc35ridmlc22_e97b\msg\file\2026-04\initial_1000_raw_generations.zip::raw_generations/job_042_Cr_fe_-0.962_n4/generated_crystals_cif.zip::gen_3.cif,raw_generations/job_042_Cr_fe_-0.962_n4/generated_crystals_cif.zip,gen_3.cif,True,False,True,5,-0.102418564162,-2.2846898063,0.104689806304,0.184689806304,False,-0.654311289399,A,True,False,53,8,Cm,1.96311,10.465212
job_043_Mn_fe_-1.340_n4_generated_crystals_cif__gen_1,D:\CGCNN_Formation_Energy_AL_Archive\experiments\reproducibility\staging\paired_confirmation_server_20260712\EARLY_LiM2O4_ALIGNN_HARD640_m2p18_m2p02_FLAT_20260617\job_043_Mn_fe_-1.340_n4_generated_crystals_cif__gen_1.cif,True,1c5e42b8167deba2e4340a8118407ff87d329d7c91ef8f472eaea9a79c5907b5,Li1 Mn2 O4,LiMn2O4,Mn,LiMn2O4,-2.03938102722,,0.465411204543,saved CGCNN MC-dropout sigma; candidate-level ALIGNN uncertainty not available,-2.16535162926,0.465411204543,0.125970602036,0.135151011231,144,1,0.878868579864,E,True,False,177,12,215,14,1bc620c3b6afe311c641f5b350f0d6fa4c8ee610d965d9ac3b03d2ec67801804,"Li/M/O role-RDF: six unordered pairs, 0-6 A in 0.2-A bins; scale-free sorted lattice lengths, angles, and normalized volume",SM_Mn_004,35,FP_044,8,recurring_density_cluster,job_043_Mn_fe_-1.340_n4_generated_crystals_cif__gen_3,0.0922388861727,job_044_Mn_fe_-0.936_n4_generated_crystals_cif__gen_1,0.370519844042,same_structurematcher_cluster,D:\User\leoluis0705\Documents\xwechat_files\wxid_bbzc35ridmlc22_e97b\msg\file\2026-04\initial_1000_raw_generations.zip::raw_generations/job_043_Mn_fe_-1.340_n4/generated_crystals_cif.zip::gen_1.cif,raw_generations/job_043_Mn_fe_-1.340_n4/generated_crystals_cif.zip,gen_1.cif,True,False,True,3,0.176542943114,-1.86283808411,0.157161915893,0.237161915893,False,1.98226197433,F,True,False,111,6,Pm,1.936892,10.964811
job_043_Mn_fe_-1.340_n4_generated_crystals_cif__gen_3,D:\CGCNN_Formation_Energy_AL_Archive\experiments\reproducibility\staging\paired_confirmation_server_20260712\EARLY_LiM2O4_ALIGNN_HARD640_m2p18_m2p02_FLAT_20260617\job_043_Mn_fe_-1.340_n4_generated_crystals_cif__gen_3.cif,True,06dff3f9d070d72d2dce810957c1a4b074ef447478e0a37953608a87a3c91b5b,Li1 Mn2 O4,LiMn2O4,Mn,LiMn2O4,-2.03434038162,,0.581087479774,saved CGCNN MC-dropout sigma; candidate-level ALIGNN uncertainty not available,-2.15551757812,0.581087479774,0.121177196503,0.109005572338,231,1,0.910372614861,E,True,False,23,2,222,14,de0b2a98ad269314ec7db253d5618406fe0da2de732059f15ee525478bd17cbc,"Li/M/O role-RDF: six unordered pairs, 0-6 A in 0.2-A bins; scale-free sorted lattice lengths, angles, and normalized volume",SM_Mn_004,35,FP_044,8,recurring_density_cluster,job_043_Mn_fe_-1.340_n4_generated_crystals_cif__gen_1,0.0922388861727,job_044_Mn_fe_-0.936_n4_generated_crystals_cif__gen_1,0.369703853437,same_structurematcher_cluster,D:\User\leoluis0705\Documents\xwechat_files\wxid_bbzc35ridmlc22_e97b\msg\file\2026-04\initial_1000_raw_generations.zip::raw_generations/job_043_Mn_fe_-1.340_n4/generated_crystals_cif.zip::gen_3.cif,raw_generations/job_043_Mn_fe_-1.340_n4/generated_crystals_cif.zip,gen_3.cif,True,False,True,3,0.176542943114,-1.85779743851,0.162202561492,0.242202561492,False,2.01376600932,F,True,False,115,6,Pm,1.931046,10.918713
job_044_Mn_fe_-0.936_n4_generated_crystals_cif__gen_0,D:\CGCNN_Formation_Energy_AL_Archive\experiments\reproducibility\staging\paired_confirmation_server_20260712\EARLY_LiM2O4_ALIGNN_HARD640_m2p18_m2p02_FLAT_20260617\job_044_Mn_fe_-0.936_n4_generated_crystals_cif__gen_0.cif,True,353809a23a15c0dabfdee78926939395784abef3a1de378626b4a45ed84a0d6f,Li1 Mn2 O4,LiMn2O4,Mn,LiMn2O4,-2.01116275787,,0.468316161942,saved CGCNN MC-dropout sigma; candidate-level ALIGNN uncertainty not available,-2.15353512764,0.468316161942,0.142372369766,0.134763625693,145,0,1.05523276329,F,True,False,168,11,159,10,c2ef6316e2502fd9dcf933d610f7a9a34d1fff77d0da8eddac82c55e5ae748cb,"Li/M/O role-RDF: six unordered pairs, 0-6 A in 0.2-A bins; scale-free sorted lattice lengths, angles, and normalized volume",SM_Mn_005,9,FP_SINGLETON_025,1,hdbscan_noise_singleton,job_066_Mn_fe_-1.023_n4_generated_crystals_cif__gen_0,0.421296201853,job_249_Cr_fe_-1.500_n4_generated_crystals_cif__gen_1,0.796637467501,no_shared_cluster,D:\User\leoluis0705\Documents\xwechat_files\wxid_bbzc35ridmlc22_e97b\msg\file\2026-04\initial_1000_raw_generations.zip::raw_generations/job_044_Mn_fe_-0.936_n4/generated_crystals_cif.zip::gen_0.cif,raw_generations/job_044_Mn_fe_-0.936_n4/generated_crystals_cif.zip,gen_0.cif,True,False,True,3,0.176542943114,-1.83461981476,0.185380185241,0.265380185241,False,2.15862615775,F,True,False,153,5,C2,1.923382,10.943449
job_044_Mn_fe_-0.936_n4_generated_crystals_cif__gen_1,D:\CGCNN_Formation_Energy_AL_Archive\experiments\reproducibility\staging\paired_confirmation_server_20260712\EARLY_LiM2O4_ALIGNN_HARD640_m2p18_m2p02_FLAT_20260617\job_044_Mn_fe_-0.936_n4_generated_crystals_cif__gen_1.cif,True,cb2abf4b7074c2d692e82ae87ab9ed61b51546ecf0414aab8f6582199ed2280b,Li1 Mn2 O4,LiMn2O4,Mn,LiMn2O4,-2.02304506302,,0.443360839392,saved CGCNN MC-dropout sigma; candidate-level ALIGNN uncertainty not available,-2.15100622177,0.443360839392,0.127961158752,0.14225849856,109,1,0.980968356133,E,True,False,18,2,218,14,4f9ce981a94bf82d0c2f624a3e7efdf9e16b3be86376682185150f2d9d9ace2f,"Li/M/O role-RDF: six unordered pairs, 0-6 A in 0.2-A bins; scale-free sorted lattice lengths, angles, and normalized volume",SM_Mn_004,35,FP_048,5,recurring_density_cluster,job_125_Mn_fe_-1.190_n4_generated_crystals_cif__gen_1,0.160154322111,job_167_Mn_fe_-0.885_n4_generated_crystals_cif__gen_3,0.436930617365,historical_dft_candidate_self,D:\User\leoluis0705\Documents\xwechat_files\wxid_bbzc35ridmlc22_e97b\msg\file\2026-04\initial_1000_raw_generations.zip::raw_generations/job_044_Mn_fe_-0.936_n4/generated_crystals_cif.zip::gen_1.cif,raw_generations/job_044_Mn_fe_-0.936_n4/generated_crystals_cif.zip,gen_1.cif,True,True,True,3,0.176542943114,-1.8465021199,0.173497880095,0.253497880095,False,2.0843617506,F,True,False,131,10,P2/m,1.927294,10.718393
job_044_Mn_fe_-0.936_n4_generated_crystals_cif__gen_2,D:\CGCNN_Formation_Energy_AL_Archive\experiments\reproducibility\staging\paired_confirmation_server_20260712\EARLY_LiM2O4_ALIGNN_HARD640_m2p18_m2p02_FLAT_20260617\job_044_Mn_fe_-0.936_n4_generated_crystals_cif__gen_2.cif,True,e1d5895cc2cfe6a2292d9fcf6c5a4049983ce86b1f4c1f4662757ec0cfefe4df,Li1 Mn2 O4,LiMn2O4,Mn,LiMn2O4,-2.00173711777,,0.588983539497,saved CGCNN MC-dropout sigma; candidate-level ALIGNN uncertainty not available,-2.15396642685,0.588983539497,0.152229309082,0.107592325334,237,0,1.11414301395,F,True,False,147,10,214,14,1801c32247ec6261f0bfd8cb94ff40a2685f2dd2c3222f8b6e428abef1f73356,"Li/M/O role-RDF: six unordered pairs, 0-6 A in 0.2-A bins; scale-free sorted lattice lengths, angles, and normalized volume",SM_Mn_004,35,FP_048,5,recurring_density_cluster,job_233_Mn_fe_-1.136_n4_generated_crystals_cif__gen_2,0.138750955926,job_044_Mn_fe_-0.936_n4_generated_crystals_cif__gen_1,0.243620025584,same_structurematcher_cluster,D:\User\leoluis0705\Documents\xwechat_files\wxid_bbzc35ridmlc22_e97b\msg\file\2026-04\initial_1000_raw_generations.zip::raw_generations/job_044_Mn_fe_-0.936_n4/generated_crystals_cif.zip::gen_2.cif,raw_generations/job_044_Mn_fe_-0.936_n4/generated_crystals_cif.zip,gen_2.cif,True,False,True,3,0.176542943114,-1.82519417465,0.194805825347,0.274805825347,False,2.21753640842,F,True,False,175,6,Pm,1.919905,10.627316
job_044_Mn_fe_-0.936_n4_generated_crystals_cif__gen_3,D:\CGCNN_Formation_Energy_AL_Archive\experiments\reproducibility\staging\paired_confirmation_server_20260712\EARLY_LiM2O4_ALIGNN_HARD640_m2p18_m2p02_FLAT_20260617\job_044_Mn_fe_-0.936_n4_generated_crystals_cif__gen_3.cif,True,32a4f2457bb107bb31bdf2e64e3d1f06e59c54b2051238e8fd73518b65320f11,Li1 Mn2 O4,LiMn2O4,Mn,LiMn2O4,-2.00286650658,,0.566478320543,saved CGCNN MC-dropout sigma; candidate-level ALIGNN uncertainty not available,-2.22554016113,0.566478320543,0.222673654556,0.109600106011,228,0,1.1070843339,F,True,False,151,10,36,3,64b4e6365b5819ef5b06de650183a50f9229115c7a23be701417ef0c1e0cc5a0,"Li/M/O role-RDF: six unordered pairs, 0-6 A in 0.2-A bins; scale-free sorted lattice lengths, angles, and normalized volume",SM_Mn_008,9,FP_031,9,recurring_density_cluster,job_176_Mn_fe_-0.980_n4_generated_crystals_cif__gen_2,0.225636761375,job_120_Cr_fe_-1.424_n4_generated_crystals_cif__gen_1,0.642449420224,no_shared_cluster,D:\User\leoluis0705\Documents\xwechat_files\wxid_bbzc35ridmlc22_e97b\msg\file\2026-04\initial_1000_raw_generations.zip::raw_generations/job_044_Mn_fe_-0.936_n4/generated_crystals_cif.zip::gen_3.cif,raw_generations/job_044_Mn_fe_-0.936_n4/generated_crystals_cif.zip,gen_3.cif,True,False,True,3,0.176542943114,-1.82632356346,0.193676436538,0.273676436538,False,2.21047772836,F,True,False,174,1,P1,1.900423,11.484391
job_045_Al_fe_-1.313_n4_generated_crystals_cif__gen_0,D:\CGCNN_Formation_Energy_AL_Archive\experiments\reproducibility\staging\paired_confirmation_server_20260712\EARLY_LiM2O4_ALIGNN_HARD640_m2p18_m2p02_FLAT_20260617\job_045_Al_fe_-1.313_n4_generated_crystals_cif__gen_0.cif,True,1c4d9382041dae4de15a56eadb3ad18673b1f1a0ff300565c63fc451e79a25db,Li1 Al2 O4,LiAl2O4,Al,LiAl2O4,-3.16324138641,,0.455202541974,saved CGCNN MC-dropout sigma; candidate-level ALIGNN uncertainty not available,-2.61187744141,0.455202541974,0.551363945007,0.0746141140754,316,0,-6.14525866508,A,True,False,381,24,453,29,23bb431e9b327bb6b48da9f35154702af7f73ad346277fb1cd6ba79d874fcd2f,"Li/M/O role-RDF: six unordered pairs, 0-6 A in 0.2-A bins; scale-free sorted lattice lengths, angles, and normalized volume",SM_Al_003,9,FP_021,6,recurring_density_cluster,job_090_Al_fe_-0.837_n4_generated_crystals_cif__gen_3,0.0510242117576,job_204_Cr_fe_-0.932_n4_generated_crystals_cif__gen_3,1.14552158796,no_shared_cluster,D:\User\leoluis0705\Documents\xwechat_files\wxid_bbzc35ridmlc22_e97b\msg\file\2026-04\initial_1000_raw_generations.zip::raw_generations/job_045_Al_fe_-1.313_n4/generated_crystals_cif.zip::gen_0.cif,raw_generations/job_045_Al_fe_-1.313_n4/generated_crystals_cif.zip,gen_0.cif,True,False,False,0,0,-3.16324138641,0.983241386414,1.06324138641,False,-6.14525866508,A,True,False,494,119,I-4m2,1.895898,9.059463
job_045_Al_fe_-1.313_n4_generated_crystals_cif__gen_1,D:\CGCNN_Formation_Energy_AL_Archive\experiments\reproducibility\staging\paired_confirmation_server_20260712\EARLY_LiM2O4_ALIGNN_HARD640_m2p18_m2p02_FLAT_20260617\job_045_Al_fe_-1.313_n4_generated_crystals_cif__gen_1.cif,True,3d02d582cbe412131eae2971f23521c1eea5aec3dae62ee2557f2e25a88409eb,Li1 Al2 O4,LiAl2O4,Al,LiAl2O4,-2.945271492,,0.511357867046,saved CGCNN MC-dropout sigma; candidate-level ALIGNN uncertainty not available,-2.54667615891,0.511357867046,0.398595333099,0.085152094604,278,0,-4.78294682503,A,True,False,394,25,334,21,18aaae83c3d807cf53dff00ce45f9d68cdbe24267b59ae2ed5a697bba2456b4d,"Li/M/O role-RDF: six unordered pairs, 0-6 A in 0.2-A bins; scale-free sorted lattice lengths, angles, and normalized volume",SM_Al_007,1,FP_SINGLETON_026,1,hdbscan_noise_singleton,job_157_Ni_fe_-1.031_n4_generated_crystals_cif__gen_1,1.19683079647,job_086_Mn_fe_-0.988_n4_generated_crystals_cif__gen_2,1.33837550332,no_shared_cluster,D:\User\leoluis0705\Documents\xwechat_files\wxid_bbzc35ridmlc22_e97b\msg\file\2026-04\initial_1000_raw_generations.zip::raw_generations/job_045_Al_fe_-1.313_n4/generated_crystals_cif.zip::gen_1.cif,raw_generations/job_045_Al_fe_-1.313_n4/generated_crystals_cif.zip,gen_1.cif,True,False,False,0,0,-2.945271492,0.765271492004,0.845271492004,False,-4.78294682503,A,True,False,382,1,P1,1.83446,8.97666
job_045_Al_fe_-1.313_n4_generated_crystals_cif__gen_3,D:\CGCNN_Formation_Energy_AL_Archive\experiments\reproducibility\staging\paired_confirmation_server_20260712\EARLY_LiM2O4_ALIGNN_HARD640_m2p18_m2p02_FLAT_20260617\job_045_Al_fe_-1.313_n4_generated_crystals_cif__gen_3.cif,True,30265728ea261a4da4c832c63be09d6c6d06ecca49c61f3cb6ffc98d202bb09b,Li1 Al2 O4,LiAl2O4,Al,LiAl2O4,-3.03607296944,,0.456932621878,saved CGCNN MC-dropout sigma; candidate-level ALIGNN uncertainty not available,-2.56718611717,0.456932621878,0.468886852264,0.0828455363704,286,0,-5.35045605898,A,True,False,337,22,452,29,76d9e199c7ffb6be92c8dcdcefa7a8a1b104be07a18d624c84eba0bc3a46c8ec,"Li/M/O role-RDF: six unordered pairs, 0-6 A in 0.2-A bins; scale-free sorted lattice lengths, angles, and normalized volume",SM_Al_008,2,FP_SINGLETON_027,1,hdbscan_noise_singleton,job_096_Al_fe_-0.803_n4_generated_crystals_cif__gen_3,0.838613778934,job_120_Cr_fe_-1.424_n4_generated_crystals_cif__gen_1,1.24058140755,no_shared_cluster,D:\User\leoluis0705\Documents\xwechat_files\wxid_bbzc35ridmlc22_e97b\msg\file\2026-04\initial_1000_raw_generations.zip::raw_generations/job_045_Al_fe_-1.313_n4/generated_crystals_cif.zip::gen_3.cif,raw_generations/job_045_Al_fe_-1.313_n4/generated_crystals_cif.zip,gen_3.cif,True,False,False,0,0,-3.03607296944,0.856072969437,0.936072969437,False,-5.35045605898,A,True,False,387,1,P1,1.811898,8.963556
job_046_Ni_fe_-0.861_n4_generated_crystals_cif__gen_0,D:\CGCNN_Formation_Energy_AL_Archive\experiments\reproducibility\staging\paired_confirmation_server_20260712\EARLY_LiM2O4_ALIGNN_HARD640_m2p18_m2p02_FLAT_20260617\job_046_Ni_fe_-0.861_n4_generated_crystals_cif__gen_0.cif,True,27630403cda22ecfc5b265f525be6e6f3777e9927a30fc5eb0868ba2ab541791,Li1 Ni2 O4,Li(NiO2)2,Ni,Li(NiO2)2,-0.996615290642,,0.526382789975,saved CGCNN MC-dropout sigma; candidate-level ALIGNN uncertainty not available,-1.41903448105,0.526382789975,0.422419190407,0.052653992732,449,0,7.39615443349,F,True,False,434,28,529,34,faa1293fb48b38a8017cef75b5357841918a513b428fc2d6fd9cb3dd58a154fc,"Li/M/O role-RDF: six unordered pairs, 0-6 A in 0.2-A bins; scale-free sorted lattice lengths, angles, and normalized volume",SM_Ni_006,7,FP_041,12,recurring_density_cluster,job_161_Co_fe_-0.850_n4_generated_crystals_cif__gen_2,0.454773349777,job_204_Cr_fe_-0.932_n4_generated_crystals_cif__gen_3,0.827828769701,no_shared_cluster,D:\User\leoluis0705\Documents\xwechat_files\wxid_bbzc35ridmlc22_e97b\msg\file\2026-04\initial_1000_raw_generations.zip::raw_generations/job_046_Ni_fe_-0.861_n4/generated_crystals_cif.zip::gen_0.cif,raw_generations/job_046_Ni_fe_-0.861_n4/generated_crystals_cif.zip,gen_0.cif,True,False,False,0,0,-0.996615290642,1.02338470936,1.10338470936,False,7.39615443349,F,True,False,567,44,Imm2,1.885633,9.679437
job_046_Ni_fe_-0.861_n4_generated_crystals_cif__gen_1,D:\CGCNN_Formation_Energy_AL_Archive\experiments\reproducibility\staging\paired_confirmation_server_20260712\EARLY_LiM2O4_ALIGNN_HARD640_m2p18_m2p02_FLAT_20260617\job_046_Ni_fe_-0.861_n4_generated_crystals_cif__gen_1.cif,True,61aa96a7b6e13135b49822c2a88b1ae93e08c14faf0a372a27742ae165011f09,Li1 Ni2 O4,Li(NiO2)2,Ni,Li(NiO2)2,-1.05685734749,,0.467426401161,saved CGCNN MC-dropout sigma; candidate-level ALIGNN uncertainty not available,-1.4592962265,0.467426401161,0.402438879013,0.0536016595347,443,0,7.0196415782,F,True,False,537,34,432,27,ca475eca0326d3517b75fa901244ef0f3b28536d22e85c493e9c7c47b55256ed,"Li/M/O role-RDF: six unordered pairs, 0-6 A in 0.2-A bins; scale-free sorted lattice lengths, angles, and normalized volume",SM_Ni_007,2,FP_SINGLETON_028,1,hdbscan_noise_singleton,job_091_Ni_fe_-1.314_n4_generated_crystals_cif__gen_3,0.317807079474,job_148_Mn_fe_-0.904_n4_generated_crystals_cif__gen_2,1.38997255095,no_shared_cluster,D:\User\leoluis0705\Documents\xwechat_files\wxid_bbzc35ridmlc22_e97b\msg\file\2026-04\initial_1000_raw_generations.zip::raw_generations/job_046_Ni_fe_-0.861_n4/generated_crystals_cif.zip::gen_1.cif,raw_generations/job_046_Ni_fe_-0.861_n4/generated_crystals_cif.zip,gen_1.cif,True,False,False,0,0,-1.05685734749,0.963142652512,1.04314265251,False,7.0196415782,F,True,False,446,10,P2/m,1.866187,9.936405
job_046_Ni_fe_-0.861_n4_generated_crystals_cif__gen_2,D:\CGCNN_Formation_Energy_AL_Archive\experiments\reproducibility\staging\paired_confirmation_server_20260712\EARLY_LiM2O4_ALIGNN_HARD640_m2p18_m2p02_FLAT_20260617\job_046_Ni_fe_-0.861_n4_generated_crystals_cif__gen_2.cif,True,b512fac8811ad3d4c130aec8845c0086f1aeb8d42d00a9ee0b5993198436725a,Li1 Ni2 O4,Li(NiO2)2,Ni,Li(NiO2)2,-1.06947350502,,0.501283727384,saved CGCNN MC-dropout sigma; candidate-level ALIGNN uncertainty not available,-1.43178117275,0.501283727384,0.362307667732,0.0525424735944,450,0,6.94079059362,F,True,False,317,20,251,16,f4b1f3f5abb07d7f5ba52f4c75f988ea780be29b4c9e967c04c0d8fefc7bfaa9,"Li/M/O role-RDF: six unordered pairs, 0-6 A in 0.2-A bins; scale-free sorted lattice lengths, angles, and normalized volume",SM_Ni_003,30,FP_024,8,recurring_density_cluster,job_041_Ni_fe_-1.021_n4_generated_crystals_cif__gen_0,0.0761609328292,job_136_Cr_fe_-1.181_n4_generated_crystals_cif__gen_0,0.628294031288,no_shared_cluster,D:\User\leoluis0705\Documents\xwechat_files\wxid_bbzc35ridmlc22_e97b\msg\file\2026-04\initial_1000_raw_generations.zip::raw_generations/job_046_Ni_fe_-0.861_n4/generated_crystals_cif.zip::gen_2.cif,raw_generations/job_046_Ni_fe_-0.861_n4/generated_crystals_cif.zip,gen_2.cif,True,False,False,0,0,-1.06947350502,0.95052649498,1.03052649498,False,6.94079059362,F,True,False,422,1,P1,1.867345,10.013699
job_046_Ni_fe_-0.861_n4_generated_crystals_cif__gen_3,D:\CGCNN_Formation_Energy_AL_Archive\experiments\reproducibility\staging\paired_confirmation_server_20260712\EARLY_LiM2O4_ALIGNN_HARD640_m2p18_m2p02_FLAT_20260617\job_046_Ni_fe_-0.861_n4_generated_crystals_cif__gen_3.cif,True,148b8c17fd0144628f0ed9efa8e9a77c53162746ecf4e4bf6a579aea90b1c1ca,Li1 Ni2 O4,Li(NiO2)2,Ni,Li(NiO2)2,-1.06097018719,,0.500533547117,saved CGCNN MC-dropout sigma; candidate-level ALIGNN uncertainty not available,-1.44068920612,0.500533547117,0.379719018936,0.0537255054652,442,0,6.99393633008,F,True,False,582,37,478,30,e7d1a4fde40291c62e51f4d3bc681b88aab02a4f388dc6bafd81b17df1ea5646,"Li/M/O role-RDF: six unordered pairs, 0-6 A in 0.2-A bins; scale-free sorted lattice lengths, angles, and normalized volume",SM_Ni_003,30,FP_SINGLETON_029,1,hdbscan_noise_singleton,job_099_Ni_fe_-1.343_n4_generated_crystals_cif__gen_1,0.301080029567,job_136_Cr_fe_-1.181_n4_generated_crystals_cif__gen_0,0.631489940299,no_shared_cluster,D:\User\leoluis0705\Documents\xwechat_files\wxid_bbzc35ridmlc22_e97b\msg\file\2026-04\initial_1000_raw_generations.zip::raw_generations/job_046_Ni_fe_-0.861_n4/generated_crystals_cif.zip::gen_3.cif,raw_generations/job_046_Ni_fe_-0.861_n4/generated_crystals_cif.zip,gen_3.cif,True,False,False,0,0,-1.06097018719,0.959029812813,1.03902981281,False,6.99393633008,F,True,False,441,1,P1,1.877028,9.975964
job_047_Mg_fe_-0.887_n4_generated_crystals_cif__gen_3,D:\CGCNN_Formation_Energy_AL_Archive\experiments\reproducibility\staging\paired_confirmation_server_20260712\EARLY_LiM2O4_ALIGNN_HARD640_m2p18_m2p02_FLAT_20260617\job_047_Mg_fe_-0.887_n4_generated_crystals_cif__gen_3.cif,True,005e5dbea05af585725d0da3dae14cd1085d4fd3bc4fb2e3f0e32d3b67b130f1,Li1 Mg2 O4,LiMg2O4,Mg,LiMg2O4,-2.19157314301,,0.47645541223,saved CGCNN MC-dropout sigma; candidate-level ALIGNN uncertainty not available,-3.06726026535,0.47645541223,0.875687122345,0.0173130031543,518,0,-0.0723321437836,A,True,False,259,17,294,19,97dd129255aeb1eadc155c54295342c0500b5b47d5aa5e168557916d28e6b467,"Li/M/O role-RDF: six unordered pairs, 0-6 A in 0.2-A bins; scale-free sorted lattice lengths, angles, and normalized volume",SM_Mg_004,15,FP_035,6,recurring_density_cluster,job_076_Mg_fe_-1.074_n4_generated_crystals_cif__gen_0,0.256971544952,job_011_Mg_fe_-1.305_n4_generated_crystals_cif__gen_0,0.802203946164,same_structurematcher_cluster,D:\User\leoluis0705\Documents\xwechat_files\wxid_bbzc35ridmlc22_e97b\msg\file\2026-04\initial_1000_raw_generations.zip::raw_generations/job_047_Mg_fe_-0.887_n4/generated_crystals_cif.zip::gen_3.cif,raw_generations/job_047_Mg_fe_-0.887_n4/generated_crystals_cif.zip,gen_3.cif,True,False,True,2,0.651052398728,-1.54052074428,0.479479255723,0.559479255723,False,3.99674534827,F,True,False,256,1,P1,2.033782,11.063602
job_048_Co_fe_-1.351_n4_generated_crystals_cif__gen_0,D:\CGCNN_Formation_Energy_AL_Archive\experiments\reproducibility\staging\paired_confirmation_server_20260712\EARLY_LiM2O4_ALIGNN_HARD640_m2p18_m2p02_FLAT_20260617\job_048_Co_fe_-1.351_n4_generated_crystals_cif__gen_0.cif,True,ea9a7e3d8a893cd87f3396d1da218fb966c30afc00a5fd9ca0a5857abac31bb7,Li1 Co2 O4,Li(CoO2)2,Co,Li(CoO2)2,-1.39241564274,,0.622351317675,saved CGCNN MC-dropout sigma; candidate-level ALIGNN uncertainty not available,-1.60267996788,0.622351317675,0.210264325142,0.074456102071,317,0,4.92240223289,F,True,False,498,32,422,27,a13b4e6781f40056604bfdd54367c6f72127ee9b3fffff22f84c3aca01db2a2b,"Li/M/O role-RDF: six unordered pairs, 0-6 A in 0.2-A bins; scale-free sorted lattice lengths, angles, and normalized volume",SM_Co_008,1,FP_SINGLETON_030,1,hdbscan_noise_singleton,job_123_Ni_fe_-1.305_n4_generated_crystals_cif__gen_0,0.662673504389,job_249_Cr_fe_-1.500_n4_generated_crystals_cif__gen_1,0.759344284898,no_shared_cluster,D:\User\leoluis0705\Documents\xwechat_files\wxid_bbzc35ridmlc22_e97b\msg\file\2026-04\initial_1000_raw_generations.zip::raw_generations/job_048_Co_fe_-1.351_n4/generated_crystals_cif.zip::gen_0.cif,raw_generations/job_048_Co_fe_-1.351_n4/generated_crystals_cif.zip,gen_0.cif,True,False,False,0,0,-1.39241564274,0.627584357262,0.707584357262,False,4.92240223289,F,True,False,353,8,Cm,1.888195,9.964427
job_048_Co_fe_-1.351_n4_generated_crystals_cif__gen_1,D:\CGCNN_Formation_Energy_AL_Archive\experiments\reproducibility\staging\paired_confirmation_server_20260712\EARLY_LiM2O4_ALIGNN_HARD640_m2p18_m2p02_FLAT_20260617\job_048_Co_fe_-1.351_n4_generated_crystals_cif__gen_1.cif,True,5e54c66bd7517a21394c947ae96cd32cb06f5c9195f70ed223a50d7df1eb4fd2,Li1 Co2 O4,Li(CoO2)2,Co,Li(CoO2)2,-1.50661051273,,0.716263715224,saved CGCNN MC-dropout sigma; candidate-level ALIGNN uncertainty not available,-1.51830053329,0.716263715224,0.0116900205612,0.0640366500368,388,0,4.20868429542,F,True,False,392,25,375,24,18e5a431d9efafde4d1a4758f0f21af5ef0435627f0c4f9eaaa229b7bd76c59e,"Li/M/O role-RDF: six unordered pairs, 0-6 A in 0.2-A bins; scale-free sorted lattice lengths, angles, and normalized volume",SM_Co_004,18,FP_SINGLETON_031,1,hdbscan_noise_singleton,job_032_Co_fe_-1.386_n4_generated_crystals_cif__gen_0,0.293946862175,job_136_Cr_fe_-1.181_n4_generated_crystals_cif__gen_0,0.721388795089,no_shared_cluster,D:\User\leoluis0705\Documents\xwechat_files\wxid_bbzc35ridmlc22_e97b\msg\file\2026-04\initial_1000_raw_generations.zip::raw_generations/job_048_Co_fe_-1.351_n4/generated_crystals_cif.zip::gen_1.cif,raw_generations/job_048_Co_fe_-1.351_n4/generated_crystals_cif.zip,gen_1.cif,True,False,False,0,0,-1.50661051273,0.513389487267,0.593389487267,False,4.20868429542,F,True,False,283,10,P2/m,1.901925,9.783259
job_048_Co_fe_-1.351_n4_generated_crystals_cif__gen_3,D:\CGCNN_Formation_Energy_AL_Archive\experiments\reproducibility\staging\paired_confirmation_server_20260712\EARLY_LiM2O4_ALIGNN_HARD640_m2p18_m2p02_FLAT_20260617\job_048_Co_fe_-1.351_n4_generated_crystals_cif__gen_3.cif,True,326e0b1b167459312e7a7b7090ec00f53049610f3f96b0391f04c4f8002094fc,Li1 Co2 O4,Li(CoO2)2,Co,Li(CoO2)2,-1.35792398453,,0.453245058803,saved CGCNN MC-dropout sigma; candidate-level ALIGNN uncertainty not available,-1.65357470512,0.453245058803,0.295650720596,0.086688457071,270,0,5.1379750967,F,True,False,552,35,429,27,5c91dbd4afb7afba1d4c819f7369db42b9e6271ac4dde9da3e9df298f4e7da79,"Li/M/O role-RDF: six unordered pairs, 0-6 A in 0.2-A bins; scale-free sorted lattice lengths, angles, and normalized volume",SM_Co_009,1,FP_SINGLETON_032,1,hdbscan_noise_singleton,job_184_Co_fe_-1.469_n4_generated_crystals_cif__gen_0,0.930133778757,job_006_Mn_fe_-1.347_n4_generated_crystals_cif__gen_1,1.33307445833,no_shared_cluster,D:\User\leoluis0705\Documents\xwechat_files\wxid_bbzc35ridmlc22_e97b\msg\file\2026-04\initial_1000_raw_generations.zip::raw_generations/job_048_Co_fe_-1.351_n4/generated_crystals_cif.zip::gen_3.cif,raw_generations/job_048_Co_fe_-1.351_n4/generated_crystals_cif.zip,gen_3.cif,True,False,False,0,0,-1.35792398453,0.662076015472,0.742076015472,False,5.1379750967,F,True,False,360,1,P1,1.772957,10.19688
job_049_Al_fe_-1.223_n4_generated_crystals_cif__gen_1,D:\CGCNN_Formation_Energy_AL_Archive\experiments\reproducibility\staging\paired_confirmation_server_20260712\EARLY_LiM2O4_ALIGNN_HARD640_m2p18_m2p02_FLAT_20260617\job_049_Al_fe_-1.223_n4_generated_crystals_cif__gen_1.cif,True,e5c0a3ff70fa8d3d5fcb3fc1c5145aff7be7f314d8f4e5a562bbe8b76b279edd,Li1 Al2 O4,LiAl2O4,Al,LiAl2O4,-3.15907359123,,0.462871860172,saved CGCNN MC-dropout sigma; candidate-level ALIGNN uncertainty not available,-2.56418085098,0.462871860172,0.59489274025,0.0834061104082,284,0,-6.1192099452,A,True,False,343,22,335,21,5c7fa9a359d1a70b4890eb43e94935683db60d8bab7dcfd8330810b50174eaea,"Li/M/O role-RDF: six unordered pairs, 0-6 A in 0.2-A bins; scale-free sorted lattice lengths, angles, and normalized volume",SM_Al_004,8,FP_015,5,recurring_density_cluster,job_010_Al_fe_-1.346_n4_generated_crystals_cif__gen_3,0.189591027174,job_148_Mn_fe_-0.904_n4_generated_crystals_cif__gen_2,1.06011764947,no_shared_cluster,D:\User\leoluis0705\Documents\xwechat_files\wxid_bbzc35ridmlc22_e97b\msg\file\2026-04\initial_1000_raw_generations.zip::raw_generations/job_049_Al_fe_-1.223_n4/generated_crystals_cif.zip::gen_1.cif,raw_generations/job_049_Al_fe_-1.223_n4/generated_crystals_cif.zip,gen_1.cif,True,False,False,0,0,-3.15907359123,0.979073591232,1.05907359123,False,-6.1192099452,A,True,False,481,8,Cm,1.871967,9.794719
job_049_Al_fe_-1.223_n4_generated_crystals_cif__gen_2,D:\CGCNN_Formation_Energy_AL_Archive\experiments\reproducibility\staging\paired_confirmation_server_20260712\EARLY_LiM2O4_ALIGNN_HARD640_m2p18_m2p02_FLAT_20260617\job_049_Al_fe_-1.223_n4_generated_crystals_cif__gen_2.cif,True,b1fd0febb46d2e97f2959322a52d025103e9cc65ebda99a7b2be66491ede94dd,Li1 Al2 O4,LiAl2O4,Al,LiAl2O4,-2.90875697136,,0.486402922636,saved CGCNN MC-dropout sigma; candidate-level ALIGNN uncertainty not available,-2.49513149261,0.486402922636,0.413625478745,0.0942033625641,245,0,-4.554731071,A,True,False,503,32,260,17,ce2b841f5005de63892a3b231e2c829d9ed84c1f2604d6bd3165a8152a883d9a,"Li/M/O role-RDF: six unordered pairs, 0-6 A in 0.2-A bins; scale-free sorted lattice lengths, angles, and normalized volume",SM_Al_009,1,FP_049,5,recurring_density_cluster,job_150_Ti_fe_-0.897_n4_generated_crystals_cif__gen_1,0.95368538527,job_006_Mn_fe_-1.347_n4_generated_crystals_cif__gen_1,1.24895574855,no_shared_cluster,D:\User\leoluis0705\Documents\xwechat_files\wxid_bbzc35ridmlc22_e97b\msg\file\2026-04\initial_1000_raw_generations.zip::raw_generations/job_049_Al_fe_-1.223_n4/generated_crystals_cif.zip::gen_2.cif,raw_generations/job_049_Al_fe_-1.223_n4/generated_crystals_cif.zip,gen_2.cif,True,False,False,0,0,-2.90875697136,0.728756971359,0.808756971359,False,-4.554731071,A,True,False,378,8,Cm,1.721579,10.943508
job_049_Al_fe_-1.223_n4_generated_crystals_cif__gen_3,D:\CGCNN_Formation_Energy_AL_Archive\experiments\reproducibility\staging\paired_confirmation_server_20260712\EARLY_LiM2O4_ALIGNN_HARD640_m2p18_m2p02_FLAT_20260617\job_049_Al_fe_-1.223_n4_generated_crystals_cif__gen_3.cif,True,2d91d286e37f264e7043a02f4522f6c8cf614d3bf598647b6108bd80f7c663da,Li1 Al2 O4,LiAl2O4,Al,LiAl2O4,-3.15935540199,,0.300141637266,saved CGCNN MC-dropout sigma; candidate-level ALIGNN uncertainty not available,-2.56729865074,0.300141637266,0.592056751251,0.0643420118868,387,0,-6.12097126245,A,True,False,483,31,443,28,97455328a9c1ff21072f47c89a5e4db71b61bc59105088b2b5cf57dccabdb24c,"Li/M/O role-RDF: six unordered pairs, 0-6 A in 0.2-A bins; scale-free sorted lattice lengths, angles, and normalized volume",SM_Al_004,8,FP_050,3,recurring_density_cluster,job_114_Al_fe_-1.252_n4_generated_crystals_cif__gen_1,0.366939869021,job_148_Mn_fe_-0.904_n4_generated_crystals_cif__gen_2,0.951321064357,no_shared_cluster,D:\User\leoluis0705\Documents\xwechat_files\wxid_bbzc35ridmlc22_e97b\msg\file\2026-04\initial_1000_raw_generations.zip::raw_generations/job_049_Al_fe_-1.223_n4/generated_crystals_cif.zip::gen_3.cif,raw_generations/job_049_Al_fe_-1.223_n4/generated_crystals_cif.zip,gen_3.cif,True,False,False,0,0,-3.15935540199,0.979355401993,1.05935540199,False,-6.12097126245,A,True,False,483,8,Cm,1.883189,10.061607
job_050_Ti_fe_-1.179_n4_generated_crystals_cif__gen_0,D:\CGCNN_Formation_Energy_AL_Archive\experiments\reproducibility\staging\paired_confirmation_server_20260712\EARLY_LiM2O4_ALIGNN_HARD640_m2p18_m2p02_FLAT_20260617\job_050_Ti_fe_-1.179_n4_generated_crystals_cif__gen_0.cif,True,2defca5937bff648a95810e012e328e17e566fdc517faf94542706e452424864,Li1 Ti2 O4,LiTi2O4,Ti,LiTi2O4,-3.18212342262,,0.516303781774,saved CGCNN MC-dropout sigma; candidate-level ALIGNN uncertainty not available,-3.34646368027,0.516303781774,0.164340257645,0.00683629246656,575,0,-6.26327139139,A,True,False,307,20,578,37,777be1def04e4db2f552af607184311dc611529abcadbe3ad814809d06db98a9,"Li/M/O role-RDF: six unordered pairs, 0-6 A in 0.2-A bins; scale-free sorted lattice lengths, angles, and normalized volume",SM_Ti_010,5,FP_051,6,recurring_density_cluster,job_097_Ti_fe_-1.239_n4_generated_crystals_cif__gen_0,0.0165119153859,job_120_Cr_fe_-1.424_n4_generated_crystals_cif__gen_1,0.9422007882,no_shared_cluster,D:\User\leoluis0705\Documents\xwechat_files\wxid_bbzc35ridmlc22_e97b\msg\file\2026-04\initial_1000_raw_generations.zip::raw_generations/job_050_Ti_fe_-1.179_n4/generated_crystals_cif.zip::gen_0.cif,raw_generations/job_050_Ti_fe_-1.179_n4/generated_crystals_cif.zip,gen_0.cif,True,False,False,0,0,-3.18212342262,1.00212342262,1.08212342262,False,-6.26327139139,A,True,False,539,5,C2,1.87795,9.48097
job_050_Ti_fe_-1.179_n4_generated_crystals_cif__gen_1,D:\CGCNN_Formation_Energy_AL_Archive\experiments\reproducibility\staging\paired_confirmation_server_20260712\EARLY_LiM2O4_ALIGNN_HARD640_m2p18_m2p02_FLAT_20260617\job_050_Ti_fe_-1.179_n4_generated_crystals_cif__gen_1.cif,True,df1d464ccb49a6016ddc294e4e01f5bc2d6c680aab2040c6c76c5eaee11e7b8f,Li1 Ti2 O4,LiTi2O4,Ti,LiTi2O4,-3.17777037621,,0.560045705547,saved CGCNN MC-dropout sigma; candidate-level ALIGNN uncertainty not available,-3.32536363602,0.560045705547,0.147593259811,0.0105397285662,543,0,-6.23606485128,A,True,False,431,27,573,36,e541872368a46e84d55bcb1c87a6638dd663a83e0d8256fb512ec72a76131ed5,"Li/M/O role-RDF: six unordered pairs, 0-6 A in 0.2-A bins; scale-free sorted lattice lengths, angles, and normalized volume",SM_Ti_010,5,FP_051,6,recurring_density_cluster,job_116_Ti_fe_-1.462_n4_generated_crystals_cif__gen_2,0.186335043451,job_120_Cr_fe_-1.424_n4_generated_crystals_cif__gen_1,0.935579795168,no_shared_cluster,D:\User\leoluis0705\Documents\xwechat_files\wxid_bbzc35ridmlc22_e97b\msg\file\2026-04\initial_1000_raw_generations.zip::raw_generations/job_050_Ti_fe_-1.179_n4/generated_crystals_cif.zip::gen_1.cif,raw_generations/job_050_Ti_fe_-1.179_n4/generated_crystals_cif.zip,gen_1.cif,True,False,False,0,0,-3.17777037621,0.997770376205,1.07777037621,False,-6.23606485128,A,True,False,531,8,Cm,1.859236,9.419903
job_050_Ti_fe_-1.179_n4_generated_crystals_cif__gen_2,D:\CGCNN_Formation_Energy_AL_Archive\experiments\reproducibility\staging\paired_confirmation_server_20260712\EARLY_LiM2O4_ALIGNN_HARD640_m2p18_m2p02_FLAT_20260617\job_050_Ti_fe_-1.179_n4_generated_crystals_cif__gen_2.cif,True,7b49580b3c46ed87827f730d18ca7f0b79af3a0a72f62dd01964cc1a9e387f09,Li1 Ti2 O4,LiTi2O4,Ti,LiTi2O4,-3.22079110146,,0.555421587005,saved CGCNN MC-dropout sigma; candidate-level ALIGNN uncertainty not available,-3.3457775116,0.555421587005,0.124986410141,0.00941878865037,552,0,-6.5049443841,A,True,False,617,39,602,38,e47cef88ff20b2b84db01d0ea3bcfac14ec462e1b71575d471ec03c0acc09feb,"Li/M/O role-RDF: six unordered pairs, 0-6 A in 0.2-A bins; scale-free sorted lattice lengths, angles, and normalized volume",SM_Ti_002,41,FP_038,19,recurring_density_cluster,job_174_Ti_fe_-1.427_n4_generated_crystals_cif__gen_0,0.285466545236,job_011_Mg_fe_-1.305_n4_generated_crystals_cif__gen_0,0.771096680339,no_shared_cluster,D:\User\leoluis0705\Documents\xwechat_files\wxid_bbzc35ridmlc22_e97b\msg\file\2026-04\initial_1000_raw_generations.zip::raw_generations/job_050_Ti_fe_-1.179_n4/generated_crystals_cif.zip::gen_2.cif,raw_generations/job_050_Ti_fe_-1.179_n4/generated_crystals_cif.zip,gen_2.cif,True,False,False,0,0,-3.22079110146,1.04079110146,1.12079110146,False,-6.5049443841,A,True,False,602,44,Imm2,1.956269,10.076864
job_050_Ti_fe_-1.179_n4_generated_crystals_cif__gen_3,D:\CGCNN_Formation_Energy_AL_Archive\experiments\reproducibility\staging\paired_confirmation_server_20260712\EARLY_LiM2O4_ALIGNN_HARD640_m2p18_m2p02_FLAT_20260617\job_050_Ti_fe_-1.179_n4_generated_crystals_cif__gen_3.cif,True,b7ce0538966d5efd3887e3c5d14eb5687c3f1ddf2ad7323181e896d2113733ea,Li1 Ti2 O4,LiTi2O4,Ti,LiTi2O4,-3.20495057106,,0.456956350093,saved CGCNN MC-dropout sigma; candidate-level ALIGNN uncertainty not available,-3.35359525681,0.456956350093,0.148644685745,0.00335112586486,616,0,-6.40594106913,A,True,False,435,28,607,38,44559fd7c10dd8b31f419aeb79177c45849b2f39cd84cf485ace79636548ad99,"Li/M/O role-RDF: six unordered pairs, 0-6 A in 0.2-A bins; scale-free sorted lattice lengths, angles, and normalized volume",SM_Ti_002,41,FP_038,19,recurring_density_cluster,job_186_Ti_fe_-0.814_n4_generated_crystals_cif__gen_1,0.379045187224,job_011_Mg_fe_-1.305_n4_generated_crystals_cif__gen_0,0.824411491778,no_shared_cluster,D:\User\leoluis0705\Documents\xwechat_files\wxid_bbzc35ridmlc22_e97b\msg\file\2026-04\initial_1000_raw_generations.zip::raw_generations/job_050_Ti_fe_-1.179_n4/generated_crystals_cif.zip::gen_3.cif,raw_generations/job_050_Ti_fe_-1.179_n4/generated_crystals_cif.zip,gen_3.cif,True,False,False,0,0,-3.20495057106,1.02495057106,1.10495057106,False,-6.40594106913,A,True,False,569,8,Cm,1.947415,10.22884
job_051_Co_fe_-1.402_n4_generated_crystals_cif__gen_0,D:\CGCNN_Formation_Energy_AL_Archive\experiments\reproducibility\staging\paired_confirmation_server_20260712\EARLY_LiM2O4_ALIGNN_HARD640_m2p18_m2p02_FLAT_20260617\job_051_Co_fe_-1.402_n4_generated_crystals_cif__gen_0.cif,True,ed1383b08766eb92c79781a916b17b44537e678e3b1ba0a23929b8e58d172bf5,Li1 Co2 O4,Li(CoO2)2,Co,Li(CoO2)2,-1.47118413448,,0.514155622073,saved CGCNN MC-dropout sigma; candidate-level ALIGNN uncertainty not available,-1.54293680191,0.514155622073,0.0717526674271,0.0690767538311,361,0,4.43009915948,F,True,False,464,29,386,25,768c07458643130531ad153c6b8053ab36a6f9f0783f833a8aba961ae68329f7,"Li/M/O role-RDF: six unordered pairs, 0-6 A in 0.2-A bins; scale-free sorted lattice lengths, angles, and normalized volume",SM_Co_001,25,FP_SINGLETON_033,1,hdbscan_noise_singleton,job_033_Co_fe_-1.353_n4_generated_crystals_cif__gen_2,0.355517067213,job_148_Mn_fe_-0.904_n4_generated_crystals_cif__gen_2,0.676157003002,no_shared_cluster,D:\User\leoluis0705\Documents\xwechat_files\wxid_bbzc35ridmlc22_e97b\msg\file\2026-04\initial_1000_raw_generations.zip::raw_generations/job_051_Co_fe_-1.402_n4/generated_crystals_cif.zip::gen_0.cif,raw_generations/job_051_Co_fe_-1.402_n4/generated_crystals_cif.zip,gen_0.cif,True,False,False,0,0,-1.47118413448,0.548815865517,0.628815865517,False,4.43009915948,F,True,False,305,12,C2/m,1.912297,9.862325
job_051_Co_fe_-1.402_n4_generated_crystals_cif__gen_1,D:\CGCNN_Formation_Energy_AL_Archive\experiments\reproducibility\staging\paired_confirmation_server_20260712\EARLY_LiM2O4_ALIGNN_HARD640_m2p18_m2p02_FLAT_20260617\job_051_Co_fe_-1.402_n4_generated_crystals_cif__gen_1.cif,True,20c841f45d427d4fdf21107a39be9c63de6b239afc5ba36a1e1c42b7e532854e,Li1 Co2 O4,Li(CoO2)2,Co,Li(CoO2)2,-1.49881267548,,0.488984571294,saved CGCNN MC-dropout sigma; candidate-level ALIGNN uncertainty not available,-1.56057834625,0.488984571294,0.0617656707764,0.0711040270045,343,0,4.25742077827,F,True,False,319,20,357,23,b2d88a549c4e5f995251948fa8f6f3f5cceb5357d82c15b964699760bce9ee8e,"Li/M/O role-RDF: six unordered pairs, 0-6 A in 0.2-A bins; scale-free sorted lattice lengths, angles, and normalized volume",SM_Co_003,18,FP_052,7,recurring_density_cluster,job_144_Co_fe_-1.460_n4_generated_crystals_cif__gen_2,0.299663403757,job_148_Mn_fe_-0.904_n4_generated_crystals_cif__gen_2,1.05376640457,no_shared_cluster,D:\User\leoluis0705\Documents\xwechat_files\wxid_bbzc35ridmlc22_e97b\msg\file\2026-04\initial_1000_raw_generations.zip::raw_generations/job_051_Co_fe_-1.402_n4/generated_crystals_cif.zip::gen_1.cif,raw_generations/job_051_Co_fe_-1.402_n4/generated_crystals_cif.zip,gen_1.cif,True,False,False,0,0,-1.49881267548,0.521187324524,0.601187324524,False,4.25742077827,F,True,False,293,8,Cm,1.906483,9.899152
job_051_Co_fe_-1.402_n4_generated_crystals_cif__gen_2,D:\CGCNN_Formation_Energy_AL_Archive\experiments\reproducibility\staging\paired_confirmation_server_20260712\EARLY_LiM2O4_ALIGNN_HARD640_m2p18_m2p02_FLAT_20260617\job_051_Co_fe_-1.402_n4_generated_crystals_cif__gen_2.cif,True,8946854f06963a0e8279eea9d79f8ca7541c7f4d46c8aa77905c280174bf4eee,Li1 Co2 O4,Li(CoO2)2,Co,Li(CoO2)2,-1.47608828545,,0.515852803894,saved CGCNN MC-dropout sigma; candidate-level ALIGNN uncertainty not available,-1.55504202843,0.515852803894,0.078953742981,0.0708531319744,345,0,4.39944821596,F,True,False,389,25,415,26,a03c2498f237a272f6593e6d72a029bb626442809c7e9cb6f20c959a4f620a33,"Li/M/O role-RDF: six unordered pairs, 0-6 A in 0.2-A bins; scale-free sorted lattice lengths, angles, and normalized volume",SM_Co_004,18,FP_045,11,recurring_density_cluster,job_156_Co_fe_-0.846_n4_generated_crystals_cif__gen_2,0.130661148862,job_136_Cr_fe_-1.181_n4_generated_crystals_cif__gen_0,0.460938096674,no_shared_cluster,D:\User\leoluis0705\Documents\xwechat_files\wxid_bbzc35ridmlc22_e97b\msg\file\2026-04\initial_1000_raw_generations.zip::raw_generations/job_051_Co_fe_-1.402_n4/generated_crystals_cif.zip::gen_2.cif,raw_generations/job_051_Co_fe_-1.402_n4/generated_crystals_cif.zip,gen_2.cif,True,False,False,0,0,-1.47608828545,0.543911714554,0.623911714554,False,4.39944821596,F,True,False,302,6,Pm,1.91051,9.980405
job_052_Ti_fe_-1.107_n4_generated_crystals_cif__gen_0,D:\CGCNN_Formation_Energy_AL_Archive\experiments\reproducibility\staging\paired_confirmation_server_20260712\EARLY_LiM2O4_ALIGNN_HARD640_m2p18_m2p02_FLAT_20260617\job_052_Ti_fe_-1.107_n4_generated_crystals_cif__gen_0.cif,True,2ad82802f09bbde152a59f405d1fe52d15c1219f3d82b1075807546eb0c67bcf,Li1 Ti2 O4,LiTi2O4,Ti,LiTi2O4,-3.19151186943,,0.486648287501,saved CGCNN MC-dropout sigma; candidate-level ALIGNN uncertainty not available,-3.36682653427,0.486648287501,0.175314664841,0.00454462006849,601,0,-6.32194918394,A,True,False,360,23,616,39,a6c75115f9463bb283388ad531da5b1bc72766d4ac708a40ad7bd567aba2bd79,"Li/M/O role-RDF: six unordered pairs, 0-6 A in 0.2-A bins; scale-free sorted lattice lengths, angles, and normalized volume",SM_Ti_002,41,FP_038,19,recurring_density_cluster,job_060_Ti_fe_-1.204_n4_generated_crystals_cif__gen_1,0.330138177807,job_120_Cr_fe_-1.424_n4_generated_crystals_cif__gen_1,0.940519295566,no_shared_cluster,D:\User\leoluis0705\Documents\xwechat_files\wxid_bbzc35ridmlc22_e97b\msg\file\2026-04\initial_1000_raw_generations.zip::raw_generations/job_052_Ti_fe_-1.107_n4/generated_crystals_cif.zip::gen_0.cif,raw_generations/job_052_Ti_fe_-1.107_n4/generated_crystals_cif.zip,gen_0.cif,True,False,False,0,0,-3.19151186943,1.01151186943,1.09151186943,False,-6.32194918394,A,True,False,551,1,P1,1.939753,10.304664
job_052_Ti_fe_-1.107_n4_generated_crystals_cif__gen_2,D:\CGCNN_Formation_Energy_AL_Archive\experiments\reproducibility\staging\paired_confirmation_server_20260712\EARLY_LiM2O4_ALIGNN_HARD640_m2p18_m2p02_FLAT_20260617\job_052_Ti_fe_-1.107_n4_generated_crystals_cif__gen_2.cif,True,9c78d1469feb3aa721d38d9bdd8bec4e4d645b675899db50b9f29c1195b33853,Li1 Ti2 O4,LiTi2O4,Ti,LiTi2O4,-3.15428233147,,0.557020830857,saved CGCNN MC-dropout sigma; candidate-level ALIGNN uncertainty not available,-2.86963105202,0.557020830857,0.284651279449,0.0442544253388,492,0,-6.08926457167,A,True,False,635,40,309,20,73beb76dac7f3c562a315c13061e53e4afaa6c2db61fb34d5a4540ad01b4dadf,"Li/M/O role-RDF: six unordered pairs, 0-6 A in 0.2-A bins; scale-free sorted lattice lengths, angles, and normalized volume",SM_Ti_011,1,FP_SINGLETON_034,1,hdbscan_noise_singleton,job_024_Mg_fe_-0.880_n4_generated_crystals_cif__gen_3,1.42635918339,job_058_Cr_fe_-1.423_n4_generated_crystals_cif__gen_0,1.46957080641,no_shared_cluster,D:\User\leoluis0705\Documents\xwechat_files\wxid_bbzc35ridmlc22_e97b\msg\file\2026-04\initial_1000_raw_generations.zip::raw_generations/job_052_Ti_fe_-1.107_n4/generated_crystals_cif.zip::gen_2.cif,raw_generations/job_052_Ti_fe_-1.107_n4/generated_crystals_cif.zip,gen_2.cif,True,False,False,0,0,-3.15428233147,0.974282331467,1.05428233147,False,-6.08926457167,A,True,False,473,8,Cm,1.677602,11.362139
job_052_Ti_fe_-1.107_n4_generated_crystals_cif__gen_3,D:\CGCNN_Formation_Energy_AL_Archive\experiments\reproducibility\staging\paired_confirmation_server_20260712\EARLY_LiM2O4_ALIGNN_HARD640_m2p18_m2p02_FLAT_20260617\job_052_Ti_fe_-1.107_n4_generated_crystals_cif__gen_3.cif,True,5ebf08714cf5b50aaa1d4e2bdeea7ce3e3076607b5ceb5443a75608c667c1768,Li1 Ti2 O4,LiTi2O4,Ti,LiTi2O4,-3.19306254387,,0.50170558857,saved CGCNN MC-dropout sigma; candidate-level ALIGNN uncertainty not available,-3.25861954689,0.50170558857,0.0655570030212,0.00900333341719,563,0,-6.33164089918,A,True,False,591,37,638,40,be41fc46d9e6051814288e2c92bc4002b958873bbd2a0a1a1ef0d6bb65e530a2,"Li/M/O role-RDF: six unordered pairs, 0-6 A in 0.2-A bins; scale-free sorted lattice lengths, angles, and normalized volume",SM_Ti_003,9,FP_003,8,recurring_density_cluster,job_001_Ti_fe_-1.307_n4_generated_crystals_cif__gen_1,0.115720897359,job_120_Cr_fe_-1.424_n4_generated_crystals_cif__gen_1,0.588110542638,no_shared_cluster,D:\User\leoluis0705\Documents\xwechat_files\wxid_bbzc35ridmlc22_e97b\msg\file\2026-04\initial_1000_raw_generations.zip::raw_generations/job_052_Ti_fe_-1.107_n4/generated_crystals_cif.zip::gen_3.cif,raw_generations/job_052_Ti_fe_-1.107_n4/generated_crystals_cif.zip,gen_3.cif,True,False,False,0,0,-3.19306254387,1.01306254387,1.09306254387,False,-6.33164089918,A,True,False,553,12,C2/m,1.961308,10.870371
job_053_Co_fe_-0.977_n4_generated_crystals_cif__gen_1,D:\CGCNN_Formation_Energy_AL_Archive\experiments\reproducibility\staging\paired_confirmation_server_20260712\EARLY_LiM2O4_ALIGNN_HARD640_m2p18_m2p02_FLAT_20260617\job_053_Co_fe_-0.977_n4_generated_crystals_cif__gen_1.cif,True,5d232a074b6bd0496eff1c703649ca22a7abca82ec0de6d8e926f315b448a1b3,Li1 Co2 O4,Li(CoO2)2,Co,Li(CoO2)2,-1.46443009377,,0.569843662026,saved CGCNN MC-dropout sigma; candidate-level ALIGNN uncertainty not available,-1.55295133591,0.569843662026,0.0885212421417,0.0706379562834,349,0,4.47231191397,F,True,False,401,26,384,24,93363b3baa2452be1292f077728171e3c02a2e37edee67266728c808ebaa47d7,"Li/M/O role-RDF: six unordered pairs, 0-6 A in 0.2-A bins; scale-free sorted lattice lengths, angles, and normalized volume",SM_Co_001,25,FP_029,5,recurring_density_cluster,job_023_Co_fe_-0.919_n4_generated_crystals_cif__gen_1,0.123790532186,job_148_Mn_fe_-0.904_n4_generated_crystals_cif__gen_2,0.663030839826,no_shared_cluster,D:\User\leoluis0705\Documents\xwechat_files\wxid_bbzc35ridmlc22_e97b\msg\file\2026-04\initial_1000_raw_generations.zip::raw_generations/job_053_Co_fe_-0.977_n4/generated_crystals_cif.zip::gen_1.cif,raw_generations/job_053_Co_fe_-0.977_n4/generated_crystals_cif.zip,gen_1.cif,True,False,False,0,0,-1.46443009377,0.555569906235,0.635569906235,False,4.47231191397,F,True,False,309,8,Cm,1.913488,10.010432
job_053_Co_fe_-0.977_n4_generated_crystals_cif__gen_2,D:\CGCNN_Formation_Energy_AL_Archive\experiments\reproducibility\staging\paired_confirmation_server_20260712\EARLY_LiM2O4_ALIGNN_HARD640_m2p18_m2p02_FLAT_20260617\job_053_Co_fe_-0.977_n4_generated_crystals_cif__gen_2.cif,True,6b166ab94c3fc75bc3b383e75e772827dc7852487e7bf6fc837bb7a4a1b095fc,Li1 Co2 O4,Li(CoO2)2,Co,Li(CoO2)2,-1.41273522377,,0.495990728433,saved CGCNN MC-dropout sigma; candidate-level ALIGNN uncertainty not available,-1.71281337738,0.495990728433,0.30007815361,0.0947311490327,244,0,4.79540485144,F,True,False,309,20,331,21,eb2d8eee6a2b329f457a806d15510485f55f70017748f93583aa7c37f3656413,"Li/M/O role-RDF: six unordered pairs, 0-6 A in 0.2-A bins; scale-free sorted lattice lengths, angles, and normalized volume",SM_Co_006,12,FP_041,12,recurring_density_cluster,job_161_Co_fe_-0.850_n4_generated_crystals_cif__gen_2,0.495103250236,job_204_Cr_fe_-0.932_n4_generated_crystals_cif__gen_3,0.948733446685,no_shared_cluster,D:\User\leoluis0705\Documents\xwechat_files\wxid_bbzc35ridmlc22_e97b\msg\file\2026-04\initial_1000_raw_generations.zip::raw_generations/job_053_Co_fe_-0.977_n4/generated_crystals_cif.zip::gen_2.cif,raw_generations/job_053_Co_fe_-0.977_n4/generated_crystals_cif.zip,gen_2.cif,True,False,False,0,0,-1.41273522377,0.60726477623,0.68726477623,False,4.79540485144,F,True,False,344,8,Cm,1.917149,9.745895
job_053_Co_fe_-0.977_n4_generated_crystals_cif__gen_3,D:\CGCNN_Formation_Energy_AL_Archive\experiments\reproducibility\staging\paired_confirmation_server_20260712\EARLY_LiM2O4_ALIGNN_HARD640_m2p18_m2p02_FLAT_20260617\job_053_Co_fe_-0.977_n4_generated_crystals_cif__gen_3.cif,True,6166ec360babaddf3d8b9dac95ee0067a91794ae5b114d0b40fc8364911d9723,Li1 Co2 O4,Li(CoO2)2,Co,Li(CoO2)2,-1.50293040276,,0.460669343007,saved CGCNN MC-dropout sigma; candidate-level ALIGNN uncertainty not available,-1.53338837624,0.460669343007,0.0304579734802,0.0651985376713,382,0,4.23168498278,F,True,False,361,23,398,25,7295733c86d55e5324967e4ac7af1909c240ad0ea1b5f308ab1e18b32a299eda,"Li/M/O role-RDF: six unordered pairs, 0-6 A in 0.2-A bins; scale-free sorted lattice lengths, angles, and normalized volume",SM_Co_004,18,FP_045,11,recurring_density_cluster,job_100_Co_fe_-1.485_n4_generated_crystals_cif__gen_2,0.173987168365,job_136_Cr_fe_-1.181_n4_generated_crystals_cif__gen_0,0.655492773446,no_shared_cluster,D:\User\leoluis0705\Documents\xwechat_files\wxid_bbzc35ridmlc22_e97b\msg\file\2026-04\initial_1000_raw_generations.zip::raw_generations/job_053_Co_fe_-0.977_n4/generated_crystals_cif.zip::gen_3.cif,raw_generations/job_053_Co_fe_-0.977_n4/generated_crystals_cif.zip,gen_3.cif,True,False,False,0,0,-1.50293040276,0.517069597244,0.597069597244,False,4.23168498278,F,True,False,285,6,Pm,1.904746,9.802051
job_054_Al_fe_-0.872_n4_generated_crystals_cif__gen_2,D:\CGCNN_Formation_Energy_AL_Archive\experiments\reproducibility\staging\paired_confirmation_server_20260712\EARLY_LiM2O4_ALIGNN_HARD640_m2p18_m2p02_FLAT_20260617\job_054_Al_fe_-0.872_n4_generated_crystals_cif__gen_2.cif,True,c430f01bc4e063a94d0d00755705550916e49696081a0ac9044c19539e8f5ed9,Li1 Al2 O4,LiAl2O4,Al,LiAl2O4,-3.13480162621,,0.351540306119,saved CGCNN MC-dropout sigma; candidate-level ALIGNN uncertainty not available,-2.60690903664,0.351540306119,0.527892589569,0.0647926820147,384,0,-5.96751016378,A,True,False,590,37,431,27,f0cf030e8e42caec3d1161a3bd05732fb50fa4f54b28ed29cf3c2ccec78baa18,"Li/M/O role-RDF: six unordered pairs, 0-6 A in 0.2-A bins; scale-free sorted lattice lengths, angles, and normalized volume",SM_Al_010,1,FP_SINGLETON_035,1,hdbscan_noise_singleton,job_168_Co_fe_-1.301_n4_generated_crystals_cif__gen_0,0.844737156689,job_120_Cr_fe_-1.424_n4_generated_crystals_cif__gen_1,1.23582892992,no_shared_cluster,D:\User\leoluis0705\Documents\xwechat_files\wxid_bbzc35ridmlc22_e97b\msg\file\2026-04\initial_1000_raw_generations.zip::raw_generations/job_054_Al_fe_-0.872_n4/generated_crystals_cif.zip::gen_2.cif,raw_generations/job_054_Al_fe_-0.872_n4/generated_crystals_cif.zip,gen_2.cif,True,False,False,0,0,-3.13480162621,0.954801626205,1.03480162621,False,-5.96751016378,A,True,False,432,25,Pmm2,1.866933,10.130321
job_055_Al_fe_-1.247_n4_generated_crystals_cif__gen_2,D:\CGCNN_Formation_Energy_AL_Archive\experiments\reproducibility\staging\paired_confirmation_server_20260712\EARLY_LiM2O4_ALIGNN_HARD640_m2p18_m2p02_FLAT_20260617\job_055_Al_fe_-1.247_n4_generated_crystals_cif__gen_2.cif,True,e5f8a7eaaafbb675bc6e0cf368fb305a6b109ae33e46f590b95230bf37c3eb5a,Li1 Al2 O4,LiAl2O4,Al,LiAl2O4,-3.15893673897,,0.411546975668,saved CGCNN MC-dropout sigma; candidate-level ALIGNN uncertainty not available,-2.61274552345,0.411546975668,0.546191215515,0.0716191518221,339,0,-6.11835461855,A,True,False,441,28,455,29,9acfefce5e786b557877343549ece121b5d40f624fc5e5b10c0803580fceb817,"Li/M/O role-RDF: six unordered pairs, 0-6 A in 0.2-A bins; scale-free sorted lattice lengths, angles, and normalized volume",SM_Al_003,9,FP_014,3,recurring_density_cluster,job_151_Al_fe_-1.416_n4_generated_crystals_cif__gen_0,0.137822242121,job_120_Cr_fe_-1.424_n4_generated_crystals_cif__gen_1,1.2803503007,no_shared_cluster,D:\User\leoluis0705\Documents\xwechat_files\wxid_bbzc35ridmlc22_e97b\msg\file\2026-04\initial_1000_raw_generations.zip::raw_generations/job_055_Al_fe_-1.247_n4/generated_crystals_cif.zip::gen_2.cif,raw_generations/job_055_Al_fe_-1.247_n4/generated_crystals_cif.zip,gen_2.cif,True,False,False,0,0,-3.15893673897,0.978936738968,1.05893673897,False,-6.11835461855,A,True,False,480,44,Imm2,1.871729,9.108252
job_056_Ni_fe_-1.143_n4_generated_crystals_cif__gen_3,D:\CGCNN_Formation_Energy_AL_Archive\experiments\reproducibility\staging\paired_confirmation_server_20260712\EARLY_LiM2O4_ALIGNN_HARD640_m2p18_m2p02_FLAT_20260617\job_056_Ni_fe_-1.143_n4_generated_crystals_cif__gen_3.cif,True,49bfa9a0573ab814634ba82a8bf9fc397e99f0ff9d748754a98ac4842fcf23a5,Li1 Ni2 O4,Li(NiO2)2,Ni,Li(NiO2)2,-0.973911881447,,0.549946372382,saved CGCNN MC-dropout sigma; candidate-level ALIGNN uncertainty not available,-1.46816563606,0.549946372382,0.494253754616,0.0600572463206,399,0,7.53805074096,F,True,False,496,31,524,33,4004e642128a626f11a99e1ed2b157d26a8f191fdea05e5bc82918f9b25e7b35,"Li/M/O role-RDF: six unordered pairs, 0-6 A in 0.2-A bins; scale-free sorted lattice lengths, angles, and normalized volume",SM_Ni_008,10,FP_053,8,recurring_density_cluster,job_203_Ni_fe_-0.895_n4_generated_crystals_cif__gen_1,0.432181945704,job_148_Mn_fe_-0.904_n4_generated_crystals_cif__gen_2,0.932838214047,no_shared_cluster,D:\User\leoluis0705\Documents\xwechat_files\wxid_bbzc35ridmlc22_e97b\msg\file\2026-04\initial_1000_raw_generations.zip::raw_generations/job_056_Ni_fe_-1.143_n4/generated_crystals_cif.zip::gen_3.cif,raw_generations/job_056_Ni_fe_-1.143_n4/generated_crystals_cif.zip,gen_3.cif,True,False,False,0,0,-0.973911881447,1.04608811855,1.12608811855,False,7.53805074096,F,True,False,620,1,P1,1.848806,9.524739
job_057_Mn_fe_-0.971_n4_generated_crystals_cif__gen_0,D:\CGCNN_Formation_Energy_AL_Archive\experiments\reproducibility\staging\paired_confirmation_server_20260712\EARLY_LiM2O4_ALIGNN_HARD640_m2p18_m2p02_FLAT_20260617\job_057_Mn_fe_-0.971_n4_generated_crystals_cif__gen_0.cif,True,d6b8d41c371ed1415350f51f19ef2560d07c4ad500fd550db81b1a98abaa5ac9,Li1 Mn2 O4,LiMn2O4,Mn,LiMn2O4,-1.99613118172,,0.482807483645,saved CGCNN MC-dropout sigma; candidate-level ALIGNN uncertainty not available,-2.14581012726,0.482807483645,0.149678945541,0.131019303512,183,0,1.14918011427,F,True,False,139,9,205,13,f41a1e747500cfa7dd6017e5a7db4ade84d912d30175ab592f0261cb302fba29,"Li/M/O role-RDF: six unordered pairs, 0-6 A in 0.2-A bins; scale-free sorted lattice lengths, angles, and normalized volume",SM_Mn_009,1,FP_SINGLETON_036,1,hdbscan_noise_singleton,job_044_Mn_fe_-0.936_n4_generated_crystals_cif__gen_3,0.69537568835,job_148_Mn_fe_-0.904_n4_generated_crystals_cif__gen_2,0.724273017433,no_shared_cluster,D:\User\leoluis0705\Documents\xwechat_files\wxid_bbzc35ridmlc22_e97b\msg\file\2026-04\initial_1000_raw_generations.zip::raw_generations/job_057_Mn_fe_-0.971_n4/generated_crystals_cif.zip::gen_0.cif,raw_generations/job_057_Mn_fe_-0.971_n4/generated_crystals_cif.zip,gen_0.cif,True,False,True,3,0.176542943114,-1.8195882386,0.200411761397,0.280411761397,False,2.25257350873,F,True,False,182,10,P2/m,1.922461,11.680256
job_057_Mn_fe_-0.971_n4_generated_crystals_cif__gen_1,D:\CGCNN_Formation_Energy_AL_Archive\experiments\reproducibility\staging\paired_confirmation_server_20260712\EARLY_LiM2O4_ALIGNN_HARD640_m2p18_m2p02_FLAT_20260617\job_057_Mn_fe_-0.971_n4_generated_crystals_cif__gen_1.cif,True,f2d0b6e1f5685171da281d8252df7440f72fb2b99445f1addd5343c2499ed58c,Li1 Mn2 O4,LiMn2O4,Mn,LiMn2O4,-2.00108623505,,0.449461590255,saved CGCNN MC-dropout sigma; candidate-level ALIGNN uncertainty not available,-2.17579364777,0.449461590255,0.17470741272,0.139296158738,131,0,1.11821103096,F,True,False,5,1,21,2,058fe212f7fe6814ecb1b7ceb247be2a008a7fb0b2d9da048ddd172d27025421,"Li/M/O role-RDF: six unordered pairs, 0-6 A in 0.2-A bins; scale-free sorted lattice lengths, angles, and normalized volume",SM_Mn_004,35,FP_SINGLETON_037,1,hdbscan_noise_singleton,job_167_Mn_fe_-0.885_n4_generated_crystals_cif__gen_1,0.152044966097,job_044_Mn_fe_-0.936_n4_generated_crystals_cif__gen_1,0.422006978595,same_structurematcher_cluster,D:\User\leoluis0705\Documents\xwechat_files\wxid_bbzc35ridmlc22_e97b\msg\file\2026-04\initial_1000_raw_generations.zip::raw_generations/job_057_Mn_fe_-0.971_n4/generated_crystals_cif.zip::gen_1.cif,raw_generations/job_057_Mn_fe_-0.971_n4/generated_crystals_cif.zip,gen_1.cif,True,False,True,3,0.176542943114,-1.82454329193,0.195456708068,0.275456708068,False,2.22160442542,F,True,False,176,6,Pm,1.915845,10.530081
job_058_Cr_fe_-1.423_n4_generated_crystals_cif__gen_0,D:\CGCNN_Formation_Energy_AL_Archive\experiments\reproducibility\staging\paired_confirmation_server_20260712\EARLY_LiM2O4_ALIGNN_HARD640_m2p18_m2p02_FLAT_20260617\job_058_Cr_fe_-1.423_n4_generated_crystals_cif__gen_0.cif,True,4b1529e818c3bc678973bfb28aebeddfe016fd62fa65af04a12f1d325fa30e39,Li1 Cr2 O4,LiCr2O4,Cr,LiCr2O4,-2.03666591644,,0.485894562181,saved CGCNN MC-dropout sigma; candidate-level ALIGNN uncertainty not available,-2.0060532093,0.485894562181,0.0306127071381,0.128376278054,194,1,0.895838022232,E,True,False,160,10,43,3,52c4879dccd24ea3ccfd8c1ec2b591b6062de83e0034a8a8a6b77f37f7928faf,"Li/M/O role-RDF: six unordered pairs, 0-6 A in 0.2-A bins; scale-free sorted lattice lengths, angles, and normalized volume",SM_Cr_009,1,FP_SINGLETON_038,1,hdbscan_noise_singleton,job_024_Mg_fe_-0.880_n4_generated_crystals_cif__gen_3,1.23944473323,job_148_Mn_fe_-0.904_n4_generated_crystals_cif__gen_2,1.61144634633,historical_dft_candidate_self,D:\User\leoluis0705\Documents\xwechat_files\wxid_bbzc35ridmlc22_e97b\msg\file\2026-04\initial_1000_raw_generations.zip::raw_generations/job_058_Cr_fe_-1.423_n4/generated_crystals_cif.zip::gen_0.cif,raw_generations/job_058_Cr_fe_-1.423_n4/generated_crystals_cif.zip,gen_0.cif,True,True,True,5,-0.102418564162,-2.13908448061,0,0.039084480605,True,0.255721996219,C,False,False,1,160,R3m,1.707937,11.322192
job_058_Cr_fe_-1.423_n4_generated_crystals_cif__gen_1,D:\CGCNN_Formation_Energy_AL_Archive\experiments\reproducibility\staging\paired_confirmation_server_20260712\EARLY_LiM2O4_ALIGNN_HARD640_m2p18_m2p02_FLAT_20260617\job_058_Cr_fe_-1.423_n4_generated_crystals_cif__gen_1.cif,True,19c9344b6afcee5847bf01d91159b15f2da1966f779f32cd50f109be62eb6084,Li1 Cr2 O4,LiCr2O4,Cr,LiCr2O4,-2.20951199532,,0.427316501315,saved CGCNN MC-dropout sigma; candidate-level ALIGNN uncertainty not available,-2.13462543488,0.427316501315,0.0748865604401,0.148026737701,73,0,-0.184449970722,A,True,False,110,7,174,11,7033c0875c9053224228c0bab4df9df7d0b2f10aef51af474d4a673edd083721,"Li/M/O role-RDF: six unordered pairs, 0-6 A in 0.2-A bins; scale-free sorted lattice lengths, angles, and normalized volume",SM_Cr_004,12,FP_018,7,recurring_density_cluster,job_249_Cr_fe_-1.500_n4_generated_crystals_cif__gen_0,0.182762672566,job_167_Mn_fe_-0.885_n4_generated_crystals_cif__gen_3,0.488307776155,no_shared_cluster,D:\User\leoluis0705\Documents\xwechat_files\wxid_bbzc35ridmlc22_e97b\msg\file\2026-04\initial_1000_raw_generations.zip::raw_generations/job_058_Cr_fe_-1.423_n4/generated_crystals_cif.zip::gen_1.cif,raw_generations/job_058_Cr_fe_-1.423_n4/generated_crystals_cif.zip,gen_1.cif,True,False,True,5,-0.102418564162,-2.31193055948,0.131930559478,0.211930559478,False,-0.824565996736,A,True,False,90,12,C2/m,1.983246,10.697308
job_058_Cr_fe_-1.423_n4_generated_crystals_cif__gen_2,D:\CGCNN_Formation_Energy_AL_Archive\experiments\reproducibility\staging\paired_confirmation_server_20260712\EARLY_LiM2O4_ALIGNN_HARD640_m2p18_m2p02_FLAT_20260617\job_058_Cr_fe_-1.423_n4_generated_crystals_cif__gen_2.cif,True,8ee91608336a1ce6fbeab3db7c4a0c92fa97913f0526f163b1cd0ba13d972b7d,Li1 Cr2 O4,LiCr2O4,Cr,LiCr2O4,-2.19356322289,,0.484836813203,saved CGCNN MC-dropout sigma; candidate-level ALIGNN uncertainty not available,-2.1640048027,0.484836813203,0.0295584201813,0.129932329277,188,0,-0.0847701430321,A,True,False,188,12,196,13,5e8daadbcfa0973b78f2b14ec0b434c7e116fbe45ac133a081de596224ea9062,"Li/M/O role-RDF: six unordered pairs, 0-6 A in 0.2-A bins; scale-free sorted lattice lengths, angles, and normalized volume",SM_Cr_005,12,FP_019,19,recurring_density_cluster,job_208_Cr_fe_-1.031_n4_generated_crystals_cif__gen_1,0.20787957269,job_120_Cr_fe_-1.424_n4_generated_crystals_cif__gen_1,0.23156586996,same_structurematcher_cluster,D:\User\leoluis0705\Documents\xwechat_files\wxid_bbzc35ridmlc22_e97b\msg\file\2026-04\initial_1000_raw_generations.zip::raw_generations/job_058_Cr_fe_-1.423_n4/generated_crystals_cif.zip::gen_2.cif,raw_generations/job_058_Cr_fe_-1.423_n4/generated_crystals_cif.zip,gen_2.cif,True,False,True,5,-0.102418564162,-2.29598178705,0.115981787047,0.195981787047,False,-0.724886169046,A,True,False,65,8,Cm,1.790104,10.053011
job_058_Cr_fe_-1.423_n4_generated_crystals_cif__gen_3,D:\CGCNN_Formation_Energy_AL_Archive\experiments\reproducibility\staging\paired_confirmation_server_20260712\EARLY_LiM2O4_ALIGNN_HARD640_m2p18_m2p02_FLAT_20260617\job_058_Cr_fe_-1.423_n4_generated_crystals_cif__gen_3.cif,True,279377e6729bedb91bec3038fb1d29189e4c02f24363c5632a7a5ba76516bbdd,Li1 Cr2 O4,LiCr2O4,Cr,LiCr2O4,-2.16257357597,,0.376543203266,saved CGCNN MC-dropout sigma; candidate-level ALIGNN uncertainty not available,-2.11973953247,0.376543203266,0.0428340435028,0.16802347504,9,1,0.108915150166,B,True,False,19,2,57,4,2c7ec70090d66bb4c276dcba3d04d72446e46e42969e5de6a47127da516a06bb,"Li/M/O role-RDF: six unordered pairs, 0-6 A in 0.2-A bins; scale-free sorted lattice lengths, angles, and normalized volume",SM_Cr_010,6,FP_036,16,recurring_density_cluster,job_120_Cr_fe_-1.424_n4_generated_crystals_cif__gen_3,0.221293369641,job_148_Mn_fe_-0.904_n4_generated_crystals_cif__gen_2,0.795544834623,no_shared_cluster,D:\User\leoluis0705\Documents\xwechat_files\wxid_bbzc35ridmlc22_e97b\msg\file\2026-04\initial_1000_raw_generations.zip::raw_generations/job_058_Cr_fe_-1.423_n4/generated_crystals_cif.zip::gen_3.cif,raw_generations/job_058_Cr_fe_-1.423_n4/generated_crystals_cif.zip,gen_3.cif,True,False,True,5,-0.102418564162,-2.26499214014,0.084992140136,0.164992140136,False,-0.531200875848,A,True,False,34,8,Cm,1.824876,11.283884
job_059_Ti_fe_-1.388_n4_generated_crystals_cif__gen_2,D:\CGCNN_Formation_Energy_AL_Archive\experiments\reproducibility\staging\paired_confirmation_server_20260712\EARLY_LiM2O4_ALIGNN_HARD640_m2p18_m2p02_FLAT_20260617\job_059_Ti_fe_-1.388_n4_generated_crystals_cif__gen_2.cif,True,42120c9f9f38a9b195459fd8b63cf644ea20c2804b60dd6098fc6dd8e686ffd6,Li1 Ti2 O4,LiTi2O4,Ti,LiTi2O4,-3.17714476585,,0.406751749283,saved CGCNN MC-dropout sigma; candidate-level ALIGNN uncertainty not available,-3.14888215065,0.406751749283,0.0282626152039,0.00585243869121,585,0,-6.23215478659,A,True,False,425,27,553,35,f7677dbf733ff7c40eab41039cd93753ea29fdaed6334ed0a69d7c542aa39d5c,"Li/M/O role-RDF: six unordered pairs, 0-6 A in 0.2-A bins; scale-free sorted lattice lengths, angles, and normalized volume",SM_Ti_007,9,FP_039,9,recurring_density_cluster,job_235_Ti_fe_-0.842_n4_generated_crystals_cif__gen_1,0.140720565509,job_249_Cr_fe_-1.500_n4_generated_crystals_cif__gen_1,0.821940811513,no_shared_cluster,D:\User\leoluis0705\Documents\xwechat_files\wxid_bbzc35ridmlc22_e97b\msg\file\2026-04\initial_1000_raw_generations.zip::raw_generations/job_059_Ti_fe_-1.388_n4/generated_crystals_cif.zip::gen_2.cif,raw_generations/job_059_Ti_fe_-1.388_n4/generated_crystals_cif.zip,gen_2.cif,True,False,False,0,0,-3.17714476585,0.997144765854,1.07714476585,False,-6.23215478659,A,True,False,530,8,Cm,1.954502,10.90989
job_060_Ti_fe_-1.204_n4_generated_crystals_cif__gen_0,D:\CGCNN_Formation_Energy_AL_Archive\experiments\reproducibility\staging\paired_confirmation_server_20260712\EARLY_LiM2O4_ALIGNN_HARD640_m2p18_m2p02_FLAT_20260617\job_060_Ti_fe_-1.204_n4_generated_crystals_cif__gen_0.cif,True,660a7838be177f734c8ffdd2964ea3e961a9c0df6f6119a20eb5193a417ddb31,Li1 Ti2 O4,LiTi2O4,Ti,LiTi2O4,-3.21328473091,,0.420797717922,saved CGCNN MC-dropout sigma; candidate-level ALIGNN uncertainty not available,-3.36450338364,0.420797717922,0.151218652725,0.00174078322728,629,0,-6.4580295682,A,True,False,229,15,610,39,818c5ff9a63e977ba3fb8bb50bdfd17da8c1e0e7734c3d7e49340d79f130121e,"Li/M/O role-RDF: six unordered pairs, 0-6 A in 0.2-A bins; scale-free sorted lattice lengths, angles, and normalized volume",SM_Ti_002,41,FP_038,19,recurring_density_cluster,job_174_Ti_fe_-1.427_n4_generated_crystals_cif__gen_0,0.226872567679,job_011_Mg_fe_-1.305_n4_generated_crystals_cif__gen_0,0.792360272493,no_shared_cluster,D:\User\leoluis0705\Documents\xwechat_files\wxid_bbzc35ridmlc22_e97b\msg\file\2026-04\initial_1000_raw_generations.zip::raw_generations/job_060_Ti_fe_-1.204_n4/generated_crystals_cif.zip::gen_0.cif,raw_generations/job_060_Ti_fe_-1.204_n4/generated_crystals_cif.zip,gen_0.cif,True,False,False,0,0,-3.21328473091,1.03328473091,1.11328473091,False,-6.4580295682,A,True,False,580,8,Cm,1.968434,10.162786
job_060_Ti_fe_-1.204_n4_generated_crystals_cif__gen_1,D:\CGCNN_Formation_Energy_AL_Archive\experiments\reproducibility\staging\paired_confirmation_server_20260712\EARLY_LiM2O4_ALIGNN_HARD640_m2p18_m2p02_FLAT_20260617\job_060_Ti_fe_-1.204_n4_generated_crystals_cif__gen_1.cif,True,053a0128a553191d060de0f57cc8d635acbf7f5e282cf7020613785a5b695948,Li1 Ti2 O4,LiTi2O4,Ti,LiTi2O4,-3.19005823135,,0.435701400073,saved CGCNN MC-dropout sigma; candidate-level ALIGNN uncertainty not available,-3.37671017647,0.435701400073,0.186651945114,0.00208725163763,625,0,-6.31286394596,A,True,False,599,38,619,39,6ec5d3c5219bb21ab8cb24329b9ebadeefc612470b4b8d0547e2e0f511232e04,"Li/M/O role-RDF: six unordered pairs, 0-6 A in 0.2-A bins; scale-free sorted lattice lengths, angles, and normalized volume",SM_Ti_002,41,FP_038,19,recurring_density_cluster,job_052_Ti_fe_-1.107_n4_generated_crystals_cif__gen_0,0.330138177807,job_214_Cr_fe_-0.857_n4_generated_crystals_cif__gen_0,0.958059821067,no_shared_cluster,D:\User\leoluis0705\Documents\xwechat_files\wxid_bbzc35ridmlc22_e97b\msg\file\2026-04\initial_1000_raw_generations.zip::raw_generations/job_060_Ti_fe_-1.204_n4/generated_crystals_cif.zip::gen_1.cif,raw_generations/job_060_Ti_fe_-1.204_n4/generated_crystals_cif.zip,gen_1.cif,True,False,False,0,0,-3.19005823135,1.01005823135,1.09005823135,False,-6.31286394596,A,True,False,549,1,P1,1.94487,10.370058
job_060_Ti_fe_-1.204_n4_generated_crystals_cif__gen_3,D:\CGCNN_Formation_Energy_AL_Archive\experiments\reproducibility\staging\paired_confirmation_server_20260712\EARLY_LiM2O4_ALIGNN_HARD640_m2p18_m2p02_FLAT_20260617\job_060_Ti_fe_-1.204_n4_generated_crystals_cif__gen_3.cif,True,18c361466731f8f425b8cfd7c97382078ea009e85d54145bb42ab5011ec30073,Li1 Ti2 O4,LiTi2O4,Ti,LiTi2O4,-3.21867489815,,0.584391137353,saved CGCNN MC-dropout sigma; candidate-level ALIGNN uncertainty not available,-3.31841635704,0.584391137353,0.0997414588928,0.0125577068124,536,0,-6.49171811342,A,True,False,578,37,605,38,900fa511c61a5b5149040013915c0b72133c106d2571b50c997c3caad6c03e27,"Li/M/O role-RDF: six unordered pairs, 0-6 A in 0.2-A bins; scale-free sorted lattice lengths, angles, and normalized volume",SM_Ti_009,5,FP_019,19,recurring_density_cluster,job_138_Ti_fe_-0.803_n4_generated_crystals_cif__gen_2,0.0716176313858,job_120_Cr_fe_-1.424_n4_generated_crystals_cif__gen_1,0.280918533001,same_fingerprint_cluster,D:\User\leoluis0705\Documents\xwechat_files\wxid_bbzc35ridmlc22_e97b\msg\file\2026-04\initial_1000_raw_generations.zip::raw_generations/job_060_Ti_fe_-1.204_n4/generated_crystals_cif.zip::gen_3.cif,raw_generations/job_060_Ti_fe_-1.204_n4/generated_crystals_cif.zip,gen_3.cif,True,False,False,0,0,-3.21867489815,1.03867489815,1.11867489815,False,-6.49171811342,A,True,False,593,8,Cm,1.862615,10.293397
job_061_Mn_fe_-1.231_n4_generated_crystals_cif__gen_0,D:\CGCNN_Formation_Energy_AL_Archive\experiments\reproducibility\staging\paired_confirmation_server_20260712\EARLY_LiM2O4_ALIGNN_HARD640_m2p18_m2p02_FLAT_20260617\job_061_Mn_fe_-1.231_n4_generated_crystals_cif__gen_0.cif,True,27a7a8b42c5af3a0ecbf854c856364be0abd132cfcb9b9eb83e3f8cc4a9722ff,Li1 Mn2 O4,LiMn2O4,Mn,LiMn2O4,-2.01950740814,,0.462432746399,saved CGCNN MC-dropout sigma; candidate-level ALIGNN uncertainty not available,-2.22086668015,0.462432746399,0.201359272003,0.132779942987,170,0,1.00307869911,F,True,False,68,5,131,9,491be27694529edfa525c4c2244631b1d4bf0dbab1c19030f00e4ddf76f359e4,"Li/M/O role-RDF: six unordered pairs, 0-6 A in 0.2-A bins; scale-free sorted lattice lengths, angles, and normalized volume",SM_Mn_004,35,FP_011,18,recurring_density_cluster,job_195_Mn_fe_-1.284_n4_generated_crystals_cif__gen_1,0.0934734999496,job_167_Mn_fe_-0.885_n4_generated_crystals_cif__gen_3,0.247247012263,same_structurematcher_cluster,D:\User\leoluis0705\Documents\xwechat_files\wxid_bbzc35ridmlc22_e97b\msg\file\2026-04\initial_1000_raw_generations.zip::raw_generations/job_061_Mn_fe_-1.231_n4/generated_crystals_cif.zip::gen_0.cif,raw_generations/job_061_Mn_fe_-1.231_n4/generated_crystals_cif.zip,gen_0.cif,True,False,True,3,0.176542943114,-1.84296446503,0.177035534972,0.257035534972,False,2.10647209358,F,True,False,136,1,P1,1.922983,10.795908
job_061_Mn_fe_-1.231_n4_generated_crystals_cif__gen_2,D:\CGCNN_Formation_Energy_AL_Archive\experiments\reproducibility\staging\paired_confirmation_server_20260712\EARLY_LiM2O4_ALIGNN_HARD640_m2p18_m2p02_FLAT_20260617\job_061_Mn_fe_-1.231_n4_generated_crystals_cif__gen_2.cif,True,133551cf86f909d9f79a73875f5d063b32e8bee8bcd7280be5c1ecde1e500666,Li1 Mn2 O4,LiMn2O4,Mn,LiMn2O4,-2.0183801651,,0.500029771596,saved CGCNN MC-dropout sigma; candidate-level ALIGNN uncertainty not available,-2.19905924797,0.500029771596,0.18067908287,0.124662209931,207,0,1.01012396812,F,True,False,134,9,145,10,1de2219eb35a9a2c24325ed3b459489586962d3197478a7e9d7f784a191fb2b5,"Li/M/O role-RDF: six unordered pairs, 0-6 A in 0.2-A bins; scale-free sorted lattice lengths, angles, and normalized volume",SM_Mn_003,16,FP_054,3,recurring_density_cluster,job_197_Mn_fe_-0.871_n4_generated_crystals_cif__gen_2,0.350522978396,job_044_Mn_fe_-0.936_n4_generated_crystals_cif__gen_1,0.465332661645,same_structurematcher_cluster,D:\User\leoluis0705\Documents\xwechat_files\wxid_bbzc35ridmlc22_e97b\msg\file\2026-04\initial_1000_raw_generations.zip::raw_generations/job_061_Mn_fe_-1.231_n4/generated_crystals_cif.zip::gen_2.cif,raw_generations/job_061_Mn_fe_-1.231_n4/generated_crystals_cif.zip,gen_2.cif,True,False,True,3,0.176542943114,-1.84183722199,0.178162778014,0.258162778014,False,2.11351736259,F,True,False,143,8,Cm,1.929066,10.76478
job_061_Mn_fe_-1.231_n4_generated_crystals_cif__gen_3,D:\CGCNN_Formation_Energy_AL_Archive\experiments\reproducibility\staging\paired_confirmation_server_20260712\EARLY_LiM2O4_ALIGNN_HARD640_m2p18_m2p02_FLAT_20260617\job_061_Mn_fe_-1.231_n4_generated_crystals_cif__gen_3.cif,True,81aa4f7eaba58ce469dfd2b06fbc5e809804ef544a857a092fe93b77f01ad7e1,Li1 Mn2 O4,LiMn2O4,Mn,LiMn2O4,-1.89994382858,,0.306025170976,saved CGCNN MC-dropout sigma; candidate-level ALIGNN uncertainty not available,-2.23758935928,0.306025170976,0.337645530701,0.186829212235,5,0,1.75035107136,F,True,False,191,12,77,5,fe8b4a1330c3696533ee2408c2b814814e56432cc0205c5a9a42af9f0c09c7cb,"Li/M/O role-RDF: six unordered pairs, 0-6 A in 0.2-A bins; scale-free sorted lattice lengths, angles, and normalized volume",SM_Mn_010,10,FP_055,5,recurring_density_cluster,job_162_Mn_fe_-1.493_n4_generated_crystals_cif__gen_3,0.126378169059,job_120_Cr_fe_-1.424_n4_generated_crystals_cif__gen_1,0.631360448125,no_shared_cluster,D:\User\leoluis0705\Documents\xwechat_files\wxid_bbzc35ridmlc22_e97b\msg\file\2026-04\initial_1000_raw_generations.zip::raw_generations/job_061_Mn_fe_-1.231_n4/generated_crystals_cif.zip::gen_3.cif,raw_generations/job_061_Mn_fe_-1.231_n4/generated_crystals_cif.zip,gen_3.cif,True,False,True,3,0.176542943114,-1.72340088547,0.296599114531,0.376599114531,False,2.85374446582,F,True,False,235,1,P1,1.847173,10.240434
job_062_Mg_fe_-0.803_n4_generated_crystals_cif__gen_0,D:\CGCNN_Formation_Energy_AL_Archive\experiments\reproducibility\staging\paired_confirmation_server_20260712\EARLY_LiM2O4_ALIGNN_HARD640_m2p18_m2p02_FLAT_20260617\job_062_Mg_fe_-0.803_n4_generated_crystals_cif__gen_0.cif,True,483b63278f7c2d922a898693f46fd2b952f3c5571710dffb9b7b57fa86b95569,Li1 Mg2 O4,LiMg2O4,Mg,LiMg2O4,-2.19980740547,,0.468760947797,saved CGCNN MC-dropout sigma; candidate-level ALIGNN uncertainty not available,-3.0638384819,0.468760947797,0.864031076431,0.01670245465,521,0,-0.123796284199,A,True,False,270,17,301,19,dce40c6670be1eb6a2542ace530dd11eaaa0807cc735d8571862074a9b68d6cb,"Li/M/O role-RDF: six unordered pairs, 0-6 A in 0.2-A bins; scale-free sorted lattice lengths, angles, and normalized volume",SM_Mg_004,15,FP_SINGLETON_039,1,hdbscan_noise_singleton,job_076_Mg_fe_-1.074_n4_generated_crystals_cif__gen_0,0.624245454138,job_011_Mg_fe_-1.305_n4_generated_crystals_cif__gen_0,0.791100940529,same_structurematcher_cluster,D:\User\leoluis0705\Documents\xwechat_files\wxid_bbzc35ridmlc22_e97b\msg\file\2026-04\initial_1000_raw_generations.zip::raw_generations/job_062_Mg_fe_-0.803_n4/generated_crystals_cif.zip::gen_0.cif,raw_generations/job_062_Mg_fe_-0.803_n4/generated_crystals_cif.zip,gen_0.cif,True,False,True,2,0.651052398728,-1.54875500674,0.471244993257,0.551244993257,False,3.94528120785,F,True,False,253,1,P1,2.042971,11.071927
job_062_Mg_fe_-0.803_n4_generated_crystals_cif__gen_1,D:\CGCNN_Formation_Energy_AL_Archive\experiments\reproducibility\staging\paired_confirmation_server_20260712\EARLY_LiM2O4_ALIGNN_HARD640_m2p18_m2p02_FLAT_20260617\job_062_Mg_fe_-0.803_n4_generated_crystals_cif__gen_1.cif,True,15bc8fa686c0a8437ee4f367a413e0f31f2d61bf8f2dabd51ad0f2200b67977f,Li1 Mg2 O4,LiMg2O4,Mg,LiMg2O4,-2.11380052567,,0.442447161327,saved CGCNN MC-dropout sigma; candidate-level ALIGNN uncertainty not available,-2.95353007317,0.442447161327,0.839729547501,0.0227736721524,507,1,0.413746714592,C,False,True,272,17,300,19,76555ebd56c437440bf21c6a0f0b68c16d55bc6198e161fb7bb9e9f5a6896c9a,"Li/M/O role-RDF: six unordered pairs, 0-6 A in 0.2-A bins; scale-free sorted lattice lengths, angles, and normalized volume",SM_Mg_007,1,FP_SINGLETON_040,1,hdbscan_noise_singleton,job_129_Mn_fe_-0.852_n4_generated_crystals_cif__gen_0,0.72594735353,job_006_Mn_fe_-1.347_n4_generated_crystals_cif__gen_1,0.883366012574,no_shared_cluster,D:\User\leoluis0705\Documents\xwechat_files\wxid_bbzc35ridmlc22_e97b\msg\file\2026-04\initial_1000_raw_generations.zip::raw_generations/job_062_Mg_fe_-0.803_n4/generated_crystals_cif.zip::gen_1.cif,raw_generations/job_062_Mg_fe_-0.803_n4/generated_crystals_cif.zip,gen_1.cif,True,False,True,2,0.651052398728,-1.46274812694,0.557251873063,0.637251873063,False,4.48282420664,F,True,False,311,8,Cm,2.030577,11.473996
job_065_Mn_fe_-1.024_n4_generated_crystals_cif__gen_0,D:\CGCNN_Formation_Energy_AL_Archive\experiments\reproducibility\staging\paired_confirmation_server_20260712\EARLY_LiM2O4_ALIGNN_HARD640_m2p18_m2p02_FLAT_20260617\job_065_Mn_fe_-1.024_n4_generated_crystals_cif__gen_0.cif,True,9b6c9fdc14fc5657b061d4660dedc3e7bad89dfed06122dd626ac787df176be4,Li1 Mn2 O4,LiMn2O4,Mn,LiMn2O4,-2.00447010994,,0.391757951911,saved CGCNN MC-dropout sigma; candidate-level ALIGNN uncertainty not available,-2.19359374046,0.391757951911,0.189123630524,0.157318389617,43,0,1.09706181288,F,True,False,195,13,129,9,8d570afacf8880ea11fd82eb4d9baaffda5dbfcac375dc2cd2ff4f02bb0b4ade,"Li/M/O role-RDF: six unordered pairs, 0-6 A in 0.2-A bins; scale-free sorted lattice lengths, angles, and normalized volume",SM_Mn_004,35,FP_011,18,recurring_density_cluster,job_142_Mn_fe_-1.095_n4_generated_crystals_cif__gen_0,0.169179686695,job_167_Mn_fe_-0.885_n4_generated_crystals_cif__gen_3,0.409818344071,same_structurematcher_cluster,D:\User\leoluis0705\Documents\xwechat_files\wxid_bbzc35ridmlc22_e97b\msg\file\2026-04\initial_1000_raw_generations.zip::raw_generations/job_065_Mn_fe_-1.024_n4/generated_crystals_cif.zip::gen_0.cif,raw_generations/job_065_Mn_fe_-1.024_n4/generated_crystals_cif.zip,gen_0.cif,True,False,True,3,0.176542943114,-1.82792716683,0.192072833175,0.272072833175,False,2.20045520734,F,True,False,166,2,P-1,1.890137,10.417294
job_065_Mn_fe_-1.024_n4_generated_crystals_cif__gen_1,D:\CGCNN_Formation_Energy_AL_Archive\experiments\reproducibility\staging\paired_confirmation_server_20260712\EARLY_LiM2O4_ALIGNN_HARD640_m2p18_m2p02_FLAT_20260617\job_065_Mn_fe_-1.024_n4_generated_crystals_cif__gen_1.cif,True,7b153f005e5f7666b8a2955fe87b1d609b9f33ff8e46819474b934a8ee95aefe,Li1 Mn2 O4,LiMn2O4,Mn,LiMn2O4,-1.97186553478,,0.394586265286,saved CGCNN MC-dropout sigma; candidate-level ALIGNN uncertainty not available,-2.27292752266,0.394586265286,0.301061987877,0.146144709946,88,0,1.30084040761,F,True,False,180,12,101,7,525ac8f90b82e4f7a7ce6b0723bcd4892fe44fd5ab51d8ecc8763aa358f75259,"Li/M/O role-RDF: six unordered pairs, 0-6 A in 0.2-A bins; scale-free sorted lattice lengths, angles, and normalized volume",SM_Mn_008,9,FP_031,9,recurring_density_cluster,job_176_Mn_fe_-0.980_n4_generated_crystals_cif__gen_2,0.307576467532,job_120_Cr_fe_-1.424_n4_generated_crystals_cif__gen_1,0.609524770953,no_shared_cluster,D:\User\leoluis0705\Documents\xwechat_files\wxid_bbzc35ridmlc22_e97b\msg\file\2026-04\initial_1000_raw_generations.zip::raw_generations/job_065_Mn_fe_-1.024_n4/generated_crystals_cif.zip::gen_1.cif,raw_generations/job_065_Mn_fe_-1.024_n4/generated_crystals_cif.zip,gen_1.cif,True,False,True,3,0.176542943114,-1.79532259167,0.224677408332,0.304677408332,False,2.40423380207,F,True,False,199,1,P1,1.918038,11.720802
job_065_Mn_fe_-1.024_n4_generated_crystals_cif__gen_2,D:\CGCNN_Formation_Energy_AL_Archive\experiments\reproducibility\staging\paired_confirmation_server_20260712\EARLY_LiM2O4_ALIGNN_HARD640_m2p18_m2p02_FLAT_20260617\job_065_Mn_fe_-1.024_n4_generated_crystals_cif__gen_2.cif,True,36c2f46107a76890564aa6cfdde2ab9e20517a1d3a748eecbc32969327fef2e0,Li1 Mn2 O4,LiMn2O4,Mn,LiMn2O4,-2.00834178925,,0.475242200906,saved CGCNN MC-dropout sigma; candidate-level ALIGNN uncertainty not available,-2.2178196907,0.475242200906,0.209477901459,0.129672279225,192,0,1.07286381721,F,True,False,150,10,136,9,d71a4eb05bcceb2ae205bb9070499e6be8c81a08ef2457a49607d59b09892490,"Li/M/O role-RDF: six unordered pairs, 0-6 A in 0.2-A bins; scale-free sorted lattice lengths, angles, and normalized volume",SM_Mn_003,16,FP_010,7,recurring_density_cluster,job_134_Mn_fe_-0.810_n4_generated_crystals_cif__gen_2,0.190030538358,job_086_Mn_fe_-0.988_n4_generated_crystals_cif__gen_2,0.465597538995,same_structurematcher_cluster,D:\User\leoluis0705\Documents\xwechat_files\wxid_bbzc35ridmlc22_e97b\msg\file\2026-04\initial_1000_raw_generations.zip::raw_generations/job_065_Mn_fe_-1.024_n4/generated_crystals_cif.zip::gen_2.cif,raw_generations/job_065_Mn_fe_-1.024_n4/generated_crystals_cif.zip,gen_2.cif,True,False,True,3,0.176542943114,-1.83179884613,0.188201153869,0.268201153869,False,2.17625721168,F,True,False,162,1,P1,1.920437,10.820271
job_066_Mn_fe_-1.023_n4_generated_crystals_cif__gen_0,D:\CGCNN_Formation_Energy_AL_Archive\experiments\reproducibility\staging\paired_confirmation_server_20260712\EARLY_LiM2O4_ALIGNN_HARD640_m2p18_m2p02_FLAT_20260617\job_066_Mn_fe_-1.023_n4_generated_crystals_cif__gen_0.cif,True,47511780add7c9fd4a542cae808c6c331bf256488e081a10ff054a736317445a,Li1 Mn2 O4,LiMn2O4,Mn,LiMn2O4,-1.9871506691,,0.308183776764,saved CGCNN MC-dropout sigma; candidate-level ALIGNN uncertainty not available,-2.15899968147,0.308183776764,0.171849012375,0.201179291824,1,0,1.20530831814,F,True,False,14,1,198,13,497007473f716efb11c9ca22817e2df84baf3baf9af6e075d8fcfde1b7cdcccf,"Li/M/O role-RDF: six unordered pairs, 0-6 A in 0.2-A bins; scale-free sorted lattice lengths, angles, and normalized volume",SM_Mn_011,2,FP_SINGLETON_041,1,hdbscan_noise_singleton,job_044_Mn_fe_-0.936_n4_generated_crystals_cif__gen_0,0.421296201853,job_249_Cr_fe_-1.500_n4_generated_crystals_cif__gen_1,0.755451259287,no_shared_cluster,D:\User\leoluis0705\Documents\xwechat_files\wxid_bbzc35ridmlc22_e97b\msg\file\2026-04\initial_1000_raw_generations.zip::raw_generations/job_066_Mn_fe_-1.023_n4/generated_crystals_cif.zip::gen_0.cif,raw_generations/job_066_Mn_fe_-1.023_n4/generated_crystals_cif.zip,gen_0.cif,True,False,True,3,0.176542943114,-1.81060772598,0.209392274016,0.289392274016,False,2.3087017126,F,True,False,193,8,Cm,1.948822,10.918021
job_066_Mn_fe_-1.023_n4_generated_crystals_cif__gen_1,D:\CGCNN_Formation_Energy_AL_Archive\experiments\reproducibility\staging\paired_confirmation_server_20260712\EARLY_LiM2O4_ALIGNN_HARD640_m2p18_m2p02_FLAT_20260617\job_066_Mn_fe_-1.023_n4_generated_crystals_cif__gen_1.cif,True,96ad1471e49273ea7e06cbf64034e50364a1e5a56b2ccc8ec0aedfb0808cf0ce,Li1 Mn2 O4,LiMn2O4,Mn,LiMn2O4,-1.90144789219,,0.365793187626,saved CGCNN MC-dropout sigma; candidate-level ALIGNN uncertainty not available,-2.23702168465,0.365793187626,0.335573792458,0.16156849837,28,0,1.74095067382,F,True,False,190,12,78,5,09f3126758cdef2acc0fc885a160dd4c1b225c436a655bd95844bb9b1e0e3c90,"Li/M/O role-RDF: six unordered pairs, 0-6 A in 0.2-A bins; scale-free sorted lattice lengths, angles, and normalized volume",SM_Mn_010,10,FP_056,5,recurring_density_cluster,job_113_Mn_fe_-1.432_n4_generated_crystals_cif__gen_1,0.26682019498,job_120_Cr_fe_-1.424_n4_generated_crystals_cif__gen_1,0.565284416008,no_shared_cluster,D:\User\leoluis0705\Documents\xwechat_files\wxid_bbzc35ridmlc22_e97b\msg\file\2026-04\initial_1000_raw_generations.zip::raw_generations/job_066_Mn_fe_-1.023_n4/generated_crystals_cif.zip::gen_1.cif,raw_generations/job_066_Mn_fe_-1.023_n4/generated_crystals_cif.zip,gen_1.cif,True,False,True,3,0.176542943114,-1.72490494907,0.295095050925,0.375095050925,False,2.84434406828,F,True,False,234,1,P1,1.820502,9.892236
job_066_Mn_fe_-1.023_n4_generated_crystals_cif__gen_2,D:\CGCNN_Formation_Energy_AL_Archive\experiments\reproducibility\staging\paired_confirmation_server_20260712\EARLY_LiM2O4_ALIGNN_HARD640_m2p18_m2p02_FLAT_20260617\job_066_Mn_fe_-1.023_n4_generated_crystals_cif__gen_2.cif,True,3e22470c44281cf1b1f4c414875ff26d328267fc24076aa63008aa21b0898274,Li1 Mn2 O4,LiMn2O4,Mn,LiMn2O4,-1.99321222305,,0.418948618807,saved CGCNN MC-dropout sigma; candidate-level ALIGNN uncertainty not available,-2.239341259,0.418948618807,0.24612903595,0.143385693476,104,0,1.16742360592,F,True,False,130,9,28,2,0d98d964d8391d5880c9c704a9ce01cf26911a571606deb94d590e811dacb3e2,"Li/M/O role-RDF: six unordered pairs, 0-6 A in 0.2-A bins; scale-free sorted lattice lengths, angles, and normalized volume",SM_Mn_008,9,FP_031,9,recurring_density_cluster,job_162_Mn_fe_-1.493_n4_generated_crystals_cif__gen_0,0.399563570672,job_148_Mn_fe_-0.904_n4_generated_crystals_cif__gen_2,0.635335257368,no_shared_cluster,D:\User\leoluis0705\Documents\xwechat_files\wxid_bbzc35ridmlc22_e97b\msg\file\2026-04\initial_1000_raw_generations.zip::raw_generations/job_066_Mn_fe_-1.023_n4/generated_crystals_cif.zip::gen_2.cif,raw_generations/job_066_Mn_fe_-1.023_n4/generated_crystals_cif.zip,gen_2.cif,True,False,True,3,0.176542943114,-1.81666927994,0.203330720061,0.283330720061,False,2.27081700038,F,True,False,187,1,P1,1.913943,11.63073
job_066_Mn_fe_-1.023_n4_generated_crystals_cif__gen_3,D:\CGCNN_Formation_Energy_AL_Archive\experiments\reproducibility\staging\paired_confirmation_server_20260712\EARLY_LiM2O4_ALIGNN_HARD640_m2p18_m2p02_FLAT_20260617\job_066_Mn_fe_-1.023_n4_generated_crystals_cif__gen_3.cif,True,5d1c39ef49450392da5bc08acd96e339921a2fb2f17a5023cd84744081a8e4a8,Li1 Mn2 O4,LiMn2O4,Mn,LiMn2O4,-2.0285513401,,0.484078975624,saved CGCNN MC-dropout sigma; candidate-level ALIGNN uncertainty not available,-2.15289139748,0.484078975624,0.124340057373,0.130488343177,186,1,0.946554124355,E,True,False,25,2,225,15,419d3a259ac38f2cb0577984a7458ac450e7ba6ef9e81e341c84639dbde4e53d,"Li/M/O role-RDF: six unordered pairs, 0-6 A in 0.2-A bins; scale-free sorted lattice lengths, angles, and normalized volume",SM_Mn_004,35,FP_044,8,recurring_density_cluster,job_127_Mn_fe_-1.465_n4_generated_crystals_cif__gen_2,0.109908536809,job_044_Mn_fe_-0.936_n4_generated_crystals_cif__gen_1,0.285999182734,same_structurematcher_cluster,D:\User\leoluis0705\Documents\xwechat_files\wxid_bbzc35ridmlc22_e97b\msg\file\2026-04\initial_1000_raw_generations.zip::raw_generations/job_066_Mn_fe_-1.023_n4/generated_crystals_cif.zip::gen_3.cif,raw_generations/job_066_Mn_fe_-1.023_n4/generated_crystals_cif.zip,gen_3.cif,True,False,True,3,0.176542943114,-1.85200839699,0.167991603011,0.247991603011,False,2.04994751882,F,True,False,123,6,Pm,1.929343,10.807952
job_067_Mg_fe_-0.974_n4_generated_crystals_cif__gen_1,D:\CGCNN_Formation_Energy_AL_Archive\experiments\reproducibility\staging\paired_confirmation_server_20260712\EARLY_LiM2O4_ALIGNN_HARD640_m2p18_m2p02_FLAT_20260617\job_067_Mg_fe_-0.974_n4_generated_crystals_cif__gen_1.cif,True,a4476adb8ff723ffd77ad906458dbb731bf44b1e23449d157c165aeeec123c9b,Li1 Mg2 O4,LiMg2O4,Mg,LiMg2O4,-2.17132878304,,0.458261260095,saved CGCNN MC-dropout sigma; candidate-level ALIGNN uncertainty not available,-3.06698584557,0.458261260095,0.895657062531,0.0152962055158,526,1,0.0541951060295,B,True,False,297,19,281,18,db7afbaa5156cd3df5b297515353480caa68865b60d4f454144103f9697fdf4b,"Li/M/O role-RDF: six unordered pairs, 0-6 A in 0.2-A bins; scale-free sorted lattice lengths, angles, and normalized volume",SM_Mg_004,15,FP_035,6,recurring_density_cluster,job_128_Mg_fe_-0.915_n4_generated_crystals_cif__gen_2,0.300724452123,job_011_Mg_fe_-1.305_n4_generated_crystals_cif__gen_0,0.706695163953,same_structurematcher_cluster,D:\User\leoluis0705\Documents\xwechat_files\wxid_bbzc35ridmlc22_e97b\msg\file\2026-04\initial_1000_raw_generations.zip::raw_generations/job_067_Mg_fe_-0.974_n4/generated_crystals_cif.zip::gen_1.cif,raw_generations/job_067_Mg_fe_-0.974_n4/generated_crystals_cif.zip,gen_1.cif,True,False,True,2,0.651052398728,-1.52027638431,0.499723615693,0.579723615693,False,4.12327259808,F,True,False,269,8,Cm,2.035751,11.004075
job_068_Cr_fe_-1.051_n4_generated_crystals_cif__gen_0,D:\CGCNN_Formation_Energy_AL_Archive\experiments\reproducibility\staging\paired_confirmation_server_20260712\EARLY_LiM2O4_ALIGNN_HARD640_m2p18_m2p02_FLAT_20260617\job_068_Cr_fe_-1.051_n4_generated_crystals_cif__gen_0.cif,True,5edb345d9d1c5a43430530e24a44a30c73c1f1597a408a00802952c837cb3339,Li1 Cr2 O4,LiCr2O4,Cr,LiCr2O4,-2.13837385178,,0.452776166594,saved CGCNN MC-dropout sigma; candidate-level ALIGNN uncertainty not available,-2.13224077225,0.452776166594,0.00613307952881,0.139894904581,129,1,0.260163426399,C,False,False,29,2,59,4,89275cbb0cfc83bae5195b14cddd69ed5ad109b482532cafbafae190261f775c,"Li/M/O role-RDF: six unordered pairs, 0-6 A in 0.2-A bins; scale-free sorted lattice lengths, angles, and normalized volume",SM_Cr_008,15,FP_057,5,recurring_density_cluster,job_146_Cr_fe_-1.128_n4_generated_crystals_cif__gen_1,0.209449336528,job_214_Cr_fe_-0.857_n4_generated_crystals_cif__gen_0,0.373459697213,same_structurematcher_cluster,D:\User\leoluis0705\Documents\xwechat_files\wxid_bbzc35ridmlc22_e97b\msg\file\2026-04\initial_1000_raw_generations.zip::raw_generations/job_068_Cr_fe_-1.051_n4/generated_crystals_cif.zip::gen_0.cif,raw_generations/job_068_Cr_fe_-1.051_n4/generated_crystals_cif.zip,gen_0.cif,True,False,True,5,-0.102418564162,-2.24079241594,0.060792415938,0.140792415938,False,-0.379952599614,A,True,False,12,1,P1,1.864833,9.749067
job_068_Cr_fe_-1.051_n4_generated_crystals_cif__gen_1,D:\CGCNN_Formation_Energy_AL_Archive\experiments\reproducibility\staging\paired_confirmation_server_20260712\EARLY_LiM2O4_ALIGNN_HARD640_m2p18_m2p02_FLAT_20260617\job_068_Cr_fe_-1.051_n4_generated_crystals_cif__gen_1.cif,True,5a038822cb57c157b4630fd0345acaeb340e932a741bae8c713790dfaeacb132,Li1 Cr2 O4,LiCr2O4,Cr,LiCr2O4,-2.17961835861,,0.379617117842,saved CGCNN MC-dropout sigma; candidate-level ALIGNN uncertainty not available,-2.15476322174,0.379617117842,0.0248551368713,0.165206344669,16,1,0.00238525867462,B,True,False,143,9,193,13,d7b3e059d84a532acb021eca50a2f8d3e84f23dc984630b32e6f6695d5a92496,"Li/M/O role-RDF: six unordered pairs, 0-6 A in 0.2-A bins; scale-free sorted lattice lengths, angles, and normalized volume",SM_Cr_005,12,FP_019,19,recurring_density_cluster,job_087_Cr_fe_-1.452_n4_generated_crystals_cif__gen_3,0.192889034915,job_120_Cr_fe_-1.424_n4_generated_crystals_cif__gen_1,0.205126272537,same_structurematcher_cluster,D:\User\leoluis0705\Documents\xwechat_files\wxid_bbzc35ridmlc22_e97b\msg\file\2026-04\initial_1000_raw_generations.zip::raw_generations/job_068_Cr_fe_-1.051_n4/generated_crystals_cif.zip::gen_1.cif,raw_generations/job_068_Cr_fe_-1.051_n4/generated_crystals_cif.zip,gen_1.cif,True,False,True,5,-0.102418564162,-2.28203692277,0.102036922774,0.182036922774,False,-0.637730767339,A,True,False,48,8,Cm,1.861242,10.056339
job_068_Cr_fe_-1.051_n4_generated_crystals_cif__gen_3,D:\CGCNN_Formation_Energy_AL_Archive\experiments\reproducibility\staging\paired_confirmation_server_20260712\EARLY_LiM2O4_ALIGNN_HARD640_m2p18_m2p02_FLAT_20260617\job_068_Cr_fe_-1.051_n4_generated_crystals_cif__gen_3.cif,True,f02499c0e55ad2081fcfdc71215c6bff37176a9f5e6efe33a699bbde26351105,Li1 Cr2 O4,LiCr2O4,Cr,LiCr2O4,-2.20851421356,,0.512600762272,saved CGCNN MC-dropout sigma; candidate-level ALIGNN uncertainty not available,-2.07604622841,0.512600762272,0.132467985153,0.123885451862,211,0,-0.178213834763,A,True,False,108,7,178,12,b08c28ec75d898e832061ca5a9426911ba07a84668625f1e44ce7e21570da03d,"Li/M/O role-RDF: six unordered pairs, 0-6 A in 0.2-A bins; scale-free sorted lattice lengths, angles, and normalized volume",SM_Cr_011,4,FP_058,6,recurring_density_cluster,job_120_Cr_fe_-1.424_n4_generated_crystals_cif__gen_2,0.229533280168,job_249_Cr_fe_-1.500_n4_generated_crystals_cif__gen_1,0.894268642757,no_shared_cluster,D:\User\leoluis0705\Documents\xwechat_files\wxid_bbzc35ridmlc22_e97b\msg\file\2026-04\initial_1000_raw_generations.zip::raw_generations/job_068_Cr_fe_-1.051_n4/generated_crystals_cif.zip::gen_3.cif,raw_generations/job_068_Cr_fe_-1.051_n4/generated_crystals_cif.zip,gen_3.cif,True,False,True,5,-0.102418564162,-2.31093277772,0.130932777724,0.210932777724,False,-0.818329860776,A,True,False,87,6,Pm,1.917188,10.849008
job_069_Mn_fe_-1.295_n4_generated_crystals_cif__gen_0,D:\CGCNN_Formation_Energy_AL_Archive\experiments\reproducibility\staging\paired_confirmation_server_20260712\EARLY_LiM2O4_ALIGNN_HARD640_m2p18_m2p02_FLAT_20260617\job_069_Mn_fe_-1.295_n4_generated_crystals_cif__gen_0.cif,True,7ebabd54abce3a5c263d39fbba2e68be93f45c09af0b8764d32869766c40e792,Li1 Mn2 O4,LiMn2O4,Mn,LiMn2O4,-1.91212546825,,0.571581446509,saved CGCNN MC-dropout sigma; candidate-level ALIGNN uncertainty not available,-2.28933811188,0.571581446509,0.377212643623,0.10540561531,241,0,1.67421582341,F,True,False,96,6,81,6,c62520a9bc40c23705cc3f33c8d34bc8c138e8fc7316e2dfe0af85fefa0737d4,"Li/M/O role-RDF: six unordered pairs, 0-6 A in 0.2-A bins; scale-free sorted lattice lengths, angles, and normalized volume",SM_Mn_010,10,FP_056,5,recurring_density_cluster,job_176_Mn_fe_-0.980_n4_generated_crystals_cif__gen_3,0.143198212992,job_120_Cr_fe_-1.424_n4_generated_crystals_cif__gen_1,0.520742154211,no_shared_cluster,D:\User\leoluis0705\Documents\xwechat_files\wxid_bbzc35ridmlc22_e97b\msg\file\2026-04\initial_1000_raw_generations.zip::raw_generations/job_069_Mn_fe_-1.295_n4/generated_crystals_cif.zip::gen_0.cif,raw_generations/job_069_Mn_fe_-1.295_n4/generated_crystals_cif.zip,gen_0.cif,True,False,True,3,0.176542943114,-1.73558252514,0.28441747486,0.36441747486,False,2.77760921788,F,True,False,228,8,Cm,1.870151,10.24249
job_069_Mn_fe_-1.295_n4_generated_crystals_cif__gen_1,D:\CGCNN_Formation_Energy_AL_Archive\experiments\reproducibility\staging\paired_confirmation_server_20260712\EARLY_LiM2O4_ALIGNN_HARD640_m2p18_m2p02_FLAT_20260617\job_069_Mn_fe_-1.295_n4_generated_crystals_cif__gen_1.cif,True,158dd132d10005972595183478e68ef41a9a68b8eea74c2810906e3622592747,Li1 Mn2 O4,LiMn2O4,Mn,LiMn2O4,-1.92810952663,,0.566910769618,saved CGCNN MC-dropout sigma; candidate-level ALIGNN uncertainty not available,-2.23099923134,0.566910769618,0.302889704704,0.109284315752,229,0,1.57431545854,F,True,False,223,14,141,9,d3d2dafb8e63ecd2db5f69ab3f5ae846a644c32f2a61a957a063c6c095ebaa20,"Li/M/O role-RDF: six unordered pairs, 0-6 A in 0.2-A bins; scale-free sorted lattice lengths, angles, and normalized volume",SM_Mn_012,5,FP_036,16,recurring_density_cluster,job_120_Cr_fe_-1.424_n4_generated_crystals_cif__gen_3,0.385278946317,job_148_Mn_fe_-0.904_n4_generated_crystals_cif__gen_2,0.806436118584,no_shared_cluster,D:\User\leoluis0705\Documents\xwechat_files\wxid_bbzc35ridmlc22_e97b\msg\file\2026-04\initial_1000_raw_generations.zip::raw_generations/job_069_Mn_fe_-1.295_n4/generated_crystals_cif.zip::gen_1.cif,raw_generations/job_069_Mn_fe_-1.295_n4/generated_crystals_cif.zip,gen_1.cif,True,False,True,3,0.176542943114,-1.75156658352,0.26843341648,0.34843341648,False,2.677708853,F,True,False,214,1,P1,1.880688,11.162702
job_069_Mn_fe_-1.295_n4_generated_crystals_cif__gen_2,D:\CGCNN_Formation_Energy_AL_Archive\experiments\reproducibility\staging\paired_confirmation_server_20260712\EARLY_LiM2O4_ALIGNN_HARD640_m2p18_m2p02_FLAT_20260617\job_069_Mn_fe_-1.295_n4_generated_crystals_cif__gen_2.cif,True,3968b2f509f497c78206b1324eeebf6567a425d76eb4ebdd36737177304d27cf,Li1 Mn2 O4,LiMn2O4,Mn,LiMn2O4,-1.99596142769,,0.42818792236,saved CGCNN MC-dropout sigma; candidate-level ALIGNN uncertainty not available,-2.26866054535,0.42818792236,0.272699117661,0.137269514164,136,0,1.15024107695,F,True,False,122,8,75,5,e257f3eaaf753c9d3384115ad7c9f887b802e6aaf36e478cfcb887f6aa44c2d9,"Li/M/O role-RDF: six unordered pairs, 0-6 A in 0.2-A bins; scale-free sorted lattice lengths, angles, and normalized volume",SM_Mn_013,8,FP_038,19,recurring_density_cluster,job_154_Mn_fe_-1.207_n4_generated_crystals_cif__gen_2,0.242878614702,job_011_Mg_fe_-1.305_n4_generated_crystals_cif__gen_0,0.767494275662,no_shared_cluster,D:\User\leoluis0705\Documents\xwechat_files\wxid_bbzc35ridmlc22_e97b\msg\file\2026-04\initial_1000_raw_generations.zip::raw_generations/job_069_Mn_fe_-1.295_n4/generated_crystals_cif.zip::gen_2.cif,raw_generations/job_069_Mn_fe_-1.295_n4/generated_crystals_cif.zip,gen_2.cif,True,False,True,3,0.176542943114,-1.81941848457,0.200581515426,0.280581515426,False,2.25363447141,F,True,False,183,8,Cm,1.902834,10.127418
job_069_Mn_fe_-1.295_n4_generated_crystals_cif__gen_3,D:\CGCNN_Formation_Energy_AL_Archive\experiments\reproducibility\staging\paired_confirmation_server_20260712\EARLY_LiM2O4_ALIGNN_HARD640_m2p18_m2p02_FLAT_20260617\job_069_Mn_fe_-1.295_n4_generated_crystals_cif__gen_3.cif,True,4de52341c4809108d6086bf052dcbabf8b140229e8778a2fc795088100515a95,Li1 Mn2 O4,LiMn2O4,Mn,LiMn2O4,-2.01075482368,,0.36607650818,saved CGCNN MC-dropout sigma; candidate-level ALIGNN uncertainty not available,-2.21437716484,0.36607650818,0.203622341156,0.164873152588,20,0,1.05778235197,F,True,False,176,11,41,3,79cfc6dfc87caf61ff0f8088a11e096b7e41b0cb29e0fc5de0858abeb4cd8a83,"Li/M/O role-RDF: six unordered pairs, 0-6 A in 0.2-A bins; scale-free sorted lattice lengths, angles, and normalized volume",SM_Mn_003,16,FP_010,7,recurring_density_cluster,job_134_Mn_fe_-0.810_n4_generated_crystals_cif__gen_2,0.194783720122,job_086_Mn_fe_-0.988_n4_generated_crystals_cif__gen_2,0.420343180851,same_structurematcher_cluster,D:\User\leoluis0705\Documents\xwechat_files\wxid_bbzc35ridmlc22_e97b\msg\file\2026-04\initial_1000_raw_generations.zip::raw_generations/job_069_Mn_fe_-1.295_n4/generated_crystals_cif.zip::gen_3.cif,raw_generations/job_069_Mn_fe_-1.295_n4/generated_crystals_cif.zip,gen_3.cif,True,False,True,3,0.176542943114,-1.83421188057,0.185788119429,0.265788119429,False,2.16117574643,F,True,False,155,1,P1,1.916582,10.912672
job_070_Ni_fe_-1.182_n4_generated_crystals_cif__gen_1,D:\CGCNN_Formation_Energy_AL_Archive\experiments\reproducibility\staging\paired_confirmation_server_20260712\EARLY_LiM2O4_ALIGNN_HARD640_m2p18_m2p02_FLAT_20260617\job_070_Ni_fe_-1.182_n4_generated_crystals_cif__gen_1.cif,True,702360048aacdcaaf9088114a2fead17be67d7cf262ba13628f8113732cd8c33,Li1 Ni2 O4,Li(NiO2)2,Ni,Li(NiO2)2,-1.05099773407,,0.530511641121,saved CGCNN MC-dropout sigma; candidate-level ALIGNN uncertainty not available,-1.40226483345,0.530511641121,0.35126709938,0.0508053105132,462,0,7.05626416206,F,True,False,616,39,436,28,8a6c2b7dd11a9730088179e7f02f269e051a00f1f97ee9c7cb1c795a6041ccb6,"Li/M/O role-RDF: six unordered pairs, 0-6 A in 0.2-A bins; scale-free sorted lattice lengths, angles, and normalized volume",SM_Ni_002,22,FP_059,8,recurring_density_cluster,job_091_Ni_fe_-1.314_n4_generated_crystals_cif__gen_1,0.10509035805,job_136_Cr_fe_-1.181_n4_generated_crystals_cif__gen_0,0.780138613531,no_shared_cluster,D:\User\leoluis0705\Documents\xwechat_files\wxid_bbzc35ridmlc22_e97b\msg\file\2026-04\initial_1000_raw_generations.zip::raw_generations/job_070_Ni_fe_-1.182_n4/generated_crystals_cif.zip::gen_1.cif,raw_generations/job_070_Ni_fe_-1.182_n4/generated_crystals_cif.zip,gen_1.cif,True,False,False,0,0,-1.05099773407,0.96900226593,1.04900226593,False,7.05626416206,F,True,False,462,2,P-1,1.864505,9.735537
job_070_Ni_fe_-1.182_n4_generated_crystals_cif__gen_2,D:\CGCNN_Formation_Energy_AL_Archive\experiments\reproducibility\staging\paired_confirmation_server_20260712\EARLY_LiM2O4_ALIGNN_HARD640_m2p18_m2p02_FLAT_20260617\job_070_Ni_fe_-1.182_n4_generated_crystals_cif__gen_2.cif,True,0f33d5484f32ee17eef81006d63436abb18b68cafa40f3630faca0e76e94d781,Li1 Ni2 O4,Li(NiO2)2,Ni,Li(NiO2)2,-1.06129407883,,0.549894047415,saved CGCNN MC-dropout sigma; candidate-level ALIGNN uncertainty not available,-1.38988733292,0.549894047415,0.328593254089,0.0505413948048,466,0,6.99191200733,F,True,False,587,37,483,31,92b85a60ea533d089e8480922d11d30e79776a45566ff9b4e1b7f9a430d34e2a,"Li/M/O role-RDF: six unordered pairs, 0-6 A in 0.2-A bins; scale-free sorted lattice lengths, angles, and normalized volume",SM_Ni_002,22,FP_007,4,recurring_density_cluster,job_247_Ni_fe_-1.069_n4_generated_crystals_cif__gen_0,0.113946015362,job_136_Cr_fe_-1.181_n4_generated_crystals_cif__gen_0,0.504494228231,no_shared_cluster,D:\User\leoluis0705\Documents\xwechat_files\wxid_bbzc35ridmlc22_e97b\msg\file\2026-04\initial_1000_raw_generations.zip::raw_generations/job_070_Ni_fe_-1.182_n4/generated_crystals_cif.zip::gen_2.cif,raw_generations/job_070_Ni_fe_-1.182_n4/generated_crystals_cif.zip,gen_2.cif,True,False,False,0,0,-1.06129407883,0.958705921173,1.03870592117,False,6.99191200733,F,True,False,440,6,Pm,1.87228,10.011172
job_070_Ni_fe_-1.182_n4_generated_crystals_cif__gen_3,D:\CGCNN_Formation_Energy_AL_Archive\experiments\reproducibility\staging\paired_confirmation_server_20260712\EARLY_LiM2O4_ALIGNN_HARD640_m2p18_m2p02_FLAT_20260617\job_070_Ni_fe_-1.182_n4_generated_crystals_cif__gen_3.cif,True,bbc18bf0d24c86c3c8aa02c3d9c60a920bffbf3743aa716d0e9a9697b46121a7,Li1 Ni2 O4,Li(NiO2)2,Ni,Li(NiO2)2,-1.0749219656,,0.529960692775,saved CGCNN MC-dropout sigma; candidate-level ALIGNN uncertainty not available,-1.42744910717,0.529960692775,0.352527141571,0.0539594032227,441,0,6.90673771501,F,True,False,567,36,489,31,9fb620d40cc2c72530eaec425de980e14f30d0a18544999670005eb03e404481,"Li/M/O role-RDF: six unordered pairs, 0-6 A in 0.2-A bins; scale-free sorted lattice lengths, angles, and normalized volume",SM_Ni_003,30,FP_SINGLETON_042,1,hdbscan_noise_singleton,job_046_Ni_fe_-0.861_n4_generated_crystals_cif__gen_2,0.23683177647,job_136_Cr_fe_-1.181_n4_generated_crystals_cif__gen_0,0.637881250313,no_shared_cluster,D:\User\leoluis0705\Documents\xwechat_files\wxid_bbzc35ridmlc22_e97b\msg\file\2026-04\initial_1000_raw_generations.zip::raw_generations/job_070_Ni_fe_-1.182_n4/generated_crystals_cif.zip::gen_3.cif,raw_generations/job_070_Ni_fe_-1.182_n4/generated_crystals_cif.zip,gen_3.cif,True,False,False,0,0,-1.0749219656,0.945078034401,1.0250780344,False,6.90673771501,F,True,False,412,1,P1,1.870964,10.081631
job_071_Ti_fe_-0.887_n4_generated_crystals_cif__gen_2,D:\CGCNN_Formation_Energy_AL_Archive\experiments\reproducibility\staging\paired_confirmation_server_20260712\EARLY_LiM2O4_ALIGNN_HARD640_m2p18_m2p02_FLAT_20260617\job_071_Ti_fe_-0.887_n4_generated_crystals_cif__gen_2.cif,True,2db6570940d2e2e74edc560ed2b8a547592ac7ee9e59112d4022aedc61805739,Li1 Ti2 O4,LiTi2O4,Ti,LiTi2O4,-3.14736390114,,0.413660535661,saved CGCNN MC-dropout sigma; candidate-level ALIGNN uncertainty not available,-3.01029658318,0.413660535661,0.137067317963,0.0140313071716,528,0,-6.04602438211,A,True,False,353,23,310,20,a4b13ac93128007235f5940ade67e94fd59ea56901804a3f65cfc5fdd538394f,"Li/M/O role-RDF: six unordered pairs, 0-6 A in 0.2-A bins; scale-free sorted lattice lengths, angles, and normalized volume",SM_Ti_012,1,FP_049,5,recurring_density_cluster,job_150_Ti_fe_-0.897_n4_generated_crystals_cif__gen_1,0.829322727726,job_148_Mn_fe_-0.904_n4_generated_crystals_cif__gen_2,1.26515182798,no_shared_cluster,D:\User\leoluis0705\Documents\xwechat_files\wxid_bbzc35ridmlc22_e97b\msg\file\2026-04\initial_1000_raw_generations.zip::raw_generations/job_071_Ti_fe_-0.887_n4/generated_crystals_cif.zip::gen_2.cif,raw_generations/job_071_Ti_fe_-0.887_n4/generated_crystals_cif.zip,gen_2.cif,True,False,False,0,0,-3.14736390114,0.967363901138,1.04736390114,False,-6.04602438211,A,True,False,453,8,Cm,1.74445,11.103147
job_071_Ti_fe_-0.887_n4_generated_crystals_cif__gen_3,D:\CGCNN_Formation_Energy_AL_Archive\experiments\reproducibility\staging\paired_confirmation_server_20260712\EARLY_LiM2O4_ALIGNN_HARD640_m2p18_m2p02_FLAT_20260617\job_071_Ti_fe_-0.887_n4_generated_crystals_cif__gen_3.cif,True,06dc0695ff93af06b93745da8ac5e062299e774bce36da9c9b1824fecd569324,Li1 Ti2 O4,LiTi2O4,Ti,LiTi2O4,-3.22450685501,,0.417668382366,saved CGCNN MC-dropout sigma; candidate-level ALIGNN uncertainty not available,-3.35763430595,0.417668382366,0.133127450943,0.00172368721116,631,0,-6.52816784382,A,True,False,376,24,604,38,9ecb9aa931e11238bc95eda49d0b636ff75b952daf7864006877dff7415e1126,"Li/M/O role-RDF: six unordered pairs, 0-6 A in 0.2-A bins; scale-free sorted lattice lengths, angles, and normalized volume",SM_Ti_002,41,FP_060,7,recurring_density_cluster,job_209_Ti_fe_-0.932_n4_generated_crystals_cif__gen_0,0.0260903535023,job_011_Mg_fe_-1.305_n4_generated_crystals_cif__gen_0,0.886846743943,no_shared_cluster,D:\User\leoluis0705\Documents\xwechat_files\wxid_bbzc35ridmlc22_e97b\msg\file\2026-04\initial_1000_raw_generations.zip::raw_generations/job_071_Ti_fe_-0.887_n4/generated_crystals_cif.zip::gen_3.cif,raw_generations/job_071_Ti_fe_-0.887_n4/generated_crystals_cif.zip,gen_3.cif,True,False,False,0,0,-3.22450685501,1.04450685501,1.12450685501,False,-6.52816784382,A,True,False,616,119,I-4m2,1.981688,9.94381
job_072_Co_fe_-0.820_n4_generated_crystals_cif__gen_0,D:\CGCNN_Formation_Energy_AL_Archive\experiments\reproducibility\staging\paired_confirmation_server_20260712\EARLY_LiM2O4_ALIGNN_HARD640_m2p18_m2p02_FLAT_20260617\job_072_Co_fe_-0.820_n4_generated_crystals_cif__gen_0.cif,True,eb4e71b12154407280d04b4162804487a92f9e1f84756af6bcb6ed3a7b8660a5,Li1 Co2 O4,Li(CoO2)2,Co,Li(CoO2)2,-1.42785871029,,0.583822700084,saved CGCNN MC-dropout sigma; candidate-level ALIGNN uncertainty not available,-1.68213629723,0.583822700084,0.254277586937,0.084497872653,280,0,4.70088306069,F,True,False,486,31,344,22,43e2e017382df139e28be704d05e10e7b6c34a13b98c4a05c13eccd358cc2e3d,"Li/M/O role-RDF: six unordered pairs, 0-6 A in 0.2-A bins; scale-free sorted lattice lengths, angles, and normalized volume",SM_Co_006,12,FP_061,3,recurring_density_cluster,job_215_Co_fe_-1.286_n4_generated_crystals_cif__gen_1,0.367732612302,job_120_Cr_fe_-1.424_n4_generated_crystals_cif__gen_1,1.00076578274,no_shared_cluster,D:\User\leoluis0705\Documents\xwechat_files\wxid_bbzc35ridmlc22_e97b\msg\file\2026-04\initial_1000_raw_generations.zip::raw_generations/job_072_Co_fe_-0.820_n4/generated_crystals_cif.zip::gen_0.cif,raw_generations/job_072_Co_fe_-0.820_n4/generated_crystals_cif.zip,gen_0.cif,True,False,False,0,0,-1.42785871029,0.592141289711,0.672141289711,False,4.70088306069,F,True,False,337,8,Cm,1.892305,9.639764
job_072_Co_fe_-0.820_n4_generated_crystals_cif__gen_1,D:\CGCNN_Formation_Energy_AL_Archive\experiments\reproducibility\staging\paired_confirmation_server_20260712\EARLY_LiM2O4_ALIGNN_HARD640_m2p18_m2p02_FLAT_20260617\job_072_Co_fe_-0.820_n4_generated_crystals_cif__gen_1.cif,True,f95ee38935efd314b998c754959b3d2853b3ed8ac6a124cd8a6733ed3e6c5e1c,Li1 Co2 O4,Li(CoO2)2,Co,Li(CoO2)2,-1.50233960152,,0.475453060598,saved CGCNN MC-dropout sigma; candidate-level ALIGNN uncertainty not available,-1.56505036354,0.475453060598,0.0627107620239,0.0713780492672,341,0,4.23537749052,F,True,False,517,33,374,24,4876e0d49621f1d7c6226e951036bdc4db34b7b10403b24a05ea108a7d87dd77,"Li/M/O role-RDF: six unordered pairs, 0-6 A in 0.2-A bins; scale-free sorted lattice lengths, angles, and normalized volume",SM_Co_003,18,FP_052,7,recurring_density_cluster,job_107_Co_fe_-1.032_n4_generated_crystals_cif__gen_1,0.220261189227,job_148_Mn_fe_-0.904_n4_generated_crystals_cif__gen_2,1.04439831436,no_shared_cluster,D:\User\leoluis0705\Documents\xwechat_files\wxid_bbzc35ridmlc22_e97b\msg\file\2026-04\initial_1000_raw_generations.zip::raw_generations/job_072_Co_fe_-0.820_n4/generated_crystals_cif.zip::gen_1.cif,raw_generations/job_072_Co_fe_-0.820_n4/generated_crystals_cif.zip,gen_1.cif,True,False,False,0,0,-1.50233960152,0.517660398483,0.597660398483,False,4.23537749052,F,True,False,288,8,Cm,1.896799,10.051247
job_072_Co_fe_-0.820_n4_generated_crystals_cif__gen_2,D:\CGCNN_Formation_Energy_AL_Archive\experiments\reproducibility\staging\paired_confirmation_server_20260712\EARLY_LiM2O4_ALIGNN_HARD640_m2p18_m2p02_FLAT_20260617\job_072_Co_fe_-0.820_n4_generated_crystals_cif__gen_2.cif,True,e259a078c4f1e16e51e839b2f4e94537ad40f5eb54d2ac6a30629d8871dc6cf1,Li1 Co2 O4,Li(CoO2)2,Co,Li(CoO2)2,-1.48433208466,,0.37823629646,saved CGCNN MC-dropout sigma; candidate-level ALIGNN uncertainty not available,-1.55891489983,0.37823629646,0.0745828151703,0.0611253214737,393,0,4.3479244709,F,True,False,300,19,351,22,1839b378b56d51898ba2a873ca98be61617b4acadd7c2742f2b842e956cf987b,"Li/M/O role-RDF: six unordered pairs, 0-6 A in 0.2-A bins; scale-free sorted lattice lengths, angles, and normalized volume",SM_Co_003,18,FP_050,3,recurring_density_cluster,job_114_Al_fe_-1.252_n4_generated_crystals_cif__gen_1,0.352132729228,job_249_Cr_fe_-1.500_n4_generated_crystals_cif__gen_1,0.961637710355,no_shared_cluster,D:\User\leoluis0705\Documents\xwechat_files\wxid_bbzc35ridmlc22_e97b\msg\file\2026-04\initial_1000_raw_generations.zip::raw_generations/job_072_Co_fe_-0.820_n4/generated_crystals_cif.zip::gen_2.cif,raw_generations/job_072_Co_fe_-0.820_n4/generated_crystals_cif.zip,gen_2.cif,True,False,False,0,0,-1.48433208466,0.535667915344,0.615667915344,False,4.3479244709,F,True,False,300,8,Cm,1.907761,10.123648
job_072_Co_fe_-0.820_n4_generated_crystals_cif__gen_3,D:\CGCNN_Formation_Energy_AL_Archive\experiments\reproducibility\staging\paired_confirmation_server_20260712\EARLY_LiM2O4_ALIGNN_HARD640_m2p18_m2p02_FLAT_20260617\job_072_Co_fe_-0.820_n4_generated_crystals_cif__gen_3.cif,True,db328d2204ef1a99b2c5c8ca7457d8d59cf4c287ae4092b69698c910a5d637b4,Li1 Co2 O4,Li(CoO2)2,Co,Li(CoO2)2,-1.44865226746,,0.49348437668,saved CGCNN MC-dropout sigma; candidate-level ALIGNN uncertainty not available,-1.63106966019,0.49348437668,0.182417392731,0.0823174960248,292,0,4.5709233284,F,True,False,492,31,338,22,dd9105b440d241b9d59b7a523bbc579b45c8d4616d75b51eca9db302a3bff728,"Li/M/O role-RDF: six unordered pairs, 0-6 A in 0.2-A bins; scale-free sorted lattice lengths, angles, and normalized volume",SM_Co_010,2,FP_062,3,recurring_density_cluster,job_237_Co_fe_-1.198_n4_generated_crystals_cif__gen_3,0.399208558088,job_148_Mn_fe_-0.904_n4_generated_crystals_cif__gen_2,0.845590394627,no_shared_cluster,D:\User\leoluis0705\Documents\xwechat_files\wxid_bbzc35ridmlc22_e97b\msg\file\2026-04\initial_1000_raw_generations.zip::raw_generations/job_072_Co_fe_-0.820_n4/generated_crystals_cif.zip::gen_3.cif,raw_generations/job_072_Co_fe_-0.820_n4/generated_crystals_cif.zip,gen_3.cif,True,False,False,0,0,-1.44865226746,0.571347732544,0.651347732544,False,4.5709233284,F,True,False,320,8,Cm,1.902273,10.494029
job_073_Cr_fe_-1.375_n4_generated_crystals_cif__gen_0,D:\CGCNN_Formation_Energy_AL_Archive\experiments\reproducibility\staging\paired_confirmation_server_20260712\EARLY_LiM2O4_ALIGNN_HARD640_m2p18_m2p02_FLAT_20260617\job_073_Cr_fe_-1.375_n4_generated_crystals_cif__gen_0.cif,True,ead5ba5e33ba08568b115d6f8bcf95b59646545ceb32f05c0c1291c59053fbd5,Li1 Cr2 O4,LiCr2O4,Cr,LiCr2O4,-2.12212228775,,0.383520621851,saved CGCNN MC-dropout sigma; candidate-level ALIGNN uncertainty not available,-2.13876628876,0.383520621851,0.0166440010071,0.164404747302,21,1,0.361735701561,C,False,False,199,13,228,15,256e18016888827eb4166bb16d33d896afde47807e97e211d5b9c5d0bf79f3c0,"Li/M/O role-RDF: six unordered pairs, 0-6 A in 0.2-A bins; scale-free sorted lattice lengths, angles, and normalized volume",SM_Cr_012,1,FP_SINGLETON_043,1,hdbscan_noise_singleton,job_029_Cr_fe_-1.337_n4_generated_crystals_cif__gen_2,0.673415474909,job_029_Cr_fe_-1.337_n4_generated_crystals_cif__gen_2,0.673415474909,historical_dft_candidate_self,D:\User\leoluis0705\Documents\xwechat_files\wxid_bbzc35ridmlc22_e97b\msg\file\2026-04\initial_1000_raw_generations.zip::raw_generations/job_073_Cr_fe_-1.375_n4/generated_crystals_cif.zip::gen_0.cif,raw_generations/job_073_Cr_fe_-1.375_n4/generated_crystals_cif.zip,gen_0.cif,True,True,True,5,-0.102418564162,-2.22454085191,0.044540851912,0.124540851912,False,-0.278380324453,A,True,False,7,8,Cm,1.927024,10.884567
job_073_Cr_fe_-1.375_n4_generated_crystals_cif__gen_1,D:\CGCNN_Formation_Energy_AL_Archive\experiments\reproducibility\staging\paired_confirmation_server_20260712\EARLY_LiM2O4_ALIGNN_HARD640_m2p18_m2p02_FLAT_20260617\job_073_Cr_fe_-1.375_n4_generated_crystals_cif__gen_1.cif,True,04267f0d6af643582c16fa4f8f902acc52b362446a752b76304eae1c18a60e3e,Li1 Cr2 O4,LiCr2O4,Cr,LiCr2O4,-2.19938778877,,0.402246508151,saved CGCNN MC-dropout sigma; candidate-level ALIGNN uncertainty not available,-2.11147212982,0.402246508151,0.0879156589508,0.157582486257,41,0,-0.121173679829,A,True,False,154,10,166,11,78f07afdab14e229f7e381f28eab9843b2dccc22a5cca5aa9afdbabe0376243c,"Li/M/O role-RDF: six unordered pairs, 0-6 A in 0.2-A bins; scale-free sorted lattice lengths, angles, and normalized volume",SM_Cr_003,20,FP_063,10,recurring_density_cluster,job_201_Cr_fe_-1.216_n4_generated_crystals_cif__gen_1,0.0905073274035,job_136_Cr_fe_-1.181_n4_generated_crystals_cif__gen_0,0.186610261693,same_structurematcher_cluster,D:\User\leoluis0705\Documents\xwechat_files\wxid_bbzc35ridmlc22_e97b\msg\file\2026-04\initial_1000_raw_generations.zip::raw_generations/job_073_Cr_fe_-1.375_n4/generated_crystals_cif.zip::gen_1.cif,raw_generations/job_073_Cr_fe_-1.375_n4/generated_crystals_cif.zip,gen_1.cif,True,False,True,5,-0.102418564162,-2.30180635293,0.121806352935,0.201806352935,False,-0.761289705842,A,True,False,73,1,P1,1.934138,10.557047
job_073_Cr_fe_-1.375_n4_generated_crystals_cif__gen_2,D:\CGCNN_Formation_Energy_AL_Archive\experiments\reproducibility\staging\paired_confirmation_server_20260712\EARLY_LiM2O4_ALIGNN_HARD640_m2p18_m2p02_FLAT_20260617\job_073_Cr_fe_-1.375_n4_generated_crystals_cif__gen_2.cif,True,688645c4d1e458da0d239c34b60aa2d234417d02481d9154855a2e7525989c11,Li1 Cr2 O4,LiCr2O4,Cr,LiCr2O4,-2.24114394188,,0.580252832735,saved CGCNN MC-dropout sigma; candidate-level ALIGNN uncertainty not available,-2.09855413437,0.580252832735,0.14258980751,0.109657239408,227,0,-0.382149636745,A,True,False,178,12,2,1,f6cef3993f2a097aa1f3dd6d5b12dd1be4656aeb8daf1ef2260271c50e096946,"Li/M/O role-RDF: six unordered pairs, 0-6 A in 0.2-A bins; scale-free sorted lattice lengths, angles, and normalized volume",SM_Cr_006,14,FP_064,6,recurring_density_cluster,job_127_Mn_fe_-1.465_n4_generated_crystals_cif__gen_0,0.277880241179,job_249_Cr_fe_-1.500_n4_generated_crystals_cif__gen_1,0.727512289088,no_shared_cluster,D:\User\leoluis0705\Documents\xwechat_files\wxid_bbzc35ridmlc22_e97b\msg\file\2026-04\initial_1000_raw_generations.zip::raw_generations/job_073_Cr_fe_-1.375_n4/generated_crystals_cif.zip::gen_2.cif,raw_generations/job_073_Cr_fe_-1.375_n4/generated_crystals_cif.zip,gen_2.cif,True,False,True,5,-0.102418564162,-2.34356250604,0.163562506041,0.243562506041,False,-1.02226566276,A,True,False,116,1,P1,1.95006,10.715056
job_073_Cr_fe_-1.375_n4_generated_crystals_cif__gen_3,D:\CGCNN_Formation_Energy_AL_Archive\experiments\reproducibility\staging\paired_confirmation_server_20260712\EARLY_LiM2O4_ALIGNN_HARD640_m2p18_m2p02_FLAT_20260617\job_073_Cr_fe_-1.375_n4_generated_crystals_cif__gen_3.cif,True,04f640fe9be2fcbd5ddc2de82fd4bb47b030167b291afb2f0017a50d152f9469,Li1 Cr2 O4,LiCr2O4,Cr,LiCr2O4,-2.15477466583,,0.408997279745,saved CGCNN MC-dropout sigma; candidate-level ALIGNN uncertainty not available,-2.13539552689,0.408997279745,0.0193791389465,0.154504690769,56,1,0.157658338547,B,True,False,28,2,64,4,9f6303ae4589ae1d2f73d143bfb2f6d8801cadcfd2a01b6fb44ae55850a6b0a3,"Li/M/O role-RDF: six unordered pairs, 0-6 A in 0.2-A bins; scale-free sorted lattice lengths, angles, and normalized volume",SM_Cr_008,15,FP_065,4,recurring_density_cluster,job_196_Cr_fe_-0.819_n4_generated_crystals_cif__gen_3,0.0962091304132,job_214_Cr_fe_-0.857_n4_generated_crystals_cif__gen_0,0.398878459845,same_structurematcher_cluster,D:\User\leoluis0705\Documents\xwechat_files\wxid_bbzc35ridmlc22_e97b\msg\file\2026-04\initial_1000_raw_generations.zip::raw_generations/job_073_Cr_fe_-1.375_n4/generated_crystals_cif.zip::gen_3.cif,raw_generations/job_073_Cr_fe_-1.375_n4/generated_crystals_cif.zip,gen_3.cif,True,False,True,5,-0.102418564162,-2.25719322999,0.077193229995,0.157193229995,False,-0.482457687467,A,True,False,25,1,P1,1.856557,9.740384
job_074_Mn_fe_-0.891_n4_generated_crystals_cif__gen_1,D:\CGCNN_Formation_Energy_AL_Archive\experiments\reproducibility\staging\paired_confirmation_server_20260712\EARLY_LiM2O4_ALIGNN_HARD640_m2p18_m2p02_FLAT_20260617\job_074_Mn_fe_-0.891_n4_generated_crystals_cif__gen_1.cif,True,9e6a9aa1dc05e219e846d8e815fd11433ca7826164a44eda51056c762ddbe1b1,Li1 Mn2 O4,LiMn2O4,Mn,LiMn2O4,-2.00737094879,,0.419978716379,saved CGCNN MC-dropout sigma; candidate-level ALIGNN uncertainty not available,-2.21580410004,0.419978716379,0.208433151245,0.14550282033,93,0,1.07893157005,F,True,False,141,9,133,9,b36c83c5c40335a7260ec6f23300cab742c2d225001ee79cd14e9d1ef267fc1e,"Li/M/O role-RDF: six unordered pairs, 0-6 A in 0.2-A bins; scale-free sorted lattice lengths, angles, and normalized volume",SM_Mn_003,16,FP_010,7,recurring_density_cluster,job_065_Mn_fe_-1.024_n4_generated_crystals_cif__gen_2,0.198691711771,job_086_Mn_fe_-0.988_n4_generated_crystals_cif__gen_2,0.490473942454,same_structurematcher_cluster,D:\User\leoluis0705\Documents\xwechat_files\wxid_bbzc35ridmlc22_e97b\msg\file\2026-04\initial_1000_raw_generations.zip::raw_generations/job_074_Mn_fe_-0.891_n4/generated_crystals_cif.zip::gen_1.cif,raw_generations/job_074_Mn_fe_-0.891_n4/generated_crystals_cif.zip,gen_1.cif,True,False,True,3,0.176542943114,-1.83082800568,0.189171994323,0.269171994323,False,2.18232496452,F,True,False,164,1,P1,1.923439,10.763635
job_074_Mn_fe_-0.891_n4_generated_crystals_cif__gen_2,D:\CGCNN_Formation_Energy_AL_Archive\experiments\reproducibility\staging\paired_confirmation_server_20260712\EARLY_LiM2O4_ALIGNN_HARD640_m2p18_m2p02_FLAT_20260617\job_074_Mn_fe_-0.891_n4_generated_crystals_cif__gen_2.cif,True,b2925af81fe243851d80689c32ba4705e2a6d4ce118c7cb47d47998953ef9f26,Li1 Mn2 O4,LiMn2O4,Mn,LiMn2O4,-1.94895374775,,0.520680219351,saved CGCNN MC-dropout sigma; candidate-level ALIGNN uncertainty not available,-2.20515561104,0.520680219351,0.256201863289,0.119664575476,221,0,1.44403907657,F,True,False,41,3,244,16,f950bd2ea9568b4bca53a0134cd61c67e2c25ede280cfa1f1ee244b352a12992,"Li/M/O role-RDF: six unordered pairs, 0-6 A in 0.2-A bins; scale-free sorted lattice lengths, angles, and normalized volume",SM_Mn_014,2,FP_066,3,recurring_density_cluster,job_127_Mn_fe_-1.465_n4_generated_crystals_cif__gen_1,0.293938646744,job_182_Cr_fe_-1.464_n4_generated_crystals_cif__gen_2,0.918954614339,no_shared_cluster,D:\User\leoluis0705\Documents\xwechat_files\wxid_bbzc35ridmlc22_e97b\msg\file\2026-04\initial_1000_raw_generations.zip::raw_generations/job_074_Mn_fe_-0.891_n4/generated_crystals_cif.zip::gen_2.cif,raw_generations/job_074_Mn_fe_-0.891_n4/generated_crystals_cif.zip,gen_2.cif,True,False,True,3,0.176542943114,-1.77241080464,0.247589195365,0.327589195365,False,2.54743247103,F,True,False,204,1,P1,1.859813,11.129993
job_074_Mn_fe_-0.891_n4_generated_crystals_cif__gen_3,D:\CGCNN_Formation_Energy_AL_Archive\experiments\reproducibility\staging\paired_confirmation_server_20260712\EARLY_LiM2O4_ALIGNN_HARD640_m2p18_m2p02_FLAT_20260617\job_074_Mn_fe_-0.891_n4_generated_crystals_cif__gen_3.cif,True,ae3f457ccfe0f8b44f999139c234f9b05d339bad21dc5513a68bc23a74f2cd6c,Li1 Mn2 O4,LiMn2O4,Mn,LiMn2O4,-2.01384663582,,0.496590078556,saved CGCNN MC-dropout sigma; candidate-level ALIGNN uncertainty not available,-2.20849299431,0.496590078556,0.19464635849,0.124991726663,205,0,1.03845852613,F,True,False,105,7,115,8,68138250f0b8f40b6848f4c27602aa6b6ecd0765ead3e14ba297466e52aa9f9f,"Li/M/O role-RDF: six unordered pairs, 0-6 A in 0.2-A bins; scale-free sorted lattice lengths, angles, and normalized volume",SM_Mn_004,35,FP_011,18,recurring_density_cluster,job_030_Mn_fe_-1.234_n4_generated_crystals_cif__gen_2,0.0954062280052,job_167_Mn_fe_-0.885_n4_generated_crystals_cif__gen_3,0.380848375101,same_structurematcher_cluster,D:\User\leoluis0705\Documents\xwechat_files\wxid_bbzc35ridmlc22_e97b\msg\file\2026-04\initial_1000_raw_generations.zip::raw_generations/job_074_Mn_fe_-0.891_n4/generated_crystals_cif.zip::gen_3.cif,raw_generations/job_074_Mn_fe_-0.891_n4/generated_crystals_cif.zip,gen_3.cif,True,False,True,3,0.176542943114,-1.8373036927,0.182696307296,0.262696307296,False,2.1418519206,F,True,False,149,2,P-1,1.916963,10.562578
job_075_Co_fe_-0.911_n4_generated_crystals_cif__gen_0,D:\CGCNN_Formation_Energy_AL_Archive\experiments\reproducibility\staging\paired_confirmation_server_20260712\EARLY_LiM2O4_ALIGNN_HARD640_m2p18_m2p02_FLAT_20260617\job_075_Co_fe_-0.911_n4_generated_crystals_cif__gen_0.cif,True,fe55109f44302ebe81e8931f6bea922d5a95140f2b5f424ec279e367f91e013b,Li1 Co2 O4,Li(CoO2)2,Co,Li(CoO2)2,-1.4345164299,,0.468628882794,saved CGCNN MC-dropout sigma; candidate-level ALIGNN uncertainty not available,-1.56720018387,0.468628882794,0.132683753967,0.071469386267,340,0,4.65927231312,F,True,False,335,21,412,26,119827ccc260bc612636a7e094cdf23185980ebcb972ddca44b2b6f43d5d41fa,"Li/M/O role-RDF: six unordered pairs, 0-6 A in 0.2-A bins; scale-free sorted lattice lengths, angles, and normalized volume",SM_Co_001,25,FP_034,19,recurring_density_cluster,job_210_Co_fe_-1.389_n4_generated_crystals_cif__gen_1,0.0973057555656,job_136_Cr_fe_-1.181_n4_generated_crystals_cif__gen_0,0.599703471284,no_shared_cluster,D:\User\leoluis0705\Documents\xwechat_files\wxid_bbzc35ridmlc22_e97b\msg\file\2026-04\initial_1000_raw_generations.zip::raw_generations/job_075_Co_fe_-0.911_n4/generated_crystals_cif.zip::gen_0.cif,raw_generations/job_075_Co_fe_-0.911_n4/generated_crystals_cif.zip,gen_0.cif,True,False,False,0,0,-1.4345164299,0.585483570099,0.665483570099,False,4.65927231312,F,True,False,329,12,C2/m,1.920369,9.973273
job_075_Co_fe_-0.911_n4_generated_crystals_cif__gen_1,D:\CGCNN_Formation_Energy_AL_Archive\experiments\reproducibility\staging\paired_confirmation_server_20260712\EARLY_LiM2O4_ALIGNN_HARD640_m2p18_m2p02_FLAT_20260617\job_075_Co_fe_-0.911_n4_generated_crystals_cif__gen_1.cif,True,849c3455c1c43f12af811b363ab4f72565e8d70cea6f9d0ea40351030887bd27,Li1 Co2 O4,Li(CoO2)2,Co,Li(CoO2)2,-1.35994768143,,0.466906602005,saved CGCNN MC-dropout sigma; candidate-level ALIGNN uncertainty not available,-1.70858323574,0.466906602005,0.348635554314,0.0960636793017,242,0,5.12532699108,F,True,False,476,30,426,27,f93e6c4e725752ec0f9c04e2a5a92e61977382b4794d50ff79e018d618817da3,"Li/M/O role-RDF: six unordered pairs, 0-6 A in 0.2-A bins; scale-free sorted lattice lengths, angles, and normalized volume",SM_Co_011,1,FP_067,5,recurring_density_cluster,job_196_Cr_fe_-0.819_n4_generated_crystals_cif__gen_1,0.875302555245,job_006_Mn_fe_-1.347_n4_generated_crystals_cif__gen_1,1.30317306728,no_shared_cluster,D:\User\leoluis0705\Documents\xwechat_files\wxid_bbzc35ridmlc22_e97b\msg\file\2026-04\initial_1000_raw_generations.zip::raw_generations/job_075_Co_fe_-0.911_n4/generated_crystals_cif.zip::gen_1.cif,raw_generations/job_075_Co_fe_-0.911_n4/generated_crystals_cif.zip,gen_1.cif,True,False,False,0,0,-1.35994768143,0.660052318573,0.740052318573,False,5.12532699108,F,True,False,359,1,P1,1.814609,9.96358
job_075_Co_fe_-0.911_n4_generated_crystals_cif__gen_2,D:\CGCNN_Formation_Energy_AL_Archive\experiments\reproducibility\staging\paired_confirmation_server_20260712\EARLY_LiM2O4_ALIGNN_HARD640_m2p18_m2p02_FLAT_20260617\job_075_Co_fe_-0.911_n4_generated_crystals_cif__gen_2.cif,True,6199444980236cd77ef620cbae1a0f52fb8a81a611b9f0c8c848b8fa4958d9c5,Li1 Co2 O4,Li(CoO2)2,Co,Li(CoO2)2,-1.51370954514,,0.51029955086,saved CGCNN MC-dropout sigma; candidate-level ALIGNN uncertainty not available,-1.55350077152,0.51029955086,0.039791226387,0.0705362793958,352,0,4.1643153429,F,True,False,382,24,359,23,b23aafd9d2d6c17cb327b5a473b2854d7a7f3461ff446cefa2681c9ba251bbae,"Li/M/O role-RDF: six unordered pairs, 0-6 A in 0.2-A bins; scale-free sorted lattice lengths, angles, and normalized volume",SM_Co_003,18,FP_SINGLETON_044,1,hdbscan_noise_singleton,job_028_Co_fe_-0.810_n4_generated_crystals_cif__gen_3,0.314055345577,job_148_Mn_fe_-0.904_n4_generated_crystals_cif__gen_2,1.07658573943,no_shared_cluster,D:\User\leoluis0705\Documents\xwechat_files\wxid_bbzc35ridmlc22_e97b\msg\file\2026-04\initial_1000_raw_generations.zip::raw_generations/job_075_Co_fe_-0.911_n4/generated_crystals_cif.zip::gen_2.cif,raw_generations/job_075_Co_fe_-0.911_n4/generated_crystals_cif.zip,gen_2.cif,True,False,False,0,0,-1.51370954514,0.506290454865,0.586290454865,False,4.1643153429,F,True,False,271,12,C2/m,1.897239,9.75684
job_075_Co_fe_-0.911_n4_generated_crystals_cif__gen_3,D:\CGCNN_Formation_Energy_AL_Archive\experiments\reproducibility\staging\paired_confirmation_server_20260712\EARLY_LiM2O4_ALIGNN_HARD640_m2p18_m2p02_FLAT_20260617\job_075_Co_fe_-0.911_n4_generated_crystals_cif__gen_3.cif,True,0c5c5c63418d4c49f7f0aadff7f022a8f1574e6b591d871a65d0bfa627d9c9ed,Li1 Co2 O4,Li(CoO2)2,Co,Li(CoO2)2,-1.43012261391,,0.511032525809,saved CGCNN MC-dropout sigma; candidate-level ALIGNN uncertainty not available,-1.56393718719,0.511032525809,0.133814573288,0.0720799478947,329,0,4.68673366308,F,True,False,423,27,404,26,535a402497153a390ee9b20269931a481ec76723510ad1670d6e76d79c90a6ae,"Li/M/O role-RDF: six unordered pairs, 0-6 A in 0.2-A bins; scale-free sorted lattice lengths, angles, and normalized volume",SM_Co_001,25,FP_034,19,recurring_density_cluster,job_028_Co_fe_-0.810_n4_generated_crystals_cif__gen_0,0.0984879774755,job_136_Cr_fe_-1.181_n4_generated_crystals_cif__gen_0,0.659917682259,no_shared_cluster,D:\User\leoluis0705\Documents\xwechat_files\wxid_bbzc35ridmlc22_e97b\msg\file\2026-04\initial_1000_raw_generations.zip::raw_generations/job_075_Co_fe_-0.911_n4/generated_crystals_cif.zip::gen_3.cif,raw_generations/job_075_Co_fe_-0.911_n4/generated_crystals_cif.zip,gen_3.cif,True,False,False,0,0,-1.43012261391,0.589877386093,0.669877386093,False,4.68673366308,F,True,False,332,12,C2/m,1.91909,9.984308
job_076_Mg_fe_-1.074_n4_generated_crystals_cif__gen_0,D:\CGCNN_Formation_Energy_AL_Archive\experiments\reproducibility\staging\paired_confirmation_server_20260712\EARLY_LiM2O4_ALIGNN_HARD640_m2p18_m2p02_FLAT_20260617\job_076_Mg_fe_-1.074_n4_generated_crystals_cif__gen_0.cif,True,2e519c8bf92dc6d96a7dfc3f930c68a2226936f2c88e9c6aeee7a2d8f5e1275d,Li1 Mg2 O4,LiMg2O4,Mg,LiMg2O4,-2.20069265366,,0.498256867464,saved CGCNN MC-dropout sigma; candidate-level ALIGNN uncertainty not available,-3.05886459351,0.498256867464,0.85817193985,0.0203414766271,515,0,-0.12932908535,A,True,False,276,18,286,18,119d0b2a0240fef51f217c23cb09513b3ebdccf82b44e67a5fb7117c44817c88,"Li/M/O role-RDF: six unordered pairs, 0-6 A in 0.2-A bins; scale-free sorted lattice lengths, angles, and normalized volume",SM_Mg_004,15,FP_035,6,recurring_density_cluster,job_047_Mg_fe_-0.887_n4_generated_crystals_cif__gen_3,0.256971544952,job_011_Mg_fe_-1.305_n4_generated_crystals_cif__gen_0,0.707921854094,same_structurematcher_cluster,D:\User\leoluis0705\Documents\xwechat_files\wxid_bbzc35ridmlc22_e97b\msg\file\2026-04\initial_1000_raw_generations.zip::raw_generations/job_076_Mg_fe_-1.074_n4/generated_crystals_cif.zip::gen_0.cif,raw_generations/job_076_Mg_fe_-1.074_n4/generated_crystals_cif.zip,gen_0.cif,True,False,True,2,0.651052398728,-1.54964025493,0.470359745072,0.550359745072,False,3.9397484067,F,True,False,252,8,Cm,2.050616,10.987813
job_077_Ni_fe_-1.238_n4_generated_crystals_cif__gen_0,D:\CGCNN_Formation_Energy_AL_Archive\experiments\reproducibility\staging\paired_confirmation_server_20260712\EARLY_LiM2O4_ALIGNN_HARD640_m2p18_m2p02_FLAT_20260617\job_077_Ni_fe_-1.238_n4_generated_crystals_cif__gen_0.cif,True,dd0d32616934378acef226006fc07f56acef5654c85a88757156e0bba777aa44,Li1 Ni2 O4,Li(NiO2)2,Ni,Li(NiO2)2,-0.977271199226,,0.50822030697,saved CGCNN MC-dropout sigma; candidate-level ALIGNN uncertainty not available,-1.42098128796,0.50822030697,0.44371008873,0.0516115695551,455,0,7.51705500484,F,True,False,324,21,519,33,702ab369e0338c7ee1260fdc7b90772da98bc94467d323b6c95733e707bbc0a3,"Li/M/O role-RDF: six unordered pairs, 0-6 A in 0.2-A bins; scale-free sorted lattice lengths, angles, and normalized volume",SM_Ni_009,9,FP_068,9,recurring_density_cluster,job_091_Ni_fe_-1.314_n4_generated_crystals_cif__gen_2,0.148870285467,job_120_Cr_fe_-1.424_n4_generated_crystals_cif__gen_1,0.556618480731,no_shared_cluster,D:\User\leoluis0705\Documents\xwechat_files\wxid_bbzc35ridmlc22_e97b\msg\file\2026-04\initial_1000_raw_generations.zip::raw_generations/job_077_Ni_fe_-1.238_n4/generated_crystals_cif.zip::gen_0.cif,raw_generations/job_077_Ni_fe_-1.238_n4/generated_crystals_cif.zip,gen_0.cif,True,False,False,0,0,-0.977271199226,1.04272880077,1.12272880077,False,7.51705500484,F,True,False,610,8,Cm,1.886788,9.613014
job_077_Ni_fe_-1.238_n4_generated_crystals_cif__gen_1,D:\CGCNN_Formation_Energy_AL_Archive\experiments\reproducibility\staging\paired_confirmation_server_20260712\EARLY_LiM2O4_ALIGNN_HARD640_m2p18_m2p02_FLAT_20260617\job_077_Ni_fe_-1.238_n4_generated_crystals_cif__gen_1.cif,True,d2bb4413282b89401f4b91b4779b58fec0d3f6f7a8b627d6c48f8bbd270c7a7a,Li1 Ni2 O4,Li(NiO2)2,Ni,Li(NiO2)2,-1.06360805035,,0.454175611315,saved CGCNN MC-dropout sigma; candidate-level ALIGNN uncertainty not available,-1.39269995689,0.454175611315,0.329091906548,0.0421051770766,497,0,6.97744968534,F,True,False,607,38,471,30,333ce129ec6f333b14076020b52e570fc5aa9250471d13e1ddc88d36288cb128,"Li/M/O role-RDF: six unordered pairs, 0-6 A in 0.2-A bins; scale-free sorted lattice lengths, angles, and normalized volume",SM_Ni_002,22,FP_059,8,recurring_density_cluster,job_084_Ni_fe_-1.459_n4_generated_crystals_cif__gen_0,0.136409875176,job_136_Cr_fe_-1.181_n4_generated_crystals_cif__gen_0,0.690600155449,no_shared_cluster,D:\User\leoluis0705\Documents\xwechat_files\wxid_bbzc35ridmlc22_e97b\msg\file\2026-04\initial_1000_raw_generations.zip::raw_generations/job_077_Ni_fe_-1.238_n4/generated_crystals_cif.zip::gen_1.cif,raw_generations/job_077_Ni_fe_-1.238_n4/generated_crystals_cif.zip,gen_1.cif,True,False,False,0,0,-1.06360805035,0.956391949654,1.03639194965,False,6.97744968534,F,True,False,434,6,Pm,1.870377,9.786657
job_077_Ni_fe_-1.238_n4_generated_crystals_cif__gen_3,D:\CGCNN_Formation_Energy_AL_Archive\experiments\reproducibility\staging\paired_confirmation_server_20260712\EARLY_LiM2O4_ALIGNN_HARD640_m2p18_m2p02_FLAT_20260617\job_077_Ni_fe_-1.238_n4_generated_crystals_cif__gen_3.cif,True,af3b3d952581794878b9dadd5434a2cdab530d7c4ed04a0fe15d5ec89159568b,Li1 Ni2 O4,Li(NiO2)2,Ni,Li(NiO2)2,-1.05732750893,,0.496288796404,saved CGCNN MC-dropout sigma; candidate-level ALIGNN uncertainty not available,-1.38536691666,0.496288796404,0.32803940773,0.0458194216291,490,0,7.01670306921,F,True,False,565,36,462,29,0331a5a234d9a289dc5caa4ca600cc77b716a527bb2dfc348056120a53d81011,"Li/M/O role-RDF: six unordered pairs, 0-6 A in 0.2-A bins; scale-free sorted lattice lengths, angles, and normalized volume",SM_Ni_002,22,FP_023,4,recurring_density_cluster,job_102_Ni_fe_-1.495_n4_generated_crystals_cif__gen_2,0.197574021573,job_136_Cr_fe_-1.181_n4_generated_crystals_cif__gen_0,0.719321306455,no_shared_cluster,D:\User\leoluis0705\Documents\xwechat_files\wxid_bbzc35ridmlc22_e97b\msg\file\2026-04\initial_1000_raw_generations.zip::raw_generations/job_077_Ni_fe_-1.238_n4/generated_crystals_cif.zip::gen_3.cif,raw_generations/job_077_Ni_fe_-1.238_n4/generated_crystals_cif.zip,gen_3.cif,True,False,False,0,0,-1.05732750893,0.962672491074,1.04267249107,False,7.01670306921,F,True,False,445,1,P1,1.867155,9.774293
job_078_Ni_fe_-1.122_n4_generated_crystals_cif__gen_0,D:\CGCNN_Formation_Energy_AL_Archive\experiments\reproducibility\staging\paired_confirmation_server_20260712\EARLY_LiM2O4_ALIGNN_HARD640_m2p18_m2p02_FLAT_20260617\job_078_Ni_fe_-1.122_n4_generated_crystals_cif__gen_0.cif,True,de7ede144b6964b639aad7c0d8adf66f54be559c7c433c59db19f7801a47882d,Li1 Ni2 O4,Li(NiO2)2,Ni,Li(NiO2)2,-0.9988322258,,0.617564032207,saved CGCNN MC-dropout sigma; candidate-level ALIGNN uncertainty not available,-1.41594994068,0.617564032207,0.417117714882,0.0560016887428,426,0,7.38229858875,F,True,False,557,35,537,34,dd71c0d9e6d54052ef9a9c4333d628d52d2e3a8a7fcc00602878cb5ff0df1c92,"Li/M/O role-RDF: six unordered pairs, 0-6 A in 0.2-A bins; scale-free sorted lattice lengths, angles, and normalized volume",SM_Ni_006,7,FP_041,12,recurring_density_cluster,job_108_Ni_fe_-1.123_n4_generated_crystals_cif__gen_2,0.162571663828,job_204_Cr_fe_-0.932_n4_generated_crystals_cif__gen_3,0.777807968288,no_shared_cluster,D:\User\leoluis0705\Documents\xwechat_files\wxid_bbzc35ridmlc22_e97b\msg\file\2026-04\initial_1000_raw_generations.zip::raw_generations/job_078_Ni_fe_-1.122_n4/generated_crystals_cif.zip::gen_0.cif,raw_generations/job_078_Ni_fe_-1.122_n4/generated_crystals_cif.zip,gen_0.cif,True,False,False,0,0,-0.9988322258,1.0211677742,1.1011677742,False,7.38229858875,F,True,False,563,44,Imm2,1.886662,9.606872
job_078_Ni_fe_-1.122_n4_generated_crystals_cif__gen_1,D:\CGCNN_Formation_Energy_AL_Archive\experiments\reproducibility\staging\paired_confirmation_server_20260712\EARLY_LiM2O4_ALIGNN_HARD640_m2p18_m2p02_FLAT_20260617\job_078_Ni_fe_-1.122_n4_generated_crystals_cif__gen_1.cif,True,0b6dd4b4a5e29ea74ddc471c9b059abe1e7b304838033d9f89acee70f8b746f2,Li1 Ni2 O4,Li(NiO2)2,Ni,Li(NiO2)2,-1.07387673855,,0.477211122779,saved CGCNN MC-dropout sigma; candidate-level ALIGNN uncertainty not available,-1.46338367462,0.477211122779,0.389506936073,0.0551370873859,431,0,6.91327038407,F,True,False,568,36,247,16,ac6604daf40c079e8a84dd5f97435a83b427a6dada78acc89835a020f4062699,"Li/M/O role-RDF: six unordered pairs, 0-6 A in 0.2-A bins; scale-free sorted lattice lengths, angles, and normalized volume",SM_Ni_001,14,FP_SINGLETON_045,1,hdbscan_noise_singleton,job_121_Ni_fe_-1.367_n4_generated_crystals_cif__gen_3,0.610695093791,job_120_Cr_fe_-1.424_n4_generated_crystals_cif__gen_1,1.02123961779,no_shared_cluster,D:\User\leoluis0705\Documents\xwechat_files\wxid_bbzc35ridmlc22_e97b\msg\file\2026-04\initial_1000_raw_generations.zip::raw_generations/job_078_Ni_fe_-1.122_n4/generated_crystals_cif.zip::gen_1.cif,raw_generations/job_078_Ni_fe_-1.122_n4/generated_crystals_cif.zip,gen_1.cif,True,False,False,0,0,-1.07387673855,0.946123261452,1.02612326145,False,6.91327038407,F,True,False,413,1,P1,1.84367,9.933388
job_078_Ni_fe_-1.122_n4_generated_crystals_cif__gen_2,D:\CGCNN_Formation_Energy_AL_Archive\experiments\reproducibility\staging\paired_confirmation_server_20260712\EARLY_LiM2O4_ALIGNN_HARD640_m2p18_m2p02_FLAT_20260617\job_078_Ni_fe_-1.122_n4_generated_crystals_cif__gen_2.cif,True,58bc42cd23c922a2fb57f31fceff6d4f4ca217fa5a8b0b360af04ca4b68d8294,Li1 Ni2 O4,Li(NiO2)2,Ni,Li(NiO2)2,-1.01602494717,,0.483398845584,saved CGCNN MC-dropout sigma; candidate-level ALIGNN uncertainty not available,-1.38287127018,0.483398845584,0.366846323013,0.0441757272855,493,0,7.27484408021,F,True,False,610,39,506,32,ad267a91b0df64f139759f861d5939bad022d5983287939231ea13bb697322a6,"Li/M/O role-RDF: six unordered pairs, 0-6 A in 0.2-A bins; scale-free sorted lattice lengths, angles, and normalized volume",SM_Ni_003,30,FP_069,3,recurring_density_cluster,job_107_Co_fe_-1.032_n4_generated_crystals_cif__gen_0,0.201296968469,job_136_Cr_fe_-1.181_n4_generated_crystals_cif__gen_0,0.577677531318,no_shared_cluster,D:\User\leoluis0705\Documents\xwechat_files\wxid_bbzc35ridmlc22_e97b\msg\file\2026-04\initial_1000_raw_generations.zip::raw_generations/job_078_Ni_fe_-1.122_n4/generated_crystals_cif.zip::gen_2.cif,raw_generations/job_078_Ni_fe_-1.122_n4/generated_crystals_cif.zip,gen_2.cif,True,False,False,0,0,-1.01602494717,1.00397505283,1.08397505283,False,7.27484408021,F,True,False,541,8,Cm,1.905312,10.13609
job_078_Ni_fe_-1.122_n4_generated_crystals_cif__gen_3,D:\CGCNN_Formation_Energy_AL_Archive\experiments\reproducibility\staging\paired_confirmation_server_20260712\EARLY_LiM2O4_ALIGNN_HARD640_m2p18_m2p02_FLAT_20260617\job_078_Ni_fe_-1.122_n4_generated_crystals_cif__gen_3.cif,True,6c0481530f12a0e2d56ded8fe2511e6b94e8b3b43da97ba9a2202b1a24fc9bc0,Li1 Ni2 O4,Li(NiO2)2,Ni,Li(NiO2)2,-1.05432236195,,0.578922398359,saved CGCNN MC-dropout sigma; candidate-level ALIGNN uncertainty not available,-1.38588428497,0.578922398359,0.331561923027,0.0516079780369,456,0,7.03548523784,F,True,False,526,33,438,28,ac9dc330d285d44735006d2c7711498a63d20c558bb910153f47d8873f3f6986,"Li/M/O role-RDF: six unordered pairs, 0-6 A in 0.2-A bins; scale-free sorted lattice lengths, angles, and normalized volume",SM_Ni_002,22,FP_070,6,recurring_density_cluster,job_084_Ni_fe_-1.459_n4_generated_crystals_cif__gen_3,0.181719119422,job_120_Cr_fe_-1.424_n4_generated_crystals_cif__gen_1,0.816158015508,no_shared_cluster,D:\User\leoluis0705\Documents\xwechat_files\wxid_bbzc35ridmlc22_e97b\msg\file\2026-04\initial_1000_raw_generations.zip::raw_generations/job_078_Ni_fe_-1.122_n4/generated_crystals_cif.zip::gen_3.cif,raw_generations/job_078_Ni_fe_-1.122_n4/generated_crystals_cif.zip,gen_3.cif,True,False,False,0,0,-1.05432236195,0.965677638054,1.04567763805,False,7.03548523784,F,True,False,451,2,P-1,1.853271,9.666965
job_079_Cr_fe_-0.854_n4_generated_crystals_cif__gen_0,D:\CGCNN_Formation_Energy_AL_Archive\experiments\reproducibility\staging\paired_confirmation_server_20260712\EARLY_LiM2O4_ALIGNN_HARD640_m2p18_m2p02_FLAT_20260617\job_079_Cr_fe_-0.854_n4_generated_crystals_cif__gen_0.cif,True,a847ff31eed7c0b4ac7666c393484e3bfe4f34121f4525ed1b4c421a97fad4e4,Li1 Cr2 O4,LiCr2O4,Cr,LiCr2O4,-2.24545431137,,0.388604060962,saved CGCNN MC-dropout sigma; candidate-level ALIGNN uncertainty not available,-2.16197752953,0.388604060962,0.0834767818451,0.161071215477,29,0,-0.409089446068,A,True,False,7,1,61,4,34f62df9914b44224792b532b3af582e99d503b7e8fe810d24ad7a9fbb23e597,"Li/M/O role-RDF: six unordered pairs, 0-6 A in 0.2-A bins; scale-free sorted lattice lengths, angles, and normalized volume",SM_Cr_002,15,FP_026,15,recurring_density_cluster,job_130_Cr_fe_-1.335_n4_generated_crystals_cif__gen_3,0.138545980016,job_148_Mn_fe_-0.904_n4_generated_crystals_cif__gen_2,0.95297095021,same_structurematcher_cluster,D:\User\leoluis0705\Documents\xwechat_files\wxid_bbzc35ridmlc22_e97b\msg\file\2026-04\initial_1000_raw_generations.zip::raw_generations/job_079_Cr_fe_-0.854_n4/generated_crystals_cif.zip::gen_0.cif,raw_generations/job_079_Cr_fe_-0.854_n4/generated_crystals_cif.zip,gen_0.cif,True,False,True,5,-0.102418564162,-2.34787287553,0.167872875533,0.247872875533,False,-1.04920547208,A,True,False,122,8,Cm,1.951927,10.08439
job_079_Cr_fe_-0.854_n4_generated_crystals_cif__gen_1,D:\CGCNN_Formation_Energy_AL_Archive\experiments\reproducibility\staging\paired_confirmation_server_20260712\EARLY_LiM2O4_ALIGNN_HARD640_m2p18_m2p02_FLAT_20260617\job_079_Cr_fe_-0.854_n4_generated_crystals_cif__gen_1.cif,True,8d19c028019780f5298180cf94f61d447c58dee6fadffbb89b682c786a70931a,Li1 Cr2 O4,LiCr2O4,Cr,LiCr2O4,-2.13651251793,,0.432321689312,saved CGCNN MC-dropout sigma; candidate-level ALIGNN uncertainty not available,-2.16711902618,0.432321689312,0.030606508255,0.145069332329,97,1,0.271796762943,C,False,False,67,5,100,7,5123542d765802d053fa85078fda58df69ebf0cc143c5996f28eb5c04a438c82,"Li/M/O role-RDF: six unordered pairs, 0-6 A in 0.2-A bins; scale-free sorted lattice lengths, angles, and normalized volume",SM_Cr_013,1,FP_SINGLETON_046,1,hdbscan_noise_singleton,job_086_Mn_fe_-0.988_n4_generated_crystals_cif__gen_3,0.428561532213,job_120_Cr_fe_-1.424_n4_generated_crystals_cif__gen_1,0.885769550324,no_shared_cluster,D:\User\leoluis0705\Documents\xwechat_files\wxid_bbzc35ridmlc22_e97b\msg\file\2026-04\initial_1000_raw_generations.zip::raw_generations/job_079_Cr_fe_-0.854_n4/generated_crystals_cif.zip::gen_1.cif,raw_generations/job_079_Cr_fe_-0.854_n4/generated_crystals_cif.zip,gen_1.cif,True,False,True,5,-0.102418564162,-2.23893108209,0.058931082091,0.138931082091,False,-0.36831926307,A,True,False,11,6,Pm,1.900568,10.486465
job_079_Cr_fe_-0.854_n4_generated_crystals_cif__gen_2,D:\CGCNN_Formation_Energy_AL_Archive\experiments\reproducibility\staging\paired_confirmation_server_20260712\EARLY_LiM2O4_ALIGNN_HARD640_m2p18_m2p02_FLAT_20260617\job_079_Cr_fe_-0.854_n4_generated_crystals_cif__gen_2.cif,True,1425e6a09c4b7a7d8cdf4f26bfbcdf7b773378124852a52cada3ef4778ecfb1e,Li1 Cr2 O4,LiCr2O4,Cr,LiCr2O4,-2.20323991776,,0.481047436235,saved CGCNN MC-dropout sigma; candidate-level ALIGNN uncertainty not available,-2.1413128376,0.481047436235,0.0619270801544,0.131600362749,178,0,-0.14524948597,A,True,False,126,8,184,12,56b6f6cda2f35f899aeb3a97750d8d606e929ec4d4af4c1bcb28cd4ef1663d36,"Li/M/O role-RDF: six unordered pairs, 0-6 A in 0.2-A bins; scale-free sorted lattice lengths, angles, and normalized volume",SM_Cr_007,3,FP_043,10,recurring_density_cluster,job_083_Cr_fe_-0.935_n4_generated_crystals_cif__gen_1,0.35216850828,job_083_Cr_fe_-0.935_n4_generated_crystals_cif__gen_1,0.35216850828,same_structurematcher_cluster,D:\User\leoluis0705\Documents\xwechat_files\wxid_bbzc35ridmlc22_e97b\msg\file\2026-04\initial_1000_raw_generations.zip::raw_generations/job_079_Cr_fe_-0.854_n4/generated_crystals_cif.zip::gen_2.cif,raw_generations/job_079_Cr_fe_-0.854_n4/generated_crystals_cif.zip,gen_2.cif,True,False,True,5,-0.102418564162,-2.30565848192,0.125658481917,0.205658481917,False,-0.785365511983,A,True,False,77,160,R3m,1.945996,10.776544
job_080_Mn_fe_-1.081_n4_generated_crystals_cif__gen_0,D:\CGCNN_Formation_Energy_AL_Archive\experiments\reproducibility\staging\paired_confirmation_server_20260712\EARLY_LiM2O4_ALIGNN_HARD640_m2p18_m2p02_FLAT_20260617\job_080_Mn_fe_-1.081_n4_generated_crystals_cif__gen_0.cif,True,5ca33b2eaf4fe8a0fc6bbc956f1c212e7c649c3fc3dac5bd25c91793f31524b6,Li1 Mn2 O4,LiMn2O4,Mn,LiMn2O4,-1.9899033308,,0.408213019711,saved CGCNN MC-dropout sigma; candidate-level ALIGNN uncertainty not available,-2.22103023529,0.408213019711,0.231126904488,0.148773331537,68,0,1.18810418248,F,True,False,123,8,39,3,73af8c0ea527372331c90fc15bd8d034f8ec856232d0b2d9bfbec140a739ab92,"Li/M/O role-RDF: six unordered pairs, 0-6 A in 0.2-A bins; scale-free sorted lattice lengths, angles, and normalized volume",SM_Mn_008,9,FP_031,9,recurring_density_cluster,job_142_Mn_fe_-1.095_n4_generated_crystals_cif__gen_1,0.203069002547,job_148_Mn_fe_-0.904_n4_generated_crystals_cif__gen_2,0.572877095127,no_shared_cluster,D:\User\leoluis0705\Documents\xwechat_files\wxid_bbzc35ridmlc22_e97b\msg\file\2026-04\initial_1000_raw_generations.zip::raw_generations/job_080_Mn_fe_-1.081_n4/generated_crystals_cif.zip::gen_0.cif,raw_generations/job_080_Mn_fe_-1.081_n4/generated_crystals_cif.zip,gen_0.cif,True,False,True,3,0.176542943114,-1.81336038769,0.206639612311,0.286639612311,False,2.29149757695,F,True,False,190,1,P1,1.927703,11.552215
job_080_Mn_fe_-1.081_n4_generated_crystals_cif__gen_1,D:\CGCNN_Formation_Energy_AL_Archive\experiments\reproducibility\staging\paired_confirmation_server_20260712\EARLY_LiM2O4_ALIGNN_HARD640_m2p18_m2p02_FLAT_20260617\job_080_Mn_fe_-1.081_n4_generated_crystals_cif__gen_1.cif,True,5640a0d4b906f89afe176aba2aaf0e6e3f43f5d32e36acd358a8c7e2cec4c0c4,Li1 Mn2 O4,LiMn2O4,Mn,LiMn2O4,-1.92760550976,,0.388662270715,saved CGCNN MC-dropout sigma; candidate-level ALIGNN uncertainty not available,-2.19710850716,0.388662270715,0.269502997398,0.158137262179,38,0,1.57746556401,F,True,False,212,14,26,2,f867cb0590d65a549714b6f161d8772d6b693e2b7fbe81aa3c473e52ebcb9235,"Li/M/O role-RDF: six unordered pairs, 0-6 A in 0.2-A bins; scale-free sorted lattice lengths, angles, and normalized volume",SM_Mn_007,7,FP_SINGLETON_047,1,hdbscan_noise_singleton,job_089_Ni_fe_-1.410_n4_generated_crystals_cif__gen_3,0.959348876708,job_148_Mn_fe_-0.904_n4_generated_crystals_cif__gen_2,1.07671768364,no_shared_cluster,D:\User\leoluis0705\Documents\xwechat_files\wxid_bbzc35ridmlc22_e97b\msg\file\2026-04\initial_1000_raw_generations.zip::raw_generations/job_080_Mn_fe_-1.081_n4/generated_crystals_cif.zip::gen_1.cif,raw_generations/job_080_Mn_fe_-1.081_n4/generated_crystals_cif.zip,gen_1.cif,True,False,True,3,0.176542943114,-1.75106256664,0.268937433356,0.348937433356,False,2.68085895848,F,True,False,215,1,P1,1.873671,10.046366
job_080_Mn_fe_-1.081_n4_generated_crystals_cif__gen_2,D:\CGCNN_Formation_Energy_AL_Archive\experiments\reproducibility\staging\paired_confirmation_server_20260712\EARLY_LiM2O4_ALIGNN_HARD640_m2p18_m2p02_FLAT_20260617\job_080_Mn_fe_-1.081_n4_generated_crystals_cif__gen_2.cif,True,093aabce68aa98edb7ce954f6831b04c189f05c3f4c2730dad1c7cc1f2162f3a,Li1 Mn2 O4,LiMn2O4,Mn,LiMn2O4,-2.01719284058,,0.382633744379,saved CGCNN MC-dropout sigma; candidate-level ALIGNN uncertainty not available,-2.22405123711,0.382633744379,0.20685839653,0.157252874958,45,0,1.0175447464,F,True,False,43,3,138,9,7e20e6e2a0ba9d9eed9341c35effba926cb4b86efaa6f3c7d38770f5fc4ebaa5,"Li/M/O role-RDF: six unordered pairs, 0-6 A in 0.2-A bins; scale-free sorted lattice lengths, angles, and normalized volume",SM_Mn_004,35,FP_SINGLETON_048,1,hdbscan_noise_singleton,job_224_Mn_fe_-1.419_n4_generated_crystals_cif__gen_0,0.423515305489,job_086_Mn_fe_-0.988_n4_generated_crystals_cif__gen_2,0.545190582355,same_structurematcher_cluster,D:\User\leoluis0705\Documents\xwechat_files\wxid_bbzc35ridmlc22_e97b\msg\file\2026-04\initial_1000_raw_generations.zip::raw_generations/job_080_Mn_fe_-1.081_n4/generated_crystals_cif.zip::gen_2.cif,raw_generations/job_080_Mn_fe_-1.081_n4/generated_crystals_cif.zip,gen_2.cif,True,False,True,3,0.176542943114,-1.84064989746,0.179350102538,0.259350102538,False,2.12093814086,F,True,False,145,1,P1,1.926874,11.033915
job_080_Mn_fe_-1.081_n4_generated_crystals_cif__gen_3,D:\CGCNN_Formation_Energy_AL_Archive\experiments\reproducibility\staging\paired_confirmation_server_20260712\EARLY_LiM2O4_ALIGNN_HARD640_m2p18_m2p02_FLAT_20260617\job_080_Mn_fe_-1.081_n4_generated_crystals_cif__gen_3.cif,True,49fa9ff818857f7c6cd4b8907fa83e775d638e52c20af2d994a3bdee68e3a3bd,Li1 Mn2 O4,LiMn2O4,Mn,LiMn2O4,-1.91999220848,,0.43644836616,saved CGCNN MC-dropout sigma; candidate-level ALIGNN uncertainty not available,-2.27976107597,0.43644836616,0.359768867493,0.133734883315,159,0,1.62504869699,F,True,False,249,16,217,14,4bfab1893640b5d73a255f619d9bda33dc40ef6e4779ee54712b15f64c0930d8,"Li/M/O role-RDF: six unordered pairs, 0-6 A in 0.2-A bins; scale-free sorted lattice lengths, angles, and normalized volume",SM_Mn_015,1,FP_001,3,recurring_density_cluster,job_000_Ti_fe_-1.422_n4_generated_crystals_cif__gen_0,0.453288354504,job_182_Cr_fe_-1.464_n4_generated_crystals_cif__gen_2,0.876116908909,no_shared_cluster,D:\User\leoluis0705\Documents\xwechat_files\wxid_bbzc35ridmlc22_e97b\msg\file\2026-04\initial_1000_raw_generations.zip::raw_generations/job_080_Mn_fe_-1.081_n4/generated_crystals_cif.zip::gen_3.cif,raw_generations/job_080_Mn_fe_-1.081_n4/generated_crystals_cif.zip,gen_3.cif,True,False,True,3,0.176542943114,-1.74344926537,0.276550734633,0.356550734633,False,2.72844209146,F,True,False,224,8,Cm,1.922806,11.177127
job_081_Al_fe_-1.486_n4_generated_crystals_cif__gen_3,D:\CGCNN_Formation_Energy_AL_Archive\experiments\reproducibility\staging\paired_confirmation_server_20260712\EARLY_LiM2O4_ALIGNN_HARD640_m2p18_m2p02_FLAT_20260617\job_081_Al_fe_-1.486_n4_generated_crystals_cif__gen_3.cif,True,fbbc61eff3048cab39ab8d6b2e66db53bea158021cff9e891d1365f2bd368e59,Li1 Al2 O4,LiAl2O4,Al,LiAl2O4,-3.14941549301,,0.447694169137,saved CGCNN MC-dropout sigma; candidate-level ALIGNN uncertainty not available,-2.56360840797,0.447694169137,0.585807085037,0.0834349274595,283,0,-6.05884683132,A,True,False,588,37,332,21,e49249c723119dc9e129f286e48ea0ebd9c6ad800241a8fb1bc65589d51a24f4,"Li/M/O role-RDF: six unordered pairs, 0-6 A in 0.2-A bins; scale-free sorted lattice lengths, angles, and normalized volume",SM_Al_004,8,FP_015,5,recurring_density_cluster,job_122_Al_fe_-1.402_n4_generated_crystals_cif__gen_1,0.231230191923,job_148_Mn_fe_-0.904_n4_generated_crystals_cif__gen_2,1.03771436673,no_shared_cluster,D:\User\leoluis0705\Documents\xwechat_files\wxid_bbzc35ridmlc22_e97b\msg\file\2026-04\initial_1000_raw_generations.zip::raw_generations/job_081_Al_fe_-1.486_n4/generated_crystals_cif.zip::gen_3.cif,raw_generations/job_081_Al_fe_-1.486_n4/generated_crystals_cif.zip,gen_3.cif,True,False,False,0,0,-3.14941549301,0.969415493011,1.04941549301,False,-6.05884683132,A,True,False,465,8,Cm,1.875898,9.960495
job_082_Co_fe_-0.885_n4_generated_crystals_cif__gen_0,D:\CGCNN_Formation_Energy_AL_Archive\experiments\reproducibility\staging\paired_confirmation_server_20260712\EARLY_LiM2O4_ALIGNN_HARD640_m2p18_m2p02_FLAT_20260617\job_082_Co_fe_-0.885_n4_generated_crystals_cif__gen_0.cif,True,49535d3830f89dcc04f652267ec6ef43e3e451503703178ca6cf94c773a61301,Li1 Co2 O4,Li(CoO2)2,Co,Li(CoO2)2,-1.4394774437,,0.510651409087,saved CGCNN MC-dropout sigma; candidate-level ALIGNN uncertainty not available,-1.56204402447,0.510651409087,0.122566580772,0.0717968564999,334,0,4.62826597691,F,True,False,478,30,399,25,e0b0faf5bbd7db94ee78810800b5142f054790c90f39e80150a44a6db98b6716,"Li/M/O role-RDF: six unordered pairs, 0-6 A in 0.2-A bins; scale-free sorted lattice lengths, angles, and normalized volume",SM_Co_001,25,FP_034,19,recurring_density_cluster,job_028_Co_fe_-0.810_n4_generated_crystals_cif__gen_0,0.129810961287,job_136_Cr_fe_-1.181_n4_generated_crystals_cif__gen_0,0.637595770412,no_shared_cluster,D:\User\leoluis0705\Documents\xwechat_files\wxid_bbzc35ridmlc22_e97b\msg\file\2026-04\initial_1000_raw_generations.zip::raw_generations/job_082_Co_fe_-0.885_n4/generated_crystals_cif.zip::gen_0.cif,raw_generations/job_082_Co_fe_-0.885_n4/generated_crystals_cif.zip,gen_0.cif,True,False,False,0,0,-1.4394774437,0.580522556305,0.660522556305,False,4.62826597691,F,True,False,326,12,C2/m,1.920023,9.946684
job_082_Co_fe_-0.885_n4_generated_crystals_cif__gen_1,D:\CGCNN_Formation_Energy_AL_Archive\experiments\reproducibility\staging\paired_confirmation_server_20260712\EARLY_LiM2O4_ALIGNN_HARD640_m2p18_m2p02_FLAT_20260617\job_082_Co_fe_-0.885_n4_generated_crystals_cif__gen_1.cif,True,6f7374e62f6ffdfe96e6fbdaeee4112556a8d64197069c1c8388d294887a0ea0,Li1 Co2 O4,Li(CoO2)2,Co,Li(CoO2)2,-1.397757411,,0.684674040587,saved CGCNN MC-dropout sigma; candidate-level ALIGNN uncertainty not available,-1.69373762608,0.684674040587,0.295980215073,0.0780642512672,304,0,4.88901618123,F,True,False,303,19,346,22,161950359879c60641e3faa865c21d6ffe9df53ec5ea96cb7230eaded6e0c446,"Li/M/O role-RDF: six unordered pairs, 0-6 A in 0.2-A bins; scale-free sorted lattice lengths, angles, and normalized volume",SM_Co_006,12,FP_026,15,recurring_density_cluster,job_016_Cr_fe_-1.264_n4_generated_crystals_cif__gen_2,0.262244932339,job_204_Cr_fe_-0.932_n4_generated_crystals_cif__gen_3,0.85905500194,no_shared_cluster,D:\User\leoluis0705\Documents\xwechat_files\wxid_bbzc35ridmlc22_e97b\msg\file\2026-04\initial_1000_raw_generations.zip::raw_generations/job_082_Co_fe_-0.885_n4/generated_crystals_cif.zip::gen_1.cif,raw_generations/job_082_Co_fe_-0.885_n4/generated_crystals_cif.zip,gen_1.cif,True,False,False,0,0,-1.397757411,0.622242588997,0.702242588997,False,4.88901618123,F,True,False,352,1,P1,1.936358,9.904825
job_083_Cr_fe_-0.935_n4_generated_crystals_cif__gen_1,D:\CGCNN_Formation_Energy_AL_Archive\experiments\reproducibility\staging\paired_confirmation_server_20260712\EARLY_LiM2O4_ALIGNN_HARD640_m2p18_m2p02_FLAT_20260617\job_083_Cr_fe_-0.935_n4_generated_crystals_cif__gen_1.cif,True,927a46aabafe07974a0e8ff93e61ebeeff4fb55eb3c402e05e3bbc95d486939d,Li1 Cr2 O4,LiCr2O4,Cr,LiCr2O4,-2.17345023155,,0.474371630673,saved CGCNN MC-dropout sigma; candidate-level ALIGNN uncertainty not available,-2.16540932655,0.474371630673,0.00804090499878,0.132668272891,172,1,0.0409360527992,B,True,False,189,12,230,15,0cabe2977c46ed70983565e9f40a32440b43bcbc606327b0a242b05af2f03d64,"Li/M/O role-RDF: six unordered pairs, 0-6 A in 0.2-A bins; scale-free sorted lattice lengths, angles, and normalized volume",SM_Cr_007,3,FP_043,10,recurring_density_cluster,job_162_Mn_fe_-1.493_n4_generated_crystals_cif__gen_1,0.330533283235,job_029_Cr_fe_-1.337_n4_generated_crystals_cif__gen_2,0.442092731593,historical_dft_candidate_self,D:\User\leoluis0705\Documents\xwechat_files\wxid_bbzc35ridmlc22_e97b\msg\file\2026-04\initial_1000_raw_generations.zip::raw_generations/job_083_Cr_fe_-0.935_n4/generated_crystals_cif.zip::gen_1.cif,raw_generations/job_083_Cr_fe_-0.935_n4/generated_crystals_cif.zip,gen_1.cif,True,True,True,5,-0.102418564162,-2.27586879571,0.095868795714,0.175868795714,False,-0.599179973214,A,True,False,41,160,R3m,1.926055,10.460394
job_083_Cr_fe_-0.935_n4_generated_crystals_cif__gen_2,D:\CGCNN_Formation_Energy_AL_Archive\experiments\reproducibility\staging\paired_confirmation_server_20260712\EARLY_LiM2O4_ALIGNN_HARD640_m2p18_m2p02_FLAT_20260617\job_083_Cr_fe_-0.935_n4_generated_crystals_cif__gen_2.cif,True,6ef13abdd31bac7241092ed23afca24c77acac5eef44f48106201997f8ed6f3f,Li1 Cr2 O4,LiCr2O4,Cr,LiCr2O4,-2.1396150589,,0.437290859581,saved CGCNN MC-dropout sigma; candidate-level ALIGNN uncertainty not available,-2.14653396606,0.437290859581,0.00691890716553,0.14434802268,100,1,0.252405881882,C,False,False,37,3,104,7,2971c0056385a2f95576bc774cd1452e4c46a66d1692571fecce8917e1580820,"Li/M/O role-RDF: six unordered pairs, 0-6 A in 0.2-A bins; scale-free sorted lattice lengths, angles, and normalized volume",SM_Cr_008,15,FP_057,5,recurring_density_cluster,job_088_Cr_fe_-1.127_n4_generated_crystals_cif__gen_3,0.127888960388,job_214_Cr_fe_-0.857_n4_generated_crystals_cif__gen_0,0.260749241234,same_structurematcher_cluster,D:\User\leoluis0705\Documents\xwechat_files\wxid_bbzc35ridmlc22_e97b\msg\file\2026-04\initial_1000_raw_generations.zip::raw_generations/job_083_Cr_fe_-0.935_n4/generated_crystals_cif.zip::gen_2.cif,raw_generations/job_083_Cr_fe_-0.935_n4/generated_crystals_cif.zip,gen_2.cif,True,False,True,5,-0.102418564162,-2.24203362306,0.062033623061,0.142033623061,False,-0.387710144132,A,True,False,14,8,Cm,1.881631,9.785537
job_084_Ni_fe_-1.459_n4_generated_crystals_cif__gen_0,D:\CGCNN_Formation_Energy_AL_Archive\experiments\reproducibility\staging\paired_confirmation_server_20260712\EARLY_LiM2O4_ALIGNN_HARD640_m2p18_m2p02_FLAT_20260617\job_084_Ni_fe_-1.459_n4_generated_crystals_cif__gen_0.cif,True,a9b55cabe922544ed71713739a6642043d14f5e6d3f937d36010e1b6b0f690a4,Li1 Ni2 O4,Li(NiO2)2,Ni,Li(NiO2)2,-1.05649757385,,0.563780299645,saved CGCNN MC-dropout sigma; candidate-level ALIGNN uncertainty not available,-1.39104783535,0.563780299645,0.334550261497,0.0514500666174,458,0,7.02189016342,F,True,False,581,37,463,29,f6cbe19eb1404f0b58294e9eaed92711001473d2916f2d82856008671355b7d0,"Li/M/O role-RDF: six unordered pairs, 0-6 A in 0.2-A bins; scale-free sorted lattice lengths, angles, and normalized volume",SM_Ni_002,22,FP_059,8,recurring_density_cluster,job_089_Ni_fe_-1.410_n4_generated_crystals_cif__gen_1,0.129475875214,job_136_Cr_fe_-1.181_n4_generated_crystals_cif__gen_0,0.655574627442,no_shared_cluster,D:\User\leoluis0705\Documents\xwechat_files\wxid_bbzc35ridmlc22_e97b\msg\file\2026-04\initial_1000_raw_generations.zip::raw_generations/job_084_Ni_fe_-1.459_n4/generated_crystals_cif.zip::gen_0.cif,raw_generations/job_084_Ni_fe_-1.459_n4/generated_crystals_cif.zip,gen_0.cif,True,False,False,0,0,-1.05649757385,0.963502426147,1.04350242615,False,7.02189016342,F,True,False,447,6,Pm,1.8691,9.869345
job_084_Ni_fe_-1.459_n4_generated_crystals_cif__gen_1,D:\CGCNN_Formation_Energy_AL_Archive\experiments\reproducibility\staging\paired_confirmation_server_20260712\EARLY_LiM2O4_ALIGNN_HARD640_m2p18_m2p02_FLAT_20260617\job_084_Ni_fe_-1.459_n4_generated_crystals_cif__gen_1.cif,True,9739d217a36dbcc9aafee63ef89efd79b03d16c8531e3f09561dd2ba6229f25e,Li1 Ni2 O4,Li(NiO2)2,Ni,Li(NiO2)2,-1.04414701462,,0.456295457868,saved CGCNN MC-dropout sigma; candidate-level ALIGNN uncertainty not available,-1.45688819885,0.456295457868,0.412741184235,0.052071633668,451,0,7.09908115864,F,True,False,531,34,476,30,a25a642fc5d30c84b307762c181077edd44adca13ab6be9a1da5995ca1a86779,"Li/M/O role-RDF: six unordered pairs, 0-6 A in 0.2-A bins; scale-free sorted lattice lengths, angles, and normalized volume",SM_Ni_001,14,FP_006,4,recurring_density_cluster,job_124_Ni_fe_-0.888_n4_generated_crystals_cif__gen_1,0.278646337604,job_120_Cr_fe_-1.424_n4_generated_crystals_cif__gen_1,0.900264769309,no_shared_cluster,D:\User\leoluis0705\Documents\xwechat_files\wxid_bbzc35ridmlc22_e97b\msg\file\2026-04\initial_1000_raw_generations.zip::raw_generations/job_084_Ni_fe_-1.459_n4/generated_crystals_cif.zip::gen_1.cif,raw_generations/job_084_Ni_fe_-1.459_n4/generated_crystals_cif.zip,gen_1.cif,True,False,False,0,0,-1.04414701462,0.975852985382,1.05585298538,False,7.09908115864,F,True,False,476,8,Cm,1.878318,10.033916
job_084_Ni_fe_-1.459_n4_generated_crystals_cif__gen_3,D:\CGCNN_Formation_Energy_AL_Archive\experiments\reproducibility\staging\paired_confirmation_server_20260712\EARLY_LiM2O4_ALIGNN_HARD640_m2p18_m2p02_FLAT_20260617\job_084_Ni_fe_-1.459_n4_generated_crystals_cif__gen_3.cif,True,86231323460082d8b036b7bf55fd96967c1c96b648923b0cf23ff68486708bf5,Li1 Ni2 O4,Li(NiO2)2,Ni,Li(NiO2)2,-1.05009508133,,0.502274971187,saved CGCNN MC-dropout sigma; candidate-level ALIGNN uncertainty not available,-1.38400912285,0.502274971187,0.333914041519,0.0462078995405,489,0,7.06190574169,F,True,False,596,38,446,28,6fd1bbd0ec6363c569029b68f857d23dbaf485f8db2d639297d6fd8a0972f2cd,"Li/M/O role-RDF: six unordered pairs, 0-6 A in 0.2-A bins; scale-free sorted lattice lengths, angles, and normalized volume",SM_Ni_002,22,FP_070,6,recurring_density_cluster,job_078_Ni_fe_-1.122_n4_generated_crystals_cif__gen_3,0.181719119422,job_120_Cr_fe_-1.424_n4_generated_crystals_cif__gen_1,0.818875372871,no_shared_cluster,D:\User\leoluis0705\Documents\xwechat_files\wxid_bbzc35ridmlc22_e97b\msg\file\2026-04\initial_1000_raw_generations.zip::raw_generations/job_084_Ni_fe_-1.459_n4/generated_crystals_cif.zip::gen_3.cif,raw_generations/job_084_Ni_fe_-1.459_n4/generated_crystals_cif.zip,gen_3.cif,True,False,False,0,0,-1.05009508133,0.969904918671,1.04990491867,False,7.06190574169,F,True,False,468,1,P1,1.858312,9.677849
job_085_Mg_fe_-0.837_n4_generated_crystals_cif__gen_2,D:\CGCNN_Formation_Energy_AL_Archive\experiments\reproducibility\staging\paired_confirmation_server_20260712\EARLY_LiM2O4_ALIGNN_HARD640_m2p18_m2p02_FLAT_20260617\job_085_Mg_fe_-0.837_n4_generated_crystals_cif__gen_2.cif,True,2fb76f741dadb416d68dd8e77aa92ee2742979763fcccfdf739db0fe8d797dc1,Li1 Mg2 O4,LiMg2O4,Mg,LiMg2O4,-1.99163293839,,0.374249507364,saved CGCNN MC-dropout sigma; candidate-level ALIGNN uncertainty not available,-2.90784668922,0.374249507364,0.916213750839,0.0170605889699,519,0,1.17729413509,F,True,False,244,16,275,18,216081f5d70bf67f2d7feea427985e96362f9b1f2f293a07929ed1b3813c4766,"Li/M/O role-RDF: six unordered pairs, 0-6 A in 0.2-A bins; scale-free sorted lattice lengths, angles, and normalized volume",SM_Mg_008,1,FP_SINGLETON_049,1,hdbscan_noise_singleton,job_021_Mg_fe_-1.413_n4_generated_crystals_cif__gen_0,2.79347190421,job_249_Cr_fe_-1.500_n4_generated_crystals_cif__gen_1,2.94744533833,no_shared_cluster,D:\User\leoluis0705\Documents\xwechat_files\wxid_bbzc35ridmlc22_e97b\msg\file\2026-04\initial_1000_raw_generations.zip::raw_generations/job_085_Mg_fe_-0.837_n4/generated_crystals_cif.zip::gen_2.cif,raw_generations/job_085_Mg_fe_-0.837_n4/generated_crystals_cif.zip,gen_2.cif,True,False,True,2,0.651052398728,-1.34058053966,0.679419460343,0.759419460343,False,5.24637162715,F,True,False,366,8,Cm,1.849947,10.521692
job_086_Mn_fe_-0.988_n4_generated_crystals_cif__gen_0,D:\CGCNN_Formation_Energy_AL_Archive\experiments\reproducibility\staging\paired_confirmation_server_20260712\EARLY_LiM2O4_ALIGNN_HARD640_m2p18_m2p02_FLAT_20260617\job_086_Mn_fe_-0.988_n4_generated_crystals_cif__gen_0.cif,True,95ac0be9b7301b973ec21499717c000fd8ef8da903ab70bb72f85c507d00b0a8,Li1 Mn2 O4,LiMn2O4,Mn,LiMn2O4,-1.93047249317,,0.378611126624,saved CGCNN MC-dropout sigma; candidate-level ALIGNN uncertainty not available,-2.29870247841,0.378611126624,0.368229985237,0.146113060986,91,0,1.55954691768,F,True,False,252,16,84,6,50db7920167c745bd664efb4db25cc1a1d1cd51f324483da3ed8b2cfc18fa63a,"Li/M/O role-RDF: six unordered pairs, 0-6 A in 0.2-A bins; scale-free sorted lattice lengths, angles, and normalized volume",SM_Mn_010,10,FP_056,5,recurring_density_cluster,job_176_Mn_fe_-0.980_n4_generated_crystals_cif__gen_3,0.118861620789,job_120_Cr_fe_-1.424_n4_generated_crystals_cif__gen_1,0.547799479422,no_shared_cluster,D:\User\leoluis0705\Documents\xwechat_files\wxid_bbzc35ridmlc22_e97b\msg\file\2026-04\initial_1000_raw_generations.zip::raw_generations/job_086_Mn_fe_-0.988_n4/generated_crystals_cif.zip::gen_0.cif,raw_generations/job_086_Mn_fe_-0.988_n4/generated_crystals_cif.zip,gen_0.cif,True,False,True,3,0.176542943114,-1.75392955006,0.266070449942,0.346070449942,False,2.66294031214,F,True,False,212,8,Cm,1.859305,10.230194
job_086_Mn_fe_-0.988_n4_generated_crystals_cif__gen_1,D:\CGCNN_Formation_Energy_AL_Archive\experiments\reproducibility\staging\paired_confirmation_server_20260712\EARLY_LiM2O4_ALIGNN_HARD640_m2p18_m2p02_FLAT_20260617\job_086_Mn_fe_-0.988_n4_generated_crystals_cif__gen_1.cif,True,4bc61166f7313b9a77c11a53f5787fb356462249f0fdc64f5efc0a527a6c20cc,Li1 Mn2 O4,LiMn2O4,Mn,LiMn2O4,-2.01266694069,,0.423633570441,saved CGCNN MC-dropout sigma; candidate-level ALIGNN uncertainty not available,-2.18327736855,0.423633570441,0.170610427856,0.146951001351,80,0,1.04583162069,F,True,False,111,7,25,2,40efdbf3279bc24153c7207328334ef9c6e30bdf8c0b6951edc692f6e60d29de,"Li/M/O role-RDF: six unordered pairs, 0-6 A in 0.2-A bins; scale-free sorted lattice lengths, angles, and normalized volume",SM_Mn_004,35,FP_048,5,recurring_density_cluster,job_233_Mn_fe_-1.136_n4_generated_crystals_cif__gen_2,0.200643373957,job_044_Mn_fe_-0.936_n4_generated_crystals_cif__gen_1,0.31909419527,same_structurematcher_cluster,D:\User\leoluis0705\Documents\xwechat_files\wxid_bbzc35ridmlc22_e97b\msg\file\2026-04\initial_1000_raw_generations.zip::raw_generations/job_086_Mn_fe_-0.988_n4/generated_crystals_cif.zip::gen_1.cif,raw_generations/job_086_Mn_fe_-0.988_n4/generated_crystals_cif.zip,gen_1.cif,True,False,True,3,0.176542943114,-1.83612399757,0.183876002425,0.263876002425,False,2.14922501516,F,True,False,151,6,Pm,1.928333,10.606597
job_086_Mn_fe_-0.988_n4_generated_crystals_cif__gen_2,D:\CGCNN_Formation_Energy_AL_Archive\experiments\reproducibility\staging\paired_confirmation_server_20260712\EARLY_LiM2O4_ALIGNN_HARD640_m2p18_m2p02_FLAT_20260617\job_086_Mn_fe_-0.988_n4_generated_crystals_cif__gen_2.cif,True,b8cb5f8ce4c313508fb9f23fe0407a4b68806b346906666a0a9b7000cbe4daf9,Li1 Mn2 O4,LiMn2O4,Mn,LiMn2O4,-2.0216588974,,0.423692087433,saved CGCNN MC-dropout sigma; candidate-level ALIGNN uncertainty not available,-2.21066808701,0.423692087433,0.189009189606,0.144799009274,98,1,0.989631891251,E,True,False,172,11,186,12,f29d797841ac06fb89a92df4a1a30cb953e9c2b77ada65d906409cbd88be55d5,"Li/M/O role-RDF: six unordered pairs, 0-6 A in 0.2-A bins; scale-free sorted lattice lengths, angles, and normalized volume",SM_Mn_003,16,FP_SINGLETON_050,1,hdbscan_noise_singleton,job_069_Mn_fe_-1.295_n4_generated_crystals_cif__gen_3,0.420343180851,job_148_Mn_fe_-0.904_n4_generated_crystals_cif__gen_2,0.492035738547,historical_dft_candidate_self,D:\User\leoluis0705\Documents\xwechat_files\wxid_bbzc35ridmlc22_e97b\msg\file\2026-04\initial_1000_raw_generations.zip::raw_generations/job_086_Mn_fe_-0.988_n4/generated_crystals_cif.zip::gen_2.cif,raw_generations/job_086_Mn_fe_-0.988_n4/generated_crystals_cif.zip,gen_2.cif,True,True,True,3,0.176542943114,-1.84511595429,0.174884045714,0.254884045714,False,2.09302528571,F,True,False,135,8,Cm,1.923816,11.012456
job_086_Mn_fe_-0.988_n4_generated_crystals_cif__gen_3,D:\CGCNN_Formation_Energy_AL_Archive\experiments\reproducibility\staging\paired_confirmation_server_20260712\EARLY_LiM2O4_ALIGNN_HARD640_m2p18_m2p02_FLAT_20260617\job_086_Mn_fe_-0.988_n4_generated_crystals_cif__gen_3.cif,True,f31a857e9db175bad2d2cb76b08566cb63c68bb3ac8ee9a9cf19bb7ba45111dd,Li1 Mn2 O4,LiMn2O4,Mn,LiMn2O4,-1.95426702499,,0.41644841181,saved CGCNN MC-dropout sigma; candidate-level ALIGNN uncertainty not available,-2.2303481102,0.41644841181,0.276081085205,0.14514131321,96,0,1.41083109379,F,True,False,240,15,231,15,6c097630737f655c1983e6f23de3a0217092056ae83689d3efda2aa9ee6d3c1c,"Li/M/O role-RDF: six unordered pairs, 0-6 A in 0.2-A bins; scale-free sorted lattice lengths, angles, and normalized volume",SM_Mn_016,1,FP_SINGLETON_051,1,hdbscan_noise_singleton,job_079_Cr_fe_-0.854_n4_generated_crystals_cif__gen_1,0.428561532213,job_120_Cr_fe_-1.424_n4_generated_crystals_cif__gen_1,0.913321492777,no_shared_cluster,D:\User\leoluis0705\Documents\xwechat_files\wxid_bbzc35ridmlc22_e97b\msg\file\2026-04\initial_1000_raw_generations.zip::raw_generations/job_086_Mn_fe_-0.988_n4/generated_crystals_cif.zip::gen_3.cif,raw_generations/job_086_Mn_fe_-0.988_n4/generated_crystals_cif.zip,gen_3.cif,True,False,True,3,0.176542943114,-1.77772408188,0.24227591812,0.32227591812,False,2.51422448825,F,True,False,201,6,Pm,1.88841,10.752778
job_087_Cr_fe_-1.452_n4_generated_crystals_cif__gen_0,D:\CGCNN_Formation_Energy_AL_Archive\experiments\reproducibility\staging\paired_confirmation_server_20260712\EARLY_LiM2O4_ALIGNN_HARD640_m2p18_m2p02_FLAT_20260617\job_087_Cr_fe_-1.452_n4_generated_crystals_cif__gen_0.cif,True,80425455bf99694a88ff175787de90f0128869a01a313f755dc04703112ab02a,Li1 Cr2 O4,LiCr2O4,Cr,LiCr2O4,-2.19006800652,,0.406423477469,saved CGCNN MC-dropout sigma; candidate-level ALIGNN uncertainty not available,-2.10189819336,0.406423477469,0.0881698131561,0.15604480695,50,0,-0.0629250407219,A,True,False,140,9,3,1,13fff0b94803482f4b69c15be39999b4b9213c5864bbfbbe72a6f026a0391632,"Li/M/O role-RDF: six unordered pairs, 0-6 A in 0.2-A bins; scale-free sorted lattice lengths, angles, and normalized volume",SM_Cr_003,20,FP_020,9,recurring_density_cluster,job_112_Cr_fe_-1.215_n4_generated_crystals_cif__gen_0,0.0822423833077,job_136_Cr_fe_-1.181_n4_generated_crystals_cif__gen_0,0.452583877633,same_structurematcher_cluster,D:\User\leoluis0705\Documents\xwechat_files\wxid_bbzc35ridmlc22_e97b\msg\file\2026-04\initial_1000_raw_generations.zip::raw_generations/job_087_Cr_fe_-1.452_n4/generated_crystals_cif.zip::gen_0.cif,raw_generations/job_087_Cr_fe_-1.452_n4/generated_crystals_cif.zip,gen_0.cif,True,False,True,5,-0.102418564162,-2.29248657068,0.112486570678,0.192486570678,False,-0.703041066735,A,True,False,59,10,P2/m,1.931781,10.641628
job_087_Cr_fe_-1.452_n4_generated_crystals_cif__gen_2,D:\CGCNN_Formation_Energy_AL_Archive\experiments\reproducibility\staging\paired_confirmation_server_20260712\EARLY_LiM2O4_ALIGNN_HARD640_m2p18_m2p02_FLAT_20260617\job_087_Cr_fe_-1.452_n4_generated_crystals_cif__gen_2.cif,True,842f5cdcb8cdb9dbcf44af997f06a42b11918f56dc4013678b486424fdb2d05d,Li1 Cr2 O4,LiCr2O4,Cr,LiCr2O4,-2.1919529438,,0.38527925124,saved CGCNN MC-dropout sigma; candidate-level ALIGNN uncertainty not available,-2.06523942947,0.38527925124,0.126713514328,0.163832591444,24,0,-0.0747058987617,A,True,False,129,9,109,7,6ced4a30871b135b068f74a9b348a34dd4ad903b4f1d4a7b1bd7e0fcc91499db,"Li/M/O role-RDF: six unordered pairs, 0-6 A in 0.2-A bins; scale-free sorted lattice lengths, angles, and normalized volume",SM_Cr_011,4,FP_058,6,recurring_density_cluster,job_214_Cr_fe_-0.857_n4_generated_crystals_cif__gen_1,0.373832769578,job_249_Cr_fe_-1.500_n4_generated_crystals_cif__gen_1,0.875677382759,no_shared_cluster,D:\User\leoluis0705\Documents\xwechat_files\wxid_bbzc35ridmlc22_e97b\msg\file\2026-04\initial_1000_raw_generations.zip::raw_generations/job_087_Cr_fe_-1.452_n4/generated_crystals_cif.zip::gen_2.cif,raw_generations/job_087_Cr_fe_-1.452_n4/generated_crystals_cif.zip,gen_2.cif,True,False,True,5,-0.102418564162,-2.29437150796,0.114371507964,0.194371507964,False,-0.714821924775,A,True,False,62,6,Pm,1.918167,10.638302
job_087_Cr_fe_-1.452_n4_generated_crystals_cif__gen_3,D:\CGCNN_Formation_Energy_AL_Archive\experiments\reproducibility\staging\paired_confirmation_server_20260712\EARLY_LiM2O4_ALIGNN_HARD640_m2p18_m2p02_FLAT_20260617\job_087_Cr_fe_-1.452_n4_generated_crystals_cif__gen_3.cif,True,9d446ad9625b9f3ad1197f8ec250ec901ababc1f4af612020a89c8599a0762bc,Li1 Cr2 O4,LiCr2O4,Cr,LiCr2O4,-2.19940018654,,0.471385326148,saved CGCNN MC-dropout sigma; candidate-level ALIGNN uncertainty not available,-2.16270780563,0.471385326148,0.0366923809052,0.133587917007,160,0,-0.121251165867,A,True,False,194,13,195,13,9cd3457ba9466708dfbab0cb155275a71c9d6763262dc6ba58c91a81b9ad9371,"Li/M/O role-RDF: six unordered pairs, 0-6 A in 0.2-A bins; scale-free sorted lattice lengths, angles, and normalized volume",SM_Cr_005,12,FP_019,19,recurring_density_cluster,job_174_Ti_fe_-1.427_n4_generated_crystals_cif__gen_1,0.188905457502,job_120_Cr_fe_-1.424_n4_generated_crystals_cif__gen_1,0.202075378068,same_structurematcher_cluster,D:\User\leoluis0705\Documents\xwechat_files\wxid_bbzc35ridmlc22_e97b\msg\file\2026-04\initial_1000_raw_generations.zip::raw_generations/job_087_Cr_fe_-1.452_n4/generated_crystals_cif.zip::gen_3.cif,raw_generations/job_087_Cr_fe_-1.452_n4/generated_crystals_cif.zip,gen_3.cif,True,False,True,5,-0.102418564162,-2.3018187507,0.121818750701,0.201818750701,False,-0.76136719188,A,True,False,74,1,P1,1.811752,10.127312
job_088_Cr_fe_-1.127_n4_generated_crystals_cif__gen_0,D:\CGCNN_Formation_Energy_AL_Archive\experiments\reproducibility\staging\paired_confirmation_server_20260712\EARLY_LiM2O4_ALIGNN_HARD640_m2p18_m2p02_FLAT_20260617\job_088_Cr_fe_-1.127_n4_generated_crystals_cif__gen_0.cif,True,0c2022e4146bdc4a8758837145d89d04f78706a013205891f904d22214ddd568,Li1 Cr2 O4,LiCr2O4,Cr,LiCr2O4,-2.19121098518,,0.469281077825,saved CGCNN MC-dropout sigma; candidate-level ALIGNN uncertainty not available,-2.11549854279,0.469281077825,0.0757124423981,0.135289157694,143,0,-0.0700686573982,A,True,False,136,9,162,11,bbc2e2efcb73af3ad682523fa1ca8803649dfdb719860023f31c7d6fc51daec3,"Li/M/O role-RDF: six unordered pairs, 0-6 A in 0.2-A bins; scale-free sorted lattice lengths, angles, and normalized volume",SM_Cr_003,20,FP_063,10,recurring_density_cluster,job_182_Cr_fe_-1.464_n4_generated_crystals_cif__gen_0,0.16656311127,job_136_Cr_fe_-1.181_n4_generated_crystals_cif__gen_0,0.208586494201,same_structurematcher_cluster,D:\User\leoluis0705\Documents\xwechat_files\wxid_bbzc35ridmlc22_e97b\msg\file\2026-04\initial_1000_raw_generations.zip::raw_generations/job_088_Cr_fe_-1.127_n4/generated_crystals_cif.zip::gen_0.cif,raw_generations/job_088_Cr_fe_-1.127_n4/generated_crystals_cif.zip,gen_0.cif,True,False,True,5,-0.102418564162,-2.29362954935,0.113629549346,0.193629549346,False,-0.710184683412,A,True,False,60,10,P2/m,1.929691,10.298769
job_088_Cr_fe_-1.127_n4_generated_crystals_cif__gen_1,D:\CGCNN_Formation_Energy_AL_Archive\experiments\reproducibility\staging\paired_confirmation_server_20260712\EARLY_LiM2O4_ALIGNN_HARD640_m2p18_m2p02_FLAT_20260617\job_088_Cr_fe_-1.127_n4_generated_crystals_cif__gen_1.cif,True,4a5e6a22f7b06f93f5b15bdaadeaea6437e9b3aaa2f8191f43ba3a7fad4b33a1,Li1 Cr2 O4,LiCr2O4,Cr,LiCr2O4,-2.19847464561,,0.473987772444,saved CGCNN MC-dropout sigma; candidate-level ALIGNN uncertainty not available,-2.11085820198,0.473987772444,0.087616443634,0.133996048684,152,0,-0.115466535091,A,True,False,94,6,120,8,c0ad3805ce50319b2525c688e360b2ff7376849c5d603208dbcee80ff1c642a4,"Li/M/O role-RDF: six unordered pairs, 0-6 A in 0.2-A bins; scale-free sorted lattice lengths, angles, and normalized volume",SM_Cr_003,20,FP_063,10,recurring_density_cluster,job_073_Cr_fe_-1.375_n4_generated_crystals_cif__gen_1,0.12026402315,job_136_Cr_fe_-1.181_n4_generated_crystals_cif__gen_0,0.246352588416,same_structurematcher_cluster,D:\User\leoluis0705\Documents\xwechat_files\wxid_bbzc35ridmlc22_e97b\msg\file\2026-04\initial_1000_raw_generations.zip::raw_generations/job_088_Cr_fe_-1.127_n4/generated_crystals_cif.zip::gen_1.cif,raw_generations/job_088_Cr_fe_-1.127_n4/generated_crystals_cif.zip,gen_1.cif,True,False,True,5,-0.102418564162,-2.30089320978,0.120893209777,0.200893209777,False,-0.755582561105,A,True,False,72,6,Pm,1.936864,10.490802
job_088_Cr_fe_-1.127_n4_generated_crystals_cif__gen_2,D:\CGCNN_Formation_Energy_AL_Archive\experiments\reproducibility\staging\paired_confirmation_server_20260712\EARLY_LiM2O4_ALIGNN_HARD640_m2p18_m2p02_FLAT_20260617\job_088_Cr_fe_-1.127_n4_generated_crystals_cif__gen_2.cif,True,133681b91b2632c4652c8e78c215ae331288ea83058ee557287dc7f296a8395b,Li1 Cr2 O4,LiCr2O4,Cr,LiCr2O4,-2.21366715431,,0.377410961091,saved CGCNN MC-dropout sigma; candidate-level ALIGNN uncertainty not available,-2.09610104561,0.377410961091,0.117566108704,0.167861147066,10,0,-0.210419714451,A,True,False,52,4,11,1,0d4158d8984e5dd0376633c81b0f3ff696f314745122d6a5279963fb0a9ae990,"Li/M/O role-RDF: six unordered pairs, 0-6 A in 0.2-A bins; scale-free sorted lattice lengths, angles, and normalized volume",SM_Cr_006,14,FP_071,5,recurring_density_cluster,job_126_Cr_fe_-0.901_n4_generated_crystals_cif__gen_0,0.0956402559475,job_249_Cr_fe_-1.500_n4_generated_crystals_cif__gen_1,0.771594116483,no_shared_cluster,D:\User\leoluis0705\Documents\xwechat_files\wxid_bbzc35ridmlc22_e97b\msg\file\2026-04\initial_1000_raw_generations.zip::raw_generations/job_088_Cr_fe_-1.127_n4/generated_crystals_cif.zip::gen_2.cif,raw_generations/job_088_Cr_fe_-1.127_n4/generated_crystals_cif.zip,gen_2.cif,True,False,True,5,-0.102418564162,-2.31608571847,0.136085718474,0.216085718474,False,-0.850535740464,A,True,False,97,8,Cm,1.960684,10.654061
job_088_Cr_fe_-1.127_n4_generated_crystals_cif__gen_3,D:\CGCNN_Formation_Energy_AL_Archive\experiments\reproducibility\staging\paired_confirmation_server_20260712\EARLY_LiM2O4_ALIGNN_HARD640_m2p18_m2p02_FLAT_20260617\job_088_Cr_fe_-1.127_n4_generated_crystals_cif__gen_3.cif,True,0131af485496d3becdc23a4bb6200cb0ef068715ac53af1d176966f9056c6022,Li1 Cr2 O4,LiCr2O4,Cr,LiCr2O4,-2.14886713028,,0.452480414723,saved CGCNN MC-dropout sigma; candidate-level ALIGNN uncertainty not available,-2.15284395218,0.452480414723,0.00397682189941,0.139393122367,130,1,0.194580435753,B,True,False,131,9,146,10,61c86827df513f99247051a21576c01a118478d070965d101305a4357d9ddc3e,"Li/M/O role-RDF: six unordered pairs, 0-6 A in 0.2-A bins; scale-free sorted lattice lengths, angles, and normalized volume",SM_Cr_008,15,FP_057,5,recurring_density_cluster,job_083_Cr_fe_-0.935_n4_generated_crystals_cif__gen_2,0.127888960388,job_214_Cr_fe_-0.857_n4_generated_crystals_cif__gen_0,0.282882045372,same_structurematcher_cluster,D:\User\leoluis0705\Documents\xwechat_files\wxid_bbzc35ridmlc22_e97b\msg\file\2026-04\initial_1000_raw_generations.zip::raw_generations/job_088_Cr_fe_-1.127_n4/generated_crystals_cif.zip::gen_3.cif,raw_generations/job_088_Cr_fe_-1.127_n4/generated_crystals_cif.zip,gen_3.cif,True,False,True,5,-0.102418564162,-2.25128569444,0.071285694442,0.151285694442,False,-0.445535590261,A,True,False,20,8,Cm,1.858254,9.848461
job_089_Ni_fe_-1.410_n4_generated_crystals_cif__gen_0,D:\CGCNN_Formation_Energy_AL_Archive\experiments\reproducibility\staging\paired_confirmation_server_20260712\EARLY_LiM2O4_ALIGNN_HARD640_m2p18_m2p02_FLAT_20260617\job_089_Ni_fe_-1.410_n4_generated_crystals_cif__gen_0.cif,True,a07c1fbbe526b0a16f7f9e48fc96a975e2b8e63f1f5254ea29bf5489c5ddb868,Li1 Ni2 O4,Li(NiO2)2,Ni,Li(NiO2)2,-1.06374955177,,0.449691876832,saved CGCNN MC-dropout sigma; candidate-level ALIGNN uncertainty not available,-1.43557596207,0.449691876832,0.371826410294,0.0479465759357,481,0,6.97656530142,F,True,False,429,27,254,16,ad701d7856585083854083e3c45e0eb384ce4c4576641598d5f790840dcf30d7,"Li/M/O role-RDF: six unordered pairs, 0-6 A in 0.2-A bins; scale-free sorted lattice lengths, angles, and normalized volume",SM_Ni_003,30,FP_SINGLETON_052,1,hdbscan_noise_singleton,job_015_Ni_fe_-1.349_n4_generated_crystals_cif__gen_2,0.252927759528,job_120_Cr_fe_-1.424_n4_generated_crystals_cif__gen_1,0.657324486843,no_shared_cluster,D:\User\leoluis0705\Documents\xwechat_files\wxid_bbzc35ridmlc22_e97b\msg\file\2026-04\initial_1000_raw_generations.zip::raw_generations/job_089_Ni_fe_-1.410_n4/generated_crystals_cif.zip::gen_0.cif,raw_generations/job_089_Ni_fe_-1.410_n4/generated_crystals_cif.zip,gen_0.cif,True,False,False,0,0,-1.06374955177,0.956250448227,1.03625044823,False,6.97656530142,F,True,False,433,1,P1,1.83953,9.68995
job_089_Ni_fe_-1.410_n4_generated_crystals_cif__gen_1,D:\CGCNN_Formation_Energy_AL_Archive\experiments\reproducibility\staging\paired_confirmation_server_20260712\EARLY_LiM2O4_ALIGNN_HARD640_m2p18_m2p02_FLAT_20260617\job_089_Ni_fe_-1.410_n4_generated_crystals_cif__gen_1.cif,True,6626e66c3dd685990445189ee0fce9d78f25fd027f737d316c45499fe3f950d0,Li1 Ni2 O4,Li(NiO2)2,Ni,Li(NiO2)2,-1.06016790867,,0.493730592357,saved CGCNN MC-dropout sigma; candidate-level ALIGNN uncertainty not available,-1.39147722721,0.493730592357,0.331309318542,0.0463827315737,487,0,6.99895057082,F,True,False,636,40,468,30,77e6f2154bfdc8f4adf62a3d0e57aa5ab6ce305bbddf0d7cad370e19e4f70b15,"Li/M/O role-RDF: six unordered pairs, 0-6 A in 0.2-A bins; scale-free sorted lattice lengths, angles, and normalized volume",SM_Ni_002,22,FP_059,8,recurring_density_cluster,job_084_Ni_fe_-1.459_n4_generated_crystals_cif__gen_0,0.129475875214,job_136_Cr_fe_-1.181_n4_generated_crystals_cif__gen_0,0.61226679367,no_shared_cluster,D:\User\leoluis0705\Documents\xwechat_files\wxid_bbzc35ridmlc22_e97b\msg\file\2026-04\initial_1000_raw_generations.zip::raw_generations/job_089_Ni_fe_-1.410_n4/generated_crystals_cif.zip::gen_1.cif,raw_generations/job_089_Ni_fe_-1.410_n4/generated_crystals_cif.zip,gen_1.cif,True,False,False,0,0,-1.06016790867,0.959832091331,1.03983209133,False,6.99895057082,F,True,False,442,6,Pm,1.874407,9.948948
job_089_Ni_fe_-1.410_n4_generated_crystals_cif__gen_2,D:\CGCNN_Formation_Energy_AL_Archive\experiments\reproducibility\staging\paired_confirmation_server_20260712\EARLY_LiM2O4_ALIGNN_HARD640_m2p18_m2p02_FLAT_20260617\job_089_Ni_fe_-1.410_n4_generated_crystals_cif__gen_2.cif,True,6a13bae3e6735a7ca95b88e0d33671bd4a54afa3be898be9160b526566dd92db,Li1 Ni2 O4,Li(NiO2)2,Ni,Li(NiO2)2,-0.843016564846,,0.710101611328,saved CGCNN MC-dropout sigma; candidate-level ALIGNN uncertainty not available,-1.5077495575,0.710101611328,0.664732992649,0.0634422020312,390,0,8.35614646971,F,True,False,417,27,543,34,3822612de82c84741ac1c986c4aff71cff422e6a766398253216e48193b94012,"Li/M/O role-RDF: six unordered pairs, 0-6 A in 0.2-A bins; scale-free sorted lattice lengths, angles, and normalized volume",SM_Ni_010,1,FP_SINGLETON_053,1,hdbscan_noise_singleton,job_097_Ti_fe_-1.239_n4_generated_crystals_cif__gen_2,0.807673907752,job_182_Cr_fe_-1.464_n4_generated_crystals_cif__gen_2,0.97526924058,no_shared_cluster,D:\User\leoluis0705\Documents\xwechat_files\wxid_bbzc35ridmlc22_e97b\msg\file\2026-04\initial_1000_raw_generations.zip::raw_generations/job_089_Ni_fe_-1.410_n4/generated_crystals_cif.zip::gen_2.cif,raw_generations/job_089_Ni_fe_-1.410_n4/generated_crystals_cif.zip,gen_2.cif,True,False,False,0,0,-0.843016564846,1.17698343515,1.25698343515,False,8.35614646971,F,True,False,640,1,P1,1.862444,11.176279
job_089_Ni_fe_-1.410_n4_generated_crystals_cif__gen_3,D:\CGCNN_Formation_Energy_AL_Archive\experiments\reproducibility\staging\paired_confirmation_server_20260712\EARLY_LiM2O4_ALIGNN_HARD640_m2p18_m2p02_FLAT_20260617\job_089_Ni_fe_-1.410_n4_generated_crystals_cif__gen_3.cif,True,411a26cc3650fa4273e114e4bfcb19cd2657ee278f9b5305c78cf0e5b37854c5,Li1 Ni2 O4,Li(NiO2)2,Ni,Li(NiO2)2,-0.981394171715,,0.51046498662,saved CGCNN MC-dropout sigma; candidate-level ALIGNN uncertainty not available,-1.46747255325,0.51046498662,0.486078381538,0.0581560099141,408,0,7.49128642678,F,True,False,403,26,533,34,c1e2339347b24e3f1e324e2326cdc294d3ae9353992293ca530f394eff516174,"Li/M/O role-RDF: six unordered pairs, 0-6 A in 0.2-A bins; scale-free sorted lattice lengths, angles, and normalized volume",SM_Ni_008,10,FP_072,3,recurring_density_cluster,job_157_Ni_fe_-1.031_n4_generated_crystals_cif__gen_0,0.250284014084,job_214_Cr_fe_-0.857_n4_generated_crystals_cif__gen_0,0.537438507211,no_shared_cluster,D:\User\leoluis0705\Documents\xwechat_files\wxid_bbzc35ridmlc22_e97b\msg\file\2026-04\initial_1000_raw_generations.zip::raw_generations/job_089_Ni_fe_-1.410_n4/generated_crystals_cif.zip::gen_3.cif,raw_generations/job_089_Ni_fe_-1.410_n4/generated_crystals_cif.zip,gen_3.cif,True,False,False,0,0,-0.981394171715,1.03860582828,1.11860582829,False,7.49128642678,F,True,False,591,1,P1,1.866033,9.556464
job_090_Al_fe_-0.837_n4_generated_crystals_cif__gen_1,D:\CGCNN_Formation_Energy_AL_Archive\experiments\reproducibility\staging\paired_confirmation_server_20260712\EARLY_LiM2O4_ALIGNN_HARD640_m2p18_m2p02_FLAT_20260617\job_090_Al_fe_-0.837_n4_generated_crystals_cif__gen_1.cif,True,af074d2b328d31e38ec2643969de558b157fb9b2e02b367a42a5cd4da452334e,Li1 Al2 O4,LiAl2O4,Al,LiAl2O4,-3.14963984489,,0.408299140841,saved CGCNN MC-dropout sigma; candidate-level ALIGNN uncertainty not available,-2.56473922729,0.408299140841,0.584900617599,0.0819456231631,294,0,-6.06024903059,A,True,False,313,20,442,28,6b46fe0f15f51cabba52f2cc4fb841ed8570158384b0d27ace47a3afedddc461,"Li/M/O role-RDF: six unordered pairs, 0-6 A in 0.2-A bins; scale-free sorted lattice lengths, angles, and normalized volume",SM_Al_004,8,FP_015,5,recurring_density_cluster,job_010_Al_fe_-1.346_n4_generated_crystals_cif__gen_3,0.286404949301,job_148_Mn_fe_-0.904_n4_generated_crystals_cif__gen_2,1.0326112032,no_shared_cluster,D:\User\leoluis0705\Documents\xwechat_files\wxid_bbzc35ridmlc22_e97b\msg\file\2026-04\initial_1000_raw_generations.zip::raw_generations/job_090_Al_fe_-0.837_n4/generated_crystals_cif.zip::gen_1.cif,raw_generations/job_090_Al_fe_-0.837_n4/generated_crystals_cif.zip,gen_1.cif,True,False,False,0,0,-3.14963984489,0.969639844894,1.04963984489,False,-6.06024903059,A,True,False,466,8,Cm,1.876545,9.906496
job_090_Al_fe_-0.837_n4_generated_crystals_cif__gen_2,D:\CGCNN_Formation_Energy_AL_Archive\experiments\reproducibility\staging\paired_confirmation_server_20260712\EARLY_LiM2O4_ALIGNN_HARD640_m2p18_m2p02_FLAT_20260617\job_090_Al_fe_-0.837_n4_generated_crystals_cif__gen_2.cif,True,15205ab9ab8584147ad3d648024afca2251e0be04e755cf8a9de8615635316a0,Li1 Al2 O4,LiAl2O4,Al,LiAl2O4,-3.1492702961,,0.376925997979,saved CGCNN MC-dropout sigma; candidate-level ALIGNN uncertainty not available,-2.56376767159,0.376925997979,0.585502624512,0.0797417717431,301,0,-6.05793935061,A,True,False,470,30,322,21,c73592b3001100d5e5fee5d3d675261b299b2f01c71d7ce29d5558d2a7a71b22,"Li/M/O role-RDF: six unordered pairs, 0-6 A in 0.2-A bins; scale-free sorted lattice lengths, angles, and normalized volume",SM_Al_006,5,FP_034,19,recurring_density_cluster,job_034_Co_fe_-1.009_n4_generated_crystals_cif__gen_0,0.110135875441,job_120_Cr_fe_-1.424_n4_generated_crystals_cif__gen_1,0.723459798575,no_shared_cluster,D:\User\leoluis0705\Documents\xwechat_files\wxid_bbzc35ridmlc22_e97b\msg\file\2026-04\initial_1000_raw_generations.zip::raw_generations/job_090_Al_fe_-0.837_n4/generated_crystals_cif.zip::gen_2.cif,raw_generations/job_090_Al_fe_-0.837_n4/generated_crystals_cif.zip,gen_2.cif,True,False,False,0,0,-3.1492702961,0.969270296097,1.0492702961,False,-6.05793935061,A,True,False,463,12,C2/m,1.894655,9.752379
job_090_Al_fe_-0.837_n4_generated_crystals_cif__gen_3,D:\CGCNN_Formation_Energy_AL_Archive\experiments\reproducibility\staging\paired_confirmation_server_20260712\EARLY_LiM2O4_ALIGNN_HARD640_m2p18_m2p02_FLAT_20260617\job_090_Al_fe_-0.837_n4_generated_crystals_cif__gen_3.cif,True,b26634bcd710bfd97342629bdb546a7e71fd02546d8541715fc15cd0b0fa622c,Li1 Al2 O4,LiAl2O4,Al,LiAl2O4,-3.15835309029,,0.451768946423,saved CGCNN MC-dropout sigma; candidate-level ALIGNN uncertainty not available,-2.60179042816,0.451768946423,0.556562662125,0.0763374366271,310,0,-6.11470681429,A,True,False,513,33,457,29,14dcdc9f954932ebb3557c7267701d5f68a9eeef32e3b284ce5fd43095776442,"Li/M/O role-RDF: six unordered pairs, 0-6 A in 0.2-A bins; scale-free sorted lattice lengths, angles, and normalized volume",SM_Al_003,9,FP_021,6,recurring_density_cluster,job_045_Al_fe_-1.313_n4_generated_crystals_cif__gen_0,0.0510242117576,job_204_Cr_fe_-0.932_n4_generated_crystals_cif__gen_3,1.15961340648,no_shared_cluster,D:\User\leoluis0705\Documents\xwechat_files\wxid_bbzc35ridmlc22_e97b\msg\file\2026-04\initial_1000_raw_generations.zip::raw_generations/job_090_Al_fe_-0.837_n4/generated_crystals_cif.zip::gen_3.cif,raw_generations/job_090_Al_fe_-0.837_n4/generated_crystals_cif.zip,gen_3.cif,True,False,False,0,0,-3.15835309029,0.978353090286,1.05835309029,False,-6.11470681429,A,True,False,479,8,Cm,1.879407,9.027124
job_091_Ni_fe_-1.314_n4_generated_crystals_cif__gen_0,D:\CGCNN_Formation_Energy_AL_Archive\experiments\reproducibility\staging\paired_confirmation_server_20260712\EARLY_LiM2O4_ALIGNN_HARD640_m2p18_m2p02_FLAT_20260617\job_091_Ni_fe_-1.314_n4_generated_crystals_cif__gen_0.cif,True,5ab8b348f7cc1149ec2cc7065a1407b3837bb3861a9010d645059e8936ebd094,Li1 Ni2 O4,Li(NiO2)2,Ni,Li(NiO2)2,-1.0840331316,,0.5505909101,saved CGCNN MC-dropout sigma; candidate-level ALIGNN uncertainty not available,-1.47394442558,0.5505909101,0.389911293983,0.0607983742607,395,0,6.8497929275,F,True,False,334,21,445,28,114f11a2339cf48c5cb19e55b8fdc4b8066a2fbd6defc05d774f12589b21627e,"Li/M/O role-RDF: six unordered pairs, 0-6 A in 0.2-A bins; scale-free sorted lattice lengths, angles, and normalized volume",SM_Ni_001,14,FP_022,3,recurring_density_cluster,job_099_Ni_fe_-1.343_n4_generated_crystals_cif__gen_3,0.237033884719,job_120_Cr_fe_-1.424_n4_generated_crystals_cif__gen_1,0.891043048371,no_shared_cluster,D:\User\leoluis0705\Documents\xwechat_files\wxid_bbzc35ridmlc22_e97b\msg\file\2026-04\initial_1000_raw_generations.zip::raw_generations/job_091_Ni_fe_-1.314_n4/generated_crystals_cif.zip::gen_0.cif,raw_generations/job_091_Ni_fe_-1.314_n4/generated_crystals_cif.zip,gen_0.cif,True,False,False,0,0,-1.0840331316,0.935966868401,1.0159668684,False,6.8497929275,F,True,False,403,1,P1,1.853578,9.996246
job_091_Ni_fe_-1.314_n4_generated_crystals_cif__gen_1,D:\CGCNN_Formation_Energy_AL_Archive\experiments\reproducibility\staging\paired_confirmation_server_20260712\EARLY_LiM2O4_ALIGNN_HARD640_m2p18_m2p02_FLAT_20260617\job_091_Ni_fe_-1.314_n4_generated_crystals_cif__gen_1.cif,True,95f29141c0e60aa86de415215d87f52fa437732e14c3fe05fb47eabcad98d118,Li1 Ni2 O4,Li(NiO2)2,Ni,Li(NiO2)2,-1.05357694626,,0.446590476285,saved CGCNN MC-dropout sigma; candidate-level ALIGNN uncertainty not available,-1.40400397778,0.446590476285,0.350427031517,0.0427558052895,495,0,7.04014408588,F,True,False,445,28,437,28,7a3d4e1ea4690a378692f99efa6e9fa8169540df4edb2e355a31dca1c6470bf9,"Li/M/O role-RDF: six unordered pairs, 0-6 A in 0.2-A bins; scale-free sorted lattice lengths, angles, and normalized volume",SM_Ni_002,22,FP_059,8,recurring_density_cluster,job_070_Ni_fe_-1.182_n4_generated_crystals_cif__gen_1,0.10509035805,job_136_Cr_fe_-1.181_n4_generated_crystals_cif__gen_0,0.777565226358,no_shared_cluster,D:\User\leoluis0705\Documents\xwechat_files\wxid_bbzc35ridmlc22_e97b\msg\file\2026-04\initial_1000_raw_generations.zip::raw_generations/job_091_Ni_fe_-1.314_n4/generated_crystals_cif.zip::gen_1.cif,raw_generations/job_091_Ni_fe_-1.314_n4/generated_crystals_cif.zip,gen_1.cif,True,False,False,0,0,-1.05357694626,0.966423053741,1.04642305374,False,7.04014408588,F,True,False,452,10,P2/m,1.864828,9.730795
job_091_Ni_fe_-1.314_n4_generated_crystals_cif__gen_2,D:\CGCNN_Formation_Energy_AL_Archive\experiments\reproducibility\staging\paired_confirmation_server_20260712\EARLY_LiM2O4_ALIGNN_HARD640_m2p18_m2p02_FLAT_20260617\job_091_Ni_fe_-1.314_n4_generated_crystals_cif__gen_2.cif,True,2d7b32b6c12cbf150635a5d20ee7761e670168ac0ef9d65ff437dde2ce8ab797,Li1 Ni2 O4,Li(NiO2)2,Ni,Li(NiO2)2,-0.984917223454,,0.573455124652,saved CGCNN MC-dropout sigma; candidate-level ALIGNN uncertainty not available,-1.44570291042,0.573455124652,0.46078568697,0.0581118353297,409,0,7.46926735342,F,True,False,475,30,520,33,3b8d62056d2a65f370c7e6422ea617fd5ca0ec869d4b49ef42cb9156e1f0253f,"Li/M/O role-RDF: six unordered pairs, 0-6 A in 0.2-A bins; scale-free sorted lattice lengths, angles, and normalized volume",SM_Ni_009,9,FP_068,9,recurring_density_cluster,job_077_Ni_fe_-1.238_n4_generated_crystals_cif__gen_0,0.148870285467,job_120_Cr_fe_-1.424_n4_generated_crystals_cif__gen_1,0.599209953128,no_shared_cluster,D:\User\leoluis0705\Documents\xwechat_files\wxid_bbzc35ridmlc22_e97b\msg\file\2026-04\initial_1000_raw_generations.zip::raw_generations/job_091_Ni_fe_-1.314_n4/generated_crystals_cif.zip::gen_2.cif,raw_generations/job_091_Ni_fe_-1.314_n4/generated_crystals_cif.zip,gen_2.cif,True,False,False,0,0,-0.984917223454,1.03508277655,1.11508277655,False,7.46926735342,F,True,False,582,1,P1,1.872493,9.575546
job_091_Ni_fe_-1.314_n4_generated_crystals_cif__gen_3,D:\CGCNN_Formation_Energy_AL_Archive\experiments\reproducibility\staging\paired_confirmation_server_20260712\EARLY_LiM2O4_ALIGNN_HARD640_m2p18_m2p02_FLAT_20260617\job_091_Ni_fe_-1.314_n4_generated_crystals_cif__gen_3.cif,True,fe4d023f4fe0bb8d560e22ba95810464631644cbb881cb1ef9456dbe647aae26,Li1 Ni2 O4,Li(NiO2)2,Ni,Li(NiO2)2,-1.05870223045,,0.554930620939,saved CGCNN MC-dropout sigma; candidate-level ALIGNN uncertainty not available,-1.446616292,0.554930620939,0.387914061546,0.0575882924187,410,0,7.00811105967,F,True,False,439,28,433,28,089243cc792c28ba8f074a0526e26087cd95b8a2224bbc3a4681f7218c25c3ed,"Li/M/O role-RDF: six unordered pairs, 0-6 A in 0.2-A bins; scale-free sorted lattice lengths, angles, and normalized volume",SM_Ni_007,2,FP_SINGLETON_054,1,hdbscan_noise_singleton,job_046_Ni_fe_-0.861_n4_generated_crystals_cif__gen_1,0.317807079474,job_120_Cr_fe_-1.424_n4_generated_crystals_cif__gen_1,1.33993433231,no_shared_cluster,D:\User\leoluis0705\Documents\xwechat_files\wxid_bbzc35ridmlc22_e97b\msg\file\2026-04\initial_1000_raw_generations.zip::raw_generations/job_091_Ni_fe_-1.314_n4/generated_crystals_cif.zip::gen_3.cif,raw_generations/job_091_Ni_fe_-1.314_n4/generated_crystals_cif.zip,gen_3.cif,True,False,False,0,0,-1.05870223045,0.961297769547,1.04129776955,False,7.00811105967,F,True,False,443,6,Pm,1.880706,10.173765
job_092_Cr_fe_-1.075_n4_generated_crystals_cif__gen_1,D:\CGCNN_Formation_Energy_AL_Archive\experiments\reproducibility\staging\paired_confirmation_server_20260712\EARLY_LiM2O4_ALIGNN_HARD640_m2p18_m2p02_FLAT_20260617\job_092_Cr_fe_-1.075_n4_generated_crystals_cif__gen_1.cif,True,6b750457d7845efa9bda20fbd1f2ea9566f879195a18aef868323bbc6fd9fe8e,Li1 Cr2 O4,LiCr2O4,Cr,LiCr2O4,-2.10523080826,,0.462324835017,saved CGCNN MC-dropout sigma; candidate-level ALIGNN uncertainty not available,-2.11596775055,0.462324835017,0.0107369422913,0.137297742381,135,1,0.467307448387,C,False,True,86,6,65,5,a07f66ae0139b03542442b3244192d2572ad517bb269194837ea16b00a62f953,"Li/M/O role-RDF: six unordered pairs, 0-6 A in 0.2-A bins; scale-free sorted lattice lengths, angles, and normalized volume",SM_Cr_014,1,FP_073,3,recurring_density_cluster,job_103_Ti_fe_-1.058_n4_generated_crystals_cif__gen_1,0.582329471779,job_120_Cr_fe_-1.424_n4_generated_crystals_cif__gen_1,1.37181681852,historical_dft_candidate_self,D:\User\leoluis0705\Documents\xwechat_files\wxid_bbzc35ridmlc22_e97b\msg\file\2026-04\initial_1000_raw_generations.zip::raw_generations/job_092_Cr_fe_-1.075_n4/generated_crystals_cif.zip::gen_1.cif,raw_generations/job_092_Cr_fe_-1.075_n4/generated_crystals_cif.zip,gen_1.cif,True,True,True,5,-0.102418564162,-2.20764937242,0.02764937242,0.10764937242,False,-0.172808577626,A,True,False,3,8,Cm,1.860207,9.223255
job_092_Cr_fe_-1.075_n4_generated_crystals_cif__gen_2,D:\CGCNN_Formation_Energy_AL_Archive\experiments\reproducibility\staging\paired_confirmation_server_20260712\EARLY_LiM2O4_ALIGNN_HARD640_m2p18_m2p02_FLAT_20260617\job_092_Cr_fe_-1.075_n4_generated_crystals_cif__gen_2.cif,True,fe76e62cf2504cfabcb215e14e01e92bcb9ac70802db70f10e3df248f826b8c4,Li1 Cr2 O4,LiCr2O4,Cr,LiCr2O4,-2.12987971306,,0.408190756785,saved CGCNN MC-dropout sigma; candidate-level ALIGNN uncertainty not available,-2.13381505013,0.408190756785,0.00393533706665,0.154854023969,53,1,0.313251793385,C,False,False,16,1,51,4,42d85ac37ae9d2e803b8122b96af2998849f6fea52f526cfb71e78f49faa2fff,"Li/M/O role-RDF: six unordered pairs, 0-6 A in 0.2-A bins; scale-free sorted lattice lengths, angles, and normalized volume",SM_Cr_008,15,FP_SINGLETON_055,1,hdbscan_noise_singleton,job_200_Cr_fe_-1.108_n4_generated_crystals_cif__gen_0,0.342571137422,job_214_Cr_fe_-0.857_n4_generated_crystals_cif__gen_0,0.491722593032,same_structurematcher_cluster,D:\User\leoluis0705\Documents\xwechat_files\wxid_bbzc35ridmlc22_e97b\msg\file\2026-04\initial_1000_raw_generations.zip::raw_generations/job_092_Cr_fe_-1.075_n4/generated_crystals_cif.zip::gen_2.cif,raw_generations/job_092_Cr_fe_-1.075_n4/generated_crystals_cif.zip,gen_2.cif,True,False,True,5,-0.102418564162,-2.23229827722,0.052298277221,0.132298277221,False,-0.326864232629,A,True,False,8,1,P1,1.851749,9.646517
job_092_Cr_fe_-1.075_n4_generated_crystals_cif__gen_3,D:\CGCNN_Formation_Energy_AL_Archive\experiments\reproducibility\staging\paired_confirmation_server_20260712\EARLY_LiM2O4_ALIGNN_HARD640_m2p18_m2p02_FLAT_20260617\job_092_Cr_fe_-1.075_n4_generated_crystals_cif__gen_3.cif,True,49e21a0d98aee6ff8d6db6f3f3881cf59dfd7c6ee4441c0356ec913745936730,Li1 Cr2 O4,LiCr2O4,Cr,LiCr2O4,-2.10696744919,,0.541879913827,saved CGCNN MC-dropout sigma; candidate-level ALIGNN uncertainty not available,-2.11526679993,0.541879913827,0.00829935073853,0.117322291079,224,1,0.456453442574,C,False,True,121,8,94,6,31eb7fee2d3428eed47c648d57e9885e53ca3e5d7478118c354af6e293545ea0,"Li/M/O role-RDF: six unordered pairs, 0-6 A in 0.2-A bins; scale-free sorted lattice lengths, angles, and normalized volume",SM_Cr_015,1,FP_SINGLETON_056,1,hdbscan_noise_singleton,job_133_Mn_fe_-1.385_n4_generated_crystals_cif__gen_2,1.13430886456,job_148_Mn_fe_-0.904_n4_generated_crystals_cif__gen_1,1.52009735602,no_shared_cluster,D:\User\leoluis0705\Documents\xwechat_files\wxid_bbzc35ridmlc22_e97b\msg\file\2026-04\initial_1000_raw_generations.zip::raw_generations/job_092_Cr_fe_-1.075_n4/generated_crystals_cif.zip::gen_3.cif,raw_generations/job_092_Cr_fe_-1.075_n4/generated_crystals_cif.zip,gen_3.cif,True,False,True,5,-0.102418564162,-2.20938601335,0.02938601335,0.10938601335,False,-0.18366258344,A,True,False,4,8,Cm,1.779661,10.770079
job_093_Ni_fe_-0.850_n4_generated_crystals_cif__gen_1,D:\CGCNN_Formation_Energy_AL_Archive\experiments\reproducibility\staging\paired_confirmation_server_20260712\EARLY_LiM2O4_ALIGNN_HARD640_m2p18_m2p02_FLAT_20260617\job_093_Ni_fe_-0.850_n4_generated_crystals_cif__gen_1.cif,True,bae94632bf2251b37780f99572109ccfec6681036c487279858ff9db376dfe93,Li1 Ni2 O4,Li(NiO2)2,Ni,Li(NiO2)2,-1.07230782509,,0.4876211443,saved CGCNN MC-dropout sigma; candidate-level ALIGNN uncertainty not available,-1.42635810375,0.4876211443,0.354050278664,0.0506145043328,465,0,6.9230760932,F,True,False,426,27,252,16,ed8eb6f4e3a63fc0594b5d4972fcf27608292069d7f404d8bdeb7d19984c7f1b,"Li/M/O role-RDF: six unordered pairs, 0-6 A in 0.2-A bins; scale-free sorted lattice lengths, angles, and normalized volume",SM_Ni_003,30,FP_024,8,recurring_density_cluster,job_015_Ni_fe_-1.349_n4_generated_crystals_cif__gen_2,0.158423665644,job_136_Cr_fe_-1.181_n4_generated_crystals_cif__gen_0,0.672332306615,no_shared_cluster,D:\User\leoluis0705\Documents\xwechat_files\wxid_bbzc35ridmlc22_e97b\msg\file\2026-04\initial_1000_raw_generations.zip::raw_generations/job_093_Ni_fe_-0.850_n4/generated_crystals_cif.zip::gen_1.cif,raw_generations/job_093_Ni_fe_-0.850_n4/generated_crystals_cif.zip,gen_1.cif,True,False,False,0,0,-1.07230782509,0.947692174911,1.02769217491,False,6.9230760932,F,True,False,417,2,P-1,1.859579,9.972086
job_093_Ni_fe_-0.850_n4_generated_crystals_cif__gen_2,D:\CGCNN_Formation_Energy_AL_Archive\experiments\reproducibility\staging\paired_confirmation_server_20260712\EARLY_LiM2O4_ALIGNN_HARD640_m2p18_m2p02_FLAT_20260617\job_093_Ni_fe_-0.850_n4_generated_crystals_cif__gen_2.cif,True,2baa9f8cfb036bbab2ffb6291c8073901f0de4bb3579bf67eab42362f952c4be,Li1 Ni2 O4,Li(NiO2)2,Ni,Li(NiO2)2,-1.0448346138,,0.593734618168,saved CGCNN MC-dropout sigma; candidate-level ALIGNN uncertainty not available,-1.38159012794,0.593734618168,0.336755514145,0.0517756372559,454,0,7.09478366375,F,True,False,515,33,444,28,a685608a77d734d7ded1198d14393b81d402e42022d8e9d1195a9070e172cc57,"Li/M/O role-RDF: six unordered pairs, 0-6 A in 0.2-A bins; scale-free sorted lattice lengths, angles, and normalized volume",SM_Ni_002,22,FP_070,6,recurring_density_cluster,job_157_Ni_fe_-1.031_n4_generated_crystals_cif__gen_2,0.167009904501,job_120_Cr_fe_-1.424_n4_generated_crystals_cif__gen_1,0.845371578184,no_shared_cluster,D:\User\leoluis0705\Documents\xwechat_files\wxid_bbzc35ridmlc22_e97b\msg\file\2026-04\initial_1000_raw_generations.zip::raw_generations/job_093_Ni_fe_-0.850_n4/generated_crystals_cif.zip::gen_2.cif,raw_generations/job_093_Ni_fe_-0.850_n4/generated_crystals_cif.zip,gen_2.cif,True,False,False,0,0,-1.0448346138,0.9751653862,1.0551653862,False,7.09478366375,F,True,False,474,1,P1,1.863419,9.694896
job_093_Ni_fe_-0.850_n4_generated_crystals_cif__gen_3,D:\CGCNN_Formation_Energy_AL_Archive\experiments\reproducibility\staging\paired_confirmation_server_20260712\EARLY_LiM2O4_ALIGNN_HARD640_m2p18_m2p02_FLAT_20260617\job_093_Ni_fe_-0.850_n4_generated_crystals_cif__gen_3.cif,True,354c1a90d3eb945a0ca27b1e1d15c7aaf3d399915a4aa659289e484ca2d9f335,Li1 Ni2 O4,Li(NiO2)2,Ni,Li(NiO2)2,-1.09177064896,,0.466540421768,saved CGCNN MC-dropout sigma; candidate-level ALIGNN uncertainty not available,-1.46828937531,0.466540421768,0.376518726349,0.0549260295093,434,0,6.80143344402,F,True,False,584,37,461,29,b3d1b72efedb1559dd4145ab11bb324e907e1e0e0359e9087320b52251aad787,"Li/M/O role-RDF: six unordered pairs, 0-6 A in 0.2-A bins; scale-free sorted lattice lengths, angles, and normalized volume",SM_Ni_001,14,FP_074,3,recurring_density_cluster,job_111_Ni_fe_-0.951_n4_generated_crystals_cif__gen_1,0.390945521185,job_120_Cr_fe_-1.424_n4_generated_crystals_cif__gen_1,0.838915333367,no_shared_cluster,D:\User\leoluis0705\Documents\xwechat_files\wxid_bbzc35ridmlc22_e97b\msg\file\2026-04\initial_1000_raw_generations.zip::raw_generations/job_093_Ni_fe_-0.850_n4/generated_crystals_cif.zip::gen_3.cif,raw_generations/job_093_Ni_fe_-0.850_n4/generated_crystals_cif.zip,gen_3.cif,True,False,False,0,0,-1.09177064896,0.928229351044,1.00822935104,False,6.80143344402,F,True,False,399,1,P1,1.855498,10.256569
job_094_Cr_fe_-0.989_n4_generated_crystals_cif__gen_0,D:\CGCNN_Formation_Energy_AL_Archive\experiments\reproducibility\staging\paired_confirmation_server_20260712\EARLY_LiM2O4_ALIGNN_HARD640_m2p18_m2p02_FLAT_20260617\job_094_Cr_fe_-0.989_n4_generated_crystals_cif__gen_0.cif,True,98eeacaabc6f82adf641465d6f0313cace2698374a58bf36126a7958c2d9cbda,Li1 Cr2 O4,LiCr2O4,Cr,LiCr2O4,-2.13609361649,,0.470865621527,saved CGCNN MC-dropout sigma; candidate-level ALIGNN uncertainty not available,-2.122194767,0.470865621527,0.0138988494873,0.134762748114,146,1,0.274414896965,C,False,False,81,6,79,5,3edc869bc3eea4290ba6a969fc8d38fc5e5754cfdc0d979633e61db74d522c3e,"Li/M/O role-RDF: six unordered pairs, 0-6 A in 0.2-A bins; scale-free sorted lattice lengths, angles, and normalized volume",SM_Cr_016,2,FP_067,5,recurring_density_cluster,job_234_Cr_fe_-1.123_n4_generated_crystals_cif__gen_3,0.68970701449,job_006_Mn_fe_-1.347_n4_generated_crystals_cif__gen_1,1.12021123523,no_shared_cluster,D:\User\leoluis0705\Documents\xwechat_files\wxid_bbzc35ridmlc22_e97b\msg\file\2026-04\initial_1000_raw_generations.zip::raw_generations/job_094_Cr_fe_-0.989_n4/generated_crystals_cif.zip::gen_0.cif,raw_generations/job_094_Cr_fe_-0.989_n4/generated_crystals_cif.zip,gen_0.cif,True,False,True,5,-0.102418564162,-2.23851218065,0.058512180648,0.138512180648,False,-0.365701129048,A,True,False,10,8,Cm,1.836475,10.769074
job_094_Cr_fe_-0.989_n4_generated_crystals_cif__gen_1,D:\CGCNN_Formation_Energy_AL_Archive\experiments\reproducibility\staging\paired_confirmation_server_20260712\EARLY_LiM2O4_ALIGNN_HARD640_m2p18_m2p02_FLAT_20260617\job_094_Cr_fe_-0.989_n4_generated_crystals_cif__gen_1.cif,True,ede4015309ad6ecd094f8ed39dd43e0bba4a94764ba11a0d9be2d0edac3c035f,Li1 Cr2 O4,LiCr2O4,Cr,LiCr2O4,-2.18848967552,,0.514051161208,saved CGCNN MC-dropout sigma; candidate-level ALIGNN uncertainty not available,-2.16477274895,0.514051161208,0.0237169265747,0.122702532648,213,0,-0.0530604720116,A,True,False,186,12,199,13,fdb42a5d6a782f6988ae233c321c1ebd8d4faffacac55f2fd6b44eebc95e2a4a,"Li/M/O role-RDF: six unordered pairs, 0-6 A in 0.2-A bins; scale-free sorted lattice lengths, angles, and normalized volume",SM_Cr_005,12,FP_019,19,recurring_density_cluster,job_171_Cr_fe_-1.042_n4_generated_crystals_cif__gen_0,0.195098601491,job_120_Cr_fe_-1.424_n4_generated_crystals_cif__gen_1,0.40474758342,same_structurematcher_cluster,D:\User\leoluis0705\Documents\xwechat_files\wxid_bbzc35ridmlc22_e97b\msg\file\2026-04\initial_1000_raw_generations.zip::raw_generations/job_094_Cr_fe_-0.989_n4/generated_crystals_cif.zip::gen_1.cif,raw_generations/job_094_Cr_fe_-0.989_n4/generated_crystals_cif.zip,gen_1.cif,True,False,True,5,-0.102418564162,-2.29090823968,0.110908239684,0.190908239684,False,-0.693176498025,A,True,False,58,8,Cm,1.782934,10.07959
job_094_Cr_fe_-0.989_n4_generated_crystals_cif__gen_2,D:\CGCNN_Formation_Energy_AL_Archive\experiments\reproducibility\staging\paired_confirmation_server_20260712\EARLY_LiM2O4_ALIGNN_HARD640_m2p18_m2p02_FLAT_20260617\job_094_Cr_fe_-0.989_n4_generated_crystals_cif__gen_2.cif,True,876c7d9ee28d4696d4d462be9d7456a53329226b0084712ebb94335e4fccd27c,Li1 Cr2 O4,LiCr2O4,Cr,LiCr2O4,-2.16619038582,,0.574071727361,saved CGCNN MC-dropout sigma; candidate-level ALIGNN uncertainty not available,-2.13894581795,0.574071727361,0.0272445678711,0.110577582242,225,1,0.0863100886345,B,True,False,158,10,118,8,7fe0e5d5c68a2c7ca92854095355b362d9ba8793eb4a3b3f39f93741625d7aa9,"Li/M/O role-RDF: six unordered pairs, 0-6 A in 0.2-A bins; scale-free sorted lattice lengths, angles, and normalized volume",SM_Cr_004,12,FP_SINGLETON_057,1,hdbscan_noise_singleton,job_112_Cr_fe_-1.215_n4_generated_crystals_cif__gen_2,0.237783364244,job_136_Cr_fe_-1.181_n4_generated_crystals_cif__gen_0,0.514472173512,no_shared_cluster,D:\User\leoluis0705\Documents\xwechat_files\wxid_bbzc35ridmlc22_e97b\msg\file\2026-04\initial_1000_raw_generations.zip::raw_generations/job_094_Cr_fe_-0.989_n4/generated_crystals_cif.zip::gen_2.cif,raw_generations/job_094_Cr_fe_-0.989_n4/generated_crystals_cif.zip,gen_2.cif,True,False,True,5,-0.102418564162,-2.26860894998,0.088608949981,0.168608949981,False,-0.553805937379,A,True,False,37,1,P1,1.94698,10.308404
job_095_Ni_fe_-1.001_n4_generated_crystals_cif__gen_0,D:\CGCNN_Formation_Energy_AL_Archive\experiments\reproducibility\staging\paired_confirmation_server_20260712\EARLY_LiM2O4_ALIGNN_HARD640_m2p18_m2p02_FLAT_20260617\job_095_Ni_fe_-1.001_n4_generated_crystals_cif__gen_0.cif,True,4ae8f09f9d118392253d5b4ad43e2db9e6f200be510567203f19ddd79e1aee43,Li1 Ni2 O4,Li(NiO2)2,Ni,Li(NiO2)2,-0.938235938549,,0.529945992626,saved CGCNN MC-dropout sigma; candidate-level ALIGNN uncertainty not available,-1.44366109371,0.529945992626,0.505425155163,0.0560520989109,425,0,7.76102538407,F,True,False,493,31,508,32,a9769360758f2636eaf456a927cf64d319bc6532e40fd96d930d2e90d2e6986a,"Li/M/O role-RDF: six unordered pairs, 0-6 A in 0.2-A bins; scale-free sorted lattice lengths, angles, and normalized volume",SM_Ni_011,2,FP_030,3,recurring_density_cluster,job_123_Ni_fe_-1.305_n4_generated_crystals_cif__gen_0,0.564630153162,job_029_Cr_fe_-1.337_n4_generated_crystals_cif__gen_2,0.82804469697,no_shared_cluster,D:\User\leoluis0705\Documents\xwechat_files\wxid_bbzc35ridmlc22_e97b\msg\file\2026-04\initial_1000_raw_generations.zip::raw_generations/job_095_Ni_fe_-1.001_n4/generated_crystals_cif.zip::gen_0.cif,raw_generations/job_095_Ni_fe_-1.001_n4/generated_crystals_cif.zip,gen_0.cif,True,False,False,0,0,-0.938235938549,1.08176406145,1.16176406145,False,7.76102538407,F,True,False,635,1,P1,1.905024,9.985623
job_095_Ni_fe_-1.001_n4_generated_crystals_cif__gen_1,D:\CGCNN_Formation_Energy_AL_Archive\experiments\reproducibility\staging\paired_confirmation_server_20260712\EARLY_LiM2O4_ALIGNN_HARD640_m2p18_m2p02_FLAT_20260617\job_095_Ni_fe_-1.001_n4_generated_crystals_cif__gen_1.cif,True,5b5008e07daac3fb3b59bc7fd31efc0ae3151cd903beecd1725a59967f9a06ee,Li1 Ni2 O4,Li(NiO2)2,Ni,Li(NiO2)2,-1.04023373127,,0.473075796004,saved CGCNN MC-dropout sigma; candidate-level ALIGNN uncertainty not available,-1.43356180191,0.473075796004,0.393328070641,0.0502553163178,467,0,7.12353917956,F,True,False,314,20,494,31,350140b87f7ec867a9ec7004db69c211c2a17b1a961c4bbdd3ae631bc57a5407,"Li/M/O role-RDF: six unordered pairs, 0-6 A in 0.2-A bins; scale-free sorted lattice lengths, angles, and normalized volume",SM_Ni_003,30,FP_SINGLETON_058,1,hdbscan_noise_singleton,job_041_Ni_fe_-1.021_n4_generated_crystals_cif__gen_1,0.25669482531,job_120_Cr_fe_-1.424_n4_generated_crystals_cif__gen_1,0.597894416349,no_shared_cluster,D:\User\leoluis0705\Documents\xwechat_files\wxid_bbzc35ridmlc22_e97b\msg\file\2026-04\initial_1000_raw_generations.zip::raw_generations/job_095_Ni_fe_-1.001_n4/generated_crystals_cif.zip::gen_1.cif,raw_generations/job_095_Ni_fe_-1.001_n4/generated_crystals_cif.zip,gen_1.cif,True,False,False,0,0,-1.04023373127,0.97976626873,1.05976626873,False,7.12353917956,F,True,False,485,1,P1,1.837805,9.718313
job_095_Ni_fe_-1.001_n4_generated_crystals_cif__gen_3,D:\CGCNN_Formation_Energy_AL_Archive\experiments\reproducibility\staging\paired_confirmation_server_20260712\EARLY_LiM2O4_ALIGNN_HARD640_m2p18_m2p02_FLAT_20260617\job_095_Ni_fe_-1.001_n4_generated_crystals_cif__gen_3.cif,True,0f6e68df3a4bfd846244f3481aa5d83c371364111b7bbee86f3216a3cb0a7639,Li1 Ni2 O4,Li(NiO2)2,Ni,Li(NiO2)2,-1.02192497253,,0.447373176496,saved CGCNN MC-dropout sigma; candidate-level ALIGNN uncertainty not available,-1.45741164684,0.447373176496,0.435486674309,0.0511437875334,460,0,7.23796892166,F,True,False,583,37,492,31,b182d151c14bede45ab97ec8776d294e6e71bf5641ed744234f164ac01db3f93,"Li/M/O role-RDF: six unordered pairs, 0-6 A in 0.2-A bins; scale-free sorted lattice lengths, angles, and normalized volume",SM_Ni_012,1,FP_SINGLETON_059,1,hdbscan_noise_singleton,job_123_Ni_fe_-1.305_n4_generated_crystals_cif__gen_1,0.5349726144,job_120_Cr_fe_-1.424_n4_generated_crystals_cif__gen_1,0.761999725334,no_shared_cluster,D:\User\leoluis0705\Documents\xwechat_files\wxid_bbzc35ridmlc22_e97b\msg\file\2026-04\initial_1000_raw_generations.zip::raw_generations/job_095_Ni_fe_-1.001_n4/generated_crystals_cif.zip::gen_3.cif,raw_generations/job_095_Ni_fe_-1.001_n4/generated_crystals_cif.zip,gen_3.cif,True,False,False,0,0,-1.02192497253,0.998075027466,1.07807502747,False,7.23796892166,F,True,False,532,1,P1,1.877406,10.706064
job_096_Al_fe_-0.803_n4_generated_crystals_cif__gen_2,D:\CGCNN_Formation_Energy_AL_Archive\experiments\reproducibility\staging\paired_confirmation_server_20260712\EARLY_LiM2O4_ALIGNN_HARD640_m2p18_m2p02_FLAT_20260617\job_096_Al_fe_-0.803_n4_generated_crystals_cif__gen_2.cif,True,6322705220d9dd0a7ff63e709584adadcdf52280ff72401dc8509c7b2710cece,Li1 Al2 O4,LiAl2O4,Al,LiAl2O4,-3.06702232361,,0.393173845674,saved CGCNN MC-dropout sigma; candidate-level ALIGNN uncertainty not available,-2.61195135117,0.393173845674,0.455070972443,0.0698768265162,357,0,-5.54388952255,A,True,False,640,40,318,20,2afd0dc98484f0747c9462fcd7177a9f8323d9cbeeeb048f59bf52b94d972b50,"Li/M/O role-RDF: six unordered pairs, 0-6 A in 0.2-A bins; scale-free sorted lattice lengths, angles, and normalized volume",SM_Al_011,2,FP_046,6,recurring_density_cluster,job_229_Al_fe_-1.076_n4_generated_crystals_cif__gen_2,0.410407700402,job_182_Cr_fe_-1.464_n4_generated_crystals_cif__gen_2,0.943794091477,no_shared_cluster,D:\User\leoluis0705\Documents\xwechat_files\wxid_bbzc35ridmlc22_e97b\msg\file\2026-04\initial_1000_raw_generations.zip::raw_generations/job_096_Al_fe_-0.803_n4/generated_crystals_cif.zip::gen_2.cif,raw_generations/job_096_Al_fe_-0.803_n4/generated_crystals_cif.zip,gen_2.cif,True,False,False,0,0,-3.06702232361,0.887022323608,0.967022323608,False,-5.54388952255,A,True,False,391,156,P3m1,1.851155,10.305437
job_096_Al_fe_-0.803_n4_generated_crystals_cif__gen_3,D:\CGCNN_Formation_Energy_AL_Archive\experiments\reproducibility\staging\paired_confirmation_server_20260712\EARLY_LiM2O4_ALIGNN_HARD640_m2p18_m2p02_FLAT_20260617\job_096_Al_fe_-0.803_n4_generated_crystals_cif__gen_3.cif,True,dd3a4d59609a56fca3a2228548ae1156625ba29ff0db5787d4b3c43a6e742314,Li1 Al2 O4,LiAl2O4,Al,LiAl2O4,-3.05361485481,,0.451556006968,saved CGCNN MC-dropout sigma; candidate-level ALIGNN uncertainty not available,-2.57500100136,0.451556006968,0.478613853455,0.0813336869429,295,0,-5.46009284258,A,True,False,369,24,451,29,66cd6945e8f311163d22c54767ab616362cd5827e88fc7fd017a736befad9b1d,"Li/M/O role-RDF: six unordered pairs, 0-6 A in 0.2-A bins; scale-free sorted lattice lengths, angles, and normalized volume",SM_Al_008,2,FP_SINGLETON_060,1,hdbscan_noise_singleton,job_091_Ni_fe_-1.314_n4_generated_crystals_cif__gen_2,0.609464712043,job_120_Cr_fe_-1.424_n4_generated_crystals_cif__gen_1,0.840762391502,no_shared_cluster,D:\User\leoluis0705\Documents\xwechat_files\wxid_bbzc35ridmlc22_e97b\msg\file\2026-04\initial_1000_raw_generations.zip::raw_generations/job_096_Al_fe_-0.803_n4/generated_crystals_cif.zip::gen_3.cif,raw_generations/job_096_Al_fe_-0.803_n4/generated_crystals_cif.zip,gen_3.cif,True,False,False,0,0,-3.05361485481,0.873614854813,0.953614854813,False,-5.46009284258,A,True,False,389,8,Cm,1.810509,9.068279
job_097_Ti_fe_-1.239_n4_generated_crystals_cif__gen_0,D:\CGCNN_Formation_Energy_AL_Archive\experiments\reproducibility\staging\paired_confirmation_server_20260712\EARLY_LiM2O4_ALIGNN_HARD640_m2p18_m2p02_FLAT_20260617\job_097_Ti_fe_-1.239_n4_generated_crystals_cif__gen_0.cif,True,6754844535c2dfdba88d3d138e6f898e2f479607a6ab4f8648d22bd76307cc58,Li1 Ti2 O4,LiTi2O4,Ti,LiTi2O4,-3.18559384346,,0.4879802817,saved CGCNN MC-dropout sigma; candidate-level ALIGNN uncertainty not available,-3.34459018707,0.4879802817,0.158996343613,0.00518414913125,595,0,-6.28496152163,A,True,False,402,26,576,36,877add551d02fcddbe065e5158c0db84a1a6e8207e747370bc36aa1ecdf3bdb1,"Li/M/O role-RDF: six unordered pairs, 0-6 A in 0.2-A bins; scale-free sorted lattice lengths, angles, and normalized volume",SM_Ti_010,5,FP_051,6,recurring_density_cluster,job_050_Ti_fe_-1.179_n4_generated_crystals_cif__gen_0,0.0165119153859,job_120_Cr_fe_-1.424_n4_generated_crystals_cif__gen_1,0.943923052476,no_shared_cluster,D:\User\leoluis0705\Documents\xwechat_files\wxid_bbzc35ridmlc22_e97b\msg\file\2026-04\initial_1000_raw_generations.zip::raw_generations/job_097_Ti_fe_-1.239_n4/generated_crystals_cif.zip::gen_0.cif,raw_generations/job_097_Ti_fe_-1.239_n4/generated_crystals_cif.zip,gen_0.cif,True,False,False,0,0,-3.18559384346,1.00559384346,1.08559384346,False,-6.28496152163,A,True,False,542,8,Cm,1.877425,9.471192
job_097_Ti_fe_-1.239_n4_generated_crystals_cif__gen_1,D:\CGCNN_Formation_Energy_AL_Archive\experiments\reproducibility\staging\paired_confirmation_server_20260712\EARLY_LiM2O4_ALIGNN_HARD640_m2p18_m2p02_FLAT_20260617\job_097_Ti_fe_-1.239_n4_generated_crystals_cif__gen_1.cif,True,86a73c5966e9d55c3e30be0da05e65e2728456c0f707054d71fafc9e8fed9754,Li1 Ti2 O4,LiTi2O4,Ti,LiTi2O4,-3.19397068024,,0.469159128036,saved CGCNN MC-dropout sigma; candidate-level ALIGNN uncertainty not available,-3.37338256836,0.469159128036,0.179411888123,0.00352590376284,611,0,-6.33731675148,A,True,False,624,39,618,39,c4c0ee57860fbb28593c44eb6c75c2fd86e6d1adfcebfaab451d11285fc5d537,"Li/M/O role-RDF: six unordered pairs, 0-6 A in 0.2-A bins; scale-free sorted lattice lengths, angles, and normalized volume",SM_Ti_002,41,FP_038,19,recurring_density_cluster,job_027_Ti_fe_-1.340_n4_generated_crystals_cif__gen_2,0.365253860401,job_011_Mg_fe_-1.305_n4_generated_crystals_cif__gen_0,0.893373449273,no_shared_cluster,D:\User\leoluis0705\Documents\xwechat_files\wxid_bbzc35ridmlc22_e97b\msg\file\2026-04\initial_1000_raw_generations.zip::raw_generations/job_097_Ti_fe_-1.239_n4/generated_crystals_cif.zip::gen_1.cif,raw_generations/job_097_Ti_fe_-1.239_n4/generated_crystals_cif.zip,gen_1.cif,True,False,False,0,0,-3.19397068024,1.01397068024,1.09397068024,False,-6.33731675148,A,True,False,554,8,Cm,1.940603,10.288487
job_097_Ti_fe_-1.239_n4_generated_crystals_cif__gen_2,D:\CGCNN_Formation_Energy_AL_Archive\experiments\reproducibility\staging\paired_confirmation_server_20260712\EARLY_LiM2O4_ALIGNN_HARD640_m2p18_m2p02_FLAT_20260617\job_097_Ti_fe_-1.239_n4_generated_crystals_cif__gen_2.cif,True,4bd4979ed03aa970f304bce73f103fc8e04086e0e45d0e84a4df73bdc9ba3521,Li1 Ti2 O4,LiTi2O4,Ti,LiTi2O4,-3.17002391815,,0.562112659924,saved CGCNN MC-dropout sigma; candidate-level ALIGNN uncertainty not available,-3.2825448513,0.562112659924,0.112520933151,0.0125646836058,535,0,-6.18764948845,A,True,False,454,29,561,36,aec97f5442c6ccb7b0eed3d64ca101b9ca4a14b5705d8ca9629e000591d0047e,"Li/M/O role-RDF: six unordered pairs, 0-6 A in 0.2-A bins; scale-free sorted lattice lengths, angles, and normalized volume",SM_Ti_013,1,FP_008,8,recurring_density_cluster,job_235_Ti_fe_-0.842_n4_generated_crystals_cif__gen_3,0.313015664448,job_182_Cr_fe_-1.464_n4_generated_crystals_cif__gen_2,0.581470716765,same_fingerprint_cluster,D:\User\leoluis0705\Documents\xwechat_files\wxid_bbzc35ridmlc22_e97b\msg\file\2026-04\initial_1000_raw_generations.zip::raw_generations/job_097_Ti_fe_-1.239_n4/generated_crystals_cif.zip::gen_2.cif,raw_generations/job_097_Ti_fe_-1.239_n4/generated_crystals_cif.zip,gen_2.cif,True,False,False,0,0,-3.17002391815,0.990023918152,1.07002391815,False,-6.18764948845,A,True,False,512,160,R3m,1.861564,11.205728
job_097_Ti_fe_-1.239_n4_generated_crystals_cif__gen_3,D:\CGCNN_Formation_Energy_AL_Archive\experiments\reproducibility\staging\paired_confirmation_server_20260712\EARLY_LiM2O4_ALIGNN_HARD640_m2p18_m2p02_FLAT_20260617\job_097_Ti_fe_-1.239_n4_generated_crystals_cif__gen_3.cif,True,c3662844dff894c6d660f4a824b22bb9e7454b70a160ad7cebfae7de81c05e8b,Li1 Ti2 O4,LiTi2O4,Ti,LiTi2O4,-3.23894882202,,0.3329722219,saved CGCNN MC-dropout sigma; candidate-level ALIGNN uncertainty not available,-3.15151309967,0.3329722219,0.0874357223511,0.00142398795171,633,0,-6.61843013763,A,True,False,554,35,316,20,1423a34df109810d7c0b769902a53666bcc7fdc33e126d7177c352730c84e559,"Li/M/O role-RDF: six unordered pairs, 0-6 A in 0.2-A bins; scale-free sorted lattice lengths, angles, and normalized volume",SM_Ti_014,5,FP_036,16,recurring_density_cluster,job_103_Ti_fe_-1.058_n4_generated_crystals_cif__gen_2,0.287763186761,job_120_Cr_fe_-1.424_n4_generated_crystals_cif__gen_1,0.783132740783,no_shared_cluster,D:\User\leoluis0705\Documents\xwechat_files\wxid_bbzc35ridmlc22_e97b\msg\file\2026-04\initial_1000_raw_generations.zip::raw_generations/job_097_Ti_fe_-1.239_n4/generated_crystals_cif.zip::gen_3.cif,raw_generations/job_097_Ti_fe_-1.239_n4/generated_crystals_cif.zip,gen_3.cif,True,False,False,0,0,-3.23894882202,1.05894882202,1.13894882202,False,-6.61843013763,A,True,False,632,8,Cm,1.808119,11.353919
job_098_Mg_fe_-1.184_n4_generated_crystals_cif__gen_1,D:\CGCNN_Formation_Energy_AL_Archive\experiments\reproducibility\staging\paired_confirmation_server_20260712\EARLY_LiM2O4_ALIGNN_HARD640_m2p18_m2p02_FLAT_20260617\job_098_Mg_fe_-1.184_n4_generated_crystals_cif__gen_1.cif,True,f2f1fc8c1e40b6cfe508121983e4c3f0a5a7577762ac98d45ec857b39d5f76c2,Li1 Mg2 O4,LiMg2O4,Mg,LiMg2O4,-2.21975827217,,0.409175005018,saved CGCNN MC-dropout sigma; candidate-level ALIGNN uncertainty not available,-3.07742571831,0.409175005018,0.857667446136,0.00926542843177,557,0,-0.248489201069,A,True,False,255,16,288,18,306c4336585ef919a908bfcf06a49f31e1f557d32e0ac30d8bd6a71df65b73f5,"Li/M/O role-RDF: six unordered pairs, 0-6 A in 0.2-A bins; scale-free sorted lattice lengths, angles, and normalized volume",SM_Mg_004,15,FP_016,8,recurring_density_cluster,job_011_Mg_fe_-1.305_n4_generated_crystals_cif__gen_2,0.14629974373,job_011_Mg_fe_-1.305_n4_generated_crystals_cif__gen_0,0.384459030534,same_structurematcher_cluster,D:\User\leoluis0705\Documents\xwechat_files\wxid_bbzc35ridmlc22_e97b\msg\file\2026-04\initial_1000_raw_generations.zip::raw_generations/job_098_Mg_fe_-1.184_n4/generated_crystals_cif.zip::gen_1.cif,raw_generations/job_098_Mg_fe_-1.184_n4/generated_crystals_cif.zip,gen_1.cif,True,False,True,2,0.651052398728,-1.56870587344,0.451294126557,0.531294126557,False,3.82058829098,F,True,False,246,1,P1,2.016368,10.980658
job_099_Ni_fe_-1.343_n4_generated_crystals_cif__gen_0,D:\CGCNN_Formation_Energy_AL_Archive\experiments\reproducibility\staging\paired_confirmation_server_20260712\EARLY_LiM2O4_ALIGNN_HARD640_m2p18_m2p02_FLAT_20260617\job_099_Ni_fe_-1.343_n4_generated_crystals_cif__gen_0.cif,True,c3ca657709c1fa086a55c680af65f8527e9ac11ca97d1085f4833461e549fa75,Li1 Ni2 O4,Li(NiO2)2,Ni,Li(NiO2)2,-0.98837852478,,0.440167362029,saved CGCNN MC-dropout sigma; candidate-level ALIGNN uncertainty not available,-1.49114465714,0.440167362029,0.502766132355,0.0559879752347,427,0,7.44763422012,F,True,False,365,23,448,28,db44a7028e47b4d14919816ccdfb92a1ee88f40527988ba660cc955bc54249eb,"Li/M/O role-RDF: six unordered pairs, 0-6 A in 0.2-A bins; scale-free sorted lattice lengths, angles, and normalized volume",SM_Ni_013,1,FP_SINGLETON_061,1,hdbscan_noise_singleton,job_187_Ni_fe_-0.981_n4_generated_crystals_cif__gen_2,0.902216196291,job_120_Cr_fe_-1.424_n4_generated_crystals_cif__gen_1,1.14358647806,no_shared_cluster,D:\User\leoluis0705\Documents\xwechat_files\wxid_bbzc35ridmlc22_e97b\msg\file\2026-04\initial_1000_raw_generations.zip::raw_generations/job_099_Ni_fe_-1.343_n4/generated_crystals_cif.zip::gen_0.cif,raw_generations/job_099_Ni_fe_-1.343_n4/generated_crystals_cif.zip,gen_0.cif,True,False,False,0,0,-0.98837852478,1.03162147522,1.11162147522,False,7.44763422012,F,True,False,577,1,P1,1.831922,9.949138
job_099_Ni_fe_-1.343_n4_generated_crystals_cif__gen_1,D:\CGCNN_Formation_Energy_AL_Archive\experiments\reproducibility\staging\paired_confirmation_server_20260712\EARLY_LiM2O4_ALIGNN_HARD640_m2p18_m2p02_FLAT_20260617\job_099_Ni_fe_-1.343_n4_generated_crystals_cif__gen_1.cif,True,9f65a885d3e2a2875a2bf456c5137cc587a15545e57c6d269008dd519e94d236,Li1 Ni2 O4,Li(NiO2)2,Ni,Li(NiO2)2,-1.03855848312,,0.502074557581,saved CGCNN MC-dropout sigma; candidate-level ALIGNN uncertainty not available,-1.39583790302,0.502074557581,0.357279419899,0.0477409252379,482,0,7.13400948048,F,True,False,304,19,501,32,581ad39270b6359bdfe11658f043d837b2e07e65d0d87a905480129b8376d4da,"Li/M/O role-RDF: six unordered pairs, 0-6 A in 0.2-A bins; scale-free sorted lattice lengths, angles, and normalized volume",SM_Ni_003,30,FP_SINGLETON_062,1,hdbscan_noise_singleton,job_194_Ni_fe_-1.199_n4_generated_crystals_cif__gen_0,0.275381345847,job_136_Cr_fe_-1.181_n4_generated_crystals_cif__gen_0,0.547142796655,no_shared_cluster,D:\User\leoluis0705\Documents\xwechat_files\wxid_bbzc35ridmlc22_e97b\msg\file\2026-04\initial_1000_raw_generations.zip::raw_generations/job_099_Ni_fe_-1.343_n4/generated_crystals_cif.zip::gen_1.cif,raw_generations/job_099_Ni_fe_-1.343_n4/generated_crystals_cif.zip,gen_1.cif,True,False,False,0,0,-1.03855848312,0.981441516876,1.06144151688,False,7.13400948048,F,True,False,489,12,C2/m,1.875889,9.977949
job_099_Ni_fe_-1.343_n4_generated_crystals_cif__gen_2,D:\CGCNN_Formation_Energy_AL_Archive\experiments\reproducibility\staging\paired_confirmation_server_20260712\EARLY_LiM2O4_ALIGNN_HARD640_m2p18_m2p02_FLAT_20260617\job_099_Ni_fe_-1.343_n4_generated_crystals_cif__gen_2.cif,True,3f5f8d1cefd7094cda79a626c61be059997317a593d196c154a6ef63fcb9b392,Li1 Ni2 O4,Li(NiO2)2,Ni,Li(NiO2)2,-1.07056474686,,0.456957059103,saved CGCNN MC-dropout sigma; candidate-level ALIGNN uncertainty not available,-1.44430470467,0.456957059103,0.373739957809,0.0501622922484,468,0,6.93397033215,F,True,False,614,39,481,31,b0d148ce4a30ad9774128e2f926691b979b32d460d157fa3364ce6ee530777b0,"Li/M/O role-RDF: six unordered pairs, 0-6 A in 0.2-A bins; scale-free sorted lattice lengths, angles, and normalized volume",SM_Ni_003,30,FP_SINGLETON_063,1,hdbscan_noise_singleton,job_046_Ni_fe_-0.861_n4_generated_crystals_cif__gen_3,0.304942528982,job_120_Cr_fe_-1.424_n4_generated_crystals_cif__gen_1,0.638064440169,no_shared_cluster,D:\User\leoluis0705\Documents\xwechat_files\wxid_bbzc35ridmlc22_e97b\msg\file\2026-04\initial_1000_raw_generations.zip::raw_generations/job_099_Ni_fe_-1.343_n4/generated_crystals_cif.zip::gen_2.cif,raw_generations/job_099_Ni_fe_-1.343_n4/generated_crystals_cif.zip,gen_2.cif,True,False,False,0,0,-1.07056474686,0.949435253143,1.02943525314,False,6.93397033215,F,True,False,421,1,P1,1.871326,9.932052
job_099_Ni_fe_-1.343_n4_generated_crystals_cif__gen_3,D:\CGCNN_Formation_Energy_AL_Archive\experiments\reproducibility\staging\paired_confirmation_server_20260712\EARLY_LiM2O4_ALIGNN_HARD640_m2p18_m2p02_FLAT_20260617\job_099_Ni_fe_-1.343_n4_generated_crystals_cif__gen_3.cif,True,aa0d1e9b0e267643b0cf1b562cdb24c2bd251319bbf2c3f573a08a7bc36b7632,Li1 Ni2 O4,Li(NiO2)2,Ni,Li(NiO2)2,-1.08077645302,,0.513081802193,saved CGCNN MC-dropout sigma; candidate-level ALIGNN uncertainty not available,-1.47768723965,0.513081802193,0.396910786629,0.0597333800891,401,0,6.87014716864,F,True,False,505,32,253,16,d6b01912939b25c5ec70d22a0d3e943f5562ea17ccd25a549aff4ac52a445cf8,"Li/M/O role-RDF: six unordered pairs, 0-6 A in 0.2-A bins; scale-free sorted lattice lengths, angles, and normalized volume",SM_Ni_001,14,FP_022,3,recurring_density_cluster,job_091_Ni_fe_-1.314_n4_generated_crystals_cif__gen_0,0.237033884719,job_120_Cr_fe_-1.424_n4_generated_crystals_cif__gen_1,0.902467891864,no_shared_cluster,D:\User\leoluis0705\Documents\xwechat_files\wxid_bbzc35ridmlc22_e97b\msg\file\2026-04\initial_1000_raw_generations.zip::raw_generations/job_099_Ni_fe_-1.343_n4/generated_crystals_cif.zip::gen_3.cif,raw_generations/job_099_Ni_fe_-1.343_n4/generated_crystals_cif.zip,gen_3.cif,True,False,False,0,0,-1.08077645302,0.939223546982,1.01922354698,False,6.87014716864,F,True,False,406,1,P1,1.856116,10.005769
job_100_Co_fe_-1.485_n4_generated_crystals_cif__gen_0,D:\CGCNN_Formation_Energy_AL_Archive\experiments\reproducibility\staging\paired_confirmation_server_20260712\EARLY_LiM2O4_ALIGNN_HARD640_m2p18_m2p02_FLAT_20260617\job_100_Co_fe_-1.485_n4_generated_crystals_cif__gen_0.cif,True,4cad21b9bb28989ff35b92273f77f6fad51d1bd0ae89657176aedb3f7065de8b,Li1 Co2 O4,Li(CoO2)2,Co,Li(CoO2)2,-1.5090098381,,0.51580974333,saved CGCNN MC-dropout sigma; candidate-level ALIGNN uncertainty not available,-1.53097200394,0.51580974333,0.0219621658325,0.0673977725197,368,0,4.19368851185,F,True,False,536,34,401,26,4767cdeb4fd85184ce2b826d34fa41de2f829608168e279301aa2126c3b7e7e2,"Li/M/O role-RDF: six unordered pairs, 0-6 A in 0.2-A bins; scale-free sorted lattice lengths, angles, and normalized volume",SM_Co_001,25,FP_034,19,recurring_density_cluster,job_041_Ni_fe_-1.021_n4_generated_crystals_cif__gen_1,0.16030826286,job_120_Cr_fe_-1.424_n4_generated_crystals_cif__gen_1,0.715444133032,no_shared_cluster,D:\User\leoluis0705\Documents\xwechat_files\wxid_bbzc35ridmlc22_e97b\msg\file\2026-04\initial_1000_raw_generations.zip::raw_generations/job_100_Co_fe_-1.485_n4/generated_crystals_cif.zip::gen_0.cif,raw_generations/job_100_Co_fe_-1.485_n4/generated_crystals_cif.zip,gen_0.cif,True,False,False,0,0,-1.5090098381,0.510990161896,0.590990161896,False,4.19368851185,F,True,False,278,12,C2/m,1.896854,9.67939
job_100_Co_fe_-1.485_n4_generated_crystals_cif__gen_1,D:\CGCNN_Formation_Energy_AL_Archive\experiments\reproducibility\staging\paired_confirmation_server_20260712\EARLY_LiM2O4_ALIGNN_HARD640_m2p18_m2p02_FLAT_20260617\job_100_Co_fe_-1.485_n4_generated_crystals_cif__gen_1.cif,True,d3a8ee025a11d79ba74a81420089c829db04d98c335b0065d664625f8ac1199d,Li1 Co2 O4,Li(CoO2)2,Co,Li(CoO2)2,-1.41914010048,,0.520056053865,saved CGCNN MC-dropout sigma; candidate-level ALIGNN uncertainty not available,-1.58172762394,0.520056053865,0.16258752346,0.074697131167,315,0,4.75537437201,F,True,False,542,34,417,27,4776e40bb50cd2794b982a29366d849685d1188cbebb6ab8b2f10c3923f34baa,"Li/M/O role-RDF: six unordered pairs, 0-6 A in 0.2-A bins; scale-free sorted lattice lengths, angles, and normalized volume",SM_Co_012,1,FP_SINGLETON_064,1,hdbscan_noise_singleton,job_159_Al_fe_-1.408_n4_generated_crystals_cif__gen_1,0.690090130339,job_029_Cr_fe_-1.337_n4_generated_crystals_cif__gen_2,0.92975399719,no_shared_cluster,D:\User\leoluis0705\Documents\xwechat_files\wxid_bbzc35ridmlc22_e97b\msg\file\2026-04\initial_1000_raw_generations.zip::raw_generations/job_100_Co_fe_-1.485_n4/generated_crystals_cif.zip::gen_1.cif,raw_generations/job_100_Co_fe_-1.485_n4/generated_crystals_cif.zip,gen_1.cif,True,False,False,0,0,-1.41914010048,0.600859899521,0.680859899521,False,4.75537437201,F,True,False,341,8,Cm,1.871788,9.638588
job_100_Co_fe_-1.485_n4_generated_crystals_cif__gen_2,D:\CGCNN_Formation_Energy_AL_Archive\experiments\reproducibility\staging\paired_confirmation_server_20260712\EARLY_LiM2O4_ALIGNN_HARD640_m2p18_m2p02_FLAT_20260617\job_100_Co_fe_-1.485_n4_generated_crystals_cif__gen_2.cif,True,3d6dfb9ed9add3b8b0ca0c04611c9ad0014949ba1757607bc94bb9bb1198dae0,Li1 Co2 O4,Li(CoO2)2,Co,Li(CoO2)2,-1.51287651062,,0.713490633759,saved CGCNN MC-dropout sigma; candidate-level ALIGNN uncertainty not available,-1.53537762165,0.713490633759,0.0225011110306,0.0653605042186,380,0,4.16952180862,F,True,False,350,22,409,26,ff73d0a996a0bec776c34b238310077df70c2488310a5630e406e946491b93ef,"Li/M/O role-RDF: six unordered pairs, 0-6 A in 0.2-A bins; scale-free sorted lattice lengths, angles, and normalized volume",SM_Co_004,18,FP_045,11,recurring_density_cluster,job_053_Co_fe_-0.977_n4_generated_crystals_cif__gen_3,0.173987168365,job_136_Cr_fe_-1.181_n4_generated_crystals_cif__gen_0,0.639259238867,no_shared_cluster,D:\User\leoluis0705\Documents\xwechat_files\wxid_bbzc35ridmlc22_e97b\msg\file\2026-04\initial_1000_raw_generations.zip::raw_generations/job_100_Co_fe_-1.485_n4/generated_crystals_cif.zip::gen_2.cif,raw_generations/job_100_Co_fe_-1.485_n4/generated_crystals_cif.zip,gen_2.cif,True,False,False,0,0,-1.51287651062,0.50712348938,0.58712348938,False,4.16952180862,F,True,False,272,6,Pm,1.899783,9.788773
job_100_Co_fe_-1.485_n4_generated_crystals_cif__gen_3,D:\CGCNN_Formation_Energy_AL_Archive\experiments\reproducibility\staging\paired_confirmation_server_20260712\EARLY_LiM2O4_ALIGNN_HARD640_m2p18_m2p02_FLAT_20260617\job_100_Co_fe_-1.485_n4_generated_crystals_cif__gen_3.cif,True,4a27597c6fac0775cf2c7c959bc926f790204bd8e5b6a73b16cdbbe3d0f63fa8,Li1 Co2 O4,Li(CoO2)2,Co,Li(CoO2)2,-1.48265099525,,0.69482031024,saved CGCNN MC-dropout sigma; candidate-level ALIGNN uncertainty not available,-1.54436135292,0.69482031024,0.061710357666,0.0666723509166,375,0,4.35843127966,F,True,False,447,28,395,25,4365813e34f6bdf917a0720c77489821ce44684bf20da1e081c4a7f2271bf219,"Li/M/O role-RDF: six unordered pairs, 0-6 A in 0.2-A bins; scale-free sorted lattice lengths, angles, and normalized volume",SM_Co_004,18,FP_045,11,recurring_density_cluster,job_156_Co_fe_-0.846_n4_generated_crystals_cif__gen_2,0.246765210202,job_136_Cr_fe_-1.181_n4_generated_crystals_cif__gen_0,0.52245068429,no_shared_cluster,D:\User\leoluis0705\Documents\xwechat_files\wxid_bbzc35ridmlc22_e97b\msg\file\2026-04\initial_1000_raw_generations.zip::raw_generations/job_100_Co_fe_-1.485_n4/generated_crystals_cif.zip::gen_3.cif,raw_generations/job_100_Co_fe_-1.485_n4/generated_crystals_cif.zip,gen_3.cif,True,False,False,0,0,-1.48265099525,0.537349004745,0.617349004745,False,4.35843127966,F,True,False,301,10,P2/m,1.904569,9.886276
job_101_Mg_fe_-1.339_n4_generated_crystals_cif__gen_1,D:\CGCNN_Formation_Energy_AL_Archive\experiments\reproducibility\staging\paired_confirmation_server_20260712\EARLY_LiM2O4_ALIGNN_HARD640_m2p18_m2p02_FLAT_20260617\job_101_Mg_fe_-1.339_n4_generated_crystals_cif__gen_1.cif,True,2488899b4345db5d6cb83a912e513d57e1699a9a1b4ca1b131833fabe65eb5d7,Li1 Mg2 O4,LiMg2O4,Mg,LiMg2O4,-2.17961764336,,0.517693016746,saved CGCNN MC-dropout sigma; candidate-level ALIGNN uncertainty not available,-3.04965043068,0.517693016746,0.870032787323,0.0231375642347,506,1,0.00238972902298,B,True,False,260,17,287,18,80479d04aeaa2f090476a24b9826f965602fbe722170b947bc935f88fa99033d,"Li/M/O role-RDF: six unordered pairs, 0-6 A in 0.2-A bins; scale-free sorted lattice lengths, angles, and normalized volume",SM_Mg_003,8,FP_032,5,recurring_density_cluster,job_189_Mg_fe_-1.493_n4_generated_crystals_cif__gen_1,0.172184504532,job_120_Cr_fe_-1.424_n4_generated_crystals_cif__gen_1,0.810049469674,historical_dft_candidate_self,D:\User\leoluis0705\Documents\xwechat_files\wxid_bbzc35ridmlc22_e97b\msg\file\2026-04\initial_1000_raw_generations.zip::raw_generations/job_101_Mg_fe_-1.339_n4/generated_crystals_cif.zip::gen_1.cif,raw_generations/job_101_Mg_fe_-1.339_n4/generated_crystals_cif.zip,gen_1.cif,True,True,True,2,0.651052398728,-1.52856524463,0.491434755372,0.571434755372,False,4.07146722108,F,True,False,261,12,C2/m,1.990349,10.245389
job_101_Mg_fe_-1.339_n4_generated_crystals_cif__gen_2,D:\CGCNN_Formation_Energy_AL_Archive\experiments\reproducibility\staging\paired_confirmation_server_20260712\EARLY_LiM2O4_ALIGNN_HARD640_m2p18_m2p02_FLAT_20260617\job_101_Mg_fe_-1.339_n4_generated_crystals_cif__gen_2.cif,True,4658a733b4105cb73b721c63cf2110725e436be0064c618574c5ac5ad668af4f,Li1 Mg2 O4,LiMg2O4,Mg,LiMg2O4,-1.98666679859,,0.416921274477,saved CGCNN MC-dropout sigma; candidate-level ALIGNN uncertainty not available,-2.82479286194,0.416921274477,0.838126063347,0.0342015582165,501,0,1.2083325088,F,True,False,239,15,274,18,1f9ce2fabe8004c66b6bc74a0433403f55d1804cafe1f1607d7b3a3da4c66336,"Li/M/O role-RDF: six unordered pairs, 0-6 A in 0.2-A bins; scale-free sorted lattice lengths, angles, and normalized volume",SM_Mg_009,1,FP_SINGLETON_065,1,hdbscan_noise_singleton,job_019_Mg_fe_-1.315_n4_generated_crystals_cif__gen_0,1.69076260499,job_086_Mn_fe_-0.988_n4_generated_crystals_cif__gen_2,2.13630610645,no_shared_cluster,D:\User\leoluis0705\Documents\xwechat_files\wxid_bbzc35ridmlc22_e97b\msg\file\2026-04\initial_1000_raw_generations.zip::raw_generations/job_101_Mg_fe_-1.339_n4/generated_crystals_cif.zip::gen_2.cif,raw_generations/job_101_Mg_fe_-1.339_n4/generated_crystals_cif.zip,gen_2.cif,True,False,True,2,0.651052398728,-1.33561439986,0.684385600137,0.764385600137,False,5.27741000086,F,True,False,368,1,P1,1.577381,9.93596
job_102_Ni_fe_-1.495_n4_generated_crystals_cif__gen_0,D:\CGCNN_Formation_Energy_AL_Archive\experiments\reproducibility\staging\paired_confirmation_server_20260712\EARLY_LiM2O4_ALIGNN_HARD640_m2p18_m2p02_FLAT_20260617\job_102_Ni_fe_-1.495_n4_generated_crystals_cif__gen_0.cif,True,d178489e8906299e3b100a905b6e739afc544806e7d232a6f87a3676538e9639,Li1 Ni2 O4,Li(NiO2)2,Ni,Li(NiO2)2,-0.981100320816,,0.513267184778,saved CGCNN MC-dropout sigma; candidate-level ALIGNN uncertainty not available,-1.48408842087,0.513267184778,0.502988100052,0.0606413798984,397,0,7.4931229949,F,True,False,296,19,510,32,9866db69923724a36a1587757a229100528521bb06a611d35da759b8d137aab6,"Li/M/O role-RDF: six unordered pairs, 0-6 A in 0.2-A bins; scale-free sorted lattice lengths, angles, and normalized volume",SM_Ni_008,10,FP_SINGLETON_066,1,hdbscan_noise_singleton,job_157_Ni_fe_-1.031_n4_generated_crystals_cif__gen_0,0.565628030201,job_148_Mn_fe_-0.904_n4_generated_crystals_cif__gen_2,0.904988535754,no_shared_cluster,D:\User\leoluis0705\Documents\xwechat_files\wxid_bbzc35ridmlc22_e97b\msg\file\2026-04\initial_1000_raw_generations.zip::raw_generations/job_102_Ni_fe_-1.495_n4/generated_crystals_cif.zip::gen_0.cif,raw_generations/job_102_Ni_fe_-1.495_n4/generated_crystals_cif.zip,gen_0.cif,True,False,False,0,0,-0.981100320816,1.03889967918,1.11889967918,False,7.4931229949,F,True,False,595,8,Cm,1.839222,9.586582
job_102_Ni_fe_-1.495_n4_generated_crystals_cif__gen_2,D:\CGCNN_Formation_Energy_AL_Archive\experiments\reproducibility\staging\paired_confirmation_server_20260712\EARLY_LiM2O4_ALIGNN_HARD640_m2p18_m2p02_FLAT_20260617\job_102_Ni_fe_-1.495_n4_generated_crystals_cif__gen_2.cif,True,4137942d749c6274b39cd5b10c3935cfa1d2ea2c3bed9c4ce878af39e2323955,Li1 Ni2 O4,Li(NiO2)2,Ni,Li(NiO2)2,-1.05243849754,,0.529155351499,saved CGCNN MC-dropout sigma; candidate-level ALIGNN uncertainty not available,-1.38479554653,0.529155351499,0.332357048988,0.0485418768782,480,0,7.04725939035,F,True,False,562,36,467,30,f591cfa619cd3e711ac1039eb698f045e83c494fc7e61ab096b506539a223c5f,"Li/M/O role-RDF: six unordered pairs, 0-6 A in 0.2-A bins; scale-free sorted lattice lengths, angles, and normalized volume",SM_Ni_002,22,FP_023,4,recurring_density_cluster,job_077_Ni_fe_-1.238_n4_generated_crystals_cif__gen_3,0.197574021573,job_136_Cr_fe_-1.181_n4_generated_crystals_cif__gen_0,0.685609830051,no_shared_cluster,D:\User\leoluis0705\Documents\xwechat_files\wxid_bbzc35ridmlc22_e97b\msg\file\2026-04\initial_1000_raw_generations.zip::raw_generations/job_102_Ni_fe_-1.495_n4/generated_crystals_cif.zip::gen_2.cif,raw_generations/job_102_Ni_fe_-1.495_n4/generated_crystals_cif.zip,gen_2.cif,True,False,False,0,0,-1.05243849754,0.967561502457,1.04756150246,False,7.04725939035,F,True,False,455,1,P1,1.864882,9.789349
job_102_Ni_fe_-1.495_n4_generated_crystals_cif__gen_3,D:\CGCNN_Formation_Energy_AL_Archive\experiments\reproducibility\staging\paired_confirmation_server_20260712\EARLY_LiM2O4_ALIGNN_HARD640_m2p18_m2p02_FLAT_20260617\job_102_Ni_fe_-1.495_n4_generated_crystals_cif__gen_3.cif,True,9bd19e012d6cae02edc81189d8cda3765463bc2e955c0a95bd1d538887f67a40,Li1 Ni2 O4,Li(NiO2)2,Ni,Li(NiO2)2,-1.07297039032,,0.524452391,saved CGCNN MC-dropout sigma; candidate-level ALIGNN uncertainty not available,-1.45273590088,0.524452391,0.379765510559,0.0569433103595,416,0,6.9189350605,F,True,False,571,36,248,16,2d1c2267249fa1fc7a53b3941cc6abd584be0f5b6574f4374918bee7564d2248,"Li/M/O role-RDF: six unordered pairs, 0-6 A in 0.2-A bins; scale-free sorted lattice lengths, angles, and normalized volume",SM_Ni_003,30,FP_SINGLETON_067,1,hdbscan_noise_singleton,job_108_Ni_fe_-1.123_n4_generated_crystals_cif__gen_0,0.278600816469,job_120_Cr_fe_-1.424_n4_generated_crystals_cif__gen_1,0.686145192403,no_shared_cluster,D:\User\leoluis0705\Documents\xwechat_files\wxid_bbzc35ridmlc22_e97b\msg\file\2026-04\initial_1000_raw_generations.zip::raw_generations/job_102_Ni_fe_-1.495_n4/generated_crystals_cif.zip::gen_3.cif,raw_generations/job_102_Ni_fe_-1.495_n4/generated_crystals_cif.zip,gen_3.cif,True,False,False,0,0,-1.07297039032,0.94702960968,1.02702960968,False,6.9189350605,F,True,False,414,1,P1,1.868816,9.925603
job_103_Ti_fe_-1.058_n4_generated_crystals_cif__gen_0,D:\CGCNN_Formation_Energy_AL_Archive\experiments\reproducibility\staging\paired_confirmation_server_20260712\EARLY_LiM2O4_ALIGNN_HARD640_m2p18_m2p02_FLAT_20260617\job_103_Ti_fe_-1.058_n4_generated_crystals_cif__gen_0.cif,True,75370039705170e018f4f59ccd02baa0efef38e5da9384fb99568753d78af70f,Li1 Ti2 O4,LiTi2O4,Ti,LiTi2O4,-3.1223461628,,0.508182965756,saved CGCNN MC-dropout sigma; candidate-level ALIGNN uncertainty not available,-3.29596424103,0.508182965756,0.173618078232,0.0080240859867,571,0,-5.88966351748,A,True,False,521,33,559,35,2970801f1e6544e7451b00e49c7496566a4c2fdc8c67369ed8007ccce654b71d,"Li/M/O role-RDF: six unordered pairs, 0-6 A in 0.2-A bins; scale-free sorted lattice lengths, angles, and normalized volume",SM_Ti_008,5,FP_040,3,recurring_density_cluster,job_206_Ti_fe_-0.853_n4_generated_crystals_cif__gen_0,0.461114426355,job_214_Cr_fe_-0.857_n4_generated_crystals_cif__gen_0,0.768554213554,no_shared_cluster,D:\User\leoluis0705\Documents\xwechat_files\wxid_bbzc35ridmlc22_e97b\msg\file\2026-04\initial_1000_raw_generations.zip::raw_generations/job_103_Ti_fe_-1.058_n4/generated_crystals_cif.zip::gen_0.cif,raw_generations/job_103_Ti_fe_-1.058_n4/generated_crystals_cif.zip,gen_0.cif,True,False,False,0,0,-3.1223461628,0.942346162796,1.0223461628,False,-5.88966351748,A,True,False,409,8,Cm,1.847099,10.148432
job_103_Ti_fe_-1.058_n4_generated_crystals_cif__gen_1,D:\CGCNN_Formation_Energy_AL_Archive\experiments\reproducibility\staging\paired_confirmation_server_20260712\EARLY_LiM2O4_ALIGNN_HARD640_m2p18_m2p02_FLAT_20260617\job_103_Ti_fe_-1.058_n4_generated_crystals_cif__gen_1.cif,True,5fcb9a041f4807bc97ff1d7667181ab12b3c9c5030c64407ecb5bc7d7d3b65b7,Li1 Ti2 O4,LiTi2O4,Ti,LiTi2O4,-3.17839074135,,0.59547278079,saved CGCNN MC-dropout sigma; candidate-level ALIGNN uncertainty not available,-3.28982162476,0.59547278079,0.111430883408,0.0146927785834,527,0,-6.23994213343,A,True,False,482,31,569,36,8edebaf2999210befa164b4652a9718bff81adef1c0804f84878959276a574ad,"Li/M/O role-RDF: six unordered pairs, 0-6 A in 0.2-A bins; scale-free sorted lattice lengths, angles, and normalized volume",SM_Ti_010,5,FP_073,3,recurring_density_cluster,job_092_Cr_fe_-1.075_n4_generated_crystals_cif__gen_1,0.582329471779,job_092_Cr_fe_-1.075_n4_generated_crystals_cif__gen_1,0.582329471779,same_fingerprint_cluster,D:\User\leoluis0705\Documents\xwechat_files\wxid_bbzc35ridmlc22_e97b\msg\file\2026-04\initial_1000_raw_generations.zip::raw_generations/job_103_Ti_fe_-1.058_n4/generated_crystals_cif.zip::gen_1.cif,raw_generations/job_103_Ti_fe_-1.058_n4/generated_crystals_cif.zip,gen_1.cif,True,False,False,0,0,-3.17839074135,0.998390741348,1.07839074135,False,-6.23994213343,A,True,False,533,1,P1,1.838749,9.299875
job_103_Ti_fe_-1.058_n4_generated_crystals_cif__gen_2,D:\CGCNN_Formation_Energy_AL_Archive\experiments\reproducibility\staging\paired_confirmation_server_20260712\EARLY_LiM2O4_ALIGNN_HARD640_m2p18_m2p02_FLAT_20260617\job_103_Ti_fe_-1.058_n4_generated_crystals_cif__gen_2.cif,True,8596667a1287173f1b384495c2d9fa671a558dbeeb76458ebc8cf725f1afa19e,Li1 Ti2 O4,LiTi2O4,Ti,LiTi2O4,-3.22741556168,,0.532517620604,saved CGCNN MC-dropout sigma; candidate-level ALIGNN uncertainty not available,-3.17347502708,0.532517620604,0.0539405345917,0.0158947497172,524,0,-6.54634726048,A,True,False,637,40,513,33,1821ea75fc95c35248bf5694650ced589a55eac513737b2b1f28ef551f267969,"Li/M/O role-RDF: six unordered pairs, 0-6 A in 0.2-A bins; scale-free sorted lattice lengths, angles, and normalized volume",SM_Ti_014,5,FP_036,16,recurring_density_cluster,job_097_Ti_fe_-1.239_n4_generated_crystals_cif__gen_3,0.287763186761,job_148_Mn_fe_-0.904_n4_generated_crystals_cif__gen_2,0.796810044682,no_shared_cluster,D:\User\leoluis0705\Documents\xwechat_files\wxid_bbzc35ridmlc22_e97b\msg\file\2026-04\initial_1000_raw_generations.zip::raw_generations/job_103_Ti_fe_-1.058_n4/generated_crystals_cif.zip::gen_2.cif,raw_generations/job_103_Ti_fe_-1.058_n4/generated_crystals_cif.zip,gen_2.cif,True,False,False,0,0,-3.22741556168,1.04741556168,1.12741556168,False,-6.54634726048,A,True,False,621,8,Cm,1.858,11.532272
job_103_Ti_fe_-1.058_n4_generated_crystals_cif__gen_3,D:\CGCNN_Formation_Energy_AL_Archive\experiments\reproducibility\staging\paired_confirmation_server_20260712\EARLY_LiM2O4_ALIGNN_HARD640_m2p18_m2p02_FLAT_20260617\job_103_Ti_fe_-1.058_n4_generated_crystals_cif__gen_3.cif,True,9b520a8ad659897d151d092ecbd8069897eb2e749cb22d6346be04b55356a2e3,Li1 Ti2 O4,LiTi2O4,Ti,LiTi2O4,-3.12219524384,,0.514076496513,saved CGCNN MC-dropout sigma; candidate-level ALIGNN uncertainty not available,-3.33138775826,0.514076496513,0.20919251442,0.00718317386263,574,0,-5.88872027397,A,True,False,499,32,560,35,217a795245bb478926027b65953584f7918762ea5c9615b6dda4203992794187,"Li/M/O role-RDF: six unordered pairs, 0-6 A in 0.2-A bins; scale-free sorted lattice lengths, angles, and normalized volume",SM_Ti_008,5,FP_SINGLETON_068,1,hdbscan_noise_singleton,job_089_Ni_fe_-1.410_n4_generated_crystals_cif__gen_3,0.717956759804,job_214_Cr_fe_-0.857_n4_generated_crystals_cif__gen_0,0.788705613778,no_shared_cluster,D:\User\leoluis0705\Documents\xwechat_files\wxid_bbzc35ridmlc22_e97b\msg\file\2026-04\initial_1000_raw_generations.zip::raw_generations/job_103_Ti_fe_-1.058_n4/generated_crystals_cif.zip::gen_3.cif,raw_generations/job_103_Ti_fe_-1.058_n4/generated_crystals_cif.zip,gen_3.cif,True,False,False,0,0,-3.12219524384,0.942195243835,1.02219524384,False,-5.88872027397,A,True,False,408,1,P1,1.89413,10.382627
job_104_Ni_fe_-1.453_n4_generated_crystals_cif__gen_0,D:\CGCNN_Formation_Energy_AL_Archive\experiments\reproducibility\staging\paired_confirmation_server_20260712\EARLY_LiM2O4_ALIGNN_HARD640_m2p18_m2p02_FLAT_20260617\job_104_Ni_fe_-1.453_n4_generated_crystals_cif__gen_0.cif,True,4628251c9f2f62d53fec7e6697fbb22378b14e8eda4913ea52f7a699844d2996,Li1 Ni2 O4,Li(NiO2)2,Ni,Li(NiO2)2,-1.07219541073,,0.550806023855,saved CGCNN MC-dropout sigma; candidate-level ALIGNN uncertainty not available,-1.4202029705,0.550806023855,0.348007559776,0.0542077670098,438,0,6.92377868295,F,True,False,534,34,499,32,32372044c27d2304ea9f665f2ff5ee9cb7ed1fea5cbda2c47728d6450530f8e6,"Li/M/O role-RDF: six unordered pairs, 0-6 A in 0.2-A bins; scale-free sorted lattice lengths, angles, and normalized volume",SM_Ni_003,30,FP_075,3,recurring_density_cluster,job_217_Ni_fe_-1.483_n4_generated_crystals_cif__gen_0,0.206726308837,job_136_Cr_fe_-1.181_n4_generated_crystals_cif__gen_0,0.542682335268,no_shared_cluster,D:\User\leoluis0705\Documents\xwechat_files\wxid_bbzc35ridmlc22_e97b\msg\file\2026-04\initial_1000_raw_generations.zip::raw_generations/job_104_Ni_fe_-1.453_n4/generated_crystals_cif.zip::gen_0.cif,raw_generations/job_104_Ni_fe_-1.453_n4/generated_crystals_cif.zip,gen_0.cif,True,False,False,0,0,-1.07219541073,0.947804589272,1.02780458927,False,6.92377868295,F,True,False,418,2,P-1,1.883072,10.233723
job_104_Ni_fe_-1.453_n4_generated_crystals_cif__gen_2,D:\CGCNN_Formation_Energy_AL_Archive\experiments\reproducibility\staging\paired_confirmation_server_20260712\EARLY_LiM2O4_ALIGNN_HARD640_m2p18_m2p02_FLAT_20260617\job_104_Ni_fe_-1.453_n4_generated_crystals_cif__gen_2.cif,True,d650a1ae2572d097fc63821212896fcf4af60d890bc16feff5a2c544076b36a0,Li1 Ni2 O4,Li(NiO2)2,Ni,Li(NiO2)2,-1.0629837513,,0.503254823555,saved CGCNN MC-dropout sigma; candidate-level ALIGNN uncertainty not available,-1.39235293865,0.503254823555,0.329369187355,0.0473875384518,483,0,6.98135155439,F,True,False,569,36,470,30,85ed530f04ff2e30efe4e09c0105a275e22aa76fade71c4ac6467acf6acfe66d,"Li/M/O role-RDF: six unordered pairs, 0-6 A in 0.2-A bins; scale-free sorted lattice lengths, angles, and normalized volume",SM_Ni_002,22,FP_059,8,recurring_density_cluster,job_089_Ni_fe_-1.410_n4_generated_crystals_cif__gen_1,0.21188123855,job_136_Cr_fe_-1.181_n4_generated_crystals_cif__gen_0,0.598602942448,no_shared_cluster,D:\User\leoluis0705\Documents\xwechat_files\wxid_bbzc35ridmlc22_e97b\msg\file\2026-04\initial_1000_raw_generations.zip::raw_generations/job_104_Ni_fe_-1.453_n4/generated_crystals_cif.zip::gen_2.cif,raw_generations/job_104_Ni_fe_-1.453_n4/generated_crystals_cif.zip,gen_2.cif,True,False,False,0,0,-1.0629837513,0.957016248703,1.0370162487,False,6.98135155439,F,True,False,437,6,Pm,1.867726,9.926529
job_105_Mn_fe_-0.898_n4_generated_crystals_cif__gen_0,D:\CGCNN_Formation_Energy_AL_Archive\experiments\reproducibility\staging\paired_confirmation_server_20260712\EARLY_LiM2O4_ALIGNN_HARD640_m2p18_m2p02_FLAT_20260617\job_105_Mn_fe_-0.898_n4_generated_crystals_cif__gen_0.cif,True,bd0811b415114b92ba36e669f78bd808bcdc24a5a9e7169b772deb41abb0f8c7,Li1 Mn2 O4,LiMn2O4,Mn,LiMn2O4,-2.00491452217,,0.468016534148,saved CGCNN MC-dropout sigma; candidate-level ALIGNN uncertainty not available,-2.21979355812,0.468016534148,0.21487903595,0.131392189541,180,0,1.09428423643,F,True,False,135,9,48,3,83d3f3933d9db23a27211e5852ce361c27304ef6de4639931c5e2e3ddc9ea0c5,"Li/M/O role-RDF: six unordered pairs, 0-6 A in 0.2-A bins; scale-free sorted lattice lengths, angles, and normalized volume",SM_Mn_003,16,FP_010,7,recurring_density_cluster,job_065_Mn_fe_-1.024_n4_generated_crystals_cif__gen_2,0.328019214956,job_167_Mn_fe_-0.885_n4_generated_crystals_cif__gen_3,0.456087756972,same_structurematcher_cluster,D:\User\leoluis0705\Documents\xwechat_files\wxid_bbzc35ridmlc22_e97b\msg\file\2026-04\initial_1000_raw_generations.zip::raw_generations/job_105_Mn_fe_-0.898_n4/generated_crystals_cif.zip::gen_0.cif,raw_generations/job_105_Mn_fe_-0.898_n4/generated_crystals_cif.zip,gen_0.cif,True,False,True,3,0.176542943114,-1.82837157906,0.191628420943,0.271628420943,False,2.19767763089,F,True,False,165,1,P1,1.922045,10.851218
job_105_Mn_fe_-0.898_n4_generated_crystals_cif__gen_1,D:\CGCNN_Formation_Energy_AL_Archive\experiments\reproducibility\staging\paired_confirmation_server_20260712\EARLY_LiM2O4_ALIGNN_HARD640_m2p18_m2p02_FLAT_20260617\job_105_Mn_fe_-0.898_n4_generated_crystals_cif__gen_1.cif,True,392c0014697bea0a838f1abea2aa2c85a2085273a4f3734949b4a6feead76c1e,Li1 Mn2 O4,LiMn2O4,Mn,LiMn2O4,-1.97951614857,,0.39237500366,saved CGCNN MC-dropout sigma; candidate-level ALIGNN uncertainty not available,-2.1513106823,0.39237500366,0.17179453373,0.160201261798,33,0,1.25302407146,F,True,False,181,12,201,13,c17e90dbb7a0bb827409e47c0ba7628671834797953394808b32ab62a540845c,"Li/M/O role-RDF: six unordered pairs, 0-6 A in 0.2-A bins; scale-free sorted lattice lengths, angles, and normalized volume",SM_Mn_005,9,FP_064,6,recurring_density_cluster,job_220_Cr_fe_-1.305_n4_generated_crystals_cif__gen_1,0.18656897622,job_249_Cr_fe_-1.500_n4_generated_crystals_cif__gen_1,0.773196160866,no_shared_cluster,D:\User\leoluis0705\Documents\xwechat_files\wxid_bbzc35ridmlc22_e97b\msg\file\2026-04\initial_1000_raw_generations.zip::raw_generations/job_105_Mn_fe_-0.898_n4/generated_crystals_cif.zip::gen_1.cif,raw_generations/job_105_Mn_fe_-0.898_n4/generated_crystals_cif.zip,gen_1.cif,True,False,True,3,0.176542943114,-1.80297320545,0.217026794547,0.297026794547,False,2.35641746592,F,True,False,198,8,Cm,1.918506,10.598329
job_105_Mn_fe_-0.898_n4_generated_crystals_cif__gen_2,D:\CGCNN_Formation_Energy_AL_Archive\experiments\reproducibility\staging\paired_confirmation_server_20260712\EARLY_LiM2O4_ALIGNN_HARD640_m2p18_m2p02_FLAT_20260617\job_105_Mn_fe_-0.898_n4_generated_crystals_cif__gen_2.cif,True,4a0f5bc664357e89bd0034a7f95c7b0541a1db2efc5183512bc3a98142da9e24,Li1 Mn2 O4,LiMn2O4,Mn,LiMn2O4,-2.01130104065,,0.516695344583,saved CGCNN MC-dropout sigma; candidate-level ALIGNN uncertainty not available,-2.2150042057,0.516695344583,0.203703165054,0.120058038656,219,0,1.05436849594,F,True,False,91,6,116,8,a7dd5c5155a96a7f3d6692f129d7d0bbc2b14930610d2cfabac2a09c288ee59a,"Li/M/O role-RDF: six unordered pairs, 0-6 A in 0.2-A bins; scale-free sorted lattice lengths, angles, and normalized volume",SM_Mn_004,35,FP_011,18,recurring_density_cluster,job_224_Mn_fe_-1.419_n4_generated_crystals_cif__gen_3,0.140324240368,job_167_Mn_fe_-0.885_n4_generated_crystals_cif__gen_3,0.269323581067,same_structurematcher_cluster,D:\User\leoluis0705\Documents\xwechat_files\wxid_bbzc35ridmlc22_e97b\msg\file\2026-04\initial_1000_raw_generations.zip::raw_generations/job_105_Mn_fe_-0.898_n4/generated_crystals_cif.zip::gen_2.cif,raw_generations/job_105_Mn_fe_-0.898_n4/generated_crystals_cif.zip,gen_2.cif,True,False,True,3,0.176542943114,-1.83475809754,0.185241902465,0.265241902465,False,2.1577618904,F,True,False,152,1,P1,1.922645,10.727326
job_105_Mn_fe_-0.898_n4_generated_crystals_cif__gen_3,D:\CGCNN_Formation_Energy_AL_Archive\experiments\reproducibility\staging\paired_confirmation_server_20260712\EARLY_LiM2O4_ALIGNN_HARD640_m2p18_m2p02_FLAT_20260617\job_105_Mn_fe_-0.898_n4_generated_crystals_cif__gen_3.cif,True,7a7df65aad55f668fa3c5da529dbf520cd4513cdf50736ea9be430c14b8a90b0,Li1 Mn2 O4,LiMn2O4,Mn,LiMn2O4,-1.99020123482,,0.306902429541,saved CGCNN MC-dropout sigma; candidate-level ALIGNN uncertainty not available,-2.22335863113,0.306902429541,0.233157396317,0.190036992902,4,0,1.18624228239,F,True,False,159,10,147,10,405b0662706ec9decde2afe26119f3d4d3901f413a1971effb07419a6112296f,"Li/M/O role-RDF: six unordered pairs, 0-6 A in 0.2-A bins; scale-free sorted lattice lengths, angles, and normalized volume",SM_Mn_003,16,FP_SINGLETON_069,1,hdbscan_noise_singleton,job_212_Cr_fe_-1.473_n4_generated_crystals_cif__gen_0,0.295886226274,job_167_Mn_fe_-0.885_n4_generated_crystals_cif__gen_3,0.553686398068,same_structurematcher_cluster,D:\User\leoluis0705\Documents\xwechat_files\wxid_bbzc35ridmlc22_e97b\msg\file\2026-04\initial_1000_raw_generations.zip::raw_generations/job_105_Mn_fe_-0.898_n4/generated_crystals_cif.zip::gen_3.cif,raw_generations/job_105_Mn_fe_-0.898_n4/generated_crystals_cif.zip,gen_3.cif,True,False,True,3,0.176542943114,-1.8136582917,0.206341708297,0.286341708297,False,2.28963567685,F,True,False,189,8,Cm,1.963226,10.837539
job_106_Mn_fe_-1.140_n4_generated_crystals_cif__gen_1,D:\CGCNN_Formation_Energy_AL_Archive\experiments\reproducibility\staging\paired_confirmation_server_20260712\EARLY_LiM2O4_ALIGNN_HARD640_m2p18_m2p02_FLAT_20260617\job_106_Mn_fe_-1.140_n4_generated_crystals_cif__gen_1.cif,True,7b92ff2fbc7784f79ec52ab218f3005478090df26b66401ccc51647fa7fa8d0c,Li1 Mn2 O4,LiMn2O4,Mn,LiMn2O4,-1.94674825668,,0.394411612392,saved CGCNN MC-dropout sigma; candidate-level ALIGNN uncertainty not available,-2.23555803299,0.394411612392,0.288809776306,0.151638441916,65,0,1.45782339573,F,True,False,204,13,240,15,b15f51aeead59d6dfb5feab0071426820980e37dc567726b0e137cb983416f56,"Li/M/O role-RDF: six unordered pairs, 0-6 A in 0.2-A bins; scale-free sorted lattice lengths, angles, and normalized volume",SM_Mn_017,5,FP_043,10,recurring_density_cluster,job_079_Cr_fe_-0.854_n4_generated_crystals_cif__gen_2,0.407598982917,job_083_Cr_fe_-0.935_n4_generated_crystals_cif__gen_1,0.479877716622,same_fingerprint_cluster,D:\User\leoluis0705\Documents\xwechat_files\wxid_bbzc35ridmlc22_e97b\msg\file\2026-04\initial_1000_raw_generations.zip::raw_generations/job_106_Mn_fe_-1.140_n4/generated_crystals_cif.zip::gen_1.cif,raw_generations/job_106_Mn_fe_-1.140_n4/generated_crystals_cif.zip,gen_1.cif,True,False,True,3,0.176542943114,-1.77020531357,0.249794686431,0.329794686431,False,2.56121679019,F,True,False,205,8,Cm,1.930403,10.839429
job_106_Mn_fe_-1.140_n4_generated_crystals_cif__gen_2,D:\CGCNN_Formation_Energy_AL_Archive\experiments\reproducibility\staging\paired_confirmation_server_20260712\EARLY_LiM2O4_ALIGNN_HARD640_m2p18_m2p02_FLAT_20260617\job_106_Mn_fe_-1.140_n4_generated_crystals_cif__gen_2.cif,True,53999a73a304da206eb1a446bfa46350afe0c42d11476975685aa8f2607415af,Li1 Mn2 O4,LiMn2O4,Mn,LiMn2O4,-1.98093485832,,0.443524100853,saved CGCNN MC-dropout sigma; candidate-level ALIGNN uncertainty not available,-2.16531133652,0.443524100853,0.184376478195,0.14161367054,115,0,1.24415713549,F,True,False,187,12,190,12,d20086af11328600c7a706866b3f291e5497a6eb3ed938d5c9323648930d2340,"Li/M/O role-RDF: six unordered pairs, 0-6 A in 0.2-A bins; scale-free sorted lattice lengths, angles, and normalized volume",SM_Mn_005,9,FP_SINGLETON_070,1,hdbscan_noise_singleton,job_130_Cr_fe_-1.335_n4_generated_crystals_cif__gen_0,0.314468652104,job_249_Cr_fe_-1.500_n4_generated_crystals_cif__gen_1,0.723854826442,no_shared_cluster,D:\User\leoluis0705\Documents\xwechat_files\wxid_bbzc35ridmlc22_e97b\msg\file\2026-04\initial_1000_raw_generations.zip::raw_generations/job_106_Mn_fe_-1.140_n4/generated_crystals_cif.zip::gen_2.cif,raw_generations/job_106_Mn_fe_-1.140_n4/generated_crystals_cif.zip,gen_2.cif,True,False,True,3,0.176542943114,-1.80439191521,0.215608084792,0.295608084792,False,2.34755052995,F,True,False,196,8,Cm,1.921911,10.719689
job_106_Mn_fe_-1.140_n4_generated_crystals_cif__gen_3,D:\CGCNN_Formation_Energy_AL_Archive\experiments\reproducibility\staging\paired_confirmation_server_20260712\EARLY_LiM2O4_ALIGNN_HARD640_m2p18_m2p02_FLAT_20260617\job_106_Mn_fe_-1.140_n4_generated_crystals_cif__gen_3.cif,True,111fe1d31c60a7f1884c078fe7b64220e7a8b3f6ab27c141af85be1eb2ad1049,Li1 Mn2 O4,LiMn2O4,Mn,LiMn2O4,-1.95171403885,,0.442726795028,saved CGCNN MC-dropout sigma; candidate-level ALIGNN uncertainty not available,-2.22914409637,0.442726795028,0.277430057526,0.137486214047,134,0,1.42678725719,F,True,False,241,16,95,6,bd3d815d18a098b6e3cb45de777313835331fea5d9793eb85a7ffa4d815576f0,"Li/M/O role-RDF: six unordered pairs, 0-6 A in 0.2-A bins; scale-free sorted lattice lengths, angles, and normalized volume",SM_Mn_007,7,FP_SINGLETON_071,1,hdbscan_noise_singleton,job_089_Ni_fe_-1.410_n4_generated_crystals_cif__gen_3,0.549294662349,job_214_Cr_fe_-0.857_n4_generated_crystals_cif__gen_0,0.749423838115,no_shared_cluster,D:\User\leoluis0705\Documents\xwechat_files\wxid_bbzc35ridmlc22_e97b\msg\file\2026-04\initial_1000_raw_generations.zip::raw_generations/job_106_Mn_fe_-1.140_n4/generated_crystals_cif.zip::gen_3.cif,raw_generations/job_106_Mn_fe_-1.140_n4/generated_crystals_cif.zip,gen_3.cif,True,False,True,3,0.176542943114,-1.77517109573,0.244828904265,0.324828904265,False,2.53018065166,F,True,False,203,1,P1,1.880451,9.994793
job_107_Co_fe_-1.032_n4_generated_crystals_cif__gen_0,D:\CGCNN_Formation_Energy_AL_Archive\experiments\reproducibility\staging\paired_confirmation_server_20260712\EARLY_LiM2O4_ALIGNN_HARD640_m2p18_m2p02_FLAT_20260617\job_107_Co_fe_-1.032_n4_generated_crystals_cif__gen_0.cif,True,fa02a2a4096c5bc7612dbd46eaa90ad7368e5c8a82b0427d72daf305e2748c3f,Li1 Co2 O4,Li(CoO2)2,Co,Li(CoO2)2,-1.40883231163,,0.526686388227,saved CGCNN MC-dropout sigma; candidate-level ALIGNN uncertainty not available,-1.57315659523,0.526686388227,0.1643242836,0.0734849455062,320,0,4.81979805231,F,True,False,527,33,396,25,cbcc7d1ffa187ec29ee1a2e33d86e7db2fa9f658b6a2617c626e88d7b133cb34,"Li/M/O role-RDF: six unordered pairs, 0-6 A in 0.2-A bins; scale-free sorted lattice lengths, angles, and normalized volume",SM_Co_001,25,FP_069,3,recurring_density_cluster,job_078_Ni_fe_-1.122_n4_generated_crystals_cif__gen_2,0.201296968469,job_136_Cr_fe_-1.181_n4_generated_crystals_cif__gen_0,0.599217537656,no_shared_cluster,D:\User\leoluis0705\Documents\xwechat_files\wxid_bbzc35ridmlc22_e97b\msg\file\2026-04\initial_1000_raw_generations.zip::raw_generations/job_107_Co_fe_-1.032_n4/generated_crystals_cif.zip::gen_0.cif,raw_generations/job_107_Co_fe_-1.032_n4/generated_crystals_cif.zip,gen_0.cif,True,False,False,0,0,-1.40883231163,0.61116768837,0.69116768837,False,4.81979805231,F,True,False,348,8,Cm,1.927461,10.17105
job_107_Co_fe_-1.032_n4_generated_crystals_cif__gen_1,D:\CGCNN_Formation_Energy_AL_Archive\experiments\reproducibility\staging\paired_confirmation_server_20260712\EARLY_LiM2O4_ALIGNN_HARD640_m2p18_m2p02_FLAT_20260617\job_107_Co_fe_-1.032_n4_generated_crystals_cif__gen_1.cif,True,df2490042afcba5e3afe40c301a443bcaeb2f0a746cbfc2d47678f205af27241,Li1 Co2 O4,Li(CoO2)2,Co,Li(CoO2)2,-1.49729967117,,0.4620009118,saved CGCNN MC-dropout sigma; candidate-level ALIGNN uncertainty not available,-1.56829810143,0.4620009118,0.0709984302521,0.0713624687728,342,0,4.26687705517,F,True,False,563,36,371,24,2ce5d99a474dceef780194574d2b81262344f7b4d3731b9b3107d05054b31ae5,"Li/M/O role-RDF: six unordered pairs, 0-6 A in 0.2-A bins; scale-free sorted lattice lengths, angles, and normalized volume",SM_Co_003,18,FP_052,7,recurring_density_cluster,job_072_Co_fe_-0.820_n4_generated_crystals_cif__gen_1,0.220261189227,job_148_Mn_fe_-0.904_n4_generated_crystals_cif__gen_2,0.992802570991,no_shared_cluster,D:\User\leoluis0705\Documents\xwechat_files\wxid_bbzc35ridmlc22_e97b\msg\file\2026-04\initial_1000_raw_generations.zip::raw_generations/job_107_Co_fe_-1.032_n4/generated_crystals_cif.zip::gen_1.cif,raw_generations/job_107_Co_fe_-1.032_n4/generated_crystals_cif.zip,gen_1.cif,True,False,False,0,0,-1.49729967117,0.522700328827,0.602700328827,False,4.26687705517,F,True,False,295,8,Cm,1.912497,10.040636
job_107_Co_fe_-1.032_n4_generated_crystals_cif__gen_2,D:\CGCNN_Formation_Energy_AL_Archive\experiments\reproducibility\staging\paired_confirmation_server_20260712\EARLY_LiM2O4_ALIGNN_HARD640_m2p18_m2p02_FLAT_20260617\job_107_Co_fe_-1.032_n4_generated_crystals_cif__gen_2.cif,True,29549bac3789414296186df55df6242f28d8b1ae5e22d6dcc83bd0c61bddbdd6,Li1 Co2 O4,Li(CoO2)2,Co,Li(CoO2)2,-1.50882589817,,0.491134007213,saved CGCNN MC-dropout sigma; candidate-level ALIGNN uncertainty not available,-1.50729250908,0.491134007213,0.00153338909149,0.0628699565822,391,0,4.19483813643,F,True,False,512,32,380,24,a206d302961b12b392b73134e9e464bd461e7d8005db686f8bf39e4e94107fe8,"Li/M/O role-RDF: six unordered pairs, 0-6 A in 0.2-A bins; scale-free sorted lattice lengths, angles, and normalized volume",SM_Co_004,18,FP_SINGLETON_072,1,hdbscan_noise_singleton,job_185_Co_fe_-0.960_n4_generated_crystals_cif__gen_3,0.281768715579,job_136_Cr_fe_-1.181_n4_generated_crystals_cif__gen_0,0.743090495485,no_shared_cluster,D:\User\leoluis0705\Documents\xwechat_files\wxid_bbzc35ridmlc22_e97b\msg\file\2026-04\initial_1000_raw_generations.zip::raw_generations/job_107_Co_fe_-1.032_n4/generated_crystals_cif.zip::gen_2.cif,raw_generations/job_107_Co_fe_-1.032_n4/generated_crystals_cif.zip,gen_2.cif,True,False,False,0,0,-1.50882589817,0.51117410183,0.59117410183,False,4.19483813643,F,True,False,279,6,Pm,1.88742,9.734698
job_108_Ni_fe_-1.123_n4_generated_crystals_cif__gen_0,D:\CGCNN_Formation_Energy_AL_Archive\experiments\reproducibility\staging\paired_confirmation_server_20260712\EARLY_LiM2O4_ALIGNN_HARD640_m2p18_m2p02_FLAT_20260617\job_108_Ni_fe_-1.123_n4_generated_crystals_cif__gen_0.cif,True,24f852d53303a016b3e4ae12ba817a7f45d810ec600ada66aca8a72dff4446e4,Li1 Ni2 O4,Li(NiO2)2,Ni,Li(NiO2)2,-1.07192456722,,0.452536710149,saved CGCNN MC-dropout sigma; candidate-level ALIGNN uncertainty not available,-1.42630016804,0.452536710149,0.354375600815,0.0468640949089,484,0,6.92547145486,F,True,False,611,39,256,16,2685985db796f3b24205636c34de42f2d634e300a8ae6dfd8770316f73d7e30e,"Li/M/O role-RDF: six unordered pairs, 0-6 A in 0.2-A bins; scale-free sorted lattice lengths, angles, and normalized volume",SM_Ni_003,30,FP_024,8,recurring_density_cluster,job_121_Ni_fe_-1.367_n4_generated_crystals_cif__gen_0,0.190315009431,job_120_Cr_fe_-1.424_n4_generated_crystals_cif__gen_1,0.656417872028,no_shared_cluster,D:\User\leoluis0705\Documents\xwechat_files\wxid_bbzc35ridmlc22_e97b\msg\file\2026-04\initial_1000_raw_generations.zip::raw_generations/job_108_Ni_fe_-1.123_n4/generated_crystals_cif.zip::gen_0.cif,raw_generations/job_108_Ni_fe_-1.123_n4/generated_crystals_cif.zip,gen_0.cif,True,False,False,0,0,-1.07192456722,0.948075432777,1.02807543278,False,6.92547145486,F,True,False,419,1,P1,1.866206,9.843311
job_108_Ni_fe_-1.123_n4_generated_crystals_cif__gen_1,D:\CGCNN_Formation_Energy_AL_Archive\experiments\reproducibility\staging\paired_confirmation_server_20260712\EARLY_LiM2O4_ALIGNN_HARD640_m2p18_m2p02_FLAT_20260617\job_108_Ni_fe_-1.123_n4_generated_crystals_cif__gen_1.cif,True,0969f8d8c04673f8e5798c6c1d0d6d40b61beeecde5ec152ef3d19bedabe38f6,Li1 Ni2 O4,Li(NiO2)2,Ni,Li(NiO2)2,-1.05260872841,,0.535584326908,saved CGCNN MC-dropout sigma; candidate-level ALIGNN uncertainty not available,-1.3875797987,0.535584326908,0.33497107029,0.049342681411,477,0,7.04619544744,F,True,False,523,33,434,28,1797218fdaeaea01ed9a397d7abe37135958d7f3c6a89c33c8d7f8d6d1c1ce83,"Li/M/O role-RDF: six unordered pairs, 0-6 A in 0.2-A bins; scale-free sorted lattice lengths, angles, and normalized volume",SM_Ni_002,22,FP_070,6,recurring_density_cluster,job_078_Ni_fe_-1.122_n4_generated_crystals_cif__gen_3,0.201809931337,job_136_Cr_fe_-1.181_n4_generated_crystals_cif__gen_0,0.787357607974,no_shared_cluster,D:\User\leoluis0705\Documents\xwechat_files\wxid_bbzc35ridmlc22_e97b\msg\file\2026-04\initial_1000_raw_generations.zip::raw_generations/job_108_Ni_fe_-1.123_n4/generated_crystals_cif.zip::gen_1.cif,raw_generations/job_108_Ni_fe_-1.123_n4/generated_crystals_cif.zip,gen_1.cif,True,False,False,0,0,-1.05260872841,0.967391271591,1.04739127159,False,7.04619544744,F,True,False,454,1,P1,1.859345,9.777418
job_108_Ni_fe_-1.123_n4_generated_crystals_cif__gen_2,D:\CGCNN_Formation_Energy_AL_Archive\experiments\reproducibility\staging\paired_confirmation_server_20260712\EARLY_LiM2O4_ALIGNN_HARD640_m2p18_m2p02_FLAT_20260617\job_108_Ni_fe_-1.123_n4_generated_crystals_cif__gen_2.cif,True,70b239e762372ba66fd29f8225d0e53d56fd48c6a70987d253a90a8b192659b4,Li1 Ni2 O4,Li(NiO2)2,Ni,Li(NiO2)2,-1.01813590527,,0.531576952876,saved CGCNN MC-dropout sigma; candidate-level ALIGNN uncertainty not available,-1.40623629093,0.531576952876,0.388100385666,0.051373685361,459,0,7.26165059209,F,True,False,421,27,531,34,9aabac1c22a5c2af936a4a693a6f628808d242556d2da1f56be6ec3ab0614f47,"Li/M/O role-RDF: six unordered pairs, 0-6 A in 0.2-A bins; scale-free sorted lattice lengths, angles, and normalized volume",SM_Ni_006,7,FP_041,12,recurring_density_cluster,job_218_Ni_fe_-1.221_n4_generated_crystals_cif__gen_0,0.0931639045911,job_204_Cr_fe_-0.932_n4_generated_crystals_cif__gen_3,0.794618341686,no_shared_cluster,D:\User\leoluis0705\Documents\xwechat_files\wxid_bbzc35ridmlc22_e97b\msg\file\2026-04\initial_1000_raw_generations.zip::raw_generations/job_108_Ni_fe_-1.123_n4/generated_crystals_cif.zip::gen_2.cif,raw_generations/job_108_Ni_fe_-1.123_n4/generated_crystals_cif.zip,gen_2.cif,True,False,False,0,0,-1.01813590527,1.00186409473,1.08186409473,False,7.26165059209,F,True,False,538,44,Imm2,1.889397,9.602094
job_108_Ni_fe_-1.123_n4_generated_crystals_cif__gen_3,D:\CGCNN_Formation_Energy_AL_Archive\experiments\reproducibility\staging\paired_confirmation_server_20260712\EARLY_LiM2O4_ALIGNN_HARD640_m2p18_m2p02_FLAT_20260617\job_108_Ni_fe_-1.123_n4_generated_crystals_cif__gen_3.cif,True,0008fbeed374abf57096b825512136700e7d61c0ca04661a52191c09662bd24d,Li1 Ni2 O4,Li(NiO2)2,Ni,Li(NiO2)2,-1.05161237717,,0.446191067095,saved CGCNN MC-dropout sigma; candidate-level ALIGNN uncertainty not available,-1.4275200367,0.446191067095,0.375907659531,0.0462575689578,488,0,7.05242264271,F,True,False,595,38,430,27,baa8a1ff194546cf40342247675bb3a6fd438df80029e860530ba3c449b4be7b,"Li/M/O role-RDF: six unordered pairs, 0-6 A in 0.2-A bins; scale-free sorted lattice lengths, angles, and normalized volume",SM_Ni_014,1,FP_SINGLETON_073,1,hdbscan_noise_singleton,job_051_Co_fe_-1.402_n4_generated_crystals_cif__gen_0,0.678120561987,job_148_Mn_fe_-0.904_n4_generated_crystals_cif__gen_2,0.905019360311,no_shared_cluster,D:\User\leoluis0705\Documents\xwechat_files\wxid_bbzc35ridmlc22_e97b\msg\file\2026-04\initial_1000_raw_generations.zip::raw_generations/job_108_Ni_fe_-1.123_n4/generated_crystals_cif.zip::gen_3.cif,raw_generations/job_108_Ni_fe_-1.123_n4/generated_crystals_cif.zip,gen_3.cif,True,False,False,0,0,-1.05161237717,0.968387622833,1.04838762283,False,7.05242264271,F,True,False,460,1,P1,1.86879,10.13111
job_109_Ti_fe_-0.845_n4_generated_crystals_cif__gen_0,D:\CGCNN_Formation_Energy_AL_Archive\experiments\reproducibility\staging\paired_confirmation_server_20260712\EARLY_LiM2O4_ALIGNN_HARD640_m2p18_m2p02_FLAT_20260617\job_109_Ti_fe_-0.845_n4_generated_crystals_cif__gen_0.cif,True,5b11315be41294bc5f30474fce1c646fd1cd6fde1e5474be6423d2527f3e159d,Li1 Ti2 O4,LiTi2O4,Ti,LiTi2O4,-3.20976042747,,0.543688977489,saved CGCNN MC-dropout sigma; candidate-level ALIGNN uncertainty not available,-3.38704061508,0.543688977489,0.177280187607,0.00724409895994,573,0,-6.43600267172,A,True,False,316,20,588,37,3acadecf3fa4a747a852cea4140e0e7d5f4e1fb572584434e8406b9ec7e2472a,"Li/M/O role-RDF: six unordered pairs, 0-6 A in 0.2-A bins; scale-free sorted lattice lengths, angles, and normalized volume",SM_Ti_002,41,FP_037,5,recurring_density_cluster,job_026_Ti_fe_-1.451_n4_generated_crystals_cif__gen_0,0.132736488082,job_011_Mg_fe_-1.305_n4_generated_crystals_cif__gen_0,0.553743041323,no_shared_cluster,D:\User\leoluis0705\Documents\xwechat_files\wxid_bbzc35ridmlc22_e97b\msg\file\2026-04\initial_1000_raw_generations.zip::raw_generations/job_109_Ti_fe_-0.845_n4/generated_crystals_cif.zip::gen_0.cif,raw_generations/job_109_Ti_fe_-0.845_n4/generated_crystals_cif.zip,gen_0.cif,True,False,False,0,0,-3.20976042747,1.02976042748,1.10976042747,False,-6.43600267172,A,True,False,574,44,Imm2,2.010726,10.210895
job_109_Ti_fe_-0.845_n4_generated_crystals_cif__gen_1,D:\CGCNN_Formation_Energy_AL_Archive\experiments\reproducibility\staging\paired_confirmation_server_20260712\EARLY_LiM2O4_ALIGNN_HARD640_m2p18_m2p02_FLAT_20260617\job_109_Ti_fe_-0.845_n4_generated_crystals_cif__gen_1.cif,True,6f5078a3526d4ff5d4e7af5af70644711ebf5aad475747819f34439e6a4cfda6,Li1 Ti2 O4,LiTi2O4,Ti,LiTi2O4,-3.18899798393,,0.461137857078,saved CGCNN MC-dropout sigma; candidate-level ALIGNN uncertainty not available,-3.14678096771,0.461137857078,0.0422170162201,0.0107452112236,542,0,-6.30623739958,A,True,False,502,32,311,20,19ed7a9fbc83f647100f079dc525efae5b5c65f8651c878ec4b913dd402540ed,"Li/M/O role-RDF: six unordered pairs, 0-6 A in 0.2-A bins; scale-free sorted lattice lengths, angles, and normalized volume",SM_Ti_014,5,FP_036,16,recurring_density_cluster,job_186_Ti_fe_-0.814_n4_generated_crystals_cif__gen_2,0.314813597046,job_006_Mn_fe_-1.347_n4_generated_crystals_cif__gen_1,0.760755482521,no_shared_cluster,D:\User\leoluis0705\Documents\xwechat_files\wxid_bbzc35ridmlc22_e97b\msg\file\2026-04\initial_1000_raw_generations.zip::raw_generations/job_109_Ti_fe_-0.845_n4/generated_crystals_cif.zip::gen_1.cif,raw_generations/job_109_Ti_fe_-0.845_n4/generated_crystals_cif.zip,gen_1.cif,True,False,False,0,0,-3.18899798393,1.00899798393,1.08899798393,False,-6.30623739958,A,True,False,548,1,P1,1.857298,11.779153
job_109_Ti_fe_-0.845_n4_generated_crystals_cif__gen_2,D:\CGCNN_Formation_Energy_AL_Archive\experiments\reproducibility\staging\paired_confirmation_server_20260712\EARLY_LiM2O4_ALIGNN_HARD640_m2p18_m2p02_FLAT_20260617\job_109_Ti_fe_-0.845_n4_generated_crystals_cif__gen_2.cif,True,3be8a5feb69bc184e15016351f4c1085fdb9734740e67dc72745972374c1ecf2,Li1 Ti2 O4,LiTi2O4,Ti,LiTi2O4,-3.1441757679,,0.416392967197,saved CGCNN MC-dropout sigma; candidate-level ALIGNN uncertainty not available,-3.35317611694,0.416392967197,0.209000349045,0.00173712129157,630,0,-6.02609854937,A,True,False,541,34,572,36,496d3af2590f610dc64f261e2a9bf314e29100e5203f25c450148ee0d5d09882,"Li/M/O role-RDF: six unordered pairs, 0-6 A in 0.2-A bins; scale-free sorted lattice lengths, angles, and normalized volume",SM_Ti_015,1,FP_051,6,recurring_density_cluster,job_050_Ti_fe_-1.179_n4_generated_crystals_cif__gen_1,0.663635529655,job_120_Cr_fe_-1.424_n4_generated_crystals_cif__gen_1,0.823961379947,no_shared_cluster,D:\User\leoluis0705\Documents\xwechat_files\wxid_bbzc35ridmlc22_e97b\msg\file\2026-04\initial_1000_raw_generations.zip::raw_generations/job_109_Ti_fe_-0.845_n4/generated_crystals_cif.zip::gen_2.cif,raw_generations/job_109_Ti_fe_-0.845_n4/generated_crystals_cif.zip,gen_2.cif,True,False,False,0,0,-3.1441757679,0.964175767899,1.0441757679,False,-6.02609854937,A,True,False,448,47,Pmmm,1.907138,9.574775
job_109_Ti_fe_-0.845_n4_generated_crystals_cif__gen_3,D:\CGCNN_Formation_Energy_AL_Archive\experiments\reproducibility\staging\paired_confirmation_server_20260712\EARLY_LiM2O4_ALIGNN_HARD640_m2p18_m2p02_FLAT_20260617\job_109_Ti_fe_-0.845_n4_generated_crystals_cif__gen_3.cif,True,df60165f742f27d46ef23f9ce7c24dea77b5feb49350d537a2fd8fe3009acedf,Li1 Ti2 O4,LiTi2O4,Ti,LiTi2O4,-3.19274902344,,0.498313446494,saved CGCNN MC-dropout sigma; candidate-level ALIGNN uncertainty not available,-3.24846100807,0.498313446494,0.0557119846344,0.00916413302058,559,0,-6.32968139648,A,True,False,349,22,633,40,64bf4ef630c431d492bfc9186319d595c4bc58a79dcbe09131b9c09f3b5c2a7d,"Li/M/O role-RDF: six unordered pairs, 0-6 A in 0.2-A bins; scale-free sorted lattice lengths, angles, and normalized volume",SM_Ti_003,9,FP_003,8,recurring_density_cluster,job_001_Ti_fe_-1.307_n4_generated_crystals_cif__gen_0,0.151397720258,job_120_Cr_fe_-1.424_n4_generated_crystals_cif__gen_1,0.592470084779,no_shared_cluster,D:\User\leoluis0705\Documents\xwechat_files\wxid_bbzc35ridmlc22_e97b\msg\file\2026-04\initial_1000_raw_generations.zip::raw_generations/job_109_Ti_fe_-0.845_n4/generated_crystals_cif.zip::gen_3.cif,raw_generations/job_109_Ti_fe_-0.845_n4/generated_crystals_cif.zip,gen_3.cif,True,False,False,0,0,-3.19274902344,1.01274902344,1.09274902344,False,-6.32968139648,A,True,False,552,8,Cm,1.938592,10.759724
job_111_Ni_fe_-0.951_n4_generated_crystals_cif__gen_0,D:\CGCNN_Formation_Energy_AL_Archive\experiments\reproducibility\staging\paired_confirmation_server_20260712\EARLY_LiM2O4_ALIGNN_HARD640_m2p18_m2p02_FLAT_20260617\job_111_Ni_fe_-0.951_n4_generated_crystals_cif__gen_0.cif,True,f8a6e508b5da02304b4d9c94b204316c37b2f0b8b417390ea033cdfe26527a11,Li1 Ni2 O4,Li(NiO2)2,Ni,Li(NiO2)2,-1.06621754169,,0.585389802131,saved CGCNN MC-dropout sigma; candidate-level ALIGNN uncertainty not available,-1.42656505108,0.585389802131,0.360347509384,0.0563168948901,423,0,6.96114036441,F,True,False,301,19,249,16,e3eb8b190daaf9999b68a72dfc187bee138baa0a498572b4c3dfa435f5e3136a,"Li/M/O role-RDF: six unordered pairs, 0-6 A in 0.2-A bins; scale-free sorted lattice lengths, angles, and normalized volume",SM_Ni_003,30,FP_024,8,recurring_density_cluster,job_041_Ni_fe_-1.021_n4_generated_crystals_cif__gen_0,0.0884739281973,job_136_Cr_fe_-1.181_n4_generated_crystals_cif__gen_0,0.629643530697,no_shared_cluster,D:\User\leoluis0705\Documents\xwechat_files\wxid_bbzc35ridmlc22_e97b\msg\file\2026-04\initial_1000_raw_generations.zip::raw_generations/job_111_Ni_fe_-0.951_n4/generated_crystals_cif.zip::gen_0.cif,raw_generations/job_111_Ni_fe_-0.951_n4/generated_crystals_cif.zip,gen_0.cif,True,False,False,0,0,-1.06621754169,0.953782458305,1.03378245831,False,6.96114036441,F,True,False,430,1,P1,1.863132,10.00989
job_111_Ni_fe_-0.951_n4_generated_crystals_cif__gen_1,D:\CGCNN_Formation_Energy_AL_Archive\experiments\reproducibility\staging\paired_confirmation_server_20260712\EARLY_LiM2O4_ALIGNN_HARD640_m2p18_m2p02_FLAT_20260617\job_111_Ni_fe_-0.951_n4_generated_crystals_cif__gen_1.cif,True,126b2f60e91fb3d3ed629861497c9f34b413c1ebadd566c29519ce1b7b405fed,Li1 Ni2 O4,Li(NiO2)2,Ni,Li(NiO2)2,-1.07683968544,,0.514895167185,saved CGCNN MC-dropout sigma; candidate-level ALIGNN uncertainty not available,-1.45613694191,0.514895167185,0.37929725647,0.0568508330079,418,0,6.894751966,F,True,False,345,22,440,28,475e169882d1312a367ffa234dd3fda4e8a20809b0a1a537d44c5aa44893b94f,"Li/M/O role-RDF: six unordered pairs, 0-6 A in 0.2-A bins; scale-free sorted lattice lengths, angles, and normalized volume",SM_Ni_001,14,FP_074,3,recurring_density_cluster,job_121_Ni_fe_-1.367_n4_generated_crystals_cif__gen_3,0.34801223434,job_120_Cr_fe_-1.424_n4_generated_crystals_cif__gen_1,0.83422281663,no_shared_cluster,D:\User\leoluis0705\Documents\xwechat_files\wxid_bbzc35ridmlc22_e97b\msg\file\2026-04\initial_1000_raw_generations.zip::raw_generations/job_111_Ni_fe_-0.951_n4/generated_crystals_cif.zip::gen_1.cif,raw_generations/job_111_Ni_fe_-0.951_n4/generated_crystals_cif.zip,gen_1.cif,True,False,False,0,0,-1.07683968544,0.94316031456,1.02316031456,False,6.894751966,F,True,False,410,1,P1,1.865808,10.185478
job_111_Ni_fe_-0.951_n4_generated_crystals_cif__gen_3,D:\CGCNN_Formation_Energy_AL_Archive\experiments\reproducibility\staging\paired_confirmation_server_20260712\EARLY_LiM2O4_ALIGNN_HARD640_m2p18_m2p02_FLAT_20260617\job_111_Ni_fe_-0.951_n4_generated_crystals_cif__gen_3.cif,True,eb557b2cc22cb1ab99ad01b2610b13624cfdb609759050740d7bc00c86fdb043,Li1 Ni2 O4,Li(NiO2)2,Ni,Li(NiO2)2,-1.06821727753,,0.711369558255,saved CGCNN MC-dropout sigma; candidate-level ALIGNN uncertainty not available,-1.42255020142,0.711369558255,0.354332923889,0.0570053789217,415,0,6.94864201546,F,True,False,340,22,498,32,612d1b8011da5266bc4212ca7e6af68ac1de79422409de4b288cb51f54809ddd,"Li/M/O role-RDF: six unordered pairs, 0-6 A in 0.2-A bins; scale-free sorted lattice lengths, angles, and normalized volume",SM_Ni_003,30,FP_075,3,recurring_density_cluster,job_217_Ni_fe_-1.483_n4_generated_crystals_cif__gen_0,0.194100552185,job_136_Cr_fe_-1.181_n4_generated_crystals_cif__gen_0,0.532372307913,no_shared_cluster,D:\User\leoluis0705\Documents\xwechat_files\wxid_bbzc35ridmlc22_e97b\msg\file\2026-04\initial_1000_raw_generations.zip::raw_generations/job_111_Ni_fe_-0.951_n4/generated_crystals_cif.zip::gen_3.cif,raw_generations/job_111_Ni_fe_-0.951_n4/generated_crystals_cif.zip,gen_3.cif,True,False,False,0,0,-1.06821727753,0.951782722473,1.03178272247,False,6.94864201546,F,True,False,425,1,P1,1.88783,10.06128
job_112_Cr_fe_-1.215_n4_generated_crystals_cif__gen_0,D:\CGCNN_Formation_Energy_AL_Archive\experiments\reproducibility\staging\paired_confirmation_server_20260712\EARLY_LiM2O4_ALIGNN_HARD640_m2p18_m2p02_FLAT_20260617\job_112_Cr_fe_-1.215_n4_generated_crystals_cif__gen_0.cif,True,a0dbe6d2aebe8109f183430e0864a994588954d2d91b2f24ac4335503b71bc5e,Li1 Cr2 O4,LiCr2O4,Cr,LiCr2O4,-2.21074604988,,0.441368236572,saved CGCNN MC-dropout sigma; candidate-level ALIGNN uncertainty not available,-2.10966658592,0.441368236572,0.101079463959,0.14379810317,102,0,-0.192162811756,A,True,False,75,5,169,11,99343d7aadebb720e0ac33054cd07f34ccce62330ebbcbe530ea2ae46465f50a,"Li/M/O role-RDF: six unordered pairs, 0-6 A in 0.2-A bins; scale-free sorted lattice lengths, angles, and normalized volume",SM_Cr_003,20,FP_020,9,recurring_density_cluster,job_087_Cr_fe_-1.452_n4_generated_crystals_cif__gen_0,0.0822423833077,job_136_Cr_fe_-1.181_n4_generated_crystals_cif__gen_0,0.45102832429,same_structurematcher_cluster,D:\User\leoluis0705\Documents\xwechat_files\wxid_bbzc35ridmlc22_e97b\msg\file\2026-04\initial_1000_raw_generations.zip::raw_generations/job_112_Cr_fe_-1.215_n4/generated_crystals_cif.zip::gen_0.cif,raw_generations/job_112_Cr_fe_-1.215_n4/generated_crystals_cif.zip,gen_0.cif,True,False,True,5,-0.102418564162,-2.31316461404,0.133164614043,0.213164614043,False,-0.83227883777,A,True,False,91,6,Pm,1.948721,10.735095
job_112_Cr_fe_-1.215_n4_generated_crystals_cif__gen_1,D:\CGCNN_Formation_Energy_AL_Archive\experiments\reproducibility\staging\paired_confirmation_server_20260712\EARLY_LiM2O4_ALIGNN_HARD640_m2p18_m2p02_FLAT_20260617\job_112_Cr_fe_-1.215_n4_generated_crystals_cif__gen_1.cif,True,855c83f7e02dff95d1b737cdaa27dfcc8181c36e6fb6a0ebc07cc6ca1d37c656,Li1 Cr2 O4,LiCr2O4,Cr,LiCr2O4,-2.18152070045,,0.384491706124,saved CGCNN MC-dropout sigma; candidate-level ALIGNN uncertainty not available,-2.15444636345,0.384491706124,0.0270743370056,0.163202463428,27,0,-0.00950437784195,A,True,False,162,11,191,12,fcecf2d1b9af0883a6593bb003e32b2733314b13fa4cb0942e1c610ebad658b6,"Li/M/O role-RDF: six unordered pairs, 0-6 A in 0.2-A bins; scale-free sorted lattice lengths, angles, and normalized volume",SM_Cr_002,15,FP_026,15,recurring_density_cluster,job_216_Cr_fe_-0.890_n4_generated_crystals_cif__gen_0,0.37267979724,job_204_Cr_fe_-0.932_n4_generated_crystals_cif__gen_3,0.904647390865,same_structurematcher_cluster,D:\User\leoluis0705\Documents\xwechat_files\wxid_bbzc35ridmlc22_e97b\msg\file\2026-04\initial_1000_raw_generations.zip::raw_generations/job_112_Cr_fe_-1.215_n4/generated_crystals_cif.zip::gen_1.cif,raw_generations/job_112_Cr_fe_-1.215_n4/generated_crystals_cif.zip,gen_1.cif,True,False,True,5,-0.102418564162,-2.28393926462,0.103939264617,0.183939264617,False,-0.649620403855,A,True,False,51,8,Cm,1.938322,9.871198
job_112_Cr_fe_-1.215_n4_generated_crystals_cif__gen_2,D:\CGCNN_Formation_Energy_AL_Archive\experiments\reproducibility\staging\paired_confirmation_server_20260712\EARLY_LiM2O4_ALIGNN_HARD640_m2p18_m2p02_FLAT_20260617\job_112_Cr_fe_-1.215_n4_generated_crystals_cif__gen_2.cif,True,b34553f194991a5efa608728ce22e51fd70115a18c3280959198cc96d95b5d86,Li1 Cr2 O4,LiCr2O4,Cr,LiCr2O4,-2.21286082268,,0.379225578667,saved CGCNN MC-dropout sigma; candidate-level ALIGNN uncertainty not available,-2.14326190948,0.379225578667,0.0695989131927,0.166010841759,14,0,-0.205380141735,A,True,False,12,1,173,11,59d7cfb6e85f34522083d50ed4347f9872db5fdfe68d7dbdcb728b648b237060,"Li/M/O role-RDF: six unordered pairs, 0-6 A in 0.2-A bins; scale-free sorted lattice lengths, angles, and normalized volume",SM_Cr_004,12,FP_SINGLETON_074,1,hdbscan_noise_singleton,job_094_Cr_fe_-0.989_n4_generated_crystals_cif__gen_2,0.237783364244,job_136_Cr_fe_-1.181_n4_generated_crystals_cif__gen_0,0.555656137014,no_shared_cluster,D:\User\leoluis0705\Documents\xwechat_files\wxid_bbzc35ridmlc22_e97b\msg\file\2026-04\initial_1000_raw_generations.zip::raw_generations/job_112_Cr_fe_-1.215_n4/generated_crystals_cif.zip::gen_2.cif,raw_generations/job_112_Cr_fe_-1.215_n4/generated_crystals_cif.zip,gen_2.cif,True,False,True,5,-0.102418564162,-2.31527938684,0.13527938684,0.21527938684,False,-0.845496167749,A,True,False,95,2,P-1,1.976939,10.400366
job_112_Cr_fe_-1.215_n4_generated_crystals_cif__gen_3,D:\CGCNN_Formation_Energy_AL_Archive\experiments\reproducibility\staging\paired_confirmation_server_20260712\EARLY_LiM2O4_ALIGNN_HARD640_m2p18_m2p02_FLAT_20260617\job_112_Cr_fe_-1.215_n4_generated_crystals_cif__gen_3.cif,True,969c5b98bf7263afb9e946c941877e385e9b46b0b92a1e00260ad5b90a9ca4f3,Li1 Cr2 O4,LiCr2O4,Cr,LiCr2O4,-2.18148803711,,0.402386135931,saved CGCNN MC-dropout sigma; candidate-level ALIGNN uncertainty not available,-2.10227608681,0.402386135931,0.0792119503021,0.157589273129,40,0,-0.00930023193359,A,True,False,78,5,4,1,2eeecf9d03e5b052911a5ca54bdf050514c960098041f22b2302054ac3b63371,"Li/M/O role-RDF: six unordered pairs, 0-6 A in 0.2-A bins; scale-free sorted lattice lengths, angles, and normalized volume",SM_Cr_003,20,FP_063,10,recurring_density_cluster,job_201_Cr_fe_-1.216_n4_generated_crystals_cif__gen_1,0.202367901906,job_136_Cr_fe_-1.181_n4_generated_crystals_cif__gen_0,0.24460364035,same_structurematcher_cluster,D:\User\leoluis0705\Documents\xwechat_files\wxid_bbzc35ridmlc22_e97b\msg\file\2026-04\initial_1000_raw_generations.zip::raw_generations/job_112_Cr_fe_-1.215_n4/generated_crystals_cif.zip::gen_3.cif,raw_generations/job_112_Cr_fe_-1.215_n4/generated_crystals_cif.zip,gen_3.cif,True,False,True,5,-0.102418564162,-2.28390660127,0.103906601272,0.183906601272,False,-0.649416257947,A,True,False,50,6,Pm,1.92674,10.50528
job_113_Mn_fe_-1.432_n4_generated_crystals_cif__gen_0,D:\CGCNN_Formation_Energy_AL_Archive\experiments\reproducibility\staging\paired_confirmation_server_20260712\EARLY_LiM2O4_ALIGNN_HARD640_m2p18_m2p02_FLAT_20260617\job_113_Mn_fe_-1.432_n4_generated_crystals_cif__gen_0.cif,True,ea30bb912485a27764a31395006cebcc50db0179cdcf6aaeefc55d2755966f6f,Li1 Mn2 O4,LiMn2O4,Mn,LiMn2O4,-1.92545557022,,0.465782253317,saved CGCNN MC-dropout sigma; candidate-level ALIGNN uncertainty not available,-2.22853803635,0.465782253317,0.303082466125,0.131323125752,181,0,1.59090268612,F,True,False,233,15,31,2,15db0722ff13df85f8c6096b7f5c5f73b73ccc180e84d418031abc8e333bf789,"Li/M/O role-RDF: six unordered pairs, 0-6 A in 0.2-A bins; scale-free sorted lattice lengths, angles, and normalized volume",SM_Mn_018,2,FP_066,3,recurring_density_cluster,job_074_Mn_fe_-0.891_n4_generated_crystals_cif__gen_2,0.368513307739,job_182_Cr_fe_-1.464_n4_generated_crystals_cif__gen_2,1.0014085008,no_shared_cluster,D:\User\leoluis0705\Documents\xwechat_files\wxid_bbzc35ridmlc22_e97b\msg\file\2026-04\initial_1000_raw_generations.zip::raw_generations/job_113_Mn_fe_-1.432_n4/generated_crystals_cif.zip::gen_0.cif,raw_generations/job_113_Mn_fe_-1.432_n4/generated_crystals_cif.zip,gen_0.cif,True,False,True,3,0.176542943114,-1.74891262711,0.271087372893,0.351087372893,False,2.69429608058,F,True,False,217,1,P1,1.87982,11.404077
job_113_Mn_fe_-1.432_n4_generated_crystals_cif__gen_1,D:\CGCNN_Formation_Energy_AL_Archive\experiments\reproducibility\staging\paired_confirmation_server_20260712\EARLY_LiM2O4_ALIGNN_HARD640_m2p18_m2p02_FLAT_20260617\job_113_Mn_fe_-1.432_n4_generated_crystals_cif__gen_1.cif,True,e99ee167cc42a6cf12cfcded340e4a2d82e46283ea10f472fe8c433c8ea06a5d,Li1 Mn2 O4,LiMn2O4,Mn,LiMn2O4,-1.92518615723,,0.442007338544,saved CGCNN MC-dropout sigma; candidate-level ALIGNN uncertainty not available,-2.25156664848,0.442007338544,0.326380491257,0.135512427827,141,0,1.59258651733,F,True,False,238,15,74,5,7cca1120ae2a8eb6945912a86f8bae8bbd1e08313ee6b2d8d374bb7bd517cb56,"Li/M/O role-RDF: six unordered pairs, 0-6 A in 0.2-A bins; scale-free sorted lattice lengths, angles, and normalized volume",SM_Mn_010,10,FP_056,5,recurring_density_cluster,job_176_Mn_fe_-0.980_n4_generated_crystals_cif__gen_3,0.142788788669,job_120_Cr_fe_-1.424_n4_generated_crystals_cif__gen_1,0.532325157913,no_shared_cluster,D:\User\leoluis0705\Documents\xwechat_files\wxid_bbzc35ridmlc22_e97b\msg\file\2026-04\initial_1000_raw_generations.zip::raw_generations/job_113_Mn_fe_-1.432_n4/generated_crystals_cif.zip::gen_1.cif,raw_generations/job_113_Mn_fe_-1.432_n4/generated_crystals_cif.zip,gen_1.cif,True,False,True,3,0.176542943114,-1.74864321411,0.271356785888,0.351356785888,False,2.6959799118,F,True,False,218,1,P1,1.847945,10.13539
job_113_Mn_fe_-1.432_n4_generated_crystals_cif__gen_2,D:\CGCNN_Formation_Energy_AL_Archive\experiments\reproducibility\staging\paired_confirmation_server_20260712\EARLY_LiM2O4_ALIGNN_HARD640_m2p18_m2p02_FLAT_20260617\job_113_Mn_fe_-1.432_n4_generated_crystals_cif__gen_2.cif,True,750c3afc6f05a98fbf7e33cd88215af45e5cebc92fbd3e3fc0513c25e87274b4,Li1 Mn2 O4,LiMn2O4,Mn,LiMn2O4,-1.99888682365,,0.440138292603,saved CGCNN MC-dropout sigma; candidate-level ALIGNN uncertainty not available,-2.28160834312,0.440138292603,0.28272151947,0.132583740894,174,0,1.13195735216,F,True,False,170,11,80,5,92dbc0c95a99273cf1547069b3a9c085fc4e5bfad626567eb49d958c24d17823,"Li/M/O role-RDF: six unordered pairs, 0-6 A in 0.2-A bins; scale-free sorted lattice lengths, angles, and normalized volume",SM_Mn_013,8,FP_SINGLETON_075,1,hdbscan_noise_singleton,job_191_Ti_fe_-0.867_n4_generated_crystals_cif__gen_3,0.357136179965,job_011_Mg_fe_-1.305_n4_generated_crystals_cif__gen_0,0.770381417691,no_shared_cluster,D:\User\leoluis0705\Documents\xwechat_files\wxid_bbzc35ridmlc22_e97b\msg\file\2026-04\initial_1000_raw_generations.zip::raw_generations/job_113_Mn_fe_-1.432_n4/generated_crystals_cif.zip::gen_2.cif,raw_generations/job_113_Mn_fe_-1.432_n4/generated_crystals_cif.zip,gen_2.cif,True,False,True,3,0.176542943114,-1.82234388054,0.19765611946,0.27765611946,False,2.23535074663,F,True,False,179,8,Cm,1.901667,10.133782
job_114_Al_fe_-1.252_n4_generated_crystals_cif__gen_0,D:\CGCNN_Formation_Energy_AL_Archive\experiments\reproducibility\staging\paired_confirmation_server_20260712\EARLY_LiM2O4_ALIGNN_HARD640_m2p18_m2p02_FLAT_20260617\job_114_Al_fe_-1.252_n4_generated_crystals_cif__gen_0.cif,True,ab8400bf07a69fa73e528721ad5e47a7867054206353a252ba6caebcd899d9f2,Li1 Al2 O4,LiAl2O4,Al,LiAl2O4,-2.88388323784,,0.452696993766,saved CGCNN MC-dropout sigma; candidate-level ALIGNN uncertainty not available,-2.49609851837,0.452696993766,0.387784719467,0.0960383875556,243,0,-4.39927023649,A,True,False,408,26,266,17,3487f77ef7909ed1af3d0d66467b7592ddee21cf874c590ae21b2950059133be,"Li/M/O role-RDF: six unordered pairs, 0-6 A in 0.2-A bins; scale-free sorted lattice lengths, angles, and normalized volume",SM_Al_012,1,FP_SINGLETON_076,1,hdbscan_noise_singleton,job_187_Ni_fe_-0.981_n4_generated_crystals_cif__gen_2,2.19414233071,job_182_Cr_fe_-1.464_n4_generated_crystals_cif__gen_2,2.29466776151,no_shared_cluster,D:\User\leoluis0705\Documents\xwechat_files\wxid_bbzc35ridmlc22_e97b\msg\file\2026-04\initial_1000_raw_generations.zip::raw_generations/job_114_Al_fe_-1.252_n4/generated_crystals_cif.zip::gen_0.cif,raw_generations/job_114_Al_fe_-1.252_n4/generated_crystals_cif.zip,gen_0.cif,True,False,False,0,0,-2.88388323784,0.703883237839,0.783883237839,False,-4.39927023649,A,True,False,372,1,P1,1.696987,10.460144
job_114_Al_fe_-1.252_n4_generated_crystals_cif__gen_1,D:\CGCNN_Formation_Energy_AL_Archive\experiments\reproducibility\staging\paired_confirmation_server_20260712\EARLY_LiM2O4_ALIGNN_HARD640_m2p18_m2p02_FLAT_20260617\job_114_Al_fe_-1.252_n4_generated_crystals_cif__gen_1.cif,True,9690bc0eaff67aaba8907d835e63ef1bbbfcdb1c9db03b541a7ff7d76b3b95e0,Li1 Al2 O4,LiAl2O4,Al,LiAl2O4,-3.15618538857,,0.461149248511,saved CGCNN MC-dropout sigma; candidate-level ALIGNN uncertainty not available,-2.55245065689,0.461149248511,0.603734731674,0.0855201855233,276,0,-6.10115867853,A,True,False,291,19,450,29,0f6e30bd4f3f328c9e8e88f2d041d4ac29ca856a9c6f810c5230cdd95f347d50,"Li/M/O role-RDF: six unordered pairs, 0-6 A in 0.2-A bins; scale-free sorted lattice lengths, angles, and normalized volume",SM_Al_004,8,FP_050,3,recurring_density_cluster,job_072_Co_fe_-0.820_n4_generated_crystals_cif__gen_2,0.352132729228,job_148_Mn_fe_-0.904_n4_generated_crystals_cif__gen_2,0.960297355299,no_shared_cluster,D:\User\leoluis0705\Documents\xwechat_files\wxid_bbzc35ridmlc22_e97b\msg\file\2026-04\initial_1000_raw_generations.zip::raw_generations/job_114_Al_fe_-1.252_n4/generated_crystals_cif.zip::gen_1.cif,raw_generations/job_114_Al_fe_-1.252_n4/generated_crystals_cif.zip,gen_1.cif,True,False,False,0,0,-3.15618538857,0.976185388565,1.05618538857,False,-6.10115867853,A,True,False,477,8,Cm,1.87762,10.094001
job_114_Al_fe_-1.252_n4_generated_crystals_cif__gen_2,D:\CGCNN_Formation_Energy_AL_Archive\experiments\reproducibility\staging\paired_confirmation_server_20260712\EARLY_LiM2O4_ALIGNN_HARD640_m2p18_m2p02_FLAT_20260617\job_114_Al_fe_-1.252_n4_generated_crystals_cif__gen_2.cif,True,21fdb7369af2417680670bb744e38ff6b7c6e684652b43beee977111be61cfd4,Li1 Al2 O4,LiAl2O4,Al,LiAl2O4,-3.16875243187,,0.382367794579,saved CGCNN MC-dropout sigma; candidate-level ALIGNN uncertainty not available,-2.61470651627,0.382367794579,0.554045915604,0.0678598662547,365,0,-6.17970269918,A,True,False,609,39,454,29,daff78e24617d052d12629940ff92abe84391961fdaf544cb144a53aa7e03b43,"Li/M/O role-RDF: six unordered pairs, 0-6 A in 0.2-A bins; scale-free sorted lattice lengths, angles, and normalized volume",SM_Al_003,9,FP_021,6,recurring_density_cluster,job_245_Al_fe_-1.035_n4_generated_crystals_cif__gen_2,0.0962909396427,job_204_Cr_fe_-0.932_n4_generated_crystals_cif__gen_3,1.03777815158,no_shared_cluster,D:\User\leoluis0705\Documents\xwechat_files\wxid_bbzc35ridmlc22_e97b\msg\file\2026-04\initial_1000_raw_generations.zip::raw_generations/job_114_Al_fe_-1.252_n4/generated_crystals_cif.zip::gen_2.cif,raw_generations/job_114_Al_fe_-1.252_n4/generated_crystals_cif.zip,gen_2.cif,True,False,False,0,0,-3.16875243187,0.98875243187,1.06875243187,False,-6.17970269918,A,True,False,507,1,P1,1.899643,9.088872
job_115_Al_fe_-1.173_n4_generated_crystals_cif__gen_0,D:\CGCNN_Formation_Energy_AL_Archive\experiments\reproducibility\staging\paired_confirmation_server_20260712\EARLY_LiM2O4_ALIGNN_HARD640_m2p18_m2p02_FLAT_20260617\job_115_Al_fe_-1.173_n4_generated_crystals_cif__gen_0.cif,True,fcdd63102b7716f0e30e6362213086863c56ed812b1ddf3f9c8973001150540c,Li1 Al2 O4,LiAl2O4,Al,LiAl2O4,-3.10915994644,,0.507766493049,saved CGCNN MC-dropout sigma; candidate-level ALIGNN uncertainty not available,-2.54760336876,0.507766493049,0.561556577682,0.0851578938863,277,0,-5.80724966526,A,True,False,549,35,325,21,364c391983557f9a6aa58ee8c80acbb8e124a577db291af447cfa7149f466692,"Li/M/O role-RDF: six unordered pairs, 0-6 A in 0.2-A bins; scale-free sorted lattice lengths, angles, and normalized volume",SM_Al_013,3,FP_SINGLETON_077,1,hdbscan_noise_singleton,job_245_Al_fe_-1.035_n4_generated_crystals_cif__gen_0,0.490449574923,job_136_Cr_fe_-1.181_n4_generated_crystals_cif__gen_0,0.788085083066,no_shared_cluster,D:\User\leoluis0705\Documents\xwechat_files\wxid_bbzc35ridmlc22_e97b\msg\file\2026-04\initial_1000_raw_generations.zip::raw_generations/job_115_Al_fe_-1.173_n4/generated_crystals_cif.zip::gen_0.cif,raw_generations/job_115_Al_fe_-1.173_n4/generated_crystals_cif.zip,gen_0.cif,True,False,False,0,0,-3.10915994644,0.929159946442,1.00915994644,False,-5.80724966526,A,True,False,400,10,P2/m,1.869144,9.766659
job_115_Al_fe_-1.173_n4_generated_crystals_cif__gen_1,D:\CGCNN_Formation_Energy_AL_Archive\experiments\reproducibility\staging\paired_confirmation_server_20260712\EARLY_LiM2O4_ALIGNN_HARD640_m2p18_m2p02_FLAT_20260617\job_115_Al_fe_-1.173_n4_generated_crystals_cif__gen_1.cif,True,9542e28738c1e43d7a707e3b0624bc8476e32246de8ef1230b10950872b6ef56,Li1 Al2 O4,LiAl2O4,Al,LiAl2O4,-3.12134313583,,0.456567954197,saved CGCNN MC-dropout sigma; candidate-level ALIGNN uncertainty not available,-2.56494784355,0.456567954197,0.556395292282,0.0832545901184,285,0,-5.88339459896,A,True,False,48,3,327,21,4fdd486e24b3109d3d6d783e0e00a172248ca4b76359e4db67f973ac4d1e059f,"Li/M/O role-RDF: six unordered pairs, 0-6 A in 0.2-A bins; scale-free sorted lattice lengths, angles, and normalized volume",SM_Al_006,5,FP_034,19,recurring_density_cluster,job_090_Al_fe_-0.837_n4_generated_crystals_cif__gen_2,0.171892557091,job_120_Cr_fe_-1.424_n4_generated_crystals_cif__gen_1,0.735962206107,no_shared_cluster,D:\User\leoluis0705\Documents\xwechat_files\wxid_bbzc35ridmlc22_e97b\msg\file\2026-04\initial_1000_raw_generations.zip::raw_generations/job_115_Al_fe_-1.173_n4/generated_crystals_cif.zip::gen_1.cif,raw_generations/job_115_Al_fe_-1.173_n4/generated_crystals_cif.zip,gen_1.cif,True,False,False,0,0,-3.12134313583,0.941343135834,1.02134313583,False,-5.88339459896,A,True,False,407,12,C2/m,1.898961,9.765685
job_116_Ti_fe_-1.462_n4_generated_crystals_cif__gen_1,D:\CGCNN_Formation_Energy_AL_Archive\experiments\reproducibility\staging\paired_confirmation_server_20260712\EARLY_LiM2O4_ALIGNN_HARD640_m2p18_m2p02_FLAT_20260617\job_116_Ti_fe_-1.462_n4_generated_crystals_cif__gen_1.cif,True,0280669bdf4c99c7140ca4fec910293e05a41e851e8860b43ff41906aa738862,Li1 Ti2 O4,LiTi2O4,Ti,LiTi2O4,-3.10677361488,,0.449356609449,saved CGCNN MC-dropout sigma; candidate-level ALIGNN uncertainty not available,-3.1546857357,0.449356609449,0.0479121208191,0.00925599627515,558,0,-5.79233509302,A,True,False,413,26,307,20,52ab590d4e7294182dbeaab4c270018a80a0f7d6b2d00a1b204294da4de1a881,"Li/M/O role-RDF: six unordered pairs, 0-6 A in 0.2-A bins; scale-free sorted lattice lengths, angles, and normalized volume",SM_Ti_016,1,FP_SINGLETON_078,1,hdbscan_noise_singleton,job_201_Cr_fe_-1.216_n4_generated_crystals_cif__gen_2,0.797735258045,job_201_Cr_fe_-1.216_n4_generated_crystals_cif__gen_2,0.797735258045,no_shared_cluster,D:\User\leoluis0705\Documents\xwechat_files\wxid_bbzc35ridmlc22_e97b\msg\file\2026-04\initial_1000_raw_generations.zip::raw_generations/job_116_Ti_fe_-1.462_n4/generated_crystals_cif.zip::gen_1.cif,raw_generations/job_116_Ti_fe_-1.462_n4/generated_crystals_cif.zip,gen_1.cif,True,False,False,0,0,-3.10677361488,0.926773614883,1.00677361488,False,-5.79233509302,A,True,False,398,12,C2/m,1.991657,11.002305
job_116_Ti_fe_-1.462_n4_generated_crystals_cif__gen_2,D:\CGCNN_Formation_Energy_AL_Archive\experiments\reproducibility\staging\paired_confirmation_server_20260712\EARLY_LiM2O4_ALIGNN_HARD640_m2p18_m2p02_FLAT_20260617\job_116_Ti_fe_-1.462_n4_generated_crystals_cif__gen_2.cif,True,028bf61f47fcbea5589d608c8339674b5d504d2f57516031c7f08d3adb20f2fc,Li1 Ti2 O4,LiTi2O4,Ti,LiTi2O4,-3.18076348305,,0.396500711527,saved CGCNN MC-dropout sigma; candidate-level ALIGNN uncertainty not available,-3.3397936821,0.396500711527,0.159030199051,0.0012854622238,635,0,-6.25477176905,A,True,False,625,40,577,37,275272f5ab1e2250b22aafa5a7e73f95ae0003e265dca5e426288352357c4c8e,"Li/M/O role-RDF: six unordered pairs, 0-6 A in 0.2-A bins; scale-free sorted lattice lengths, angles, and normalized volume",SM_Ti_010,5,FP_051,6,recurring_density_cluster,job_050_Ti_fe_-1.179_n4_generated_crystals_cif__gen_0,0.0713013919864,job_120_Cr_fe_-1.424_n4_generated_crystals_cif__gen_1,0.933891092602,no_shared_cluster,D:\User\leoluis0705\Documents\xwechat_files\wxid_bbzc35ridmlc22_e97b\msg\file\2026-04\initial_1000_raw_generations.zip::raw_generations/job_116_Ti_fe_-1.462_n4/generated_crystals_cif.zip::gen_2.cif,raw_generations/job_116_Ti_fe_-1.462_n4/generated_crystals_cif.zip,gen_2.cif,True,False,False,0,0,-3.18076348305,1.00076348305,1.08076348305,False,-6.25477176905,A,True,False,537,5,C2,1.866306,9.475842
job_116_Ti_fe_-1.462_n4_generated_crystals_cif__gen_3,D:\CGCNN_Formation_Energy_AL_Archive\experiments\reproducibility\staging\paired_confirmation_server_20260712\EARLY_LiM2O4_ALIGNN_HARD640_m2p18_m2p02_FLAT_20260617\job_116_Ti_fe_-1.462_n4_generated_crystals_cif__gen_3.cif,True,7a3f3182be80b9e1c7e86ce8e4a6e3a5c03f4b27e579e4ff0f1e3dfff0bcd0d8,Li1 Ti2 O4,LiTi2O4,Ti,LiTi2O4,-3.22592616081,,0.495131124228,saved CGCNN MC-dropout sigma; candidate-level ALIGNN uncertainty not available,-3.3388478756,0.495131124228,0.112921714783,0.00576422280617,589,0,-6.53703850508,A,True,False,490,31,593,38,7963fb27ef5dfe163047621d4731528a7abeff04088ce8851041ccfecef06980,"Li/M/O role-RDF: six unordered pairs, 0-6 A in 0.2-A bins; scale-free sorted lattice lengths, angles, and normalized volume",SM_Ti_002,41,FP_038,19,recurring_density_cluster,job_069_Mn_fe_-1.295_n4_generated_crystals_cif__gen_2,0.434191952268,job_011_Mg_fe_-1.305_n4_generated_crystals_cif__gen_0,0.717763449588,no_shared_cluster,D:\User\leoluis0705\Documents\xwechat_files\wxid_bbzc35ridmlc22_e97b\msg\file\2026-04\initial_1000_raw_generations.zip::raw_generations/job_116_Ti_fe_-1.462_n4/generated_crystals_cif.zip::gen_3.cif,raw_generations/job_116_Ti_fe_-1.462_n4/generated_crystals_cif.zip,gen_3.cif,True,False,False,0,0,-3.22592616081,1.04592616081,1.12592616081,False,-6.53703850508,A,True,False,618,1,P1,1.968579,10.003437
job_117_Ti_fe_-0.811_n4_generated_crystals_cif__gen_0,D:\CGCNN_Formation_Energy_AL_Archive\experiments\reproducibility\staging\paired_confirmation_server_20260712\EARLY_LiM2O4_ALIGNN_HARD640_m2p18_m2p02_FLAT_20260617\job_117_Ti_fe_-0.811_n4_generated_crystals_cif__gen_0.cif,True,e7947f0994f69cf557ce11cb83c09fa656285d14e4c913a6f06a370093fe5836,Li1 Ti2 O4,LiTi2O4,Ti,LiTi2O4,-3.13112425804,,0.454157838788,saved CGCNN MC-dropout sigma; candidate-level ALIGNN uncertainty not available,-3.16103506088,0.454157838788,0.0299108028412,0.0093864010682,553,0,-5.94452661276,A,True,False,271,17,306,20,252a7a98e61e02d2deca1b0420fa36b3ea91e10eb401d81c63ba971c54dd2d90,"Li/M/O role-RDF: six unordered pairs, 0-6 A in 0.2-A bins; scale-free sorted lattice lengths, angles, and normalized volume",SM_Ti_008,5,FP_SINGLETON_079,1,hdbscan_noise_singleton,job_206_Ti_fe_-0.853_n4_generated_crystals_cif__gen_0,1.41085182998,job_214_Cr_fe_-0.857_n4_generated_crystals_cif__gen_0,1.61365132559,no_shared_cluster,D:\User\leoluis0705\Documents\xwechat_files\wxid_bbzc35ridmlc22_e97b\msg\file\2026-04\initial_1000_raw_generations.zip::raw_generations/job_117_Ti_fe_-0.811_n4/generated_crystals_cif.zip::gen_0.cif,raw_generations/job_117_Ti_fe_-0.811_n4/generated_crystals_cif.zip,gen_0.cif,True,False,False,0,0,-3.13112425804,0.951124258041,1.03112425804,False,-5.94452661276,A,True,False,423,8,Cm,1.858457,10.285678
job_117_Ti_fe_-0.811_n4_generated_crystals_cif__gen_1,D:\CGCNN_Formation_Energy_AL_Archive\experiments\reproducibility\staging\paired_confirmation_server_20260712\EARLY_LiM2O4_ALIGNN_HARD640_m2p18_m2p02_FLAT_20260617\job_117_Ti_fe_-0.811_n4_generated_crystals_cif__gen_1.cif,True,21ba38bb0ae546447e5d9a5ab25b98fee89ea6e4411ddd4f40bc5d81ffd7842a,Li1 Ti2 O4,LiTi2O4,Ti,LiTi2O4,-3.22245001793,,0.519216443753,saved CGCNN MC-dropout sigma; candidate-level ALIGNN uncertainty not available,-3.36548471451,0.519216443753,0.143034696579,0.00642908569993,578,0,-6.51531261206,A,True,False,621,39,596,38,bd5e7f3837bb33c7ef43d3b1491d9f5bc3ca4e65f2915b1c6b464590a5172641,"Li/M/O role-RDF: six unordered pairs, 0-6 A in 0.2-A bins; scale-free sorted lattice lengths, angles, and normalized volume",SM_Ti_002,41,FP_076,4,recurring_density_cluster,job_119_Ti_fe_-1.262_n4_generated_crystals_cif__gen_1,0.201581163646,job_011_Mg_fe_-1.305_n4_generated_crystals_cif__gen_0,0.7694662756,no_shared_cluster,D:\User\leoluis0705\Documents\xwechat_files\wxid_bbzc35ridmlc22_e97b\msg\file\2026-04\initial_1000_raw_generations.zip::raw_generations/job_117_Ti_fe_-0.811_n4/generated_crystals_cif.zip::gen_1.cif,raw_generations/job_117_Ti_fe_-0.811_n4/generated_crystals_cif.zip,gen_1.cif,True,False,False,0,0,-3.22245001793,1.04245001793,1.12245001793,False,-6.51531261206,A,True,False,608,119,I-4m2,2.00962,10.041609
job_117_Ti_fe_-0.811_n4_generated_crystals_cif__gen_2,D:\CGCNN_Formation_Energy_AL_Archive\experiments\reproducibility\staging\paired_confirmation_server_20260712\EARLY_LiM2O4_ALIGNN_HARD640_m2p18_m2p02_FLAT_20260617\job_117_Ti_fe_-0.811_n4_generated_crystals_cif__gen_2.cif,True,a54259f2f28dbb7b79824a98f911e1fd36f944c74c51c9cf0122760f2f46ca81,Li1 Ti2 O4,LiTi2O4,Ti,LiTi2O4,-3.2232105732,,0.559050444019,saved CGCNN MC-dropout sigma; candidate-level ALIGNN uncertainty not available,-3.35392999649,0.559050444019,0.130719423294,0.00935549626501,555,0,-6.52006608248,A,True,False,336,21,580,37,769d6d9d996c892b0b14465ab3ba4ba863d69ae89bcf4c546299be91251e80b1,"Li/M/O role-RDF: six unordered pairs, 0-6 A in 0.2-A bins; scale-free sorted lattice lengths, angles, and normalized volume",SM_Ti_002,41,FP_060,7,recurring_density_cluster,job_236_Ti_fe_-1.031_n4_generated_crystals_cif__gen_3,0.118593806313,job_011_Mg_fe_-1.305_n4_generated_crystals_cif__gen_0,0.872148258188,no_shared_cluster,D:\User\leoluis0705\Documents\xwechat_files\wxid_bbzc35ridmlc22_e97b\msg\file\2026-04\initial_1000_raw_generations.zip::raw_generations/job_117_Ti_fe_-0.811_n4/generated_crystals_cif.zip::gen_2.cif,raw_generations/job_117_Ti_fe_-0.811_n4/generated_crystals_cif.zip,gen_2.cif,True,False,False,0,0,-3.2232105732,1.0432105732,1.1232105732,False,-6.52006608248,A,True,False,612,8,Cm,2.003415,10.002824
job_118_Mn_fe_-1.458_n4_generated_crystals_cif__gen_0,D:\CGCNN_Formation_Energy_AL_Archive\experiments\reproducibility\staging\paired_confirmation_server_20260712\EARLY_LiM2O4_ALIGNN_HARD640_m2p18_m2p02_FLAT_20260617\job_118_Mn_fe_-1.458_n4_generated_crystals_cif__gen_0.cif,True,88678a399e63387a24c48e490f712b81b0e0ce084661066dc15ad9ab278daeb4,Li1 Mn2 O4,LiMn2O4,Mn,LiMn2O4,-2.00909376144,,0.499878185173,saved CGCNN MC-dropout sigma; candidate-level ALIGNN uncertainty not available,-2.2289056778,0.499878185173,0.219811916351,0.123026280523,212,0,1.06816399097,F,True,False,164,11,32,2,e183c40c15ef1bed3be5cbb9111c6403ffb331b9671ddc0e39b4614c2d5a2e6a,"Li/M/O role-RDF: six unordered pairs, 0-6 A in 0.2-A bins; scale-free sorted lattice lengths, angles, and normalized volume",SM_Mn_003,16,FP_010,7,recurring_density_cluster,job_069_Mn_fe_-1.295_n4_generated_crystals_cif__gen_3,0.251064456612,job_086_Mn_fe_-0.988_n4_generated_crystals_cif__gen_2,0.482906256531,same_structurematcher_cluster,D:\User\leoluis0705\Documents\xwechat_files\wxid_bbzc35ridmlc22_e97b\msg\file\2026-04\initial_1000_raw_generations.zip::raw_generations/job_118_Mn_fe_-1.458_n4/generated_crystals_cif.zip::gen_0.cif,raw_generations/job_118_Mn_fe_-1.458_n4/generated_crystals_cif.zip,gen_0.cif,True,False,True,3,0.176542943114,-1.83255081833,0.18744918167,0.26744918167,False,2.17155738544,F,True,False,160,1,P1,1.92068,10.928663
job_118_Mn_fe_-1.458_n4_generated_crystals_cif__gen_1,D:\CGCNN_Formation_Energy_AL_Archive\experiments\reproducibility\staging\paired_confirmation_server_20260712\EARLY_LiM2O4_ALIGNN_HARD640_m2p18_m2p02_FLAT_20260617\job_118_Mn_fe_-1.458_n4_generated_crystals_cif__gen_1.cif,True,f7b913dbeab4912e39d09203a7e7de6222799823fb80c38a74bf816323312ffb,Li1 Mn2 O4,LiMn2O4,Mn,LiMn2O4,-1.92059874535,,0.461909874865,saved CGCNN MC-dropout sigma; candidate-level ALIGNN uncertainty not available,-2.17194390297,0.461909874865,0.251345157623,0.135859691158,139,0,1.62125784159,F,True,False,3,1,235,15,1bf109369d51460acf234925f82e3383becc9f34d8a53b40a99e9a0306197d1d,"Li/M/O role-RDF: six unordered pairs, 0-6 A in 0.2-A bins; scale-free sorted lattice lengths, angles, and normalized volume",SM_Mn_012,5,FP_036,16,recurring_density_cluster,job_133_Mn_fe_-1.385_n4_generated_crystals_cif__gen_3,0.602681375325,job_148_Mn_fe_-0.904_n4_generated_crystals_cif__gen_2,0.935320360625,no_shared_cluster,D:\User\leoluis0705\Documents\xwechat_files\wxid_bbzc35ridmlc22_e97b\msg\file\2026-04\initial_1000_raw_generations.zip::raw_generations/job_118_Mn_fe_-1.458_n4/generated_crystals_cif.zip::gen_1.cif,raw_generations/job_118_Mn_fe_-1.458_n4/generated_crystals_cif.zip,gen_1.cif,True,False,True,3,0.176542943114,-1.74405580223,0.275944197768,0.355944197768,False,2.72465123605,F,True,False,223,1,P1,1.809925,11.690255
job_118_Mn_fe_-1.458_n4_generated_crystals_cif__gen_2,D:\CGCNN_Formation_Energy_AL_Archive\experiments\reproducibility\staging\paired_confirmation_server_20260712\EARLY_LiM2O4_ALIGNN_HARD640_m2p18_m2p02_FLAT_20260617\job_118_Mn_fe_-1.458_n4_generated_crystals_cif__gen_2.cif,True,e63070b52f592d8ba5abcc2c19ab3683f21bb3e13a489e44d98e6dcdc11e0f77,Li1 Mn2 O4,LiMn2O4,Mn,LiMn2O4,-2.03523588181,,0.426838344703,saved CGCNN MC-dropout sigma; candidate-level ALIGNN uncertainty not available,-2.16365361214,0.426838344703,0.128417730331,0.147047288387,78,1,0.904775738716,E,True,False,8,1,212,14,0fa55a222056e3f1364ba40c461096566b3bc709140cc26e86543df917469b82,"Li/M/O role-RDF: six unordered pairs, 0-6 A in 0.2-A bins; scale-free sorted lattice lengths, angles, and normalized volume",SM_Mn_004,35,FP_044,8,recurring_density_cluster,job_125_Mn_fe_-1.190_n4_generated_crystals_cif__gen_3,0.10901369811,job_044_Mn_fe_-0.936_n4_generated_crystals_cif__gen_1,0.321528638526,same_structurematcher_cluster,D:\User\leoluis0705\Documents\xwechat_files\wxid_bbzc35ridmlc22_e97b\msg\file\2026-04\initial_1000_raw_generations.zip::raw_generations/job_118_Mn_fe_-1.458_n4/generated_crystals_cif.zip::gen_2.cif,raw_generations/job_118_Mn_fe_-1.458_n4/generated_crystals_cif.zip,gen_2.cif,True,False,True,3,0.176542943114,-1.85869293869,0.161307061309,0.241307061309,False,2.00816913318,F,True,False,113,6,Pm,1.935083,10.874685
job_118_Mn_fe_-1.458_n4_generated_crystals_cif__gen_3,D:\CGCNN_Formation_Energy_AL_Archive\experiments\reproducibility\staging\paired_confirmation_server_20260712\EARLY_LiM2O4_ALIGNN_HARD640_m2p18_m2p02_FLAT_20260617\job_118_Mn_fe_-1.458_n4_generated_crystals_cif__gen_3.cif,True,753f18074d67d2446ef26b3118d40ad538f396852b7c6f024d72d52aba59183e,Li1 Mn2 O4,LiMn2O4,Mn,LiMn2O4,-1.94581615925,,0.438023787262,saved CGCNN MC-dropout sigma; candidate-level ALIGNN uncertainty not available,-2.20822405815,0.438023787262,0.262407898903,0.14060934233,126,0,1.4636490047,F,True,False,242,16,241,16,62dd25691ba05fec35535b9e3c863da64e605d01f29ff74fecd2e08c7b66d223,"Li/M/O role-RDF: six unordered pairs, 0-6 A in 0.2-A bins; scale-free sorted lattice lengths, angles, and normalized volume",SM_Mn_017,5,FP_043,10,recurring_density_cluster,job_164_Mn_fe_-1.449_n4_generated_crystals_cif__gen_1,0.372205590827,job_083_Cr_fe_-0.935_n4_generated_crystals_cif__gen_1,0.518801106222,same_fingerprint_cluster,D:\User\leoluis0705\Documents\xwechat_files\wxid_bbzc35ridmlc22_e97b\msg\file\2026-04\initial_1000_raw_generations.zip::raw_generations/job_118_Mn_fe_-1.458_n4/generated_crystals_cif.zip::gen_3.cif,raw_generations/job_118_Mn_fe_-1.458_n4/generated_crystals_cif.zip,gen_3.cif,True,False,True,3,0.176542943114,-1.76927321613,0.250726783866,0.330726783866,False,2.56704239916,F,True,False,206,160,R3m,1.942045,10.728963
job_119_Ti_fe_-1.262_n4_generated_crystals_cif__gen_0,D:\CGCNN_Formation_Energy_AL_Archive\experiments\reproducibility\staging\paired_confirmation_server_20260712\EARLY_LiM2O4_ALIGNN_HARD640_m2p18_m2p02_FLAT_20260617\job_119_Ti_fe_-1.262_n4_generated_crystals_cif__gen_0.cif,True,93a40994e1a4830b0ad1248176672a466b5528bc06aae363254469e9e4d6cf01,Li1 Ti2 O4,LiTi2O4,Ti,LiTi2O4,-3.16631007195,,0.350827868838,saved CGCNN MC-dropout sigma; candidate-level ALIGNN uncertainty not available,-3.25688314438,0.350827868838,0.0905730724335,0.000860660829775,638,0,-6.16443794966,A,True,False,612,39,625,40,e41d150bcc5b75da7a522922401558d2b825ab460ffe0f197af1ec638c212a52,"Li/M/O role-RDF: six unordered pairs, 0-6 A in 0.2-A bins; scale-free sorted lattice lengths, angles, and normalized volume",SM_Ti_005,11,FP_013,10,recurring_density_cluster,job_180_Ti_fe_-0.903_n4_generated_crystals_cif__gen_0,0.0157957358247,job_167_Mn_fe_-0.885_n4_generated_crystals_cif__gen_3,0.590036655304,no_shared_cluster,D:\User\leoluis0705\Documents\xwechat_files\wxid_bbzc35ridmlc22_e97b\msg\file\2026-04\initial_1000_raw_generations.zip::raw_generations/job_119_Ti_fe_-1.262_n4/generated_crystals_cif.zip::gen_0.cif,raw_generations/job_119_Ti_fe_-1.262_n4/generated_crystals_cif.zip,gen_0.cif,True,False,False,0,0,-3.16631007195,0.986310071945,1.06631007195,False,-6.16443794966,A,True,False,500,10,P2/m,1.992879,10.93589
job_119_Ti_fe_-1.262_n4_generated_crystals_cif__gen_1,D:\CGCNN_Formation_Energy_AL_Archive\experiments\reproducibility\staging\paired_confirmation_server_20260712\EARLY_LiM2O4_ALIGNN_HARD640_m2p18_m2p02_FLAT_20260617\job_119_Ti_fe_-1.262_n4_generated_crystals_cif__gen_1.cif,True,d5d20c169e8228e59853c0da478d4ea2b5f5e6ae149441a1a3457e14d537bca4,Li1 Ti2 O4,LiTi2O4,Ti,LiTi2O4,-3.22038602829,,0.49796763849,saved CGCNN MC-dropout sigma; candidate-level ALIGNN uncertainty not available,-3.38300967216,0.49796763849,0.162623643875,0.00475075156388,599,0,-6.50241267681,A,True,False,268,17,570,36,d48ff28846fcb80581174ef716d53fd8f7efdb26f45843b12154ba8dd96c38d4,"Li/M/O role-RDF: six unordered pairs, 0-6 A in 0.2-A bins; scale-free sorted lattice lengths, angles, and normalized volume",SM_Ti_002,41,FP_076,4,recurring_density_cluster,job_160_Ti_fe_-1.290_n4_generated_crystals_cif__gen_2,0.15408857169,job_011_Mg_fe_-1.305_n4_generated_crystals_cif__gen_0,0.756186268509,no_shared_cluster,D:\User\leoluis0705\Documents\xwechat_files\wxid_bbzc35ridmlc22_e97b\msg\file\2026-04\initial_1000_raw_generations.zip::raw_generations/job_119_Ti_fe_-1.262_n4/generated_crystals_cif.zip::gen_1.cif,raw_generations/job_119_Ti_fe_-1.262_n4/generated_crystals_cif.zip,gen_1.cif,True,False,False,0,0,-3.22038602829,1.04038602829,1.12038602829,False,-6.50241267681,A,True,False,600,8,Cm,2.00429,10.086483
job_119_Ti_fe_-1.262_n4_generated_crystals_cif__gen_3,D:\CGCNN_Formation_Energy_AL_Archive\experiments\reproducibility\staging\paired_confirmation_server_20260712\EARLY_LiM2O4_ALIGNN_HARD640_m2p18_m2p02_FLAT_20260617\job_119_Ti_fe_-1.262_n4_generated_crystals_cif__gen_3.cif,True,7f9ba8fcb83f33dd1ee35379b89f0a92b601b180eadb6eb1915e035a259f1ca2,Li1 Ti2 O4,LiTi2O4,Ti,LiTi2O4,-3.17978191376,,0.339178213539,saved CGCNN MC-dropout sigma; candidate-level ALIGNN uncertainty not available,-3.22768449783,0.339178213539,0.0479025840759,0.000819535427944,639,0,-6.24863696098,A,True,False,279,18,631,40,4a57cb0fa491922a852c625216e98a871b5cdfdedb4d8e1d831a7e96a62ea3dc,"Li/M/O role-RDF: six unordered pairs, 0-6 A in 0.2-A bins; scale-free sorted lattice lengths, angles, and normalized volume",SM_Ti_007,9,FP_039,9,recurring_density_cluster,job_199_Ti_fe_-1.428_n4_generated_crystals_cif__gen_2,0.253312908141,job_249_Cr_fe_-1.500_n4_generated_crystals_cif__gen_1,0.807494017534,no_shared_cluster,D:\User\leoluis0705\Documents\xwechat_files\wxid_bbzc35ridmlc22_e97b\msg\file\2026-04\initial_1000_raw_generations.zip::raw_generations/job_119_Ti_fe_-1.262_n4/generated_crystals_cif.zip::gen_3.cif,raw_generations/job_119_Ti_fe_-1.262_n4/generated_crystals_cif.zip,gen_3.cif,True,False,False,0,0,-3.17978191376,0.999781913757,1.07978191376,False,-6.24863696098,A,True,False,536,8,Cm,1.933569,10.736083
job_120_Cr_fe_-1.424_n4_generated_crystals_cif__gen_1,D:\CGCNN_Formation_Energy_AL_Archive\experiments\reproducibility\staging\paired_confirmation_server_20260712\EARLY_LiM2O4_ALIGNN_HARD640_m2p18_m2p02_FLAT_20260617\job_120_Cr_fe_-1.424_n4_generated_crystals_cif__gen_1.cif,True,97a8d77dadf88a81b090ce0ebc95a4115e5a1dbcdf867c452739f491975491c3,Li1 Cr2 O4,LiCr2O4,Cr,LiCr2O4,-2.1787481308,,0.380740946589,saved CGCNN MC-dropout sigma; candidate-level ALIGNN uncertainty not available,-2.14908957481,0.380740946589,0.0296585559845,0.165065887747,18,1,0.00782418251038,B,True,False,55,4,180,12,d5b0a3d49a0323f63b7a2c325a7610cfd4d21dadd00a3e4478a1c64c39fe93b5,"Li/M/O role-RDF: six unordered pairs, 0-6 A in 0.2-A bins; scale-free sorted lattice lengths, angles, and normalized volume",SM_Cr_005,12,FP_019,19,recurring_density_cluster,job_216_Cr_fe_-0.890_n4_generated_crystals_cif__gen_3,0.147942873158,job_136_Cr_fe_-1.181_n4_generated_crystals_cif__gen_0,0.653769084469,historical_dft_candidate_self,D:\User\leoluis0705\Documents\xwechat_files\wxid_bbzc35ridmlc22_e97b\msg\file\2026-04\initial_1000_raw_generations.zip::raw_generations/job_120_Cr_fe_-1.424_n4/generated_crystals_cif.zip::gen_1.cif,raw_generations/job_120_Cr_fe_-1.424_n4/generated_crystals_cif.zip,gen_1.cif,True,True,True,5,-0.102418564162,-2.28116669496,0.101166694961,0.181166694961,False,-0.632291843503,A,True,False,46,1,P1,1.804917,10.03486
job_120_Cr_fe_-1.424_n4_generated_crystals_cif__gen_2,D:\CGCNN_Formation_Energy_AL_Archive\experiments\reproducibility\staging\paired_confirmation_server_20260712\EARLY_LiM2O4_ALIGNN_HARD640_m2p18_m2p02_FLAT_20260617\job_120_Cr_fe_-1.424_n4_generated_crystals_cif__gen_2.cif,True,8d031e8d55c42135d4c40d804d01a3228402fdd7a229be511392614bd3af1b5b,Li1 Cr2 O4,LiCr2O4,Cr,LiCr2O4,-2.22556948662,,0.432947036482,saved CGCNN MC-dropout sigma; candidate-level ALIGNN uncertainty not available,-2.07728481293,0.432947036482,0.148284673691,0.146399137875,86,0,-0.284809291363,A,True,False,152,10,177,12,c72cdd13ecfdb39e36aed06afcc2ee3acfc24ebb95c344b03a7ffea8245d7d8e,"Li/M/O role-RDF: six unordered pairs, 0-6 A in 0.2-A bins; scale-free sorted lattice lengths, angles, and normalized volume",SM_Cr_011,4,FP_058,6,recurring_density_cluster,job_214_Cr_fe_-0.857_n4_generated_crystals_cif__gen_1,0.199216272336,job_249_Cr_fe_-1.500_n4_generated_crystals_cif__gen_1,0.913767075486,no_shared_cluster,D:\User\leoluis0705\Documents\xwechat_files\wxid_bbzc35ridmlc22_e97b\msg\file\2026-04\initial_1000_raw_generations.zip::raw_generations/job_120_Cr_fe_-1.424_n4/generated_crystals_cif.zip::gen_2.cif,raw_generations/job_120_Cr_fe_-1.424_n4/generated_crystals_cif.zip,gen_2.cif,True,False,True,5,-0.102418564162,-2.32798805078,0.14798805078,0.22798805078,False,-0.924925317376,A,True,False,106,6,Pm,1.923049,10.940287
job_120_Cr_fe_-1.424_n4_generated_crystals_cif__gen_3,D:\CGCNN_Formation_Energy_AL_Archive\experiments\reproducibility\staging\paired_confirmation_server_20260712\EARLY_LiM2O4_ALIGNN_HARD640_m2p18_m2p02_FLAT_20260617\job_120_Cr_fe_-1.424_n4_generated_crystals_cif__gen_3.cif,True,ff8aa225590de5f7e3fad1257347509ff4a705228ae08686a15d7f24a9921325,Li1 Cr2 O4,LiCr2O4,Cr,LiCr2O4,-2.16370558739,,0.377704207791,saved CGCNN MC-dropout sigma; candidate-level ALIGNN uncertainty not available,-2.12096762657,0.377704207791,0.0427379608154,0.167487144445,11,1,0.101840078831,B,True,False,146,10,52,4,45e99e989676bb3bcdddcd45540ff8365ddb10abd0ddc235b7aadb0b70cea4d1,"Li/M/O role-RDF: six unordered pairs, 0-6 A in 0.2-A bins; scale-free sorted lattice lengths, angles, and normalized volume",SM_Cr_010,6,FP_036,16,recurring_density_cluster,job_058_Cr_fe_-1.423_n4_generated_crystals_cif__gen_3,0.221293369641,job_120_Cr_fe_-1.424_n4_generated_crystals_cif__gen_1,0.796026116008,no_shared_cluster,D:\User\leoluis0705\Documents\xwechat_files\wxid_bbzc35ridmlc22_e97b\msg\file\2026-04\initial_1000_raw_generations.zip::raw_generations/job_120_Cr_fe_-1.424_n4/generated_crystals_cif.zip::gen_3.cif,raw_generations/job_120_Cr_fe_-1.424_n4/generated_crystals_cif.zip,gen_3.cif,True,False,True,5,-0.102418564162,-2.26612415155,0.086124151549,0.166124151549,False,-0.538275947183,A,True,False,35,1,P1,1.816432,11.316428
job_121_Ni_fe_-1.367_n4_generated_crystals_cif__gen_0,D:\CGCNN_Formation_Energy_AL_Archive\experiments\reproducibility\staging\paired_confirmation_server_20260712\EARLY_LiM2O4_ALIGNN_HARD640_m2p18_m2p02_FLAT_20260617\job_121_Ni_fe_-1.367_n4_generated_crystals_cif__gen_0.cif,True,ab2109937cb2569f71ce6921237e379a8264d4dd01e45b6c51676eb89a30ea96,Li1 Ni2 O4,Li(NiO2)2,Ni,Li(NiO2)2,-1.06354916096,,0.580338292121,saved CGCNN MC-dropout sigma; candidate-level ALIGNN uncertainty not available,-1.42583549023,0.580338292121,0.362286329269,0.056077314856,424,0,6.97781774402,F,True,False,618,39,477,30,314f5f2b62d1079c0d4b142accf1d4b8bf5aecc8cf58a1552c900fa594a33b34,"Li/M/O role-RDF: six unordered pairs, 0-6 A in 0.2-A bins; scale-free sorted lattice lengths, angles, and normalized volume",SM_Ni_003,30,FP_024,8,recurring_density_cluster,job_177_Ni_fe_-1.309_n4_generated_crystals_cif__gen_2,0.100891937324,job_136_Cr_fe_-1.181_n4_generated_crystals_cif__gen_0,0.648638916422,no_shared_cluster,D:\User\leoluis0705\Documents\xwechat_files\wxid_bbzc35ridmlc22_e97b\msg\file\2026-04\initial_1000_raw_generations.zip::raw_generations/job_121_Ni_fe_-1.367_n4/generated_crystals_cif.zip::gen_0.cif,raw_generations/job_121_Ni_fe_-1.367_n4/generated_crystals_cif.zip,gen_0.cif,True,False,False,0,0,-1.06354916096,0.956450839043,1.03645083904,False,6.97781774402,F,True,False,435,1,P1,1.86178,9.91734
job_121_Ni_fe_-1.367_n4_generated_crystals_cif__gen_3,D:\CGCNN_Formation_Energy_AL_Archive\experiments\reproducibility\staging\paired_confirmation_server_20260712\EARLY_LiM2O4_ALIGNN_HARD640_m2p18_m2p02_FLAT_20260617\job_121_Ni_fe_-1.367_n4_generated_crystals_cif__gen_3.cif,True,4e2f64b1d02d432beae21026f1b0057628b36edd89dcc2e5a0ee3d3bb64943c4,Li1 Ni2 O4,Li(NiO2)2,Ni,Li(NiO2)2,-1.07256817818,,0.575119644728,saved CGCNN MC-dropout sigma; candidate-level ALIGNN uncertainty not available,-1.47126150131,0.575119644728,0.398693323135,0.0610966060009,394,0,6.92144888639,F,True,False,489,31,250,16,45c6cf2ff3f0af63dafeead7607e181cc3ef58688cfb417fb1737ce9abb4997f,"Li/M/O role-RDF: six unordered pairs, 0-6 A in 0.2-A bins; scale-free sorted lattice lengths, angles, and normalized volume",SM_Ni_001,14,FP_074,3,recurring_density_cluster,job_111_Ni_fe_-0.951_n4_generated_crystals_cif__gen_1,0.34801223434,job_120_Cr_fe_-1.424_n4_generated_crystals_cif__gen_1,0.835042067591,no_shared_cluster,D:\User\leoluis0705\Documents\xwechat_files\wxid_bbzc35ridmlc22_e97b\msg\file\2026-04\initial_1000_raw_generations.zip::raw_generations/job_121_Ni_fe_-1.367_n4/generated_crystals_cif.zip::gen_3.cif,raw_generations/job_121_Ni_fe_-1.367_n4/generated_crystals_cif.zip,gen_3.cif,True,False,False,0,0,-1.07256817818,0.947431821823,1.02743182182,False,6.92144888639,F,True,False,415,1,P1,1.865641,9.941154
job_122_Al_fe_-1.402_n4_generated_crystals_cif__gen_1,D:\CGCNN_Formation_Energy_AL_Archive\experiments\reproducibility\staging\paired_confirmation_server_20260712\EARLY_LiM2O4_ALIGNN_HARD640_m2p18_m2p02_FLAT_20260617\job_122_Al_fe_-1.402_n4_generated_crystals_cif__gen_1.cif,True,20f6fcce303dd04a0480dbb787bd55d293ee9c8fb5cec6e8d050cd8ac18f8455,Li1 Al2 O4,LiAl2O4,Al,LiAl2O4,-3.15398192406,,0.388789703518,saved CGCNN MC-dropout sigma; candidate-level ALIGNN uncertainty not available,-2.55616879463,0.388789703518,0.597813129425,0.0827012314797,289,0,-6.08738702536,A,True,False,305,20,447,28,5d64c44105fcfa0e45db2162b3c18f129663c853356d70e1222b794404224a80,"Li/M/O role-RDF: six unordered pairs, 0-6 A in 0.2-A bins; scale-free sorted lattice lengths, angles, and normalized volume",SM_Al_004,8,FP_015,5,recurring_density_cluster,job_081_Al_fe_-1.486_n4_generated_crystals_cif__gen_3,0.231230191923,job_148_Mn_fe_-0.904_n4_generated_crystals_cif__gen_2,1.04647339617,no_shared_cluster,D:\User\leoluis0705\Documents\xwechat_files\wxid_bbzc35ridmlc22_e97b\msg\file\2026-04\initial_1000_raw_generations.zip::raw_generations/job_122_Al_fe_-1.402_n4/generated_crystals_cif.zip::gen_1.cif,raw_generations/job_122_Al_fe_-1.402_n4/generated_crystals_cif.zip,gen_1.cif,True,False,False,0,0,-3.15398192406,0.973981924057,1.05398192406,False,-6.08738702536,A,True,False,472,1,P1,1.869344,9.950193
job_123_Ni_fe_-1.305_n4_generated_crystals_cif__gen_0,D:\CGCNN_Formation_Energy_AL_Archive\experiments\reproducibility\staging\paired_confirmation_server_20260712\EARLY_LiM2O4_ALIGNN_HARD640_m2p18_m2p02_FLAT_20260617\job_123_Ni_fe_-1.305_n4_generated_crystals_cif__gen_0.cif,True,0cbb9508c02115ac4ef1a7570e6c2346cd75560f65f32c4066c11ef781def396,Li1 Ni2 O4,Li(NiO2)2,Ni,Li(NiO2)2,-0.953837513924,,0.630753705356,saved CGCNN MC-dropout sigma; candidate-level ALIGNN uncertainty not available,-1.44148850441,0.630753705356,0.487650990486,0.0586938834785,405,0,7.66351553798,F,True,False,306,20,509,32,82fe8edc2593cb9616afc349d492aea43c9335d8d5eb5a291293ec749b95da18,"Li/M/O role-RDF: six unordered pairs, 0-6 A in 0.2-A bins; scale-free sorted lattice lengths, angles, and normalized volume",SM_Ni_015,1,FP_030,3,recurring_density_cluster,job_018_Co_fe_-0.907_n4_generated_crystals_cif__gen_3,0.37296569915,job_029_Cr_fe_-1.337_n4_generated_crystals_cif__gen_2,0.780230051261,no_shared_cluster,D:\User\leoluis0705\Documents\xwechat_files\wxid_bbzc35ridmlc22_e97b\msg\file\2026-04\initial_1000_raw_generations.zip::raw_generations/job_123_Ni_fe_-1.305_n4/generated_crystals_cif.zip::gen_0.cif,raw_generations/job_123_Ni_fe_-1.305_n4/generated_crystals_cif.zip,gen_0.cif,True,False,False,0,0,-0.953837513924,1.06616248608,1.14616248608,False,7.66351553798,F,True,False,633,1,P1,1.906945,9.899935
job_123_Ni_fe_-1.305_n4_generated_crystals_cif__gen_1,D:\CGCNN_Formation_Energy_AL_Archive\experiments\reproducibility\staging\paired_confirmation_server_20260712\EARLY_LiM2O4_ALIGNN_HARD640_m2p18_m2p02_FLAT_20260617\job_123_Ni_fe_-1.305_n4_generated_crystals_cif__gen_1.cif,True,a81fa21e86273d3976dd96e7c2649afe35ea4a1fa263c57cc6b494b12bb56dac,Li1 Ni2 O4,Li(NiO2)2,Ni,Li(NiO2)2,-0.929029107094,,0.547821420955,saved CGCNN MC-dropout sigma; candidate-level ALIGNN uncertainty not available,-1.41471898556,0.547821420955,0.485689878464,0.0533903924005,445,0,7.81856808066,F,True,False,560,35,539,34,53cc45359829524a92758a9a40ca2d8112059716ab09dfe3dbace5bfaac7b29e,"Li/M/O role-RDF: six unordered pairs, 0-6 A in 0.2-A bins; scale-free sorted lattice lengths, angles, and normalized volume",SM_Ni_009,9,FP_068,9,recurring_density_cluster,job_166_Ni_fe_-0.847_n4_generated_crystals_cif__gen_0,0.295095926877,job_120_Cr_fe_-1.424_n4_generated_crystals_cif__gen_1,0.613187858917,no_shared_cluster,D:\User\leoluis0705\Documents\xwechat_files\wxid_bbzc35ridmlc22_e97b\msg\file\2026-04\initial_1000_raw_generations.zip::raw_generations/job_123_Ni_fe_-1.305_n4/generated_crystals_cif.zip::gen_1.cif,raw_generations/job_123_Ni_fe_-1.305_n4/generated_crystals_cif.zip,gen_1.cif,True,False,False,0,0,-0.929029107094,1.09097089291,1.17097089291,False,7.81856808066,F,True,False,637,1,P1,1.842379,9.562936
job_123_Ni_fe_-1.305_n4_generated_crystals_cif__gen_2,D:\CGCNN_Formation_Energy_AL_Archive\experiments\reproducibility\staging\paired_confirmation_server_20260712\EARLY_LiM2O4_ALIGNN_HARD640_m2p18_m2p02_FLAT_20260617\job_123_Ni_fe_-1.305_n4_generated_crystals_cif__gen_2.cif,True,0ba2da980948022778e08e0b676fbaaae148d1889d5a3004151b48e4807b1bdb,Li1 Ni2 O4,Li(NiO2)2,Ni,Li(NiO2)2,-0.963112771511,,0.456892822761,saved CGCNN MC-dropout sigma; candidate-level ALIGNN uncertainty not available,-1.44767200947,0.456892822761,0.484559237957,0.0506815455825,464,0,7.60554517806,F,True,False,411,26,514,33,cee6b41c012ff57cfb157911d6dff801eff2a92c1dd10e055919cd96345ae86b,"Li/M/O role-RDF: six unordered pairs, 0-6 A in 0.2-A bins; scale-free sorted lattice lengths, angles, and normalized volume",SM_Ni_009,9,FP_068,9,recurring_density_cluster,job_217_Ni_fe_-1.483_n4_generated_crystals_cif__gen_2,0.159034302051,job_120_Cr_fe_-1.424_n4_generated_crystals_cif__gen_1,0.555613519568,no_shared_cluster,D:\User\leoluis0705\Documents\xwechat_files\wxid_bbzc35ridmlc22_e97b\msg\file\2026-04\initial_1000_raw_generations.zip::raw_generations/job_123_Ni_fe_-1.305_n4/generated_crystals_cif.zip::gen_2.cif,raw_generations/job_123_Ni_fe_-1.305_n4/generated_crystals_cif.zip,gen_2.cif,True,False,False,0,0,-0.963112771511,1.05688722849,1.13688722849,False,7.60554517806,F,True,False,629,8,Cm,1.850251,9.5458
job_123_Ni_fe_-1.305_n4_generated_crystals_cif__gen_3,D:\CGCNN_Formation_Energy_AL_Archive\experiments\reproducibility\staging\paired_confirmation_server_20260712\EARLY_LiM2O4_ALIGNN_HARD640_m2p18_m2p02_FLAT_20260617\job_123_Ni_fe_-1.305_n4_generated_crystals_cif__gen_3.cif,True,171e5437d3520f9ad9aaee3b85186c2421ebfdce07df890f82e91b0053b2c0d7,Li1 Ni2 O4,Li(NiO2)2,Ni,Li(NiO2)2,-1.03150510788,,0.531409626422,saved CGCNN MC-dropout sigma; candidate-level ALIGNN uncertainty not available,-1.39386665821,0.531409626422,0.362361550331,0.0498232159425,471,0,7.17809307575,F,True,False,510,32,484,31,490bd0b4be3d250d03cf897a5516b97cf4c09fdf86a5c87eb1f0906386a6ab9e,"Li/M/O role-RDF: six unordered pairs, 0-6 A in 0.2-A bins; scale-free sorted lattice lengths, angles, and normalized volume",SM_Ni_003,30,FP_025,8,recurring_density_cluster,job_217_Ni_fe_-1.483_n4_generated_crystals_cif__gen_3,0.202299750786,job_136_Cr_fe_-1.181_n4_generated_crystals_cif__gen_0,0.558025150602,no_shared_cluster,D:\User\leoluis0705\Documents\xwechat_files\wxid_bbzc35ridmlc22_e97b\msg\file\2026-04\initial_1000_raw_generations.zip::raw_generations/job_123_Ni_fe_-1.305_n4/generated_crystals_cif.zip::gen_3.cif,raw_generations/job_123_Ni_fe_-1.305_n4/generated_crystals_cif.zip,gen_3.cif,True,False,False,0,0,-1.03150510788,0.98849489212,1.06849489212,False,7.17809307575,F,True,False,506,8,Cm,1.863582,9.861024
job_124_Ni_fe_-0.888_n4_generated_crystals_cif__gen_0,D:\CGCNN_Formation_Energy_AL_Archive\experiments\reproducibility\staging\paired_confirmation_server_20260712\EARLY_LiM2O4_ALIGNN_HARD640_m2p18_m2p02_FLAT_20260617\job_124_Ni_fe_-0.888_n4_generated_crystals_cif__gen_0.cif,True,21ddcea46bcff32a991a63faf155a6f4d11a8e2046e7c7d79554bca28d81f411,Li1 Ni2 O4,Li(NiO2)2,Ni,Li(NiO2)2,-1.02830839157,,0.591293259034,saved CGCNN MC-dropout sigma; candidate-level ALIGNN uncertainty not available,-1.41737556458,0.591293259034,0.389067173004,0.0554951295821,429,0,7.19807255268,F,True,False,387,25,505,32,b94b5404bcf272ba963fee536ef1c0b1a95690536ac08aa61c3c73d0e3a99abb,"Li/M/O role-RDF: six unordered pairs, 0-6 A in 0.2-A bins; scale-free sorted lattice lengths, angles, and normalized volume",SM_Ni_003,30,FP_025,8,recurring_density_cluster,job_015_Ni_fe_-1.349_n4_generated_crystals_cif__gen_3,0.156217603188,job_136_Cr_fe_-1.181_n4_generated_crystals_cif__gen_0,0.485846400068,no_shared_cluster,D:\User\leoluis0705\Documents\xwechat_files\wxid_bbzc35ridmlc22_e97b\msg\file\2026-04\initial_1000_raw_generations.zip::raw_generations/job_124_Ni_fe_-0.888_n4/generated_crystals_cif.zip::gen_0.cif,raw_generations/job_124_Ni_fe_-0.888_n4/generated_crystals_cif.zip,gen_0.cif,True,False,False,0,0,-1.02830839157,0.991691608429,1.07169160843,False,7.19807255268,F,True,False,520,8,Cm,1.884697,9.950532
job_124_Ni_fe_-0.888_n4_generated_crystals_cif__gen_1,D:\CGCNN_Formation_Energy_AL_Archive\experiments\reproducibility\staging\paired_confirmation_server_20260712\EARLY_LiM2O4_ALIGNN_HARD640_m2p18_m2p02_FLAT_20260617\job_124_Ni_fe_-0.888_n4_generated_crystals_cif__gen_1.cif,True,f5b5a192e6718e6a01bbcd73378257728c0fb2482d7c73e0d3acc95ee5b27859,Li1 Ni2 O4,Li(NiO2)2,Ni,Li(NiO2)2,-1.03814721107,,0.568725599897,saved CGCNN MC-dropout sigma; candidate-level ALIGNN uncertainty not available,-1.43987393379,0.568725599897,0.401726722717,0.0572885827839,413,0,7.13657993078,F,True,False,407,26,500,32,a996c39e628b01da25981dff1443b7139780f766e34659985369b2a53238b28f,"Li/M/O role-RDF: six unordered pairs, 0-6 A in 0.2-A bins; scale-free sorted lattice lengths, angles, and normalized volume",SM_Ni_001,14,FP_006,4,recurring_density_cluster,job_084_Ni_fe_-1.459_n4_generated_crystals_cif__gen_1,0.278646337604,job_120_Cr_fe_-1.424_n4_generated_crystals_cif__gen_1,0.933283568016,no_shared_cluster,D:\User\leoluis0705\Documents\xwechat_files\wxid_bbzc35ridmlc22_e97b\msg\file\2026-04\initial_1000_raw_generations.zip::raw_generations/job_124_Ni_fe_-0.888_n4/generated_crystals_cif.zip::gen_1.cif,raw_generations/job_124_Ni_fe_-0.888_n4/generated_crystals_cif.zip,gen_1.cif,True,False,False,0,0,-1.03814721107,0.981852788925,1.06185278893,False,7.13657993078,F,True,False,493,12,C2/m,1.899029,10.049578
job_124_Ni_fe_-0.888_n4_generated_crystals_cif__gen_3,D:\CGCNN_Formation_Energy_AL_Archive\experiments\reproducibility\staging\paired_confirmation_server_20260712\EARLY_LiM2O4_ALIGNN_HARD640_m2p18_m2p02_FLAT_20260617\job_124_Ni_fe_-0.888_n4_generated_crystals_cif__gen_3.cif,True,8bc2c5896615c4316521a60a51f1fb703c98d7627785da38260f084a388848fa,Li1 Ni2 O4,Li(NiO2)2,Ni,Li(NiO2)2,-1.0503320694,,0.462725331357,saved CGCNN MC-dropout sigma; candidate-level ALIGNN uncertainty not available,-1.38550007343,0.462725331357,0.335168004036,0.0421631401603,496,0,7.06042456627,F,True,False,368,23,441,28,372c8c442c8f156294ba02de26b6df50b0e51e0ed6e4acca840578eb5dcb6d5d,"Li/M/O role-RDF: six unordered pairs, 0-6 A in 0.2-A bins; scale-free sorted lattice lengths, angles, and normalized volume",SM_Ni_002,22,FP_070,6,recurring_density_cluster,job_078_Ni_fe_-1.122_n4_generated_crystals_cif__gen_3,0.183825802304,job_120_Cr_fe_-1.424_n4_generated_crystals_cif__gen_1,0.765640540635,no_shared_cluster,D:\User\leoluis0705\Documents\xwechat_files\wxid_bbzc35ridmlc22_e97b\msg\file\2026-04\initial_1000_raw_generations.zip::raw_generations/job_124_Ni_fe_-0.888_n4/generated_crystals_cif.zip::gen_3.cif,raw_generations/job_124_Ni_fe_-0.888_n4/generated_crystals_cif.zip,gen_3.cif,True,False,False,0,0,-1.0503320694,0.969667930603,1.0496679306,False,7.06042456627,F,True,False,467,2,P-1,1.858373,9.720121
job_125_Mn_fe_-1.190_n4_generated_crystals_cif__gen_1,D:\CGCNN_Formation_Energy_AL_Archive\experiments\reproducibility\staging\paired_confirmation_server_20260712\EARLY_LiM2O4_ALIGNN_HARD640_m2p18_m2p02_FLAT_20260617\job_125_Mn_fe_-1.190_n4_generated_crystals_cif__gen_1.cif,True,4a400bd732e5c44a598a110c4e9e8b3986f85c0910986a70e74d56dc264a213d,Li1 Mn2 O4,LiMn2O4,Mn,LiMn2O4,-2.01884150505,,0.402254354532,saved CGCNN MC-dropout sigma; candidate-level ALIGNN uncertainty not available,-2.13645815849,0.402254354532,0.117616653442,0.157005009181,47,0,1.00724059343,F,True,False,1,1,227,15,768ea71bc9d2b952817aed300454e7639d24be77770fdc89684c23ef7a952eb9,"Li/M/O role-RDF: six unordered pairs, 0-6 A in 0.2-A bins; scale-free sorted lattice lengths, angles, and normalized volume",SM_Mn_004,35,FP_048,5,recurring_density_cluster,job_044_Mn_fe_-0.936_n4_generated_crystals_cif__gen_1,0.160154322111,job_044_Mn_fe_-0.936_n4_generated_crystals_cif__gen_1,0.160154322111,same_structurematcher_cluster,D:\User\leoluis0705\Documents\xwechat_files\wxid_bbzc35ridmlc22_e97b\msg\file\2026-04\initial_1000_raw_generations.zip::raw_generations/job_125_Mn_fe_-1.190_n4/generated_crystals_cif.zip::gen_1.cif,raw_generations/job_125_Mn_fe_-1.190_n4/generated_crystals_cif.zip,gen_1.cif,True,False,True,3,0.176542943114,-1.84229856194,0.177701438064,0.257701438064,False,2.1106339879,F,True,False,137,6,Pm,1.916465,10.644723
job_125_Mn_fe_-1.190_n4_generated_crystals_cif__gen_2,D:\CGCNN_Formation_Energy_AL_Archive\experiments\reproducibility\staging\paired_confirmation_server_20260712\EARLY_LiM2O4_ALIGNN_HARD640_m2p18_m2p02_FLAT_20260617\job_125_Mn_fe_-1.190_n4_generated_crystals_cif__gen_2.cif,True,1d7a4bb976d2ccb3aeb728b002eaf41ee25b696bcc72144724bbc2ac20c07e56,Li1 Mn2 O4,LiMn2O4,Mn,LiMn2O4,-1.84339797497,,0.50841490669,saved CGCNN MC-dropout sigma; candidate-level ALIGNN uncertainty not available,-2.28131556511,0.50841490669,0.437917590141,0.117390243037,223,0,2.10376265645,F,True,False,250,16,83,6,852bbed466d77689b0c8f6157ad07066ca63f0d2bfe731d6bbbe9dc6d516cdd8,"Li/M/O role-RDF: six unordered pairs, 0-6 A in 0.2-A bins; scale-free sorted lattice lengths, angles, and normalized volume",SM_Mn_019,1,FP_051,6,recurring_density_cluster,job_109_Ti_fe_-0.845_n4_generated_crystals_cif__gen_2,0.681918055764,job_120_Cr_fe_-1.424_n4_generated_crystals_cif__gen_1,0.991881977967,no_shared_cluster,D:\User\leoluis0705\Documents\xwechat_files\wxid_bbzc35ridmlc22_e97b\msg\file\2026-04\initial_1000_raw_generations.zip::raw_generations/job_125_Mn_fe_-1.190_n4/generated_crystals_cif.zip::gen_2.cif,raw_generations/job_125_Mn_fe_-1.190_n4/generated_crystals_cif.zip,gen_2.cif,True,False,True,3,0.176542943114,-1.66685503185,0.353144968146,0.433144968146,False,3.20715605091,F,True,False,240,65,Cmmm,1.87599,9.769175
job_125_Mn_fe_-1.190_n4_generated_crystals_cif__gen_3,D:\CGCNN_Formation_Energy_AL_Archive\experiments\reproducibility\staging\paired_confirmation_server_20260712\EARLY_LiM2O4_ALIGNN_HARD640_m2p18_m2p02_FLAT_20260617\job_125_Mn_fe_-1.190_n4_generated_crystals_cif__gen_3.cif,True,f22fd45752cb67e2d1f5a44d0fdfeba4e1272302945053df4012ad86e3dd3137,Li1 Mn2 O4,LiMn2O4,Mn,LiMn2O4,-2.03550601006,,0.411979944684,saved CGCNN MC-dropout sigma; candidate-level ALIGNN uncertainty not available,-2.15536832809,0.411979944684,0.119862318039,0.152601344043,61,1,0.903087437153,E,True,False,220,14,223,14,73cdc15ea192d9312b1eba6d3ab45b4ba85ed0b362dcfa2765af8162a45faa8c,"Li/M/O role-RDF: six unordered pairs, 0-6 A in 0.2-A bins; scale-free sorted lattice lengths, angles, and normalized volume",SM_Mn_004,35,FP_044,8,recurring_density_cluster,job_030_Mn_fe_-1.234_n4_generated_crystals_cif__gen_0,0.0481206129443,job_044_Mn_fe_-0.936_n4_generated_crystals_cif__gen_1,0.353935466162,same_structurematcher_cluster,D:\User\leoluis0705\Documents\xwechat_files\wxid_bbzc35ridmlc22_e97b\msg\file\2026-04\initial_1000_raw_generations.zip::raw_generations/job_125_Mn_fe_-1.190_n4/generated_crystals_cif.zip::gen_3.cif,raw_generations/job_125_Mn_fe_-1.190_n4/generated_crystals_cif.zip,gen_3.cif,True,False,True,3,0.176542943114,-1.85896306694,0.161036933059,0.241036933059,False,2.00648083162,F,True,False,112,10,P2/m,1.933687,10.890595
job_126_Cr_fe_-0.901_n4_generated_crystals_cif__gen_0,D:\CGCNN_Formation_Energy_AL_Archive\experiments\reproducibility\staging\paired_confirmation_server_20260712\EARLY_LiM2O4_ALIGNN_HARD640_m2p18_m2p02_FLAT_20260617\job_126_Cr_fe_-0.901_n4_generated_crystals_cif__gen_0.cif,True,6cd767d5118edb9cc80b5183cc6bc7c90348563fbaf2b6459f576554fe6abee4,Li1 Cr2 O4,LiCr2O4,Cr,LiCr2O4,-2.23909068108,,0.427717281259,saved CGCNN MC-dropout sigma; candidate-level ALIGNN uncertainty not available,-2.0967373848,0.427717281259,0.14235329628,0.148366022306,70,0,-0.369316756725,A,True,False,112,7,9,1,305ae94ebe3106c29ea5edfb69b0d1c4f815aef7798a1f90091ee8f1ba1aad49,"Li/M/O role-RDF: six unordered pairs, 0-6 A in 0.2-A bins; scale-free sorted lattice lengths, angles, and normalized volume",SM_Cr_006,14,FP_071,5,recurring_density_cluster,job_201_Cr_fe_-1.216_n4_generated_crystals_cif__gen_3,0.0871375702245,job_249_Cr_fe_-1.500_n4_generated_crystals_cif__gen_1,0.780317080653,no_shared_cluster,D:\User\leoluis0705\Documents\xwechat_files\wxid_bbzc35ridmlc22_e97b\msg\file\2026-04\initial_1000_raw_generations.zip::raw_generations/job_126_Cr_fe_-0.901_n4/generated_crystals_cif.zip::gen_0.cif,raw_generations/job_126_Cr_fe_-0.901_n4/generated_crystals_cif.zip,gen_0.cif,True,False,True,5,-0.102418564162,-2.34150924524,0.161509245238,0.241509245238,False,-1.00943278274,A,True,False,114,8,Cm,1.955185,10.689442
job_126_Cr_fe_-0.901_n4_generated_crystals_cif__gen_2,D:\CGCNN_Formation_Energy_AL_Archive\experiments\reproducibility\staging\paired_confirmation_server_20260712\EARLY_LiM2O4_ALIGNN_HARD640_m2p18_m2p02_FLAT_20260617\job_126_Cr_fe_-0.901_n4_generated_crystals_cif__gen_2.cif,True,6f378027132fdd59004ede8a3cd6979cc25513fbff280d224754423b9d66a904,Li1 Cr2 O4,LiCr2O4,Cr,LiCr2O4,-2.23451542854,,0.465505550193,saved CGCNN MC-dropout sigma; candidate-level ALIGNN uncertainty not available,-2.15660023689,0.465505550193,0.0779151916504,0.135454308091,142,0,-0.340721428394,A,True,False,171,11,208,13,fbd5902e72d4ce8236d0785bdfdba0a963bbb970cf6c93dbf9914636d33a8800,"Li/M/O role-RDF: six unordered pairs, 0-6 A in 0.2-A bins; scale-free sorted lattice lengths, angles, and normalized volume",SM_Cr_002,15,FP_026,15,recurring_density_cluster,job_182_Cr_fe_-1.464_n4_generated_crystals_cif__gen_1,0.180082488207,job_204_Cr_fe_-0.932_n4_generated_crystals_cif__gen_3,1.10084709389,same_structurematcher_cluster,D:\User\leoluis0705\Documents\xwechat_files\wxid_bbzc35ridmlc22_e97b\msg\file\2026-04\initial_1000_raw_generations.zip::raw_generations/job_126_Cr_fe_-0.901_n4/generated_crystals_cif.zip::gen_2.cif,raw_generations/job_126_Cr_fe_-0.901_n4/generated_crystals_cif.zip,gen_2.cif,True,False,True,5,-0.102418564162,-2.33693399271,0.156933992705,0.236933992705,False,-0.980837454408,A,True,False,110,8,Cm,1.938011,10.104172
job_126_Cr_fe_-0.901_n4_generated_crystals_cif__gen_3,D:\CGCNN_Formation_Energy_AL_Archive\experiments\reproducibility\staging\paired_confirmation_server_20260712\EARLY_LiM2O4_ALIGNN_HARD640_m2p18_m2p02_FLAT_20260617\job_126_Cr_fe_-0.901_n4_generated_crystals_cif__gen_3.cif,True,db6c06f0db4f24b0b42c4ae46e3935dcbbd30b081dbe5f4667aa555d17f9cd66,Li1 Cr2 O4,LiCr2O4,Cr,LiCr2O4,-2.15777993202,,0.474023317499,saved CGCNN MC-dropout sigma; candidate-level ALIGNN uncertainty not available,-2.11810779572,0.474023317499,0.0396721363068,0.133924099211,154,1,0.138875424862,B,True,False,4,1,55,4,e28e075678624483ba90cfc06af898f4415dc216b8b76de4f95c935881056440,"Li/M/O role-RDF: six unordered pairs, 0-6 A in 0.2-A bins; scale-free sorted lattice lengths, angles, and normalized volume",SM_Cr_010,6,FP_036,16,recurring_density_cluster,job_220_Cr_fe_-1.305_n4_generated_crystals_cif__gen_2,0.237343919201,job_148_Mn_fe_-0.904_n4_generated_crystals_cif__gen_2,0.840597969624,no_shared_cluster,D:\User\leoluis0705\Documents\xwechat_files\wxid_bbzc35ridmlc22_e97b\msg\file\2026-04\initial_1000_raw_generations.zip::raw_generations/job_126_Cr_fe_-0.901_n4/generated_crystals_cif.zip::gen_3.cif,raw_generations/job_126_Cr_fe_-0.901_n4/generated_crystals_cif.zip,gen_3.cif,True,False,True,5,-0.102418564162,-2.26019849618,0.080198496184,0.160198496184,False,-0.501240601152,A,True,False,29,8,Cm,1.816889,11.345218
job_127_Mn_fe_-1.465_n4_generated_crystals_cif__gen_0,D:\CGCNN_Formation_Energy_AL_Archive\experiments\reproducibility\staging\paired_confirmation_server_20260712\EARLY_LiM2O4_ALIGNN_HARD640_m2p18_m2p02_FLAT_20260617\job_127_Mn_fe_-1.465_n4_generated_crystals_cif__gen_0.cif,True,4c925a90f3a65bc9fcb16b857d0a9ac355edf52b119673bb0c05612fe8de5bf4,Li1 Mn2 O4,LiMn2O4,Mn,LiMn2O4,-1.99026191235,,0.470547937602,saved CGCNN MC-dropout sigma; candidate-level ALIGNN uncertainty not available,-2.15918564796,0.470547937602,0.168923735619,0.133947788601,153,0,1.18586304784,F,True,False,200,13,206,13,3b4ed9533ecba03279436e19d02b80bcec985ea668f44b926368f97d0ddbf0a9,"Li/M/O role-RDF: six unordered pairs, 0-6 A in 0.2-A bins; scale-free sorted lattice lengths, angles, and normalized volume",SM_Mn_005,9,FP_064,6,recurring_density_cluster,job_167_Mn_fe_-0.885_n4_generated_crystals_cif__gen_2,0.249510899937,job_249_Cr_fe_-1.500_n4_generated_crystals_cif__gen_1,0.731147418077,no_shared_cluster,D:\User\leoluis0705\Documents\xwechat_files\wxid_bbzc35ridmlc22_e97b\msg\file\2026-04\initial_1000_raw_generations.zip::raw_generations/job_127_Mn_fe_-1.465_n4/generated_crystals_cif.zip::gen_0.cif,raw_generations/job_127_Mn_fe_-1.465_n4/generated_crystals_cif.zip,gen_0.cif,True,False,True,3,0.176542943114,-1.81371896923,0.206281030768,0.286281030768,False,2.2892564423,F,True,False,188,8,Cm,1.942565,10.691376
job_127_Mn_fe_-1.465_n4_generated_crystals_cif__gen_1,D:\CGCNN_Formation_Energy_AL_Archive\experiments\reproducibility\staging\paired_confirmation_server_20260712\EARLY_LiM2O4_ALIGNN_HARD640_m2p18_m2p02_FLAT_20260617\job_127_Mn_fe_-1.465_n4_generated_crystals_cif__gen_1.cif,True,4fa25e54485fcce56ac0b8d897142853f2cbbf350d84510ab795587727518826,Li1 Mn2 O4,LiMn2O4,Mn,LiMn2O4,-1.92506754398,,0.483736665404,saved CGCNN MC-dropout sigma; candidate-level ALIGNN uncertainty not available,-2.22173213959,0.483736665404,0.296664595604,0.127297090071,199,0,1.5933278501,F,True,False,230,15,23,2,9ba327ae22112ab7789ca77a0f17c14e7ce3b8ff331dac3c7049ad81fdff0ab6,"Li/M/O role-RDF: six unordered pairs, 0-6 A in 0.2-A bins; scale-free sorted lattice lengths, angles, and normalized volume",SM_Mn_014,2,FP_066,3,recurring_density_cluster,job_074_Mn_fe_-0.891_n4_generated_crystals_cif__gen_2,0.293938646744,job_182_Cr_fe_-1.464_n4_generated_crystals_cif__gen_2,0.946949851513,no_shared_cluster,D:\User\leoluis0705\Documents\xwechat_files\wxid_bbzc35ridmlc22_e97b\msg\file\2026-04\initial_1000_raw_generations.zip::raw_generations/job_127_Mn_fe_-1.465_n4/generated_crystals_cif.zip::gen_1.cif,raw_generations/job_127_Mn_fe_-1.465_n4/generated_crystals_cif.zip,gen_1.cif,True,False,True,3,0.176542943114,-1.74852460087,0.271475399131,0.351475399131,False,2.69672124457,F,True,False,219,1,P1,1.86241,11.101544
job_127_Mn_fe_-1.465_n4_generated_crystals_cif__gen_2,D:\CGCNN_Formation_Energy_AL_Archive\experiments\reproducibility\staging\paired_confirmation_server_20260712\EARLY_LiM2O4_ALIGNN_HARD640_m2p18_m2p02_FLAT_20260617\job_127_Mn_fe_-1.465_n4_generated_crystals_cif__gen_2.cif,True,b6daf99e0c2fd7f106aba0a5d13f6712792ad1967f734de89f744677f7915f19,Li1 Mn2 O4,LiMn2O4,Mn,LiMn2O4,-2.02678585052,,0.471817255282,saved CGCNN MC-dropout sigma; candidate-level ALIGNN uncertainty not available,-2.15422534943,0.471817255282,0.127439498901,0.133763743274,158,1,0.957588434219,E,True,False,161,11,216,14,1a230d8e870bfe29d7fa9f8a46f76156490a4f49f2ebbec09f5dc195c1d71173,"Li/M/O role-RDF: six unordered pairs, 0-6 A in 0.2-A bins; scale-free sorted lattice lengths, angles, and normalized volume",SM_Mn_004,35,FP_044,8,recurring_density_cluster,job_066_Mn_fe_-1.023_n4_generated_crystals_cif__gen_3,0.109908536809,job_044_Mn_fe_-0.936_n4_generated_crystals_cif__gen_1,0.306337555354,same_structurematcher_cluster,D:\User\leoluis0705\Documents\xwechat_files\wxid_bbzc35ridmlc22_e97b\msg\file\2026-04\initial_1000_raw_generations.zip::raw_generations/job_127_Mn_fe_-1.465_n4/generated_crystals_cif.zip::gen_2.cif,raw_generations/job_127_Mn_fe_-1.465_n4/generated_crystals_cif.zip,gen_2.cif,True,False,True,3,0.176542943114,-1.85024290741,0.169757092589,0.249757092589,False,2.06098182868,F,True,False,125,6,Pm,1.926541,10.779037
job_127_Mn_fe_-1.465_n4_generated_crystals_cif__gen_3,D:\CGCNN_Formation_Energy_AL_Archive\experiments\reproducibility\staging\paired_confirmation_server_20260712\EARLY_LiM2O4_ALIGNN_HARD640_m2p18_m2p02_FLAT_20260617\job_127_Mn_fe_-1.465_n4_generated_crystals_cif__gen_3.cif,True,529a0700b55c56862238e1d47a3f333d9183735967c768fe808f6ce08d13abd7,Li1 Mn2 O4,LiMn2O4,Mn,LiMn2O4,-1.99563288689,,0.425099520338,saved CGCNN MC-dropout sigma; candidate-level ALIGNN uncertainty not available,-2.15369844437,0.425099520338,0.15806555748,0.148100918935,72,0,1.15229445696,F,True,False,198,13,210,14,1622d76f2b7eb8e9784bd127a825aebdae14d9c07e64c7392a789be32c435c78,"Li/M/O role-RDF: six unordered pairs, 0-6 A in 0.2-A bins; scale-free sorted lattice lengths, angles, and normalized volume",SM_Mn_005,9,FP_071,5,recurring_density_cluster,job_201_Cr_fe_-1.216_n4_generated_crystals_cif__gen_3,0.198951661258,job_249_Cr_fe_-1.500_n4_generated_crystals_cif__gen_1,0.788277360466,no_shared_cluster,D:\User\leoluis0705\Documents\xwechat_files\wxid_bbzc35ridmlc22_e97b\msg\file\2026-04\initial_1000_raw_generations.zip::raw_generations/job_127_Mn_fe_-1.465_n4/generated_crystals_cif.zip::gen_3.cif,raw_generations/job_127_Mn_fe_-1.465_n4/generated_crystals_cif.zip,gen_3.cif,True,False,True,3,0.176542943114,-1.81908994377,0.200910056228,0.280910056228,False,2.25568785142,F,True,False,185,8,Cm,1.929953,10.510256
job_128_Mg_fe_-0.915_n4_generated_crystals_cif__gen_2,D:\CGCNN_Formation_Energy_AL_Archive\experiments\reproducibility\staging\paired_confirmation_server_20260712\EARLY_LiM2O4_ALIGNN_HARD640_m2p18_m2p02_FLAT_20260617\job_128_Mg_fe_-0.915_n4_generated_crystals_cif__gen_2.cif,True,b83e55a55a5f965a14fc23f617b991c2185fe03f187919b7daf25f72ff91f928,Li1 Mg2 O4,LiMg2O4,Mg,LiMg2O4,-2.16326951981,,0.512268661802,saved CGCNN MC-dropout sigma; candidate-level ALIGNN uncertainty not available,-3.06942462921,0.512268661802,0.906155109406,0.0210086590829,513,1,0.104565501213,B,True,False,289,19,285,18,045a74e23b2d703e04d8d9d93162d8b51ab207619895bd2c3a661f9c7c383102,"Li/M/O role-RDF: six unordered pairs, 0-6 A in 0.2-A bins; scale-free sorted lattice lengths, angles, and normalized volume",SM_Mg_004,15,FP_035,6,recurring_density_cluster,job_067_Mg_fe_-0.974_n4_generated_crystals_cif__gen_1,0.300724452123,job_011_Mg_fe_-1.305_n4_generated_crystals_cif__gen_0,0.627327572581,same_structurematcher_cluster,D:\User\leoluis0705\Documents\xwechat_files\wxid_bbzc35ridmlc22_e97b\msg\file\2026-04\initial_1000_raw_generations.zip::raw_generations/job_128_Mg_fe_-0.915_n4/generated_crystals_cif.zip::gen_2.cif,raw_generations/job_128_Mg_fe_-0.915_n4/generated_crystals_cif.zip,gen_2.cif,True,False,True,2,0.651052398728,-1.51221712108,0.507782878923,0.587782878923,False,4.17364299327,F,True,False,274,44,Imm2,2.036771,11.002074
job_129_Mn_fe_-0.852_n4_generated_crystals_cif__gen_0,D:\CGCNN_Formation_Energy_AL_Archive\experiments\reproducibility\staging\paired_confirmation_server_20260712\EARLY_LiM2O4_ALIGNN_HARD640_m2p18_m2p02_FLAT_20260617\job_129_Mn_fe_-0.852_n4_generated_crystals_cif__gen_0.cif,True,7277df5d052f46a2c3fe3d18cb95486df369b23388e9c12bbc49535adbbf0f61,Li1 Mn2 O4,LiMn2O4,Mn,LiMn2O4,-1.98302829266,,0.504123833965,saved CGCNN MC-dropout sigma; candidate-level ALIGNN uncertainty not available,-2.19238185883,0.504123833965,0.20935356617,0.124005792487,208,0,1.2310731709,F,True,False,119,8,148,10,12162f47b6c8fdd5bae3c9e6fce5562d4a98c255e9b180fd04f3dd14101c1a70,"Li/M/O role-RDF: six unordered pairs, 0-6 A in 0.2-A bins; scale-free sorted lattice lengths, angles, and normalized volume",SM_Mn_011,2,FP_SINGLETON_080,1,hdbscan_noise_singleton,job_149_Mn_fe_-1.083_n4_generated_crystals_cif__gen_3,0.393559214066,job_249_Cr_fe_-1.500_n4_generated_crystals_cif__gen_1,0.87350584449,no_shared_cluster,D:\User\leoluis0705\Documents\xwechat_files\wxid_bbzc35ridmlc22_e97b\msg\file\2026-04\initial_1000_raw_generations.zip::raw_generations/job_129_Mn_fe_-0.852_n4/generated_crystals_cif.zip::gen_0.cif,raw_generations/job_129_Mn_fe_-0.852_n4/generated_crystals_cif.zip,gen_0.cif,True,False,True,3,0.176542943114,-1.80648534954,0.213514650458,0.293514650458,False,2.33446656536,F,True,False,195,1,P1,1.913687,10.931846
job_129_Mn_fe_-0.852_n4_generated_crystals_cif__gen_1,D:\CGCNN_Formation_Energy_AL_Archive\experiments\reproducibility\staging\paired_confirmation_server_20260712\EARLY_LiM2O4_ALIGNN_HARD640_m2p18_m2p02_FLAT_20260617\job_129_Mn_fe_-0.852_n4_generated_crystals_cif__gen_1.cif,True,371a447880691b44da3791e070e077db3c8883a94586269ac9fbb58678119b39,Li1 Mn2 O4,LiMn2O4,Mn,LiMn2O4,-1.99644613266,,0.411631584242,saved CGCNN MC-dropout sigma; candidate-level ALIGNN uncertainty not available,-2.14357280731,0.411631584242,0.147126674652,0.153246860788,58,0,1.14721167088,F,True,False,174,11,211,14,d81c8cacc946109ef9afc7694429798e59fc2400876e3e1323f2af2f71f8444d,"Li/M/O role-RDF: six unordered pairs, 0-6 A in 0.2-A bins; scale-free sorted lattice lengths, angles, and normalized volume",SM_Mn_005,9,FP_064,6,recurring_density_cluster,job_167_Mn_fe_-0.885_n4_generated_crystals_cif__gen_2,0.2521473616,job_249_Cr_fe_-1.500_n4_generated_crystals_cif__gen_1,0.741789624148,no_shared_cluster,D:\User\leoluis0705\Documents\xwechat_files\wxid_bbzc35ridmlc22_e97b\msg\file\2026-04\initial_1000_raw_generations.zip::raw_generations/job_129_Mn_fe_-0.852_n4/generated_crystals_cif.zip::gen_1.cif,raw_generations/job_129_Mn_fe_-0.852_n4/generated_crystals_cif.zip,gen_1.cif,True,False,True,3,0.176542943114,-1.81990318955,0.200096810454,0.280096810454,False,2.25060506534,F,True,False,181,8,Cm,1.950258,10.597748
job_129_Mn_fe_-0.852_n4_generated_crystals_cif__gen_3,D:\CGCNN_Formation_Energy_AL_Archive\experiments\reproducibility\staging\paired_confirmation_server_20260712\EARLY_LiM2O4_ALIGNN_HARD640_m2p18_m2p02_FLAT_20260617\job_129_Mn_fe_-0.852_n4_generated_crystals_cif__gen_3.cif,True,1e49d2b2d9ed2251a8057b49ae2830c5fd59f8532c2e4a4982723e29f026f77c,Li1 Mn2 O4,LiMn2O4,Mn,LiMn2O4,-1.98034667969,,0.3744838353,saved CGCNN MC-dropout sigma; candidate-level ALIGNN uncertainty not available,-2.25302386284,0.3744838353,0.272677183151,0.155809372168,52,0,1.24783325195,F,True,False,42,3,71,5,a41beb44f22b4c498a4ba53f6ad76655bf48b8ebfc2116c3b7b7a56150bf2b6e,"Li/M/O role-RDF: six unordered pairs, 0-6 A in 0.2-A bins; scale-free sorted lattice lengths, angles, and normalized volume",SM_Mn_006,3,FP_SINGLETON_081,1,hdbscan_noise_singleton,job_001_Ti_fe_-1.307_n4_generated_crystals_cif__gen_3,2.06289373266,job_120_Cr_fe_-1.424_n4_generated_crystals_cif__gen_1,2.21009492593,no_shared_cluster,D:\User\leoluis0705\Documents\xwechat_files\wxid_bbzc35ridmlc22_e97b\msg\file\2026-04\initial_1000_raw_generations.zip::raw_generations/job_129_Mn_fe_-0.852_n4/generated_crystals_cif.zip::gen_3.cif,raw_generations/job_129_Mn_fe_-0.852_n4/generated_crystals_cif.zip,gen_3.cif,True,False,True,3,0.176542943114,-1.80380373657,0.216196263427,0.296196263427,False,2.35122664642,F,True,False,197,6,Pm,1.862347,9.424676
job_130_Cr_fe_-1.335_n4_generated_crystals_cif__gen_0,D:\CGCNN_Formation_Energy_AL_Archive\experiments\reproducibility\staging\paired_confirmation_server_20260712\EARLY_LiM2O4_ALIGNN_HARD640_m2p18_m2p02_FLAT_20260617\job_130_Cr_fe_-1.335_n4_generated_crystals_cif__gen_0.cif,True,5d0aeda54709167d2296bcd9583a84339a68601f64a3b55de9db1c0fe4e1d893,Li1 Cr2 O4,LiCr2O4,Cr,LiCr2O4,-2.205473423,,0.498436105293,saved CGCNN MC-dropout sigma; candidate-level ALIGNN uncertainty not available,-2.0928235054,0.498436105293,0.112649917603,0.127501263442,197,0,-0.159208893776,A,True,False,89,6,105,7,8346c7fa2f0ed49ed145b5a24814886b8cf231fa7e6808b16af1bd922009d356,"Li/M/O role-RDF: six unordered pairs, 0-6 A in 0.2-A bins; scale-free sorted lattice lengths, angles, and normalized volume",SM_Cr_006,14,FP_SINGLETON_082,1,hdbscan_noise_singleton,job_106_Mn_fe_-1.140_n4_generated_crystals_cif__gen_2,0.314468652104,job_249_Cr_fe_-1.500_n4_generated_crystals_cif__gen_1,0.737802877303,no_shared_cluster,D:\User\leoluis0705\Documents\xwechat_files\wxid_bbzc35ridmlc22_e97b\msg\file\2026-04\initial_1000_raw_generations.zip::raw_generations/job_130_Cr_fe_-1.335_n4/generated_crystals_cif.zip::gen_0.cif,raw_generations/job_130_Cr_fe_-1.335_n4/generated_crystals_cif.zip,gen_0.cif,True,False,True,5,-0.102418564162,-2.30789198717,0.127891987166,0.207891987166,False,-0.799324919789,A,True,False,83,8,Cm,1.946066,10.688431
job_130_Cr_fe_-1.335_n4_generated_crystals_cif__gen_1,D:\CGCNN_Formation_Energy_AL_Archive\experiments\reproducibility\staging\paired_confirmation_server_20260712\EARLY_LiM2O4_ALIGNN_HARD640_m2p18_m2p02_FLAT_20260617\job_130_Cr_fe_-1.335_n4_generated_crystals_cif__gen_1.cif,True,f397e193ad5733b4cab3e0958f978d5043124420884aa7b27a0da73b4696f6a9,Li1 Cr2 O4,LiCr2O4,Cr,LiCr2O4,-2.17329764366,,0.446476325611,saved CGCNN MC-dropout sigma; candidate-level ALIGNN uncertainty not available,-2.13808226585,0.446476325611,0.0352153778076,0.141693432169,114,1,0.0418897271156,B,True,False,76,5,172,11,471fb9b388f71b3b3531c8d947bdafe0d448e88403278e99b0dc06f9fceba6f7,"Li/M/O role-RDF: six unordered pairs, 0-6 A in 0.2-A bins; scale-free sorted lattice lengths, angles, and normalized volume",SM_Cr_004,12,FP_SINGLETON_083,1,hdbscan_noise_singleton,job_200_Cr_fe_-1.108_n4_generated_crystals_cif__gen_3,0.251411383768,job_136_Cr_fe_-1.181_n4_generated_crystals_cif__gen_0,0.502134132771,no_shared_cluster,D:\User\leoluis0705\Documents\xwechat_files\wxid_bbzc35ridmlc22_e97b\msg\file\2026-04\initial_1000_raw_generations.zip::raw_generations/job_130_Cr_fe_-1.335_n4/generated_crystals_cif.zip::gen_1.cif,raw_generations/job_130_Cr_fe_-1.335_n4/generated_crystals_cif.zip,gen_1.cif,True,False,True,5,-0.102418564162,-2.27571620782,0.095716207824,0.175716207824,False,-0.598226298898,A,True,False,40,8,Cm,1.969099,10.440976
job_130_Cr_fe_-1.335_n4_generated_crystals_cif__gen_2,D:\CGCNN_Formation_Energy_AL_Archive\experiments\reproducibility\staging\paired_confirmation_server_20260712\EARLY_LiM2O4_ALIGNN_HARD640_m2p18_m2p02_FLAT_20260617\job_130_Cr_fe_-1.335_n4_generated_crystals_cif__gen_2.cif,True,490376cf11c3f1559b53c15522f17d130fad0ab77912ca8139705e4c6b3eb56c,Li1 Cr2 O4,LiCr2O4,Cr,LiCr2O4,-2.19545841217,,0.468355913791,saved CGCNN MC-dropout sigma; candidate-level ALIGNN uncertainty not available,-2.10888791084,0.468355913791,0.0865705013275,0.135602864109,140,0,-0.0966150760651,A,True,False,38,3,124,8,336d0638ebe527de4b152f4868923d14e72a1258bf0b03553a47d621819eaa28,"Li/M/O role-RDF: six unordered pairs, 0-6 A in 0.2-A bins; scale-free sorted lattice lengths, angles, and normalized volume",SM_Cr_003,20,FP_063,10,recurring_density_cluster,job_182_Cr_fe_-1.464_n4_generated_crystals_cif__gen_0,0.0968543016257,job_136_Cr_fe_-1.181_n4_generated_crystals_cif__gen_0,0.202687899548,same_structurematcher_cluster,D:\User\leoluis0705\Documents\xwechat_files\wxid_bbzc35ridmlc22_e97b\msg\file\2026-04\initial_1000_raw_generations.zip::raw_generations/job_130_Cr_fe_-1.335_n4/generated_crystals_cif.zip::gen_2.cif,raw_generations/job_130_Cr_fe_-1.335_n4/generated_crystals_cif.zip,gen_2.cif,True,False,True,5,-0.102418564162,-2.29787697633,0.117876976333,0.197876976333,False,-0.736731102079,A,True,False,68,6,Pm,1.937191,10.492176
job_130_Cr_fe_-1.335_n4_generated_crystals_cif__gen_3,D:\CGCNN_Formation_Energy_AL_Archive\experiments\reproducibility\staging\paired_confirmation_server_20260712\EARLY_LiM2O4_ALIGNN_HARD640_m2p18_m2p02_FLAT_20260617\job_130_Cr_fe_-1.335_n4_generated_crystals_cif__gen_3.cif,True,646b48c7f7dc7e7c23e11686da55744f274d29f30fd115f24dca4bf92b289506,Li1 Cr2 O4,LiCr2O4,Cr,LiCr2O4,-2.24197983742,,0.42466139918,saved CGCNN MC-dropout sigma; candidate-level ALIGNN uncertainty not available,-2.15968084335,0.42466139918,0.0822989940643,0.147974273385,76,0,-0.38737398386,A,True,False,88,6,111,7,b8f4019f3aa43916ca73d8ca5daa04e8ba8bad3b1c620e3cb0110fdea46dd767,"Li/M/O role-RDF: six unordered pairs, 0-6 A in 0.2-A bins; scale-free sorted lattice lengths, angles, and normalized volume",SM_Cr_002,15,FP_026,15,recurring_density_cluster,job_079_Cr_fe_-0.854_n4_generated_crystals_cif__gen_0,0.138545980016,job_204_Cr_fe_-0.932_n4_generated_crystals_cif__gen_3,0.948275362695,same_structurematcher_cluster,D:\User\leoluis0705\Documents\xwechat_files\wxid_bbzc35ridmlc22_e97b\msg\file\2026-04\initial_1000_raw_generations.zip::raw_generations/job_130_Cr_fe_-1.335_n4/generated_crystals_cif.zip::gen_3.cif,raw_generations/job_130_Cr_fe_-1.335_n4/generated_crystals_cif.zip,gen_3.cif,True,False,True,5,-0.102418564162,-2.34439840158,0.16439840158,0.24439840158,False,-1.02749000987,A,True,False,118,8,Cm,1.95649,10.081284
job_131_Al_fe_-1.160_n4_generated_crystals_cif__gen_2,D:\CGCNN_Formation_Energy_AL_Archive\experiments\reproducibility\staging\paired_confirmation_server_20260712\EARLY_LiM2O4_ALIGNN_HARD640_m2p18_m2p02_FLAT_20260617\job_131_Al_fe_-1.160_n4_generated_crystals_cif__gen_2.cif,True,d45fc8c529ca23cdf905daa768da727502b2ce59c9ebfa9190277c6e1c0c4239,Li1 Al2 O4,LiAl2O4,Al,LiAl2O4,-2.90625739098,,0.531892462503,saved CGCNN MC-dropout sigma; candidate-level ALIGNN uncertainty not available,-2.56077218056,0.531892462503,0.345485210419,0.08238276744,291,0,-4.5391086936,A,True,False,530,34,262,17,a59e85c4fade081cb3292bce9c4e5ff930c8b3ea1df1bed764899e5fa1fa0715,"Li/M/O role-RDF: six unordered pairs, 0-6 A in 0.2-A bins; scale-free sorted lattice lengths, angles, and normalized volume",SM_Al_014,1,FP_SINGLETON_084,1,hdbscan_noise_singleton,job_191_Ti_fe_-0.867_n4_generated_crystals_cif__gen_0,0.796739439105,job_006_Mn_fe_-1.347_n4_generated_crystals_cif__gen_1,1.2214767842,no_shared_cluster,D:\User\leoluis0705\Documents\xwechat_files\wxid_bbzc35ridmlc22_e97b\msg\file\2026-04\initial_1000_raw_generations.zip::raw_generations/job_131_Al_fe_-1.160_n4/generated_crystals_cif.zip::gen_2.cif,raw_generations/job_131_Al_fe_-1.160_n4/generated_crystals_cif.zip,gen_2.cif,True,False,False,0,0,-2.90625739098,0.726257390976,0.806257390976,False,-4.5391086936,A,True,False,377,8,Cm,1.697234,11.036361
job_132_Ni_fe_-0.895_n4_generated_crystals_cif__gen_0,D:\CGCNN_Formation_Energy_AL_Archive\experiments\reproducibility\staging\paired_confirmation_server_20260712\EARLY_LiM2O4_ALIGNN_HARD640_m2p18_m2p02_FLAT_20260617\job_132_Ni_fe_-0.895_n4_generated_crystals_cif__gen_0.cif,True,f123217ba3a6854f8c9af60f00c04daddc46d02c00e2ed9121c2fc04405fdf38,Li1 Ni2 O4,Li(NiO2)2,Ni,Li(NiO2)2,-1.05839085579,,0.454942193357,saved CGCNN MC-dropout sigma; candidate-level ALIGNN uncertainty not available,-1.39089584351,0.454942193357,0.332504987717,0.0419463436384,498,0,7.01005715132,F,True,False,598,38,474,30,3d0fbd288a7f2ed7e7a92d169e904cfdb69b898dc8a9ba62438ec6873d96c3f3,"Li/M/O role-RDF: six unordered pairs, 0-6 A in 0.2-A bins; scale-free sorted lattice lengths, angles, and normalized volume",SM_Ni_002,22,FP_059,8,recurring_density_cluster,job_089_Ni_fe_-1.410_n4_generated_crystals_cif__gen_1,0.163305474845,job_136_Cr_fe_-1.181_n4_generated_crystals_cif__gen_0,0.581810712186,no_shared_cluster,D:\User\leoluis0705\Documents\xwechat_files\wxid_bbzc35ridmlc22_e97b\msg\file\2026-04\initial_1000_raw_generations.zip::raw_generations/job_132_Ni_fe_-0.895_n4/generated_crystals_cif.zip::gen_0.cif,raw_generations/job_132_Ni_fe_-0.895_n4/generated_crystals_cif.zip,gen_0.cif,True,False,False,0,0,-1.05839085579,0.961609144211,1.04160914421,False,7.01005715132,F,True,False,444,10,P2/m,1.877203,9.940673
job_132_Ni_fe_-0.895_n4_generated_crystals_cif__gen_1,D:\CGCNN_Formation_Energy_AL_Archive\experiments\reproducibility\staging\paired_confirmation_server_20260712\EARLY_LiM2O4_ALIGNN_HARD640_m2p18_m2p02_FLAT_20260617\job_132_Ni_fe_-0.895_n4_generated_crystals_cif__gen_1.cif,True,5516ca5fb743d697c9c8954e42f9521655f446f1a35397b63023fba0a8a8dfe3,Li1 Ni2 O4,Li(NiO2)2,Ni,Li(NiO2)2,-1.00199329853,,0.487549912389,saved CGCNN MC-dropout sigma; candidate-level ALIGNN uncertainty not available,-1.51486444473,0.487549912389,0.512871146202,0.0638390064743,389,0,7.36254188418,F,True,False,484,31,507,32,e6ebf670653c2fa9d4b402445e43448042e8b90d1f584033182257043e197ffc,"Li/M/O role-RDF: six unordered pairs, 0-6 A in 0.2-A bins; scale-free sorted lattice lengths, angles, and normalized volume",SM_Ni_005,2,FP_046,6,recurring_density_cluster,job_205_Al_fe_-1.483_n4_generated_crystals_cif__gen_2,0.628219561207,job_029_Cr_fe_-1.337_n4_generated_crystals_cif__gen_2,0.795988430135,no_shared_cluster,D:\User\leoluis0705\Documents\xwechat_files\wxid_bbzc35ridmlc22_e97b\msg\file\2026-04\initial_1000_raw_generations.zip::raw_generations/job_132_Ni_fe_-0.895_n4/generated_crystals_cif.zip::gen_1.cif,raw_generations/job_132_Ni_fe_-0.895_n4/generated_crystals_cif.zip,gen_1.cif,True,False,False,0,0,-1.00199329853,1.01800670147,1.09800670147,False,7.36254188418,F,True,False,560,1,P1,1.86997,10.290052
job_133_Mn_fe_-1.385_n4_generated_crystals_cif__gen_0,D:\CGCNN_Formation_Energy_AL_Archive\experiments\reproducibility\staging\paired_confirmation_server_20260712\EARLY_LiM2O4_ALIGNN_HARD640_m2p18_m2p02_FLAT_20260617\job_133_Mn_fe_-1.385_n4_generated_crystals_cif__gen_0.cif,True,e13cfe9a93d46b2f7375de397a007fc38eab6c9a514bc664a86cf296274f5be7,Li1 Mn2 O4,LiMn2O4,Mn,LiMn2O4,-1.99669003487,,0.427853836661,saved CGCNN MC-dropout sigma; candidate-level ALIGNN uncertainty not available,-2.20997405052,0.427853836661,0.213284015656,0.143558821732,103,0,1.14568728209,F,True,False,224,14,200,13,c7fc78995c7d6b906c1da176658e46fd3e4fc7c69410fa97ceabc2972fdc2b02,"Li/M/O role-RDF: six unordered pairs, 0-6 A in 0.2-A bins; scale-free sorted lattice lengths, angles, and normalized volume",SM_Mn_008,9,FP_031,9,recurring_density_cluster,job_044_Mn_fe_-0.936_n4_generated_crystals_cif__gen_3,0.250024506852,job_148_Mn_fe_-0.904_n4_generated_crystals_cif__gen_2,0.652481668969,no_shared_cluster,D:\User\leoluis0705\Documents\xwechat_files\wxid_bbzc35ridmlc22_e97b\msg\file\2026-04\initial_1000_raw_generations.zip::raw_generations/job_133_Mn_fe_-1.385_n4/generated_crystals_cif.zip::gen_0.cif,raw_generations/job_133_Mn_fe_-1.385_n4/generated_crystals_cif.zip,gen_0.cif,True,False,True,3,0.176542943114,-1.82014709175,0.199852908248,0.279852908248,False,2.24908067655,F,True,False,180,1,P1,1.885861,11.337895
job_133_Mn_fe_-1.385_n4_generated_crystals_cif__gen_2,D:\CGCNN_Formation_Energy_AL_Archive\experiments\reproducibility\staging\paired_confirmation_server_20260712\EARLY_LiM2O4_ALIGNN_HARD640_m2p18_m2p02_FLAT_20260617\job_133_Mn_fe_-1.385_n4_generated_crystals_cif__gen_2.cif,True,0d7addc31ccbd88e228bbf222a07bdd30dfcf7a2eb27eb0af566c15c6311d0af,Li1 Mn2 O4,LiMn2O4,Mn,LiMn2O4,-1.93375360966,,0.317529171907,saved CGCNN MC-dropout sigma; candidate-level ALIGNN uncertainty not available,-2.18728280067,0.317529171907,0.253529191017,0.191693703689,3,0,1.53903993964,F,True,False,30,2,113,8,71431d08de5d805cddc08df3e96a575d4530c19ee26a60d250ab4446ba84246f,"Li/M/O role-RDF: six unordered pairs, 0-6 A in 0.2-A bins; scale-free sorted lattice lengths, angles, and normalized volume",SM_Mn_020,1,FP_SINGLETON_085,1,hdbscan_noise_singleton,job_220_Cr_fe_-1.305_n4_generated_crystals_cif__gen_2,0.849277732905,job_006_Mn_fe_-1.347_n4_generated_crystals_cif__gen_1,1.06764231076,no_shared_cluster,D:\User\leoluis0705\Documents\xwechat_files\wxid_bbzc35ridmlc22_e97b\msg\file\2026-04\initial_1000_raw_generations.zip::raw_generations/job_133_Mn_fe_-1.385_n4/generated_crystals_cif.zip::gen_2.cif,raw_generations/job_133_Mn_fe_-1.385_n4/generated_crystals_cif.zip,gen_2.cif,True,False,True,3,0.176542943114,-1.75721066654,0.262789333457,0.342789333457,False,2.64243333411,F,True,False,210,1,P1,1.7961,10.862366
job_133_Mn_fe_-1.385_n4_generated_crystals_cif__gen_3,D:\CGCNN_Formation_Energy_AL_Archive\experiments\reproducibility\staging\paired_confirmation_server_20260712\EARLY_LiM2O4_ALIGNN_HARD640_m2p18_m2p02_FLAT_20260617\job_133_Mn_fe_-1.385_n4_generated_crystals_cif__gen_3.cif,True,6b42724f63d3e8d0c05d0478ff87525f5b5c214457ab2bba47df0a977c67cc2f,Li1 Mn2 O4,LiMn2O4,Mn,LiMn2O4,-1.92987251282,,0.39742112519,saved CGCNN MC-dropout sigma; candidate-level ALIGNN uncertainty not available,-2.1992893219,0.39742112519,0.269416809082,0.154697179933,54,0,1.56329679489,F,True,False,236,15,47,3,da479cbf54ce34549a8a6ad0c51c2acba0b03cc74ad8407473116f98acea4696,"Li/M/O role-RDF: six unordered pairs, 0-6 A in 0.2-A bins; scale-free sorted lattice lengths, angles, and normalized volume",SM_Mn_012,5,FP_036,16,recurring_density_cluster,job_232_Mn_fe_-1.004_n4_generated_crystals_cif__gen_3,0.37566116393,job_120_Cr_fe_-1.424_n4_generated_crystals_cif__gen_1,0.960422665561,no_shared_cluster,D:\User\leoluis0705\Documents\xwechat_files\wxid_bbzc35ridmlc22_e97b\msg\file\2026-04\initial_1000_raw_generations.zip::raw_generations/job_133_Mn_fe_-1.385_n4/generated_crystals_cif.zip::gen_3.cif,raw_generations/job_133_Mn_fe_-1.385_n4/generated_crystals_cif.zip,gen_3.cif,True,False,True,3,0.176542943114,-1.7533295697,0.266670430297,0.346670430297,False,2.66669018936,F,True,False,213,1,P1,1.826371,11.599552
job_134_Mn_fe_-0.810_n4_generated_crystals_cif__gen_0,D:\CGCNN_Formation_Energy_AL_Archive\experiments\reproducibility\staging\paired_confirmation_server_20260712\EARLY_LiM2O4_ALIGNN_HARD640_m2p18_m2p02_FLAT_20260617\job_134_Mn_fe_-0.810_n4_generated_crystals_cif__gen_0.cif,True,4a916592f9091c5bc2a603d33a24a952edbc3e8758fdd9ce49986d372bee9f1c,Li1 Mn2 O4,LiMn2O4,Mn,LiMn2O4,-2.00324249268,,0.38081326565,saved CGCNN MC-dropout sigma; candidate-level ALIGNN uncertainty not available,-2.29341888428,0.38081326565,0.290176391602,0.146532462036,84,0,1.10473442078,F,True,False,166,11,90,6,b9330afadedd59105b579c2b602027b582835b90fa459781c586c0a7ff164a1b,"Li/M/O role-RDF: six unordered pairs, 0-6 A in 0.2-A bins; scale-free sorted lattice lengths, angles, and normalized volume",SM_Mn_013,8,FP_077,5,recurring_density_cluster,job_154_Mn_fe_-1.207_n4_generated_crystals_cif__gen_1,0.280401330612,job_011_Mg_fe_-1.305_n4_generated_crystals_cif__gen_0,0.692210960883,no_shared_cluster,D:\User\leoluis0705\Documents\xwechat_files\wxid_bbzc35ridmlc22_e97b\msg\file\2026-04\initial_1000_raw_generations.zip::raw_generations/job_134_Mn_fe_-0.810_n4/generated_crystals_cif.zip::gen_0.cif,raw_generations/job_134_Mn_fe_-0.810_n4/generated_crystals_cif.zip,gen_0.cif,True,False,True,3,0.176542943114,-1.82669954956,0.193300450438,0.273300450438,False,2.20812781524,F,True,False,171,8,Cm,1.923803,10.228108
job_134_Mn_fe_-0.810_n4_generated_crystals_cif__gen_1,D:\CGCNN_Formation_Energy_AL_Archive\experiments\reproducibility\staging\paired_confirmation_server_20260712\EARLY_LiM2O4_ALIGNN_HARD640_m2p18_m2p02_FLAT_20260617\job_134_Mn_fe_-0.810_n4_generated_crystals_cif__gen_1.cif,True,9d5fc4541378657d87f02161f9bf744ae6f29c10f2dfa9c2f350adb3da340405,Li1 Mn2 O4,LiMn2O4,Mn,LiMn2O4,-2.0261118412,,0.408964854336,saved CGCNN MC-dropout sigma; candidate-level ALIGNN uncertainty not available,-2.18086099625,0.408964854336,0.154749155045,0.152124796566,63,1,0.961800992489,E,True,False,173,11,203,13,7b4a3735206651afc7d694f1f0d0e15970a0c59638f5024326a5bc52d98f974d,"Li/M/O role-RDF: six unordered pairs, 0-6 A in 0.2-A bins; scale-free sorted lattice lengths, angles, and normalized volume",SM_Mn_003,16,FP_078,3,recurring_density_cluster,job_154_Mn_fe_-1.207_n4_generated_crystals_cif__gen_3,0.310301812925,job_148_Mn_fe_-0.904_n4_generated_crystals_cif__gen_2,0.358662520321,same_structurematcher_cluster,D:\User\leoluis0705\Documents\xwechat_files\wxid_bbzc35ridmlc22_e97b\msg\file\2026-04\initial_1000_raw_generations.zip::raw_generations/job_134_Mn_fe_-0.810_n4/generated_crystals_cif.zip::gen_1.cif,raw_generations/job_134_Mn_fe_-0.810_n4/generated_crystals_cif.zip,gen_1.cif,True,False,True,3,0.176542943114,-1.84956889809,0.170431101912,0.250431101912,False,2.06519438695,F,True,False,127,1,P1,1.918612,11.109234
job_134_Mn_fe_-0.810_n4_generated_crystals_cif__gen_2,D:\CGCNN_Formation_Energy_AL_Archive\experiments\reproducibility\staging\paired_confirmation_server_20260712\EARLY_LiM2O4_ALIGNN_HARD640_m2p18_m2p02_FLAT_20260617\job_134_Mn_fe_-0.810_n4_generated_crystals_cif__gen_2.cif,True,c88a5ea8b98405cd84a8ca53ac5d59774ba3310b7541f2cfdce28001597cee02,Li1 Mn2 O4,LiMn2O4,Mn,LiMn2O4,-2.00390267372,,0.442360756593,saved CGCNN MC-dropout sigma; candidate-level ALIGNN uncertainty not available,-2.22728204727,0.442360756593,0.22337937355,0.13775540414,133,0,1.10060828924,F,True,False,95,6,22,2,444e59f8c2806dd29c83e74d04a121dde7a0599bb919c030c3c2034fdd34942a,"Li/M/O role-RDF: six unordered pairs, 0-6 A in 0.2-A bins; scale-free sorted lattice lengths, angles, and normalized volume",SM_Mn_003,16,FP_010,7,recurring_density_cluster,job_065_Mn_fe_-1.024_n4_generated_crystals_cif__gen_2,0.190030538358,job_086_Mn_fe_-0.988_n4_generated_crystals_cif__gen_2,0.431865553544,same_structurematcher_cluster,D:\User\leoluis0705\Documents\xwechat_files\wxid_bbzc35ridmlc22_e97b\msg\file\2026-04\initial_1000_raw_generations.zip::raw_generations/job_134_Mn_fe_-0.810_n4/generated_crystals_cif.zip::gen_2.cif,raw_generations/job_134_Mn_fe_-0.810_n4/generated_crystals_cif.zip,gen_2.cif,True,False,True,3,0.176542943114,-1.82735973061,0.192640269393,0.272640269393,False,2.20400168371,F,True,False,167,1,P1,1.907615,10.746346
job_134_Mn_fe_-0.810_n4_generated_crystals_cif__gen_3,D:\CGCNN_Formation_Energy_AL_Archive\experiments\reproducibility\staging\paired_confirmation_server_20260712\EARLY_LiM2O4_ALIGNN_HARD640_m2p18_m2p02_FLAT_20260617\job_134_Mn_fe_-0.810_n4_generated_crystals_cif__gen_3.cif,True,bbd97d6d365abc16e2b98935e0424571841a86aeff6a081cadc27f397bcb6436,Li1 Mn2 O4,LiMn2O4,Mn,LiMn2O4,-2.0151321888,,0.418584423799,saved CGCNN MC-dropout sigma; candidate-level ALIGNN uncertainty not available,-2.21392703056,0.418584423799,0.198794841766,0.146123014683,89,0,1.03042382002,F,True,False,132,9,117,8,239884e92eee8ac9eafeb1f4dd7b3717ba20b0b60781ac53f5304265a511a25d,"Li/M/O role-RDF: six unordered pairs, 0-6 A in 0.2-A bins; scale-free sorted lattice lengths, angles, and normalized volume",SM_Mn_004,35,FP_011,18,recurring_density_cluster,job_030_Mn_fe_-1.234_n4_generated_crystals_cif__gen_2,0.219186536225,job_136_Cr_fe_-1.181_n4_generated_crystals_cif__gen_0,0.424939871066,same_structurematcher_cluster,D:\User\leoluis0705\Documents\xwechat_files\wxid_bbzc35ridmlc22_e97b\msg\file\2026-04\initial_1000_raw_generations.zip::raw_generations/job_134_Mn_fe_-0.810_n4/generated_crystals_cif.zip::gen_3.cif,raw_generations/job_134_Mn_fe_-0.810_n4/generated_crystals_cif.zip,gen_3.cif,True,False,True,3,0.176542943114,-1.83858924568,0.181410754317,0.261410754317,False,2.13381721448,F,True,False,148,2,P-1,1.917286,10.529095
job_135_Co_fe_-0.851_n4_generated_crystals_cif__gen_1,D:\CGCNN_Formation_Energy_AL_Archive\experiments\reproducibility\staging\paired_confirmation_server_20260712\EARLY_LiM2O4_ALIGNN_HARD640_m2p18_m2p02_FLAT_20260617\job_135_Co_fe_-0.851_n4_generated_crystals_cif__gen_1.cif,True,79ebf2f73256014814ca7da02c5c73e728abb669b466c6815a618c2ea9a202c8,Li1 Co2 O4,Li(CoO2)2,Co,Li(CoO2)2,-1.50706744194,,0.435959905263,saved CGCNN MC-dropout sigma; candidate-level ALIGNN uncertainty not available,-1.56636321545,0.435959905263,0.0592957735062,0.0694112146787,360,0,4.20582848787,F,True,False,529,34,360,23,d9e8988d2fc227d17268a9c9679baa88e2bf8d2f719b59ce7ae67a5109fea325,"Li/M/O role-RDF: six unordered pairs, 0-6 A in 0.2-A bins; scale-free sorted lattice lengths, angles, and normalized volume",SM_Co_003,18,FP_033,3,recurring_density_cluster,job_156_Co_fe_-0.846_n4_generated_crystals_cif__gen_1,0.207313923377,job_148_Mn_fe_-0.904_n4_generated_crystals_cif__gen_2,1.10070893215,no_shared_cluster,D:\User\leoluis0705\Documents\xwechat_files\wxid_bbzc35ridmlc22_e97b\msg\file\2026-04\initial_1000_raw_generations.zip::raw_generations/job_135_Co_fe_-0.851_n4/generated_crystals_cif.zip::gen_1.cif,raw_generations/job_135_Co_fe_-0.851_n4/generated_crystals_cif.zip,gen_1.cif,True,False,False,0,0,-1.50706744194,0.51293255806,0.59293255806,False,4.20582848787,F,True,False,282,12,C2/m,1.895878,9.818302
job_135_Co_fe_-0.851_n4_generated_crystals_cif__gen_2,D:\CGCNN_Formation_Energy_AL_Archive\experiments\reproducibility\staging\paired_confirmation_server_20260712\EARLY_LiM2O4_ALIGNN_HARD640_m2p18_m2p02_FLAT_20260617\job_135_Co_fe_-0.851_n4_generated_crystals_cif__gen_2.cif,True,0c7e940fe7f1631b65b84a973b105e919c45bf57396dddbaf9e14369065b7eff,Li1 Co2 O4,Li(CoO2)2,Co,Li(CoO2)2,-1.45544147491,,0.69072161567,saved CGCNN MC-dropout sigma; candidate-level ALIGNN uncertainty not available,-1.55540394783,0.69072161567,0.0999624729156,0.0676660178524,366,0,4.52849078178,F,True,False,409,26,407,26,5f1a3b6c683143ee6a134057266e806932b9fbb08f030595f1eeccb22b9816df,"Li/M/O role-RDF: six unordered pairs, 0-6 A in 0.2-A bins; scale-free sorted lattice lengths, angles, and normalized volume",SM_Co_001,25,FP_034,19,recurring_density_cluster,job_210_Co_fe_-1.389_n4_generated_crystals_cif__gen_1,0.0501691524551,job_136_Cr_fe_-1.181_n4_generated_crystals_cif__gen_0,0.646286037903,no_shared_cluster,D:\User\leoluis0705\Documents\xwechat_files\wxid_bbzc35ridmlc22_e97b\msg\file\2026-04\initial_1000_raw_generations.zip::raw_generations/job_135_Co_fe_-0.851_n4/generated_crystals_cif.zip::gen_2.cif,raw_generations/job_135_Co_fe_-0.851_n4/generated_crystals_cif.zip,gen_2.cif,True,False,False,0,0,-1.45544147491,0.564558525085,0.644558525085,False,4.52849078178,F,True,False,315,12,C2/m,1.912605,9.90595
job_135_Co_fe_-0.851_n4_generated_crystals_cif__gen_3,D:\CGCNN_Formation_Energy_AL_Archive\experiments\reproducibility\staging\paired_confirmation_server_20260712\EARLY_LiM2O4_ALIGNN_HARD640_m2p18_m2p02_FLAT_20260617\job_135_Co_fe_-0.851_n4_generated_crystals_cif__gen_3.cif,True,fb4818a3aa7de1ca3cd722dfc6857a78beeb31f58acca1df7b417894f1ce6f79,Li1 Co2 O4,Li(CoO2)2,Co,Li(CoO2)2,-1.42497730255,,0.508394487191,saved CGCNN MC-dropout sigma; candidate-level ALIGNN uncertainty not available,-1.60365271568,0.508394487191,0.178675413132,0.0779405354549,305,0,4.71889185905,F,True,False,312,20,348,22,c4ca4bc362a35dc88f652027c4da323a27b04809d09261262047f271c405b1b4,"Li/M/O role-RDF: six unordered pairs, 0-6 A in 0.2-A bins; scale-free sorted lattice lengths, angles, and normalized volume",SM_Co_004,18,FP_SINGLETON_086,1,hdbscan_noise_singleton,job_247_Ni_fe_-1.069_n4_generated_crystals_cif__gen_0,0.316931942987,job_136_Cr_fe_-1.181_n4_generated_crystals_cif__gen_0,0.532137688524,no_shared_cluster,D:\User\leoluis0705\Documents\xwechat_files\wxid_bbzc35ridmlc22_e97b\msg\file\2026-04\initial_1000_raw_generations.zip::raw_generations/job_135_Co_fe_-0.851_n4/generated_crystals_cif.zip::gen_3.cif,raw_generations/job_135_Co_fe_-0.851_n4/generated_crystals_cif.zip,gen_3.cif,True,False,False,0,0,-1.42497730255,0.595022697449,0.675022697449,False,4.71889185905,F,True,False,338,2,P-1,1.876069,9.931191
job_136_Cr_fe_-1.181_n4_generated_crystals_cif__gen_0,D:\CGCNN_Formation_Energy_AL_Archive\experiments\reproducibility\staging\paired_confirmation_server_20260712\EARLY_LiM2O4_ALIGNN_HARD640_m2p18_m2p02_FLAT_20260617\job_136_Cr_fe_-1.181_n4_generated_crystals_cif__gen_0.cif,True,496805b69ea7883cee38b7a120b911a22ec00623110d0a24d3ad99fbec898daf,Li1 Cr2 O4,LiCr2O4,Cr,LiCr2O4,-2.17796158791,,0.47804591162,saved CGCNN MC-dropout sigma; candidate-level ALIGNN uncertainty not available,-2.1042265892,0.47804591162,0.073734998703,0.132898570991,167,1,0.0127400755882,B,True,False,66,5,12,1,94724e26ca6c9d5b757970d9d5ea48b69bf343e871b54bef3f16cbc58065ecf2,"Li/M/O role-RDF: six unordered pairs, 0-6 A in 0.2-A bins; scale-free sorted lattice lengths, angles, and normalized volume",SM_Cr_003,20,FP_063,10,recurring_density_cluster,job_208_Cr_fe_-1.031_n4_generated_crystals_cif__gen_3,0.120953607874,job_120_Cr_fe_-1.424_n4_generated_crystals_cif__gen_1,0.653769084469,historical_dft_candidate_self,D:\User\leoluis0705\Documents\xwechat_files\wxid_bbzc35ridmlc22_e97b\msg\file\2026-04\initial_1000_raw_generations.zip::raw_generations/job_136_Cr_fe_-1.181_n4/generated_crystals_cif.zip::gen_0.cif,raw_generations/job_136_Cr_fe_-1.181_n4/generated_crystals_cif.zip,gen_0.cif,True,True,True,5,-0.102418564162,-2.28038015207,0.100380152068,0.180380152068,False,-0.627375950425,A,True,False,45,6,Pm,1.931478,10.443846
job_136_Cr_fe_-1.181_n4_generated_crystals_cif__gen_1,D:\CGCNN_Formation_Energy_AL_Archive\experiments\reproducibility\staging\paired_confirmation_server_20260712\EARLY_LiM2O4_ALIGNN_HARD640_m2p18_m2p02_FLAT_20260617\job_136_Cr_fe_-1.181_n4_generated_crystals_cif__gen_1.cif,True,482dc6960d3373f344ef0bbe4c7da05c384cdb8a076376d7097c7151e8e38206,Li1 Cr2 O4,LiCr2O4,Cr,LiCr2O4,-2.21302843094,,0.450003274198,saved CGCNN MC-dropout sigma; candidate-level ALIGNN uncertainty not available,-2.12796235085,0.450003274198,0.0850660800934,0.140832192406,123,0,-0.206427693367,A,True,False,109,7,158,10,0b21cc8d9df02dbf85406860780239effd049b8a8c187a62236116c3fb9faf73,"Li/M/O role-RDF: six unordered pairs, 0-6 A in 0.2-A bins; scale-free sorted lattice lengths, angles, and normalized volume",SM_Cr_004,12,FP_018,7,recurring_density_cluster,job_212_Cr_fe_-1.473_n4_generated_crystals_cif__gen_3,0.209291576178,job_167_Mn_fe_-0.885_n4_generated_crystals_cif__gen_3,0.49266554261,no_shared_cluster,D:\User\leoluis0705\Documents\xwechat_files\wxid_bbzc35ridmlc22_e97b\msg\file\2026-04\initial_1000_raw_generations.zip::raw_generations/job_136_Cr_fe_-1.181_n4/generated_crystals_cif.zip::gen_1.cif,raw_generations/job_136_Cr_fe_-1.181_n4/generated_crystals_cif.zip,gen_1.cif,True,False,True,5,-0.102418564162,-2.3154469951,0.135446995101,0.215446995101,False,-0.846543719381,A,True,False,96,12,C2/m,1.979772,10.549926
job_136_Cr_fe_-1.181_n4_generated_crystals_cif__gen_2,D:\CGCNN_Formation_Energy_AL_Archive\experiments\reproducibility\staging\paired_confirmation_server_20260712\EARLY_LiM2O4_ALIGNN_HARD640_m2p18_m2p02_FLAT_20260617\job_136_Cr_fe_-1.181_n4_generated_crystals_cif__gen_2.cif,True,0b139d6a489b48608268151dd6b8f04cf0303f01144f76241cd0aba276ca628c,Li1 Cr2 O4,LiCr2O4,Cr,LiCr2O4,-2.20938825607,,0.413297805942,saved CGCNN MC-dropout sigma; candidate-level ALIGNN uncertainty not available,-2.15276360512,0.413297805942,0.0566246509552,0.152253252038,62,0,-0.183676600456,A,True,False,116,8,103,7,925b2ed74730af8ba437c6edca4c5cd42897c3f53cdae577c38cf30177502f7b,"Li/M/O role-RDF: six unordered pairs, 0-6 A in 0.2-A bins; scale-free sorted lattice lengths, angles, and normalized volume",SM_Cr_002,15,FP_026,15,recurring_density_cluster,job_171_Cr_fe_-1.042_n4_generated_crystals_cif__gen_2,0.192160235666,job_204_Cr_fe_-0.932_n4_generated_crystals_cif__gen_3,0.911348692407,same_structurematcher_cluster,D:\User\leoluis0705\Documents\xwechat_files\wxid_bbzc35ridmlc22_e97b\msg\file\2026-04\initial_1000_raw_generations.zip::raw_generations/job_136_Cr_fe_-1.181_n4/generated_crystals_cif.zip::gen_2.cif,raw_generations/job_136_Cr_fe_-1.181_n4/generated_crystals_cif.zip,gen_2.cif,True,False,True,5,-0.102418564162,-2.31180682024,0.131806820235,0.211806820235,False,-0.82379262647,A,True,False,89,44,Imm2,1.94655,9.966997
job_137_Al_fe_-1.012_n4_generated_crystals_cif__gen_1,D:\CGCNN_Formation_Energy_AL_Archive\experiments\reproducibility\staging\paired_confirmation_server_20260712\EARLY_LiM2O4_ALIGNN_HARD640_m2p18_m2p02_FLAT_20260617\job_137_Al_fe_-1.012_n4_generated_crystals_cif__gen_1.cif,True,e84dd34c8ee199ecde06c840fdeb0a4ccd7ff549dda29e5f071b3d8f3a732fd3,Li1 Al2 O4,LiAl2O4,Al,LiAl2O4,-2.91833758354,,0.515213985527,saved CGCNN MC-dropout sigma; candidate-level ALIGNN uncertainty not available,-2.61353206635,0.515213985527,0.304805517197,0.0753867632844,312,0,-4.61460989714,A,True,False,404,26,264,17,eb9832f7d379b9a309d4fae22d3f9c1ddfe6f2afc9c208cc7a17c3d0ee83dcd2,"Li/M/O role-RDF: six unordered pairs, 0-6 A in 0.2-A bins; scale-free sorted lattice lengths, angles, and normalized volume",SM_Al_015,1,FP_SINGLETON_087,1,hdbscan_noise_singleton,job_080_Mn_fe_-1.081_n4_generated_crystals_cif__gen_1,1.23443335775,job_120_Cr_fe_-1.424_n4_generated_crystals_cif__gen_1,1.51154867339,no_shared_cluster,D:\User\leoluis0705\Documents\xwechat_files\wxid_bbzc35ridmlc22_e97b\msg\file\2026-04\initial_1000_raw_generations.zip::raw_generations/job_137_Al_fe_-1.012_n4/generated_crystals_cif.zip::gen_1.cif,raw_generations/job_137_Al_fe_-1.012_n4/generated_crystals_cif.zip,gen_1.cif,True,False,False,0,0,-2.91833758354,0.738337583542,0.818337583542,False,-4.61460989714,A,True,False,379,8,Cm,1.727687,9.331066
job_137_Al_fe_-1.012_n4_generated_crystals_cif__gen_3,D:\CGCNN_Formation_Energy_AL_Archive\experiments\reproducibility\staging\paired_confirmation_server_20260712\EARLY_LiM2O4_ALIGNN_HARD640_m2p18_m2p02_FLAT_20260617\job_137_Al_fe_-1.012_n4_generated_crystals_cif__gen_3.cif,True,86ecda2e1da1a78872f339413e13b4b4035682d5c57b22103bb8a5d5085ea1ad,Li1 Al2 O4,LiAl2O4,Al,LiAl2O4,-3.07605576515,,0.455248958522,saved CGCNN MC-dropout sigma; candidate-level ALIGNN uncertainty not available,-2.55866718292,0.455248958522,0.51738858223,0.0844087246812,281,0,-5.6003485322,A,True,False,497,32,265,17,d27d14c52f4ca0522521cae586a0ff50a0b2eb25e7c0cf799bd5667d9dbe815f,"Li/M/O role-RDF: six unordered pairs, 0-6 A in 0.2-A bins; scale-free sorted lattice lengths, angles, and normalized volume",SM_Al_016,2,FP_SINGLETON_088,1,hdbscan_noise_singleton,job_213_Al_fe_-1.344_n4_generated_crystals_cif__gen_1,0.649843919407,job_148_Mn_fe_-0.904_n4_generated_crystals_cif__gen_2,1.46568713172,no_shared_cluster,D:\User\leoluis0705\Documents\xwechat_files\wxid_bbzc35ridmlc22_e97b\msg\file\2026-04\initial_1000_raw_generations.zip::raw_generations/job_137_Al_fe_-1.012_n4/generated_crystals_cif.zip::gen_3.cif,raw_generations/job_137_Al_fe_-1.012_n4/generated_crystals_cif.zip,gen_3.cif,True,False,False,0,0,-3.07605576515,0.896055765152,0.976055765152,False,-5.6003485322,A,True,False,395,1,P1,1.782649,11.039609
job_138_Ti_fe_-0.803_n4_generated_crystals_cif__gen_1,D:\CGCNN_Formation_Energy_AL_Archive\experiments\reproducibility\staging\paired_confirmation_server_20260712\EARLY_LiM2O4_ALIGNN_HARD640_m2p18_m2p02_FLAT_20260617\job_138_Ti_fe_-0.803_n4_generated_crystals_cif__gen_1.cif,True,504580828811390c21cec62d66265c598fc6ea42bdb69338a6266670ffa8234c,Li1 Ti2 O4,LiTi2O4,Ti,LiTi2O4,-3.22248530388,,0.470584711608,saved CGCNN MC-dropout sigma; candidate-level ALIGNN uncertainty not available,-3.37156319618,0.470584711608,0.149077892303,0.00363041924029,609,0,-6.51553314924,A,True,False,418,27,598,38,2b663b7d71ed6974a5fe5f4d072e166b8715b7e11564be5862fea9f62c649e4e,"Li/M/O role-RDF: six unordered pairs, 0-6 A in 0.2-A bins; scale-free sorted lattice lengths, angles, and normalized volume",SM_Ti_002,41,FP_060,7,recurring_density_cluster,job_206_Ti_fe_-0.853_n4_generated_crystals_cif__gen_1,0.27693550874,job_011_Mg_fe_-1.305_n4_generated_crystals_cif__gen_0,0.824245558713,no_shared_cluster,D:\User\leoluis0705\Documents\xwechat_files\wxid_bbzc35ridmlc22_e97b\msg\file\2026-04\initial_1000_raw_generations.zip::raw_generations/job_138_Ti_fe_-0.803_n4/generated_crystals_cif.zip::gen_1.cif,raw_generations/job_138_Ti_fe_-0.803_n4/generated_crystals_cif.zip,gen_1.cif,True,False,False,0,0,-3.22248530388,1.04248530388,1.12248530388,False,-6.51553314924,A,True,False,609,8,Cm,1.995937,10.073854
job_138_Ti_fe_-0.803_n4_generated_crystals_cif__gen_2,D:\CGCNN_Formation_Energy_AL_Archive\experiments\reproducibility\staging\paired_confirmation_server_20260712\EARLY_LiM2O4_ALIGNN_HARD640_m2p18_m2p02_FLAT_20260617\job_138_Ti_fe_-0.803_n4_generated_crystals_cif__gen_2.cif,True,727f4b1064337c24f9938f1b67cac3a224356bec159cb6d9032f2d3365520998,Li1 Ti2 O4,LiTi2O4,Ti,LiTi2O4,-3.22089886665,,0.55756090771,saved CGCNN MC-dropout sigma; candidate-level ALIGNN uncertainty not available,-3.3038225174,0.55756090771,0.0829236507416,0.0112691019427,539,0,-6.50561791658,A,True,False,633,40,592,37,ef6329beff8f78eb3023e98554149823529f621771e912c1cf2ebcc49fcae0cf,"Li/M/O role-RDF: six unordered pairs, 0-6 A in 0.2-A bins; scale-free sorted lattice lengths, angles, and normalized volume",SM_Ti_009,5,FP_019,19,recurring_density_cluster,job_060_Ti_fe_-1.204_n4_generated_crystals_cif__gen_3,0.0716176313858,job_120_Cr_fe_-1.424_n4_generated_crystals_cif__gen_1,0.277362563013,same_fingerprint_cluster,D:\User\leoluis0705\Documents\xwechat_files\wxid_bbzc35ridmlc22_e97b\msg\file\2026-04\initial_1000_raw_generations.zip::raw_generations/job_138_Ti_fe_-0.803_n4/generated_crystals_cif.zip::gen_2.cif,raw_generations/job_138_Ti_fe_-0.803_n4/generated_crystals_cif.zip,gen_2.cif,True,False,False,0,0,-3.22089886665,1.04089886665,1.12089886665,False,-6.50561791658,A,True,False,603,8,Cm,1.858258,10.175273
job_138_Ti_fe_-0.803_n4_generated_crystals_cif__gen_3,D:\CGCNN_Formation_Energy_AL_Archive\experiments\reproducibility\staging\paired_confirmation_server_20260712\EARLY_LiM2O4_ALIGNN_HARD640_m2p18_m2p02_FLAT_20260617\job_138_Ti_fe_-0.803_n4_generated_crystals_cif__gen_3.cif,True,9f45298e04fe148156bead66317debdefe3db0c4c045be0c138f9be08588af4e,Li1 Ti2 O4,LiTi2O4,Ti,LiTi2O4,-3.16923475266,,0.411681404039,saved CGCNN MC-dropout sigma; candidate-level ALIGNN uncertainty not available,-3.16271448135,0.411681404039,0.00652027130127,0.00573757155193,590,0,-6.18271720409,A,True,False,533,34,557,35,7192b224fcfc01cc6514b2b63f6565a981e98af51d794107b1e792ae4db5b062,"Li/M/O role-RDF: six unordered pairs, 0-6 A in 0.2-A bins; scale-free sorted lattice lengths, angles, and normalized volume",SM_Ti_007,9,FP_039,9,recurring_density_cluster,job_059_Ti_fe_-1.388_n4_generated_crystals_cif__gen_2,0.311197288752,job_249_Cr_fe_-1.500_n4_generated_crystals_cif__gen_1,0.870812767663,no_shared_cluster,D:\User\leoluis0705\Documents\xwechat_files\wxid_bbzc35ridmlc22_e97b\msg\file\2026-04\initial_1000_raw_generations.zip::raw_generations/job_138_Ti_fe_-0.803_n4/generated_crystals_cif.zip::gen_3.cif,raw_generations/job_138_Ti_fe_-0.803_n4/generated_crystals_cif.zip,gen_3.cif,True,False,False,0,0,-3.16923475266,0.989234752655,1.06923475266,False,-6.18271720409,A,True,False,509,8,Cm,1.956877,11.105213
job_140_Al_fe_-1.392_n4_generated_crystals_cif__gen_1,D:\CGCNN_Formation_Energy_AL_Archive\experiments\reproducibility\staging\paired_confirmation_server_20260712\EARLY_LiM2O4_ALIGNN_HARD640_m2p18_m2p02_FLAT_20260617\job_140_Al_fe_-1.392_n4_generated_crystals_cif__gen_1.cif,True,b1ab083ba3853e6c8adc20e59fff38640fb3dba82efb12931838a292b8bc6bb3,Li1 Al2 O4,LiAl2O4,Al,LiAl2O4,-3.14532351494,,0.444762647482,saved CGCNN MC-dropout sigma; candidate-level ALIGNN uncertainty not available,-2.56649136543,0.444762647482,0.578832149506,0.0828407964134,287,0,-6.03327196836,A,True,False,332,21,321,21,e463df06737e76e60d932094f3e23361ef9a0cf2ea77b99bd2fad8ede062a37f,"Li/M/O role-RDF: six unordered pairs, 0-6 A in 0.2-A bins; scale-free sorted lattice lengths, angles, and normalized volume",SM_Al_006,5,FP_034,19,recurring_density_cluster,job_090_Al_fe_-0.837_n4_generated_crystals_cif__gen_2,0.175521854321,job_120_Cr_fe_-1.424_n4_generated_crystals_cif__gen_1,0.746037709942,no_shared_cluster,D:\User\leoluis0705\Documents\xwechat_files\wxid_bbzc35ridmlc22_e97b\msg\file\2026-04\initial_1000_raw_generations.zip::raw_generations/job_140_Al_fe_-1.392_n4/generated_crystals_cif.zip::gen_1.cif,raw_generations/job_140_Al_fe_-1.392_n4/generated_crystals_cif.zip,gen_1.cif,True,False,False,0,0,-3.14532351494,0.965323514938,1.04532351494,False,-6.03327196836,A,True,False,450,8,Cm,1.894729,9.675768
job_141_Co_fe_-1.348_n4_generated_crystals_cif__gen_0,D:\CGCNN_Formation_Energy_AL_Archive\experiments\reproducibility\staging\paired_confirmation_server_20260712\EARLY_LiM2O4_ALIGNN_HARD640_m2p18_m2p02_FLAT_20260617\job_141_Co_fe_-1.348_n4_generated_crystals_cif__gen_0.cif,True,2284fa4a87d1d9313c09a9d174999242ff812690d2e24fc1a40e43beac265860,Li1 Co2 O4,Li(CoO2)2,Co,Li(CoO2)2,-1.32675409317,,0.379194027705,saved CGCNN MC-dropout sigma; candidate-level ALIGNN uncertainty not available,-1.63296997547,0.379194027705,0.306215882301,0.0791417835328,303,0,5.33278691769,F,True,False,385,25,353,23,5c7c819ae9ebafc9cdf4e0f470aeafed33e2412ff26ff40e702f284bc9f6a2eb,"Li/M/O role-RDF: six unordered pairs, 0-6 A in 0.2-A bins; scale-free sorted lattice lengths, angles, and normalized volume",SM_Co_013,1,FP_073,3,recurring_density_cluster,job_092_Cr_fe_-1.075_n4_generated_crystals_cif__gen_1,0.652046416996,job_092_Cr_fe_-1.075_n4_generated_crystals_cif__gen_1,0.652046416996,same_fingerprint_cluster,D:\User\leoluis0705\Documents\xwechat_files\wxid_bbzc35ridmlc22_e97b\msg\file\2026-04\initial_1000_raw_generations.zip::raw_generations/job_141_Co_fe_-1.348_n4/generated_crystals_cif.zip::gen_0.cif,raw_generations/job_141_Co_fe_-1.348_n4/generated_crystals_cif.zip,gen_0.cif,True,False,False,0,0,-1.32675409317,0.69324590683,0.77324590683,False,5.33278691769,F,True,False,369,8,Cm,1.849797,8.785046
job_141_Co_fe_-1.348_n4_generated_crystals_cif__gen_1,D:\CGCNN_Formation_Energy_AL_Archive\experiments\reproducibility\staging\paired_confirmation_server_20260712\EARLY_LiM2O4_ALIGNN_HARD640_m2p18_m2p02_FLAT_20260617\job_141_Co_fe_-1.348_n4_generated_crystals_cif__gen_1.cif,True,d137a54ce5ef74f745b6a0cd7dbafa60666bacf5a771d1ab5092e23c294f8248,Li1 Co2 O4,Li(CoO2)2,Co,Li(CoO2)2,-1.34834003448,,0.516727722724,saved CGCNN MC-dropout sigma; candidate-level ALIGNN uncertainty not available,-1.69506239891,0.516727722724,0.346722364426,0.0907284217959,256,0,5.19787478447,F,True,False,524,33,424,27,0a7c0fe9fad055d9da806b312aac4020f91b325f466f4e4750b283844f4a6a34,"Li/M/O role-RDF: six unordered pairs, 0-6 A in 0.2-A bins; scale-free sorted lattice lengths, angles, and normalized volume",SM_Co_014,1,FP_046,6,recurring_density_cluster,job_205_Al_fe_-1.483_n4_generated_crystals_cif__gen_2,0.616801453909,job_182_Cr_fe_-1.464_n4_generated_crystals_cif__gen_2,0.817687908121,no_shared_cluster,D:\User\leoluis0705\Documents\xwechat_files\wxid_bbzc35ridmlc22_e97b\msg\file\2026-04\initial_1000_raw_generations.zip::raw_generations/job_141_Co_fe_-1.348_n4/generated_crystals_cif.zip::gen_1.cif,raw_generations/job_141_Co_fe_-1.348_n4/generated_crystals_cif.zip,gen_1.cif,True,False,False,0,0,-1.34834003448,0.671659965515,0.751659965515,False,5.19787478447,F,True,False,365,8,Cm,1.891954,10.62359
job_141_Co_fe_-1.348_n4_generated_crystals_cif__gen_2,D:\CGCNN_Formation_Energy_AL_Archive\experiments\reproducibility\staging\paired_confirmation_server_20260712\EARLY_LiM2O4_ALIGNN_HARD640_m2p18_m2p02_FLAT_20260617\job_141_Co_fe_-1.348_n4_generated_crystals_cif__gen_2.cif,True,295d78764bc0772ad84f32e9cd123e69fb1b02dd6aa88463bd32af980813d082,Li1 Co2 O4,Li(CoO2)2,Co,Li(CoO2)2,-1.49376726151,,0.534972592737,saved CGCNN MC-dropout sigma; candidate-level ALIGNN uncertainty not available,-1.56011939049,0.534972592737,0.0663521289825,0.0717091762608,336,0,4.28895461559,F,True,False,325,21,363,23,0c969a969dfb70ba500e4b219917893dcff569ad1c08d2d457ad31a0102f6456,"Li/M/O role-RDF: six unordered pairs, 0-6 A in 0.2-A bins; scale-free sorted lattice lengths, angles, and normalized volume",SM_Co_003,18,FP_047,4,recurring_density_cluster,job_158_Co_fe_-1.333_n4_generated_crystals_cif__gen_1,0.197781551851,job_148_Mn_fe_-0.904_n4_generated_crystals_cif__gen_2,1.07228443008,no_shared_cluster,D:\User\leoluis0705\Documents\xwechat_files\wxid_bbzc35ridmlc22_e97b\msg\file\2026-04\initial_1000_raw_generations.zip::raw_generations/job_141_Co_fe_-1.348_n4/generated_crystals_cif.zip::gen_2.cif,raw_generations/job_141_Co_fe_-1.348_n4/generated_crystals_cif.zip,gen_2.cif,True,False,False,0,0,-1.49376726151,0.526232738495,0.606232738495,False,4.28895461559,F,True,False,298,12,C2/m,1.896622,9.888882
job_142_Mn_fe_-1.095_n4_generated_crystals_cif__gen_0,D:\CGCNN_Formation_Energy_AL_Archive\experiments\reproducibility\staging\paired_confirmation_server_20260712\EARLY_LiM2O4_ALIGNN_HARD640_m2p18_m2p02_FLAT_20260617\job_142_Mn_fe_-1.095_n4_generated_crystals_cif__gen_0.cif,True,520378643c0bb669d83f501c33c3ba279d160eefb80ab1cd18275a2ee92c239e,Li1 Mn2 O4,LiMn2O4,Mn,LiMn2O4,-2.0035545826,,0.585148644061,saved CGCNN MC-dropout sigma; candidate-level ALIGNN uncertainty not available,-2.19394207001,0.585148644061,0.190387487411,0.10736198617,238,0,1.10278385878,F,True,False,98,7,132,9,967500dc2c045a26387c43d76de2c53e08cc3f1bf0ad24400dc28fa1d68f9da5,"Li/M/O role-RDF: six unordered pairs, 0-6 A in 0.2-A bins; scale-free sorted lattice lengths, angles, and normalized volume",SM_Mn_004,35,FP_011,18,recurring_density_cluster,job_065_Mn_fe_-1.024_n4_generated_crystals_cif__gen_0,0.169179686695,job_167_Mn_fe_-0.885_n4_generated_crystals_cif__gen_3,0.415479166527,same_structurematcher_cluster,D:\User\leoluis0705\Documents\xwechat_files\wxid_bbzc35ridmlc22_e97b\msg\file\2026-04\initial_1000_raw_generations.zip::raw_generations/job_142_Mn_fe_-1.095_n4/generated_crystals_cif.zip::gen_0.cif,raw_generations/job_142_Mn_fe_-1.095_n4/generated_crystals_cif.zip,gen_0.cif,True,False,True,3,0.176542943114,-1.82701163948,0.192988360518,0.272988360518,False,2.20617725324,F,True,False,170,1,P1,1.898909,10.529462
job_142_Mn_fe_-1.095_n4_generated_crystals_cif__gen_1,D:\CGCNN_Formation_Energy_AL_Archive\experiments\reproducibility\staging\paired_confirmation_server_20260712\EARLY_LiM2O4_ALIGNN_HARD640_m2p18_m2p02_FLAT_20260617\job_142_Mn_fe_-1.095_n4_generated_crystals_cif__gen_1.cif,True,da0b8c23d57d65969b36a81079ba0b4f18492cb25c1aa53c99f94c538329bcdc,Li1 Mn2 O4,LiMn2O4,Mn,LiMn2O4,-1.99364864826,,0.40515557781,saved CGCNN MC-dropout sigma; candidate-level ALIGNN uncertainty not available,-2.23670458794,0.40515557781,0.243055939674,0.147976049347,75,0,1.16469594836,F,True,False,169,11,29,2,3b0f8e8af3c9cce8029a1690bfa1d5e1596bcd75cd41a89b0044caff98ff64db,"Li/M/O role-RDF: six unordered pairs, 0-6 A in 0.2-A bins; scale-free sorted lattice lengths, angles, and normalized volume",SM_Mn_008,9,FP_031,9,recurring_density_cluster,job_080_Mn_fe_-1.081_n4_generated_crystals_cif__gen_0,0.203069002547,job_120_Cr_fe_-1.424_n4_generated_crystals_cif__gen_1,0.579536177821,no_shared_cluster,D:\User\leoluis0705\Documents\xwechat_files\wxid_bbzc35ridmlc22_e97b\msg\file\2026-04\initial_1000_raw_generations.zip::raw_generations/job_142_Mn_fe_-1.095_n4/generated_crystals_cif.zip::gen_1.cif,raw_generations/job_142_Mn_fe_-1.095_n4/generated_crystals_cif.zip,gen_1.cif,True,False,True,3,0.176542943114,-1.81710570515,0.202894294852,0.282894294852,False,2.26808934283,F,True,False,186,1,P1,1.92574,11.763384
job_142_Mn_fe_-1.095_n4_generated_crystals_cif__gen_3,D:\CGCNN_Formation_Energy_AL_Archive\experiments\reproducibility\staging\paired_confirmation_server_20260712\EARLY_LiM2O4_ALIGNN_HARD640_m2p18_m2p02_FLAT_20260617\job_142_Mn_fe_-1.095_n4_generated_crystals_cif__gen_3.cif,True,cdf9b6c1796fbdf409b9ed4e85e43c673d0a9dfecf5e58e09cdce4abced8ee42,Li1 Mn2 O4,LiMn2O4,Mn,LiMn2O4,-1.92285966873,,0.418413315957,saved CGCNN MC-dropout sigma; candidate-level ALIGNN uncertainty not available,-2.21848678589,0.418413315957,0.295627117157,0.145741311974,92,0,1.60712707043,F,True,False,46,3,35,3,bfd699d1dc81362ad4eaa54b21b590565329d8bfb662ab9ed666780d76cec290,"Li/M/O role-RDF: six unordered pairs, 0-6 A in 0.2-A bins; scale-free sorted lattice lengths, angles, and normalized volume",SM_Mn_007,7,FP_028,4,recurring_density_cluster,job_017_Mn_fe_-1.234_n4_generated_crystals_cif__gen_3,0.223314257667,job_148_Mn_fe_-0.904_n4_generated_crystals_cif__gen_2,1.06919873882,no_shared_cluster,D:\User\leoluis0705\Documents\xwechat_files\wxid_bbzc35ridmlc22_e97b\msg\file\2026-04\initial_1000_raw_generations.zip::raw_generations/job_142_Mn_fe_-1.095_n4/generated_crystals_cif.zip::gen_3.cif,raw_generations/job_142_Mn_fe_-1.095_n4/generated_crystals_cif.zip,gen_3.cif,True,False,True,3,0.176542943114,-1.74631672562,0.273683274382,0.353683274382,False,2.71052046489,F,True,False,220,1,P1,1.886524,10.089218
job_143_Mg_fe_-1.457_n4_generated_crystals_cif__gen_1,D:\CGCNN_Formation_Energy_AL_Archive\experiments\reproducibility\staging\paired_confirmation_server_20260712\EARLY_LiM2O4_ALIGNN_HARD640_m2p18_m2p02_FLAT_20260617\job_143_Mg_fe_-1.457_n4_generated_crystals_cif__gen_1.cif,True,6c5bbd9e79874e286fd76be48b47e29bddfd9fff4cf3ac4aec3e69ae700e4e06,Li1 Mg2 O4,LiMg2O4,Mg,LiMg2O4,-2.21184921265,,0.438692478601,saved CGCNN MC-dropout sigma; candidate-level ALIGNN uncertainty not available,-3.122371912,0.438692478601,0.910522699356,0.00986352750511,549,0,-0.199057579041,A,True,False,273,18,298,19,33e785516a3ad60ac6518ff9263d3fa6f2662157e54cb7618bcd64025c371a93,"Li/M/O role-RDF: six unordered pairs, 0-6 A in 0.2-A bins; scale-free sorted lattice lengths, angles, and normalized volume",SM_Mg_003,8,FP_012,3,recurring_density_cluster,job_192_Mg_fe_-1.475_n4_generated_crystals_cif__gen_0,0.382021649529,job_101_Mg_fe_-1.339_n4_generated_crystals_cif__gen_1,0.671625888816,same_structurematcher_cluster,D:\User\leoluis0705\Documents\xwechat_files\wxid_bbzc35ridmlc22_e97b\msg\file\2026-04\initial_1000_raw_generations.zip::raw_generations/job_143_Mg_fe_-1.457_n4/generated_crystals_cif.zip::gen_1.cif,raw_generations/job_143_Mg_fe_-1.457_n4/generated_crystals_cif.zip,gen_1.cif,True,False,True,2,0.651052398728,-1.56079681392,0.459203186082,0.539203186082,False,3.87001991301,F,True,False,248,5,C2,2.036537,10.664863
job_144_Co_fe_-1.460_n4_generated_crystals_cif__gen_0,D:\CGCNN_Formation_Energy_AL_Archive\experiments\reproducibility\staging\paired_confirmation_server_20260712\EARLY_LiM2O4_ALIGNN_HARD640_m2p18_m2p02_FLAT_20260617\job_144_Co_fe_-1.460_n4_generated_crystals_cif__gen_0.cif,True,ebb316f0fb8b7489ccbb7ff184ebf0e486f7286066f49230e74ed4fcb1f34e79,Li1 Co2 O4,Li(CoO2)2,Co,Li(CoO2)2,-1.47109866142,,0.511577896606,saved CGCNN MC-dropout sigma; candidate-level ALIGNN uncertainty not available,-1.55397939682,0.511577896606,0.0828807353973,0.0706298171159,350,0,4.43063336611,F,True,False,456,29,379,24,2c2343f188e67865f0db872336f3a6e074999737f39827492f5c86e0dba02cc5,"Li/M/O role-RDF: six unordered pairs, 0-6 A in 0.2-A bins; scale-free sorted lattice lengths, angles, and normalized volume",SM_Co_001,25,FP_029,5,recurring_density_cluster,job_033_Co_fe_-1.353_n4_generated_crystals_cif__gen_2,0.142900544055,job_148_Mn_fe_-0.904_n4_generated_crystals_cif__gen_2,0.663201605444,no_shared_cluster,D:\User\leoluis0705\Documents\xwechat_files\wxid_bbzc35ridmlc22_e97b\msg\file\2026-04\initial_1000_raw_generations.zip::raw_generations/job_144_Co_fe_-1.460_n4/generated_crystals_cif.zip::gen_0.cif,raw_generations/job_144_Co_fe_-1.460_n4/generated_crystals_cif.zip,gen_0.cif,True,False,False,0,0,-1.47109866142,0.548901338577,0.628901338577,False,4.43063336611,F,True,False,306,8,Cm,1.910834,10.012155
job_144_Co_fe_-1.460_n4_generated_crystals_cif__gen_1,D:\CGCNN_Formation_Energy_AL_Archive\experiments\reproducibility\staging\paired_confirmation_server_20260712\EARLY_LiM2O4_ALIGNN_HARD640_m2p18_m2p02_FLAT_20260617\job_144_Co_fe_-1.460_n4_generated_crystals_cif__gen_1.cif,True,c073c687adff00b0b2e0a77454a69ea89f7e78e8df886980913018ce9a66af22,Li1 Co2 O4,Li(CoO2)2,Co,Li(CoO2)2,-1.48924481869,,0.567581446186,saved CGCNN MC-dropout sigma; candidate-level ALIGNN uncertainty not available,-1.53663516045,0.567581446186,0.0473903417587,0.068713962185,363,0,4.3172198832,F,True,False,532,34,389,25,105b76d34ed2bcf165adb2f191b6f57d5d88600e25530a3b33badbcbdc48905d,"Li/M/O role-RDF: six unordered pairs, 0-6 A in 0.2-A bins; scale-free sorted lattice lengths, angles, and normalized volume",SM_Co_004,18,FP_045,11,recurring_density_cluster,job_032_Co_fe_-1.386_n4_generated_crystals_cif__gen_0,0.132888677743,job_136_Cr_fe_-1.181_n4_generated_crystals_cif__gen_0,0.542250572617,no_shared_cluster,D:\User\leoluis0705\Documents\xwechat_files\wxid_bbzc35ridmlc22_e97b\msg\file\2026-04\initial_1000_raw_generations.zip::raw_generations/job_144_Co_fe_-1.460_n4/generated_crystals_cif.zip::gen_1.cif,raw_generations/job_144_Co_fe_-1.460_n4/generated_crystals_cif.zip,gen_1.cif,True,False,False,0,0,-1.48924481869,0.530755181313,0.610755181313,False,4.3172198832,F,True,False,299,6,Pm,1.905157,9.896679
job_144_Co_fe_-1.460_n4_generated_crystals_cif__gen_2,D:\CGCNN_Formation_Energy_AL_Archive\experiments\reproducibility\staging\paired_confirmation_server_20260712\EARLY_LiM2O4_ALIGNN_HARD640_m2p18_m2p02_FLAT_20260617\job_144_Co_fe_-1.460_n4_generated_crystals_cif__gen_2.cif,True,c99078bf2ba718f71676348b654a01d6754499e5487723853ff2c533156a5184,Li1 Co2 O4,Li(CoO2)2,Co,Li(CoO2)2,-1.52555310726,,0.475142041371,saved CGCNN MC-dropout sigma; candidate-level ALIGNN uncertainty not available,-1.56124281883,0.475142041371,0.0356897115707,0.0707290201931,348,0,4.09029307961,F,True,False,472,30,368,23,d39d4c6e48f8da08c408fcc1dad64cfd819e2771ee1675c24dd585b0e3283834,"Li/M/O role-RDF: six unordered pairs, 0-6 A in 0.2-A bins; scale-free sorted lattice lengths, angles, and normalized volume",SM_Co_003,18,FP_052,7,recurring_density_cluster,job_158_Co_fe_-1.333_n4_generated_crystals_cif__gen_2,0.276778882021,job_148_Mn_fe_-0.904_n4_generated_crystals_cif__gen_2,1.05846636283,no_shared_cluster,D:\User\leoluis0705\Documents\xwechat_files\wxid_bbzc35ridmlc22_e97b\msg\file\2026-04\initial_1000_raw_generations.zip::raw_generations/job_144_Co_fe_-1.460_n4/generated_crystals_cif.zip::gen_2.cif,raw_generations/job_144_Co_fe_-1.460_n4/generated_crystals_cif.zip,gen_2.cif,True,False,False,0,0,-1.52555310726,0.494446892738,0.574446892738,False,4.09029307961,F,True,False,266,12,C2/m,1.904736,9.886275
job_144_Co_fe_-1.460_n4_generated_crystals_cif__gen_3,D:\CGCNN_Formation_Energy_AL_Archive\experiments\reproducibility\staging\paired_confirmation_server_20260712\EARLY_LiM2O4_ALIGNN_HARD640_m2p18_m2p02_FLAT_20260617\job_144_Co_fe_-1.460_n4_generated_crystals_cif__gen_3.cif,True,9f5c38e350dc6a3ab461eecace6d05b1f49ee4e4074a1d6f92886c1034f872d7,Li1 Co2 O4,Li(CoO2)2,Co,Li(CoO2)2,-1.50785982609,,0.527692143109,saved CGCNN MC-dropout sigma; candidate-level ALIGNN uncertainty not available,-1.50706803799,0.527692143109,0.000791788101196,0.0644052298368,386,0,4.20087608695,F,True,False,352,22,381,24,759ea3274d1f75eaa1833d267d941f7cfa1c224dbc007765f0d50756a73d8ef6,"Li/M/O role-RDF: six unordered pairs, 0-6 A in 0.2-A bins; scale-free sorted lattice lengths, angles, and normalized volume",SM_Co_004,18,FP_SINGLETON_089,1,hdbscan_noise_singleton,job_193_Co_fe_-1.092_n4_generated_crystals_cif__gen_3,0.290385333795,job_120_Cr_fe_-1.424_n4_generated_crystals_cif__gen_1,0.862862182558,no_shared_cluster,D:\User\leoluis0705\Documents\xwechat_files\wxid_bbzc35ridmlc22_e97b\msg\file\2026-04\initial_1000_raw_generations.zip::raw_generations/job_144_Co_fe_-1.460_n4/generated_crystals_cif.zip::gen_3.cif,raw_generations/job_144_Co_fe_-1.460_n4/generated_crystals_cif.zip,gen_3.cif,True,False,False,0,0,-1.50785982609,0.512140173912,0.592140173912,False,4.20087608695,F,True,False,280,6,Pm,1.893391,9.619614
job_146_Cr_fe_-1.128_n4_generated_crystals_cif__gen_0,D:\CGCNN_Formation_Energy_AL_Archive\experiments\reproducibility\staging\paired_confirmation_server_20260712\EARLY_LiM2O4_ALIGNN_HARD640_m2p18_m2p02_FLAT_20260617\job_146_Cr_fe_-1.128_n4_generated_crystals_cif__gen_0.cif,True,baffdf5e1422e53e58f8dd1a943af8fb6eb554f62c26343854cbba309ae83120,Li1 Cr2 O4,LiCr2O4,Cr,LiCr2O4,-2.25019836426,,0.411341504455,saved CGCNN MC-dropout sigma; candidate-level ALIGNN uncertainty not available,-2.08335494995,0.411341504455,0.166843414307,0.154079715391,57,0,-0.438739776611,A,True,False,100,7,161,11,d3578346f2c3788608bdb06960ddba997eccb7f4fbc75d85087200f589be75b4,"Li/M/O role-RDF: six unordered pairs, 0-6 A in 0.2-A bins; scale-free sorted lattice lengths, angles, and normalized volume",SM_Cr_006,14,FP_SINGLETON_090,1,hdbscan_noise_singleton,job_167_Mn_fe_-0.885_n4_generated_crystals_cif__gen_2,0.39131757367,job_249_Cr_fe_-1.500_n4_generated_crystals_cif__gen_1,0.770216287524,no_shared_cluster,D:\User\leoluis0705\Documents\xwechat_files\wxid_bbzc35ridmlc22_e97b\msg\file\2026-04\initial_1000_raw_generations.zip::raw_generations/job_146_Cr_fe_-1.128_n4/generated_crystals_cif.zip::gen_0.cif,raw_generations/job_146_Cr_fe_-1.128_n4/generated_crystals_cif.zip,gen_0.cif,True,False,True,5,-0.102418564162,-2.35261692842,0.17261692842,0.25261692842,False,-1.07885580262,A,True,False,128,12,C2/m,1.958711,10.89208
job_146_Cr_fe_-1.128_n4_generated_crystals_cif__gen_1,D:\CGCNN_Formation_Energy_AL_Archive\experiments\reproducibility\staging\paired_confirmation_server_20260712\EARLY_LiM2O4_ALIGNN_HARD640_m2p18_m2p02_FLAT_20260617\job_146_Cr_fe_-1.128_n4_generated_crystals_cif__gen_1.cif,True,207ccda09e4bcd470acfbacebd34ccc40104f7dde5565034e8b22b2129b43f50,Li1 Cr2 O4,LiCr2O4,Cr,LiCr2O4,-2.14854288101,,0.444529808467,saved CGCNN MC-dropout sigma; candidate-level ALIGNN uncertainty not available,-2.14281845093,0.444529808467,0.00572443008423,0.142166366815,112,1,0.196606993675,B,True,False,69,5,110,7,297c050ac47639ff2242ce32ae0014fef6acad7828b55b3631a5c8e1e67e1c85,"Li/M/O role-RDF: six unordered pairs, 0-6 A in 0.2-A bins; scale-free sorted lattice lengths, angles, and normalized volume",SM_Cr_008,15,FP_057,5,recurring_density_cluster,job_083_Cr_fe_-0.935_n4_generated_crystals_cif__gen_2,0.174315068609,job_214_Cr_fe_-0.857_n4_generated_crystals_cif__gen_0,0.308316481062,same_structurematcher_cluster,D:\User\leoluis0705\Documents\xwechat_files\wxid_bbzc35ridmlc22_e97b\msg\file\2026-04\initial_1000_raw_generations.zip::raw_generations/job_146_Cr_fe_-1.128_n4/generated_crystals_cif.zip::gen_1.cif,raw_generations/job_146_Cr_fe_-1.128_n4/generated_crystals_cif.zip,gen_1.cif,True,False,True,5,-0.102418564162,-2.25096144517,0.070961445174,0.150961445174,False,-0.443509032338,A,True,False,19,1,P1,1.871842,9.794417
job_146_Cr_fe_-1.128_n4_generated_crystals_cif__gen_2,D:\CGCNN_Formation_Energy_AL_Archive\experiments\reproducibility\staging\paired_confirmation_server_20260712\EARLY_LiM2O4_ALIGNN_HARD640_m2p18_m2p02_FLAT_20260617\job_146_Cr_fe_-1.128_n4_generated_crystals_cif__gen_2.cif,True,96d6641aa65b7fc05ffb5bcd8043b0684b59907b9b209818d012b087dc4e122e,Li1 Cr2 O4,LiCr2O4,Cr,LiCr2O4,-2.20453619957,,0.46987196709,saved CGCNN MC-dropout sigma; candidate-level ALIGNN uncertainty not available,-2.16159200668,0.46987196709,0.0429441928864,0.134048229662,151,0,-0.153351247311,A,True,False,124,8,63,4,89cfaa36d674bb8b09ed7f749e720ac7df45e48c37d881fa9973b5c423b4c72c,"Li/M/O role-RDF: six unordered pairs, 0-6 A in 0.2-A bins; scale-free sorted lattice lengths, angles, and normalized volume",SM_Cr_002,15,FP_026,15,recurring_density_cluster,job_079_Cr_fe_-0.854_n4_generated_crystals_cif__gen_0,0.208505900856,job_148_Mn_fe_-0.904_n4_generated_crystals_cif__gen_2,0.969300134018,same_structurematcher_cluster,D:\User\leoluis0705\Documents\xwechat_files\wxid_bbzc35ridmlc22_e97b\msg\file\2026-04\initial_1000_raw_generations.zip::raw_generations/job_146_Cr_fe_-1.128_n4/generated_crystals_cif.zip::gen_2.cif,raw_generations/job_146_Cr_fe_-1.128_n4/generated_crystals_cif.zip,gen_2.cif,True,False,True,5,-0.102418564162,-2.30695476373,0.126954763732,0.206954763732,False,-0.793467273324,A,True,False,79,8,Cm,1.944404,10.092339
job_146_Cr_fe_-1.128_n4_generated_crystals_cif__gen_3,D:\CGCNN_Formation_Energy_AL_Archive\experiments\reproducibility\staging\paired_confirmation_server_20260712\EARLY_LiM2O4_ALIGNN_HARD640_m2p18_m2p02_FLAT_20260617\job_146_Cr_fe_-1.128_n4_generated_crystals_cif__gen_3.cif,True,06f0dad14b1d56979a46a6046aa893508b2503ee6f48444ebb8d54141e42a991,Li1 Cr2 O4,LiCr2O4,Cr,LiCr2O4,-2.21563076973,,0.527641661568,saved CGCNN MC-dropout sigma; candidate-level ALIGNN uncertainty not available,-2.11023759842,0.527641661568,0.10539317131,0.120489295597,217,0,-0.22269231081,A,True,False,99,7,126,8,2140a9d646070e03f05ffa3be84372b8e2afdef4b7159bd7b9dc7bf78a1abf39,"Li/M/O role-RDF: six unordered pairs, 0-6 A in 0.2-A bins; scale-free sorted lattice lengths, angles, and normalized volume",SM_Cr_003,20,FP_020,9,recurring_density_cluster,job_013_Cr_fe_-1.388_n4_generated_crystals_cif__gen_3,0.0715337497029,job_136_Cr_fe_-1.181_n4_generated_crystals_cif__gen_0,0.497267266014,same_structurematcher_cluster,D:\User\leoluis0705\Documents\xwechat_files\wxid_bbzc35ridmlc22_e97b\msg\file\2026-04\initial_1000_raw_generations.zip::raw_generations/job_146_Cr_fe_-1.128_n4/generated_crystals_cif.zip::gen_3.cif,raw_generations/job_146_Cr_fe_-1.128_n4/generated_crystals_cif.zip,gen_3.cif,True,False,True,5,-0.102418564162,-2.31804933389,0.138049333892,0.218049333892,False,-0.862808336824,A,True,False,99,10,P2/m,1.933091,10.826918
job_147_Mn_fe_-0.827_n4_generated_crystals_cif__gen_0,D:\CGCNN_Formation_Energy_AL_Archive\experiments\reproducibility\staging\paired_confirmation_server_20260712\EARLY_LiM2O4_ALIGNN_HARD640_m2p18_m2p02_FLAT_20260617\job_147_Mn_fe_-0.827_n4_generated_crystals_cif__gen_0.cif,True,b362b91a16ba695acfe132789256b4326a020807ebaaa9326fa19be277410cbf,Li1 Mn2 O4,LiMn2O4,Mn,LiMn2O4,-1.54506826401,,0.482375601778,saved CGCNN MC-dropout sigma; candidate-level ALIGNN uncertainty not available,-2.16807317734,0.482375601778,0.62300491333,0.130428499886,187,0,3.96832334995,F,True,False,308,20,257,17,2a92d60def3f41a5d98ec5198238657ef63da3a8283295d7c2f9e49e856c55b8,"Li/M/O role-RDF: six unordered pairs, 0-6 A in 0.2-A bins; scale-free sorted lattice lengths, angles, and normalized volume",SM_Mn_021,1,FP_SINGLETON_091,1,hdbscan_noise_singleton,job_150_Ti_fe_-0.897_n4_generated_crystals_cif__gen_1,1.33241722202,job_006_Mn_fe_-1.347_n4_generated_crystals_cif__gen_1,1.52516876302,no_shared_cluster,D:\User\leoluis0705\Documents\xwechat_files\wxid_bbzc35ridmlc22_e97b\msg\file\2026-04\initial_1000_raw_generations.zip::raw_generations/job_147_Mn_fe_-0.827_n4/generated_crystals_cif.zip::gen_0.cif,raw_generations/job_147_Mn_fe_-0.827_n4/generated_crystals_cif.zip,gen_0.cif,True,False,True,3,0.176542943114,-1.36852532089,0.651474679107,0.731474679107,False,5.07171674442,F,True,False,357,1,P1,1.523224,10.935016
job_147_Mn_fe_-0.827_n4_generated_crystals_cif__gen_1,D:\CGCNN_Formation_Energy_AL_Archive\experiments\reproducibility\staging\paired_confirmation_server_20260712\EARLY_LiM2O4_ALIGNN_HARD640_m2p18_m2p02_FLAT_20260617\job_147_Mn_fe_-0.827_n4_generated_crystals_cif__gen_1.cif,True,020b6424e5b977ad6da5684d6d006384872ba4177c6720dfd4bc81295cfeb0be,Li1 Mn2 O4,LiMn2O4,Mn,LiMn2O4,-2.01379227638,,0.380604674791,saved CGCNN MC-dropout sigma; candidate-level ALIGNN uncertainty not available,-2.20257043839,0.380604674791,0.188778162003,0.160630354103,31,0,1.03879827261,F,True,False,142,9,135,9,a1eff814c0bdbb924559a6c58ea4731e584eba6895f8a68ee61e99b46de10b50,"Li/M/O role-RDF: six unordered pairs, 0-6 A in 0.2-A bins; scale-free sorted lattice lengths, angles, and normalized volume",SM_Mn_004,35,FP_011,18,recurring_density_cluster,job_030_Mn_fe_-1.234_n4_generated_crystals_cif__gen_2,0.10236872459,job_167_Mn_fe_-0.885_n4_generated_crystals_cif__gen_3,0.374190745702,same_structurematcher_cluster,D:\User\leoluis0705\Documents\xwechat_files\wxid_bbzc35ridmlc22_e97b\msg\file\2026-04\initial_1000_raw_generations.zip::raw_generations/job_147_Mn_fe_-0.827_n4/generated_crystals_cif.zip::gen_1.cif,raw_generations/job_147_Mn_fe_-0.827_n4/generated_crystals_cif.zip,gen_1.cif,True,False,True,3,0.176542943114,-1.83724933327,0.182750666732,0.262750666732,False,2.14219166707,F,True,False,150,2,P-1,1.910335,10.670069
job_148_Mn_fe_-0.904_n4_generated_crystals_cif__gen_0,D:\CGCNN_Formation_Energy_AL_Archive\experiments\reproducibility\staging\paired_confirmation_server_20260712\EARLY_LiM2O4_ALIGNN_HARD640_m2p18_m2p02_FLAT_20260617\job_148_Mn_fe_-0.904_n4_generated_crystals_cif__gen_0.cif,True,1682b4de7540a9679f74846f7a70c19688190eb169a2e98ac7798abc537b7086,Li1 Mn2 O4,LiMn2O4,Mn,LiMn2O4,-1.8770301342,,0.566960069474,saved CGCNN MC-dropout sigma; candidate-level ALIGNN uncertainty not available,-2.21525430679,0.566960069474,0.338224172592,0.109932017514,226,0,1.89356166124,F,True,False,207,13,229,15,9a7c0740d0cef5db7162813923cecf2f3f17a9e516c84d7d220c936ea3c12380,"Li/M/O role-RDF: six unordered pairs, 0-6 A in 0.2-A bins; scale-free sorted lattice lengths, angles, and normalized volume",SM_Mn_010,10,FP_055,5,recurring_density_cluster,job_061_Mn_fe_-1.231_n4_generated_crystals_cif__gen_3,0.285466909166,job_120_Cr_fe_-1.424_n4_generated_crystals_cif__gen_1,0.732584997264,no_shared_cluster,D:\User\leoluis0705\Documents\xwechat_files\wxid_bbzc35ridmlc22_e97b\msg\file\2026-04\initial_1000_raw_generations.zip::raw_generations/job_148_Mn_fe_-0.904_n4/generated_crystals_cif.zip::gen_0.cif,raw_generations/job_148_Mn_fe_-0.904_n4/generated_crystals_cif.zip,gen_0.cif,True,False,True,3,0.176542943114,-1.70048719109,0.319512808913,0.399512808913,False,2.99695505571,F,True,False,238,1,P1,1.814269,10.079874
job_148_Mn_fe_-0.904_n4_generated_crystals_cif__gen_1,D:\CGCNN_Formation_Energy_AL_Archive\experiments\reproducibility\staging\paired_confirmation_server_20260712\EARLY_LiM2O4_ALIGNN_HARD640_m2p18_m2p02_FLAT_20260617\job_148_Mn_fe_-0.904_n4_generated_crystals_cif__gen_1.cif,True,c71990e5361bb33347a1b97df61f83a779c841de8a18ca1a11392682156a0d6a,Li1 Mn2 O4,LiMn2O4,Mn,LiMn2O4,-2.04273223877,,0.38519608432,saved CGCNN MC-dropout sigma; candidate-level ALIGNN uncertainty not available,-2.21615743637,0.38519608432,0.173425197601,0.157315322895,44,1,0.85792350769,E,True,False,179,12,140,9,a441659adf930844d1a3a77479b0361b042795e4b2aa926e200f2f951659976d,"Li/M/O role-RDF: six unordered pairs, 0-6 A in 0.2-A bins; scale-free sorted lattice lengths, angles, and normalized volume",SM_Mn_003,16,FP_054,3,recurring_density_cluster,job_197_Mn_fe_-0.871_n4_generated_crystals_cif__gen_2,0.370767291146,job_006_Mn_fe_-1.347_n4_generated_crystals_cif__gen_1,0.483406207799,historical_dft_candidate_self,D:\User\leoluis0705\Documents\xwechat_files\wxid_bbzc35ridmlc22_e97b\msg\file\2026-04\initial_1000_raw_generations.zip::raw_generations/job_148_Mn_fe_-0.904_n4/generated_crystals_cif.zip::gen_1.cif,raw_generations/job_148_Mn_fe_-0.904_n4/generated_crystals_cif.zip,gen_1.cif,True,True,True,3,0.176542943114,-1.86618929566,0.153810704345,0.233810704345,False,1.96131690215,F,True,False,108,8,Cm,1.927922,11.242795
job_148_Mn_fe_-0.904_n4_generated_crystals_cif__gen_2,D:\CGCNN_Formation_Energy_AL_Archive\experiments\reproducibility\staging\paired_confirmation_server_20260712\EARLY_LiM2O4_ALIGNN_HARD640_m2p18_m2p02_FLAT_20260617\job_148_Mn_fe_-0.904_n4_generated_crystals_cif__gen_2.cif,True,9ad02dd1332bd11e9cd0bfd38d8fe16a4dd0e73f3172edc02223ee7a37083733,Li1 Mn2 O4,LiMn2O4,Mn,LiMn2O4,-2.02240157127,,0.418319348446,saved CGCNN MC-dropout sigma; candidate-level ALIGNN uncertainty not available,-2.1929397583,0.418319348446,0.170538187027,0.148010533526,74,1,0.984990179539,E,True,False,44,3,189,12,3e59fc5cbe9da99591f125da1ce6cf72886a01964af05cb16b4984abc2dcc221,"Li/M/O role-RDF: six unordered pairs, 0-6 A in 0.2-A bins; scale-free sorted lattice lengths, angles, and normalized volume",SM_Mn_022,2,FP_078,3,recurring_density_cluster,job_154_Mn_fe_-1.207_n4_generated_crystals_cif__gen_3,0.204361728742,job_044_Mn_fe_-0.936_n4_generated_crystals_cif__gen_1,0.465829298614,historical_dft_candidate_self,D:\User\leoluis0705\Documents\xwechat_files\wxid_bbzc35ridmlc22_e97b\msg\file\2026-04\initial_1000_raw_generations.zip::raw_generations/job_148_Mn_fe_-0.904_n4/generated_crystals_cif.zip::gen_2.cif,raw_generations/job_148_Mn_fe_-0.904_n4/generated_crystals_cif.zip,gen_2.cif,True,True,True,3,0.176542943114,-1.84585862816,0.17414137184,0.25414137184,False,2.088383574,F,True,False,133,8,Cm,1.910713,11.175732
job_148_Mn_fe_-0.904_n4_generated_crystals_cif__gen_3,D:\CGCNN_Formation_Energy_AL_Archive\experiments\reproducibility\staging\paired_confirmation_server_20260712\EARLY_LiM2O4_ALIGNN_HARD640_m2p18_m2p02_FLAT_20260617\job_148_Mn_fe_-0.904_n4_generated_crystals_cif__gen_3.cif,True,6ddd4f9034ad7e04c721cee1d6672f8bb5f966a5b77f3b1ae4cc54922021998e,Li1 Mn2 O4,LiMn2O4,Mn,LiMn2O4,-2.00832271576,,0.455808131388,saved CGCNN MC-dropout sigma; candidate-level ALIGNN uncertainty not available,-2.29127573967,0.455808131388,0.282953023911,0.127695181046,196,0,1.0729830265,F,True,False,85,6,86,6,92fab7284452a871e99446ae162fa9b2578f4c291fd83c678cf3d0bde5e8fc69,"Li/M/O role-RDF: six unordered pairs, 0-6 A in 0.2-A bins; scale-free sorted lattice lengths, angles, and normalized volume",SM_Mn_013,8,FP_077,5,recurring_density_cluster,job_176_Mn_fe_-0.980_n4_generated_crystals_cif__gen_0,0.0454683988862,job_011_Mg_fe_-1.305_n4_generated_crystals_cif__gen_0,0.664220529004,no_shared_cluster,D:\User\leoluis0705\Documents\xwechat_files\wxid_bbzc35ridmlc22_e97b\msg\file\2026-04\initial_1000_raw_generations.zip::raw_generations/job_148_Mn_fe_-0.904_n4/generated_crystals_cif.zip::gen_3.cif,raw_generations/job_148_Mn_fe_-0.904_n4/generated_crystals_cif.zip,gen_3.cif,True,False,True,3,0.176542943114,-1.83177977265,0.188220227355,0.268220227355,False,2.17637642097,F,True,False,163,44,Imm2,1.908923,10.199082
job_149_Mn_fe_-1.083_n4_generated_crystals_cif__gen_0,D:\CGCNN_Formation_Energy_AL_Archive\experiments\reproducibility\staging\paired_confirmation_server_20260712\EARLY_LiM2O4_ALIGNN_HARD640_m2p18_m2p02_FLAT_20260617\job_149_Mn_fe_-1.083_n4_generated_crystals_cif__gen_0.cif,True,d2af73daf9bc8ebd3d6d9ef81cf25dc5da5b4aa6066b3cb8852c4af072099a58,Li1 Mn2 O4,LiMn2O4,Mn,LiMn2O4,-2.02946734428,,0.372170050771,saved CGCNN MC-dropout sigma; candidate-level ALIGNN uncertainty not available,-2.15390491486,0.372170050771,0.124437570572,0.168449114719,7,1,0.940829098225,E,True,False,107,7,226,15,07b3fecf7130972f1db758c25f34b78cf9ecb0a9ad4776bb8d28bfcee45911bf,"Li/M/O role-RDF: six unordered pairs, 0-6 A in 0.2-A bins; scale-free sorted lattice lengths, angles, and normalized volume",SM_Mn_004,35,FP_044,8,recurring_density_cluster,job_043_Mn_fe_-1.340_n4_generated_crystals_cif__gen_1,0.167788184984,job_044_Mn_fe_-0.936_n4_generated_crystals_cif__gen_1,0.43424716445,same_structurematcher_cluster,D:\User\leoluis0705\Documents\xwechat_files\wxid_bbzc35ridmlc22_e97b\msg\file\2026-04\initial_1000_raw_generations.zip::raw_generations/job_149_Mn_fe_-1.083_n4/generated_crystals_cif.zip::gen_0.cif,raw_generations/job_149_Mn_fe_-1.083_n4/generated_crystals_cif.zip,gen_0.cif,True,False,True,3,0.176542943114,-1.85292440117,0.16707559883,0.24707559883,False,2.04422249269,F,True,False,120,10,P2/m,1.932294,10.938269
job_149_Mn_fe_-1.083_n4_generated_crystals_cif__gen_2,D:\CGCNN_Formation_Energy_AL_Archive\experiments\reproducibility\staging\paired_confirmation_server_20260712\EARLY_LiM2O4_ALIGNN_HARD640_m2p18_m2p02_FLAT_20260617\job_149_Mn_fe_-1.083_n4_generated_crystals_cif__gen_2.cif,True,36a8bc58a182c5e117a60962acf2f09a9fe2bf4b9ff3196201c33640144ad0d2,Li1 Mn2 O4,LiMn2O4,Mn,LiMn2O4,-1.91187143326,,0.391610666818,saved CGCNN MC-dropout sigma; candidate-level ALIGNN uncertainty not available,-2.27841329575,0.391610666818,0.366541862488,0.146121898165,90,0,1.67580354214,F,True,False,165,11,149,10,801752ecbea04643820869fd4dc2bf94500e2bb7b93af444d0dcff574e465bce,"Li/M/O role-RDF: six unordered pairs, 0-6 A in 0.2-A bins; scale-free sorted lattice lengths, angles, and normalized volume",SM_Mn_023,1,FP_008,8,recurring_density_cluster,job_097_Ti_fe_-1.239_n4_generated_crystals_cif__gen_2,0.564854967909,job_182_Cr_fe_-1.464_n4_generated_crystals_cif__gen_2,0.693992919014,same_fingerprint_cluster,D:\User\leoluis0705\Documents\xwechat_files\wxid_bbzc35ridmlc22_e97b\msg\file\2026-04\initial_1000_raw_generations.zip::raw_generations/job_149_Mn_fe_-1.083_n4/generated_crystals_cif.zip::gen_2.cif,raw_generations/job_149_Mn_fe_-1.083_n4/generated_crystals_cif.zip,gen_2.cif,True,False,True,3,0.176542943114,-1.73532849014,0.284671509856,0.364671509856,False,2.7791969366,F,True,False,229,8,Cm,1.911992,11.152181
job_149_Mn_fe_-1.083_n4_generated_crystals_cif__gen_3,D:\CGCNN_Formation_Energy_AL_Archive\experiments\reproducibility\staging\paired_confirmation_server_20260712\EARLY_LiM2O4_ALIGNN_HARD640_m2p18_m2p02_FLAT_20260617\job_149_Mn_fe_-1.083_n4_generated_crystals_cif__gen_3.cif,True,84d7a5f7370c4257513369ccfff64b5aee7df384c4ac467e7052f89575e14c95,Li1 Mn2 O4,LiMn2O4,Mn,LiMn2O4,-1.98609435558,,0.464783683074,saved CGCNN MC-dropout sigma; candidate-level ALIGNN uncertainty not available,-2.18760418892,0.464783683074,0.201509833336,0.134276637382,147,0,1.21191027761,F,True,False,202,13,153,10,825ef7c51b84fa7942d00fd6676566bdad67039c78717aa72623590e60b638c4,"Li/M/O role-RDF: six unordered pairs, 0-6 A in 0.2-A bins; scale-free sorted lattice lengths, angles, and normalized volume",SM_Mn_005,9,FP_SINGLETON_092,1,hdbscan_noise_singleton,job_129_Mn_fe_-0.852_n4_generated_crystals_cif__gen_0,0.393559214066,job_249_Cr_fe_-1.500_n4_generated_crystals_cif__gen_1,0.762026391596,no_shared_cluster,D:\User\leoluis0705\Documents\xwechat_files\wxid_bbzc35ridmlc22_e97b\msg\file\2026-04\initial_1000_raw_generations.zip::raw_generations/job_149_Mn_fe_-1.083_n4/generated_crystals_cif.zip::gen_3.cif,raw_generations/job_149_Mn_fe_-1.083_n4/generated_crystals_cif.zip,gen_3.cif,True,False,True,3,0.176542943114,-1.80955141247,0.210448587531,0.290448587531,False,2.31530367207,F,True,False,194,1,P1,1.914301,10.753313
job_150_Ti_fe_-0.897_n4_generated_crystals_cif__gen_0,D:\CGCNN_Formation_Energy_AL_Archive\experiments\reproducibility\staging\paired_confirmation_server_20260712\EARLY_LiM2O4_ALIGNN_HARD640_m2p18_m2p02_FLAT_20260617\job_150_Ti_fe_-0.897_n4_generated_crystals_cif__gen_0.cif,True,93073df3248b4f1a451d3b8c607d4454569bf95b597c3392ddca06d6fd232775,Li1 Ti2 O4,LiTi2O4,Ti,LiTi2O4,-3.22280025482,,0.542231157578,saved CGCNN MC-dropout sigma; candidate-level ALIGNN uncertainty not available,-3.34368491173,0.542231157578,0.120884656906,0.00861266902682,567,0,-6.51750159264,A,True,False,572,36,597,38,bae7665fb590e8e0b55dcf404a1c15df2706f7c1743fb34c5911b96d3f9b7a1c,"Li/M/O role-RDF: six unordered pairs, 0-6 A in 0.2-A bins; scale-free sorted lattice lengths, angles, and normalized volume",SM_Ti_002,41,FP_060,7,recurring_density_cluster,job_071_Ti_fe_-0.887_n4_generated_crystals_cif__gen_3,0.0669865207814,job_011_Mg_fe_-1.305_n4_generated_crystals_cif__gen_0,0.899220398753,no_shared_cluster,D:\User\leoluis0705\Documents\xwechat_files\wxid_bbzc35ridmlc22_e97b\msg\file\2026-04\initial_1000_raw_generations.zip::raw_generations/job_150_Ti_fe_-0.897_n4/generated_crystals_cif.zip::gen_0.cif,raw_generations/job_150_Ti_fe_-0.897_n4/generated_crystals_cif.zip,gen_0.cif,True,False,False,0,0,-3.22280025482,1.04280025482,1.12280025482,False,-6.51750159264,A,True,False,611,8,Cm,1.986739,9.854564
job_150_Ti_fe_-0.897_n4_generated_crystals_cif__gen_1,D:\CGCNN_Formation_Energy_AL_Archive\experiments\reproducibility\staging\paired_confirmation_server_20260712\EARLY_LiM2O4_ALIGNN_HARD640_m2p18_m2p02_FLAT_20260617\job_150_Ti_fe_-0.897_n4_generated_crystals_cif__gen_1.cif,True,3df5ad863570cb9fd713e2199dda0d533dd54dbab4e57813ff6d5c2c825166c3,Li1 Ti2 O4,LiTi2O4,Ti,LiTi2O4,-3.1664917469,,0.49058802194,saved CGCNN MC-dropout sigma; candidate-level ALIGNN uncertainty not available,-2.98951196671,0.49058802194,0.176979780197,0.0253980799188,503,0,-6.16557341814,A,True,False,448,28,314,20,a636513ef6e502fcd97d17d08b612e22cfa824e3c48773137053892e5febf7db,"Li/M/O role-RDF: six unordered pairs, 0-6 A in 0.2-A bins; scale-free sorted lattice lengths, angles, and normalized volume",SM_Ti_017,1,FP_049,5,recurring_density_cluster,job_071_Ti_fe_-0.887_n4_generated_crystals_cif__gen_2,0.829322727726,job_006_Mn_fe_-1.347_n4_generated_crystals_cif__gen_1,1.1491420473,no_shared_cluster,D:\User\leoluis0705\Documents\xwechat_files\wxid_bbzc35ridmlc22_e97b\msg\file\2026-04\initial_1000_raw_generations.zip::raw_generations/job_150_Ti_fe_-0.897_n4/generated_crystals_cif.zip::gen_1.cif,raw_generations/job_150_Ti_fe_-0.897_n4/generated_crystals_cif.zip,gen_1.cif,True,False,False,0,0,-3.1664917469,0.986491746902,1.0664917469,False,-6.16557341814,A,True,False,501,160,R3m,1.756172,11.52378
job_150_Ti_fe_-0.897_n4_generated_crystals_cif__gen_3,D:\CGCNN_Formation_Energy_AL_Archive\experiments\reproducibility\staging\paired_confirmation_server_20260712\EARLY_LiM2O4_ALIGNN_HARD640_m2p18_m2p02_FLAT_20260617\job_150_Ti_fe_-0.897_n4_generated_crystals_cif__gen_3.cif,True,75555de0cc9386292f3062aa955c426672ce71711c88690a0019b141c6561bb8,Li1 Ti2 O4,LiTi2O4,Ti,LiTi2O4,-3.22547650337,,0.48216431668,saved CGCNN MC-dropout sigma; candidate-level ALIGNN uncertainty not available,-3.30995965004,0.48216431668,0.0844831466675,0.00581894644662,586,0,-6.53422814608,A,True,False,551,35,589,37,642a2c0c536bad8c7f1010c81fb00ac0d250626acfd99a9b35bdc505246498e6,"Li/M/O role-RDF: six unordered pairs, 0-6 A in 0.2-A bins; scale-free sorted lattice lengths, angles, and normalized volume",SM_Ti_009,5,FP_019,19,recurring_density_cluster,job_174_Ti_fe_-1.427_n4_generated_crystals_cif__gen_1,0.091959648101,job_120_Cr_fe_-1.424_n4_generated_crystals_cif__gen_1,0.255065137733,same_fingerprint_cluster,D:\User\leoluis0705\Documents\xwechat_files\wxid_bbzc35ridmlc22_e97b\msg\file\2026-04\initial_1000_raw_generations.zip::raw_generations/job_150_Ti_fe_-0.897_n4/generated_crystals_cif.zip::gen_3.cif,raw_generations/job_150_Ti_fe_-0.897_n4/generated_crystals_cif.zip,gen_3.cif,True,False,False,0,0,-3.22547650337,1.04547650337,1.12547650337,False,-6.53422814608,A,True,False,617,8,Cm,1.86328,10.228652
job_151_Al_fe_-1.416_n4_generated_crystals_cif__gen_0,D:\CGCNN_Formation_Energy_AL_Archive\experiments\reproducibility\staging\paired_confirmation_server_20260712\EARLY_LiM2O4_ALIGNN_HARD640_m2p18_m2p02_FLAT_20260617\job_151_Al_fe_-1.416_n4_generated_crystals_cif__gen_0.cif,True,c673c82cae65b3678aa4694009520b537dac6cbeda1d25ab25ec1e703de0ed51,Li1 Al2 O4,LiAl2O4,Al,LiAl2O4,-3.16177153587,,0.46645463151,saved CGCNN MC-dropout sigma; candidate-level ALIGNN uncertainty not available,-2.62160754204,0.46645463151,0.540163993835,0.0733180713804,322,0,-6.13607209921,A,True,False,323,21,460,29,4400749bdf37eae94b9cee25fe6114ba8663949e0d890d243174659ecbdf185a,"Li/M/O role-RDF: six unordered pairs, 0-6 A in 0.2-A bins; scale-free sorted lattice lengths, angles, and normalized volume",SM_Al_003,9,FP_014,3,recurring_density_cluster,job_055_Al_fe_-1.247_n4_generated_crystals_cif__gen_2,0.137822242121,job_120_Cr_fe_-1.424_n4_generated_crystals_cif__gen_1,1.25567728542,no_shared_cluster,D:\User\leoluis0705\Documents\xwechat_files\wxid_bbzc35ridmlc22_e97b\msg\file\2026-04\initial_1000_raw_generations.zip::raw_generations/job_151_Al_fe_-1.416_n4/generated_crystals_cif.zip::gen_0.cif,raw_generations/job_151_Al_fe_-1.416_n4/generated_crystals_cif.zip,gen_0.cif,True,False,False,0,0,-3.16177153587,0.981771535873,1.06177153587,False,-6.13607209921,A,True,False,492,1,P1,1.87423,9.167059
job_151_Al_fe_-1.416_n4_generated_crystals_cif__gen_1,D:\CGCNN_Formation_Energy_AL_Archive\experiments\reproducibility\staging\paired_confirmation_server_20260712\EARLY_LiM2O4_ALIGNN_HARD640_m2p18_m2p02_FLAT_20260617\job_151_Al_fe_-1.416_n4_generated_crystals_cif__gen_1.cif,True,58a18317de988f24054c7af771469871f64646f978b2d7b2ccfe900d53bd4d6c,Li1 Al2 O4,LiAl2O4,Al,LiAl2O4,-3.06937098503,,0.45886897654,saved CGCNN MC-dropout sigma; candidate-level ALIGNN uncertainty not available,-2.59692382812,0.45886897654,0.472447156906,0.077455957553,307,0,-5.55856865644,A,True,False,460,29,326,21,3747295a2ff6001d9ef7c4a4a47e56ec81202c094287c89fa7c97340e2b395aa,"Li/M/O role-RDF: six unordered pairs, 0-6 A in 0.2-A bins; scale-free sorted lattice lengths, angles, and normalized volume",SM_Al_017,1,FP_SINGLETON_093,1,hdbscan_noise_singleton,job_025_Co_fe_-1.096_n4_generated_crystals_cif__gen_3,0.820576233158,job_148_Mn_fe_-0.904_n4_generated_crystals_cif__gen_2,0.991916048885,no_shared_cluster,D:\User\leoluis0705\Documents\xwechat_files\wxid_bbzc35ridmlc22_e97b\msg\file\2026-04\initial_1000_raw_generations.zip::raw_generations/job_151_Al_fe_-1.416_n4/generated_crystals_cif.zip::gen_1.cif,raw_generations/job_151_Al_fe_-1.416_n4/generated_crystals_cif.zip,gen_1.cif,True,False,False,0,0,-3.06937098503,0.889370985031,0.969370985031,False,-5.55856865644,A,True,False,394,1,P1,1.785137,10.097486
job_154_Mn_fe_-1.207_n4_generated_crystals_cif__gen_1,D:\CGCNN_Formation_Energy_AL_Archive\experiments\reproducibility\staging\paired_confirmation_server_20260712\EARLY_LiM2O4_ALIGNN_HARD640_m2p18_m2p02_FLAT_20260617\job_154_Mn_fe_-1.207_n4_generated_crystals_cif__gen_1.cif,True,d14a7624ee2cacd145134b1abf3023c1f72f236e5ce6d0156684da37fa7254e1,Li1 Mn2 O4,LiMn2O4,Mn,LiMn2O4,-2.00035023689,,0.305360355561,saved CGCNN MC-dropout sigma; candidate-level ALIGNN uncertainty not available,-2.29500961304,0.305360355561,0.294659376144,0.169323465989,6,0,1.12281101942,F,True,False,65,5,88,6,ba69bb6b4ff10493a81466690abb4edfad1ee6d2c1962ac55182fb6d5ba26466,"Li/M/O role-RDF: six unordered pairs, 0-6 A in 0.2-A bins; scale-free sorted lattice lengths, angles, and normalized volume",SM_Mn_013,8,FP_077,5,recurring_density_cluster,job_176_Mn_fe_-0.980_n4_generated_crystals_cif__gen_0,0.224415005945,job_011_Mg_fe_-1.305_n4_generated_crystals_cif__gen_0,0.621599562452,no_shared_cluster,D:\User\leoluis0705\Documents\xwechat_files\wxid_bbzc35ridmlc22_e97b\msg\file\2026-04\initial_1000_raw_generations.zip::raw_generations/job_154_Mn_fe_-1.207_n4/generated_crystals_cif.zip::gen_1.cif,raw_generations/job_154_Mn_fe_-1.207_n4/generated_crystals_cif.zip,gen_1.cif,True,False,True,3,0.176542943114,-1.82380729378,0.196192706221,0.276192706221,False,2.22620441388,F,True,False,177,44,Imm2,1.93394,10.222012
job_154_Mn_fe_-1.207_n4_generated_crystals_cif__gen_2,D:\CGCNN_Formation_Energy_AL_Archive\experiments\reproducibility\staging\paired_confirmation_server_20260712\EARLY_LiM2O4_ALIGNN_HARD640_m2p18_m2p02_FLAT_20260617\job_154_Mn_fe_-1.207_n4_generated_crystals_cif__gen_2.cif,True,c0c16b00349024f72940139d9491628d031242c1e7c5c39076508e4e40a5f1f4,Li1 Mn2 O4,LiMn2O4,Mn,LiMn2O4,-2.00318169594,,0.498236589767,saved CGCNN MC-dropout sigma; candidate-level ALIGNN uncertainty not available,-2.27982640266,0.498236589767,0.276644706726,0.119587706697,222,0,1.10511440039,F,True,False,193,13,91,6,b4db3172d0b3e28ea817eb432b30a6ac84db4412c93c927e4b13b63372663a10,"Li/M/O role-RDF: six unordered pairs, 0-6 A in 0.2-A bins; scale-free sorted lattice lengths, angles, and normalized volume",SM_Mn_013,8,FP_038,19,recurring_density_cluster,job_069_Mn_fe_-1.295_n4_generated_crystals_cif__gen_2,0.242878614702,job_011_Mg_fe_-1.305_n4_generated_crystals_cif__gen_0,0.71902559638,no_shared_cluster,D:\User\leoluis0705\Documents\xwechat_files\wxid_bbzc35ridmlc22_e97b\msg\file\2026-04\initial_1000_raw_generations.zip::raw_generations/job_154_Mn_fe_-1.207_n4/generated_crystals_cif.zip::gen_2.cif,raw_generations/job_154_Mn_fe_-1.207_n4/generated_crystals_cif.zip,gen_2.cif,True,False,True,3,0.176542943114,-1.82663875282,0.193361247176,0.273361247176,False,2.20850779485,F,True,False,172,8,Cm,1.909119,10.189406
job_154_Mn_fe_-1.207_n4_generated_crystals_cif__gen_3,D:\CGCNN_Formation_Energy_AL_Archive\experiments\reproducibility\staging\paired_confirmation_server_20260712\EARLY_LiM2O4_ALIGNN_HARD640_m2p18_m2p02_FLAT_20260617\job_154_Mn_fe_-1.207_n4_generated_crystals_cif__gen_3.cif,True,9c4d58c46f101a63c730d663e0da1dd101147b0f8b558c00895eccff1841264c,Li1 Mn2 O4,LiMn2O4,Mn,LiMn2O4,-2.02293610573,,0.582583869851,saved CGCNN MC-dropout sigma; candidate-level ALIGNN uncertainty not available,-2.18661999702,0.582583869851,0.163683891296,0.108028453632,235,1,0.981649339199,E,True,False,222,14,197,13,0200adb60fc230f68ebb4b84ac858f62b86cd77acb8e006f26d8bc4ea62e5df1,"Li/M/O role-RDF: six unordered pairs, 0-6 A in 0.2-A bins; scale-free sorted lattice lengths, angles, and normalized volume",SM_Mn_022,2,FP_078,3,recurring_density_cluster,job_148_Mn_fe_-0.904_n4_generated_crystals_cif__gen_2,0.204361728742,job_148_Mn_fe_-0.904_n4_generated_crystals_cif__gen_2,0.204361728742,same_structurematcher_cluster,D:\User\leoluis0705\Documents\xwechat_files\wxid_bbzc35ridmlc22_e97b\msg\file\2026-04\initial_1000_raw_generations.zip::raw_generations/job_154_Mn_fe_-1.207_n4/generated_crystals_cif.zip::gen_3.cif,raw_generations/job_154_Mn_fe_-1.207_n4/generated_crystals_cif.zip,gen_3.cif,True,False,True,3,0.176542943114,-1.84639316261,0.173606837386,0.253606837386,False,2.08504273366,F,True,False,132,8,Cm,1.90884,11.077702
job_155_Mg_fe_-1.104_n4_generated_crystals_cif__gen_3,D:\CGCNN_Formation_Energy_AL_Archive\experiments\reproducibility\staging\paired_confirmation_server_20260712\EARLY_LiM2O4_ALIGNN_HARD640_m2p18_m2p02_FLAT_20260617\job_155_Mg_fe_-1.104_n4_generated_crystals_cif__gen_3.cif,True,e5b2ea799f1f3f780db1eafd567a4aad76e6f42f3a7546c4e795857602e82f83,Li1 Mg2 O4,LiMg2O4,Mg,LiMg2O4,-2.20886325836,,0.428890220792,saved CGCNN MC-dropout sigma; candidate-level ALIGNN uncertainty not available,-3.05398273468,0.428890220792,0.845119476318,0.0128280419673,533,0,-0.180395364761,A,True,False,247,16,278,18,d59c8f29dddfc49f0f1ebd17c7e8f4289a9ce0e934f84884ad9158dedf539f0e,"Li/M/O role-RDF: six unordered pairs, 0-6 A in 0.2-A bins; scale-free sorted lattice lengths, angles, and normalized volume",SM_Mg_004,15,FP_016,8,recurring_density_cluster,job_011_Mg_fe_-1.305_n4_generated_crystals_cif__gen_0,0.182051468487,job_011_Mg_fe_-1.305_n4_generated_crystals_cif__gen_0,0.182051468487,same_structurematcher_cluster,D:\User\leoluis0705\Documents\xwechat_files\wxid_bbzc35ridmlc22_e97b\msg\file\2026-04\initial_1000_raw_generations.zip::raw_generations/job_155_Mg_fe_-1.104_n4/generated_crystals_cif.zip::gen_3.cif,raw_generations/job_155_Mg_fe_-1.104_n4/generated_crystals_cif.zip,gen_3.cif,True,False,True,2,0.651052398728,-1.55781085963,0.462189140367,0.542189140367,False,3.88868212729,F,True,False,249,8,Cm,2.017343,10.854721
job_156_Co_fe_-0.846_n4_generated_crystals_cif__gen_1,D:\CGCNN_Formation_Energy_AL_Archive\experiments\reproducibility\staging\paired_confirmation_server_20260712\EARLY_LiM2O4_ALIGNN_HARD640_m2p18_m2p02_FLAT_20260617\job_156_Co_fe_-0.846_n4_generated_crystals_cif__gen_1.cif,True,f55004967077dc5d539dd4f9caf717da7a29f57ab2eaf3ca1f423c112a1f3b66,Li1 Co2 O4,Li(CoO2)2,Co,Li(CoO2)2,-1.52419543266,,0.501041056759,saved CGCNN MC-dropout sigma; candidate-level ALIGNN uncertainty not available,-1.56398820877,0.501041056759,0.0397927761078,0.0719283488559,330,0,4.09877854586,F,True,False,331,21,372,24,3c9d280f320d98f8bb0b9aacbb4730a65dfabc09cc05cd6ff1431673e0eb0c6a,"Li/M/O role-RDF: six unordered pairs, 0-6 A in 0.2-A bins; scale-free sorted lattice lengths, angles, and normalized volume",SM_Co_003,18,FP_033,3,recurring_density_cluster,job_135_Co_fe_-0.851_n4_generated_crystals_cif__gen_1,0.207313923377,job_148_Mn_fe_-0.904_n4_generated_crystals_cif__gen_2,1.12184897294,no_shared_cluster,D:\User\leoluis0705\Documents\xwechat_files\wxid_bbzc35ridmlc22_e97b\msg\file\2026-04\initial_1000_raw_generations.zip::raw_generations/job_156_Co_fe_-0.846_n4/generated_crystals_cif.zip::gen_1.cif,raw_generations/job_156_Co_fe_-0.846_n4/generated_crystals_cif.zip,gen_1.cif,True,False,False,0,0,-1.52419543266,0.495804567337,0.575804567337,False,4.09877854586,F,True,False,267,8,Cm,1.88396,9.784137
job_156_Co_fe_-0.846_n4_generated_crystals_cif__gen_2,D:\CGCNN_Formation_Energy_AL_Archive\experiments\reproducibility\staging\paired_confirmation_server_20260712\EARLY_LiM2O4_ALIGNN_HARD640_m2p18_m2p02_FLAT_20260617\job_156_Co_fe_-0.846_n4_generated_crystals_cif__gen_2.cif,True,0a7eeecc50c6620037f14dec749ae0fd468c70968d971b8b65e22b163bb1ad60,Li1 Co2 O4,Li(CoO2)2,Co,Li(CoO2)2,-1.50279057026,,0.561455029147,saved CGCNN MC-dropout sigma; candidate-level ALIGNN uncertainty not available,-1.55163240433,0.561455029147,0.0488418340683,0.070550934852,351,0,4.23255893588,F,True,False,519,33,405,26,3250b7e44b8cf390e4fe7f897c4987445127dfae7bb8568203cb101f5dc55227,"Li/M/O role-RDF: six unordered pairs, 0-6 A in 0.2-A bins; scale-free sorted lattice lengths, angles, and normalized volume",SM_Co_004,18,FP_045,11,recurring_density_cluster,job_051_Co_fe_-1.402_n4_generated_crystals_cif__gen_2,0.130661148862,job_136_Cr_fe_-1.181_n4_generated_crystals_cif__gen_0,0.471666954068,no_shared_cluster,D:\User\leoluis0705\Documents\xwechat_files\wxid_bbzc35ridmlc22_e97b\msg\file\2026-04\initial_1000_raw_generations.zip::raw_generations/job_156_Co_fe_-0.846_n4/generated_crystals_cif.zip::gen_2.cif,raw_generations/job_156_Co_fe_-0.846_n4/generated_crystals_cif.zip,gen_2.cif,True,False,False,0,0,-1.50279057026,0.517209429741,0.597209429741,False,4.23255893588,F,True,False,286,10,P2/m,1.920066,9.984814
job_157_Ni_fe_-1.031_n4_generated_crystals_cif__gen_0,D:\CGCNN_Formation_Energy_AL_Archive\experiments\reproducibility\staging\paired_confirmation_server_20260712\EARLY_LiM2O4_ALIGNN_HARD640_m2p18_m2p02_FLAT_20260617\job_157_Ni_fe_-1.031_n4_generated_crystals_cif__gen_0.cif,True,bdbdebe63447b72f2e999746c393bf5e3d9d0beea6a41a8204ab093846febd02,Li1 Ni2 O4,Li(NiO2)2,Ni,Li(NiO2)2,-0.973950684071,,0.393500297695,saved CGCNN MC-dropout sigma; candidate-level ALIGNN uncertainty not available,-1.44852721691,0.393500297695,0.474576532841,0.0416902793923,499,0,7.53780822456,F,True,False,615,39,536,34,acd96ff133d23a3ba83792695f075397ccbc9fa6294fcf4d6ff0ebe1197f0f57,"Li/M/O role-RDF: six unordered pairs, 0-6 A in 0.2-A bins; scale-free sorted lattice lengths, angles, and normalized volume",SM_Ni_008,10,FP_072,3,recurring_density_cluster,job_089_Ni_fe_-1.410_n4_generated_crystals_cif__gen_3,0.250284014084,job_214_Cr_fe_-0.857_n4_generated_crystals_cif__gen_0,0.690811856016,no_shared_cluster,D:\User\leoluis0705\Documents\xwechat_files\wxid_bbzc35ridmlc22_e97b\msg\file\2026-04\initial_1000_raw_generations.zip::raw_generations/job_157_Ni_fe_-1.031_n4/generated_crystals_cif.zip::gen_0.cif,raw_generations/job_157_Ni_fe_-1.031_n4/generated_crystals_cif.zip,gen_0.cif,True,False,False,0,0,-0.973950684071,1.04604931593,1.12604931593,False,7.53780822456,F,True,False,619,1,P1,1.865696,9.480073
job_157_Ni_fe_-1.031_n4_generated_crystals_cif__gen_1,D:\CGCNN_Formation_Energy_AL_Archive\experiments\reproducibility\staging\paired_confirmation_server_20260712\EARLY_LiM2O4_ALIGNN_HARD640_m2p18_m2p02_FLAT_20260617\job_157_Ni_fe_-1.031_n4_generated_crystals_cif__gen_1.cif,True,4f88a36ce192e4eb916e3c35ab76f0a53a52fe11c4212a6b3466e10911021724,Li1 Ni2 O4,Li(NiO2)2,Ni,Li(NiO2)2,-0.951586127281,,0.571889535161,saved CGCNN MC-dropout sigma; candidate-level ALIGNN uncertainty not available,-1.41412878036,0.571889535161,0.462542653084,0.0544505594825,436,0,7.67758670449,F,True,False,372,24,541,34,fcc495ac5a234937ba4ec944a945523fdf15325f27baa11e08ff0526aed472b5,"Li/M/O role-RDF: six unordered pairs, 0-6 A in 0.2-A bins; scale-free sorted lattice lengths, angles, and normalized volume",SM_Ni_008,10,FP_053,8,recurring_density_cluster,job_187_Ni_fe_-0.981_n4_generated_crystals_cif__gen_1,0.367629740423,job_148_Mn_fe_-0.904_n4_generated_crystals_cif__gen_2,1.03541714407,no_shared_cluster,D:\User\leoluis0705\Documents\xwechat_files\wxid_bbzc35ridmlc22_e97b\msg\file\2026-04\initial_1000_raw_generations.zip::raw_generations/job_157_Ni_fe_-1.031_n4/generated_crystals_cif.zip::gen_1.cif,raw_generations/job_157_Ni_fe_-1.031_n4/generated_crystals_cif.zip,gen_1.cif,True,False,False,0,0,-0.951586127281,1.06841387272,1.14841387272,False,7.67758670449,F,True,False,634,1,P1,1.844017,9.087021
job_157_Ni_fe_-1.031_n4_generated_crystals_cif__gen_2,D:\CGCNN_Formation_Energy_AL_Archive\experiments\reproducibility\staging\paired_confirmation_server_20260712\EARLY_LiM2O4_ALIGNN_HARD640_m2p18_m2p02_FLAT_20260617\job_157_Ni_fe_-1.031_n4_generated_crystals_cif__gen_2.cif,True,710e18dd719b4424f06a9f98f3eeb7d8d25d9f07451bcfafe39b723903d74648,Li1 Ni2 O4,Li(NiO2)2,Ni,Li(NiO2)2,-1.04756069183,,0.483204056794,saved CGCNN MC-dropout sigma; candidate-level ALIGNN uncertainty not available,-1.39165961742,0.483204056794,0.344098925591,0.0453444318489,491,0,7.07774567604,F,True,False,479,30,435,28,fa64945a8e2a4546a9af77699c3cdfac2350ae29852ed55b8e911b5c1442366b,"Li/M/O role-RDF: six unordered pairs, 0-6 A in 0.2-A bins; scale-free sorted lattice lengths, angles, and normalized volume",SM_Ni_002,22,FP_070,6,recurring_density_cluster,job_093_Ni_fe_-0.850_n4_generated_crystals_cif__gen_2,0.167009904501,job_120_Cr_fe_-1.424_n4_generated_crystals_cif__gen_1,0.867575235076,no_shared_cluster,D:\User\leoluis0705\Documents\xwechat_files\wxid_bbzc35ridmlc22_e97b\msg\file\2026-04\initial_1000_raw_generations.zip::raw_generations/job_157_Ni_fe_-1.031_n4/generated_crystals_cif.zip::gen_2.cif,raw_generations/job_157_Ni_fe_-1.031_n4/generated_crystals_cif.zip,gen_2.cif,True,False,False,0,0,-1.04756069183,0.972439308167,1.05243930817,False,7.07774567604,F,True,False,470,1,P1,1.86355,9.686383
job_158_Co_fe_-1.333_n4_generated_crystals_cif__gen_1,D:\CGCNN_Formation_Energy_AL_Archive\experiments\reproducibility\staging\paired_confirmation_server_20260712\EARLY_LiM2O4_ALIGNN_HARD640_m2p18_m2p02_FLAT_20260617\job_158_Co_fe_-1.333_n4_generated_crystals_cif__gen_1.cif,True,5d8bbbde231764173310c05f989d9e699897587c9362c6ce7961405790284a54,Li1 Co2 O4,Li(CoO2)2,Co,Li(CoO2)2,-1.50127637386,,0.457730353109,saved CGCNN MC-dropout sigma; candidate-level ALIGNN uncertainty not available,-1.56045651436,0.457730353109,0.0591801404953,0.0697525996405,358,0,4.24202266335,F,True,False,358,23,369,24,99c129ea416f424d368e7eabe4dcd3db6eaed2f20e6791f2829d1f23f76815d2,"Li/M/O role-RDF: six unordered pairs, 0-6 A in 0.2-A bins; scale-free sorted lattice lengths, angles, and normalized volume",SM_Co_003,18,FP_047,4,recurring_density_cluster,job_039_Co_fe_-0.807_n4_generated_crystals_cif__gen_0,0.129130720072,job_148_Mn_fe_-0.904_n4_generated_crystals_cif__gen_2,1.08033641009,no_shared_cluster,D:\User\leoluis0705\Documents\xwechat_files\wxid_bbzc35ridmlc22_e97b\msg\file\2026-04\initial_1000_raw_generations.zip::raw_generations/job_158_Co_fe_-1.333_n4/generated_crystals_cif.zip::gen_1.cif,raw_generations/job_158_Co_fe_-1.333_n4/generated_crystals_cif.zip,gen_1.cif,True,False,False,0,0,-1.50127637386,0.518723626137,0.598723626137,False,4.24202266335,F,True,False,289,12,C2/m,1.901131,9.910784
job_158_Co_fe_-1.333_n4_generated_crystals_cif__gen_2,D:\CGCNN_Formation_Energy_AL_Archive\experiments\reproducibility\staging\paired_confirmation_server_20260712\EARLY_LiM2O4_ALIGNN_HARD640_m2p18_m2p02_FLAT_20260617\job_158_Co_fe_-1.333_n4_generated_crystals_cif__gen_2.cif,True,68bc04b8eeeab6ab547a14ee24f546f791906b10e68a1e9e67627368d2f1307c,Li1 Co2 O4,Li(CoO2)2,Co,Li(CoO2)2,-1.4988386631,,0.511573595277,saved CGCNN MC-dropout sigma; candidate-level ALIGNN uncertainty not available,-1.5683786869,0.511573595277,0.0695400238037,0.0727375011055,326,0,4.25725835562,F,True,False,535,34,370,24,339f5a994586bb7bd0dd796e436188c5dee6447e8ac5a6ba0df9e24879247c51,"Li/M/O role-RDF: six unordered pairs, 0-6 A in 0.2-A bins; scale-free sorted lattice lengths, angles, and normalized volume",SM_Co_003,18,FP_052,7,recurring_density_cluster,job_072_Co_fe_-0.820_n4_generated_crystals_cif__gen_1,0.251455741492,job_148_Mn_fe_-0.904_n4_generated_crystals_cif__gen_2,1.01666274019,no_shared_cluster,D:\User\leoluis0705\Documents\xwechat_files\wxid_bbzc35ridmlc22_e97b\msg\file\2026-04\initial_1000_raw_generations.zip::raw_generations/job_158_Co_fe_-1.333_n4/generated_crystals_cif.zip::gen_2.cif,raw_generations/job_158_Co_fe_-1.333_n4/generated_crystals_cif.zip,gen_2.cif,True,False,False,0,0,-1.4988386631,0.521161336899,0.601161336899,False,4.25725835562,F,True,False,292,1,P1,1.914703,10.002789
job_158_Co_fe_-1.333_n4_generated_crystals_cif__gen_3,D:\CGCNN_Formation_Energy_AL_Archive\experiments\reproducibility\staging\paired_confirmation_server_20260712\EARLY_LiM2O4_ALIGNN_HARD640_m2p18_m2p02_FLAT_20260617\job_158_Co_fe_-1.333_n4_generated_crystals_cif__gen_3.cif,True,47227ded35390dbb52584190058ddfeb1d283809651f528673c5a7e53bb459e7,Li1 Co2 O4,Li(CoO2)2,Co,Li(CoO2)2,-1.30044901371,,0.550159264571,saved CGCNN MC-dropout sigma; candidate-level ALIGNN uncertainty not available,-1.64765536785,0.550159264571,0.347206354141,0.0826509419833,290,0,5.49719366431,F,True,False,344,22,350,22,4da83f82bbfdfb8089e5ff234489d5a20f920f880ef2f68d893e42c16fbfd8c3,"Li/M/O role-RDF: six unordered pairs, 0-6 A in 0.2-A bins; scale-free sorted lattice lengths, angles, and normalized volume",SM_Co_015,1,FP_SINGLETON_094,1,hdbscan_noise_singleton,job_183_Ti_fe_-1.203_n4_generated_crystals_cif__gen_0,0.641554718997,job_120_Cr_fe_-1.424_n4_generated_crystals_cif__gen_1,0.929055913203,no_shared_cluster,D:\User\leoluis0705\Documents\xwechat_files\wxid_bbzc35ridmlc22_e97b\msg\file\2026-04\initial_1000_raw_generations.zip::raw_generations/job_158_Co_fe_-1.333_n4/generated_crystals_cif.zip::gen_3.cif,raw_generations/job_158_Co_fe_-1.333_n4/generated_crystals_cif.zip,gen_3.cif,True,False,False,0,0,-1.30044901371,0.71955098629,0.79955098629,False,5.49719366431,F,True,False,376,1,P1,1.874099,11.435708
job_159_Al_fe_-1.408_n4_generated_crystals_cif__gen_1,D:\CGCNN_Formation_Energy_AL_Archive\experiments\reproducibility\staging\paired_confirmation_server_20260712\EARLY_LiM2O4_ALIGNN_HARD640_m2p18_m2p02_FLAT_20260617\job_159_Al_fe_-1.408_n4_generated_crystals_cif__gen_1.cif,True,9921c452228d0a2bdfd151f43cb59941208efe10d148dce3e0ad884d598d0dde,Li1 Al2 O4,LiAl2O4,Al,LiAl2O4,-3.06714606285,,0.476198277793,saved CGCNN MC-dropout sigma; candidate-level ALIGNN uncertainty not available,-2.53639388084,0.476198277793,0.530752182007,0.0880133099809,262,0,-5.54466289282,A,True,False,373,24,319,20,ef78450e818e71f305578a8a3a1fb2402ed3e8533ded40ea7200bd7cc3ebb0a9,"Li/M/O role-RDF: six unordered pairs, 0-6 A in 0.2-A bins; scale-free sorted lattice lengths, angles, and normalized volume",SM_Al_018,1,FP_SINGLETON_095,1,hdbscan_noise_singleton,job_100_Co_fe_-1.485_n4_generated_crystals_cif__gen_1,0.690090130339,job_029_Cr_fe_-1.337_n4_generated_crystals_cif__gen_2,1.0043135082,no_shared_cluster,D:\User\leoluis0705\Documents\xwechat_files\wxid_bbzc35ridmlc22_e97b\msg\file\2026-04\initial_1000_raw_generations.zip::raw_generations/job_159_Al_fe_-1.408_n4/generated_crystals_cif.zip::gen_1.cif,raw_generations/job_159_Al_fe_-1.408_n4/generated_crystals_cif.zip,gen_1.cif,True,False,False,0,0,-3.06714606285,0.887146062851,0.967146062851,False,-5.54466289282,A,True,False,392,8,Cm,1.879434,9.672306
job_160_Ti_fe_-1.290_n4_generated_crystals_cif__gen_0,D:\CGCNN_Formation_Energy_AL_Archive\experiments\reproducibility\staging\paired_confirmation_server_20260712\EARLY_LiM2O4_ALIGNN_HARD640_m2p18_m2p02_FLAT_20260617\job_160_Ti_fe_-1.290_n4_generated_crystals_cif__gen_0.cif,True,cb3a9875b24d8dce1ef0847feb27a153c9f736b91fcf367a1cfecfc71d46eb7c,Li1 Ti2 O4,LiTi2O4,Ti,LiTi2O4,-3.2195854187,,0.414310320057,saved CGCNN MC-dropout sigma; candidate-level ALIGNN uncertainty not available,-3.34680724144,0.414310320057,0.127221822739,0.0017479615858,627,0,-6.49740886688,A,True,False,631,40,600,38,a752bf6a0e0a8a2f5034874cbcb7209a5f9ac7e5d38433dbec8c0064ef1235f3,"Li/M/O role-RDF: six unordered pairs, 0-6 A in 0.2-A bins; scale-free sorted lattice lengths, angles, and normalized volume",SM_Ti_002,41,FP_038,19,recurring_density_cluster,job_174_Ti_fe_-1.427_n4_generated_crystals_cif__gen_0,0.146796717146,job_011_Mg_fe_-1.305_n4_generated_crystals_cif__gen_0,0.825293531839,no_shared_cluster,D:\User\leoluis0705\Documents\xwechat_files\wxid_bbzc35ridmlc22_e97b\msg\file\2026-04\initial_1000_raw_generations.zip::raw_generations/job_160_Ti_fe_-1.290_n4/generated_crystals_cif.zip::gen_0.cif,raw_generations/job_160_Ti_fe_-1.290_n4/generated_crystals_cif.zip,gen_0.cif,True,False,False,0,0,-3.2195854187,1.0395854187,1.1195854187,False,-6.49740886688,A,True,False,596,8,Cm,1.930221,10.060241
job_160_Ti_fe_-1.290_n4_generated_crystals_cif__gen_2,D:\CGCNN_Formation_Energy_AL_Archive\experiments\reproducibility\staging\paired_confirmation_server_20260712\EARLY_LiM2O4_ALIGNN_HARD640_m2p18_m2p02_FLAT_20260617\job_160_Ti_fe_-1.290_n4_generated_crystals_cif__gen_2.cif,True,b55ec86d12d52c1b30624cd7da901186f5a600d42bd16fe52bb4d7ed32172907,Li1 Ti2 O4,LiTi2O4,Ti,LiTi2O4,-3.23005175591,,0.438043497751,saved CGCNN MC-dropout sigma; candidate-level ALIGNN uncertainty not available,-3.37383008003,0.438043497751,0.143778324127,0.00221282091617,624,0,-6.56282347441,A,True,False,594,38,567,36,a324d3029f153ffd621b56c90126544db055cf20bbf8862bf964c3eafd0a78ee,"Li/M/O role-RDF: six unordered pairs, 0-6 A in 0.2-A bins; scale-free sorted lattice lengths, angles, and normalized volume",SM_Ti_002,41,FP_076,4,recurring_density_cluster,job_119_Ti_fe_-1.262_n4_generated_crystals_cif__gen_1,0.15408857169,job_011_Mg_fe_-1.305_n4_generated_crystals_cif__gen_0,0.69857308816,no_shared_cluster,D:\User\leoluis0705\Documents\xwechat_files\wxid_bbzc35ridmlc22_e97b\msg\file\2026-04\initial_1000_raw_generations.zip::raw_generations/job_160_Ti_fe_-1.290_n4/generated_crystals_cif.zip::gen_2.cif,raw_generations/job_160_Ti_fe_-1.290_n4/generated_crystals_cif.zip,gen_2.cif,True,False,False,0,0,-3.23005175591,1.0500517559,1.13005175591,False,-6.56282347441,A,True,False,624,44,Imm2,1.99452,10.068396
job_160_Ti_fe_-1.290_n4_generated_crystals_cif__gen_3,D:\CGCNN_Formation_Energy_AL_Archive\experiments\reproducibility\staging\paired_confirmation_server_20260712\EARLY_LiM2O4_ALIGNN_HARD640_m2p18_m2p02_FLAT_20260617\job_160_Ti_fe_-1.290_n4_generated_crystals_cif__gen_3.cif,True,43b29fc232579976921eb055baccee4250d865c85fcf77f2b1b77845a5775f32,Li1 Ti2 O4,LiTi2O4,Ti,LiTi2O4,-3.17027807236,,0.488237936078,saved CGCNN MC-dropout sigma; candidate-level ALIGNN uncertainty not available,-3.25010204315,0.488237936078,0.0798239707947,0.00832175586284,569,0,-6.18923795223,A,True,False,363,23,624,39,b5abc768bb25156beeb879fafffe518739bf6208aef8d330e7a7c241177b0687,"Li/M/O role-RDF: six unordered pairs, 0-6 A in 0.2-A bins; scale-free sorted lattice lengths, angles, and normalized volume",SM_Ti_005,11,FP_013,10,recurring_density_cluster,job_199_Ti_fe_-1.428_n4_generated_crystals_cif__gen_0,0.162739874964,job_167_Mn_fe_-0.885_n4_generated_crystals_cif__gen_3,0.52707408833,no_shared_cluster,D:\User\leoluis0705\Documents\xwechat_files\wxid_bbzc35ridmlc22_e97b\msg\file\2026-04\initial_1000_raw_generations.zip::raw_generations/job_160_Ti_fe_-1.290_n4/generated_crystals_cif.zip::gen_3.cif,raw_generations/job_160_Ti_fe_-1.290_n4/generated_crystals_cif.zip,gen_3.cif,True,False,False,0,0,-3.17027807236,0.990278072357,1.07027807236,False,-6.18923795223,A,True,False,513,10,P2/m,1.988674,10.954849
job_161_Co_fe_-0.850_n4_generated_crystals_cif__gen_0,D:\CGCNN_Formation_Energy_AL_Archive\experiments\reproducibility\staging\paired_confirmation_server_20260712\EARLY_LiM2O4_ALIGNN_HARD640_m2p18_m2p02_FLAT_20260617\job_161_Co_fe_-0.850_n4_generated_crystals_cif__gen_0.cif,True,278a37e5cd6a8e9ce11786ed28f40cc2b535888055ae7f3e4c621ab757f5caa5,Li1 Co2 O4,Li(CoO2)2,Co,Li(CoO2)2,-1.42866277695,,0.371872360938,saved CGCNN MC-dropout sigma; candidate-level ALIGNN uncertainty not available,-1.66423821449,0.371872360938,0.235575437546,0.0866339156278,271,0,4.69585764408,F,True,False,338,22,339,22,7be2ae977c7cdb67d8958dbce8ca209ed2f993a553beaa1bbb4b0ad300d7b641,"Li/M/O role-RDF: six unordered pairs, 0-6 A in 0.2-A bins; scale-free sorted lattice lengths, angles, and normalized volume",SM_Co_006,12,FP_061,3,recurring_density_cluster,job_072_Co_fe_-0.820_n4_generated_crystals_cif__gen_0,0.476574843105,job_204_Cr_fe_-0.932_n4_generated_crystals_cif__gen_3,0.970276171879,no_shared_cluster,D:\User\leoluis0705\Documents\xwechat_files\wxid_bbzc35ridmlc22_e97b\msg\file\2026-04\initial_1000_raw_generations.zip::raw_generations/job_161_Co_fe_-0.850_n4/generated_crystals_cif.zip::gen_0.cif,raw_generations/job_161_Co_fe_-0.850_n4/generated_crystals_cif.zip,gen_0.cif,True,False,False,0,0,-1.42866277695,0.591337223053,0.671337223053,False,4.69585764408,F,True,False,334,1,P1,1.883296,9.554491
job_161_Co_fe_-0.850_n4_generated_crystals_cif__gen_1,D:\CGCNN_Formation_Energy_AL_Archive\experiments\reproducibility\staging\paired_confirmation_server_20260712\EARLY_LiM2O4_ALIGNN_HARD640_m2p18_m2p02_FLAT_20260617\job_161_Co_fe_-0.850_n4_generated_crystals_cif__gen_1.cif,True,458a6c3ee4469beb04e3a4ac83b32d553d04d0d9adade18de4256cf3ecb874f5,Li1 Co2 O4,Li(CoO2)2,Co,Li(CoO2)2,-1.47393548489,,0.513547102083,saved CGCNN MC-dropout sigma; candidate-level ALIGNN uncertainty not available,-1.55483984947,0.513547102083,0.0809043645859,0.0707885205412,346,0,4.41290321946,F,True,False,501,32,385,25,a61606bb04c1e453ceb44dd5086cc88d553080ca2831e2a126b013202b4a1d3a,"Li/M/O role-RDF: six unordered pairs, 0-6 A in 0.2-A bins; scale-free sorted lattice lengths, angles, and normalized volume",SM_Co_001,25,FP_SINGLETON_096,1,hdbscan_noise_singleton,job_185_Co_fe_-0.960_n4_generated_crystals_cif__gen_2,0.272261131703,job_136_Cr_fe_-1.181_n4_generated_crystals_cif__gen_0,0.696747842901,no_shared_cluster,D:\User\leoluis0705\Documents\xwechat_files\wxid_bbzc35ridmlc22_e97b\msg\file\2026-04\initial_1000_raw_generations.zip::raw_generations/job_161_Co_fe_-0.850_n4/generated_crystals_cif.zip::gen_1.cif,raw_generations/job_161_Co_fe_-0.850_n4/generated_crystals_cif.zip,gen_1.cif,True,False,False,0,0,-1.47393548489,0.546064515114,0.626064515114,False,4.41290321946,F,True,False,303,8,Cm,1.910915,9.936862
job_161_Co_fe_-0.850_n4_generated_crystals_cif__gen_2,D:\CGCNN_Formation_Energy_AL_Archive\experiments\reproducibility\staging\paired_confirmation_server_20260712\EARLY_LiM2O4_ALIGNN_HARD640_m2p18_m2p02_FLAT_20260617\job_161_Co_fe_-0.850_n4_generated_crystals_cif__gen_2.cif,True,260aff02d3db7618d31c501724d43c243b36ccbbb7247e625f071a1ed9f433d1,Li1 Co2 O4,Li(CoO2)2,Co,Li(CoO2)2,-1.42875635624,,0.451845566814,saved CGCNN MC-dropout sigma; candidate-level ALIGNN uncertainty not available,-1.67788529396,0.451845566814,0.249128937721,0.0912503612303,255,0,4.6952727735,F,True,False,504,32,340,22,cc703cd5f750ab91f89d9e779e7b7b78c4f21805088e99a93d150e1d73f876b5,"Li/M/O role-RDF: six unordered pairs, 0-6 A in 0.2-A bins; scale-free sorted lattice lengths, angles, and normalized volume",SM_Co_006,12,FP_041,12,recurring_density_cluster,job_032_Co_fe_-1.386_n4_generated_crystals_cif__gen_1,0.197378250135,job_204_Cr_fe_-0.932_n4_generated_crystals_cif__gen_3,0.722899164433,no_shared_cluster,D:\User\leoluis0705\Documents\xwechat_files\wxid_bbzc35ridmlc22_e97b\msg\file\2026-04\initial_1000_raw_generations.zip::raw_generations/job_161_Co_fe_-0.850_n4/generated_crystals_cif.zip::gen_2.cif,raw_generations/job_161_Co_fe_-0.850_n4/generated_crystals_cif.zip,gen_2.cif,True,False,False,0,0,-1.42875635624,0.591243643761,0.671243643761,False,4.6952727735,F,True,False,333,44,Imm2,1.911897,9.71932
job_162_Mn_fe_-1.493_n4_generated_crystals_cif__gen_0,D:\CGCNN_Formation_Energy_AL_Archive\experiments\reproducibility\staging\paired_confirmation_server_20260712\EARLY_LiM2O4_ALIGNN_HARD640_m2p18_m2p02_FLAT_20260617\job_162_Mn_fe_-1.493_n4_generated_crystals_cif__gen_0.cif,True,20c0dd4003df2b0ea67e5c2aca36e20dd83e4b6e4a153e56edac9286dcd56d45,Li1 Mn2 O4,LiMn2O4,Mn,LiMn2O4,-2.00297832489,,0.413490231364,saved CGCNN MC-dropout sigma; candidate-level ALIGNN uncertainty not available,-2.22600388527,0.413490231364,0.223025560379,0.146537141796,83,0,1.10638546944,F,True,False,36,3,37,3,eb410267e57fa9544c689e8f1ab2c0f73f68988b97f18951323053ed6d31f896,"Li/M/O role-RDF: six unordered pairs, 0-6 A in 0.2-A bins; scale-free sorted lattice lengths, angles, and normalized volume",SM_Mn_008,9,FP_031,9,recurring_density_cluster,job_066_Mn_fe_-1.023_n4_generated_crystals_cif__gen_2,0.399563570672,job_148_Mn_fe_-0.904_n4_generated_crystals_cif__gen_2,0.612594444731,no_shared_cluster,D:\User\leoluis0705\Documents\xwechat_files\wxid_bbzc35ridmlc22_e97b\msg\file\2026-04\initial_1000_raw_generations.zip::raw_generations/job_162_Mn_fe_-1.493_n4/generated_crystals_cif.zip::gen_0.cif,raw_generations/job_162_Mn_fe_-1.493_n4/generated_crystals_cif.zip,gen_0.cif,True,False,True,3,0.176542943114,-1.82643538178,0.193564618224,0.273564618224,False,2.2097788639,F,True,False,173,1,P1,1.908637,11.587115
job_162_Mn_fe_-1.493_n4_generated_crystals_cif__gen_1,D:\CGCNN_Formation_Energy_AL_Archive\experiments\reproducibility\staging\paired_confirmation_server_20260712\EARLY_LiM2O4_ALIGNN_HARD640_m2p18_m2p02_FLAT_20260617\job_162_Mn_fe_-1.493_n4_generated_crystals_cif__gen_1.cif,True,02e1cd785a3bbcaf4f1a3a1e11dd2b86cb4c8e5edda54821114e1b837fd09a4f,Li1 Mn2 O4,LiMn2O4,Mn,LiMn2O4,-1.94113385677,,0.368769329668,saved CGCNN MC-dropout sigma; candidate-level ALIGNN uncertainty not available,-2.23670315742,0.368769329668,0.295569300652,0.160510830684,32,0,1.49291339517,F,True,False,228,15,238,15,97680f5786f04d1a074eae0cc85955735b2447d4e410a156b5ac80660fae8550,"Li/M/O role-RDF: six unordered pairs, 0-6 A in 0.2-A bins; scale-free sorted lattice lengths, angles, and normalized volume",SM_Mn_017,5,FP_043,10,recurring_density_cluster,job_083_Cr_fe_-0.935_n4_generated_crystals_cif__gen_1,0.330533283235,job_083_Cr_fe_-0.935_n4_generated_crystals_cif__gen_1,0.330533283235,same_fingerprint_cluster,D:\User\leoluis0705\Documents\xwechat_files\wxid_bbzc35ridmlc22_e97b\msg\file\2026-04\initial_1000_raw_generations.zip::raw_generations/job_162_Mn_fe_-1.493_n4/generated_crystals_cif.zip::gen_1.cif,raw_generations/job_162_Mn_fe_-1.493_n4/generated_crystals_cif.zip,gen_1.cif,True,False,True,3,0.176542943114,-1.76459091366,0.255409086341,0.335409086341,False,2.59630678963,F,True,False,207,8,Cm,1.925992,10.359208
job_162_Mn_fe_-1.493_n4_generated_crystals_cif__gen_2,D:\CGCNN_Formation_Energy_AL_Archive\experiments\reproducibility\staging\paired_confirmation_server_20260712\EARLY_LiM2O4_ALIGNN_HARD640_m2p18_m2p02_FLAT_20260617\job_162_Mn_fe_-1.493_n4_generated_crystals_cif__gen_2.cif,True,c4dfb430dd75dd7bdfaeb7fb060c37d08fea12da1daa6b17fe19d53260dfdb8e,Li1 Mn2 O4,LiMn2O4,Mn,LiMn2O4,-2.01844334602,,0.367659515694,saved CGCNN MC-dropout sigma; candidate-level ALIGNN uncertainty not available,-2.21442842484,0.367659515694,0.195985078812,0.164234120724,22,0,1.00972908735,F,True,False,125,8,114,8,52a5b7dabe649c5acbe6c7fd9d491b5478b864e6014ea333a0c62814c914b533,"Li/M/O role-RDF: six unordered pairs, 0-6 A in 0.2-A bins; scale-free sorted lattice lengths, angles, and normalized volume",SM_Mn_003,16,FP_SINGLETON_097,1,hdbscan_noise_singleton,job_006_Mn_fe_-1.347_n4_generated_crystals_cif__gen_1,0.393728292452,job_006_Mn_fe_-1.347_n4_generated_crystals_cif__gen_1,0.393728292452,same_structurematcher_cluster,D:\User\leoluis0705\Documents\xwechat_files\wxid_bbzc35ridmlc22_e97b\msg\file\2026-04\initial_1000_raw_generations.zip::raw_generations/job_162_Mn_fe_-1.493_n4/generated_crystals_cif.zip::gen_2.cif,raw_generations/job_162_Mn_fe_-1.493_n4/generated_crystals_cif.zip,gen_2.cif,True,False,True,3,0.176542943114,-1.84190040291,0.178099597091,0.258099597091,False,2.11312248182,F,True,False,142,1,P1,1.907452,10.887561
job_162_Mn_fe_-1.493_n4_generated_crystals_cif__gen_3,D:\CGCNN_Formation_Energy_AL_Archive\experiments\reproducibility\staging\paired_confirmation_server_20260712\EARLY_LiM2O4_ALIGNN_HARD640_m2p18_m2p02_FLAT_20260617\job_162_Mn_fe_-1.493_n4_generated_crystals_cif__gen_3.cif,True,afa406a7327cae1914ada4c9d188cb1d5801f16a9771cad218f970ebda662bde,Li1 Mn2 O4,LiMn2O4,Mn,LiMn2O4,-1.89561533928,,0.404978750617,saved CGCNN MC-dropout sigma; candidate-level ALIGNN uncertainty not available,-2.23500275612,0.404978750617,0.33938741684,0.148238778128,71,0,1.77740412951,F,True,False,227,15,224,14,5301575bb87cdf2a06ed097d4114644e5f32f85558b455b9b93d8c610529af1f,"Li/M/O role-RDF: six unordered pairs, 0-6 A in 0.2-A bins; scale-free sorted lattice lengths, angles, and normalized volume",SM_Mn_010,10,FP_055,5,recurring_density_cluster,job_061_Mn_fe_-1.231_n4_generated_crystals_cif__gen_3,0.126378169059,job_120_Cr_fe_-1.424_n4_generated_crystals_cif__gen_1,0.637350428146,no_shared_cluster,D:\User\leoluis0705\Documents\xwechat_files\wxid_bbzc35ridmlc22_e97b\msg\file\2026-04\initial_1000_raw_generations.zip::raw_generations/job_162_Mn_fe_-1.493_n4/generated_crystals_cif.zip::gen_3.cif,raw_generations/job_162_Mn_fe_-1.493_n4/generated_crystals_cif.zip,gen_3.cif,True,False,True,3,0.176542943114,-1.71907239616,0.300927603835,0.380927603835,False,2.88079752397,F,True,False,236,1,P1,1.865314,10.208332
job_163_Mg_fe_-0.801_n4_generated_crystals_cif__gen_3,D:\CGCNN_Formation_Energy_AL_Archive\experiments\reproducibility\staging\paired_confirmation_server_20260712\EARLY_LiM2O4_ALIGNN_HARD640_m2p18_m2p02_FLAT_20260617\job_163_Mg_fe_-0.801_n4_generated_crystals_cif__gen_3.cif,True,569138f2e62614cf139364bd66a3b7ec6a6f4605d888f5dac520d405fc45ce0d,Li1 Mg2 O4,LiMg2O4,Mg,LiMg2O4,-2.21604537964,,0.341020695224,saved CGCNN MC-dropout sigma; candidate-level ALIGNN uncertainty not available,-3.06346869469,0.341020695224,0.847423315048,0.00368232610883,608,0,-0.225283622742,A,True,False,262,17,282,18,620a3a08288a9a1f742ed0bbe5a2f3bfaaa0d36bdd2422861738f3306433033d,"Li/M/O role-RDF: six unordered pairs, 0-6 A in 0.2-A bins; scale-free sorted lattice lengths, angles, and normalized volume",SM_Mg_004,15,FP_016,8,recurring_density_cluster,job_181_Mg_fe_-1.158_n4_generated_crystals_cif__gen_0,0.257519320761,job_011_Mg_fe_-1.305_n4_generated_crystals_cif__gen_0,0.267016891191,same_structurematcher_cluster,D:\User\leoluis0705\Documents\xwechat_files\wxid_bbzc35ridmlc22_e97b\msg\file\2026-04\initial_1000_raw_generations.zip::raw_generations/job_163_Mg_fe_-0.801_n4/generated_crystals_cif.zip::gen_3.cif,raw_generations/job_163_Mg_fe_-0.801_n4/generated_crystals_cif.zip,gen_3.cif,True,False,True,2,0.651052398728,-1.56499298091,0.45500701909,0.53500701909,False,3.84379386931,F,True,False,247,1,P1,2.017676,10.921808
job_164_Mn_fe_-1.449_n4_generated_crystals_cif__gen_1,D:\CGCNN_Formation_Energy_AL_Archive\experiments\reproducibility\staging\paired_confirmation_server_20260712\EARLY_LiM2O4_ALIGNN_HARD640_m2p18_m2p02_FLAT_20260617\job_164_Mn_fe_-1.449_n4_generated_crystals_cif__gen_1.cif,True,adf3860adfea75fb47fe2cd40a23fc17fbb2cdadc3bb67903460141ee06464db,Li1 Mn2 O4,LiMn2O4,Mn,LiMn2O4,-1.95726251602,,0.472994259809,saved CGCNN MC-dropout sigma; candidate-level ALIGNN uncertainty not available,-2.20389294624,0.472994259809,0.246630430222,0.131138602128,182,0,1.39210927486,F,True,False,264,17,242,16,bed8952e08f5cb74566767e3d7205aadfac6646d92045af87903a2c08d8e1955,"Li/M/O role-RDF: six unordered pairs, 0-6 A in 0.2-A bins; scale-free sorted lattice lengths, angles, and normalized volume",SM_Mn_017,5,FP_043,10,recurring_density_cluster,job_195_Mn_fe_-1.284_n4_generated_crystals_cif__gen_0,0.328256315945,job_083_Cr_fe_-0.935_n4_generated_crystals_cif__gen_1,0.412144858723,same_fingerprint_cluster,D:\User\leoluis0705\Documents\xwechat_files\wxid_bbzc35ridmlc22_e97b\msg\file\2026-04\initial_1000_raw_generations.zip::raw_generations/job_164_Mn_fe_-1.449_n4/generated_crystals_cif.zip::gen_1.cif,raw_generations/job_164_Mn_fe_-1.449_n4/generated_crystals_cif.zip,gen_1.cif,True,False,True,3,0.176542943114,-1.78071957291,0.239280427092,0.319280427092,False,2.49550266933,F,True,False,200,8,Cm,1.930639,10.465621
job_164_Mn_fe_-1.449_n4_generated_crystals_cif__gen_2,D:\CGCNN_Formation_Energy_AL_Archive\experiments\reproducibility\staging\paired_confirmation_server_20260712\EARLY_LiM2O4_ALIGNN_HARD640_m2p18_m2p02_FLAT_20260617\job_164_Mn_fe_-1.449_n4_generated_crystals_cif__gen_2.cif,True,ef1eacb84a8a70c75ce06b7920949b0a155ae3edf8aac9a4abdf8cffc3ec6a11,Li1 Mn2 O4,LiMn2O4,Mn,LiMn2O4,-1.92164850235,,0.418222403091,saved CGCNN MC-dropout sigma; candidate-level ALIGNN uncertainty not available,-2.22475075722,0.418222403091,0.303102254868,0.145175841365,95,0,1.61469686031,F,True,False,246,16,17,2,3e256d5955cb5ad631f230d11258b72b206d9a9a6618604defcc5cd32de5aa5f,"Li/M/O role-RDF: six unordered pairs, 0-6 A in 0.2-A bins; scale-free sorted lattice lengths, angles, and normalized volume",SM_Mn_024,1,FP_079,5,recurring_density_cluster,job_211_Ti_fe_-1.424_n4_generated_crystals_cif__gen_3,0.235975999318,job_249_Cr_fe_-1.500_n4_generated_crystals_cif__gen_1,0.48668328507,same_fingerprint_cluster,D:\User\leoluis0705\Documents\xwechat_files\wxid_bbzc35ridmlc22_e97b\msg\file\2026-04\initial_1000_raw_generations.zip::raw_generations/job_164_Mn_fe_-1.449_n4/generated_crystals_cif.zip::gen_2.cif,raw_generations/job_164_Mn_fe_-1.449_n4/generated_crystals_cif.zip,gen_2.cif,True,False,True,3,0.176542943114,-1.74510555924,0.274894440764,0.354894440764,False,2.71809025478,F,True,False,222,8,Cm,1.947782,10.921054
job_165_Ni_fe_-1.146_n4_generated_crystals_cif__gen_0,D:\CGCNN_Formation_Energy_AL_Archive\experiments\reproducibility\staging\paired_confirmation_server_20260712\EARLY_LiM2O4_ALIGNN_HARD640_m2p18_m2p02_FLAT_20260617\job_165_Ni_fe_-1.146_n4_generated_crystals_cif__gen_0.cif,True,794ba3c7a86ace111ea05eb981333393561bdbd102a33b86cbfbbceb1fcccbcd,Li1 Ni2 O4,Li(NiO2)2,Ni,Li(NiO2)2,-1.06613123417,,0.53027336636,saved CGCNN MC-dropout sigma; candidate-level ALIGNN uncertainty not available,-1.39171981812,0.53027336636,0.325588583946,0.0494774051965,475,0,6.96167978644,F,True,False,391,25,488,31,1c3127e5050c4e4495a566dc79a9485a5f8d2227d0e9040c9d5e47035fe2033d,"Li/M/O role-RDF: six unordered pairs, 0-6 A in 0.2-A bins; scale-free sorted lattice lengths, angles, and normalized volume",SM_Ni_002,22,FP_007,4,recurring_density_cluster,job_070_Ni_fe_-1.182_n4_generated_crystals_cif__gen_2,0.154957264126,job_136_Cr_fe_-1.181_n4_generated_crystals_cif__gen_0,0.482068496871,no_shared_cluster,D:\User\leoluis0705\Documents\xwechat_files\wxid_bbzc35ridmlc22_e97b\msg\file\2026-04\initial_1000_raw_generations.zip::raw_generations/job_165_Ni_fe_-1.146_n4/generated_crystals_cif.zip::gen_0.cif,raw_generations/job_165_Ni_fe_-1.146_n4/generated_crystals_cif.zip,gen_0.cif,True,False,False,0,0,-1.06613123417,0.953868765831,1.03386876583,False,6.96167978644,F,True,False,431,10,P2/m,1.878122,10.107036
job_165_Ni_fe_-1.146_n4_generated_crystals_cif__gen_2,D:\CGCNN_Formation_Energy_AL_Archive\experiments\reproducibility\staging\paired_confirmation_server_20260712\EARLY_LiM2O4_ALIGNN_HARD640_m2p18_m2p02_FLAT_20260617\job_165_Ni_fe_-1.146_n4_generated_crystals_cif__gen_2.cif,True,0359a0a63f1a255f918440a1c8e0aaa2da49c3d859ed10c9119c6cc7155c83cd,Li1 Ni2 O4,Li(NiO2)2,Ni,Li(NiO2)2,-1.03067350388,,0.573304199972,saved CGCNN MC-dropout sigma; candidate-level ALIGNN uncertainty not available,-1.38790512085,0.573304199972,0.357231616974,0.0515694395932,457,0,7.18329060078,F,True,False,632,40,502,32,0a69c73352fbe75e9e2d89d45e5d82eb8a16ff07b5e22dbc19fb03c17587b554,"Li/M/O role-RDF: six unordered pairs, 0-6 A in 0.2-A bins; scale-free sorted lattice lengths, angles, and normalized volume",SM_Ni_003,30,FP_025,8,recurring_density_cluster,job_166_Ni_fe_-0.847_n4_generated_crystals_cif__gen_1,0.182905452788,job_136_Cr_fe_-1.181_n4_generated_crystals_cif__gen_0,0.53051707594,no_shared_cluster,D:\User\leoluis0705\Documents\xwechat_files\wxid_bbzc35ridmlc22_e97b\msg\file\2026-04\initial_1000_raw_generations.zip::raw_generations/job_165_Ni_fe_-1.146_n4/generated_crystals_cif.zip::gen_2.cif,raw_generations/job_165_Ni_fe_-1.146_n4/generated_crystals_cif.zip,gen_2.cif,True,False,False,0,0,-1.03067350388,0.989326496124,1.06932649612,False,7.18329060078,F,True,False,511,12,C2/m,1.883441,9.863633
job_165_Ni_fe_-1.146_n4_generated_crystals_cif__gen_3,D:\CGCNN_Formation_Energy_AL_Archive\experiments\reproducibility\staging\paired_confirmation_server_20260712\EARLY_LiM2O4_ALIGNN_HARD640_m2p18_m2p02_FLAT_20260617\job_165_Ni_fe_-1.146_n4_generated_crystals_cif__gen_3.cif,True,84ee4bb5c434e6b43a03cf6a72cdaf06c2ce93c421b95c2fbdde56517401e361,Li1 Ni2 O4,Li(NiO2)2,Ni,Li(NiO2)2,-1.00985372066,,0.559724618372,saved CGCNN MC-dropout sigma; candidate-level ALIGNN uncertainty not available,-1.40843367577,0.559724618372,0.398579955101,0.0532519745725,446,0,7.31341424584,F,True,False,546,35,535,34,d1f5ecc11f4b5b52611393396956b4e3e5b6f44a8abb613a2a52a7cffac42eea,"Li/M/O role-RDF: six unordered pairs, 0-6 A in 0.2-A bins; scale-free sorted lattice lengths, angles, and normalized volume",SM_Ni_006,7,FP_041,12,recurring_density_cluster,job_218_Ni_fe_-1.221_n4_generated_crystals_cif__gen_0,0.345107756702,job_204_Cr_fe_-0.932_n4_generated_crystals_cif__gen_3,0.909799120879,no_shared_cluster,D:\User\leoluis0705\Documents\xwechat_files\wxid_bbzc35ridmlc22_e97b\msg\file\2026-04\initial_1000_raw_generations.zip::raw_generations/job_165_Ni_fe_-1.146_n4/generated_crystals_cif.zip::gen_3.cif,raw_generations/job_165_Ni_fe_-1.146_n4/generated_crystals_cif.zip,gen_3.cif,True,False,False,0,0,-1.00985372066,1.01014627934,1.09014627934,False,7.31341424584,F,True,False,550,1,P1,1.863087,9.457808
job_166_Ni_fe_-0.847_n4_generated_crystals_cif__gen_0,D:\CGCNN_Formation_Energy_AL_Archive\experiments\reproducibility\staging\paired_confirmation_server_20260712\EARLY_LiM2O4_ALIGNN_HARD640_m2p18_m2p02_FLAT_20260617\job_166_Ni_fe_-0.847_n4_generated_crystals_cif__gen_0.cif,True,8b5a27337e2cca5dd67d9bf0eb97bf2ab4b20862d499d2cd7fb9addb6bced361,Li1 Ni2 O4,Li(NiO2)2,Ni,Li(NiO2)2,-0.966855049133,,0.524832373306,saved CGCNN MC-dropout sigma; candidate-level ALIGNN uncertainty not available,-1.42704510689,0.524832373306,0.460190057755,0.0535882360804,444,0,7.58215594292,F,True,False,500,32,512,32,97558dfeb6a6ff91471925592bd9f6875ff72dfb179afa82607615a836219a43,"Li/M/O role-RDF: six unordered pairs, 0-6 A in 0.2-A bins; scale-free sorted lattice lengths, angles, and normalized volume",SM_Ni_009,9,FP_068,9,recurring_density_cluster,job_203_Ni_fe_-0.895_n4_generated_crystals_cif__gen_0,0.285107773263,job_120_Cr_fe_-1.424_n4_generated_crystals_cif__gen_1,0.597362395308,no_shared_cluster,D:\User\leoluis0705\Documents\xwechat_files\wxid_bbzc35ridmlc22_e97b\msg\file\2026-04\initial_1000_raw_generations.zip::raw_generations/job_166_Ni_fe_-0.847_n4/generated_crystals_cif.zip::gen_0.cif,raw_generations/job_166_Ni_fe_-0.847_n4/generated_crystals_cif.zip,gen_0.cif,True,False,False,0,0,-0.966855049133,1.05314495087,1.13314495087,False,7.58215594292,F,True,False,628,1,P1,1.854367,9.608442
job_166_Ni_fe_-0.847_n4_generated_crystals_cif__gen_1,D:\CGCNN_Formation_Energy_AL_Archive\experiments\reproducibility\staging\paired_confirmation_server_20260712\EARLY_LiM2O4_ALIGNN_HARD640_m2p18_m2p02_FLAT_20260617\job_166_Ni_fe_-0.847_n4_generated_crystals_cif__gen_1.cif,True,834a6fa76771543b92cecbefb267531dddbae1290349561bc4fb5c0e31efe22e,Li1 Ni2 O4,Li(NiO2)2,Ni,Li(NiO2)2,-1.04044151306,,0.707129014337,saved CGCNN MC-dropout sigma; candidate-level ALIGNN uncertainty not available,-1.39687120914,0.707129014337,0.356429696083,0.0550582487487,432,0,7.12224054337,F,True,False,442,28,490,31,f3934f16ce4044b9fd8f12e2fd4b4b41d65a4732e5a3883f723404c45129d9f6,"Li/M/O role-RDF: six unordered pairs, 0-6 A in 0.2-A bins; scale-free sorted lattice lengths, angles, and normalized volume",SM_Ni_003,30,FP_025,8,recurring_density_cluster,job_015_Ni_fe_-1.349_n4_generated_crystals_cif__gen_3,0.155780432035,job_136_Cr_fe_-1.181_n4_generated_crystals_cif__gen_0,0.493811432573,no_shared_cluster,D:\User\leoluis0705\Documents\xwechat_files\wxid_bbzc35ridmlc22_e97b\msg\file\2026-04\initial_1000_raw_generations.zip::raw_generations/job_166_Ni_fe_-0.847_n4/generated_crystals_cif.zip::gen_1.cif,raw_generations/job_166_Ni_fe_-0.847_n4/generated_crystals_cif.zip,gen_1.cif,True,False,False,0,0,-1.04044151306,0.979558486938,1.05955848694,False,7.12224054337,F,True,False,484,1,P1,1.868059,9.952686
job_166_Ni_fe_-0.847_n4_generated_crystals_cif__gen_2,D:\CGCNN_Formation_Energy_AL_Archive\experiments\reproducibility\staging\paired_confirmation_server_20260712\EARLY_LiM2O4_ALIGNN_HARD640_m2p18_m2p02_FLAT_20260617\job_166_Ni_fe_-0.847_n4_generated_crystals_cif__gen_2.cif,True,1907077b5732d97f3a8286f525e67fe7016e11051fc4a1b3f28c8ea5b9064d3c,Li1 Ni2 O4,Li(NiO2)2,Ni,Li(NiO2)2,-1.03862762451,,0.48514981766,saved CGCNN MC-dropout sigma; candidate-level ALIGNN uncertainty not available,-1.44505298138,0.48514981766,0.406425356865,0.0530900513235,448,0,7.1335773468,F,True,False,585,37,475,30,74b940998871570107e91c8145d7bef1010a7c2d0ce36615d36ad48d2d6ab4a2,"Li/M/O role-RDF: six unordered pairs, 0-6 A in 0.2-A bins; scale-free sorted lattice lengths, angles, and normalized volume",SM_Ni_001,14,FP_052,7,recurring_density_cluster,job_198_Ni_fe_-1.023_n4_generated_crystals_cif__gen_3,0.291527245665,job_148_Mn_fe_-0.904_n4_generated_crystals_cif__gen_2,0.999689858272,no_shared_cluster,D:\User\leoluis0705\Documents\xwechat_files\wxid_bbzc35ridmlc22_e97b\msg\file\2026-04\initial_1000_raw_generations.zip::raw_generations/job_166_Ni_fe_-0.847_n4/generated_crystals_cif.zip::gen_2.cif,raw_generations/job_166_Ni_fe_-0.847_n4/generated_crystals_cif.zip,gen_2.cif,True,False,False,0,0,-1.03862762451,0.981372375488,1.06137237549,False,7.1335773468,F,True,False,488,12,C2/m,1.87788,10.055895
job_166_Ni_fe_-0.847_n4_generated_crystals_cif__gen_3,D:\CGCNN_Formation_Energy_AL_Archive\experiments\reproducibility\staging\paired_confirmation_server_20260712\EARLY_LiM2O4_ALIGNN_HARD640_m2p18_m2p02_FLAT_20260617\job_166_Ni_fe_-0.847_n4_generated_crystals_cif__gen_3.cif,True,f14e42fe62f15db45487791ae5140cb57783fde0b21464940e6f49d31ff35b42,Li1 Ni2 O4,Li(NiO2)2,Ni,Li(NiO2)2,-1.01185846329,,0.574768920918,saved CGCNN MC-dropout sigma; candidate-level ALIGNN uncertainty not available,-1.43258881569,0.574768920918,0.420730352402,0.0566541279412,420,0,7.30088460445,F,True,False,600,38,532,34,641187c0e61cfc241f09d42c577dfe7867f7fe2305ee5ffe10598519771f06a5,"Li/M/O role-RDF: six unordered pairs, 0-6 A in 0.2-A bins; scale-free sorted lattice lengths, angles, and normalized volume",SM_Ni_006,7,FP_041,12,recurring_density_cluster,job_198_Ni_fe_-1.023_n4_generated_crystals_cif__gen_2,0.433002689482,job_204_Cr_fe_-0.932_n4_generated_crystals_cif__gen_3,0.527974674679,no_shared_cluster,D:\User\leoluis0705\Documents\xwechat_files\wxid_bbzc35ridmlc22_e97b\msg\file\2026-04\initial_1000_raw_generations.zip::raw_generations/job_166_Ni_fe_-0.847_n4/generated_crystals_cif.zip::gen_3.cif,raw_generations/job_166_Ni_fe_-0.847_n4/generated_crystals_cif.zip,gen_3.cif,True,False,False,0,0,-1.01185846329,1.00814153671,1.08814153671,False,7.30088460445,F,True,False,545,8,Cm,1.891304,9.807017
job_167_Mn_fe_-0.885_n4_generated_crystals_cif__gen_1,D:\CGCNN_Formation_Energy_AL_Archive\experiments\reproducibility\staging\paired_confirmation_server_20260712\EARLY_LiM2O4_ALIGNN_HARD640_m2p18_m2p02_FLAT_20260617\job_167_Mn_fe_-0.885_n4_generated_crystals_cif__gen_1.cif,True,427ef8b74c825db835de56a88e6a5141552b6ad183626d445c8f7e76adf860af,Li1 Mn2 O4,LiMn2O4,Mn,LiMn2O4,-2.00943803787,,0.424284347451,saved CGCNN MC-dropout sigma; candidate-level ALIGNN uncertainty not available,-2.18266773224,0.424284347451,0.173229694366,0.146777501687,81,0,1.0660122633,F,True,False,120,8,27,2,f53848bc95c950bb973b8cc1a58a45939919849fcee8cee830cf02a229b6b609,"Li/M/O role-RDF: six unordered pairs, 0-6 A in 0.2-A bins; scale-free sorted lattice lengths, angles, and normalized volume",SM_Mn_004,35,FP_SINGLETON_098,1,hdbscan_noise_singleton,job_057_Mn_fe_-0.971_n4_generated_crystals_cif__gen_1,0.152044966097,job_044_Mn_fe_-0.936_n4_generated_crystals_cif__gen_1,0.370201153917,same_structurematcher_cluster,D:\User\leoluis0705\Documents\xwechat_files\wxid_bbzc35ridmlc22_e97b\msg\file\2026-04\initial_1000_raw_generations.zip::raw_generations/job_167_Mn_fe_-0.885_n4/generated_crystals_cif.zip::gen_1.cif,raw_generations/job_167_Mn_fe_-0.885_n4/generated_crystals_cif.zip,gen_1.cif,True,False,True,3,0.176542943114,-1.83289509476,0.187104905242,0.267104905242,False,2.16940565776,F,True,False,158,6,Pm,1.918326,10.551893
job_167_Mn_fe_-0.885_n4_generated_crystals_cif__gen_2,D:\CGCNN_Formation_Energy_AL_Archive\experiments\reproducibility\staging\paired_confirmation_server_20260712\EARLY_LiM2O4_ALIGNN_HARD640_m2p18_m2p02_FLAT_20260617\job_167_Mn_fe_-0.885_n4_generated_crystals_cif__gen_2.cif,True,980842bb718a2158e7e296150ccc9195d3a6c9add1d661c331c94432142c6b89,Li1 Mn2 O4,LiMn2O4,Mn,LiMn2O4,-1.99575352669,,0.371832538188,saved CGCNN MC-dropout sigma; candidate-level ALIGNN uncertainty not available,-2.15734100342,0.371832538188,0.16158747673,0.168367225967,8,0,1.1515404582,F,True,False,157,10,209,14,e133cefed496c86a921ebb60b7f565f09b9f517f020e91c78b987ccfb36e3f97,"Li/M/O role-RDF: six unordered pairs, 0-6 A in 0.2-A bins; scale-free sorted lattice lengths, angles, and normalized volume",SM_Mn_005,9,FP_064,6,recurring_density_cluster,job_127_Mn_fe_-1.465_n4_generated_crystals_cif__gen_0,0.249510899937,job_249_Cr_fe_-1.500_n4_generated_crystals_cif__gen_1,0.764726395972,no_shared_cluster,D:\User\leoluis0705\Documents\xwechat_files\wxid_bbzc35ridmlc22_e97b\msg\file\2026-04\initial_1000_raw_generations.zip::raw_generations/job_167_Mn_fe_-0.885_n4/generated_crystals_cif.zip::gen_2.cif,raw_generations/job_167_Mn_fe_-0.885_n4/generated_crystals_cif.zip,gen_2.cif,True,False,True,3,0.176542943114,-1.81921058357,0.200789416427,0.280789416427,False,2.25493385267,F,True,False,184,8,Cm,1.944919,10.69914
job_167_Mn_fe_-0.885_n4_generated_crystals_cif__gen_3,D:\CGCNN_Formation_Energy_AL_Archive\experiments\reproducibility\staging\paired_confirmation_server_20260712\EARLY_LiM2O4_ALIGNN_HARD640_m2p18_m2p02_FLAT_20260617\job_167_Mn_fe_-0.885_n4_generated_crystals_cif__gen_3.cif,True,ccc5c33dbe7d1b097d45040acb5314feeaa67a20c7ba3f048e8ea440a4308363,Li1 Mn2 O4,LiMn2O4,Mn,LiMn2O4,-2.02313899994,,0.440171048883,saved CGCNN MC-dropout sigma; candidate-level ALIGNN uncertainty not available,-2.19023275375,0.440171048883,0.167093753815,0.141253028687,117,1,0.980381250381,E,True,False,87,6,42,3,09bbe26f8426a7c092704597a297f2b645d42570d614be2513b7bdd559b953e8,"Li/M/O role-RDF: six unordered pairs, 0-6 A in 0.2-A bins; scale-free sorted lattice lengths, angles, and normalized volume",SM_Mn_004,35,FP_011,18,recurring_density_cluster,job_020_Mn_fe_-0.989_n4_generated_crystals_cif__gen_1,0.19587600734,job_044_Mn_fe_-0.936_n4_generated_crystals_cif__gen_1,0.436930617365,historical_dft_candidate_self,D:\User\leoluis0705\Documents\xwechat_files\wxid_bbzc35ridmlc22_e97b\msg\file\2026-04\initial_1000_raw_generations.zip::raw_generations/job_167_Mn_fe_-0.885_n4/generated_crystals_cif.zip::gen_3.cif,raw_generations/job_167_Mn_fe_-0.885_n4/generated_crystals_cif.zip,gen_3.cif,True,True,True,3,0.176542943114,-1.84659605682,0.173403943175,0.253403943175,False,2.08377464485,F,True,False,130,1,P1,1.924504,10.757083
job_168_Co_fe_-1.301_n4_generated_crystals_cif__gen_0,D:\CGCNN_Formation_Energy_AL_Archive\experiments\reproducibility\staging\paired_confirmation_server_20260712\EARLY_LiM2O4_ALIGNN_HARD640_m2p18_m2p02_FLAT_20260617\job_168_Co_fe_-1.301_n4_generated_crystals_cif__gen_0.cif,True,76bf2f6c450f28e01584b96fba9bd05a775e62cbbfa057780de62f8370cb44dd,Li1 Co2 O4,Li(CoO2)2,Co,Li(CoO2)2,-1.37946844101,,0.507212283255,saved CGCNN MC-dropout sigma; candidate-level ALIGNN uncertainty not available,-1.59233999252,0.507212283255,0.212871551514,0.0762620057903,311,0,5.00332224369,F,True,False,577,37,419,27,84ac9452d130c3ca4a0d15bedf208a054b67198fd81f3937876a0de385bf285d,"Li/M/O role-RDF: six unordered pairs, 0-6 A in 0.2-A bins; scale-free sorted lattice lengths, angles, and normalized volume",SM_Co_016,1,FP_SINGLETON_099,1,hdbscan_noise_singleton,job_054_Al_fe_-0.872_n4_generated_crystals_cif__gen_2,0.844737156689,job_120_Cr_fe_-1.424_n4_generated_crystals_cif__gen_1,1.19773347277,no_shared_cluster,D:\User\leoluis0705\Documents\xwechat_files\wxid_bbzc35ridmlc22_e97b\msg\file\2026-04\initial_1000_raw_generations.zip::raw_generations/job_168_Co_fe_-1.301_n4/generated_crystals_cif.zip::gen_0.cif,raw_generations/job_168_Co_fe_-1.301_n4/generated_crystals_cif.zip,gen_0.cif,True,False,False,0,0,-1.37946844101,0.64053155899,0.72053155899,False,5.00332224369,F,True,False,355,25,Pmm2,1.863541,9.965373
job_168_Co_fe_-1.301_n4_generated_crystals_cif__gen_2,D:\CGCNN_Formation_Energy_AL_Archive\experiments\reproducibility\staging\paired_confirmation_server_20260712\EARLY_LiM2O4_ALIGNN_HARD640_m2p18_m2p02_FLAT_20260617\job_168_Co_fe_-1.301_n4_generated_crystals_cif__gen_2.cif,True,56dd424d03095775ad2e1e4b3cc8a5b9c0758ddd84b4165f6c601bc4a6c1194b,Li1 Co2 O4,Li(CoO2)2,Co,Li(CoO2)2,-1.40752470493,,0.501867951951,saved CGCNN MC-dropout sigma; candidate-level ALIGNN uncertainty not available,-1.66941356659,0.501867951951,0.261888861656,0.0879243212449,264,0,4.82797059417,F,True,False,370,24,342,22,a272cf516712ab0630848a3e451316b5528c4d8dcc5c6eb77b8fdddee956b17b,"Li/M/O role-RDF: six unordered pairs, 0-6 A in 0.2-A bins; scale-free sorted lattice lengths, angles, and normalized volume",SM_Co_006,12,FP_026,15,recurring_density_cluster,job_168_Co_fe_-1.301_n4_generated_crystals_cif__gen_3,0.300694612142,job_204_Cr_fe_-0.932_n4_generated_crystals_cif__gen_3,0.918101766569,no_shared_cluster,D:\User\leoluis0705\Documents\xwechat_files\wxid_bbzc35ridmlc22_e97b\msg\file\2026-04\initial_1000_raw_generations.zip::raw_generations/job_168_Co_fe_-1.301_n4/generated_crystals_cif.zip::gen_2.cif,raw_generations/job_168_Co_fe_-1.301_n4/generated_crystals_cif.zip,gen_2.cif,True,False,False,0,0,-1.40752470493,0.612475295067,0.692475295067,False,4.82797059417,F,True,False,349,8,Cm,1.883015,9.583602
job_168_Co_fe_-1.301_n4_generated_crystals_cif__gen_3,D:\CGCNN_Formation_Energy_AL_Archive\experiments\reproducibility\staging\paired_confirmation_server_20260712\EARLY_LiM2O4_ALIGNN_HARD640_m2p18_m2p02_FLAT_20260617\job_168_Co_fe_-1.301_n4_generated_crystals_cif__gen_3.cif,True,a5713093dc876dbc064df66b7be61698af181120fc37b7708289e96e3e670ff5,Li1 Co2 O4,Li(CoO2)2,Co,Li(CoO2)2,-1.41676270962,,0.495209588045,saved CGCNN MC-dropout sigma; candidate-level ALIGNN uncertainty not available,-1.69297933578,0.495209588045,0.276216626167,0.0918191559599,254,0,4.77023306489,F,True,False,514,33,347,22,17fd0bcc596b135ecd8328d708a835758ff1b8218238bf85b1c5b3348e611716,"Li/M/O role-RDF: six unordered pairs, 0-6 A in 0.2-A bins; scale-free sorted lattice lengths, angles, and normalized volume",SM_Co_006,12,FP_026,15,recurring_density_cluster,job_216_Cr_fe_-0.890_n4_generated_crystals_cif__gen_0,0.272960391799,job_204_Cr_fe_-0.932_n4_generated_crystals_cif__gen_3,0.902180486461,no_shared_cluster,D:\User\leoluis0705\Documents\xwechat_files\wxid_bbzc35ridmlc22_e97b\msg\file\2026-04\initial_1000_raw_generations.zip::raw_generations/job_168_Co_fe_-1.301_n4/generated_crystals_cif.zip::gen_3.cif,raw_generations/job_168_Co_fe_-1.301_n4/generated_crystals_cif.zip,gen_3.cif,True,False,False,0,0,-1.41676270962,0.603237290382,0.683237290382,False,4.77023306489,F,True,False,342,44,Imm2,1.912467,9.80386
job_169_Al_fe_-0.916_n4_generated_crystals_cif__gen_1,D:\CGCNN_Formation_Energy_AL_Archive\experiments\reproducibility\staging\paired_confirmation_server_20260712\EARLY_LiM2O4_ALIGNN_HARD640_m2p18_m2p02_FLAT_20260617\job_169_Al_fe_-0.916_n4_generated_crystals_cif__gen_1.cif,True,adc4f31432949f5ed9f01f6cf3bca7bee268e75e73e44df7cff584cf32c3c1a3,Li1 Al2 O4,LiAl2O4,Al,LiAl2O4,-2.89760541916,,0.383532296889,saved CGCNN MC-dropout sigma; candidate-level ALIGNN uncertainty not available,-2.62514090538,0.383532296889,0.272464513779,0.0655905477218,378,0,-4.48503386974,A,True,False,511,32,267,17,6303ed3847125ad4cf2ea6f435b3b589784f7b157aa8962d9394ce33849c189c,"Li/M/O role-RDF: six unordered pairs, 0-6 A in 0.2-A bins; scale-free sorted lattice lengths, angles, and normalized volume",SM_Al_019,1,FP_SINGLETON_100,1,hdbscan_noise_singleton,job_194_Ni_fe_-1.199_n4_generated_crystals_cif__gen_1,0.966899754195,job_086_Mn_fe_-0.988_n4_generated_crystals_cif__gen_2,1.51773698092,no_shared_cluster,D:\User\leoluis0705\Documents\xwechat_files\wxid_bbzc35ridmlc22_e97b\msg\file\2026-04\initial_1000_raw_generations.zip::raw_generations/job_169_Al_fe_-0.916_n4/generated_crystals_cif.zip::gen_1.cif,raw_generations/job_169_Al_fe_-0.916_n4/generated_crystals_cif.zip,gen_1.cif,True,False,False,0,0,-2.89760541916,0.717605419159,0.797605419159,False,-4.48503386974,A,True,False,375,160,R3m,1.765522,9.913298
job_169_Al_fe_-0.916_n4_generated_crystals_cif__gen_2,D:\CGCNN_Formation_Energy_AL_Archive\experiments\reproducibility\staging\paired_confirmation_server_20260712\EARLY_LiM2O4_ALIGNN_HARD640_m2p18_m2p02_FLAT_20260617\job_169_Al_fe_-0.916_n4_generated_crystals_cif__gen_2.cif,True,8d74e1a608f44d9b6118d5454bc860a19a4940fec88095840baf271e192df87c,Li1 Al2 O4,LiAl2O4,Al,LiAl2O4,-3.17152380943,,0.382470553819,saved CGCNN MC-dropout sigma; candidate-level ALIGNN uncertainty not available,-2.62497234344,0.382470553819,0.546551465988,0.06547692768,379,0,-6.19702380896,A,True,False,638,40,33,3,ff23fe13e56954a37a5406ea473e66d85cfa86d75b2265102d5934080345afe7,"Li/M/O role-RDF: six unordered pairs, 0-6 A in 0.2-A bins; scale-free sorted lattice lengths, angles, and normalized volume",SM_Al_003,9,FP_021,6,recurring_density_cluster,job_114_Al_fe_-1.252_n4_generated_crystals_cif__gen_2,0.302798514627,job_204_Cr_fe_-0.932_n4_generated_crystals_cif__gen_3,0.937646665694,no_shared_cluster,D:\User\leoluis0705\Documents\xwechat_files\wxid_bbzc35ridmlc22_e97b\msg\file\2026-04\initial_1000_raw_generations.zip::raw_generations/job_169_Al_fe_-0.916_n4/generated_crystals_cif.zip::gen_2.cif,raw_generations/job_169_Al_fe_-0.916_n4/generated_crystals_cif.zip,gen_2.cif,True,False,False,0,0,-3.17152380943,0.991523809433,1.07152380943,False,-6.19702380896,A,True,False,518,1,P1,1.907246,9.142622
job_169_Al_fe_-0.916_n4_generated_crystals_cif__gen_3,D:\CGCNN_Formation_Energy_AL_Archive\experiments\reproducibility\staging\paired_confirmation_server_20260712\EARLY_LiM2O4_ALIGNN_HARD640_m2p18_m2p02_FLAT_20260617\job_169_Al_fe_-0.916_n4_generated_crystals_cif__gen_3.cif,True,60de171fff1cc41d47f9babf6303aea4b09122a917f0cd747991e8456cea0245,Li1 Al2 O4,LiAl2O4,Al,LiAl2O4,-2.8812251091,,0.403236806606,saved CGCNN MC-dropout sigma; candidate-level ALIGNN uncertainty not available,-2.5944890976,0.403236806606,0.286736011505,0.0748744541281,313,0,-4.38265693188,A,True,False,327,21,263,17,f958ed6fa4423906e0b13562e4b9a017c3fc775130ad3b33067a5644593efdae,"Li/M/O role-RDF: six unordered pairs, 0-6 A in 0.2-A bins; scale-free sorted lattice lengths, angles, and normalized volume",SM_Al_020,1,FP_049,5,recurring_density_cluster,job_071_Ti_fe_-0.887_n4_generated_crystals_cif__gen_2,0.908229820497,job_148_Mn_fe_-0.904_n4_generated_crystals_cif__gen_2,1.42876967752,no_shared_cluster,D:\User\leoluis0705\Documents\xwechat_files\wxid_bbzc35ridmlc22_e97b\msg\file\2026-04\initial_1000_raw_generations.zip::raw_generations/job_169_Al_fe_-0.916_n4/generated_crystals_cif.zip::gen_3.cif,raw_generations/job_169_Al_fe_-0.916_n4/generated_crystals_cif.zip,gen_3.cif,True,False,False,0,0,-2.8812251091,0.7012251091,0.7812251091,False,-4.38265693188,A,True,False,371,160,R3m,1.738518,9.522666
job_170_Ti_fe_-1.288_n4_generated_crystals_cif__gen_3,D:\CGCNN_Formation_Energy_AL_Archive\experiments\reproducibility\staging\paired_confirmation_server_20260712\EARLY_LiM2O4_ALIGNN_HARD640_m2p18_m2p02_FLAT_20260617\job_170_Ti_fe_-1.288_n4_generated_crystals_cif__gen_3.cif,True,5c8822cee07312240af4fb39005e7d113921ab47e1f713565b40219e59576780,Li1 Ti2 O4,LiTi2O4,Ti,LiTi2O4,-3.18365502357,,0.415516488544,saved CGCNN MC-dropout sigma; candidate-level ALIGNN uncertainty not available,-3.25099945068,0.415516488544,0.0673444271088,0.00345031736491,614,0,-6.27284389734,A,True,False,371,24,634,40,72eeb9b3b5913231ff35bd2a6a854df2165e95f3b50c8f750aebcfb2fc6583c9,"Li/M/O role-RDF: six unordered pairs, 0-6 A in 0.2-A bins; scale-free sorted lattice lengths, angles, and normalized volume",SM_Ti_003,9,FP_SINGLETON_101,1,hdbscan_noise_singleton,job_001_Ti_fe_-1.307_n4_generated_crystals_cif__gen_1,0.389127918245,job_120_Cr_fe_-1.424_n4_generated_crystals_cif__gen_1,0.568616704749,no_shared_cluster,D:\User\leoluis0705\Documents\xwechat_files\wxid_bbzc35ridmlc22_e97b\msg\file\2026-04\initial_1000_raw_generations.zip::raw_generations/job_170_Ti_fe_-1.288_n4/generated_crystals_cif.zip::gen_3.cif,raw_generations/job_170_Ti_fe_-1.288_n4/generated_crystals_cif.zip,gen_3.cif,True,False,False,0,0,-3.18365502357,1.00365502357,1.08365502357,False,-6.27284389734,A,True,False,540,12,C2/m,1.950359,10.65186
job_171_Cr_fe_-1.042_n4_generated_crystals_cif__gen_0,D:\CGCNN_Formation_Energy_AL_Archive\experiments\reproducibility\staging\paired_confirmation_server_20260712\EARLY_LiM2O4_ALIGNN_HARD640_m2p18_m2p02_FLAT_20260617\job_171_Cr_fe_-1.042_n4_generated_crystals_cif__gen_0.cif,True,9eeeb2cf56f8186440d6ee21f53c010f219fd955f697fa42965372026f695286,Li1 Cr2 O4,LiCr2O4,Cr,LiCr2O4,-2.19368433952,,0.505537033489,saved CGCNN MC-dropout sigma; candidate-level ALIGNN uncertainty not available,-2.15792798996,0.505537033489,0.0357563495636,0.124922311449,206,0,-0.0855271220207,A,True,False,211,14,233,15,f1773701ce68bd8370afa5ee6850bee98c3413765e0dff43b1bf099199bded1f,"Li/M/O role-RDF: six unordered pairs, 0-6 A in 0.2-A bins; scale-free sorted lattice lengths, angles, and normalized volume",SM_Cr_005,12,FP_019,19,recurring_density_cluster,job_094_Cr_fe_-0.989_n4_generated_crystals_cif__gen_1,0.195098601491,job_120_Cr_fe_-1.424_n4_generated_crystals_cif__gen_1,0.381078701939,same_structurematcher_cluster,D:\User\leoluis0705\Documents\xwechat_files\wxid_bbzc35ridmlc22_e97b\msg\file\2026-04\initial_1000_raw_generations.zip::raw_generations/job_171_Cr_fe_-1.042_n4/generated_crystals_cif.zip::gen_0.cif,raw_generations/job_171_Cr_fe_-1.042_n4/generated_crystals_cif.zip,gen_0.cif,True,False,True,5,-0.102418564162,-2.29610290369,0.116102903685,0.196102903685,False,-0.725643148034,A,True,False,66,8,Cm,1.788064,10.170886
job_171_Cr_fe_-1.042_n4_generated_crystals_cif__gen_1,D:\CGCNN_Formation_Energy_AL_Archive\experiments\reproducibility\staging\paired_confirmation_server_20260712\EARLY_LiM2O4_ALIGNN_HARD640_m2p18_m2p02_FLAT_20260617\job_171_Cr_fe_-1.042_n4_generated_crystals_cif__gen_1.cif,True,55fb01001edccdb4cdd0f98f3c0c6c0f1a32e114b16b8ffabeb68fea6fcae635,Li1 Cr2 O4,LiCr2O4,Cr,LiCr2O4,-2.20100951195,,0.383427197914,saved CGCNN MC-dropout sigma; candidate-level ALIGNN uncertainty not available,-2.15693616867,0.383427197914,0.044073343277,0.163488131088,26,0,-0.131309449673,A,True,False,64,4,188,12,2b82cd2304dc08c6906a7f05ae6402a75c37804a4b947fd557f97dd044096364,"Li/M/O role-RDF: six unordered pairs, 0-6 A in 0.2-A bins; scale-free sorted lattice lengths, angles, and normalized volume",SM_Cr_005,12,FP_019,19,recurring_density_cluster,job_087_Cr_fe_-1.452_n4_generated_crystals_cif__gen_3,0.213680232154,job_120_Cr_fe_-1.424_n4_generated_crystals_cif__gen_1,0.243165138132,same_structurematcher_cluster,D:\User\leoluis0705\Documents\xwechat_files\wxid_bbzc35ridmlc22_e97b\msg\file\2026-04\initial_1000_raw_generations.zip::raw_generations/job_171_Cr_fe_-1.042_n4/generated_crystals_cif.zip::gen_1.cif,raw_generations/job_171_Cr_fe_-1.042_n4/generated_crystals_cif.zip,gen_1.cif,True,False,True,5,-0.102418564162,-2.30342807611,0.12342807611,0.20342807611,False,-0.771425475686,A,True,False,76,8,Cm,1.817843,10.112432
job_171_Cr_fe_-1.042_n4_generated_crystals_cif__gen_2,D:\CGCNN_Formation_Energy_AL_Archive\experiments\reproducibility\staging\paired_confirmation_server_20260712\EARLY_LiM2O4_ALIGNN_HARD640_m2p18_m2p02_FLAT_20260617\job_171_Cr_fe_-1.042_n4_generated_crystals_cif__gen_2.cif,True,5d271662cff7d66525547a8e93bfe5d3918aa1ab87fde55bfa548c5d441f5eda,Li1 Cr2 O4,LiCr2O4,Cr,LiCr2O4,-2.17528557777,,0.403333137485,saved CGCNN MC-dropout sigma; candidate-level ALIGNN uncertainty not available,-2.14952778816,0.403333137485,0.0257577896118,0.156060980571,49,1,0.0294651389122,B,True,False,92,6,194,13,ca842afba1e245d537e3f8eadf42e04fd247a8824c021d6723d9447e99fe1dab,"Li/M/O role-RDF: six unordered pairs, 0-6 A in 0.2-A bins; scale-free sorted lattice lengths, angles, and normalized volume",SM_Cr_002,15,FP_026,15,recurring_density_cluster,job_136_Cr_fe_-1.181_n4_generated_crystals_cif__gen_2,0.192160235666,job_204_Cr_fe_-0.932_n4_generated_crystals_cif__gen_3,0.923826546504,same_structurematcher_cluster,D:\User\leoluis0705\Documents\xwechat_files\wxid_bbzc35ridmlc22_e97b\msg\file\2026-04\initial_1000_raw_generations.zip::raw_generations/job_171_Cr_fe_-1.042_n4/generated_crystals_cif.zip::gen_2.cif,raw_generations/job_171_Cr_fe_-1.042_n4/generated_crystals_cif.zip,gen_2.cif,True,False,True,5,-0.102418564162,-2.27770414194,0.097704141936,0.177704141936,False,-0.610650887101,A,True,False,42,8,Cm,1.945875,9.961847
job_171_Cr_fe_-1.042_n4_generated_crystals_cif__gen_3,D:\CGCNN_Formation_Energy_AL_Archive\experiments\reproducibility\staging\paired_confirmation_server_20260712\EARLY_LiM2O4_ALIGNN_HARD640_m2p18_m2p02_FLAT_20260617\job_171_Cr_fe_-1.042_n4_generated_crystals_cif__gen_3.cif,True,dfc34fd59b070dffc531a6f3af490fefcd43977f7011547fe7a3877141f15d06,Li1 Cr2 O4,LiCr2O4,Cr,LiCr2O4,-2.13513875008,,0.440717128691,saved CGCNN MC-dropout sigma; candidate-level ALIGNN uncertainty not available,-2.11906504631,0.440717128691,0.0160737037659,0.143909150747,101,1,0.280382812023,C,False,False,45,3,53,4,9cc1339560ea6f4218ef2017511a7b583eeb03c5aacf20f031cb0335a110870b,"Li/M/O role-RDF: six unordered pairs, 0-6 A in 0.2-A bins; scale-free sorted lattice lengths, angles, and normalized volume",SM_Cr_010,6,FP_036,16,recurring_density_cluster,job_120_Cr_fe_-1.424_n4_generated_crystals_cif__gen_3,0.25881266991,job_120_Cr_fe_-1.424_n4_generated_crystals_cif__gen_1,0.81410652558,no_shared_cluster,D:\User\leoluis0705\Documents\xwechat_files\wxid_bbzc35ridmlc22_e97b\msg\file\2026-04\initial_1000_raw_generations.zip::raw_generations/job_171_Cr_fe_-1.042_n4/generated_crystals_cif.zip::gen_3.cif,raw_generations/job_171_Cr_fe_-1.042_n4/generated_crystals_cif.zip,gen_3.cif,True,False,True,5,-0.102418564162,-2.23755731424,0.057557314238,0.137557314238,False,-0.35973321399,A,True,False,9,8,Cm,1.808686,11.164363
job_172_Mn_fe_-1.032_n4_generated_crystals_cif__gen_1,D:\CGCNN_Formation_Energy_AL_Archive\experiments\reproducibility\staging\paired_confirmation_server_20260712\EARLY_LiM2O4_ALIGNN_HARD640_m2p18_m2p02_FLAT_20260617\job_172_Mn_fe_-1.032_n4_generated_crystals_cif__gen_1.cif,True,d7bfbe28e31f4b75ba7534db10873330d9aae26102c3f8f3b58dc5bae68acc20,Li1 Mn2 O4,LiMn2O4,Mn,LiMn2O4,-2.02923154831,,0.468483535663,saved CGCNN MC-dropout sigma; candidate-level ALIGNN uncertainty not available,-2.21391439438,0.468483535663,0.184682846069,0.131678440436,177,1,0.942302823067,E,True,False,254,16,18,2,89f27302ac5da57cf9f74085dc9b2e907e3e091033036e692cb61f45b6e0dbeb,"Li/M/O role-RDF: six unordered pairs, 0-6 A in 0.2-A bins; scale-free sorted lattice lengths, angles, and normalized volume",SM_Mn_003,16,FP_SINGLETON_102,1,hdbscan_noise_singleton,job_197_Mn_fe_-0.871_n4_generated_crystals_cif__gen_2,0.397824165782,job_148_Mn_fe_-0.904_n4_generated_crystals_cif__gen_1,0.550244976342,same_structurematcher_cluster,D:\User\leoluis0705\Documents\xwechat_files\wxid_bbzc35ridmlc22_e97b\msg\file\2026-04\initial_1000_raw_generations.zip::raw_generations/job_172_Mn_fe_-1.032_n4/generated_crystals_cif.zip::gen_1.cif,raw_generations/job_172_Mn_fe_-1.032_n4/generated_crystals_cif.zip,gen_1.cif,True,False,True,3,0.176542943114,-1.8526886052,0.167311394805,0.247311394805,False,2.04569621753,F,True,False,121,8,Cm,1.928163,10.802583
job_172_Mn_fe_-1.032_n4_generated_crystals_cif__gen_3,D:\CGCNN_Formation_Energy_AL_Archive\experiments\reproducibility\staging\paired_confirmation_server_20260712\EARLY_LiM2O4_ALIGNN_HARD640_m2p18_m2p02_FLAT_20260617\job_172_Mn_fe_-1.032_n4_generated_crystals_cif__gen_3.cif,True,d8b8363212402d87b255073c108b9605508b3b889f66ee2d96467c94c9c4c6b7,Li1 Mn2 O4,LiMn2O4,Mn,LiMn2O4,-1.9033356905,,0.400239252449,saved CGCNN MC-dropout sigma; candidate-level ALIGNN uncertainty not available,-2.1716902256,0.400239252449,0.268354535103,0.155937901234,51,0,1.72915193439,F,True,False,258,17,237,15,22d1f4e597dd72799c08efe439d316a3c4f6989316acc5a532e440eef378167b,"Li/M/O role-RDF: six unordered pairs, 0-6 A in 0.2-A bins; scale-free sorted lattice lengths, angles, and normalized volume",SM_Mn_025,1,FP_SINGLETON_103,1,hdbscan_noise_singleton,job_232_Mn_fe_-1.004_n4_generated_crystals_cif__gen_2,0.346440988944,job_148_Mn_fe_-0.904_n4_generated_crystals_cif__gen_2,1.0449177141,no_shared_cluster,D:\User\leoluis0705\Documents\xwechat_files\wxid_bbzc35ridmlc22_e97b\msg\file\2026-04\initial_1000_raw_generations.zip::raw_generations/job_172_Mn_fe_-1.032_n4/generated_crystals_cif.zip::gen_3.cif,raw_generations/job_172_Mn_fe_-1.032_n4/generated_crystals_cif.zip,gen_3.cif,True,False,True,3,0.176542943114,-1.72679274738,0.293207252616,0.373207252616,False,2.83254532885,F,True,False,232,1,P1,1.795559,11.739876
job_173_Mg_fe_-1.290_n4_generated_crystals_cif__gen_2,D:\CGCNN_Formation_Energy_AL_Archive\experiments\reproducibility\staging\paired_confirmation_server_20260712\EARLY_LiM2O4_ALIGNN_HARD640_m2p18_m2p02_FLAT_20260617\job_173_Mg_fe_-1.290_n4_generated_crystals_cif__gen_2.cif,True,f43e3f39b03b56187cb6f4ab4fb4c97667ab118fc8a3ace2373cf57c5348d969,Li1 Mg2 O4,LiMg2O4,Mg,LiMg2O4,-2.20782136917,,0.530738288111,saved CGCNN MC-dropout sigma; candidate-level ALIGNN uncertainty not available,-3.09278726578,0.530738288111,0.884965896606,0.0211065875601,511,0,-0.17388355732,A,True,False,277,18,296,19,abc702a4a921a2fa32f3f069d8324ac399ce934238ad114a20dafde545b0cbfd,"Li/M/O role-RDF: six unordered pairs, 0-6 A in 0.2-A bins; scale-free sorted lattice lengths, angles, and normalized volume",SM_Mg_003,8,FP_032,5,recurring_density_cluster,job_189_Mg_fe_-1.493_n4_generated_crystals_cif__gen_1,0.125888223079,job_101_Mg_fe_-1.339_n4_generated_crystals_cif__gen_1,0.213297642342,same_structurematcher_cluster,D:\User\leoluis0705\Documents\xwechat_files\wxid_bbzc35ridmlc22_e97b\msg\file\2026-04\initial_1000_raw_generations.zip::raw_generations/job_173_Mg_fe_-1.290_n4/generated_crystals_cif.zip::gen_2.cif,raw_generations/job_173_Mg_fe_-1.290_n4/generated_crystals_cif.zip,gen_2.cif,True,False,True,2,0.651052398728,-1.55676897044,0.463231029557,0.543231029557,False,3.89519393473,F,True,False,250,8,Cm,1.958564,10.456484
job_174_Ti_fe_-1.427_n4_generated_crystals_cif__gen_0,D:\CGCNN_Formation_Energy_AL_Archive\experiments\reproducibility\staging\paired_confirmation_server_20260712\EARLY_LiM2O4_ALIGNN_HARD640_m2p18_m2p02_FLAT_20260617\job_174_Ti_fe_-1.427_n4_generated_crystals_cif__gen_0.cif,True,2263bcb1afd595b8ad34582cdfb72c4e92b52b9235f38f2947c983d3e0739d3a,Li1 Ti2 O4,LiTi2O4,Ti,LiTi2O4,-3.21860814095,,0.411673746727,saved CGCNN MC-dropout sigma; candidate-level ALIGNN uncertainty not available,-3.33906769753,0.411673746727,0.12045955658,0.00175777422931,626,0,-6.49130088091,A,True,False,330,21,590,37,40d0b72412538b1fb65bfed833bd8993d8ae6caeaa0ee61f4876d50f1968ad0a,"Li/M/O role-RDF: six unordered pairs, 0-6 A in 0.2-A bins; scale-free sorted lattice lengths, angles, and normalized volume",SM_Ti_002,41,FP_038,19,recurring_density_cluster,job_160_Ti_fe_-1.290_n4_generated_crystals_cif__gen_0,0.146796717146,job_011_Mg_fe_-1.305_n4_generated_crystals_cif__gen_0,0.797810338879,no_shared_cluster,D:\User\leoluis0705\Documents\xwechat_files\wxid_bbzc35ridmlc22_e97b\msg\file\2026-04\initial_1000_raw_generations.zip::raw_generations/job_174_Ti_fe_-1.427_n4/generated_crystals_cif.zip::gen_0.cif,raw_generations/job_174_Ti_fe_-1.427_n4/generated_crystals_cif.zip,gen_0.cif,True,False,False,0,0,-3.21860814095,1.03860814095,1.11860814095,False,-6.49130088091,A,True,False,592,8,Cm,1.947775,10.054521
job_174_Ti_fe_-1.427_n4_generated_crystals_cif__gen_1,D:\CGCNN_Formation_Energy_AL_Archive\experiments\reproducibility\staging\paired_confirmation_server_20260712\EARLY_LiM2O4_ALIGNN_HARD640_m2p18_m2p02_FLAT_20260617\job_174_Ti_fe_-1.427_n4_generated_crystals_cif__gen_1.cif,True,c7959b392561c605163aaa164fd48ba69be7c2f3c7ff91bb633bcaf44884afd4,Li1 Ti2 O4,LiTi2O4,Ti,LiTi2O4,-3.218780756,,0.546797420872,saved CGCNN MC-dropout sigma; candidate-level ALIGNN uncertainty not available,-3.30295562744,0.546797420872,0.0841748714447,0.0105223718241,544,0,-6.49237972498,A,True,False,299,19,585,37,2fe63a4aeeabea0428878139b169a09a8136f16823d32d5fa420e3fdff0030b7,"Li/M/O role-RDF: six unordered pairs, 0-6 A in 0.2-A bins; scale-free sorted lattice lengths, angles, and normalized volume",SM_Ti_009,5,FP_019,19,recurring_density_cluster,job_035_Ti_fe_-1.046_n4_generated_crystals_cif__gen_2,0.091664981296,job_120_Cr_fe_-1.424_n4_generated_crystals_cif__gen_1,0.247451182478,same_fingerprint_cluster,D:\User\leoluis0705\Documents\xwechat_files\wxid_bbzc35ridmlc22_e97b\msg\file\2026-04\initial_1000_raw_generations.zip::raw_generations/job_174_Ti_fe_-1.427_n4/generated_crystals_cif.zip::gen_1.cif,raw_generations/job_174_Ti_fe_-1.427_n4/generated_crystals_cif.zip,gen_1.cif,True,False,False,0,0,-3.218780756,1.038780756,1.118780756,False,-6.49237972498,A,True,False,594,8,Cm,1.864946,10.159388
job_174_Ti_fe_-1.427_n4_generated_crystals_cif__gen_2,D:\CGCNN_Formation_Energy_AL_Archive\experiments\reproducibility\staging\paired_confirmation_server_20260712\EARLY_LiM2O4_ALIGNN_HARD640_m2p18_m2p02_FLAT_20260617\job_174_Ti_fe_-1.427_n4_generated_crystals_cif__gen_2.cif,True,b67f28efa8f149ad08032bc760877e02c4f67c6e567eac891cc19d96521aeb37,Li1 Ti2 O4,LiTi2O4,Ti,LiTi2O4,-3.17169833183,,0.440619710662,saved CGCNN MC-dropout sigma; candidate-level ALIGNN uncertainty not available,-3.24825382233,0.440619710662,0.0765554904938,0.00501078308566,597,0,-6.19811457396,A,True,False,234,15,622,39,4101bb60c4d91308ce954ff84293dfc9802f18f5c914e4b4577ad4e2e0bc0c29,"Li/M/O role-RDF: six unordered pairs, 0-6 A in 0.2-A bins; scale-free sorted lattice lengths, angles, and normalized volume",SM_Ti_005,11,FP_013,10,recurring_density_cluster,job_222_Ti_fe_-0.813_n4_generated_crystals_cif__gen_1,0.149519014277,job_167_Mn_fe_-0.885_n4_generated_crystals_cif__gen_3,0.574655769841,no_shared_cluster,D:\User\leoluis0705\Documents\xwechat_files\wxid_bbzc35ridmlc22_e97b\msg\file\2026-04\initial_1000_raw_generations.zip::raw_generations/job_174_Ti_fe_-1.427_n4/generated_crystals_cif.zip::gen_2.cif,raw_generations/job_174_Ti_fe_-1.427_n4/generated_crystals_cif.zip,gen_2.cif,True,False,False,0,0,-3.17169833183,0.991698331833,1.07169833183,False,-6.19811457396,A,True,False,521,6,Pm,1.982813,10.824232
job_174_Ti_fe_-1.427_n4_generated_crystals_cif__gen_3,D:\CGCNN_Formation_Energy_AL_Archive\experiments\reproducibility\staging\paired_confirmation_server_20260712\EARLY_LiM2O4_ALIGNN_HARD640_m2p18_m2p02_FLAT_20260617\job_174_Ti_fe_-1.427_n4_generated_crystals_cif__gen_3.cif,True,ac209d57bb9f4b2eaa918d71fc091e584845be0861354651c4869371be6adede,Li1 Ti2 O4,LiTi2O4,Ti,LiTi2O4,-3.18826651573,,0.462888640085,saved CGCNN MC-dropout sigma; candidate-level ALIGNN uncertainty not available,-3.22691965103,0.462888640085,0.0386531352997,0.00729557587523,572,0,-6.30166572332,A,True,False,326,21,547,35,9f6b19c2b046a00137c6ab9f33dd316cd69b3d1122412cf8312867f67b906226,"Li/M/O role-RDF: six unordered pairs, 0-6 A in 0.2-A bins; scale-free sorted lattice lengths, angles, and normalized volume",SM_Ti_018,1,FP_079,5,recurring_density_cluster,job_249_Cr_fe_-1.500_n4_generated_crystals_cif__gen_1,0.328326653777,job_249_Cr_fe_-1.500_n4_generated_crystals_cif__gen_1,0.328326653777,same_fingerprint_cluster,D:\User\leoluis0705\Documents\xwechat_files\wxid_bbzc35ridmlc22_e97b\msg\file\2026-04\initial_1000_raw_generations.zip::raw_generations/job_174_Ti_fe_-1.427_n4/generated_crystals_cif.zip::gen_3.cif,raw_generations/job_174_Ti_fe_-1.427_n4/generated_crystals_cif.zip,gen_3.cif,True,False,False,0,0,-3.18826651573,1.00826651573,1.08826651573,False,-6.30166572332,A,True,False,546,8,Cm,1.947585,10.710348
job_175_Ni_fe_-1.315_n4_generated_crystals_cif__gen_1,D:\CGCNN_Formation_Energy_AL_Archive\experiments\reproducibility\staging\paired_confirmation_server_20260712\EARLY_LiM2O4_ALIGNN_HARD640_m2p18_m2p02_FLAT_20260617\job_175_Ni_fe_-1.315_n4_generated_crystals_cif__gen_1.cif,True,a8701528c4cbf279f0be17a5ed796c31c0945c62d54b27a826af8e10bc95f56b,Li1 Ni2 O4,Li(NiO2)2,Ni,Li(NiO2)2,-1.05119884014,,0.560500653885,saved CGCNN MC-dropout sigma; candidate-level ALIGNN uncertainty not available,-1.44981133938,0.560500653885,0.398612499237,0.05817789054,407,0,7.05500724912,F,True,False,461,29,480,30,d9a83f887bdb5ac19b1d810a0339e837df2c8925ca34876d26f2710047de312a,"Li/M/O role-RDF: six unordered pairs, 0-6 A in 0.2-A bins; scale-free sorted lattice lengths, angles, and normalized volume",SM_Ni_001,14,FP_SINGLETON_104,1,hdbscan_noise_singleton,job_107_Co_fe_-1.032_n4_generated_crystals_cif__gen_1,0.393967713059,job_167_Mn_fe_-0.885_n4_generated_crystals_cif__gen_3,0.944426619552,no_shared_cluster,D:\User\leoluis0705\Documents\xwechat_files\wxid_bbzc35ridmlc22_e97b\msg\file\2026-04\initial_1000_raw_generations.zip::raw_generations/job_175_Ni_fe_-1.315_n4/generated_crystals_cif.zip::gen_1.cif,raw_generations/job_175_Ni_fe_-1.315_n4/generated_crystals_cif.zip,gen_1.cif,True,False,False,0,0,-1.05119884014,0.968801159859,1.04880115986,False,7.05500724912,F,True,False,461,2,P-1,1.89255,10.102962
job_175_Ni_fe_-1.315_n4_generated_crystals_cif__gen_2,D:\CGCNN_Formation_Energy_AL_Archive\experiments\reproducibility\staging\paired_confirmation_server_20260712\EARLY_LiM2O4_ALIGNN_HARD640_m2p18_m2p02_FLAT_20260617\job_175_Ni_fe_-1.315_n4_generated_crystals_cif__gen_2.cif,True,ab2c6b70ea88b86c8057bef2047ab68f41ecfbb8ce8fffb5da7b17d2274457ee,Li1 Ni2 O4,Li(NiO2)2,Ni,Li(NiO2)2,-0.978203654289,,0.475749757816,saved CGCNN MC-dropout sigma; candidate-level ALIGNN uncertainty not available,-1.46287035942,0.475749757816,0.484666705132,0.0549298561206,433,0,7.51122716069,F,True,False,351,22,521,33,b7a08b4703218021268653de2d2b0ca405482e71764d1767b5654118e2ca4a5d,"Li/M/O role-RDF: six unordered pairs, 0-6 A in 0.2-A bins; scale-free sorted lattice lengths, angles, and normalized volume",SM_Ni_008,10,FP_053,8,recurring_density_cluster,job_218_Ni_fe_-1.221_n4_generated_crystals_cif__gen_2,0.514924317015,job_214_Cr_fe_-0.857_n4_generated_crystals_cif__gen_0,0.997789528287,no_shared_cluster,D:\User\leoluis0705\Documents\xwechat_files\wxid_bbzc35ridmlc22_e97b\msg\file\2026-04\initial_1000_raw_generations.zip::raw_generations/job_175_Ni_fe_-1.315_n4/generated_crystals_cif.zip::gen_2.cif,raw_generations/job_175_Ni_fe_-1.315_n4/generated_crystals_cif.zip,gen_2.cif,True,False,False,0,0,-0.978203654289,1.04179634571,1.12179634571,False,7.51122716069,F,True,False,604,1,P1,1.855872,9.447601
job_176_Mn_fe_-0.980_n4_generated_crystals_cif__gen_0,D:\CGCNN_Formation_Energy_AL_Archive\experiments\reproducibility\staging\paired_confirmation_server_20260712\EARLY_LiM2O4_ALIGNN_HARD640_m2p18_m2p02_FLAT_20260617\job_176_Mn_fe_-0.980_n4_generated_crystals_cif__gen_0.cif,True,5131e43ba47349d4a0505d7bdbf192d34d167718f7c8cdc6b581846f67348464,Li1 Mn2 O4,LiMn2O4,Mn,LiMn2O4,-2.00983715057,,0.443546505581,saved CGCNN MC-dropout sigma; candidate-level ALIGNN uncertainty not available,-2.28980064392,0.443546505581,0.279963493347,0.13073992367,184,0,1.06351780891,F,True,False,77,5,89,6,4b98550540edbf550eb83cf67cfd74cc6e1dd6086e4f7f12b0fef91bbfa267dc,"Li/M/O role-RDF: six unordered pairs, 0-6 A in 0.2-A bins; scale-free sorted lattice lengths, angles, and normalized volume",SM_Mn_013,8,FP_077,5,recurring_density_cluster,job_232_Mn_fe_-1.004_n4_generated_crystals_cif__gen_1,0.00309766363907,job_011_Mg_fe_-1.305_n4_generated_crystals_cif__gen_0,0.667690582689,no_shared_cluster,D:\User\leoluis0705\Documents\xwechat_files\wxid_bbzc35ridmlc22_e97b\msg\file\2026-04\initial_1000_raw_generations.zip::raw_generations/job_176_Mn_fe_-0.980_n4/generated_crystals_cif.zip::gen_0.cif,raw_generations/job_176_Mn_fe_-0.980_n4/generated_crystals_cif.zip,gen_0.cif,True,False,True,3,0.176542943114,-1.83329420746,0.18670579254,0.26670579254,False,2.16691120338,F,True,False,157,44,Imm2,1.92125,10.182718
job_176_Mn_fe_-0.980_n4_generated_crystals_cif__gen_1,D:\CGCNN_Formation_Energy_AL_Archive\experiments\reproducibility\staging\paired_confirmation_server_20260712\EARLY_LiM2O4_ALIGNN_HARD640_m2p18_m2p02_FLAT_20260617\job_176_Mn_fe_-0.980_n4_generated_crystals_cif__gen_1.cif,True,79e1cb06f5ef0a8c4f81f7a72bb5d740693a1704941e755bd949546ff4a95ea1,Li1 Mn2 O4,LiMn2O4,Mn,LiMn2O4,-2.01863145828,,0.367599202543,saved CGCNN MC-dropout sigma; candidate-level ALIGNN uncertainty not available,-2.21710944176,0.367599202543,0.198477983475,0.163887166889,23,0,1.00855338573,F,True,False,82,6,125,8,f0b5e1a95a2f9352f89b34abf1cc729310d5017f3ef519522454e40bd7d9c82d,"Li/M/O role-RDF: six unordered pairs, 0-6 A in 0.2-A bins; scale-free sorted lattice lengths, angles, and normalized volume",SM_Mn_004,35,FP_011,18,recurring_density_cluster,job_020_Mn_fe_-0.989_n4_generated_crystals_cif__gen_1,0.186323852544,job_167_Mn_fe_-0.885_n4_generated_crystals_cif__gen_3,0.202173971907,same_structurematcher_cluster,D:\User\leoluis0705\Documents\xwechat_files\wxid_bbzc35ridmlc22_e97b\msg\file\2026-04\initial_1000_raw_generations.zip::raw_generations/job_176_Mn_fe_-0.980_n4/generated_crystals_cif.zip::gen_1.cif,raw_generations/job_176_Mn_fe_-0.980_n4/generated_crystals_cif.zip,gen_1.cif,True,False,True,3,0.176542943114,-1.84208851517,0.177911484832,0.257911484832,False,2.1119467802,F,True,False,139,1,P1,1.917373,10.743045
job_176_Mn_fe_-0.980_n4_generated_crystals_cif__gen_2,D:\CGCNN_Formation_Energy_AL_Archive\experiments\reproducibility\staging\paired_confirmation_server_20260712\EARLY_LiM2O4_ALIGNN_HARD640_m2p18_m2p02_FLAT_20260617\job_176_Mn_fe_-0.980_n4_generated_crystals_cif__gen_2.cif,True,bb2bab80fae6da0c08d75d2b358c9229ea2f2f15094da7870df2d2d727434ddd,Li1 Mn2 O4,LiMn2O4,Mn,LiMn2O4,-2.00368356705,,0.455201785697,saved CGCNN MC-dropout sigma; candidate-level ALIGNN uncertainty not available,-2.24131894112,0.455201785697,0.237635374069,0.13300888901,164,0,1.10197770596,F,True,False,201,13,142,9,a64712fd7e4d34c52a5654855f7f3c988369956ea969f55abcbf1e4f94fe564e,"Li/M/O role-RDF: six unordered pairs, 0-6 A in 0.2-A bins; scale-free sorted lattice lengths, angles, and normalized volume",SM_Mn_008,9,FP_031,9,recurring_density_cluster,job_044_Mn_fe_-0.936_n4_generated_crystals_cif__gen_3,0.225636761375,job_148_Mn_fe_-0.904_n4_generated_crystals_cif__gen_2,0.595434277935,no_shared_cluster,D:\User\leoluis0705\Documents\xwechat_files\wxid_bbzc35ridmlc22_e97b\msg\file\2026-04\initial_1000_raw_generations.zip::raw_generations/job_176_Mn_fe_-0.980_n4/generated_crystals_cif.zip::gen_2.cif,raw_generations/job_176_Mn_fe_-0.980_n4/generated_crystals_cif.zip,gen_2.cif,True,False,True,3,0.176542943114,-1.82714062393,0.192859376067,0.272859376067,False,2.20537110042,F,True,False,169,1,P1,1.913799,11.671459
job_176_Mn_fe_-0.980_n4_generated_crystals_cif__gen_3,D:\CGCNN_Formation_Energy_AL_Archive\experiments\reproducibility\staging\paired_confirmation_server_20260712\EARLY_LiM2O4_ALIGNN_HARD640_m2p18_m2p02_FLAT_20260617\job_176_Mn_fe_-0.980_n4_generated_crystals_cif__gen_3.cif,True,45831f1576c4d0c5abd4eeb493cff2b8128887cb09d4f9eb3cd7b5eda5bea665,Li1 Mn2 O4,LiMn2O4,Mn,LiMn2O4,-1.93451046944,,0.377414340707,saved CGCNN MC-dropout sigma; candidate-level ALIGNN uncertainty not available,-2.28166484833,0.377414340707,0.347154378891,0.149763969053,67,0,1.53430956602,F,True,False,206,13,85,6,ff15abe78e183608e4fb98eb151824b14fef94c0a44c1c224157f77e92b07724,"Li/M/O role-RDF: six unordered pairs, 0-6 A in 0.2-A bins; scale-free sorted lattice lengths, angles, and normalized volume",SM_Mn_010,10,FP_056,5,recurring_density_cluster,job_086_Mn_fe_-0.988_n4_generated_crystals_cif__gen_0,0.118861620789,job_120_Cr_fe_-1.424_n4_generated_crystals_cif__gen_1,0.541453398956,no_shared_cluster,D:\User\leoluis0705\Documents\xwechat_files\wxid_bbzc35ridmlc22_e97b\msg\file\2026-04\initial_1000_raw_generations.zip::raw_generations/job_176_Mn_fe_-0.980_n4/generated_crystals_cif.zip::gen_3.cif,raw_generations/job_176_Mn_fe_-0.980_n4/generated_crystals_cif.zip,gen_3.cif,True,False,True,3,0.176542943114,-1.75796752632,0.262032473678,0.342032473678,False,2.63770296048,F,True,False,209,8,Cm,1.857442,10.198246
job_177_Ni_fe_-1.309_n4_generated_crystals_cif__gen_1,D:\CGCNN_Formation_Energy_AL_Archive\experiments\reproducibility\staging\paired_confirmation_server_20260712\EARLY_LiM2O4_ALIGNN_HARD640_m2p18_m2p02_FLAT_20260617\job_177_Ni_fe_-1.309_n4_generated_crystals_cif__gen_1.cif,True,bf20d8619826d702c2caf88210963ffc54d70036f45d0a2bbd51ee81445d250f,Li1 Ni2 O4,Li(NiO2)2,Ni,Li(NiO2)2,-0.975904524326,,0.530275209787,saved CGCNN MC-dropout sigma; candidate-level ALIGNN uncertainty not available,-1.4751458168,0.530275209787,0.499241292477,0.060206988805,398,0,7.52559672296,F,True,False,580,37,522,33,fbfed041405ff5efae5f7790c3224c25dcafb238eb8d86bbab30e2e0a8536e11,"Li/M/O role-RDF: six unordered pairs, 0-6 A in 0.2-A bins; scale-free sorted lattice lengths, angles, and normalized volume",SM_Ni_009,9,FP_068,9,recurring_density_cluster,job_219_Co_fe_-0.895_n4_generated_crystals_cif__gen_0,0.208171008331,job_120_Cr_fe_-1.424_n4_generated_crystals_cif__gen_1,0.521618798627,no_shared_cluster,D:\User\leoluis0705\Documents\xwechat_files\wxid_bbzc35ridmlc22_e97b\msg\file\2026-04\initial_1000_raw_generations.zip::raw_generations/job_177_Ni_fe_-1.309_n4/generated_crystals_cif.zip::gen_1.cif,raw_generations/job_177_Ni_fe_-1.309_n4/generated_crystals_cif.zip,gen_1.cif,True,False,False,0,0,-0.975904524326,1.04409547567,1.12409547567,False,7.52559672296,F,True,False,615,1,P1,1.879057,9.685847
job_177_Ni_fe_-1.309_n4_generated_crystals_cif__gen_2,D:\CGCNN_Formation_Energy_AL_Archive\experiments\reproducibility\staging\paired_confirmation_server_20260712\EARLY_LiM2O4_ALIGNN_HARD640_m2p18_m2p02_FLAT_20260617\job_177_Ni_fe_-1.309_n4_generated_crystals_cif__gen_2.cif,True,9a3ad7769e53639692d155b702eeec7f32052cc95ae45917d84e51fcc0020e9f,Li1 Ni2 O4,Li(NiO2)2,Ni,Li(NiO2)2,-1.06177246571,,0.708343785484,saved CGCNN MC-dropout sigma; candidate-level ALIGNN uncertainty not available,-1.42415213585,0.708343785484,0.362379670143,0.0571507105412,414,0,6.98892208934,F,True,False,379,24,255,16,c54efc40744d5164da7fbd2e0fe447b3ce07df5cdbacb60f5fa3c73caf9b5cdd,"Li/M/O role-RDF: six unordered pairs, 0-6 A in 0.2-A bins; scale-free sorted lattice lengths, angles, and normalized volume",SM_Ni_003,30,FP_024,8,recurring_density_cluster,job_121_Ni_fe_-1.367_n4_generated_crystals_cif__gen_0,0.100891937324,job_136_Cr_fe_-1.181_n4_generated_crystals_cif__gen_0,0.651028187038,no_shared_cluster,D:\User\leoluis0705\Documents\xwechat_files\wxid_bbzc35ridmlc22_e97b\msg\file\2026-04\initial_1000_raw_generations.zip::raw_generations/job_177_Ni_fe_-1.309_n4/generated_crystals_cif.zip::gen_2.cif,raw_generations/job_177_Ni_fe_-1.309_n4/generated_crystals_cif.zip,gen_2.cif,True,False,False,0,0,-1.06177246571,0.958227534294,1.03822753429,False,6.98892208934,F,True,False,439,1,P1,1.860525,9.959238
job_178_Mg_fe_-1.353_n4_generated_crystals_cif__gen_1,D:\CGCNN_Formation_Energy_AL_Archive\experiments\reproducibility\staging\paired_confirmation_server_20260712\EARLY_LiM2O4_ALIGNN_HARD640_m2p18_m2p02_FLAT_20260617\job_178_Mg_fe_-1.353_n4_generated_crystals_cif__gen_1.cif,True,5895463233afebe27cc2871ceb31b31d30a7eded2058acc486403272f69d4168,Li1 Mg2 O4,LiMg2O4,Mg,LiMg2O4,-2.18664669991,,0.426591845422,saved CGCNN MC-dropout sigma; candidate-level ALIGNN uncertainty not available,-3.08976221085,0.426591845422,0.903115510941,0.0104015029096,545,0,-0.0415418744087,A,True,False,280,18,292,19,40cbd001b1dcfd44463b9b42baafcfc46aed925266ab2031f6eb58bee5584435,"Li/M/O role-RDF: six unordered pairs, 0-6 A in 0.2-A bins; scale-free sorted lattice lengths, angles, and normalized volume",SM_Mg_003,8,FP_032,5,recurring_density_cluster,job_189_Mg_fe_-1.493_n4_generated_crystals_cif__gen_1,0.099608100869,job_101_Mg_fe_-1.339_n4_generated_crystals_cif__gen_1,0.198915029914,same_structurematcher_cluster,D:\User\leoluis0705\Documents\xwechat_files\wxid_bbzc35ridmlc22_e97b\msg\file\2026-04\initial_1000_raw_generations.zip::raw_generations/job_178_Mg_fe_-1.353_n4/generated_crystals_cif.zip::gen_1.cif,raw_generations/job_178_Mg_fe_-1.353_n4/generated_crystals_cif.zip,gen_1.cif,True,False,True,2,0.651052398728,-1.53559430118,0.484405698823,0.564405698823,False,4.02753561764,F,True,False,257,8,Cm,1.98898,10.45857
job_179_Co_fe_-1.357_n4_generated_crystals_cif__gen_0,D:\CGCNN_Formation_Energy_AL_Archive\experiments\reproducibility\staging\paired_confirmation_server_20260712\EARLY_LiM2O4_ALIGNN_HARD640_m2p18_m2p02_FLAT_20260617\job_179_Co_fe_-1.357_n4_generated_crystals_cif__gen_0.cif,True,1ddae0009e98f4db63fcdfa4ef04ee72341b039073da5aa4a9df6bf91caca7aa,Li1 Co2 O4,Li(CoO2)2,Co,Li(CoO2)2,-1.40121912956,,0.569542049003,saved CGCNN MC-dropout sigma; candidate-level ALIGNN uncertainty not available,-1.62667155266,0.569542049003,0.225452423096,0.0792653192011,302,0,4.86738044024,F,True,False,380,24,423,27,8bdaef0540002260171495f0c3302d0e81a7dc3e86bdda4b01173bb06e84b2d3,"Li/M/O role-RDF: six unordered pairs, 0-6 A in 0.2-A bins; scale-free sorted lattice lengths, angles, and normalized volume",SM_Co_017,1,FP_043,10,recurring_density_cluster,job_187_Ni_fe_-0.981_n4_generated_crystals_cif__gen_3,0.48213329851,job_029_Cr_fe_-1.337_n4_generated_crystals_cif__gen_2,0.51818692906,same_fingerprint_cluster,D:\User\leoluis0705\Documents\xwechat_files\wxid_bbzc35ridmlc22_e97b\msg\file\2026-04\initial_1000_raw_generations.zip::raw_generations/job_179_Co_fe_-1.357_n4/generated_crystals_cif.zip::gen_0.cif,raw_generations/job_179_Co_fe_-1.357_n4/generated_crystals_cif.zip,gen_0.cif,True,False,False,0,0,-1.40121912956,0.618780870438,0.698780870438,False,4.86738044024,F,True,False,350,160,R3m,1.89036,9.945977
job_179_Co_fe_-1.357_n4_generated_crystals_cif__gen_3,D:\CGCNN_Formation_Energy_AL_Archive\experiments\reproducibility\staging\paired_confirmation_server_20260712\EARLY_LiM2O4_ALIGNN_HARD640_m2p18_m2p02_FLAT_20260617\job_179_Co_fe_-1.357_n4_generated_crystals_cif__gen_3.cif,True,1e8625907d7b9c079e5f1886e79a13b86bda5617bd1f4d24a66fc10ba78449e4,Li1 Co2 O4,Li(CoO2)2,Co,Li(CoO2)2,-1.38870608807,,0.453962671859,saved CGCNN MC-dropout sigma; candidate-level ALIGNN uncertainty not available,-1.66436982155,0.453962671859,0.275663733482,0.0886876246509,261,0,4.94558694959,F,True,False,419,27,349,22,e66207a1780112cbb5f6e33fb2dabbb00e49fae12bd3d3a50d08c12e458839f7,"Li/M/O role-RDF: six unordered pairs, 0-6 A in 0.2-A bins; scale-free sorted lattice lengths, angles, and normalized volume",SM_Co_018,2,FP_072,3,recurring_density_cluster,job_157_Ni_fe_-1.031_n4_generated_crystals_cif__gen_0,0.425324630111,job_214_Cr_fe_-0.857_n4_generated_crystals_cif__gen_0,0.754114769817,no_shared_cluster,D:\User\leoluis0705\Documents\xwechat_files\wxid_bbzc35ridmlc22_e97b\msg\file\2026-04\initial_1000_raw_generations.zip::raw_generations/job_179_Co_fe_-1.357_n4/generated_crystals_cif.zip::gen_3.cif,raw_generations/job_179_Co_fe_-1.357_n4/generated_crystals_cif.zip,gen_3.cif,True,False,False,0,0,-1.38870608807,0.631293911934,0.711293911934,False,4.94558694959,F,True,False,354,1,P1,1.845799,9.493678
job_180_Ti_fe_-0.903_n4_generated_crystals_cif__gen_0,D:\CGCNN_Formation_Energy_AL_Archive\experiments\reproducibility\staging\paired_confirmation_server_20260712\EARLY_LiM2O4_ALIGNN_HARD640_m2p18_m2p02_FLAT_20260617\job_180_Ti_fe_-0.903_n4_generated_crystals_cif__gen_0.cif,True,4082ca5c9261ca993ec74d411796ffa5e96536b8d2454c98ac24581169e8abf5,Li1 Ti2 O4,LiTi2O4,Ti,LiTi2O4,-3.16666388512,,0.462405614935,saved CGCNN MC-dropout sigma; candidate-level ALIGNN uncertainty not available,-3.25891327858,0.462405614935,0.0922493934631,0.00612815559615,580,0,-6.16664928198,A,True,False,629,40,626,40,55c2831c4c81e8001a20dd22f42f6a840a311288f928bd2ac98b566bfcadbbdf,"Li/M/O role-RDF: six unordered pairs, 0-6 A in 0.2-A bins; scale-free sorted lattice lengths, angles, and normalized volume",SM_Ti_005,11,FP_013,10,recurring_density_cluster,job_119_Ti_fe_-1.262_n4_generated_crystals_cif__gen_0,0.0157957358247,job_167_Mn_fe_-0.885_n4_generated_crystals_cif__gen_3,0.592986639141,no_shared_cluster,D:\User\leoluis0705\Documents\xwechat_files\wxid_bbzc35ridmlc22_e97b\msg\file\2026-04\initial_1000_raw_generations.zip::raw_generations/job_180_Ti_fe_-0.903_n4/generated_crystals_cif.zip::gen_0.cif,raw_generations/job_180_Ti_fe_-0.903_n4/generated_crystals_cif.zip,gen_0.cif,True,False,False,0,0,-3.16666388512,0.986663885117,1.06666388512,False,-6.16664928198,A,True,False,502,10,P2/m,1.99619,10.950042
job_180_Ti_fe_-0.903_n4_generated_crystals_cif__gen_1,D:\CGCNN_Formation_Energy_AL_Archive\experiments\reproducibility\staging\paired_confirmation_server_20260712\EARLY_LiM2O4_ALIGNN_HARD640_m2p18_m2p02_FLAT_20260617\job_180_Ti_fe_-0.903_n4_generated_crystals_cif__gen_1.cif,True,2634df7549f80885258a03a84d031ac555aab8db4216290cb3c4ace405d976d1,Li1 Ti2 O4,LiTi2O4,Ti,LiTi2O4,-3.18889451027,,0.432920188622,saved CGCNN MC-dropout sigma; candidate-level ALIGNN uncertainty not available,-3.25178623199,0.432920188622,0.0628917217255,0.00443001088341,602,0,-6.30559068918,A,True,False,586,37,639,40,484c89874416ef0077f256477bdf2d1efb3f92d73bfedea738cb66d1d251fc16,"Li/M/O role-RDF: six unordered pairs, 0-6 A in 0.2-A bins; scale-free sorted lattice lengths, angles, and normalized volume",SM_Ti_003,9,FP_003,8,recurring_density_cluster,job_180_Ti_fe_-0.903_n4_generated_crystals_cif__gen_2,0.126623017669,job_167_Mn_fe_-0.885_n4_generated_crystals_cif__gen_3,0.583721883153,no_shared_cluster,D:\User\leoluis0705\Documents\xwechat_files\wxid_bbzc35ridmlc22_e97b\msg\file\2026-04\initial_1000_raw_generations.zip::raw_generations/job_180_Ti_fe_-0.903_n4/generated_crystals_cif.zip::gen_1.cif,raw_generations/job_180_Ti_fe_-0.903_n4/generated_crystals_cif.zip,gen_1.cif,True,False,False,0,0,-3.18889451027,1.00889451027,1.08889451027,False,-6.30559068918,A,True,False,547,8,Cm,1.946284,10.883671
job_180_Ti_fe_-0.903_n4_generated_crystals_cif__gen_2,D:\CGCNN_Formation_Energy_AL_Archive\experiments\reproducibility\staging\paired_confirmation_server_20260712\EARLY_LiM2O4_ALIGNN_HARD640_m2p18_m2p02_FLAT_20260617\job_180_Ti_fe_-0.903_n4_generated_crystals_cif__gen_2.cif,True,53e7cc3e7b45c60c13ecc7b0445172200c534c265a0d138f9d26736fe347cb4e,Li1 Ti2 O4,LiTi2O4,Ti,LiTi2O4,-3.19533157349,,0.500873493968,saved CGCNN MC-dropout sigma; candidate-level ALIGNN uncertainty not available,-3.25536680222,0.500873493968,0.0600352287292,0.00907385422177,562,0,-6.34582233429,A,True,False,508,32,640,40,a455de337cc8e983055a337a6a751446ea84608e2063828c4d84b808095ca033,"Li/M/O role-RDF: six unordered pairs, 0-6 A in 0.2-A bins; scale-free sorted lattice lengths, angles, and normalized volume",SM_Ti_003,9,FP_003,8,recurring_density_cluster,job_191_Ti_fe_-0.867_n4_generated_crystals_cif__gen_1,0.101569158284,job_167_Mn_fe_-0.885_n4_generated_crystals_cif__gen_3,0.579293776049,no_shared_cluster,D:\User\leoluis0705\Documents\xwechat_files\wxid_bbzc35ridmlc22_e97b\msg\file\2026-04\initial_1000_raw_generations.zip::raw_generations/job_180_Ti_fe_-0.903_n4/generated_crystals_cif.zip::gen_2.cif,raw_generations/job_180_Ti_fe_-0.903_n4/generated_crystals_cif.zip,gen_2.cif,True,False,False,0,0,-3.19533157349,1.01533157349,1.09533157349,False,-6.34582233429,A,True,False,555,12,C2/m,1.94966,10.910411
job_180_Ti_fe_-0.903_n4_generated_crystals_cif__gen_3,D:\CGCNN_Formation_Energy_AL_Archive\experiments\reproducibility\staging\paired_confirmation_server_20260712\EARLY_LiM2O4_ALIGNN_HARD640_m2p18_m2p02_FLAT_20260617\job_180_Ti_fe_-0.903_n4_generated_crystals_cif__gen_3.cif,True,922db8e2bef6abab70baf0c35353a755028fe435bba151c13cbdd08b045e537c,Li1 Ti2 O4,LiTi2O4,Ti,LiTi2O4,-3.21965789795,,0.415642077919,saved CGCNN MC-dropout sigma; candidate-level ALIGNN uncertainty not available,-3.38899993896,0.415642077919,0.169342041016,0.0013199785494,634,0,-6.49786186218,A,True,False,208,13,563,36,f114f00274ce0bf1ceb0860f6e2a7e1e844efd72d5720cfd6ad84ee760052e0a,"Li/M/O role-RDF: six unordered pairs, 0-6 A in 0.2-A bins; scale-free sorted lattice lengths, angles, and normalized volume",SM_Ti_002,41,FP_004,5,recurring_density_cluster,job_191_Ti_fe_-0.867_n4_generated_crystals_cif__gen_3,0.256741429966,job_011_Mg_fe_-1.305_n4_generated_crystals_cif__gen_0,0.60860789885,no_shared_cluster,D:\User\leoluis0705\Documents\xwechat_files\wxid_bbzc35ridmlc22_e97b\msg\file\2026-04\initial_1000_raw_generations.zip::raw_generations/job_180_Ti_fe_-0.903_n4/generated_crystals_cif.zip::gen_3.cif,raw_generations/job_180_Ti_fe_-0.903_n4/generated_crystals_cif.zip,gen_3.cif,True,False,False,0,0,-3.21965789795,1.03965789795,1.11965789795,False,-6.49786186218,A,True,False,597,8,Cm,1.99768,10.200446
job_181_Mg_fe_-1.158_n4_generated_crystals_cif__gen_0,D:\CGCNN_Formation_Energy_AL_Archive\experiments\reproducibility\staging\paired_confirmation_server_20260712\EARLY_LiM2O4_ALIGNN_HARD640_m2p18_m2p02_FLAT_20260617\job_181_Mg_fe_-1.158_n4_generated_crystals_cif__gen_0.cif,True,cdb5220903b1673ffedddb91b4feac0cefcbc4cd3cc7d23877b8c02e1dcfeb02,Li1 Mg2 O4,LiMg2O4,Mg,LiMg2O4,-2.18447995186,,0.495805818522,saved CGCNN MC-dropout sigma; candidate-level ALIGNN uncertainty not available,-3.04632520676,0.495805818522,0.861845254898,0.0210665138073,512,0,-0.0279996991158,A,True,False,251,16,277,18,7f63ac61de8b1f7d3dac49c992564484fc5ebccb1d69c58d70511f0dae9263ea,"Li/M/O role-RDF: six unordered pairs, 0-6 A in 0.2-A bins; scale-free sorted lattice lengths, angles, and normalized volume",SM_Mg_004,15,FP_016,8,recurring_density_cluster,job_230_Mg_fe_-1.419_n4_generated_crystals_cif__gen_3,0.148391015603,job_011_Mg_fe_-1.305_n4_generated_crystals_cif__gen_0,0.165026161873,same_structurematcher_cluster,D:\User\leoluis0705\Documents\xwechat_files\wxid_bbzc35ridmlc22_e97b\msg\file\2026-04\initial_1000_raw_generations.zip::raw_generations/job_181_Mg_fe_-1.158_n4/generated_crystals_cif.zip::gen_0.cif,raw_generations/job_181_Mg_fe_-1.158_n4/generated_crystals_cif.zip,gen_0.cif,True,False,True,2,0.651052398728,-1.53342755313,0.48657244687,0.56657244687,False,4.04107779294,F,True,False,258,44,Imm2,1.990819,10.801586
job_181_Mg_fe_-1.158_n4_generated_crystals_cif__gen_3,D:\CGCNN_Formation_Energy_AL_Archive\experiments\reproducibility\staging\paired_confirmation_server_20260712\EARLY_LiM2O4_ALIGNN_HARD640_m2p18_m2p02_FLAT_20260617\job_181_Mg_fe_-1.158_n4_generated_crystals_cif__gen_3.cif,True,497b855b17e32026f83b7969644f6fdec4c63fc03b73da6b1ad0114784592cf2,Li1 Mg2 O4,LiMg2O4,Mg,LiMg2O4,-1.87033390999,,0.430161003761,saved CGCNN MC-dropout sigma; candidate-level ALIGNN uncertainty not available,-2.77597045898,0.430161003761,0.905636548996,0.0435323360614,494,0,1.93541306257,F,True,False,226,15,259,17,8945a038e605e0e3b2be3e5465f6e4c1fb128bb3d1b1313026f1cae67aa4644d,"Li/M/O role-RDF: six unordered pairs, 0-6 A in 0.2-A bins; scale-free sorted lattice lengths, angles, and normalized volume",SM_Mg_010,1,FP_SINGLETON_105,1,hdbscan_noise_singleton,job_172_Mn_fe_-1.032_n4_generated_crystals_cif__gen_3,1.80534773539,job_214_Cr_fe_-0.857_n4_generated_crystals_cif__gen_0,2.19689527985,no_shared_cluster,D:\User\leoluis0705\Documents\xwechat_files\wxid_bbzc35ridmlc22_e97b\msg\file\2026-04\initial_1000_raw_generations.zip::raw_generations/job_181_Mg_fe_-1.158_n4/generated_crystals_cif.zip::gen_3.cif,raw_generations/job_181_Mg_fe_-1.158_n4/generated_crystals_cif.zip,gen_3.cif,True,False,True,2,0.651052398728,-1.21928151126,0.80071848874,0.88071848874,False,6.00449055463,F,True,False,383,1,P1,1.509131,10.587856
job_182_Cr_fe_-1.464_n4_generated_crystals_cif__gen_0,D:\CGCNN_Formation_Energy_AL_Archive\experiments\reproducibility\staging\paired_confirmation_server_20260712\EARLY_LiM2O4_ALIGNN_HARD640_m2p18_m2p02_FLAT_20260617\job_182_Cr_fe_-1.464_n4_generated_crystals_cif__gen_0.cif,True,2c683634f865f8b2854323aba7ac1fa4e1fb1a85be88f04ec381430c14368c65,Li1 Cr2 O4,LiCr2O4,Cr,LiCr2O4,-2.20574879646,,0.451190866613,saved CGCNN MC-dropout sigma; candidate-level ALIGNN uncertainty not available,-2.11221551895,0.451190866613,0.0935332775116,0.140682936228,124,0,-0.160929977894,A,True,False,26,2,168,11,8906f0ed405f8689f3ad8b8c1d2e776ac86e8034e60ab8dae72d6465cc3108be,"Li/M/O role-RDF: six unordered pairs, 0-6 A in 0.2-A bins; scale-free sorted lattice lengths, angles, and normalized volume",SM_Cr_003,20,FP_063,10,recurring_density_cluster,job_200_Cr_fe_-1.108_n4_generated_crystals_cif__gen_2,0.0659661965841,job_136_Cr_fe_-1.181_n4_generated_crystals_cif__gen_0,0.164240622251,same_structurematcher_cluster,D:\User\leoluis0705\Documents\xwechat_files\wxid_bbzc35ridmlc22_e97b\msg\file\2026-04\initial_1000_raw_generations.zip::raw_generations/job_182_Cr_fe_-1.464_n4/generated_crystals_cif.zip::gen_0.cif,raw_generations/job_182_Cr_fe_-1.464_n4/generated_crystals_cif.zip,gen_0.cif,True,False,True,5,-0.102418564162,-2.30816736063,0.128167360625,0.208167360625,False,-0.801046003907,A,True,False,84,6,Pm,1.939352,10.516033
job_182_Cr_fe_-1.464_n4_generated_crystals_cif__gen_1,D:\CGCNN_Formation_Energy_AL_Archive\experiments\reproducibility\staging\paired_confirmation_server_20260712\EARLY_LiM2O4_ALIGNN_HARD640_m2p18_m2p02_FLAT_20260617\job_182_Cr_fe_-1.464_n4_generated_crystals_cif__gen_1.cif,True,727339759e08af87296bc3970b7c0be17efc7c763efc187060ade436ef445e55,Li1 Cr2 O4,LiCr2O4,Cr,LiCr2O4,-2.24405193329,,0.411835070226,saved CGCNN MC-dropout sigma; candidate-level ALIGNN uncertainty not available,-2.15433883667,0.411835070226,0.0897130966187,0.152703606603,60,0,-0.400324583054,A,True,False,59,4,106,7,65639a111cc7648da7eb57d33caf0ed87000dd4a0881e8a290f7c24163432f3f,"Li/M/O role-RDF: six unordered pairs, 0-6 A in 0.2-A bins; scale-free sorted lattice lengths, angles, and normalized volume",SM_Cr_002,15,FP_026,15,recurring_density_cluster,job_126_Cr_fe_-0.901_n4_generated_crystals_cif__gen_2,0.180082488207,job_204_Cr_fe_-0.932_n4_generated_crystals_cif__gen_3,1.10964982818,same_structurematcher_cluster,D:\User\leoluis0705\Documents\xwechat_files\wxid_bbzc35ridmlc22_e97b\msg\file\2026-04\initial_1000_raw_generations.zip::raw_generations/job_182_Cr_fe_-1.464_n4/generated_crystals_cif.zip::gen_1.cif,raw_generations/job_182_Cr_fe_-1.464_n4/generated_crystals_cif.zip,gen_1.cif,True,False,True,5,-0.102418564162,-2.34647049745,0.166470497451,0.246470497451,False,-1.04044060907,A,True,False,119,1,P1,1.949549,10.139211
job_182_Cr_fe_-1.464_n4_generated_crystals_cif__gen_2,D:\CGCNN_Formation_Energy_AL_Archive\experiments\reproducibility\staging\paired_confirmation_server_20260712\EARLY_LiM2O4_ALIGNN_HARD640_m2p18_m2p02_FLAT_20260617\job_182_Cr_fe_-1.464_n4_generated_crystals_cif__gen_2.cif,True,b4d45a300ac2186c2fc733341b81af4dacbc510f4b1765f7c9ccec15f69ee684,Li1 Cr2 O4,LiCr2O4,Cr,LiCr2O4,-2.14367628098,,0.484367306519,saved CGCNN MC-dropout sigma; candidate-level ALIGNN uncertainty not available,-2.21058416367,0.484367306519,0.0669078826904,0.127840447959,195,1,0.227023243904,B,True,False,50,4,171,11,04862dca79e33c7bb89406594b60c1e720e2458a5f137494e01bb5bb9ec2be87,"Li/M/O role-RDF: six unordered pairs, 0-6 A in 0.2-A bins; scale-free sorted lattice lengths, angles, and normalized volume",SM_Cr_017,1,FP_008,8,recurring_density_cluster,job_003_Mn_fe_-1.026_n4_generated_crystals_cif__gen_0,0.366886720577,job_249_Cr_fe_-1.500_n4_generated_crystals_cif__gen_1,0.782680730895,historical_dft_candidate_self,D:\User\leoluis0705\Documents\xwechat_files\wxid_bbzc35ridmlc22_e97b\msg\file\2026-04\initial_1000_raw_generations.zip::raw_generations/job_182_Cr_fe_-1.464_n4/generated_crystals_cif.zip::gen_2.cif,raw_generations/job_182_Cr_fe_-1.464_n4/generated_crystals_cif.zip,gen_2.cif,True,True,True,5,-0.102418564162,-2.24609484514,0.066094845138,0.146094845138,False,-0.413092782109,A,True,False,16,156,P3m1,1.877889,10.930685
job_182_Cr_fe_-1.464_n4_generated_crystals_cif__gen_3,D:\CGCNN_Formation_Energy_AL_Archive\experiments\reproducibility\staging\paired_confirmation_server_20260712\EARLY_LiM2O4_ALIGNN_HARD640_m2p18_m2p02_FLAT_20260617\job_182_Cr_fe_-1.464_n4_generated_crystals_cif__gen_3.cif,True,caf4e989cdbe795bd7c34115bd53d7efe433eacb1b1b64b1850ccc54b1be9b3a,Li1 Cr2 O4,LiCr2O4,Cr,LiCr2O4,-2.15615510941,,0.379675871171,saved CGCNN MC-dropout sigma; candidate-level ALIGNN uncertainty not available,-2.15003490448,0.379675871171,0.00612020492554,0.165461633055,15,1,0.149030566216,B,True,False,51,4,150,10,92e6b0c0e2b9c3507737b39ea0cad0101ec689ee54a59ee53fc99f763bdf841a,"Li/M/O role-RDF: six unordered pairs, 0-6 A in 0.2-A bins; scale-free sorted lattice lengths, angles, and normalized volume",SM_Cr_008,15,FP_080,4,recurring_density_cluster,job_214_Cr_fe_-0.857_n4_generated_crystals_cif__gen_0,0.151565258886,job_214_Cr_fe_-0.857_n4_generated_crystals_cif__gen_0,0.151565258886,same_structurematcher_cluster,D:\User\leoluis0705\Documents\xwechat_files\wxid_bbzc35ridmlc22_e97b\msg\file\2026-04\initial_1000_raw_generations.zip::raw_generations/job_182_Cr_fe_-1.464_n4/generated_crystals_cif.zip::gen_3.cif,raw_generations/job_182_Cr_fe_-1.464_n4/generated_crystals_cif.zip,gen_3.cif,True,False,True,5,-0.102418564162,-2.25857367357,0.078573673568,0.158573673568,False,-0.491085459798,A,True,False,26,8,Cm,1.849948,9.826893
job_183_Ti_fe_-1.203_n4_generated_crystals_cif__gen_0,D:\CGCNN_Formation_Energy_AL_Archive\experiments\reproducibility\staging\paired_confirmation_server_20260712\EARLY_LiM2O4_ALIGNN_HARD640_m2p18_m2p02_FLAT_20260617\job_183_Ti_fe_-1.203_n4_generated_crystals_cif__gen_0.cif,True,2519cb862c98b6ed81b8cc74e73779eba49f9975577239180947ac82ac39a5d9,Li1 Ti2 O4,LiTi2O4,Ti,LiTi2O4,-3.19615006447,,0.533347162768,saved CGCNN MC-dropout sigma; candidate-level ALIGNN uncertainty not available,-3.28786039352,0.533347162768,0.0917103290558,0.0101694058734,547,0,-6.35093790293,A,True,False,263,17,566,36,eecdd9c7f34001bd77361c9b178abb25cc370dedcd0879625b46ca2c0042502b,"Li/M/O role-RDF: six unordered pairs, 0-6 A in 0.2-A bins; scale-free sorted lattice lengths, angles, and normalized volume",SM_Ti_019,1,FP_SINGLETON_106,1,hdbscan_noise_singleton,job_158_Co_fe_-1.333_n4_generated_crystals_cif__gen_3,0.641554718997,job_120_Cr_fe_-1.424_n4_generated_crystals_cif__gen_1,0.868280849202,no_shared_cluster,D:\User\leoluis0705\Documents\xwechat_files\wxid_bbzc35ridmlc22_e97b\msg\file\2026-04\initial_1000_raw_generations.zip::raw_generations/job_183_Ti_fe_-1.203_n4/generated_crystals_cif.zip::gen_0.cif,raw_generations/job_183_Ti_fe_-1.203_n4/generated_crystals_cif.zip,gen_0.cif,True,False,False,0,0,-3.19615006447,1.01615006447,1.09615006447,False,-6.35093790293,A,True,False,558,8,Cm,1.912787,11.910829
job_183_Ti_fe_-1.203_n4_generated_crystals_cif__gen_1,D:\CGCNN_Formation_Energy_AL_Archive\experiments\reproducibility\staging\paired_confirmation_server_20260712\EARLY_LiM2O4_ALIGNN_HARD640_m2p18_m2p02_FLAT_20260617\job_183_Ti_fe_-1.203_n4_generated_crystals_cif__gen_1.cif,True,86958c35d2e47b56441042af6346bcfbd0c4672caf4b335a6aa25c4f6129fb2f,Li1 Ti2 O4,LiTi2O4,Ti,LiTi2O4,-3.16682243347,,0.342088795753,saved CGCNN MC-dropout sigma; candidate-level ALIGNN uncertainty not available,-3.20317077637,0.342088795753,0.0363483428955,0.00111912209284,636,0,-6.1676402092,A,True,False,622,39,548,35,ca9b52abc0e62f9be84997c097e598738738bb44f9526dd4524255096959047c,"Li/M/O role-RDF: six unordered pairs, 0-6 A in 0.2-A bins; scale-free sorted lattice lengths, angles, and normalized volume",SM_Ti_020,1,FP_SINGLETON_107,1,hdbscan_noise_singleton,job_080_Mn_fe_-1.081_n4_generated_crystals_cif__gen_0,0.747032307735,job_120_Cr_fe_-1.424_n4_generated_crystals_cif__gen_1,0.835803216938,no_shared_cluster,D:\User\leoluis0705\Documents\xwechat_files\wxid_bbzc35ridmlc22_e97b\msg\file\2026-04\initial_1000_raw_generations.zip::raw_generations/job_183_Ti_fe_-1.203_n4/generated_crystals_cif.zip::gen_1.cif,raw_generations/job_183_Ti_fe_-1.203_n4/generated_crystals_cif.zip,gen_1.cif,True,False,False,0,0,-3.16682243347,0.986822433472,1.06682243347,False,-6.1676402092,A,True,False,503,1,P1,1.925072,11.358068
job_183_Ti_fe_-1.203_n4_generated_crystals_cif__gen_3,D:\CGCNN_Formation_Energy_AL_Archive\experiments\reproducibility\staging\paired_confirmation_server_20260712\EARLY_LiM2O4_ALIGNN_HARD640_m2p18_m2p02_FLAT_20260617\job_183_Ti_fe_-1.203_n4_generated_crystals_cif__gen_3.cif,True,6e7712705215c863bdbe11249a3d18050e788816aa394fc0bd19fca8c887ddfb,Li1 Ti2 O4,LiTi2O4,Ti,LiTi2O4,-3.17033076286,,0.408615359478,saved CGCNN MC-dropout sigma; candidate-level ALIGNN uncertainty not available,-3.13595819473,0.408615359478,0.0343725681305,0.00649819519672,577,0,-6.18956726789,A,True,False,570,36,546,35,f65db46a88bbff14dc63be3f8d11890fbd39f0fc8027e4da361e0ce694625514,"Li/M/O role-RDF: six unordered pairs, 0-6 A in 0.2-A bins; scale-free sorted lattice lengths, angles, and normalized volume",SM_Ti_007,9,FP_039,9,recurring_density_cluster,job_119_Ti_fe_-1.262_n4_generated_crystals_cif__gen_3,0.325590199919,job_249_Cr_fe_-1.500_n4_generated_crystals_cif__gen_1,0.830177140333,no_shared_cluster,D:\User\leoluis0705\Documents\xwechat_files\wxid_bbzc35ridmlc22_e97b\msg\file\2026-04\initial_1000_raw_generations.zip::raw_generations/job_183_Ti_fe_-1.203_n4/generated_crystals_cif.zip::gen_3.cif,raw_generations/job_183_Ti_fe_-1.203_n4/generated_crystals_cif.zip,gen_3.cif,True,False,False,0,0,-3.17033076286,0.990330762863,1.07033076286,False,-6.18956726789,A,True,False,514,8,Cm,1.927661,10.726473
job_184_Co_fe_-1.469_n4_generated_crystals_cif__gen_0,D:\CGCNN_Formation_Energy_AL_Archive\experiments\reproducibility\staging\paired_confirmation_server_20260712\EARLY_LiM2O4_ALIGNN_HARD640_m2p18_m2p02_FLAT_20260617\job_184_Co_fe_-1.469_n4_generated_crystals_cif__gen_0.cif,True,caf546f5ec5a158868233ee19326fc6ad7d486d482e2a5cfa26187b99f2b268b,Li1 Co2 O4,Li(CoO2)2,Co,Li(CoO2)2,-1.35090887547,,0.49309390102,saved CGCNN MC-dropout sigma; candidate-level ALIGNN uncertainty not available,-1.69358611107,0.49309390102,0.342677235603,0.0920394183189,252,0,5.18181952834,F,True,False,509,32,427,27,061a37c0b2f72e7bae67fe5debdbe35402aaa264fdea0d8a353dac61cd5fc260,"Li/M/O role-RDF: six unordered pairs, 0-6 A in 0.2-A bins; scale-free sorted lattice lengths, angles, and normalized volume",SM_Co_019,1,FP_067,5,recurring_density_cluster,job_196_Cr_fe_-0.819_n4_generated_crystals_cif__gen_1,0.779090365089,job_006_Mn_fe_-1.347_n4_generated_crystals_cif__gen_1,1.1571706073,no_shared_cluster,D:\User\leoluis0705\Documents\xwechat_files\wxid_bbzc35ridmlc22_e97b\msg\file\2026-04\initial_1000_raw_generations.zip::raw_generations/job_184_Co_fe_-1.469_n4/generated_crystals_cif.zip::gen_0.cif,raw_generations/job_184_Co_fe_-1.469_n4/generated_crystals_cif.zip,gen_0.cif,True,False,False,0,0,-1.35090887547,0.669091124535,0.749091124535,False,5.18181952834,F,True,False,364,156,P3m1,1.789958,10.169236
job_184_Co_fe_-1.469_n4_generated_crystals_cif__gen_1,D:\CGCNN_Formation_Energy_AL_Archive\experiments\reproducibility\staging\paired_confirmation_server_20260712\EARLY_LiM2O4_ALIGNN_HARD640_m2p18_m2p02_FLAT_20260617\job_184_Co_fe_-1.469_n4_generated_crystals_cif__gen_1.cif,True,cd540d042bc7ab3ead4873ba88dbacfc443bff37759c8ee449b2d9728487dc0b,Li1 Co2 O4,Li(CoO2)2,Co,Li(CoO2)2,-1.37487149239,,0.550377214367,saved CGCNN MC-dropout sigma; candidate-level ALIGNN uncertainty not available,-1.66416883469,0.550377214367,0.2892973423,0.0846509632635,279,0,5.03205317259,F,True,False,294,19,425,27,061a65dabba84c37ce0ac0e3bbb5f13f25c4ce288875794305454a4a88443edb,"Li/M/O role-RDF: six unordered pairs, 0-6 A in 0.2-A bins; scale-free sorted lattice lengths, angles, and normalized volume",SM_Co_020,3,FP_019,19,recurring_density_cluster,job_241_Co_fe_-1.145_n4_generated_crystals_cif__gen_2,0.307116764048,job_120_Cr_fe_-1.424_n4_generated_crystals_cif__gen_1,0.427387709755,same_fingerprint_cluster,D:\User\leoluis0705\Documents\xwechat_files\wxid_bbzc35ridmlc22_e97b\msg\file\2026-04\initial_1000_raw_generations.zip::raw_generations/job_184_Co_fe_-1.469_n4/generated_crystals_cif.zip::gen_1.cif,raw_generations/job_184_Co_fe_-1.469_n4/generated_crystals_cif.zip,gen_1.cif,True,False,False,0,0,-1.37487149239,0.645128507614,0.725128507614,False,5.03205317259,F,True,False,356,1,P1,1.801845,9.774086
job_184_Co_fe_-1.469_n4_generated_crystals_cif__gen_2,D:\CGCNN_Formation_Energy_AL_Archive\experiments\reproducibility\staging\paired_confirmation_server_20260712\EARLY_LiM2O4_ALIGNN_HARD640_m2p18_m2p02_FLAT_20260617\job_184_Co_fe_-1.469_n4_generated_crystals_cif__gen_2.cif,True,213b674a8af9951e4f8321b5dc13b1c94444137d8f2a53b1a152ec273c2f3cc4,Li1 Co2 O4,Li(CoO2)2,Co,Li(CoO2)2,-1.40960264206,,0.500923361033,saved CGCNN MC-dropout sigma; candidate-level ALIGNN uncertainty not available,-1.65931415558,0.500923361033,0.249711513519,0.0864523171433,272,0,4.81498348713,F,True,False,399,25,345,22,c2ca33fea938cfd973bb6dccca458253a12fddad764922e79bc96c5fb1d853d6,"Li/M/O role-RDF: six unordered pairs, 0-6 A in 0.2-A bins; scale-free sorted lattice lengths, angles, and normalized volume",SM_Co_018,2,FP_053,8,recurring_density_cluster,job_157_Ni_fe_-1.031_n4_generated_crystals_cif__gen_1,0.547140784241,job_214_Cr_fe_-0.857_n4_generated_crystals_cif__gen_0,0.910002409418,no_shared_cluster,D:\User\leoluis0705\Documents\xwechat_files\wxid_bbzc35ridmlc22_e97b\msg\file\2026-04\initial_1000_raw_generations.zip::raw_generations/job_184_Co_fe_-1.469_n4/generated_crystals_cif.zip::gen_2.cif,raw_generations/job_184_Co_fe_-1.469_n4/generated_crystals_cif.zip,gen_2.cif,True,False,False,0,0,-1.40960264206,0.610397357941,0.690397357941,False,4.81498348713,F,True,False,347,8,Cm,1.834049,9.358892
job_185_Co_fe_-0.960_n4_generated_crystals_cif__gen_0,D:\CGCNN_Formation_Energy_AL_Archive\experiments\reproducibility\staging\paired_confirmation_server_20260712\EARLY_LiM2O4_ALIGNN_HARD640_m2p18_m2p02_FLAT_20260617\job_185_Co_fe_-0.960_n4_generated_crystals_cif__gen_0.cif,True,8f84dbfafc13cdbebd798a44cefb28e1a36d7f54c09ca0ee5a960b4630d1e584,Li1 Co2 O4,Li(CoO2)2,Co,Li(CoO2)2,-1.53088414669,,0.509277772344,saved CGCNN MC-dropout sigma; candidate-level ALIGNN uncertainty not available,-1.54973089695,0.509277772344,0.0188467502594,0.0699614019491,355,0,4.05697408319,F,True,False,449,29,364,23,b382594ed70990e660d940a195feede069ced93a642c794f6034de15a5d4e849,"Li/M/O role-RDF: six unordered pairs, 0-6 A in 0.2-A bins; scale-free sorted lattice lengths, angles, and normalized volume",SM_Co_003,18,FP_042,3,recurring_density_cluster,job_237_Co_fe_-1.198_n4_generated_crystals_cif__gen_2,0.176465004138,job_148_Mn_fe_-0.904_n4_generated_crystals_cif__gen_2,1.16312651164,no_shared_cluster,D:\User\leoluis0705\Documents\xwechat_files\wxid_bbzc35ridmlc22_e97b\msg\file\2026-04\initial_1000_raw_generations.zip::raw_generations/job_185_Co_fe_-0.960_n4/generated_crystals_cif.zip::gen_0.cif,raw_generations/job_185_Co_fe_-0.960_n4/generated_crystals_cif.zip,gen_0.cif,True,False,False,0,0,-1.53088414669,0.48911585331,0.56911585331,False,4.05697408319,F,True,False,259,1,P1,1.881677,9.619568
job_185_Co_fe_-0.960_n4_generated_crystals_cif__gen_2,D:\CGCNN_Formation_Energy_AL_Archive\experiments\reproducibility\staging\paired_confirmation_server_20260712\EARLY_LiM2O4_ALIGNN_HARD640_m2p18_m2p02_FLAT_20260617\job_185_Co_fe_-0.960_n4_generated_crystals_cif__gen_2.cif,True,59fc4f75d9536c714f4ad1700a531e4360dd603445bce6f24a81611af294b6c8,Li1 Co2 O4,Li(CoO2)2,Co,Li(CoO2)2,-1.46777427197,,0.563814284877,saved CGCNN MC-dropout sigma; candidate-level ALIGNN uncertainty not available,-1.56082427502,0.563814284877,0.0930500030518,0.0716446249759,338,0,4.45141080022,F,True,False,538,34,406,26,1f0600c05b6252d6885d40dd438441f972119d290882006a5d83ec3bd32e9006,"Li/M/O role-RDF: six unordered pairs, 0-6 A in 0.2-A bins; scale-free sorted lattice lengths, angles, and normalized volume",SM_Co_001,25,FP_034,19,recurring_density_cluster,job_135_Co_fe_-0.851_n4_generated_crystals_cif__gen_2,0.0945349920823,job_136_Cr_fe_-1.181_n4_generated_crystals_cif__gen_0,0.651468028412,no_shared_cluster,D:\User\leoluis0705\Documents\xwechat_files\wxid_bbzc35ridmlc22_e97b\msg\file\2026-04\initial_1000_raw_generations.zip::raw_generations/job_185_Co_fe_-0.960_n4/generated_crystals_cif.zip::gen_2.cif,raw_generations/job_185_Co_fe_-0.960_n4/generated_crystals_cif.zip,gen_2.cif,True,False,False,0,0,-1.46777427197,0.552225728035,0.632225728035,False,4.45141080022,F,True,False,308,12,C2/m,1.921202,9.942874
job_185_Co_fe_-0.960_n4_generated_crystals_cif__gen_3,D:\CGCNN_Formation_Energy_AL_Archive\experiments\reproducibility\staging\paired_confirmation_server_20260712\EARLY_LiM2O4_ALIGNN_HARD640_m2p18_m2p02_FLAT_20260617\job_185_Co_fe_-0.960_n4_generated_crystals_cif__gen_3.cif,True,f2a7fec94a0fd7ffcfb344acdf7291370a64882e1f8884938b2f811290b3a77b,Li1 Co2 O4,Li(CoO2)2,Co,Li(CoO2)2,-1.50241625309,,0.619851063411,saved CGCNN MC-dropout sigma; candidate-level ALIGNN uncertainty not available,-1.50748109818,0.619851063411,0.00506484508514,0.0651955113574,383,0,4.23489841819,F,True,False,436,28,376,24,032c5fde9fe918ecbfcbeb4dd0b8a33570e2580e322917da7cef73b131f693f5,"Li/M/O role-RDF: six unordered pairs, 0-6 A in 0.2-A bins; scale-free sorted lattice lengths, angles, and normalized volume",SM_Co_004,18,FP_SINGLETON_108,1,hdbscan_noise_singleton,job_193_Co_fe_-1.092_n4_generated_crystals_cif__gen_3,0.280249867258,job_136_Cr_fe_-1.181_n4_generated_crystals_cif__gen_0,0.763757102566,no_shared_cluster,D:\User\leoluis0705\Documents\xwechat_files\wxid_bbzc35ridmlc22_e97b\msg\file\2026-04\initial_1000_raw_generations.zip::raw_generations/job_185_Co_fe_-0.960_n4/generated_crystals_cif.zip::gen_3.cif,raw_generations/job_185_Co_fe_-0.960_n4/generated_crystals_cif.zip,gen_3.cif,True,False,False,0,0,-1.50241625309,0.51758374691,0.59758374691,False,4.23489841819,F,True,False,287,6,Pm,1.889985,9.709581
job_186_Ti_fe_-0.814_n4_generated_crystals_cif__gen_0,D:\CGCNN_Formation_Energy_AL_Archive\experiments\reproducibility\staging\paired_confirmation_server_20260712\EARLY_LiM2O4_ALIGNN_HARD640_m2p18_m2p02_FLAT_20260617\job_186_Ti_fe_-0.814_n4_generated_crystals_cif__gen_0.cif,True,086df25965a26043e32bd6be4cd96457f380a0b8eca6f3e7b978680542b57829,Li1 Ti2 O4,LiTi2O4,Ti,LiTi2O4,-3.21811199188,,0.453737679227,saved CGCNN MC-dropout sigma; candidate-level ALIGNN uncertainty not available,-3.33899617195,0.453737679227,0.120884180069,0.00349479117256,613,0,-6.48819994926,A,True,False,386,25,594,38,dd916890c7b1ad6b3273e3da897fa626a0f02f2437489161b749f01ae293760f,"Li/M/O role-RDF: six unordered pairs, 0-6 A in 0.2-A bins; scale-free sorted lattice lengths, angles, and normalized volume",SM_Ti_002,41,FP_038,19,recurring_density_cluster,job_040_Ti_fe_-1.018_n4_generated_crystals_cif__gen_1,0.279292970351,job_148_Mn_fe_-0.904_n4_generated_crystals_cif__gen_2,0.911409679962,no_shared_cluster,D:\User\leoluis0705\Documents\xwechat_files\wxid_bbzc35ridmlc22_e97b\msg\file\2026-04\initial_1000_raw_generations.zip::raw_generations/job_186_Ti_fe_-0.814_n4/generated_crystals_cif.zip::gen_0.cif,raw_generations/job_186_Ti_fe_-0.814_n4/generated_crystals_cif.zip,gen_0.cif,True,False,False,0,0,-3.21811199188,1.03811199188,1.11811199188,False,-6.48819994926,A,True,False,590,8,Cm,1.948165,10.069173
job_186_Ti_fe_-0.814_n4_generated_crystals_cif__gen_1,D:\CGCNN_Formation_Energy_AL_Archive\experiments\reproducibility\staging\paired_confirmation_server_20260712\EARLY_LiM2O4_ALIGNN_HARD640_m2p18_m2p02_FLAT_20260617\job_186_Ti_fe_-0.814_n4_generated_crystals_cif__gen_1.cif,True,01cc228e0f0cc422f06d1b1229a3c7e012be4f34a46faf34454f1e25df2a9514,Li1 Ti2 O4,LiTi2O4,Ti,LiTi2O4,-3.22218561172,,0.495736193701,saved CGCNN MC-dropout sigma; candidate-level ALIGNN uncertainty not available,-3.34261393547,0.495736193701,0.120428323746,0.00569230049091,592,0,-6.51366007328,A,True,False,333,21,599,38,5a4381dbe8b1fb2b16d3e55603705ea3c1a18ad5139c9ea184be5638ac3dd59d,"Li/M/O role-RDF: six unordered pairs, 0-6 A in 0.2-A bins; scale-free sorted lattice lengths, angles, and normalized volume",SM_Ti_002,41,FP_038,19,recurring_density_cluster,job_238_Ti_fe_-0.855_n4_generated_crystals_cif__gen_3,0.313503735118,job_011_Mg_fe_-1.305_n4_generated_crystals_cif__gen_0,0.846425555117,no_shared_cluster,D:\User\leoluis0705\Documents\xwechat_files\wxid_bbzc35ridmlc22_e97b\msg\file\2026-04\initial_1000_raw_generations.zip::raw_generations/job_186_Ti_fe_-0.814_n4/generated_crystals_cif.zip::gen_1.cif,raw_generations/job_186_Ti_fe_-0.814_n4/generated_crystals_cif.zip,gen_1.cif,True,False,False,0,0,-3.22218561172,1.04218561172,1.12218561172,False,-6.51366007328,A,True,False,606,8,Cm,1.939508,10.080641
job_186_Ti_fe_-0.814_n4_generated_crystals_cif__gen_2,D:\CGCNN_Formation_Energy_AL_Archive\experiments\reproducibility\staging\paired_confirmation_server_20260712\EARLY_LiM2O4_ALIGNN_HARD640_m2p18_m2p02_FLAT_20260617\job_186_Ti_fe_-0.814_n4_generated_crystals_cif__gen_2.cif,True,850dbc0ba368611cddcd803e12ec51d4536e6fbcf893035dd921a551eb25f7e9,Li1 Ti2 O4,LiTi2O4,Ti,LiTi2O4,-3.20260763168,,0.581095089819,saved CGCNN MC-dropout sigma; candidate-level ALIGNN uncertainty not available,-3.16022753716,0.581095089819,0.0423800945282,0.0209455672019,514,0,-6.39129769802,A,True,False,593,38,313,20,c9b21fa2f962d48171bd772d1d82c63e6cc5ebca4aa84b592479ddb872b2f682,"Li/M/O role-RDF: six unordered pairs, 0-6 A in 0.2-A bins; scale-free sorted lattice lengths, angles, and normalized volume",SM_Ti_014,5,FP_036,16,recurring_density_cluster,job_109_Ti_fe_-0.845_n4_generated_crystals_cif__gen_1,0.314813597046,job_120_Cr_fe_-1.424_n4_generated_crystals_cif__gen_1,0.760169943826,no_shared_cluster,D:\User\leoluis0705\Documents\xwechat_files\wxid_bbzc35ridmlc22_e97b\msg\file\2026-04\initial_1000_raw_generations.zip::raw_generations/job_186_Ti_fe_-0.814_n4/generated_crystals_cif.zip::gen_2.cif,raw_generations/job_186_Ti_fe_-0.814_n4/generated_crystals_cif.zip,gen_2.cif,True,False,False,0,0,-3.20260763168,1.02260763168,1.10260763168,False,-6.39129769802,A,True,False,566,1,P1,1.847958,11.699615
job_187_Ni_fe_-0.981_n4_generated_crystals_cif__gen_1,D:\CGCNN_Formation_Energy_AL_Archive\experiments\reproducibility\staging\paired_confirmation_server_20260712\EARLY_LiM2O4_ALIGNN_HARD640_m2p18_m2p02_FLAT_20260617\job_187_Ni_fe_-0.981_n4_generated_crystals_cif__gen_1.cif,True,f95d93d1ed9804da04f35768478eba72e850fb811018232d8e59842965e60d56,Li1 Ni2 O4,Li(NiO2)2,Ni,Li(NiO2)2,-0.969540596008,,0.530789289592,saved CGCNN MC-dropout sigma; candidate-level ALIGNN uncertainty not available,-1.43759977818,0.530789289592,0.468059182167,0.0553138357576,430,0,7.56537127495,F,True,False,354,23,538,34,9507fb78f9cf800d6deba7b94eaebac56afe3d95bd603e32de8e4187708d64cd,"Li/M/O role-RDF: six unordered pairs, 0-6 A in 0.2-A bins; scale-free sorted lattice lengths, angles, and normalized volume",SM_Ni_008,10,FP_053,8,recurring_density_cluster,job_218_Ni_fe_-1.221_n4_generated_crystals_cif__gen_1,0.26352345697,job_148_Mn_fe_-0.904_n4_generated_crystals_cif__gen_2,0.988314669943,no_shared_cluster,D:\User\leoluis0705\Documents\xwechat_files\wxid_bbzc35ridmlc22_e97b\msg\file\2026-04\initial_1000_raw_generations.zip::raw_generations/job_187_Ni_fe_-0.981_n4/generated_crystals_cif.zip::gen_1.cif,raw_generations/job_187_Ni_fe_-0.981_n4/generated_crystals_cif.zip,gen_1.cif,True,False,False,0,0,-0.969540596008,1.05045940399,1.13045940399,False,7.56537127495,F,True,False,625,1,P1,1.836918,9.242589
job_187_Ni_fe_-0.981_n4_generated_crystals_cif__gen_2,D:\CGCNN_Formation_Energy_AL_Archive\experiments\reproducibility\staging\paired_confirmation_server_20260712\EARLY_LiM2O4_ALIGNN_HARD640_m2p18_m2p02_FLAT_20260617\job_187_Ni_fe_-0.981_n4_generated_crystals_cif__gen_2.cif,True,c3d79fb92f2f611f4b1e1bb28c1c9e0e08329ca93789dcbbd4e563a186a2a0ca,Li1 Ni2 O4,Li(NiO2)2,Ni,Li(NiO2)2,-0.967257559299,,0.702751347809,saved CGCNN MC-dropout sigma; candidate-level ALIGNN uncertainty not available,-1.44616746902,0.702751347809,0.478909909725,0.0589024542897,402,0,7.57964025438,F,True,False,550,35,518,33,2d8a1f278274255174df39ac765834aa10caadb0085ee7c9a96a41991d9be5d6,"Li/M/O role-RDF: six unordered pairs, 0-6 A in 0.2-A bins; scale-free sorted lattice lengths, angles, and normalized volume",SM_Ni_011,2,FP_SINGLETON_109,1,hdbscan_noise_singleton,job_099_Ni_fe_-1.343_n4_generated_crystals_cif__gen_0,0.902216196291,job_148_Mn_fe_-0.904_n4_generated_crystals_cif__gen_2,1.15238205792,no_shared_cluster,D:\User\leoluis0705\Documents\xwechat_files\wxid_bbzc35ridmlc22_e97b\msg\file\2026-04\initial_1000_raw_generations.zip::raw_generations/job_187_Ni_fe_-0.981_n4/generated_crystals_cif.zip::gen_2.cif,raw_generations/job_187_Ni_fe_-0.981_n4/generated_crystals_cif.zip,gen_2.cif,True,False,False,0,0,-0.967257559299,1.0527424407,1.1327424407,False,7.57964025438,F,True,False,627,1,P1,1.858017,10.495557
job_187_Ni_fe_-0.981_n4_generated_crystals_cif__gen_3,D:\CGCNN_Formation_Energy_AL_Archive\experiments\reproducibility\staging\paired_confirmation_server_20260712\EARLY_LiM2O4_ALIGNN_HARD640_m2p18_m2p02_FLAT_20260617\job_187_Ni_fe_-0.981_n4_generated_crystals_cif__gen_3.cif,True,88de32f9c65702e95caca9d34dd23486da5ddb67d7167a61002efd69234cd11a,Li1 Ni2 O4,Li(NiO2)2,Ni,Li(NiO2)2,-0.878816664219,,0.481912192583,saved CGCNN MC-dropout sigma; candidate-level ALIGNN uncertainty not available,-1.48288714886,0.481912192583,0.604070484638,0.0585120193314,406,0,8.13239584863,F,True,False,237,15,517,33,15d81924481e3d8d2b9ee568cc59a14f6f5b535f90f68e221b0cf71826d4747c,"Li/M/O role-RDF: six unordered pairs, 0-6 A in 0.2-A bins; scale-free sorted lattice lengths, angles, and normalized volume",SM_Ni_016,1,FP_043,10,recurring_density_cluster,job_162_Mn_fe_-1.493_n4_generated_crystals_cif__gen_1,0.392648614427,job_029_Cr_fe_-1.337_n4_generated_crystals_cif__gen_2,0.431768243965,same_fingerprint_cluster,D:\User\leoluis0705\Documents\xwechat_files\wxid_bbzc35ridmlc22_e97b\msg\file\2026-04\initial_1000_raw_generations.zip::raw_generations/job_187_Ni_fe_-0.981_n4/generated_crystals_cif.zip::gen_3.cif,raw_generations/job_187_Ni_fe_-0.981_n4/generated_crystals_cif.zip,gen_3.cif,True,False,False,0,0,-0.878816664219,1.14118333578,1.22118333578,False,8.13239584863,F,True,False,638,8,Cm,1.935462,10.214057
job_189_Mg_fe_-1.493_n4_generated_crystals_cif__gen_1,D:\CGCNN_Formation_Energy_AL_Archive\experiments\reproducibility\staging\paired_confirmation_server_20260712\EARLY_LiM2O4_ALIGNN_HARD640_m2p18_m2p02_FLAT_20260617\job_189_Mg_fe_-1.493_n4_generated_crystals_cif__gen_1.cif,True,73a6c8a800aa792ac8522bee1a9329ae8f286db80e36764e12b8e4c3c2dd11f4,Li1 Mg2 O4,LiMg2O4,Mg,LiMg2O4,-2.17741012573,,0.463854643117,saved CGCNN MC-dropout sigma; candidate-level ALIGNN uncertainty not available,-3.0682311058,0.463854643117,0.890820980072,0.0158371951458,525,1,0.0161867141724,B,True,False,266,17,290,19,61a534b64b753e42591df06c17899d7b8d0b7011189456a983e9860efb917a17,"Li/M/O role-RDF: six unordered pairs, 0-6 A in 0.2-A bins; scale-free sorted lattice lengths, angles, and normalized volume",SM_Mg_003,8,FP_032,5,recurring_density_cluster,job_178_Mg_fe_-1.353_n4_generated_crystals_cif__gen_1,0.099608100869,job_101_Mg_fe_-1.339_n4_generated_crystals_cif__gen_1,0.172184504532,same_structurematcher_cluster,D:\User\leoluis0705\Documents\xwechat_files\wxid_bbzc35ridmlc22_e97b\msg\file\2026-04\initial_1000_raw_generations.zip::raw_generations/job_189_Mg_fe_-1.493_n4/generated_crystals_cif.zip::gen_1.cif,raw_generations/job_189_Mg_fe_-1.493_n4/generated_crystals_cif.zip,gen_1.cif,True,False,True,2,0.651052398728,-1.526357727,0.493642272996,0.573642272996,False,4.08526420623,F,True,False,265,8,Cm,1.956868,10.377045
job_190_Mn_fe_-0.838_n4_generated_crystals_cif__gen_1,D:\CGCNN_Formation_Energy_AL_Archive\experiments\reproducibility\staging\paired_confirmation_server_20260712\EARLY_LiM2O4_ALIGNN_HARD640_m2p18_m2p02_FLAT_20260617\job_190_Mn_fe_-0.838_n4_generated_crystals_cif__gen_1.cif,True,d22086d36b63be2d113f3b1bcbdae95ebfdef7a562a3c369680f7c10d0c8ad8c,Li1 Mn2 O4,LiMn2O4,Mn,LiMn2O4,-2.01073384285,,0.367978026798,saved CGCNN MC-dropout sigma; candidate-level ALIGNN uncertainty not available,-2.20621919632,0.367978026798,0.19548535347,0.165191530491,17,0,1.05791348219,F,True,False,184,12,130,9,cc3693a2c54f94ba39da36290127186e5d7900c4e3691084b0e492b7632a31bb,"Li/M/O role-RDF: six unordered pairs, 0-6 A in 0.2-A bins; scale-free sorted lattice lengths, angles, and normalized volume",SM_Mn_004,35,FP_011,18,recurring_density_cluster,job_020_Mn_fe_-0.989_n4_generated_crystals_cif__gen_1,0.161672482787,job_167_Mn_fe_-0.885_n4_generated_crystals_cif__gen_3,0.262510286052,same_structurematcher_cluster,D:\User\leoluis0705\Documents\xwechat_files\wxid_bbzc35ridmlc22_e97b\msg\file\2026-04\initial_1000_raw_generations.zip::raw_generations/job_190_Mn_fe_-0.838_n4/generated_crystals_cif.zip::gen_1.cif,raw_generations/job_190_Mn_fe_-0.838_n4/generated_crystals_cif.zip,gen_1.cif,True,False,True,3,0.176542943114,-1.83419089974,0.185809100264,0.265809100264,False,2.16130687665,F,True,False,156,1,P1,1.916681,10.71964
job_190_Mn_fe_-0.838_n4_generated_crystals_cif__gen_2,D:\CGCNN_Formation_Energy_AL_Archive\experiments\reproducibility\staging\paired_confirmation_server_20260712\EARLY_LiM2O4_ALIGNN_HARD640_m2p18_m2p02_FLAT_20260617\job_190_Mn_fe_-0.838_n4_generated_crystals_cif__gen_2.cif,True,bb5c9b052707b2f17d979dc70ff0078340588d7e73d50019dd3fe3e146463b8b,Li1 Mn2 O4,LiMn2O4,Mn,LiMn2O4,-1.9161067009,,0.44563992968,saved CGCNN MC-dropout sigma; candidate-level ALIGNN uncertainty not available,-2.27410411835,0.44563992968,0.35799741745,0.132107915197,176,0,1.64933311939,F,True,False,213,14,232,15,c94d6d43eae8c626fcc5793fe7c7ab314f2729aca5b2a5b7253c578b3cce2a31,"Li/M/O role-RDF: six unordered pairs, 0-6 A in 0.2-A bins; scale-free sorted lattice lengths, angles, and normalized volume",SM_Mn_018,2,FP_001,3,recurring_density_cluster,job_000_Ti_fe_-1.422_n4_generated_crystals_cif__gen_0,0.287002431471,job_148_Mn_fe_-0.904_n4_generated_crystals_cif__gen_2,0.967555264131,no_shared_cluster,D:\User\leoluis0705\Documents\xwechat_files\wxid_bbzc35ridmlc22_e97b\msg\file\2026-04\initial_1000_raw_generations.zip::raw_generations/job_190_Mn_fe_-0.838_n4/generated_crystals_cif.zip::gen_2.cif,raw_generations/job_190_Mn_fe_-0.838_n4/generated_crystals_cif.zip,gen_2.cif,True,False,True,3,0.176542943114,-1.73956375778,0.280436242217,0.360436242217,False,2.75272651386,F,True,False,227,8,Cm,1.899685,11.043499
job_191_Ti_fe_-0.867_n4_generated_crystals_cif__gen_0,D:\CGCNN_Formation_Energy_AL_Archive\experiments\reproducibility\staging\paired_confirmation_server_20260712\EARLY_LiM2O4_ALIGNN_HARD640_m2p18_m2p02_FLAT_20260617\job_191_Ti_fe_-0.867_n4_generated_crystals_cif__gen_0.cif,True,7e8bfd83211f8f1f1b34b1fb9d5055c89f2028b80ce2d2577ea169b4a84af0dc,Li1 Ti2 O4,LiTi2O4,Ti,LiTi2O4,-3.16451931,,0.405144328178,saved CGCNN MC-dropout sigma; candidate-level ALIGNN uncertainty not available,-2.96682906151,0.405144328178,0.197690248489,0.0163435995757,523,0,-6.15324568748,A,True,False,485,31,303,19,f45b3e7420af4f2d69f4558d20b1620ddcc28326ac053a313bf97840db36f15e,"Li/M/O role-RDF: six unordered pairs, 0-6 A in 0.2-A bins; scale-free sorted lattice lengths, angles, and normalized volume",SM_Ti_021,1,FP_SINGLETON_110,1,hdbscan_noise_singleton,job_131_Al_fe_-1.160_n4_generated_crystals_cif__gen_2,0.796739439105,job_006_Mn_fe_-1.347_n4_generated_crystals_cif__gen_1,0.961599181072,no_shared_cluster,D:\User\leoluis0705\Documents\xwechat_files\wxid_bbzc35ridmlc22_e97b\msg\file\2026-04\initial_1000_raw_generations.zip::raw_generations/job_191_Ti_fe_-0.867_n4/generated_crystals_cif.zip::gen_0.cif,raw_generations/job_191_Ti_fe_-0.867_n4/generated_crystals_cif.zip,gen_0.cif,True,False,False,0,0,-3.16451931,0.984519309998,1.06451931,False,-6.15324568748,A,True,False,497,1,P1,1.740442,11.377974
job_191_Ti_fe_-0.867_n4_generated_crystals_cif__gen_1,D:\CGCNN_Formation_Energy_AL_Archive\experiments\reproducibility\staging\paired_confirmation_server_20260712\EARLY_LiM2O4_ALIGNN_HARD640_m2p18_m2p02_FLAT_20260617\job_191_Ti_fe_-0.867_n4_generated_crystals_cif__gen_1.cif,True,7949c28c44e1fe9a8aacf59aa1a2d48a244da59a785e318eee7dc8808a2399bf,Li1 Ti2 O4,LiTi2O4,Ti,LiTi2O4,-3.1960747242,,0.557889132256,saved CGCNN MC-dropout sigma; candidate-level ALIGNN uncertainty not available,-3.25030112267,0.557889132256,0.054226398468,0.01380759768,529,0,-6.35046702623,A,True,False,400,25,635,40,f08a3be47d6a5f7a2bd8eb4df2e2266a111a585480637ed85b9c3dac3001a05a,"Li/M/O role-RDF: six unordered pairs, 0-6 A in 0.2-A bins; scale-free sorted lattice lengths, angles, and normalized volume",SM_Ti_003,9,FP_003,8,recurring_density_cluster,job_180_Ti_fe_-0.903_n4_generated_crystals_cif__gen_2,0.101569158284,job_167_Mn_fe_-0.885_n4_generated_crystals_cif__gen_3,0.583174772499,no_shared_cluster,D:\User\leoluis0705\Documents\xwechat_files\wxid_bbzc35ridmlc22_e97b\msg\file\2026-04\initial_1000_raw_generations.zip::raw_generations/job_191_Ti_fe_-0.867_n4/generated_crystals_cif.zip::gen_1.cif,raw_generations/job_191_Ti_fe_-0.867_n4/generated_crystals_cif.zip,gen_1.cif,True,False,False,0,0,-3.1960747242,1.0160747242,1.0960747242,False,-6.35046702623,A,True,False,557,12,C2/m,1.938622,10.886077
job_191_Ti_fe_-0.867_n4_generated_crystals_cif__gen_3,D:\CGCNN_Formation_Energy_AL_Archive\experiments\reproducibility\staging\paired_confirmation_server_20260712\EARLY_LiM2O4_ALIGNN_HARD640_m2p18_m2p02_FLAT_20260617\job_191_Ti_fe_-0.867_n4_generated_crystals_cif__gen_3.cif,True,931b4976ff663de9134aff4922f235a8251f27645f09e442c38585af7fbc4934,Li1 Ti2 O4,LiTi2O4,Ti,LiTi2O4,-3.22239947319,,0.506492590434,saved CGCNN MC-dropout sigma; candidate-level ALIGNN uncertainty not available,-3.36146116257,0.506492590434,0.139061689377,0.00579159081121,588,0,-6.51499670744,A,True,False,286,18,574,36,4940a8c14391a563788ad22ca584089fb65ea98e53ec976d6616c1075f1107f1,"Li/M/O role-RDF: six unordered pairs, 0-6 A in 0.2-A bins; scale-free sorted lattice lengths, angles, and normalized volume",SM_Ti_002,41,FP_004,5,recurring_density_cluster,job_180_Ti_fe_-0.903_n4_generated_crystals_cif__gen_3,0.256741429966,job_011_Mg_fe_-1.305_n4_generated_crystals_cif__gen_0,0.716772644168,no_shared_cluster,D:\User\leoluis0705\Documents\xwechat_files\wxid_bbzc35ridmlc22_e97b\msg\file\2026-04\initial_1000_raw_generations.zip::raw_generations/job_191_Ti_fe_-0.867_n4/generated_crystals_cif.zip::gen_3.cif,raw_generations/job_191_Ti_fe_-0.867_n4/generated_crystals_cif.zip,gen_3.cif,True,False,False,0,0,-3.22239947319,1.04239947319,1.12239947319,False,-6.51499670744,A,True,False,607,8,Cm,2.006701,10.140884
job_192_Mg_fe_-1.475_n4_generated_crystals_cif__gen_0,D:\CGCNN_Formation_Energy_AL_Archive\experiments\reproducibility\staging\paired_confirmation_server_20260712\EARLY_LiM2O4_ALIGNN_HARD640_m2p18_m2p02_FLAT_20260617\job_192_Mg_fe_-1.475_n4_generated_crystals_cif__gen_0.cif,True,e42615fe43eb21526f3a01ad52a2cc510a4edc32c6157ede60f2112b17a6b44a,Li1 Mg2 O4,LiMg2O4,Mg,LiMg2O4,-2.17795109749,,0.382585413503,saved CGCNN MC-dropout sigma; candidate-level ALIGNN uncertainty not available,-3.09171056747,0.382585413503,0.913759469986,0.00604012240865,581,1,0.0128056406975,B,True,False,284,18,291,19,f9ffc288bb78991f674d0886e97b3f1c259dd370e27f2196becb713d00f700ff,"Li/M/O role-RDF: six unordered pairs, 0-6 A in 0.2-A bins; scale-free sorted lattice lengths, angles, and normalized volume",SM_Mg_003,8,FP_012,3,recurring_density_cluster,job_008_Mg_fe_-1.361_n4_generated_crystals_cif__gen_1,0.311793230838,job_101_Mg_fe_-1.339_n4_generated_crystals_cif__gen_1,0.544495161095,same_structurematcher_cluster,D:\User\leoluis0705\Documents\xwechat_files\wxid_bbzc35ridmlc22_e97b\msg\file\2026-04\initial_1000_raw_generations.zip::raw_generations/job_192_Mg_fe_-1.475_n4/generated_crystals_cif.zip::gen_0.cif,raw_generations/job_192_Mg_fe_-1.475_n4/generated_crystals_cif.zip,gen_0.cif,True,False,True,2,0.651052398728,-1.52689869876,0.49310130124,0.57310130124,False,4.08188313275,F,True,False,264,8,Cm,2.006526,10.516746
job_193_Co_fe_-1.092_n4_generated_crystals_cif__gen_0,D:\CGCNN_Formation_Energy_AL_Archive\experiments\reproducibility\staging\paired_confirmation_server_20260712\EARLY_LiM2O4_ALIGNN_HARD640_m2p18_m2p02_FLAT_20260617\job_193_Co_fe_-1.092_n4_generated_crystals_cif__gen_0.cif,True,12ccb4e38bcc70a18c0bd75040c69b49bd417818858358b2f24d7a5ce693fc82,Li1 Co2 O4,Li(CoO2)2,Co,Li(CoO2)2,-1.45255851746,,0.564204666002,saved CGCNN MC-dropout sigma; candidate-level ALIGNN uncertainty not available,-1.57486510277,0.564204666002,0.122306585312,0.0733300460201,321,0,4.5465092659,F,True,False,355,23,354,23,f1f17b0390de30ca1b2135d78ad9ae6448ec6469003bdb645fbedddf5754c1ab,"Li/M/O role-RDF: six unordered pairs, 0-6 A in 0.2-A bins; scale-free sorted lattice lengths, angles, and normalized volume",SM_Co_021,2,FP_058,6,recurring_density_cluster,job_087_Cr_fe_-1.452_n4_generated_crystals_cif__gen_2,0.432669301752,job_120_Cr_fe_-1.424_n4_generated_crystals_cif__gen_1,0.919415437692,no_shared_cluster,D:\User\leoluis0705\Documents\xwechat_files\wxid_bbzc35ridmlc22_e97b\msg\file\2026-04\initial_1000_raw_generations.zip::raw_generations/job_193_Co_fe_-1.092_n4/generated_crystals_cif.zip::gen_0.cif,raw_generations/job_193_Co_fe_-1.092_n4/generated_crystals_cif.zip,gen_0.cif,True,False,False,0,0,-1.45255851746,0.567441482544,0.647441482544,False,4.5465092659,F,True,False,318,10,P2/m,1.897395,10.504865
job_193_Co_fe_-1.092_n4_generated_crystals_cif__gen_1,D:\CGCNN_Formation_Energy_AL_Archive\experiments\reproducibility\staging\paired_confirmation_server_20260712\EARLY_LiM2O4_ALIGNN_HARD640_m2p18_m2p02_FLAT_20260617\job_193_Co_fe_-1.092_n4_generated_crystals_cif__gen_1.cif,True,6c4ee2760bd02a006b8111c2afec2c7c700ecaf1f4b8410198e99023f73a9064,Li1 Co2 O4,Li(CoO2)2,Co,Li(CoO2)2,-1.44235527515,,0.372037678529,saved CGCNN MC-dropout sigma; candidate-level ALIGNN uncertainty not available,-1.66226148605,0.372037678529,0.219906210899,0.0861166609634,273,0,4.61027953029,F,True,False,415,26,333,21,b62b9c534a5ff6341434cbddd7fbfc1146f2324d5260b6a850f71e7286a07bfd,"Li/M/O role-RDF: six unordered pairs, 0-6 A in 0.2-A bins; scale-free sorted lattice lengths, angles, and normalized volume",SM_Co_006,12,FP_041,12,recurring_density_cluster,job_108_Ni_fe_-1.123_n4_generated_crystals_cif__gen_2,0.352785774586,job_204_Cr_fe_-0.932_n4_generated_crystals_cif__gen_3,0.770344418406,no_shared_cluster,D:\User\leoluis0705\Documents\xwechat_files\wxid_bbzc35ridmlc22_e97b\msg\file\2026-04\initial_1000_raw_generations.zip::raw_generations/job_193_Co_fe_-1.092_n4/generated_crystals_cif.zip::gen_1.cif,raw_generations/job_193_Co_fe_-1.092_n4/generated_crystals_cif.zip,gen_1.cif,True,False,False,0,0,-1.44235527515,0.577644724846,0.657644724846,False,4.61027953029,F,True,False,323,8,Cm,1.912708,9.480639
job_193_Co_fe_-1.092_n4_generated_crystals_cif__gen_3,D:\CGCNN_Formation_Energy_AL_Archive\experiments\reproducibility\staging\paired_confirmation_server_20260712\EARLY_LiM2O4_ALIGNN_HARD640_m2p18_m2p02_FLAT_20260617\job_193_Co_fe_-1.092_n4_generated_crystals_cif__gen_3.cif,True,58b53cc7b4aa2f61be518a7df67cf29f2071fd621883c1b23cb23999b044bcf9,Li1 Co2 O4,Li(CoO2)2,Co,Li(CoO2)2,-1.50739312172,,0.480417645933,saved CGCNN MC-dropout sigma; candidate-level ALIGNN uncertainty not available,-1.52340054512,0.480417645933,0.0160074234009,0.0647866915506,385,0,4.20379298925,F,True,False,544,34,400,25,3cf54c821b691a3d4ebed29d1e3e96d34269125352f90a33d4cef8c1077295bf,"Li/M/O role-RDF: six unordered pairs, 0-6 A in 0.2-A bins; scale-free sorted lattice lengths, angles, and normalized volume",SM_Co_004,18,FP_SINGLETON_111,1,hdbscan_noise_singleton,job_053_Co_fe_-0.977_n4_generated_crystals_cif__gen_3,0.25912737907,job_136_Cr_fe_-1.181_n4_generated_crystals_cif__gen_0,0.755888589659,no_shared_cluster,D:\User\leoluis0705\Documents\xwechat_files\wxid_bbzc35ridmlc22_e97b\msg\file\2026-04\initial_1000_raw_generations.zip::raw_generations/job_193_Co_fe_-1.092_n4/generated_crystals_cif.zip::gen_3.cif,raw_generations/job_193_Co_fe_-1.092_n4/generated_crystals_cif.zip,gen_3.cif,True,False,False,0,0,-1.50739312172,0.512606878281,0.592606878281,False,4.20379298925,F,True,False,281,10,P2/m,1.897501,9.677183
job_194_Ni_fe_-1.199_n4_generated_crystals_cif__gen_0,D:\CGCNN_Formation_Energy_AL_Archive\experiments\reproducibility\staging\paired_confirmation_server_20260712\EARLY_LiM2O4_ALIGNN_HARD640_m2p18_m2p02_FLAT_20260617\job_194_Ni_fe_-1.199_n4_generated_crystals_cif__gen_0.cif,True,57a5b51ba22dc8a84871a0f9bb66f23775068042c8b19ff61200521550d95209,Li1 Ni2 O4,Li(NiO2)2,Ni,Li(NiO2)2,-1.03376483917,,0.47544819206,saved CGCNN MC-dropout sigma; candidate-level ALIGNN uncertainty not available,-1.42487800121,0.47544819206,0.391113162041,0.0492213076604,479,0,7.16396975517,F,True,False,559,35,503,32,a94146a5cdcf366cf1c00dc9b357109e9baa4236e72a3f8fe15807d7915fbcdd,"Li/M/O role-RDF: six unordered pairs, 0-6 A in 0.2-A bins; scale-free sorted lattice lengths, angles, and normalized volume",SM_Ni_003,30,FP_025,8,recurring_density_cluster,job_124_Ni_fe_-0.888_n4_generated_crystals_cif__gen_0,0.163031182474,job_136_Cr_fe_-1.181_n4_generated_crystals_cif__gen_0,0.519416187468,no_shared_cluster,D:\User\leoluis0705\Documents\xwechat_files\wxid_bbzc35ridmlc22_e97b\msg\file\2026-04\initial_1000_raw_generations.zip::raw_generations/job_194_Ni_fe_-1.199_n4/generated_crystals_cif.zip::gen_0.cif,raw_generations/job_194_Ni_fe_-1.199_n4/generated_crystals_cif.zip,gen_0.cif,True,False,False,0,0,-1.03376483917,0.986235160828,1.06623516083,False,7.16396975517,F,True,False,499,12,C2/m,1.874459,10.01998
job_194_Ni_fe_-1.199_n4_generated_crystals_cif__gen_1,D:\CGCNN_Formation_Energy_AL_Archive\experiments\reproducibility\staging\paired_confirmation_server_20260712\EARLY_LiM2O4_ALIGNN_HARD640_m2p18_m2p02_FLAT_20260617\job_194_Ni_fe_-1.199_n4_generated_crystals_cif__gen_1.cif,True,3edb8556431796cc38091ca54ee6ca51eef44319430179a149ee662106c2abbb,Li1 Ni2 O4,Li(NiO2)2,Ni,Li(NiO2)2,-0.962997198105,,0.473135967353,saved CGCNN MC-dropout sigma; candidate-level ALIGNN uncertainty not available,-1.40802454948,0.473135967353,0.445027351379,0.0465481882395,485,0,7.60626751184,F,True,False,283,18,544,34,8bd228ec35984e44a0f96ad26940091c149ae7d1c6e7698a35372ad5ed581294,"Li/M/O role-RDF: six unordered pairs, 0-6 A in 0.2-A bins; scale-free sorted lattice lengths, angles, and normalized volume",SM_Ni_017,1,FP_SINGLETON_112,1,hdbscan_noise_singleton,job_169_Al_fe_-0.916_n4_generated_crystals_cif__gen_1,0.966899754195,job_006_Mn_fe_-1.347_n4_generated_crystals_cif__gen_1,1.36559760904,no_shared_cluster,D:\User\leoluis0705\Documents\xwechat_files\wxid_bbzc35ridmlc22_e97b\msg\file\2026-04\initial_1000_raw_generations.zip::raw_generations/job_194_Ni_fe_-1.199_n4/generated_crystals_cif.zip::gen_1.cif,raw_generations/job_194_Ni_fe_-1.199_n4/generated_crystals_cif.zip,gen_1.cif,True,False,False,0,0,-0.962997198105,1.05700280189,1.1370028019,False,7.60626751184,F,True,False,630,8,Cm,1.823123,10.007348
job_194_Ni_fe_-1.199_n4_generated_crystals_cif__gen_2,D:\CGCNN_Formation_Energy_AL_Archive\experiments\reproducibility\staging\paired_confirmation_server_20260712\EARLY_LiM2O4_ALIGNN_HARD640_m2p18_m2p02_FLAT_20260617\job_194_Ni_fe_-1.199_n4_generated_crystals_cif__gen_2.cif,True,cb8a52e5852eb3ee42bce0ac87bba841c9cd2281ca6bcc7b1059203f85e7a352,Li1 Ni2 O4,Li(NiO2)2,Ni,Li(NiO2)2,-1.03268504143,,0.529173785769,saved CGCNN MC-dropout sigma; candidate-level ALIGNN uncertainty not available,-1.39419484138,0.529173785769,0.361509799957,0.0497058721551,473,0,7.17071849108,F,True,False,627,40,491,31,ee288496bf7740bdc13bf04d5c0c3a10561c45e02c8ece67eeb0423e2ff5ecba,"Li/M/O role-RDF: six unordered pairs, 0-6 A in 0.2-A bins; scale-free sorted lattice lengths, angles, and normalized volume",SM_Ni_003,30,FP_025,8,recurring_density_cluster,job_123_Ni_fe_-1.305_n4_generated_crystals_cif__gen_3,0.236203047283,job_136_Cr_fe_-1.181_n4_generated_crystals_cif__gen_0,0.548341407943,no_shared_cluster,D:\User\leoluis0705\Documents\xwechat_files\wxid_bbzc35ridmlc22_e97b\msg\file\2026-04\initial_1000_raw_generations.zip::raw_generations/job_194_Ni_fe_-1.199_n4/generated_crystals_cif.zip::gen_2.cif,raw_generations/job_194_Ni_fe_-1.199_n4/generated_crystals_cif.zip,gen_2.cif,True,False,False,0,0,-1.03268504143,0.987314958572,1.06731495857,False,7.17071849108,F,True,False,504,12,C2/m,1.868736,9.928866
job_195_Mn_fe_-1.284_n4_generated_crystals_cif__gen_0,D:\CGCNN_Formation_Energy_AL_Archive\experiments\reproducibility\staging\paired_confirmation_server_20260712\EARLY_LiM2O4_ALIGNN_HARD640_m2p18_m2p02_FLAT_20260617\job_195_Mn_fe_-1.284_n4_generated_crystals_cif__gen_0.cif,True,6711b2d09265927f8dd4f2dcb5ff12e7a93a2838e8724ce75f30b23b5c28d749,Li1 Mn2 O4,LiMn2O4,Mn,LiMn2O4,-1.95347952843,,0.428887195681,saved CGCNN MC-dropout sigma; candidate-level ALIGNN uncertainty not available,-2.21086549759,0.428887195681,0.257385969162,0.143163429551,106,0,1.41575294733,F,True,False,243,16,239,15,050035932e81e0f85a3bb891cd660eb5d934b1d4c60b6aade8491a8abb37cd75,"Li/M/O role-RDF: six unordered pairs, 0-6 A in 0.2-A bins; scale-free sorted lattice lengths, angles, and normalized volume",SM_Mn_017,5,FP_043,10,recurring_density_cluster,job_164_Mn_fe_-1.449_n4_generated_crystals_cif__gen_1,0.328256315945,job_083_Cr_fe_-0.935_n4_generated_crystals_cif__gen_1,0.418761247141,same_fingerprint_cluster,D:\User\leoluis0705\Documents\xwechat_files\wxid_bbzc35ridmlc22_e97b\msg\file\2026-04\initial_1000_raw_generations.zip::raw_generations/job_195_Mn_fe_-1.284_n4/generated_crystals_cif.zip::gen_0.cif,raw_generations/job_195_Mn_fe_-1.284_n4/generated_crystals_cif.zip,gen_0.cif,True,False,True,3,0.176542943114,-1.77693658531,0.243063414687,0.323063414687,False,2.51914634179,F,True,False,202,5,C2,1.925366,10.543901
job_195_Mn_fe_-1.284_n4_generated_crystals_cif__gen_1,D:\CGCNN_Formation_Energy_AL_Archive\experiments\reproducibility\staging\paired_confirmation_server_20260712\EARLY_LiM2O4_ALIGNN_HARD640_m2p18_m2p02_FLAT_20260617\job_195_Mn_fe_-1.284_n4_generated_crystals_cif__gen_1.cif,True,b4526c40789404074bdcbfd3c02b700226152c7f23937aaaff2e9efab56d90db,Li1 Mn2 O4,LiMn2O4,Mn,LiMn2O4,-2.02343964577,,0.386525691518,saved CGCNN MC-dropout sigma; candidate-level ALIGNN uncertainty not available,-2.21816539764,0.386525691518,0.194725751877,0.156586188991,48,1,0.978502213955,E,True,False,149,10,137,9,f68574fd77f8fd7a2ac81a41b3651097c6b612219835b056a85e913bb79ae352,"Li/M/O role-RDF: six unordered pairs, 0-6 A in 0.2-A bins; scale-free sorted lattice lengths, angles, and normalized volume",SM_Mn_004,35,FP_011,18,recurring_density_cluster,job_061_Mn_fe_-1.231_n4_generated_crystals_cif__gen_0,0.0934734999496,job_167_Mn_fe_-0.885_n4_generated_crystals_cif__gen_3,0.260840917061,same_structurematcher_cluster,D:\User\leoluis0705\Documents\xwechat_files\wxid_bbzc35ridmlc22_e97b\msg\file\2026-04\initial_1000_raw_generations.zip::raw_generations/job_195_Mn_fe_-1.284_n4/generated_crystals_cif.zip::gen_1.cif,raw_generations/job_195_Mn_fe_-1.284_n4/generated_crystals_cif.zip,gen_1.cif,True,False,True,3,0.176542943114,-1.84689670265,0.173103297347,0.253103297347,False,2.08189560842,F,True,False,129,2,P-1,1.918747,10.811829
job_195_Mn_fe_-1.284_n4_generated_crystals_cif__gen_3,D:\CGCNN_Formation_Energy_AL_Archive\experiments\reproducibility\staging\paired_confirmation_server_20260712\EARLY_LiM2O4_ALIGNN_HARD640_m2p18_m2p02_FLAT_20260617\job_195_Mn_fe_-1.284_n4_generated_crystals_cif__gen_3.cif,True,1f9b48d310b4849da4b3709ad71c2a68e349a9712d375961b7a5c28e6c8847fa,Li1 Mn2 O4,LiMn2O4,Mn,LiMn2O4,-2.01524710655,,0.426178586895,saved CGCNN MC-dropout sigma; candidate-level ALIGNN uncertainty not available,-2.21898436546,0.426178586895,0.203737258911,0.143273500406,105,0,1.02970558405,F,True,False,197,13,96,6,956141e7ec2662ab7eb21bb12b4a9d3561a9d132af3d43f8d3cc2b4f20608509,"Li/M/O role-RDF: six unordered pairs, 0-6 A in 0.2-A bins; scale-free sorted lattice lengths, angles, and normalized volume",SM_Mn_004,35,FP_011,18,recurring_density_cluster,job_224_Mn_fe_-1.419_n4_generated_crystals_cif__gen_3,0.18803936731,job_167_Mn_fe_-0.885_n4_generated_crystals_cif__gen_3,0.32936691537,same_structurematcher_cluster,D:\User\leoluis0705\Documents\xwechat_files\wxid_bbzc35ridmlc22_e97b\msg\file\2026-04\initial_1000_raw_generations.zip::raw_generations/job_195_Mn_fe_-1.284_n4/generated_crystals_cif.zip::gen_3.cif,raw_generations/job_195_Mn_fe_-1.284_n4/generated_crystals_cif.zip,gen_3.cif,True,False,True,3,0.176542943114,-1.83870416344,0.181295836562,0.261295836562,False,2.13309897851,F,True,False,147,1,P1,1.918419,10.855944
job_196_Cr_fe_-0.819_n4_generated_crystals_cif__gen_1,D:\CGCNN_Formation_Energy_AL_Archive\experiments\reproducibility\staging\paired_confirmation_server_20260712\EARLY_LiM2O4_ALIGNN_HARD640_m2p18_m2p02_FLAT_20260617\job_196_Cr_fe_-0.819_n4_generated_crystals_cif__gen_1.cif,True,9fb0028a1a629ecf5ea4018d36ef1eeab01e3bd13874ebf591bbc42802f51dc8,Li1 Cr2 O4,LiCr2O4,Cr,LiCr2O4,-2.10883450508,,0.319453378857,saved CGCNN MC-dropout sigma; candidate-level ALIGNN uncertainty not available,-2.10091567039,0.319453378857,0.00791883468628,0.197742654783,2,1,0.444784343243,C,False,True,128,8,1,1,15f0e75eb5eaadb5aaa905101e815cf7dc1bbd6a178c59d64fd6521b6402c749,"Li/M/O role-RDF: six unordered pairs, 0-6 A in 0.2-A bins; scale-free sorted lattice lengths, angles, and normalized volume",SM_Cr_018,1,FP_067,5,recurring_density_cluster,job_234_Cr_fe_-1.123_n4_generated_crystals_cif__gen_3,0.709461308551,job_006_Mn_fe_-1.347_n4_generated_crystals_cif__gen_1,1.10055900725,no_shared_cluster,D:\User\leoluis0705\Documents\xwechat_files\wxid_bbzc35ridmlc22_e97b\msg\file\2026-04\initial_1000_raw_generations.zip::raw_generations/job_196_Cr_fe_-0.819_n4/generated_crystals_cif.zip::gen_1.cif,raw_generations/job_196_Cr_fe_-0.819_n4/generated_crystals_cif.zip,gen_1.cif,True,False,True,5,-0.102418564162,-2.21125306924,0.031253069243,0.111253069243,False,-0.195331682771,A,True,False,5,8,Cm,1.811286,10.584864
job_196_Cr_fe_-0.819_n4_generated_crystals_cif__gen_2,D:\CGCNN_Formation_Energy_AL_Archive\experiments\reproducibility\staging\paired_confirmation_server_20260712\EARLY_LiM2O4_ALIGNN_HARD640_m2p18_m2p02_FLAT_20260617\job_196_Cr_fe_-0.819_n4_generated_crystals_cif__gen_2.cif,True,bbdf99ca52bba5fd6c1406cfaa3e1803c9f6d857f8576e541919a5265ec3ea7e,Li1 Cr2 O4,LiCr2O4,Cr,LiCr2O4,-2.15016150475,,0.477535565937,saved CGCNN MC-dropout sigma; candidate-level ALIGNN uncertainty not available,-2.13777446747,0.477535565937,0.0123870372772,0.132632699266,173,1,0.186490595341,B,True,False,40,3,108,7,988393672e501ddb6dfff5201028ce0715e7b80c139cef8fff597d39b989a5d7,"Li/M/O role-RDF: six unordered pairs, 0-6 A in 0.2-A bins; scale-free sorted lattice lengths, angles, and normalized volume",SM_Cr_008,15,FP_080,4,recurring_density_cluster,job_214_Cr_fe_-0.857_n4_generated_crystals_cif__gen_0,0.175703109607,job_214_Cr_fe_-0.857_n4_generated_crystals_cif__gen_0,0.175703109607,same_structurematcher_cluster,D:\User\leoluis0705\Documents\xwechat_files\wxid_bbzc35ridmlc22_e97b\msg\file\2026-04\initial_1000_raw_generations.zip::raw_generations/job_196_Cr_fe_-0.819_n4/generated_crystals_cif.zip::gen_2.cif,raw_generations/job_196_Cr_fe_-0.819_n4/generated_crystals_cif.zip,gen_2.cif,True,False,True,5,-0.102418564162,-2.25258006891,0.072580068908,0.152580068908,False,-0.453625430673,A,True,False,22,1,P1,1.878912,9.772212
job_196_Cr_fe_-0.819_n4_generated_crystals_cif__gen_3,D:\CGCNN_Formation_Energy_AL_Archive\experiments\reproducibility\staging\paired_confirmation_server_20260712\EARLY_LiM2O4_ALIGNN_HARD640_m2p18_m2p02_FLAT_20260617\job_196_Cr_fe_-0.819_n4_generated_crystals_cif__gen_3.cif,True,d6d3fa4cc1776b6ea368464a2be8adf6e680a19c765ae08664c838f3e4c31099,Li1 Cr2 O4,LiCr2O4,Cr,LiCr2O4,-2.15105009079,,0.398553083923,saved CGCNN MC-dropout sigma; candidate-level ALIGNN uncertainty not available,-2.13016629219,0.398553083923,0.0208837985992,0.158638261994,35,1,0.180936932564,B,True,False,15,1,58,4,c38f59ad6c37acc47a4e26b27433f704de2f2b711714934c058b0e4fe474b3c6,"Li/M/O role-RDF: six unordered pairs, 0-6 A in 0.2-A bins; scale-free sorted lattice lengths, angles, and normalized volume",SM_Cr_008,15,FP_065,4,recurring_density_cluster,job_073_Cr_fe_-1.375_n4_generated_crystals_cif__gen_3,0.0962091304132,job_214_Cr_fe_-0.857_n4_generated_crystals_cif__gen_0,0.400239838968,same_structurematcher_cluster,D:\User\leoluis0705\Documents\xwechat_files\wxid_bbzc35ridmlc22_e97b\msg\file\2026-04\initial_1000_raw_generations.zip::raw_generations/job_196_Cr_fe_-0.819_n4/generated_crystals_cif.zip::gen_3.cif,raw_generations/job_196_Cr_fe_-0.819_n4/generated_crystals_cif.zip,gen_3.cif,True,False,True,5,-0.102418564162,-2.25346865495,0.073468654952,0.153468654952,False,-0.45917909345,A,True,False,23,1,P1,1.849438,9.700913
job_197_Mn_fe_-0.871_n4_generated_crystals_cif__gen_0,D:\CGCNN_Formation_Energy_AL_Archive\experiments\reproducibility\staging\paired_confirmation_server_20260712\EARLY_LiM2O4_ALIGNN_HARD640_m2p18_m2p02_FLAT_20260617\job_197_Mn_fe_-0.871_n4_generated_crystals_cif__gen_0.cif,True,c686c9845d9057685d16ca9bab0e3b055af6a6733771582219d234c30d059635,Li1 Mn2 O4,LiMn2O4,Mn,LiMn2O4,-1.92756342888,,0.472073822511,saved CGCNN MC-dropout sigma; candidate-level ALIGNN uncertainty not available,-2.21649694443,0.472073822511,0.288933515549,0.130571224656,185,0,1.57772856951,F,True,False,20,2,207,13,304714a579d928c79b446ebe34fa2a647c9035fba7977f6f1fe9ecb746496415,"Li/M/O role-RDF: six unordered pairs, 0-6 A in 0.2-A bins; scale-free sorted lattice lengths, angles, and normalized volume",SM_Mn_007,7,FP_SINGLETON_113,1,hdbscan_noise_singleton,job_089_Ni_fe_-1.410_n4_generated_crystals_cif__gen_3,0.661433989193,job_214_Cr_fe_-0.857_n4_generated_crystals_cif__gen_0,0.82968030366,no_shared_cluster,D:\User\leoluis0705\Documents\xwechat_files\wxid_bbzc35ridmlc22_e97b\msg\file\2026-04\initial_1000_raw_generations.zip::raw_generations/job_197_Mn_fe_-0.871_n4/generated_crystals_cif.zip::gen_0.cif,raw_generations/job_197_Mn_fe_-0.871_n4/generated_crystals_cif.zip,gen_0.cif,True,False,True,3,0.176542943114,-1.75102048576,0.268979514235,0.348979514235,False,2.68112196397,F,True,False,216,1,P1,1.889368,10.059482
job_197_Mn_fe_-0.871_n4_generated_crystals_cif__gen_1,D:\CGCNN_Formation_Energy_AL_Archive\experiments\reproducibility\staging\paired_confirmation_server_20260712\EARLY_LiM2O4_ALIGNN_HARD640_m2p18_m2p02_FLAT_20260617\job_197_Mn_fe_-0.871_n4_generated_crystals_cif__gen_1.cif,True,aaffeb1a4ca0cc257b602f86e6feb2ac9827ff819555c805f94dd8bfe48f143e,Li1 Mn2 O4,LiMn2O4,Mn,LiMn2O4,-1.870652318,,0.454979250967,saved CGCNN MC-dropout sigma; candidate-level ALIGNN uncertainty not available,-2.25735545158,0.454979250967,0.386703133583,0.131552167808,179,0,1.9334230125,F,True,False,269,17,243,16,5db6096f521ad0a4787bdbc430c460abcc542e48d014752a8815306abf42d1b3,"Li/M/O role-RDF: six unordered pairs, 0-6 A in 0.2-A bins; scale-free sorted lattice lengths, angles, and normalized volume",SM_Mn_026,1,FP_SINGLETON_114,1,hdbscan_noise_singleton,job_133_Mn_fe_-1.385_n4_generated_crystals_cif__gen_2,1.15946289602,job_058_Cr_fe_-1.423_n4_generated_crystals_cif__gen_0,1.50422159251,no_shared_cluster,D:\User\leoluis0705\Documents\xwechat_files\wxid_bbzc35ridmlc22_e97b\msg\file\2026-04\initial_1000_raw_generations.zip::raw_generations/job_197_Mn_fe_-0.871_n4/generated_crystals_cif.zip::gen_1.cif,raw_generations/job_197_Mn_fe_-0.871_n4/generated_crystals_cif.zip,gen_1.cif,True,False,True,3,0.176542943114,-1.69410937489,0.325890625113,0.405890625113,False,3.03681640696,F,True,False,239,156,P3m1,1.801561,10.927151
job_197_Mn_fe_-0.871_n4_generated_crystals_cif__gen_2,D:\CGCNN_Formation_Energy_AL_Archive\experiments\reproducibility\staging\paired_confirmation_server_20260712\EARLY_LiM2O4_ALIGNN_HARD640_m2p18_m2p02_FLAT_20260617\job_197_Mn_fe_-0.871_n4_generated_crystals_cif__gen_2.cif,True,8599b3cab4dfec94f2f1dfea5faf5f3dcd1e3f4d485fb778e474d373e48f3e12,Li1 Mn2 O4,LiMn2O4,Mn,LiMn2O4,-2.02712869644,,0.441700715181,saved CGCNN MC-dropout sigma; candidate-level ALIGNN uncertainty not available,-2.23813152313,0.441700715181,0.211002826691,0.136939063583,137,1,0.95544564724,E,True,False,209,14,66,5,f1b4eef96c321564970a9d8ea791f619e927b73552a2ebda9b225e860fcb1493,"Li/M/O role-RDF: six unordered pairs, 0-6 A in 0.2-A bins; scale-free sorted lattice lengths, angles, and normalized volume",SM_Mn_003,16,FP_054,3,recurring_density_cluster,job_061_Mn_fe_-1.231_n4_generated_crystals_cif__gen_2,0.350522978396,job_148_Mn_fe_-0.904_n4_generated_crystals_cif__gen_1,0.370767291146,same_structurematcher_cluster,D:\User\leoluis0705\Documents\xwechat_files\wxid_bbzc35ridmlc22_e97b\msg\file\2026-04\initial_1000_raw_generations.zip::raw_generations/job_197_Mn_fe_-0.871_n4/generated_crystals_cif.zip::gen_2.cif,raw_generations/job_197_Mn_fe_-0.871_n4/generated_crystals_cif.zip,gen_2.cif,True,False,True,3,0.176542943114,-1.85058575333,0.169414246673,0.249414246673,False,2.0588390417,F,True,False,124,8,Cm,1.926711,10.918835
job_198_Ni_fe_-1.023_n4_generated_crystals_cif__gen_0,D:\CGCNN_Formation_Energy_AL_Archive\experiments\reproducibility\staging\paired_confirmation_server_20260712\EARLY_LiM2O4_ALIGNN_HARD640_m2p18_m2p02_FLAT_20260617\job_198_Ni_fe_-1.023_n4_generated_crystals_cif__gen_0.cif,True,910d54934ad4c8b60dc36422b794fa3821940da1a9f05d55f2a4050b085a252b,Li1 Ni2 O4,Li(NiO2)2,Ni,Li(NiO2)2,-1.05174434185,,0.546348759093,saved CGCNN MC-dropout sigma; candidate-level ALIGNN uncertainty not available,-1.39540171623,0.546348759093,0.343657374382,0.0509827043245,461,0,7.05159786344,F,True,False,553,35,464,29,4ee4aff418dd5e59b0a57e1b34a19ad1d7d67bba5d211fb2ac92b0eee969a9f2,"Li/M/O role-RDF: six unordered pairs, 0-6 A in 0.2-A bins; scale-free sorted lattice lengths, angles, and normalized volume",SM_Ni_002,22,FP_059,8,recurring_density_cluster,job_077_Ni_fe_-1.238_n4_generated_crystals_cif__gen_1,0.155819323131,job_136_Cr_fe_-1.181_n4_generated_crystals_cif__gen_0,0.726609476363,no_shared_cluster,D:\User\leoluis0705\Documents\xwechat_files\wxid_bbzc35ridmlc22_e97b\msg\file\2026-04\initial_1000_raw_generations.zip::raw_generations/job_198_Ni_fe_-1.023_n4/generated_crystals_cif.zip::gen_0.cif,raw_generations/job_198_Ni_fe_-1.023_n4/generated_crystals_cif.zip,gen_0.cif,True,False,False,0,0,-1.05174434185,0.96825565815,1.04825565815,False,7.05159786344,F,True,False,459,10,P2/m,1.871895,9.779754
job_198_Ni_fe_-1.023_n4_generated_crystals_cif__gen_2,D:\CGCNN_Formation_Energy_AL_Archive\experiments\reproducibility\staging\paired_confirmation_server_20260712\EARLY_LiM2O4_ALIGNN_HARD640_m2p18_m2p02_FLAT_20260617\job_198_Ni_fe_-1.023_n4_generated_crystals_cif__gen_2.cif,True,4066ceeaf82875978396bf1ba8f10319dfce812a580cd9f06372e3404b502815,Li1 Ni2 O4,Li(NiO2)2,Ni,Li(NiO2)2,-0.997485637665,,0.40029616235,saved CGCNN MC-dropout sigma; candidate-level ALIGNN uncertainty not available,-1.4178262949,0.40029616235,0.420340657234,0.0377959413986,500,0,7.3907147646,F,True,False,507,32,530,34,818598755e6186bad64e2c1353c91ed21c9a3a1b0cb6afef9cdee2f9219e8263,"Li/M/O role-RDF: six unordered pairs, 0-6 A in 0.2-A bins; scale-free sorted lattice lengths, angles, and normalized volume",SM_Ni_006,7,FP_041,12,recurring_density_cluster,job_161_Co_fe_-0.850_n4_generated_crystals_cif__gen_2,0.335931455995,job_204_Cr_fe_-0.932_n4_generated_crystals_cif__gen_3,0.560382084857,no_shared_cluster,D:\User\leoluis0705\Documents\xwechat_files\wxid_bbzc35ridmlc22_e97b\msg\file\2026-04\initial_1000_raw_generations.zip::raw_generations/job_198_Ni_fe_-1.023_n4/generated_crystals_cif.zip::gen_2.cif,raw_generations/job_198_Ni_fe_-1.023_n4/generated_crystals_cif.zip,gen_2.cif,True,False,False,0,0,-0.997485637665,1.02251436233,1.10251436234,False,7.3907147646,F,True,False,565,8,Cm,1.877729,9.720613
job_198_Ni_fe_-1.023_n4_generated_crystals_cif__gen_3,D:\CGCNN_Formation_Energy_AL_Archive\experiments\reproducibility\staging\paired_confirmation_server_20260712\EARLY_LiM2O4_ALIGNN_HARD640_m2p18_m2p02_FLAT_20260617\job_198_Ni_fe_-1.023_n4_generated_crystals_cif__gen_3.cif,True,e95b85e3a1fb88dbd3768ddf069532ac61b11bd646cd7d4b3101d2524611754b,Li1 Ni2 O4,Li(NiO2)2,Ni,Li(NiO2)2,-1.04666292667,,0.518742399401,saved CGCNN MC-dropout sigma; candidate-level ALIGNN uncertainty not available,-1.45287871361,0.518742399401,0.406215786934,0.0566370126972,421,0,7.08335670829,F,True,False,451,29,472,30,6106464406a8729cd3a3543dff403b3f40ca36bd650ce046279397a0aabf967d,"Li/M/O role-RDF: six unordered pairs, 0-6 A in 0.2-A bins; scale-free sorted lattice lengths, angles, and normalized volume",SM_Ni_001,14,FP_052,7,recurring_density_cluster,job_158_Co_fe_-1.333_n4_generated_crystals_cif__gen_2,0.286345898874,job_148_Mn_fe_-0.904_n4_generated_crystals_cif__gen_2,1.00873861132,no_shared_cluster,D:\User\leoluis0705\Documents\xwechat_files\wxid_bbzc35ridmlc22_e97b\msg\file\2026-04\initial_1000_raw_generations.zip::raw_generations/job_198_Ni_fe_-1.023_n4/generated_crystals_cif.zip::gen_3.cif,raw_generations/job_198_Ni_fe_-1.023_n4/generated_crystals_cif.zip,gen_3.cif,True,False,False,0,0,-1.04666292667,0.973337073326,1.05333707333,False,7.08335670829,F,True,False,471,12,C2/m,1.877409,10.003047
job_199_Ti_fe_-1.428_n4_generated_crystals_cif__gen_0,D:\CGCNN_Formation_Energy_AL_Archive\experiments\reproducibility\staging\paired_confirmation_server_20260712\EARLY_LiM2O4_ALIGNN_HARD640_m2p18_m2p02_FLAT_20260617\job_199_Ti_fe_-1.428_n4_generated_crystals_cif__gen_0.cif,True,cae9167f51ab82b4a8c464ef2df5620b8932403526d7fecd4513b8b4deda859d,Li1 Ti2 O4,LiTi2O4,Ti,LiTi2O4,-3.16367006302,,0.503364105691,saved CGCNN MC-dropout sigma; candidate-level ALIGNN uncertainty not available,-3.25490641594,0.503364105691,0.0912363529205,0.00928485056047,556,0,-6.14793789387,A,True,False,357,23,629,40,43e7e26195d5590601d566033ae5d464349e8c3b4468c7187feaf5114e831d74,"Li/M/O role-RDF: six unordered pairs, 0-6 A in 0.2-A bins; scale-free sorted lattice lengths, angles, and normalized volume",SM_Ti_005,11,FP_013,10,recurring_density_cluster,job_160_Ti_fe_-1.290_n4_generated_crystals_cif__gen_3,0.162739874964,job_167_Mn_fe_-0.885_n4_generated_crystals_cif__gen_3,0.510968103982,no_shared_cluster,D:\User\leoluis0705\Documents\xwechat_files\wxid_bbzc35ridmlc22_e97b\msg\file\2026-04\initial_1000_raw_generations.zip::raw_generations/job_199_Ti_fe_-1.428_n4/generated_crystals_cif.zip::gen_0.cif,raw_generations/job_199_Ti_fe_-1.428_n4/generated_crystals_cif.zip,gen_0.cif,True,False,False,0,0,-3.16367006302,0.983670063019,1.06367006302,False,-6.14793789387,A,True,False,495,6,Pm,1.987516,10.970765
job_199_Ti_fe_-1.428_n4_generated_crystals_cif__gen_1,D:\CGCNN_Formation_Energy_AL_Archive\experiments\reproducibility\staging\paired_confirmation_server_20260712\EARLY_LiM2O4_ALIGNN_HARD640_m2p18_m2p02_FLAT_20260617\job_199_Ti_fe_-1.428_n4_generated_crystals_cif__gen_1.cif,True,c3a86c468d9449291d014bb7706306ab2c7da8b70f82144d5326212dc5711853,Li1 Ti2 O4,LiTi2O4,Ti,LiTi2O4,-3.20229053497,,0.546547801945,saved CGCNN MC-dropout sigma; candidate-level ALIGNN uncertainty not available,-3.24405837059,0.546547801945,0.0417678356171,0.0132172055716,532,0,-6.38931584358,A,True,False,318,20,632,40,028b801bb5ecaffd8de773812ddce134565b8ace7d1427c2760665074780da1a,"Li/M/O role-RDF: six unordered pairs, 0-6 A in 0.2-A bins; scale-free sorted lattice lengths, angles, and normalized volume",SM_Ti_003,9,FP_003,8,recurring_density_cluster,job_109_Ti_fe_-0.845_n4_generated_crystals_cif__gen_3,0.170667774885,job_167_Mn_fe_-0.885_n4_generated_crystals_cif__gen_3,0.588221055979,no_shared_cluster,D:\User\leoluis0705\Documents\xwechat_files\wxid_bbzc35ridmlc22_e97b\msg\file\2026-04\initial_1000_raw_generations.zip::raw_generations/job_199_Ti_fe_-1.428_n4/generated_crystals_cif.zip::gen_1.cif,raw_generations/job_199_Ti_fe_-1.428_n4/generated_crystals_cif.zip,gen_1.cif,True,False,False,0,0,-3.20229053497,1.02229053497,1.10229053497,False,-6.38931584358,A,True,False,564,1,P1,1.9387,10.72757
job_199_Ti_fe_-1.428_n4_generated_crystals_cif__gen_2,D:\CGCNN_Formation_Energy_AL_Archive\experiments\reproducibility\staging\paired_confirmation_server_20260712\EARLY_LiM2O4_ALIGNN_HARD640_m2p18_m2p02_FLAT_20260617\job_199_Ti_fe_-1.428_n4_generated_crystals_cif__gen_2.cif,True,b73ca2627363162be0b3094053432e0908b27fab8e4d40e970c7e6bac4deed51,Li1 Ti2 O4,LiTi2O4,Ti,LiTi2O4,-3.19534754753,,0.4240899368,saved CGCNN MC-dropout sigma; candidate-level ALIGNN uncertainty not available,-3.12298440933,0.4240899368,0.0723631381989,0.00843945727567,568,0,-6.34592217207,A,True,False,311,20,545,35,9ba6b4bab3825ac6e8388b5c56da928e95f1637d0461f8fb3d887e1804c8997c,"Li/M/O role-RDF: six unordered pairs, 0-6 A in 0.2-A bins; scale-free sorted lattice lengths, angles, and normalized volume",SM_Ti_007,9,FP_039,9,recurring_density_cluster,job_119_Ti_fe_-1.262_n4_generated_crystals_cif__gen_3,0.253312908141,job_249_Cr_fe_-1.500_n4_generated_crystals_cif__gen_1,0.805708191568,no_shared_cluster,D:\User\leoluis0705\Documents\xwechat_files\wxid_bbzc35ridmlc22_e97b\msg\file\2026-04\initial_1000_raw_generations.zip::raw_generations/job_199_Ti_fe_-1.428_n4/generated_crystals_cif.zip::gen_2.cif,raw_generations/job_199_Ti_fe_-1.428_n4/generated_crystals_cif.zip,gen_2.cif,True,False,False,0,0,-3.19534754753,1.01534754753,1.09534754753,False,-6.34592217207,A,True,False,556,1,P1,1.946541,10.778647
job_200_Cr_fe_-1.108_n4_generated_crystals_cif__gen_0,D:\CGCNN_Formation_Energy_AL_Archive\experiments\reproducibility\staging\paired_confirmation_server_20260712\EARLY_LiM2O4_ALIGNN_HARD640_m2p18_m2p02_FLAT_20260617\job_200_Cr_fe_-1.108_n4_generated_crystals_cif__gen_0.cif,True,523406bb7d1291a8c0c5ae4803af95eb82c638b32bd19a1febf9d37149b690f6,Li1 Cr2 O4,LiCr2O4,Cr,LiCr2O4,-2.1424612999,,0.527838908261,saved CGCNN MC-dropout sigma; candidate-level ALIGNN uncertainty not available,-2.15389204025,0.527838908261,0.0114307403564,0.119845623848,220,1,0.234616875649,B,True,False,97,7,112,7,30a4588abb8bad72b5b2aa6406304abb55bca4fdf471600456bbb3398f26f1ef,"Li/M/O role-RDF: six unordered pairs, 0-6 A in 0.2-A bins; scale-free sorted lattice lengths, angles, and normalized volume",SM_Cr_008,15,FP_080,4,recurring_density_cluster,job_182_Cr_fe_-1.464_n4_generated_crystals_cif__gen_3,0.240826793163,job_214_Cr_fe_-0.857_n4_generated_crystals_cif__gen_0,0.266560225151,same_structurematcher_cluster,D:\User\leoluis0705\Documents\xwechat_files\wxid_bbzc35ridmlc22_e97b\msg\file\2026-04\initial_1000_raw_generations.zip::raw_generations/job_200_Cr_fe_-1.108_n4/generated_crystals_cif.zip::gen_0.cif,raw_generations/job_200_Cr_fe_-1.108_n4/generated_crystals_cif.zip,gen_0.cif,True,False,True,5,-0.102418564162,-2.24487986406,0.064879864058,0.144879864058,False,-0.405499150365,A,True,False,15,8,Cm,1.856931,9.799333
job_200_Cr_fe_-1.108_n4_generated_crystals_cif__gen_2,D:\CGCNN_Formation_Energy_AL_Archive\experiments\reproducibility\staging\paired_confirmation_server_20260712\EARLY_LiM2O4_ALIGNN_HARD640_m2p18_m2p02_FLAT_20260617\job_200_Cr_fe_-1.108_n4_generated_crystals_cif__gen_2.cif,True,58bd00c7c483a76f2fc66b6d2ba3d8a4bf8417baeb149046fd676c278d4be2b7,Li1 Cr2 O4,LiCr2O4,Cr,LiCr2O4,-2.18773961067,,0.489991271523,saved CGCNN MC-dropout sigma; candidate-level ALIGNN uncertainty not available,-2.10714173317,0.489991271523,0.0805978775024,0.129679087653,191,0,-0.0483725667,A,True,False,39,3,121,8,5435d0fac041a2c520077e4104a7be5fb32e9cdf951f0066c98d35e63c387a21,"Li/M/O role-RDF: six unordered pairs, 0-6 A in 0.2-A bins; scale-free sorted lattice lengths, angles, and normalized volume",SM_Cr_003,20,FP_063,10,recurring_density_cluster,job_182_Cr_fe_-1.464_n4_generated_crystals_cif__gen_0,0.0659661965841,job_136_Cr_fe_-1.181_n4_generated_crystals_cif__gen_0,0.156493420273,same_structurematcher_cluster,D:\User\leoluis0705\Documents\xwechat_files\wxid_bbzc35ridmlc22_e97b\msg\file\2026-04\initial_1000_raw_generations.zip::raw_generations/job_200_Cr_fe_-1.108_n4/generated_crystals_cif.zip::gen_2.cif,raw_generations/job_200_Cr_fe_-1.108_n4/generated_crystals_cif.zip,gen_2.cif,True,False,True,5,-0.102418564162,-2.29015817483,0.110158174834,0.190158174834,False,-0.688488592713,A,True,False,57,6,Pm,1.932487,10.463639
job_200_Cr_fe_-1.108_n4_generated_crystals_cif__gen_3,D:\CGCNN_Formation_Energy_AL_Archive\experiments\reproducibility\staging\paired_confirmation_server_20260712\EARLY_LiM2O4_ALIGNN_HARD640_m2p18_m2p02_FLAT_20260617\job_200_Cr_fe_-1.108_n4_generated_crystals_cif__gen_3.cif,True,48b3b61bb5e81434952330f3697efd56ede53e1ee58bfec67b00b6a0a8ba0bb4,Li1 Cr2 O4,LiCr2O4,Cr,LiCr2O4,-2.19735980034,,0.434747875623,saved CGCNN MC-dropout sigma; candidate-level ALIGNN uncertainty not available,-2.13916945457,0.434747875623,0.0581903457642,0.145413342805,94,0,-0.108498752117,A,True,False,2,1,187,12,eb4751dd6fbeda7341216e1f224b795559f63b2d2fbd12459baeb78a2b4de19c,"Li/M/O role-RDF: six unordered pairs, 0-6 A in 0.2-A bins; scale-free sorted lattice lengths, angles, and normalized volume",SM_Cr_004,12,FP_SINGLETON_115,1,hdbscan_noise_singleton,job_130_Cr_fe_-1.335_n4_generated_crystals_cif__gen_1,0.251411383768,job_120_Cr_fe_-1.424_n4_generated_crystals_cif__gen_1,0.477059366482,no_shared_cluster,D:\User\leoluis0705\Documents\xwechat_files\wxid_bbzc35ridmlc22_e97b\msg\file\2026-04\initial_1000_raw_generations.zip::raw_generations/job_200_Cr_fe_-1.108_n4/generated_crystals_cif.zip::gen_3.cif,raw_generations/job_200_Cr_fe_-1.108_n4/generated_crystals_cif.zip,gen_3.cif,True,False,True,5,-0.102418564162,-2.2997783645,0.119778364501,0.199778364501,False,-0.748614778131,A,True,False,71,12,C2/m,1.972863,10.598152
job_201_Cr_fe_-1.216_n4_generated_crystals_cif__gen_0,D:\CGCNN_Formation_Energy_AL_Archive\experiments\reproducibility\staging\paired_confirmation_server_20260712\EARLY_LiM2O4_ALIGNN_HARD640_m2p18_m2p02_FLAT_20260617\job_201_Cr_fe_-1.216_n4_generated_crystals_cif__gen_0.cif,True,8e1161299b2d424281e606752573a70ea3aef39211010d3f63d81962652d343d,Li1 Cr2 O4,LiCr2O4,Cr,LiCr2O4,-2.1922109127,,0.37932937779,saved CGCNN MC-dropout sigma; candidate-level ALIGNN uncertainty not available,-2.13599395752,0.37932937779,0.0562169551849,0.166294286344,13,0,-0.0763182044029,A,True,False,133,9,175,11,b671c0fbdb671d905c91368464c3e162f4ed1bcadca3647bac1f279b47e1aea4,"Li/M/O role-RDF: six unordered pairs, 0-6 A in 0.2-A bins; scale-free sorted lattice lengths, angles, and normalized volume",SM_Cr_004,12,FP_018,7,recurring_density_cluster,job_013_Cr_fe_-1.388_n4_generated_crystals_cif__gen_1,0.174496102768,job_136_Cr_fe_-1.181_n4_generated_crystals_cif__gen_0,0.516967552247,no_shared_cluster,D:\User\leoluis0705\Documents\xwechat_files\wxid_bbzc35ridmlc22_e97b\msg\file\2026-04\initial_1000_raw_generations.zip::raw_generations/job_201_Cr_fe_-1.216_n4/generated_crystals_cif.zip::gen_0.cif,raw_generations/job_201_Cr_fe_-1.216_n4/generated_crystals_cif.zip,gen_0.cif,True,False,True,5,-0.102418564162,-2.29462947687,0.114629476867,0.194629476867,False,-0.716434230416,A,True,False,63,8,Cm,1.973914,10.550378
job_201_Cr_fe_-1.216_n4_generated_crystals_cif__gen_1,D:\CGCNN_Formation_Energy_AL_Archive\experiments\reproducibility\staging\paired_confirmation_server_20260712\EARLY_LiM2O4_ALIGNN_HARD640_m2p18_m2p02_FLAT_20260617\job_201_Cr_fe_-1.216_n4_generated_crystals_cif__gen_1.cif,True,4751c143cd58adc58522d069f17750c5498dfd7dc2267e3087694a2f6c433bbf,Li1 Cr2 O4,LiCr2O4,Cr,LiCr2O4,-2.21074652672,,0.474225479997,saved CGCNN MC-dropout sigma; candidate-level ALIGNN uncertainty not available,-2.1135468483,0.474225479997,0.097199678421,0.133910199632,155,0,-0.192165791988,A,True,False,84,6,165,11,4e1cfcb79517387b234cf64d05aa5c4948e6d4a47ec41ff5145e707946b3aad3,"Li/M/O role-RDF: six unordered pairs, 0-6 A in 0.2-A bins; scale-free sorted lattice lengths, angles, and normalized volume",SM_Cr_003,20,FP_063,10,recurring_density_cluster,job_182_Cr_fe_-1.464_n4_generated_crystals_cif__gen_0,0.0727974653787,job_136_Cr_fe_-1.181_n4_generated_crystals_cif__gen_0,0.158360368513,same_structurematcher_cluster,D:\User\leoluis0705\Documents\xwechat_files\wxid_bbzc35ridmlc22_e97b\msg\file\2026-04\initial_1000_raw_generations.zip::raw_generations/job_201_Cr_fe_-1.216_n4/generated_crystals_cif.zip::gen_1.cif,raw_generations/job_201_Cr_fe_-1.216_n4/generated_crystals_cif.zip,gen_1.cif,True,False,True,5,-0.102418564162,-2.31316509088,0.13316509088,0.21316509088,False,-0.832281818002,A,True,False,92,10,P2/m,1.945326,10.53169
job_201_Cr_fe_-1.216_n4_generated_crystals_cif__gen_2,D:\CGCNN_Formation_Energy_AL_Archive\experiments\reproducibility\staging\paired_confirmation_server_20260712\EARLY_LiM2O4_ALIGNN_HARD640_m2p18_m2p02_FLAT_20260617\job_201_Cr_fe_-1.216_n4_generated_crystals_cif__gen_2.cif,True,2ab81081f8990baf758c3e3022cb95a3c5d242499716103d51830a11d84a8170,Li1 Cr2 O4,LiCr2O4,Cr,LiCr2O4,-2.06751251221,,0.441390404964,saved CGCNN MC-dropout sigma; candidate-level ALIGNN uncertainty not available,-2.14962768555,0.441390404964,0.0821151733398,0.142928699839,107,1,0.703046798706,D,False,False,21,2,97,7,691484b198b6c5286c2dfb904c88b25590b6530e1b860154ce8e5e8040c12b09,"Li/M/O role-RDF: six unordered pairs, 0-6 A in 0.2-A bins; scale-free sorted lattice lengths, angles, and normalized volume",SM_Cr_019,1,FP_SINGLETON_116,1,hdbscan_noise_singleton,job_116_Ti_fe_-1.462_n4_generated_crystals_cif__gen_1,0.797735258045,job_120_Cr_fe_-1.424_n4_generated_crystals_cif__gen_1,1.27459869887,historical_dft_candidate_self,D:\User\leoluis0705\Documents\xwechat_files\wxid_bbzc35ridmlc22_e97b\msg\file\2026-04\initial_1000_raw_generations.zip::raw_generations/job_201_Cr_fe_-1.216_n4/generated_crystals_cif.zip::gen_2.cif,raw_generations/job_201_Cr_fe_-1.216_n4/generated_crystals_cif.zip,gen_2.cif,True,True,True,5,-0.102418564162,-2.16993107637,0,0.0699310763692,True,0.0629307726925,B,True,False,2,8,Cm,1.977181,10.758327
job_201_Cr_fe_-1.216_n4_generated_crystals_cif__gen_3,D:\CGCNN_Formation_Energy_AL_Archive\experiments\reproducibility\staging\paired_confirmation_server_20260712\EARLY_LiM2O4_ALIGNN_HARD640_m2p18_m2p02_FLAT_20260617\job_201_Cr_fe_-1.216_n4_generated_crystals_cif__gen_3.cif,True,97c9a06972ade2a874040e09d37326fc2c4c00c419dd515a1cab5969898f735f,Li1 Cr2 O4,LiCr2O4,Cr,LiCr2O4,-2.20680737495,,0.431800944809,saved CGCNN MC-dropout sigma; candidate-level ALIGNN uncertainty not available,-2.09768295288,0.431800944809,0.109124422073,0.146981074831,79,0,-0.167546093464,A,True,False,9,1,5,1,c87677c788c1147df734772b0638bbb84d305e09ec5485a308c32d5305ea36c0,"Li/M/O role-RDF: six unordered pairs, 0-6 A in 0.2-A bins; scale-free sorted lattice lengths, angles, and normalized volume",SM_Cr_006,14,FP_071,5,recurring_density_cluster,job_126_Cr_fe_-0.901_n4_generated_crystals_cif__gen_0,0.0871375702245,job_249_Cr_fe_-1.500_n4_generated_crystals_cif__gen_1,0.792977725031,no_shared_cluster,D:\User\leoluis0705\Documents\xwechat_files\wxid_bbzc35ridmlc22_e97b\msg\file\2026-04\initial_1000_raw_generations.zip::raw_generations/job_201_Cr_fe_-1.216_n4/generated_crystals_cif.zip::gen_3.cif,raw_generations/job_201_Cr_fe_-1.216_n4/generated_crystals_cif.zip,gen_3.cif,True,False,True,5,-0.102418564162,-2.30922593912,0.129225939116,0.209225939116,False,-0.807662119477,A,True,False,85,1,P1,1.948107,10.615802
job_203_Ni_fe_-0.895_n4_generated_crystals_cif__gen_0,D:\CGCNN_Formation_Energy_AL_Archive\experiments\reproducibility\staging\paired_confirmation_server_20260712\EARLY_LiM2O4_ALIGNN_HARD640_m2p18_m2p02_FLAT_20260617\job_203_Ni_fe_-0.895_n4_generated_crystals_cif__gen_0.cif,True,ad6808cdd07f1364746f54b19127fc0a586731484e775d254f3f0765d33a4a40,Li1 Ni2 O4,Li(NiO2)2,Ni,Li(NiO2)2,-0.977907478809,,0.527972722156,saved CGCNN MC-dropout sigma; candidate-level ALIGNN uncertainty not available,-1.44087350368,0.527972722156,0.462966024876,0.055578688011,428,0,7.51307825744,F,True,False,293,19,523,33,fc925eee0945ee07d9d705f53003ae2543cc9d57af44cd38cb4263ca90e6ac5d,"Li/M/O role-RDF: six unordered pairs, 0-6 A in 0.2-A bins; scale-free sorted lattice lengths, angles, and normalized volume",SM_Ni_009,9,FP_068,9,recurring_density_cluster,job_217_Ni_fe_-1.483_n4_generated_crystals_cif__gen_2,0.166991989489,job_120_Cr_fe_-1.424_n4_generated_crystals_cif__gen_1,0.580272625474,no_shared_cluster,D:\User\leoluis0705\Documents\xwechat_files\wxid_bbzc35ridmlc22_e97b\msg\file\2026-04\initial_1000_raw_generations.zip::raw_generations/job_203_Ni_fe_-0.895_n4/generated_crystals_cif.zip::gen_0.cif,raw_generations/job_203_Ni_fe_-0.895_n4/generated_crystals_cif.zip,gen_0.cif,True,False,False,0,0,-0.977907478809,1.04209252119,1.12209252119,False,7.51307825744,F,True,False,605,8,Cm,1.869561,9.614326
job_203_Ni_fe_-0.895_n4_generated_crystals_cif__gen_1,D:\CGCNN_Formation_Energy_AL_Archive\experiments\reproducibility\staging\paired_confirmation_server_20260712\EARLY_LiM2O4_ALIGNN_HARD640_m2p18_m2p02_FLAT_20260617\job_203_Ni_fe_-0.895_n4_generated_crystals_cif__gen_1.cif,True,f2a6c46ad6a6bab9566f4552f1d21a8c65c62ba1076497d8f3dd1c3ee224a7cd,Li1 Ni2 O4,Li(NiO2)2,Ni,Li(NiO2)2,-0.96871650219,,0.566649381118,saved CGCNN MC-dropout sigma; candidate-level ALIGNN uncertainty not available,-1.4423416853,0.566649381118,0.473625183105,0.0575057335009,411,0,7.57052186131,F,True,False,628,40,526,33,31e4a02426c4529a13da2694868b6450e5030dd0848caad5ebb1b22e05de9890,"Li/M/O role-RDF: six unordered pairs, 0-6 A in 0.2-A bins; scale-free sorted lattice lengths, angles, and normalized volume",SM_Ni_008,10,FP_053,8,recurring_density_cluster,job_218_Ni_fe_-1.221_n4_generated_crystals_cif__gen_1,0.182678036328,job_214_Cr_fe_-0.857_n4_generated_crystals_cif__gen_0,0.9179497848,no_shared_cluster,D:\User\leoluis0705\Documents\xwechat_files\wxid_bbzc35ridmlc22_e97b\msg\file\2026-04\initial_1000_raw_generations.zip::raw_generations/job_203_Ni_fe_-0.895_n4/generated_crystals_cif.zip::gen_1.cif,raw_generations/job_203_Ni_fe_-0.895_n4/generated_crystals_cif.zip,gen_1.cif,True,False,False,0,0,-0.96871650219,1.05128349781,1.13128349781,False,7.57052186131,F,True,False,626,8,Cm,1.837052,9.356733
job_204_Cr_fe_-0.932_n4_generated_crystals_cif__gen_0,D:\CGCNN_Formation_Energy_AL_Archive\experiments\reproducibility\staging\paired_confirmation_server_20260712\EARLY_LiM2O4_ALIGNN_HARD640_m2p18_m2p02_FLAT_20260617\job_204_Cr_fe_-0.932_n4_generated_crystals_cif__gen_0.cif,True,b8eb5306bac9eee19af8a05860932ecc0c16990079f0db1f1f7a6c5fb49f979c,Li1 Cr2 O4,LiCr2O4,Cr,LiCr2O4,-2.20471739769,,0.513021299973,saved CGCNN MC-dropout sigma; candidate-level ALIGNN uncertainty not available,-2.10289287567,0.513021299973,0.101824522018,0.123916898245,210,0,-0.154483735561,A,True,False,61,4,7,1,4087e6a7561d7ae81158588464d306de307381e473b5298d7baa052f7bc40c62,"Li/M/O role-RDF: six unordered pairs, 0-6 A in 0.2-A bins; scale-free sorted lattice lengths, angles, and normalized volume",SM_Cr_006,14,FP_071,5,recurring_density_cluster,job_201_Cr_fe_-1.216_n4_generated_crystals_cif__gen_3,0.244993416649,job_249_Cr_fe_-1.500_n4_generated_crystals_cif__gen_1,0.786542995797,no_shared_cluster,D:\User\leoluis0705\Documents\xwechat_files\wxid_bbzc35ridmlc22_e97b\msg\file\2026-04\initial_1000_raw_generations.zip::raw_generations/job_204_Cr_fe_-0.932_n4/generated_crystals_cif.zip::gen_0.cif,raw_generations/job_204_Cr_fe_-0.932_n4/generated_crystals_cif.zip,gen_0.cif,True,False,True,5,-0.102418564162,-2.30713596185,0.127135961852,0.207135961852,False,-0.794599761575,A,True,False,80,1,P1,1.950641,10.566526
job_204_Cr_fe_-0.932_n4_generated_crystals_cif__gen_3,D:\CGCNN_Formation_Energy_AL_Archive\experiments\reproducibility\staging\paired_confirmation_server_20260712\EARLY_LiM2O4_ALIGNN_HARD640_m2p18_m2p02_FLAT_20260617\job_204_Cr_fe_-0.932_n4_generated_crystals_cif__gen_3.cif,True,e605a804e5db0023418446c1016abb117b356ea0baa66e8063dcce31d02b69c0,Li1 Cr2 O4,LiCr2O4,Cr,LiCr2O4,-2.17675280571,,0.475871518535,saved CGCNN MC-dropout sigma; candidate-level ALIGNN uncertainty not available,-2.14828753471,0.475871518535,0.0284652709961,0.132826169341,169,1,0.0202949643135,B,True,False,63,4,73,5,a31c49a9e9ddca420c16d171c16ad0ad13a4459d311d576706957ae39c49bd23,"Li/M/O role-RDF: six unordered pairs, 0-6 A in 0.2-A bins; scale-free sorted lattice lengths, angles, and normalized volume",SM_Cr_002,15,FP_017,3,recurring_density_cluster,job_212_Cr_fe_-1.473_n4_generated_crystals_cif__gen_2,0.279224008011,job_148_Mn_fe_-0.904_n4_generated_crystals_cif__gen_2,1.16738676383,historical_dft_candidate_self,D:\User\leoluis0705\Documents\xwechat_files\wxid_bbzc35ridmlc22_e97b\msg\file\2026-04\initial_1000_raw_generations.zip::raw_generations/job_204_Cr_fe_-0.932_n4/generated_crystals_cif.zip::gen_3.cif,raw_generations/job_204_Cr_fe_-0.932_n4/generated_crystals_cif.zip,gen_3.cif,True,True,True,5,-0.102418564162,-2.27917136987,0.099171369872,0.179171369872,False,-0.6198210617,A,True,False,43,8,Cm,1.936471,9.835842
job_205_Al_fe_-1.483_n4_generated_crystals_cif__gen_2,D:\CGCNN_Formation_Energy_AL_Archive\experiments\reproducibility\staging\paired_confirmation_server_20260712\EARLY_LiM2O4_ALIGNN_HARD640_m2p18_m2p02_FLAT_20260617\job_205_Al_fe_-1.483_n4_generated_crystals_cif__gen_2.cif,True,1b61f609f8e1109ce2713ad3c8f60e72ab058675ed76fae94a94f90f1021d829,Li1 Al2 O4,LiAl2O4,Al,LiAl2O4,-3.06196713448,,0.470407742613,saved CGCNN MC-dropout sigma; candidate-level ALIGNN uncertainty not available,-2.61963129044,0.470407742613,0.44233584404,0.0737969308187,319,0,-5.51229459047,A,True,False,430,27,317,20,9d1b9206ca210d614901e3a9b563a691c19c5e05f2f6359ca91675636b2fa265,"Li/M/O role-RDF: six unordered pairs, 0-6 A in 0.2-A bins; scale-free sorted lattice lengths, angles, and normalized volume",SM_Al_021,1,FP_046,6,recurring_density_cluster,job_096_Al_fe_-0.803_n4_generated_crystals_cif__gen_2,0.578859085907,job_182_Cr_fe_-1.464_n4_generated_crystals_cif__gen_2,0.88538281794,no_shared_cluster,D:\User\leoluis0705\Documents\xwechat_files\wxid_bbzc35ridmlc22_e97b\msg\file\2026-04\initial_1000_raw_generations.zip::raw_generations/job_205_Al_fe_-1.483_n4/generated_crystals_cif.zip::gen_2.cif,raw_generations/job_205_Al_fe_-1.483_n4/generated_crystals_cif.zip,gen_2.cif,True,False,False,0,0,-3.06196713448,0.881967134476,0.961967134476,False,-5.51229459047,A,True,False,390,160,R3m,1.85909,10.154617
job_206_Ti_fe_-0.853_n4_generated_crystals_cif__gen_0,D:\CGCNN_Formation_Energy_AL_Archive\experiments\reproducibility\staging\paired_confirmation_server_20260712\EARLY_LiM2O4_ALIGNN_HARD640_m2p18_m2p02_FLAT_20260617\job_206_Ti_fe_-0.853_n4_generated_crystals_cif__gen_0.cif,True,c8d14828bca8265769f8c5e6a246075329b444fe23d7e37420d7347015b3c010,Li1 Ti2 O4,LiTi2O4,Ti,LiTi2O4,-3.13338899612,,0.457920131559,saved CGCNN MC-dropout sigma; candidate-level ALIGNN uncertainty not available,-3.32849311829,0.457920131559,0.195104122162,0.00393456550511,605,0,-5.95868122578,A,True,False,367,23,556,35,008c245cb535af04d4a4e7584c70138bce65c99a35e0cde1caa427794721e030,"Li/M/O role-RDF: six unordered pairs, 0-6 A in 0.2-A bins; scale-free sorted lattice lengths, angles, and normalized volume",SM_Ti_008,5,FP_040,3,recurring_density_cluster,job_027_Ti_fe_-1.340_n4_generated_crystals_cif__gen_3,0.307090315768,job_214_Cr_fe_-0.857_n4_generated_crystals_cif__gen_0,0.81634783722,no_shared_cluster,D:\User\leoluis0705\Documents\xwechat_files\wxid_bbzc35ridmlc22_e97b\msg\file\2026-04\initial_1000_raw_generations.zip::raw_generations/job_206_Ti_fe_-0.853_n4/generated_crystals_cif.zip::gen_0.cif,raw_generations/job_206_Ti_fe_-0.853_n4/generated_crystals_cif.zip,gen_0.cif,True,False,False,0,0,-3.13338899612,0.953388996124,1.03338899612,False,-5.95868122578,A,True,False,428,8,Cm,1.8422,10.293504
job_206_Ti_fe_-0.853_n4_generated_crystals_cif__gen_1,D:\CGCNN_Formation_Energy_AL_Archive\experiments\reproducibility\staging\paired_confirmation_server_20260712\EARLY_LiM2O4_ALIGNN_HARD640_m2p18_m2p02_FLAT_20260617\job_206_Ti_fe_-0.853_n4_generated_crystals_cif__gen_1.cif,True,83d9ab4863cec94113a3d6f21768dfb034855898a599feed57546f7ff97b53b4,Li1 Ti2 O4,LiTi2O4,Ti,LiTi2O4,-3.21999263763,,0.552137309044,saved CGCNN MC-dropout sigma; candidate-level ALIGNN uncertainty not available,-3.35423994064,0.552137309044,0.134247303009,0.0088865336807,565,0,-6.49995398521,A,True,False,339,22,582,37,a19806328f039ac4bce69ccac7be96ebcaa914f611cb36933d06ddbea2171dd0,"Li/M/O role-RDF: six unordered pairs, 0-6 A in 0.2-A bins; scale-free sorted lattice lengths, angles, and normalized volume",SM_Ti_002,41,FP_060,7,recurring_density_cluster,job_117_Ti_fe_-0.811_n4_generated_crystals_cif__gen_2,0.149831136504,job_120_Cr_fe_-1.424_n4_generated_crystals_cif__gen_1,0.870505393729,no_shared_cluster,D:\User\leoluis0705\Documents\xwechat_files\wxid_bbzc35ridmlc22_e97b\msg\file\2026-04\initial_1000_raw_generations.zip::raw_generations/job_206_Ti_fe_-0.853_n4/generated_crystals_cif.zip::gen_1.cif,raw_generations/job_206_Ti_fe_-0.853_n4/generated_crystals_cif.zip,gen_1.cif,True,False,False,0,0,-3.21999263763,1.03999263763,1.11999263763,False,-6.49995398521,A,True,False,598,8,Cm,1.984675,9.991429
job_207_Cr_fe_-0.848_n4_generated_crystals_cif__gen_1,D:\CGCNN_Formation_Energy_AL_Archive\experiments\reproducibility\staging\paired_confirmation_server_20260712\EARLY_LiM2O4_ALIGNN_HARD640_m2p18_m2p02_FLAT_20260617\job_207_Cr_fe_-0.848_n4_generated_crystals_cif__gen_1.cif,True,221406c747970d4bbd11eb3c66300f3ad316795557972b9ada92e7c8250a1873,Li1 Cr2 O4,LiCr2O4,Cr,LiCr2O4,-2.20443034172,,0.507106971577,saved CGCNN MC-dropout sigma; candidate-level ALIGNN uncertainty not available,-2.10909414291,0.507106971577,0.0953361988068,0.125332233726,202,0,-0.152689635754,A,True,False,24,2,160,10,9ece927abcf24fe20ee4886ff1277227702ebca424fcd33c612add95faba9bc9,"Li/M/O role-RDF: six unordered pairs, 0-6 A in 0.2-A bins; scale-free sorted lattice lengths, angles, and normalized volume",SM_Cr_003,20,FP_020,9,recurring_density_cluster,job_016_Cr_fe_-1.264_n4_generated_crystals_cif__gen_1,0.162584490657,job_136_Cr_fe_-1.181_n4_generated_crystals_cif__gen_0,0.424213212337,same_structurematcher_cluster,D:\User\leoluis0705\Documents\xwechat_files\wxid_bbzc35ridmlc22_e97b\msg\file\2026-04\initial_1000_raw_generations.zip::raw_generations/job_207_Cr_fe_-0.848_n4/generated_crystals_cif.zip::gen_1.cif,raw_generations/job_207_Cr_fe_-0.848_n4/generated_crystals_cif.zip,gen_1.cif,True,False,True,5,-0.102418564162,-2.30684890588,0.126848905883,0.206848905883,False,-0.792805661767,A,True,False,78,6,Pm,1.9304,10.671035
job_207_Cr_fe_-0.848_n4_generated_crystals_cif__gen_2,D:\CGCNN_Formation_Energy_AL_Archive\experiments\reproducibility\staging\paired_confirmation_server_20260712\EARLY_LiM2O4_ALIGNN_HARD640_m2p18_m2p02_FLAT_20260617\job_207_Cr_fe_-0.848_n4_generated_crystals_cif__gen_2.cif,True,a3ff6e003638e1c13a7ad1a333a9f12c05d090cd525920b424af480a06b2c4d1,Li1 Cr2 O4,LiCr2O4,Cr,LiCr2O4,-2.18441700935,,0.43381590509,saved CGCNN MC-dropout sigma; candidate-level ALIGNN uncertainty not available,-2.10362315178,0.43381590509,0.0807938575745,0.146303145642,87,0,-0.0276063084602,A,True,False,83,6,10,1,84a4379fcc1bb1ff661737edfb8c1290509a844a44c84a7f07da1205d761f6bd,"Li/M/O role-RDF: six unordered pairs, 0-6 A in 0.2-A bins; scale-free sorted lattice lengths, angles, and normalized volume",SM_Cr_003,20,FP_020,9,recurring_density_cluster,job_208_Cr_fe_-1.031_n4_generated_crystals_cif__gen_2,0.207219991208,job_136_Cr_fe_-1.181_n4_generated_crystals_cif__gen_0,0.321528998699,same_structurematcher_cluster,D:\User\leoluis0705\Documents\xwechat_files\wxid_bbzc35ridmlc22_e97b\msg\file\2026-04\initial_1000_raw_generations.zip::raw_generations/job_207_Cr_fe_-0.848_n4/generated_crystals_cif.zip::gen_2.cif,raw_generations/job_207_Cr_fe_-0.848_n4/generated_crystals_cif.zip,gen_2.cif,True,False,True,5,-0.102418564162,-2.28683557352,0.106835573516,0.186835573516,False,-0.667722334474,A,True,False,55,6,Pm,1.927832,10.582394
job_208_Cr_fe_-1.031_n4_generated_crystals_cif__gen_0,D:\CGCNN_Formation_Energy_AL_Archive\experiments\reproducibility\staging\paired_confirmation_server_20260712\EARLY_LiM2O4_ALIGNN_HARD640_m2p18_m2p02_FLAT_20260617\job_208_Cr_fe_-1.031_n4_generated_crystals_cif__gen_0.cif,True,5e3317dbfc07e58c39b9c4be8d2e4355b9d3f441cf2fcf37c4a2c80382dbb116,Li1 Cr2 O4,LiCr2O4,Cr,LiCr2O4,-2.20527768135,,0.507184348245,saved CGCNN MC-dropout sigma; candidate-level ALIGNN uncertainty not available,-2.11108279228,0.507184348245,0.0941948890686,0.125303584684,203,0,-0.157985508442,A,True,False,113,8,170,11,0854afb4993325573822b5ec9624b097883f9e8d1864297d72994e20f793f497,"Li/M/O role-RDF: six unordered pairs, 0-6 A in 0.2-A bins; scale-free sorted lattice lengths, angles, and normalized volume",SM_Cr_003,20,FP_020,9,recurring_density_cluster,job_016_Cr_fe_-1.264_n4_generated_crystals_cif__gen_1,0.144906206409,job_136_Cr_fe_-1.181_n4_generated_crystals_cif__gen_0,0.38703724533,same_structurematcher_cluster,D:\User\leoluis0705\Documents\xwechat_files\wxid_bbzc35ridmlc22_e97b\msg\file\2026-04\initial_1000_raw_generations.zip::raw_generations/job_208_Cr_fe_-1.031_n4/generated_crystals_cif.zip::gen_0.cif,raw_generations/job_208_Cr_fe_-1.031_n4/generated_crystals_cif.zip,gen_0.cif,True,False,True,5,-0.102418564162,-2.30769624551,0.127696245513,0.207696245513,False,-0.798101534455,A,True,False,82,10,P2/m,1.947542,10.630023
job_208_Cr_fe_-1.031_n4_generated_crystals_cif__gen_1,D:\CGCNN_Formation_Energy_AL_Archive\experiments\reproducibility\staging\paired_confirmation_server_20260712\EARLY_LiM2O4_ALIGNN_HARD640_m2p18_m2p02_FLAT_20260617\job_208_Cr_fe_-1.031_n4_generated_crystals_cif__gen_1.cif,True,08bf01cf2381e2d10e62e9b9bc1dcda99b506e5cd2053afaf29a996b380e65b5,Li1 Cr2 O4,LiCr2O4,Cr,LiCr2O4,-2.19595909119,,0.443289465679,saved CGCNN MC-dropout sigma; candidate-level ALIGNN uncertainty not available,-2.15262651443,0.443289465679,0.0433325767517,0.142220739035,110,0,-0.0997443199158,A,True,False,156,10,221,14,797131cc99c3228d41baa237242daaab4655cf5b6575e1016f0185b04d238453,"Li/M/O role-RDF: six unordered pairs, 0-6 A in 0.2-A bins; scale-free sorted lattice lengths, angles, and normalized volume",SM_Cr_005,12,FP_019,19,recurring_density_cluster,job_013_Cr_fe_-1.388_n4_generated_crystals_cif__gen_2,0.163785665752,job_120_Cr_fe_-1.424_n4_generated_crystals_cif__gen_1,0.260425320808,same_structurematcher_cluster,D:\User\leoluis0705\Documents\xwechat_files\wxid_bbzc35ridmlc22_e97b\msg\file\2026-04\initial_1000_raw_generations.zip::raw_generations/job_208_Cr_fe_-1.031_n4/generated_crystals_cif.zip::gen_1.cif,raw_generations/job_208_Cr_fe_-1.031_n4/generated_crystals_cif.zip,gen_1.cif,True,False,True,5,-0.102418564162,-2.29837765535,0.118377655349,0.198377655349,False,-0.739860345929,A,True,False,69,1,P1,1.791559,10.041996
job_208_Cr_fe_-1.031_n4_generated_crystals_cif__gen_2,D:\CGCNN_Formation_Energy_AL_Archive\experiments\reproducibility\staging\paired_confirmation_server_20260712\EARLY_LiM2O4_ALIGNN_HARD640_m2p18_m2p02_FLAT_20260617\job_208_Cr_fe_-1.031_n4_generated_crystals_cif__gen_2.cif,True,3fe5c82569bd27b76cfa514676159d79f99c754b72d8eee31561f1801ec5b95b,Li1 Cr2 O4,LiCr2O4,Cr,LiCr2O4,-2.20838546753,,0.433183089677,saved CGCNN MC-dropout sigma; candidate-level ALIGNN uncertainty not available,-2.10887145996,0.433183089677,0.0995140075684,0.146489132277,85,0,-0.177409172058,A,True,False,74,5,167,11,23459e2001c4f72b94b5c177c35b7750e9b7abfebad0bddc4d2603b9c949f2a9,"Li/M/O role-RDF: six unordered pairs, 0-6 A in 0.2-A bins; scale-free sorted lattice lengths, angles, and normalized volume",SM_Cr_003,20,FP_020,9,recurring_density_cluster,job_112_Cr_fe_-1.215_n4_generated_crystals_cif__gen_0,0.0892593308948,job_136_Cr_fe_-1.181_n4_generated_crystals_cif__gen_0,0.446351544045,same_structurematcher_cluster,D:\User\leoluis0705\Documents\xwechat_files\wxid_bbzc35ridmlc22_e97b\msg\file\2026-04\initial_1000_raw_generations.zip::raw_generations/job_208_Cr_fe_-1.031_n4/generated_crystals_cif.zip::gen_2.cif,raw_generations/job_208_Cr_fe_-1.031_n4/generated_crystals_cif.zip,gen_2.cif,True,False,True,5,-0.102418564162,-2.31080403169,0.130804031691,0.210804031691,False,-0.817525198072,A,True,False,86,1,P1,1.940192,10.683228
job_208_Cr_fe_-1.031_n4_generated_crystals_cif__gen_3,D:\CGCNN_Formation_Energy_AL_Archive\experiments\reproducibility\staging\paired_confirmation_server_20260712\EARLY_LiM2O4_ALIGNN_HARD640_m2p18_m2p02_FLAT_20260617\job_208_Cr_fe_-1.031_n4_generated_crystals_cif__gen_3.cif,True,2f5ad66b415dbe5f605634821feee2ff0c23d4214244b1cb10b9b24a4c6d442d,Li1 Cr2 O4,LiCr2O4,Cr,LiCr2O4,-2.17725968361,,0.450110287501,saved CGCNN MC-dropout sigma; candidate-level ALIGNN uncertainty not available,-2.10320830345,0.450110287501,0.0740513801575,0.141064743151,120,1,0.0171269774437,B,True,False,90,6,8,1,aefed61ce7e8a0290d13edeba3fd51ae29114b2ec124d2710cd4252d95c9bfd2,"Li/M/O role-RDF: six unordered pairs, 0-6 A in 0.2-A bins; scale-free sorted lattice lengths, angles, and normalized volume",SM_Cr_003,20,FP_063,10,recurring_density_cluster,job_136_Cr_fe_-1.181_n4_generated_crystals_cif__gen_0,0.120953607874,job_136_Cr_fe_-1.181_n4_generated_crystals_cif__gen_0,0.120953607874,same_structurematcher_cluster,D:\User\leoluis0705\Documents\xwechat_files\wxid_bbzc35ridmlc22_e97b\msg\file\2026-04\initial_1000_raw_generations.zip::raw_generations/job_208_Cr_fe_-1.031_n4/generated_crystals_cif.zip::gen_3.cif,raw_generations/job_208_Cr_fe_-1.031_n4/generated_crystals_cif.zip,gen_3.cif,True,False,True,5,-0.102418564162,-2.27967824777,0.099678247771,0.179678247771,False,-0.62298904857,A,True,False,44,6,Pm,1.927078,10.375319
job_209_Ti_fe_-0.932_n4_generated_crystals_cif__gen_0,D:\CGCNN_Formation_Energy_AL_Archive\experiments\reproducibility\staging\paired_confirmation_server_20260712\EARLY_LiM2O4_ALIGNN_HARD640_m2p18_m2p02_FLAT_20260617\job_209_Ti_fe_-0.932_n4_generated_crystals_cif__gen_0.cif,True,2d8e509f06cf89599cdd82ecf320aab8738d3808385958a4e4d33dbb1565687a,Li1 Ti2 O4,LiTi2O4,Ti,LiTi2O4,-3.22998356819,,0.349873422675,saved CGCNN MC-dropout sigma; candidate-level ALIGNN uncertainty not available,-3.34413790703,0.349873422675,0.114154338837,0.000361469414447,640,0,-6.5623973012,A,True,False,477,30,595,38,5f9a96d600731ea1bf79229baacefbfde410d2704f9dffa7f81885f183c51983,"Li/M/O role-RDF: six unordered pairs, 0-6 A in 0.2-A bins; scale-free sorted lattice lengths, angles, and normalized volume",SM_Ti_002,41,FP_060,7,recurring_density_cluster,job_071_Ti_fe_-0.887_n4_generated_crystals_cif__gen_3,0.0260903535023,job_011_Mg_fe_-1.305_n4_generated_crystals_cif__gen_0,0.887429483687,no_shared_cluster,D:\User\leoluis0705\Documents\xwechat_files\wxid_bbzc35ridmlc22_e97b\msg\file\2026-04\initial_1000_raw_generations.zip::raw_generations/job_209_Ti_fe_-0.932_n4/generated_crystals_cif.zip::gen_0.cif,raw_generations/job_209_Ti_fe_-0.932_n4/generated_crystals_cif.zip,gen_0.cif,True,False,False,0,0,-3.22998356819,1.04998356819,1.12998356819,False,-6.5623973012,A,True,False,623,44,Imm2,1.984362,9.896673
job_209_Ti_fe_-0.932_n4_generated_crystals_cif__gen_1,D:\CGCNN_Formation_Energy_AL_Archive\experiments\reproducibility\staging\paired_confirmation_server_20260712\EARLY_LiM2O4_ALIGNN_HARD640_m2p18_m2p02_FLAT_20260617\job_209_Ti_fe_-0.932_n4_generated_crystals_cif__gen_1.cif,True,1c742b3f54434a398e967473fda97a8b60687b4d08622a15a6c3bd75a6a45764,Li1 Ti2 O4,LiTi2O4,Ti,LiTi2O4,-3.1727707386,,0.415348736684,saved CGCNN MC-dropout sigma; candidate-level ALIGNN uncertainty not available,-3.24747562408,0.415348736684,0.0747048854828,0.00352200732592,612,0,-6.20481711626,A,True,False,558,35,621,39,3fb431e3074752db88d2bc5dae9190261647bcaffe94c003b7ab9dbfbacf8afe,"Li/M/O role-RDF: six unordered pairs, 0-6 A in 0.2-A bins; scale-free sorted lattice lengths, angles, and normalized volume",SM_Ti_005,11,FP_013,10,recurring_density_cluster,job_235_Ti_fe_-0.842_n4_generated_crystals_cif__gen_0,0.242566134293,job_167_Mn_fe_-0.885_n4_generated_crystals_cif__gen_3,0.619656844056,no_shared_cluster,D:\User\leoluis0705\Documents\xwechat_files\wxid_bbzc35ridmlc22_e97b\msg\file\2026-04\initial_1000_raw_generations.zip::raw_generations/job_209_Ti_fe_-0.932_n4/generated_crystals_cif.zip::gen_1.cif,raw_generations/job_209_Ti_fe_-0.932_n4/generated_crystals_cif.zip,gen_1.cif,True,False,False,0,0,-3.1727707386,0.992770738602,1.0727707386,False,-6.20481711626,A,True,False,524,10,P2/m,1.988135,10.848789
job_210_Co_fe_-1.389_n4_generated_crystals_cif__gen_1,D:\CGCNN_Formation_Energy_AL_Archive\experiments\reproducibility\staging\paired_confirmation_server_20260712\EARLY_LiM2O4_ALIGNN_HARD640_m2p18_m2p02_FLAT_20260617\job_210_Co_fe_-1.389_n4_generated_crystals_cif__gen_1.cif,True,97975ef87eddb8ed48ea6ab155a6086fd5ea79b423fb013f642cad95246530cd,Li1 Co2 O4,Li(CoO2)2,Co,Li(CoO2)2,-1.46171665192,,0.552576375549,saved CGCNN MC-dropout sigma; candidate-level ALIGNN uncertainty not available,-1.56161665916,0.552576375549,0.0999000072479,0.0718492752602,333,0,4.48927092552,F,True,False,424,27,397,25,1d2888297d1a65b803d4979ea7f569cae2934c1ed31f2c8b77cea2ca4e99c601,"Li/M/O role-RDF: six unordered pairs, 0-6 A in 0.2-A bins; scale-free sorted lattice lengths, angles, and normalized volume",SM_Co_001,25,FP_034,19,recurring_density_cluster,job_135_Co_fe_-0.851_n4_generated_crystals_cif__gen_2,0.0501691524551,job_136_Cr_fe_-1.181_n4_generated_crystals_cif__gen_0,0.629210281774,no_shared_cluster,D:\User\leoluis0705\Documents\xwechat_files\wxid_bbzc35ridmlc22_e97b\msg\file\2026-04\initial_1000_raw_generations.zip::raw_generations/job_210_Co_fe_-1.389_n4/generated_crystals_cif.zip::gen_1.cif,raw_generations/job_210_Co_fe_-1.389_n4/generated_crystals_cif.zip,gen_1.cif,True,False,False,0,0,-1.46171665192,0.558283348083,0.638283348083,False,4.48927092552,F,True,False,312,12,C2/m,1.920648,9.925495
job_210_Co_fe_-1.389_n4_generated_crystals_cif__gen_2,D:\CGCNN_Formation_Energy_AL_Archive\experiments\reproducibility\staging\paired_confirmation_server_20260712\EARLY_LiM2O4_ALIGNN_HARD640_m2p18_m2p02_FLAT_20260617\job_210_Co_fe_-1.389_n4_generated_crystals_cif__gen_2.cif,True,329e0a52ac54bf2f46e5cf12f56ac73a4cb16a11cd25a0768266e0f8df11f982,Li1 Co2 O4,Li(CoO2)2,Co,Li(CoO2)2,-1.42836427689,,0.568242669282,saved CGCNN MC-dropout sigma; candidate-level ALIGNN uncertainty not available,-1.5693128109,0.568242669282,0.140948534012,0.0725968458817,327,0,4.69772326946,F,True,False,547,35,408,26,8c16a8e5884b271aa4cfea0f90a1d5e9d6a591508a5e3cc60d3ccc0fca6d9781,"Li/M/O role-RDF: six unordered pairs, 0-6 A in 0.2-A bins; scale-free sorted lattice lengths, angles, and normalized volume",SM_Co_001,25,FP_069,3,recurring_density_cluster,job_107_Co_fe_-1.032_n4_generated_crystals_cif__gen_0,0.23582956609,job_136_Cr_fe_-1.181_n4_generated_crystals_cif__gen_0,0.584568706689,no_shared_cluster,D:\User\leoluis0705\Documents\xwechat_files\wxid_bbzc35ridmlc22_e97b\msg\file\2026-04\initial_1000_raw_generations.zip::raw_generations/job_210_Co_fe_-1.389_n4/generated_crystals_cif.zip::gen_2.cif,raw_generations/job_210_Co_fe_-1.389_n4/generated_crystals_cif.zip,gen_2.cif,True,False,False,0,0,-1.42836427689,0.591635723114,0.671635723114,False,4.69772326946,F,True,False,336,8,Cm,1.919579,10.12192
job_211_Ti_fe_-1.424_n4_generated_crystals_cif__gen_0,D:\CGCNN_Formation_Energy_AL_Archive\experiments\reproducibility\staging\paired_confirmation_server_20260712\EARLY_LiM2O4_ALIGNN_HARD640_m2p18_m2p02_FLAT_20260617\job_211_Ti_fe_-1.424_n4_generated_crystals_cif__gen_0.cif,True,7403b2c9e530949f75ec11432738c7d72fd5955bda5398dc5b0acbbda28dc247,Li1 Ti2 O4,LiTi2O4,Ti,LiTi2O4,-3.21742129326,,0.401750059071,saved CGCNN MC-dropout sigma; candidate-level ALIGNN uncertainty not available,-3.17389202118,0.401750059071,0.0435292720795,0.00464387899021,600,0,-6.48388308287,A,True,False,606,38,315,20,9423f349398688fd2f0edcf334cd7608bcca08cc6580f187b3acc564b56d0ed8,"Li/M/O role-RDF: six unordered pairs, 0-6 A in 0.2-A bins; scale-free sorted lattice lengths, angles, and normalized volume",SM_Ti_014,5,FP_036,16,recurring_density_cluster,job_186_Ti_fe_-0.814_n4_generated_crystals_cif__gen_2,0.430637683657,job_148_Mn_fe_-0.904_n4_generated_crystals_cif__gen_2,0.766811670167,no_shared_cluster,D:\User\leoluis0705\Documents\xwechat_files\wxid_bbzc35ridmlc22_e97b\msg\file\2026-04\initial_1000_raw_generations.zip::raw_generations/job_211_Ti_fe_-1.424_n4/generated_crystals_cif.zip::gen_0.cif,raw_generations/job_211_Ti_fe_-1.424_n4/generated_crystals_cif.zip,gen_0.cif,True,False,False,0,0,-3.21742129326,1.03742129326,1.11742129326,False,-6.48388308287,A,True,False,587,1,P1,1.848816,11.73607
job_211_Ti_fe_-1.424_n4_generated_crystals_cif__gen_1,D:\CGCNN_Formation_Energy_AL_Archive\experiments\reproducibility\staging\paired_confirmation_server_20260712\EARLY_LiM2O4_ALIGNN_HARD640_m2p18_m2p02_FLAT_20260617\job_211_Ti_fe_-1.424_n4_generated_crystals_cif__gen_1.cif,True,22bd82099d8ddf87a51ed15a5c1fded06acc3e108dcd17b3da28c7b149662f22,Li1 Ti2 O4,LiTi2O4,Ti,LiTi2O4,-3.1722548008,,0.503207697998,saved CGCNN MC-dropout sigma; candidate-level ALIGNN uncertainty not available,-3.26160216331,0.503207697998,0.0893473625183,0.00899537552779,564,0,-6.20159250498,A,True,False,634,40,630,40,870d1158c8d7b9bbf6af23c7d1fcabd3935c5d353c9eade340c86a13e898eed0,"Li/M/O role-RDF: six unordered pairs, 0-6 A in 0.2-A bins; scale-free sorted lattice lengths, angles, and normalized volume",SM_Ti_005,11,FP_013,10,recurring_density_cluster,job_160_Ti_fe_-1.290_n4_generated_crystals_cif__gen_3,0.211283123335,job_167_Mn_fe_-0.885_n4_generated_crystals_cif__gen_3,0.591401797163,no_shared_cluster,D:\User\leoluis0705\Documents\xwechat_files\wxid_bbzc35ridmlc22_e97b\msg\file\2026-04\initial_1000_raw_generations.zip::raw_generations/job_211_Ti_fe_-1.424_n4/generated_crystals_cif.zip::gen_1.cif,raw_generations/job_211_Ti_fe_-1.424_n4/generated_crystals_cif.zip,gen_1.cif,True,False,False,0,0,-3.1722548008,0.992254800797,1.0722548008,False,-6.20159250498,A,True,False,522,10,P2/m,1.990413,10.954627
job_211_Ti_fe_-1.424_n4_generated_crystals_cif__gen_2,D:\CGCNN_Formation_Energy_AL_Archive\experiments\reproducibility\staging\paired_confirmation_server_20260712\EARLY_LiM2O4_ALIGNN_HARD640_m2p18_m2p02_FLAT_20260617\job_211_Ti_fe_-1.424_n4_generated_crystals_cif__gen_2.cif,True,79eedb0a3b1a8e7ff50681bf48c83d1491d834c50524211ca3d2dd9c67d422c5,Li1 Ti2 O4,LiTi2O4,Ti,LiTi2O4,-3.22351551056,,0.481803383121,saved CGCNN MC-dropout sigma; candidate-level ALIGNN uncertainty not available,-3.37764835358,0.481803383121,0.154132843018,0.00404638657014,604,0,-6.52197194099,A,True,False,458,29,571,36,9a409acb4c6e40e5c0ddc281c7e12c87ee5415faa4cc1256ccbdead1a1d1ab4d,"Li/M/O role-RDF: six unordered pairs, 0-6 A in 0.2-A bins; scale-free sorted lattice lengths, angles, and normalized volume",SM_Ti_002,41,FP_004,5,recurring_density_cluster,job_238_Ti_fe_-0.855_n4_generated_crystals_cif__gen_0,0.204252544584,job_011_Mg_fe_-1.305_n4_generated_crystals_cif__gen_0,0.771455097419,no_shared_cluster,D:\User\leoluis0705\Documents\xwechat_files\wxid_bbzc35ridmlc22_e97b\msg\file\2026-04\initial_1000_raw_generations.zip::raw_generations/job_211_Ti_fe_-1.424_n4/generated_crystals_cif.zip::gen_2.cif,raw_generations/job_211_Ti_fe_-1.424_n4/generated_crystals_cif.zip,gen_2.cif,True,False,False,0,0,-3.22351551056,1.04351551056,1.12351551056,False,-6.52197194099,A,True,False,614,44,Imm2,2.004278,10.040957
job_211_Ti_fe_-1.424_n4_generated_crystals_cif__gen_3,D:\CGCNN_Formation_Energy_AL_Archive\experiments\reproducibility\staging\paired_confirmation_server_20260712\EARLY_LiM2O4_ALIGNN_HARD640_m2p18_m2p02_FLAT_20260617\job_211_Ti_fe_-1.424_n4_generated_crystals_cif__gen_3.cif,True,3a8e1d322370ebbc8a43eb6ba9cd74ddd17be8df0537f8efa5e174ff3e77b1f8,Li1 Ti2 O4,LiTi2O4,Ti,LiTi2O4,-3.17056012154,,0.50471292707,saved CGCNN MC-dropout sigma; candidate-level ALIGNN uncertainty not available,-3.17056941986,0.50471292707,9.29832458496e-06,0.0135298586424,530,0,-6.1910007596,A,True,False,390,25,528,33,7269fc05f8b0b45baf613bf8ad5ffcab0a45b698e470782cf3f2cd29db2fbf6f,"Li/M/O role-RDF: six unordered pairs, 0-6 A in 0.2-A bins; scale-free sorted lattice lengths, angles, and normalized volume",SM_Ti_022,2,FP_079,5,recurring_density_cluster,job_164_Mn_fe_-1.449_n4_generated_crystals_cif__gen_2,0.235975999318,job_249_Cr_fe_-1.500_n4_generated_crystals_cif__gen_1,0.534396981664,same_fingerprint_cluster,D:\User\leoluis0705\Documents\xwechat_files\wxid_bbzc35ridmlc22_e97b\msg\file\2026-04\initial_1000_raw_generations.zip::raw_generations/job_211_Ti_fe_-1.424_n4/generated_crystals_cif.zip::gen_3.cif,raw_generations/job_211_Ti_fe_-1.424_n4/generated_crystals_cif.zip,gen_3.cif,True,False,False,0,0,-3.17056012154,0.990560121536,1.07056012154,False,-6.1910007596,A,True,False,515,160,R3m,1.965985,10.939356
job_212_Cr_fe_-1.473_n4_generated_crystals_cif__gen_0,D:\CGCNN_Formation_Energy_AL_Archive\experiments\reproducibility\staging\paired_confirmation_server_20260712\EARLY_LiM2O4_ALIGNN_HARD640_m2p18_m2p02_FLAT_20260617\job_212_Cr_fe_-1.473_n4_generated_crystals_cif__gen_0.cif,True,aab97403ec853b8f49fc6f9b14ace0640bcddf24f132bbe8148030891a4c6877,Li1 Cr2 O4,LiCr2O4,Cr,LiCr2O4,-2.2225215435,,0.444531604627,saved CGCNN MC-dropout sigma; candidate-level ALIGNN uncertainty not available,-2.13656401634,0.444531604627,0.0859575271606,0.142342590185,108,0,-0.265759646893,A,True,False,203,13,181,12,b1fd474ecc5fc3b6d54a18ae8e1501cdab578a4a2571e5b3b604b81e27ee1b67,"Li/M/O role-RDF: six unordered pairs, 0-6 A in 0.2-A bins; scale-free sorted lattice lengths, angles, and normalized volume",SM_Cr_004,12,FP_018,7,recurring_density_cluster,job_013_Cr_fe_-1.388_n4_generated_crystals_cif__gen_1,0.0911600363499,job_167_Mn_fe_-0.885_n4_generated_crystals_cif__gen_3,0.50777506327,no_shared_cluster,D:\User\leoluis0705\Documents\xwechat_files\wxid_bbzc35ridmlc22_e97b\msg\file\2026-04\initial_1000_raw_generations.zip::raw_generations/job_212_Cr_fe_-1.473_n4/generated_crystals_cif.zip::gen_0.cif,raw_generations/job_212_Cr_fe_-1.473_n4/generated_crystals_cif.zip,gen_0.cif,True,False,True,5,-0.102418564162,-2.32494010766,0.144940107665,0.224940107665,False,-0.905875672906,A,True,False,104,12,C2/m,1.981658,10.647302
job_212_Cr_fe_-1.473_n4_generated_crystals_cif__gen_2,D:\CGCNN_Formation_Energy_AL_Archive\experiments\reproducibility\staging\paired_confirmation_server_20260712\EARLY_LiM2O4_ALIGNN_HARD640_m2p18_m2p02_FLAT_20260617\job_212_Cr_fe_-1.473_n4_generated_crystals_cif__gen_2.cif,True,7f33bb79af2084e7bc7bcf69bdecc89f3870846c05a680fc44da4154479bf8da,Li1 Cr2 O4,LiCr2O4,Cr,LiCr2O4,-2.20483589172,,0.498523549908,saved CGCNN MC-dropout sigma; candidate-level ALIGNN uncertainty not available,-2.16122913361,0.498523549908,0.0436067581177,0.126542364082,201,0,-0.155224323273,A,True,False,11,1,76,5,60ebef987341d7ec3566d93ba858e154d05adda75d8c0d8839f6f795331c7b74,"Li/M/O role-RDF: six unordered pairs, 0-6 A in 0.2-A bins; scale-free sorted lattice lengths, angles, and normalized volume",SM_Cr_002,15,FP_017,3,recurring_density_cluster,job_204_Cr_fe_-0.932_n4_generated_crystals_cif__gen_3,0.279224008011,job_204_Cr_fe_-0.932_n4_generated_crystals_cif__gen_3,0.279224008011,same_structurematcher_cluster,D:\User\leoluis0705\Documents\xwechat_files\wxid_bbzc35ridmlc22_e97b\msg\file\2026-04\initial_1000_raw_generations.zip::raw_generations/job_212_Cr_fe_-1.473_n4/generated_crystals_cif.zip::gen_2.cif,raw_generations/job_212_Cr_fe_-1.473_n4/generated_crystals_cif.zip,gen_2.cif,True,False,True,5,-0.102418564162,-2.30725445589,0.127254455886,0.207254455886,False,-0.795340349286,A,True,False,81,44,Imm2,1.970959,9.893825
job_212_Cr_fe_-1.473_n4_generated_crystals_cif__gen_3,D:\CGCNN_Formation_Energy_AL_Archive\experiments\reproducibility\staging\paired_confirmation_server_20260712\EARLY_LiM2O4_ALIGNN_HARD640_m2p18_m2p02_FLAT_20260617\job_212_Cr_fe_-1.473_n4_generated_crystals_cif__gen_3.cif,True,8ecfacf109827abc7385e46a3d8b8f813f60181bb6351a1b8b38e01f32a3c85f,Li1 Cr2 O4,LiCr2O4,Cr,LiCr2O4,-2.20906472206,,0.445252762736,saved CGCNN MC-dropout sigma; candidate-level ALIGNN uncertainty not available,-2.13286519051,0.445252762736,0.0761995315552,0.142207127663,111,0,-0.181654512882,A,True,False,138,9,163,11,9117d6e084de3dcb4785e3bb931af062d3d5f163aa8502315fe00fb31e2a4076,"Li/M/O role-RDF: six unordered pairs, 0-6 A in 0.2-A bins; scale-free sorted lattice lengths, angles, and normalized volume",SM_Cr_004,12,FP_018,7,recurring_density_cluster,job_136_Cr_fe_-1.181_n4_generated_crystals_cif__gen_1,0.209291576178,job_167_Mn_fe_-0.885_n4_generated_crystals_cif__gen_3,0.531379667712,no_shared_cluster,D:\User\leoluis0705\Documents\xwechat_files\wxid_bbzc35ridmlc22_e97b\msg\file\2026-04\initial_1000_raw_generations.zip::raw_generations/job_212_Cr_fe_-1.473_n4/generated_crystals_cif.zip::gen_3.cif,raw_generations/job_212_Cr_fe_-1.473_n4/generated_crystals_cif.zip,gen_3.cif,True,False,True,5,-0.102418564162,-2.31148328622,0.131483286223,0.211483286223,False,-0.821770538896,A,True,False,88,8,Cm,1.976337,10.529904
job_213_Al_fe_-1.344_n4_generated_crystals_cif__gen_1,D:\CGCNN_Formation_Energy_AL_Archive\experiments\reproducibility\staging\paired_confirmation_server_20260712\EARLY_LiM2O4_ALIGNN_HARD640_m2p18_m2p02_FLAT_20260617\job_213_Al_fe_-1.344_n4_generated_crystals_cif__gen_1.cif,True,f0da8ff7ef0ade950e6adb80a996a766eb1384d047b72fe5f750b8a4bfa7160f,Li1 Al2 O4,LiAl2O4,Al,LiAl2O4,-3.11541843414,,0.42586931656,saved CGCNN MC-dropout sigma; candidate-level ALIGNN uncertainty not available,-2.53331637383,0.42586931656,0.582102060318,0.0893359362821,260,0,-5.84636521339,A,True,False,362,23,261,17,caaf96f95cdc9d60055b68f2182a27f11139b46daf904016b6dbfcd217cfa698,"Li/M/O role-RDF: six unordered pairs, 0-6 A in 0.2-A bins; scale-free sorted lattice lengths, angles, and normalized volume",SM_Al_016,2,FP_SINGLETON_117,1,hdbscan_noise_singleton,job_137_Al_fe_-1.012_n4_generated_crystals_cif__gen_3,0.649843919407,job_120_Cr_fe_-1.424_n4_generated_crystals_cif__gen_1,1.52304395894,no_shared_cluster,D:\User\leoluis0705\Documents\xwechat_files\wxid_bbzc35ridmlc22_e97b\msg\file\2026-04\initial_1000_raw_generations.zip::raw_generations/job_213_Al_fe_-1.344_n4/generated_crystals_cif.zip::gen_1.cif,raw_generations/job_213_Al_fe_-1.344_n4/generated_crystals_cif.zip,gen_1.cif,True,False,False,0,0,-3.11541843414,0.935418434143,1.01541843414,False,-5.84636521339,A,True,False,401,8,Cm,1.789039,10.837373
job_214_Cr_fe_-0.857_n4_generated_crystals_cif__gen_0,D:\CGCNN_Formation_Energy_AL_Archive\experiments\reproducibility\staging\paired_confirmation_server_20260712\EARLY_LiM2O4_ALIGNN_HARD640_m2p18_m2p02_FLAT_20260617\job_214_Cr_fe_-0.857_n4_generated_crystals_cif__gen_0.cif,True,f1249a61e766c6ffa1ba4a337d6612c9ecbe86a8c0e611190aa7f9c79212ffdd,Li1 Cr2 O4,LiCr2O4,Cr,LiCr2O4,-2.15661740303,,0.390086932574,saved CGCNN MC-dropout sigma; candidate-level ALIGNN uncertainty not available,-2.15908098221,0.390086932574,0.00246357917786,0.160664960862,30,1,0.14614123106,B,True,False,32,2,156,10,ce452964c79de17e473bb5d7ebef260038a4a93ef73e0e58ce78a5b77d74ebff,"Li/M/O role-RDF: six unordered pairs, 0-6 A in 0.2-A bins; scale-free sorted lattice lengths, angles, and normalized volume",SM_Cr_008,15,FP_080,4,recurring_density_cluster,job_182_Cr_fe_-1.464_n4_generated_crystals_cif__gen_3,0.151565258886,job_120_Cr_fe_-1.424_n4_generated_crystals_cif__gen_1,0.93433353832,historical_dft_candidate_self,D:\User\leoluis0705\Documents\xwechat_files\wxid_bbzc35ridmlc22_e97b\msg\file\2026-04\initial_1000_raw_generations.zip::raw_generations/job_214_Cr_fe_-0.857_n4/generated_crystals_cif.zip::gen_0.cif,raw_generations/job_214_Cr_fe_-0.857_n4/generated_crystals_cif.zip,gen_0.cif,True,True,True,5,-0.102418564162,-2.25903596719,0.079035967193,0.159035967193,False,-0.493974794953,A,True,False,28,1,P1,1.859468,9.883663
job_214_Cr_fe_-0.857_n4_generated_crystals_cif__gen_1,D:\CGCNN_Formation_Energy_AL_Archive\experiments\reproducibility\staging\paired_confirmation_server_20260712\EARLY_LiM2O4_ALIGNN_HARD640_m2p18_m2p02_FLAT_20260617\job_214_Cr_fe_-0.857_n4_generated_crystals_cif__gen_1.cif,True,02c085d184b33ad4dbf3f8a275e8980f4743a319ac4b4a661ab45a8420ea5397,Li1 Cr2 O4,LiCr2O4,Cr,LiCr2O4,-2.21838641167,,0.589037282485,saved CGCNN MC-dropout sigma; candidate-level ALIGNN uncertainty not available,-2.06465435028,0.589037282485,0.153732061386,0.10783920512,236,0,-0.239915072918,A,True,False,79,5,107,7,66d2c08fded325f3f04f3eee0bd507e77128c2cad561626e6e4390e386e12fab,"Li/M/O role-RDF: six unordered pairs, 0-6 A in 0.2-A bins; scale-free sorted lattice lengths, angles, and normalized volume",SM_Cr_011,4,FP_058,6,recurring_density_cluster,job_120_Cr_fe_-1.424_n4_generated_crystals_cif__gen_2,0.199216272336,job_249_Cr_fe_-1.500_n4_generated_crystals_cif__gen_1,0.946490356205,no_shared_cluster,D:\User\leoluis0705\Documents\xwechat_files\wxid_bbzc35ridmlc22_e97b\msg\file\2026-04\initial_1000_raw_generations.zip::raw_generations/job_214_Cr_fe_-0.857_n4/generated_crystals_cif.zip::gen_1.cif,raw_generations/job_214_Cr_fe_-0.857_n4/generated_crystals_cif.zip,gen_1.cif,True,False,True,5,-0.102418564162,-2.32080497583,0.140804975829,0.220804975829,False,-0.880031098931,A,True,False,101,10,P2/m,1.926701,10.951101
job_214_Cr_fe_-0.857_n4_generated_crystals_cif__gen_3,D:\CGCNN_Formation_Energy_AL_Archive\experiments\reproducibility\staging\paired_confirmation_server_20260712\EARLY_LiM2O4_ALIGNN_HARD640_m2p18_m2p02_FLAT_20260617\job_214_Cr_fe_-0.857_n4_generated_crystals_cif__gen_3.cif,True,aad6f536f21b4fdd4e2644a539021142ce1f5ec1a1d29d36121cb210fae8d944,Li1 Cr2 O4,LiCr2O4,Cr,LiCr2O4,-2.19436073303,,0.506045252141,saved CGCNN MC-dropout sigma; candidate-level ALIGNN uncertainty not available,-2.14827442169,0.506045252141,0.0460863113403,0.125047503787,204,0,-0.0897545814514,A,True,False,49,4,220,14,dc565e959c06eb95908170537ec140869f5e510fb82a919fc723828b83df5fe6,"Li/M/O role-RDF: six unordered pairs, 0-6 A in 0.2-A bins; scale-free sorted lattice lengths, angles, and normalized volume",SM_Cr_005,12,FP_019,19,recurring_density_cluster,job_216_Cr_fe_-0.890_n4_generated_crystals_cif__gen_3,0.176740814411,job_120_Cr_fe_-1.424_n4_generated_crystals_cif__gen_1,0.19312329967,same_structurematcher_cluster,D:\User\leoluis0705\Documents\xwechat_files\wxid_bbzc35ridmlc22_e97b\msg\file\2026-04\initial_1000_raw_generations.zip::raw_generations/job_214_Cr_fe_-0.857_n4/generated_crystals_cif.zip::gen_3.cif,raw_generations/job_214_Cr_fe_-0.857_n4/generated_crystals_cif.zip,gen_3.cif,True,False,True,5,-0.102418564162,-2.29677929719,0.116779297194,0.196779297194,False,-0.729870607465,A,True,False,67,8,Cm,1.80045,10.115854
job_215_Co_fe_-1.286_n4_generated_crystals_cif__gen_1,D:\CGCNN_Formation_Energy_AL_Archive\experiments\reproducibility\staging\paired_confirmation_server_20260712\EARLY_LiM2O4_ALIGNN_HARD640_m2p18_m2p02_FLAT_20260617\job_215_Co_fe_-1.286_n4_generated_crystals_cif__gen_1.cif,True,36937c34935c3431a2f418530f3a347a572baee33c4a81b6ca0e575834ee5338,Li1 Co2 O4,Li(CoO2)2,Co,Li(CoO2)2,-1.42234253883,,0.548326472694,saved CGCNN MC-dropout sigma; candidate-level ALIGNN uncertainty not available,-1.68108892441,0.548326472694,0.258746385574,0.0868174287071,269,0,4.73535913229,F,True,False,395,25,343,22,48dd7d946b8db74887576840031c080ae2be6019797d524e72fcd4c6bae2a416,"Li/M/O role-RDF: six unordered pairs, 0-6 A in 0.2-A bins; scale-free sorted lattice lengths, angles, and normalized volume",SM_Co_006,12,FP_061,3,recurring_density_cluster,job_072_Co_fe_-0.820_n4_generated_crystals_cif__gen_0,0.367732612302,job_120_Cr_fe_-1.424_n4_generated_crystals_cif__gen_1,0.908730948326,no_shared_cluster,D:\User\leoluis0705\Documents\xwechat_files\wxid_bbzc35ridmlc22_e97b\msg\file\2026-04\initial_1000_raw_generations.zip::raw_generations/job_215_Co_fe_-1.286_n4/generated_crystals_cif.zip::gen_1.cif,raw_generations/job_215_Co_fe_-1.286_n4/generated_crystals_cif.zip,gen_1.cif,True,False,False,0,0,-1.42234253883,0.597657461166,0.677657461166,False,4.73535913229,F,True,False,340,8,Cm,1.881987,9.655479
job_215_Co_fe_-1.286_n4_generated_crystals_cif__gen_2,D:\CGCNN_Formation_Energy_AL_Archive\experiments\reproducibility\staging\paired_confirmation_server_20260712\EARLY_LiM2O4_ALIGNN_HARD640_m2p18_m2p02_FLAT_20260617\job_215_Co_fe_-1.286_n4_generated_crystals_cif__gen_2.cif,True,5c11859a881ffb9006ef8372ab36bda624a23bb427f1cc9e674c96aca3cea8c0,Li1 Co2 O4,Li(CoO2)2,Co,Li(CoO2)2,-1.50916194916,,0.531195505283,saved CGCNN MC-dropout sigma; candidate-level ALIGNN uncertainty not available,-1.57119250298,0.531195505283,0.0620305538177,0.0732079161006,325,0,4.19273781776,F,True,False,488,31,373,24,9b91e11e5738575ca7ed02bf7ad71bb858b1e90bdf18fdfe5a56b2f87f5e7113,"Li/M/O role-RDF: six unordered pairs, 0-6 A in 0.2-A bins; scale-free sorted lattice lengths, angles, and normalized volume",SM_Co_003,18,FP_SINGLETON_118,1,hdbscan_noise_singleton,job_158_Co_fe_-1.333_n4_generated_crystals_cif__gen_2,0.335536420684,job_148_Mn_fe_-0.904_n4_generated_crystals_cif__gen_2,1.06619213062,no_shared_cluster,D:\User\leoluis0705\Documents\xwechat_files\wxid_bbzc35ridmlc22_e97b\msg\file\2026-04\initial_1000_raw_generations.zip::raw_generations/job_215_Co_fe_-1.286_n4/generated_crystals_cif.zip::gen_2.cif,raw_generations/job_215_Co_fe_-1.286_n4/generated_crystals_cif.zip,gen_2.cif,True,False,False,0,0,-1.50916194916,0.510838050842,0.590838050842,False,4.19273781776,F,True,False,277,8,Cm,1.900672,9.854466
job_216_Cr_fe_-0.890_n4_generated_crystals_cif__gen_0,D:\CGCNN_Formation_Energy_AL_Archive\experiments\reproducibility\staging\paired_confirmation_server_20260712\EARLY_LiM2O4_ALIGNN_HARD640_m2p18_m2p02_FLAT_20260617\job_216_Cr_fe_-0.890_n4_generated_crystals_cif__gen_0.cif,True,761f16a951c9739e446ad83b7d71c48d267e6c286e4960cf8b6b9198671db698,Li1 Cr2 O4,LiCr2O4,Cr,LiCr2O4,-2.20090103149,,0.383933431338,saved CGCNN MC-dropout sigma; candidate-level ALIGNN uncertainty not available,-2.14894533157,0.383933431338,0.0519556999207,0.163742789817,25,0,-0.130631446838,A,True,False,115,8,98,7,c4e7d1825f5c7f4a3c64b0474e02f21b43080e3021c97333740a2d3c42d0f6d9,"Li/M/O role-RDF: six unordered pairs, 0-6 A in 0.2-A bins; scale-free sorted lattice lengths, angles, and normalized volume",SM_Cr_002,15,FP_026,15,recurring_density_cluster,job_016_Cr_fe_-1.264_n4_generated_crystals_cif__gen_2,0.218950579727,job_204_Cr_fe_-0.932_n4_generated_crystals_cif__gen_3,0.887411284431,same_structurematcher_cluster,D:\User\leoluis0705\Documents\xwechat_files\wxid_bbzc35ridmlc22_e97b\msg\file\2026-04\initial_1000_raw_generations.zip::raw_generations/job_216_Cr_fe_-0.890_n4/generated_crystals_cif.zip::gen_0.cif,raw_generations/job_216_Cr_fe_-0.890_n4/generated_crystals_cif.zip,gen_0.cif,True,False,True,5,-0.102418564162,-2.30331959566,0.123319595656,0.203319595656,False,-0.770747472852,A,True,False,75,44,Imm2,1.947882,9.91291
job_216_Cr_fe_-0.890_n4_generated_crystals_cif__gen_2,D:\CGCNN_Formation_Energy_AL_Archive\experiments\reproducibility\staging\paired_confirmation_server_20260712\EARLY_LiM2O4_ALIGNN_HARD640_m2p18_m2p02_FLAT_20260617\job_216_Cr_fe_-0.890_n4_generated_crystals_cif__gen_2.cif,True,535a29eab5877764f21ab849d3ec3977cc9be54e5dc719f96993214ebb45331b,Li1 Cr2 O4,LiCr2O4,Cr,LiCr2O4,-2.16374802589,,0.58744167822,saved CGCNN MC-dropout sigma; candidate-level ALIGNN uncertainty not available,-2.1422932148,0.58744167822,0.0214548110962,0.108045313452,234,1,0.101574838161,B,True,False,6,1,102,7,ead3b015440dea04131ec25d5e5326dc5deb6b2d3e083b47540dd167f83addc6,"Li/M/O role-RDF: six unordered pairs, 0-6 A in 0.2-A bins; scale-free sorted lattice lengths, angles, and normalized volume",SM_Cr_002,15,FP_026,15,recurring_density_cluster,job_216_Cr_fe_-0.890_n4_generated_crystals_cif__gen_0,0.258742911195,job_204_Cr_fe_-0.932_n4_generated_crystals_cif__gen_3,0.88484766594,same_structurematcher_cluster,D:\User\leoluis0705\Documents\xwechat_files\wxid_bbzc35ridmlc22_e97b\msg\file\2026-04\initial_1000_raw_generations.zip::raw_generations/job_216_Cr_fe_-0.890_n4/generated_crystals_cif.zip::gen_2.cif,raw_generations/job_216_Cr_fe_-0.890_n4/generated_crystals_cif.zip,gen_2.cif,True,False,True,5,-0.102418564162,-2.26616659006,0.086166590056,0.166166590056,False,-0.538541187852,A,True,False,36,8,Cm,1.946467,9.845351
job_216_Cr_fe_-0.890_n4_generated_crystals_cif__gen_3,D:\CGCNN_Formation_Energy_AL_Archive\experiments\reproducibility\staging\paired_confirmation_server_20260712\EARLY_LiM2O4_ALIGNN_HARD640_m2p18_m2p02_FLAT_20260617\job_216_Cr_fe_-0.890_n4_generated_crystals_cif__gen_3.cif,True,8a37adb745f0f4888f34b3e253319105791cf3b4782e0a028dbf1b0bb2be0cd0,Li1 Cr2 O4,LiCr2O4,Cr,LiCr2O4,-2.14954805374,,0.449093282987,saved CGCNN MC-dropout sigma; candidate-level ALIGNN uncertainty not available,-2.13804578781,0.449093282987,0.0115022659302,0.140883267054,122,1,0.190324664116,B,True,False,54,4,60,4,6e0178b41f01b9123e8a9c59b1834a78daa857da835aa11f2e1c94f8353e668e,"Li/M/O role-RDF: six unordered pairs, 0-6 A in 0.2-A bins; scale-free sorted lattice lengths, angles, and normalized volume",SM_Cr_005,12,FP_019,19,recurring_density_cluster,job_120_Cr_fe_-1.424_n4_generated_crystals_cif__gen_1,0.147942873158,job_120_Cr_fe_-1.424_n4_generated_crystals_cif__gen_1,0.147942873158,same_structurematcher_cluster,D:\User\leoluis0705\Documents\xwechat_files\wxid_bbzc35ridmlc22_e97b\msg\file\2026-04\initial_1000_raw_generations.zip::raw_generations/job_216_Cr_fe_-0.890_n4/generated_crystals_cif.zip::gen_3.cif,raw_generations/job_216_Cr_fe_-0.890_n4/generated_crystals_cif.zip,gen_3.cif,True,False,True,5,-0.102418564162,-2.2519666179,0.071966617904,0.151966617904,False,-0.449791361898,A,True,False,21,8,Cm,1.841265,9.935483
job_217_Ni_fe_-1.483_n4_generated_crystals_cif__gen_0,D:\CGCNN_Formation_Energy_AL_Archive\experiments\reproducibility\staging\paired_confirmation_server_20260712\EARLY_LiM2O4_ALIGNN_HARD640_m2p18_m2p02_FLAT_20260617\job_217_Ni_fe_-1.483_n4_generated_crystals_cif__gen_0.cif,True,7b3085e42a421541688bcb7fc919d5ef67815e4a1680b2940cd3dcc8b1e1db49,Li1 Ni2 O4,Li(NiO2)2,Ni,Li(NiO2)2,-1.07187569141,,0.489799696913,saved CGCNN MC-dropout sigma; candidate-level ALIGNN uncertainty not available,-1.42586314678,0.489799696913,0.353987455368,0.0507424019974,463,0,6.92577692866,F,True,False,630,40,495,31,93454744e27886091c781da26cb3ad5c6d3e42e0bda5566487c62901ae8ad6ee,"Li/M/O role-RDF: six unordered pairs, 0-6 A in 0.2-A bins; scale-free sorted lattice lengths, angles, and normalized volume",SM_Ni_003,30,FP_075,3,recurring_density_cluster,job_111_Ni_fe_-0.951_n4_generated_crystals_cif__gen_3,0.194100552185,job_136_Cr_fe_-1.181_n4_generated_crystals_cif__gen_0,0.566275417334,no_shared_cluster,D:\User\leoluis0705\Documents\xwechat_files\wxid_bbzc35ridmlc22_e97b\msg\file\2026-04\initial_1000_raw_generations.zip::raw_generations/job_217_Ni_fe_-1.483_n4/generated_crystals_cif.zip::gen_0.cif,raw_generations/job_217_Ni_fe_-1.483_n4/generated_crystals_cif.zip,gen_0.cif,True,False,False,0,0,-1.07187569141,0.948124308586,1.02812430859,False,6.92577692866,F,True,False,420,1,P1,1.882888,10.142812
job_217_Ni_fe_-1.483_n4_generated_crystals_cif__gen_2,D:\CGCNN_Formation_Energy_AL_Archive\experiments\reproducibility\staging\paired_confirmation_server_20260712\EARLY_LiM2O4_ALIGNN_HARD640_m2p18_m2p02_FLAT_20260617\job_217_Ni_fe_-1.483_n4_generated_crystals_cif__gen_2.cif,True,2e12f4067a20463d5b7cbf5a4364e1cd69140ecc153986790522ac211b273db3,Li1 Ni2 O4,Li(NiO2)2,Ni,Li(NiO2)2,-0.97112762928,,0.524481791298,saved CGCNN MC-dropout sigma; candidate-level ALIGNN uncertainty not available,-1.42426347733,0.524481791298,0.453135848045,0.0532045419303,447,0,7.555452317,F,True,False,574,36,516,33,df58204d0fba50ead225d29ee6f79c90264e6d2178aba0759fed83f2662fd956,"Li/M/O role-RDF: six unordered pairs, 0-6 A in 0.2-A bins; scale-free sorted lattice lengths, angles, and normalized volume",SM_Ni_009,9,FP_068,9,recurring_density_cluster,job_123_Ni_fe_-1.305_n4_generated_crystals_cif__gen_2,0.159034302051,job_120_Cr_fe_-1.424_n4_generated_crystals_cif__gen_1,0.574161100484,no_shared_cluster,D:\User\leoluis0705\Documents\xwechat_files\wxid_bbzc35ridmlc22_e97b\msg\file\2026-04\initial_1000_raw_generations.zip::raw_generations/job_217_Ni_fe_-1.483_n4/generated_crystals_cif.zip::gen_2.cif,raw_generations/job_217_Ni_fe_-1.483_n4/generated_crystals_cif.zip,gen_2.cif,True,False,False,0,0,-0.97112762928,1.04887237072,1.12887237072,False,7.555452317,F,True,False,622,1,P1,1.877966,9.599583
job_217_Ni_fe_-1.483_n4_generated_crystals_cif__gen_3,D:\CGCNN_Formation_Energy_AL_Archive\experiments\reproducibility\staging\paired_confirmation_server_20260712\EARLY_LiM2O4_ALIGNN_HARD640_m2p18_m2p02_FLAT_20260617\job_217_Ni_fe_-1.483_n4_generated_crystals_cif__gen_3.cif,True,ecfc9496f918fb3c6f89772b0924c1fa3632507a2d0dad9f014dd3786a52d2c2,Li1 Ni2 O4,Li(NiO2)2,Ni,Li(NiO2)2,-1.02705073357,,0.576099638898,saved CGCNN MC-dropout sigma; candidate-level ALIGNN uncertainty not available,-1.39067220688,0.576099638898,0.363621473312,0.0520058391475,452,0,7.20593291521,F,True,False,608,38,493,31,3adc2f8276275c663c849e8669b5d62b04c559925084c145808f4b397bbb1abf,"Li/M/O role-RDF: six unordered pairs, 0-6 A in 0.2-A bins; scale-free sorted lattice lengths, angles, and normalized volume",SM_Ni_003,30,FP_025,8,recurring_density_cluster,job_015_Ni_fe_-1.349_n4_generated_crystals_cif__gen_3,0.144107889963,job_136_Cr_fe_-1.181_n4_generated_crystals_cif__gen_0,0.493413273789,no_shared_cluster,D:\User\leoluis0705\Documents\xwechat_files\wxid_bbzc35ridmlc22_e97b\msg\file\2026-04\initial_1000_raw_generations.zip::raw_generations/job_217_Ni_fe_-1.483_n4/generated_crystals_cif.zip::gen_3.cif,raw_generations/job_217_Ni_fe_-1.483_n4/generated_crystals_cif.zip,gen_3.cif,True,False,False,0,0,-1.02705073357,0.992949266434,1.07294926643,False,7.20593291521,F,True,False,525,12,C2/m,1.877286,9.932751
job_218_Ni_fe_-1.221_n4_generated_crystals_cif__gen_0,D:\CGCNN_Formation_Energy_AL_Archive\experiments\reproducibility\staging\paired_confirmation_server_20260712\EARLY_LiM2O4_ALIGNN_HARD640_m2p18_m2p02_FLAT_20260617\job_218_Ni_fe_-1.221_n4_generated_crystals_cif__gen_0.cif,True,8372812c13854f2abc5117dce5ae649d27e2007542ffdfadad7abf684243684f,Li1 Ni2 O4,Li(NiO2)2,Ni,Li(NiO2)2,-1.00315594673,,0.576451875264,saved CGCNN MC-dropout sigma; candidate-level ALIGNN uncertainty not available,-1.41125035286,0.576451875264,0.408094406128,0.05430822094,437,0,7.35527533293,F,True,False,620,39,534,34,229007e6c2fc6d9bd47fabef5e4e04f0c9b3f9309c165b164cbfa78963fef6ac,"Li/M/O role-RDF: six unordered pairs, 0-6 A in 0.2-A bins; scale-free sorted lattice lengths, angles, and normalized volume",SM_Ni_006,7,FP_041,12,recurring_density_cluster,job_108_Ni_fe_-1.123_n4_generated_crystals_cif__gen_2,0.0931639045911,job_204_Cr_fe_-0.932_n4_generated_crystals_cif__gen_3,0.814479116473,no_shared_cluster,D:\User\leoluis0705\Documents\xwechat_files\wxid_bbzc35ridmlc22_e97b\msg\file\2026-04\initial_1000_raw_generations.zip::raw_generations/job_218_Ni_fe_-1.221_n4/generated_crystals_cif.zip::gen_0.cif,raw_generations/job_218_Ni_fe_-1.221_n4/generated_crystals_cif.zip,gen_0.cif,True,False,False,0,0,-1.00315594673,1.01684405327,1.09684405327,False,7.35527533293,F,True,False,559,8,Cm,1.865863,9.554118
job_218_Ni_fe_-1.221_n4_generated_crystals_cif__gen_1,D:\CGCNN_Formation_Energy_AL_Archive\experiments\reproducibility\staging\paired_confirmation_server_20260712\EARLY_LiM2O4_ALIGNN_HARD640_m2p18_m2p02_FLAT_20260617\job_218_Ni_fe_-1.221_n4_generated_crystals_cif__gen_1.cif,True,39937c7f0454fb08ec554498129ec71ade2d391d2d99c229fa78601802b5f7f3,Li1 Ni2 O4,Li(NiO2)2,Ni,Li(NiO2)2,-0.976541042328,,0.485471377509,saved CGCNN MC-dropout sigma; candidate-level ALIGNN uncertainty not available,-1.43643677235,0.485471377509,0.459895730019,0.0518644332301,453,0,7.52161848545,F,True,False,548,35,540,34,1e511e962ac75dbaf2efac92b73635705db98a6501865d881cada7d6fea64f19,"Li/M/O role-RDF: six unordered pairs, 0-6 A in 0.2-A bins; scale-free sorted lattice lengths, angles, and normalized volume",SM_Ni_008,10,FP_053,8,recurring_density_cluster,job_203_Ni_fe_-0.895_n4_generated_crystals_cif__gen_1,0.182678036328,job_214_Cr_fe_-0.857_n4_generated_crystals_cif__gen_0,0.957580960783,no_shared_cluster,D:\User\leoluis0705\Documents\xwechat_files\wxid_bbzc35ridmlc22_e97b\msg\file\2026-04\initial_1000_raw_generations.zip::raw_generations/job_218_Ni_fe_-1.221_n4/generated_crystals_cif.zip::gen_1.cif,raw_generations/job_218_Ni_fe_-1.221_n4/generated_crystals_cif.zip,gen_1.cif,True,False,False,0,0,-0.976541042328,1.04345895767,1.12345895767,False,7.52161848545,F,True,False,613,1,P1,1.850861,9.357316
job_218_Ni_fe_-1.221_n4_generated_crystals_cif__gen_2,D:\CGCNN_Formation_Energy_AL_Archive\experiments\reproducibility\staging\paired_confirmation_server_20260712\EARLY_LiM2O4_ALIGNN_HARD640_m2p18_m2p02_FLAT_20260617\job_218_Ni_fe_-1.221_n4_generated_crystals_cif__gen_2.cif,True,efd46752de3a82531041f43300047846090d2f77c0612b8af256fbb73574deee,Li1 Ni2 O4,Li(NiO2)2,Ni,Li(NiO2)2,-0.979801893234,,0.518147256074,saved CGCNN MC-dropout sigma; candidate-level ALIGNN uncertainty not available,-1.45352590084,0.518147256074,0.473724007607,0.0566894489877,419,0,7.50123816729,F,True,False,267,17,525,33,ed31dd02ec40900bf760c533d6d9dcb3800f89df160b918f54e3f79428ccc496,"Li/M/O role-RDF: six unordered pairs, 0-6 A in 0.2-A bins; scale-free sorted lattice lengths, angles, and normalized volume",SM_Ni_008,10,FP_053,8,recurring_density_cluster,job_203_Ni_fe_-0.895_n4_generated_crystals_cif__gen_1,0.195679169782,job_214_Cr_fe_-0.857_n4_generated_crystals_cif__gen_0,0.940366926894,no_shared_cluster,D:\User\leoluis0705\Documents\xwechat_files\wxid_bbzc35ridmlc22_e97b\msg\file\2026-04\initial_1000_raw_generations.zip::raw_generations/job_218_Ni_fe_-1.221_n4/generated_crystals_cif.zip::gen_2.cif,raw_generations/job_218_Ni_fe_-1.221_n4/generated_crystals_cif.zip,gen_2.cif,True,False,False,0,0,-0.979801893234,1.04019810677,1.12019810677,False,7.50123816729,F,True,False,599,1,P1,1.838715,9.369551
job_218_Ni_fe_-1.221_n4_generated_crystals_cif__gen_3,D:\CGCNN_Formation_Energy_AL_Archive\experiments\reproducibility\staging\paired_confirmation_server_20260712\EARLY_LiM2O4_ALIGNN_HARD640_m2p18_m2p02_FLAT_20260617\job_218_Ni_fe_-1.221_n4_generated_crystals_cif__gen_3.cif,True,b51f7eb555753ada97c23cb7e6d5d96449d632eba12631a176dbe2ff71ad8e13,Li1 Ni2 O4,Li(NiO2)2,Ni,Li(NiO2)2,-0.93219602108,,0.545023571393,saved CGCNN MC-dropout sigma; candidate-level ALIGNN uncertainty not available,-1.43974304199,0.545023571393,0.507547020912,0.0563197779307,422,0,7.79877486825,F,True,False,471,30,542,34,5f59f7d53587dddf1faf2e20d9dd8b7d65abca3301b151d338a0f076304b7e00,"Li/M/O role-RDF: six unordered pairs, 0-6 A in 0.2-A bins; scale-free sorted lattice lengths, angles, and normalized volume",SM_Ni_018,1,FP_SINGLETON_119,1,hdbscan_noise_singleton,job_050_Ti_fe_-1.179_n4_generated_crystals_cif__gen_1,0.859561503659,job_120_Cr_fe_-1.424_n4_generated_crystals_cif__gen_1,1.22512413578,no_shared_cluster,D:\User\leoluis0705\Documents\xwechat_files\wxid_bbzc35ridmlc22_e97b\msg\file\2026-04\initial_1000_raw_generations.zip::raw_generations/job_218_Ni_fe_-1.221_n4/generated_crystals_cif.zip::gen_3.cif,raw_generations/job_218_Ni_fe_-1.221_n4/generated_crystals_cif.zip,gen_3.cif,True,False,False,0,0,-0.93219602108,1.08780397892,1.16780397892,False,7.79877486825,F,True,False,636,44,Imm2,1.892092,9.322632
job_219_Co_fe_-0.895_n4_generated_crystals_cif__gen_0,D:\CGCNN_Formation_Energy_AL_Archive\experiments\reproducibility\staging\paired_confirmation_server_20260712\EARLY_LiM2O4_ALIGNN_HARD640_m2p18_m2p02_FLAT_20260617\job_219_Co_fe_-0.895_n4_generated_crystals_cif__gen_0.cif,True,9841e613ea3cf4e6a248c8203e7ea52562bd507045a0aad5187c7b8b3206fa44,Li1 Co2 O4,Li(CoO2)2,Co,Li(CoO2)2,-1.35151207447,,0.50579946187,saved CGCNN MC-dropout sigma; candidate-level ALIGNN uncertainty not available,-1.66915464401,0.50579946187,0.317642569542,0.0876990021407,265,0,5.17804953456,F,True,False,366,23,352,22,1b1d256709863821374c006c46ccd63f5eab15215fb9762eb42e34376d26090a,"Li/M/O role-RDF: six unordered pairs, 0-6 A in 0.2-A bins; scale-free sorted lattice lengths, angles, and normalized volume",SM_Co_020,3,FP_068,9,recurring_density_cluster,job_177_Ni_fe_-1.309_n4_generated_crystals_cif__gen_1,0.208171008331,job_120_Cr_fe_-1.424_n4_generated_crystals_cif__gen_1,0.471790360402,no_shared_cluster,D:\User\leoluis0705\Documents\xwechat_files\wxid_bbzc35ridmlc22_e97b\msg\file\2026-04\initial_1000_raw_generations.zip::raw_generations/job_219_Co_fe_-0.895_n4/generated_crystals_cif.zip::gen_0.cif,raw_generations/job_219_Co_fe_-0.895_n4/generated_crystals_cif.zip,gen_0.cif,True,False,False,0,0,-1.35151207447,0.668487925529,0.748487925529,False,5.17804953456,F,True,False,363,8,Cm,1.830446,9.706107
job_219_Co_fe_-0.895_n4_generated_crystals_cif__gen_1,D:\CGCNN_Formation_Energy_AL_Archive\experiments\reproducibility\staging\paired_confirmation_server_20260712\EARLY_LiM2O4_ALIGNN_HARD640_m2p18_m2p02_FLAT_20260617\job_219_Co_fe_-0.895_n4_generated_crystals_cif__gen_1.cif,True,882220c39567a5366e65dde713960766dbaab32cbf5217bdaa2f2ab55036732b,Li1 Co2 O4,Li(CoO2)2,Co,Li(CoO2)2,-1.43884658813,,0.519462943034,saved CGCNN MC-dropout sigma; candidate-level ALIGNN uncertainty not available,-1.58187448978,0.519462943034,0.143027901649,0.0747191822735,314,0,4.63220882416,F,True,False,329,21,366,23,b63537d275f53695cf5085c6dcdd895103dd8a3f6de0915ddc0c1a49a457f913,"Li/M/O role-RDF: six unordered pairs, 0-6 A in 0.2-A bins; scale-free sorted lattice lengths, angles, and normalized volume",SM_Co_021,2,FP_058,6,recurring_density_cluster,job_087_Cr_fe_-1.452_n4_generated_crystals_cif__gen_2,0.379939324341,job_249_Cr_fe_-1.500_n4_generated_crystals_cif__gen_1,0.891596181918,no_shared_cluster,D:\User\leoluis0705\Documents\xwechat_files\wxid_bbzc35ridmlc22_e97b\msg\file\2026-04\initial_1000_raw_generations.zip::raw_generations/job_219_Co_fe_-0.895_n4/generated_crystals_cif.zip::gen_1.cif,raw_generations/job_219_Co_fe_-0.895_n4/generated_crystals_cif.zip,gen_1.cif,True,False,False,0,0,-1.43884658813,0.581153411865,0.661153411865,False,4.63220882416,F,True,False,327,6,Pm,1.929638,10.502411
job_219_Co_fe_-0.895_n4_generated_crystals_cif__gen_3,D:\CGCNN_Formation_Energy_AL_Archive\experiments\reproducibility\staging\paired_confirmation_server_20260712\EARLY_LiM2O4_ALIGNN_HARD640_m2p18_m2p02_FLAT_20260617\job_219_Co_fe_-0.895_n4_generated_crystals_cif__gen_3.cif,True,fc1763778ae44e8b8340498b5f532a8d4122bbba4cfd830b93f53c4906af5cf8,Li1 Co2 O4,Li(CoO2)2,Co,Li(CoO2)2,-1.51110517979,,0.502443053918,saved CGCNN MC-dropout sigma; candidate-level ALIGNN uncertainty not available,-1.53487253189,0.502443053918,0.0237673521042,0.0675636467624,367,0,4.18059262633,F,True,False,384,24,382,24,57d965793526669d1b1c65eb1f7d7ee0fd6ab7d678a1371d06260366703e4cc7,"Li/M/O role-RDF: six unordered pairs, 0-6 A in 0.2-A bins; scale-free sorted lattice lengths, angles, and normalized volume",SM_Co_004,18,FP_045,11,recurring_density_cluster,job_032_Co_fe_-1.386_n4_generated_crystals_cif__gen_0,0.207332360767,job_136_Cr_fe_-1.181_n4_generated_crystals_cif__gen_0,0.597015334645,no_shared_cluster,D:\User\leoluis0705\Documents\xwechat_files\wxid_bbzc35ridmlc22_e97b\msg\file\2026-04\initial_1000_raw_generations.zip::raw_generations/job_219_Co_fe_-0.895_n4/generated_crystals_cif.zip::gen_3.cif,raw_generations/job_219_Co_fe_-0.895_n4/generated_crystals_cif.zip,gen_3.cif,True,False,False,0,0,-1.51110517979,0.508894820213,0.588894820213,False,4.18059262633,F,True,False,276,10,P2/m,1.907736,9.810568
job_220_Cr_fe_-1.305_n4_generated_crystals_cif__gen_0,D:\CGCNN_Formation_Energy_AL_Archive\experiments\reproducibility\staging\paired_confirmation_server_20260712\EARLY_LiM2O4_ALIGNN_HARD640_m2p18_m2p02_FLAT_20260617\job_220_Cr_fe_-1.305_n4_generated_crystals_cif__gen_0.cif,True,b35c945df131fae69276ed8897ea0752e0e1aa53a30f4542973ef4f66724de74,Li1 Cr2 O4,LiCr2O4,Cr,LiCr2O4,-2.2158062458,,0.51589317022,saved CGCNN MC-dropout sigma; candidate-level ALIGNN uncertainty not available,-2.15560865402,0.51589317022,0.0601975917816,0.122526386543,214,0,-0.223789036274,A,True,False,71,5,204,13,87682ee19c9a3687c35b576acd998b8bd23f26286709fd8dd2d6d31a6c103c98,"Li/M/O role-RDF: six unordered pairs, 0-6 A in 0.2-A bins; scale-free sorted lattice lengths, angles, and normalized volume",SM_Cr_002,15,FP_026,15,recurring_density_cluster,job_146_Cr_fe_-1.128_n4_generated_crystals_cif__gen_2,0.220262088347,job_204_Cr_fe_-0.932_n4_generated_crystals_cif__gen_3,0.982740700263,same_structurematcher_cluster,D:\User\leoluis0705\Documents\xwechat_files\wxid_bbzc35ridmlc22_e97b\msg\file\2026-04\initial_1000_raw_generations.zip::raw_generations/job_220_Cr_fe_-1.305_n4/generated_crystals_cif.zip::gen_0.cif,raw_generations/job_220_Cr_fe_-1.305_n4/generated_crystals_cif.zip,gen_0.cif,True,False,True,5,-0.102418564162,-2.31822480997,0.138224809966,0.218224809966,False,-0.863905062287,A,True,False,100,1,P1,1.937664,10.044787
job_220_Cr_fe_-1.305_n4_generated_crystals_cif__gen_1,D:\CGCNN_Formation_Energy_AL_Archive\experiments\reproducibility\staging\paired_confirmation_server_20260712\EARLY_LiM2O4_ALIGNN_HARD640_m2p18_m2p02_FLAT_20260617\job_220_Cr_fe_-1.305_n4_generated_crystals_cif__gen_1.cif,True,4adfcd0765a6d9c60c3d6870392bd735d59ebbbce59c090b15556522a35b7a7a,Li1 Cr2 O4,LiCr2O4,Cr,LiCr2O4,-2.1814198494,,0.58283381965,saved CGCNN MC-dropout sigma; candidate-level ALIGNN uncertainty not available,-2.08506274223,0.58283381965,0.0963571071625,0.109139401064,230,0,-0.00887405872345,A,True,False,57,4,164,11,094f8bce9258ba7ea03756c8de687d20dab9606f003e8e4ca12461c271b24aa8,"Li/M/O role-RDF: six unordered pairs, 0-6 A in 0.2-A bins; scale-free sorted lattice lengths, angles, and normalized volume",SM_Cr_006,14,FP_064,6,recurring_density_cluster,job_105_Mn_fe_-0.898_n4_generated_crystals_cif__gen_1,0.18656897622,job_249_Cr_fe_-1.500_n4_generated_crystals_cif__gen_1,0.799036511082,no_shared_cluster,D:\User\leoluis0705\Documents\xwechat_files\wxid_bbzc35ridmlc22_e97b\msg\file\2026-04\initial_1000_raw_generations.zip::raw_generations/job_220_Cr_fe_-1.305_n4/generated_crystals_cif.zip::gen_1.cif,raw_generations/job_220_Cr_fe_-1.305_n4/generated_crystals_cif.zip,gen_1.cif,True,False,True,5,-0.102418564162,-2.28383841356,0.103838413558,0.183838413558,False,-0.648990084737,A,True,False,49,8,Cm,1.941675,10.630626
job_220_Cr_fe_-1.305_n4_generated_crystals_cif__gen_2,D:\CGCNN_Formation_Energy_AL_Archive\experiments\reproducibility\staging\paired_confirmation_server_20260712\EARLY_LiM2O4_ALIGNN_HARD640_m2p18_m2p02_FLAT_20260617\job_220_Cr_fe_-1.305_n4_generated_crystals_cif__gen_2.cif,True,58b63df8d357144ee7731b3e7b607b82a1f6e35e553c8ac744ed5d15e3e02050,Li1 Cr2 O4,LiCr2O4,Cr,LiCr2O4,-2.16097927094,,0.427073405283,saved CGCNN MC-dropout sigma; candidate-level ALIGNN uncertainty not available,-2.11659216881,0.427073405283,0.0443871021271,0.148480582252,69,1,0.118879556656,B,True,False,22,2,50,4,796c2bd477fac13e202d1fa0289fe2a45069a6f5e2a56d1846318e94c5ea69e3,"Li/M/O role-RDF: six unordered pairs, 0-6 A in 0.2-A bins; scale-free sorted lattice lengths, angles, and normalized volume",SM_Cr_010,6,FP_036,16,recurring_density_cluster,job_126_Cr_fe_-0.901_n4_generated_crystals_cif__gen_3,0.237343919201,job_148_Mn_fe_-0.904_n4_generated_crystals_cif__gen_2,0.852463250656,no_shared_cluster,D:\User\leoluis0705\Documents\xwechat_files\wxid_bbzc35ridmlc22_e97b\msg\file\2026-04\initial_1000_raw_generations.zip::raw_generations/job_220_Cr_fe_-1.305_n4/generated_crystals_cif.zip::gen_2.cif,raw_generations/job_220_Cr_fe_-1.305_n4/generated_crystals_cif.zip,gen_2.cif,True,False,True,5,-0.102418564162,-2.2633978351,0.083397835097,0.163397835097,False,-0.521236469358,A,True,False,33,8,Cm,1.800618,11.369898
job_221_Ti_fe_-1.143_n4_generated_crystals_cif__gen_0,D:\CGCNN_Formation_Energy_AL_Archive\experiments\reproducibility\staging\paired_confirmation_server_20260712\EARLY_LiM2O4_ALIGNN_HARD640_m2p18_m2p02_FLAT_20260617\job_221_Ti_fe_-1.143_n4_generated_crystals_cif__gen_0.cif,True,c93c61d84a0bb5fe173d09a1460e35e300c1a89a84a8efb2315e243d1c0edd6b,Li1 Ti2 O4,LiTi2O4,Ti,LiTi2O4,-3.21097016335,,0.560002125042,saved CGCNN MC-dropout sigma; candidate-level ALIGNN uncertainty not available,-3.36085152626,0.560002125042,0.149881362915,0.00916266396006,560,0,-6.44356352091,A,True,False,406,26,609,39,4e0cb2be3f572c1ed5dbd8c0da7d017ea11ea208a5426a4529defb63cf504254,"Li/M/O role-RDF: six unordered pairs, 0-6 A in 0.2-A bins; scale-free sorted lattice lengths, angles, and normalized volume",SM_Ti_002,41,FP_038,19,recurring_density_cluster,job_027_Ti_fe_-1.340_n4_generated_crystals_cif__gen_0,0.237188939615,job_011_Mg_fe_-1.305_n4_generated_crystals_cif__gen_0,0.757276239602,no_shared_cluster,D:\User\leoluis0705\Documents\xwechat_files\wxid_bbzc35ridmlc22_e97b\msg\file\2026-04\initial_1000_raw_generations.zip::raw_generations/job_221_Ti_fe_-1.143_n4/generated_crystals_cif.zip::gen_0.cif,raw_generations/job_221_Ti_fe_-1.143_n4/generated_crystals_cif.zip,gen_0.cif,True,False,False,0,0,-3.21097016335,1.03097016334,1.11097016335,False,-6.44356352091,A,True,False,576,44,Imm2,1.955024,10.208558
job_221_Ti_fe_-1.143_n4_generated_crystals_cif__gen_1,D:\CGCNN_Formation_Energy_AL_Archive\experiments\reproducibility\staging\paired_confirmation_server_20260712\EARLY_LiM2O4_ALIGNN_HARD640_m2p18_m2p02_FLAT_20260617\job_221_Ti_fe_-1.143_n4_generated_crystals_cif__gen_1.cif,True,8a1508af68c113980c2786fa15fc7d2f556be85b04953cab51d8203d357fee82,Li1 Ti2 O4,LiTi2O4,Ti,LiTi2O4,-3.21767306328,,0.554547140849,saved CGCNN MC-dropout sigma; candidate-level ALIGNN uncertainty not available,-3.37628173828,0.554547140849,0.158608675003,0.00826652471787,570,0,-6.48545664549,A,True,False,604,38,591,37,ccf448b46e5accccab4615d5393b6d5c55d1d65e59378935da1ca675be0daf24,"Li/M/O role-RDF: six unordered pairs, 0-6 A in 0.2-A bins; scale-free sorted lattice lengths, angles, and normalized volume",SM_Ti_002,41,FP_076,4,recurring_density_cluster,job_160_Ti_fe_-1.290_n4_generated_crystals_cif__gen_2,0.231137597535,job_011_Mg_fe_-1.305_n4_generated_crystals_cif__gen_0,0.651914669088,no_shared_cluster,D:\User\leoluis0705\Documents\xwechat_files\wxid_bbzc35ridmlc22_e97b\msg\file\2026-04\initial_1000_raw_generations.zip::raw_generations/job_221_Ti_fe_-1.143_n4/generated_crystals_cif.zip::gen_1.cif,raw_generations/job_221_Ti_fe_-1.143_n4/generated_crystals_cif.zip,gen_1.cif,True,False,False,0,0,-3.21767306328,1.03767306328,1.11767306328,False,-6.48545664549,A,True,False,588,8,Cm,1.998347,10.121995
job_221_Ti_fe_-1.143_n4_generated_crystals_cif__gen_3,D:\CGCNN_Formation_Energy_AL_Archive\experiments\reproducibility\staging\paired_confirmation_server_20260712\EARLY_LiM2O4_ALIGNN_HARD640_m2p18_m2p02_FLAT_20260617\job_221_Ti_fe_-1.143_n4_generated_crystals_cif__gen_3.cif,True,c2b92220b1adfedac21ca9b1389ed38b6231d1c33130e2bfa44f19fbb95b993f,Li1 Ti2 O4,LiTi2O4,Ti,LiTi2O4,-3.22066354752,,0.43828753913,saved CGCNN MC-dropout sigma; candidate-level ALIGNN uncertainty not available,-3.37392854691,0.43828753913,0.15326499939,0.00222037635323,623,0,-6.50414717197,A,True,False,575,36,579,37,aa06ce9587a9488cec6c22138dd3f9360a3095a81e2c01856c328bc2ccd8db66,"Li/M/O role-RDF: six unordered pairs, 0-6 A in 0.2-A bins; scale-free sorted lattice lengths, angles, and normalized volume",SM_Ti_002,41,FP_037,5,recurring_density_cluster,job_026_Ti_fe_-1.451_n4_generated_crystals_cif__gen_0,0.101083360817,job_011_Mg_fe_-1.305_n4_generated_crystals_cif__gen_0,0.575997656034,no_shared_cluster,D:\User\leoluis0705\Documents\xwechat_files\wxid_bbzc35ridmlc22_e97b\msg\file\2026-04\initial_1000_raw_generations.zip::raw_generations/job_221_Ti_fe_-1.143_n4/generated_crystals_cif.zip::gen_3.cif,raw_generations/job_221_Ti_fe_-1.143_n4/generated_crystals_cif.zip,gen_3.cif,True,False,False,0,0,-3.22066354752,1.04066354752,1.12066354752,False,-6.50414717197,A,True,False,601,8,Cm,2.008736,10.178323
job_222_Ti_fe_-0.813_n4_generated_crystals_cif__gen_1,D:\CGCNN_Formation_Energy_AL_Archive\experiments\reproducibility\staging\paired_confirmation_server_20260712\EARLY_LiM2O4_ALIGNN_HARD640_m2p18_m2p02_FLAT_20260617\job_222_Ti_fe_-0.813_n4_generated_crystals_cif__gen_1.cif,True,20881d8100fcbaa76c08b097a7890443ca68cb20fac7354a2e86caf9f50fde75,Li1 Ti2 O4,LiTi2O4,Ti,LiTi2O4,-3.17921423912,,0.440716466948,saved CGCNN MC-dropout sigma; candidate-level ALIGNN uncertainty not available,-3.24634981155,0.440716466948,0.0671355724335,0.00507313695612,596,0,-6.2450889945,A,True,False,290,19,620,39,9a506f1442c3fb908e9676ad5dcb63e694a6920d6f534b9151ed5ba509c7ecea,"Li/M/O role-RDF: six unordered pairs, 0-6 A in 0.2-A bins; scale-free sorted lattice lengths, angles, and normalized volume",SM_Ti_005,11,FP_013,10,recurring_density_cluster,job_174_Ti_fe_-1.427_n4_generated_crystals_cif__gen_2,0.149519014277,job_167_Mn_fe_-0.885_n4_generated_crystals_cif__gen_3,0.589367247224,no_shared_cluster,D:\User\leoluis0705\Documents\xwechat_files\wxid_bbzc35ridmlc22_e97b\msg\file\2026-04\initial_1000_raw_generations.zip::raw_generations/job_222_Ti_fe_-0.813_n4/generated_crystals_cif.zip::gen_1.cif,raw_generations/job_222_Ti_fe_-0.813_n4/generated_crystals_cif.zip,gen_1.cif,True,False,False,0,0,-3.17921423912,0.99921423912,1.07921423912,False,-6.2450889945,A,True,False,534,6,Pm,1.982671,10.840098
job_222_Ti_fe_-0.813_n4_generated_crystals_cif__gen_3,D:\CGCNN_Formation_Energy_AL_Archive\experiments\reproducibility\staging\paired_confirmation_server_20260712\EARLY_LiM2O4_ALIGNN_HARD640_m2p18_m2p02_FLAT_20260617\job_222_Ti_fe_-0.813_n4_generated_crystals_cif__gen_3.cif,True,f9b06a1ca50e9a90d2e16d0c6b419fb6cdd11c09e451d1591f6733a14f874a72,Li1 Ti2 O4,LiTi2O4,Ti,LiTi2O4,-3.17708182335,,0.4683065194,saved CGCNN MC-dropout sigma; candidate-level ALIGNN uncertainty not available,-3.15059065819,0.4683065194,0.0264911651611,0.0112222241985,540,0,-6.23176139593,A,True,False,495,31,551,35,34b65504c554b8738e65478de6e4fd64eec7fd049c2fa232d1cee5e1fd3b2e74,"Li/M/O role-RDF: six unordered pairs, 0-6 A in 0.2-A bins; scale-free sorted lattice lengths, angles, and normalized volume",SM_Ti_007,9,FP_039,9,recurring_density_cluster,job_026_Ti_fe_-1.451_n4_generated_crystals_cif__gen_3,0.162082568506,job_249_Cr_fe_-1.500_n4_generated_crystals_cif__gen_1,0.833208683344,no_shared_cluster,D:\User\leoluis0705\Documents\xwechat_files\wxid_bbzc35ridmlc22_e97b\msg\file\2026-04\initial_1000_raw_generations.zip::raw_generations/job_222_Ti_fe_-0.813_n4/generated_crystals_cif.zip::gen_3.cif,raw_generations/job_222_Ti_fe_-0.813_n4/generated_crystals_cif.zip,gen_3.cif,True,False,False,0,0,-3.17708182335,0.997081823349,1.07708182335,False,-6.23176139593,A,True,False,529,1,P1,1.94716,10.870291
job_223_Mg_fe_-1.268_n4_generated_crystals_cif__gen_1,D:\CGCNN_Formation_Energy_AL_Archive\experiments\reproducibility\staging\paired_confirmation_server_20260712\EARLY_LiM2O4_ALIGNN_HARD640_m2p18_m2p02_FLAT_20260617\job_223_Mg_fe_-1.268_n4_generated_crystals_cif__gen_1.cif,True,0a4bfb327d0db0c0cf4c2e8b5b93999520197cc06b5c52fcf761e39e2271e1db,Li1 Mg2 O4,LiMg2O4,Mg,LiMg2O4,-2.22805809975,,0.463953999107,saved CGCNN MC-dropout sigma; candidate-level ALIGNN uncertainty not available,-3.05512976646,0.463953999107,0.827071666718,0.0167940294683,520,0,-0.300363123417,A,True,False,256,16,276,18,2930fb5acddf64799df7e5a38e60ea2707f6ffdde3b7ce872cda13e51f527949,"Li/M/O role-RDF: six unordered pairs, 0-6 A in 0.2-A bins; scale-free sorted lattice lengths, angles, and normalized volume",SM_Mg_004,15,FP_016,8,recurring_density_cluster,job_230_Mg_fe_-1.419_n4_generated_crystals_cif__gen_3,0.238672495572,job_011_Mg_fe_-1.305_n4_generated_crystals_cif__gen_0,0.25742885264,same_structurematcher_cluster,D:\User\leoluis0705\Documents\xwechat_files\wxid_bbzc35ridmlc22_e97b\msg\file\2026-04\initial_1000_raw_generations.zip::raw_generations/job_223_Mg_fe_-1.268_n4/generated_crystals_cif.zip::gen_1.cif,raw_generations/job_223_Mg_fe_-1.268_n4/generated_crystals_cif.zip,gen_1.cif,True,False,True,2,0.651052398728,-1.57700570102,0.442994298982,0.522994298982,False,3.76871436864,F,True,False,244,5,C2,1.999021,10.630247
job_224_Mn_fe_-1.419_n4_generated_crystals_cif__gen_0,D:\CGCNN_Formation_Energy_AL_Archive\experiments\reproducibility\staging\paired_confirmation_server_20260712\EARLY_LiM2O4_ALIGNN_HARD640_m2p18_m2p02_FLAT_20260617\job_224_Mn_fe_-1.419_n4_generated_crystals_cif__gen_0.cif,True,8bcf6585177d669a3a2550de4eb7ce09e693305052e8c2ea389f3f2d73579757,Li1 Mn2 O4,LiMn2O4,Mn,LiMn2O4,-2.01855707169,,0.384407144818,saved CGCNN MC-dropout sigma; candidate-level ALIGNN uncertainty not available,-2.21076083183,0.384407144818,0.192203760147,0.158249949952,36,0,1.00901830196,F,True,False,137,9,44,3,a77c0ba4f3fa394c70e43251f7ac2dfbf777ecffa0590ecd9865adfe8391821c,"Li/M/O role-RDF: six unordered pairs, 0-6 A in 0.2-A bins; scale-free sorted lattice lengths, angles, and normalized volume",SM_Mn_004,35,FP_SINGLETON_120,1,hdbscan_noise_singleton,job_065_Mn_fe_-1.024_n4_generated_crystals_cif__gen_2,0.39551526938,job_086_Mn_fe_-0.988_n4_generated_crystals_cif__gen_2,0.474034992065,same_structurematcher_cluster,D:\User\leoluis0705\Documents\xwechat_files\wxid_bbzc35ridmlc22_e97b\msg\file\2026-04\initial_1000_raw_generations.zip::raw_generations/job_224_Mn_fe_-1.419_n4/generated_crystals_cif.zip::gen_0.cif,raw_generations/job_224_Mn_fe_-1.419_n4/generated_crystals_cif.zip,gen_0.cif,True,False,True,3,0.176542943114,-1.84201412857,0.177985871428,0.257985871428,False,2.11241169643,F,True,False,140,1,P1,1.91953,11.104885
job_224_Mn_fe_-1.419_n4_generated_crystals_cif__gen_2,D:\CGCNN_Formation_Energy_AL_Archive\experiments\reproducibility\staging\paired_confirmation_server_20260712\EARLY_LiM2O4_ALIGNN_HARD640_m2p18_m2p02_FLAT_20260617\job_224_Mn_fe_-1.419_n4_generated_crystals_cif__gen_2.cif,True,dd36e74b345ea57f64ec2b465d257f2c9bcac0cb8150789606a13a1cb7f2b8fb,Li1 Mn2 O4,LiMn2O4,Mn,LiMn2O4,-1.93807721138,,0.459149650122,saved CGCNN MC-dropout sigma; candidate-level ALIGNN uncertainty not available,-2.21855330467,0.459149650122,0.280476093292,0.133829523526,156,0,1.51201742887,F,True,False,183,12,202,13,824e3cb4bdc2eb83f2bdd522f6e4f37208b5706827c0c75fb8166a1eb2a47624,"Li/M/O role-RDF: six unordered pairs, 0-6 A in 0.2-A bins; scale-free sorted lattice lengths, angles, and normalized volume",SM_Mn_007,7,FP_028,4,recurring_density_cluster,job_030_Mn_fe_-1.234_n4_generated_crystals_cif__gen_1,0.426249561382,job_120_Cr_fe_-1.424_n4_generated_crystals_cif__gen_1,1.07360843853,no_shared_cluster,D:\User\leoluis0705\Documents\xwechat_files\wxid_bbzc35ridmlc22_e97b\msg\file\2026-04\initial_1000_raw_generations.zip::raw_generations/job_224_Mn_fe_-1.419_n4/generated_crystals_cif.zip::gen_2.cif,raw_generations/job_224_Mn_fe_-1.419_n4/generated_crystals_cif.zip,gen_2.cif,True,False,True,3,0.176542943114,-1.76153426827,0.258465731734,0.338465731734,False,2.61541082334,F,True,False,208,1,P1,1.881909,10.157541
job_224_Mn_fe_-1.419_n4_generated_crystals_cif__gen_3,D:\CGCNN_Formation_Energy_AL_Archive\experiments\reproducibility\staging\paired_confirmation_server_20260712\EARLY_LiM2O4_ALIGNN_HARD640_m2p18_m2p02_FLAT_20260617\job_224_Mn_fe_-1.419_n4_generated_crystals_cif__gen_3.cif,True,5a8cf57d460660b7822c7862338e0bc716970365f5ebc8969ac48e568f460e1b,Li1 Mn2 O4,LiMn2O4,Mn,LiMn2O4,-2.01597285271,,0.386561236572,saved CGCNN MC-dropout sigma; candidate-level ALIGNN uncertainty not available,-2.20407485962,0.386561236572,0.188102006912,0.158198996275,37,0,1.02516967058,F,True,False,145,10,139,9,91e0179f9a32769d42ba8b1df328a7a52728d212d9c46c50675950576f751756,"Li/M/O role-RDF: six unordered pairs, 0-6 A in 0.2-A bins; scale-free sorted lattice lengths, angles, and normalized volume",SM_Mn_004,35,FP_011,18,recurring_density_cluster,job_105_Mn_fe_-0.898_n4_generated_crystals_cif__gen_2,0.140324240368,job_167_Mn_fe_-0.885_n4_generated_crystals_cif__gen_3,0.273015444473,same_structurematcher_cluster,D:\User\leoluis0705\Documents\xwechat_files\wxid_bbzc35ridmlc22_e97b\msg\file\2026-04\initial_1000_raw_generations.zip::raw_generations/job_224_Mn_fe_-1.419_n4/generated_crystals_cif.zip::gen_3.cif,raw_generations/job_224_Mn_fe_-1.419_n4/generated_crystals_cif.zip,gen_3.cif,True,False,True,3,0.176542943114,-1.83942990959,0.180570090407,0.260570090407,False,2.12856306505,F,True,False,146,1,P1,1.916365,10.719872
job_225_Co_fe_-1.375_n4_generated_crystals_cif__gen_1,D:\CGCNN_Formation_Energy_AL_Archive\experiments\reproducibility\staging\paired_confirmation_server_20260712\EARLY_LiM2O4_ALIGNN_HARD640_m2p18_m2p02_FLAT_20260617\job_225_Co_fe_-1.375_n4_generated_crystals_cif__gen_1.cif,True,cc3814ae4c5c2e4a1ec34381441549d69d235c4d46b4d279ff9868ec3b73e21e,Li1 Co2 O4,Li(CoO2)2,Co,Li(CoO2)2,-1.50091409683,,0.521044083487,saved CGCNN MC-dropout sigma; candidate-level ALIGNN uncertainty not available,-1.52418911457,0.521044083487,0.0232750177383,0.0665782574367,376,0,4.2442868948,F,True,False,437,28,390,25,475dc31402cb66a1616a15122adf7cb4c008a851ad7d7923f19cb42baa34edb2,"Li/M/O role-RDF: six unordered pairs, 0-6 A in 0.2-A bins; scale-free sorted lattice lengths, angles, and normalized volume",SM_Co_004,18,FP_045,11,recurring_density_cluster,job_225_Co_fe_-1.375_n4_generated_crystals_cif__gen_2,0.0864063166724,job_136_Cr_fe_-1.181_n4_generated_crystals_cif__gen_0,0.624516195359,no_shared_cluster,D:\User\leoluis0705\Documents\xwechat_files\wxid_bbzc35ridmlc22_e97b\msg\file\2026-04\initial_1000_raw_generations.zip::raw_generations/job_225_Co_fe_-1.375_n4/generated_crystals_cif.zip::gen_1.cif,raw_generations/job_225_Co_fe_-1.375_n4/generated_crystals_cif.zip,gen_1.cif,True,False,False,0,0,-1.50091409683,0.519085903168,0.599085903168,False,4.2442868948,F,True,False,290,6,Pm,1.89711,9.763908
job_225_Co_fe_-1.375_n4_generated_crystals_cif__gen_2,D:\CGCNN_Formation_Energy_AL_Archive\experiments\reproducibility\staging\paired_confirmation_server_20260712\EARLY_LiM2O4_ALIGNN_HARD640_m2p18_m2p02_FLAT_20260617\job_225_Co_fe_-1.375_n4_generated_crystals_cif__gen_2.cif,True,ed5d9bcc362a23c1d868d33683f06e9656e6e299225989fdc631324c116afc50,Li1 Co2 O4,Li(CoO2)2,Co,Li(CoO2)2,-1.49421656132,,0.489922733851,saved CGCNN MC-dropout sigma; candidate-level ALIGNN uncertainty not available,-1.52835226059,0.489922733851,0.0341356992722,0.0660626262918,377,0,4.28614649177,F,True,False,465,30,388,25,365ad3990eea902405f56c836f45a2c13ad411398d3eb8131d7a3cb9a63f4aad,"Li/M/O role-RDF: six unordered pairs, 0-6 A in 0.2-A bins; scale-free sorted lattice lengths, angles, and normalized volume",SM_Co_004,18,FP_045,11,recurring_density_cluster,job_225_Co_fe_-1.375_n4_generated_crystals_cif__gen_1,0.0864063166724,job_136_Cr_fe_-1.181_n4_generated_crystals_cif__gen_0,0.63498263872,no_shared_cluster,D:\User\leoluis0705\Documents\xwechat_files\wxid_bbzc35ridmlc22_e97b\msg\file\2026-04\initial_1000_raw_generations.zip::raw_generations/job_225_Co_fe_-1.375_n4/generated_crystals_cif.zip::gen_2.cif,raw_generations/job_225_Co_fe_-1.375_n4/generated_crystals_cif.zip,gen_2.cif,True,False,False,0,0,-1.49421656132,0.525783438683,0.605783438683,False,4.28614649177,F,True,False,297,6,Pm,1.894443,9.75281
job_227_Mg_fe_-1.196_n4_generated_crystals_cif__gen_3,D:\CGCNN_Formation_Energy_AL_Archive\experiments\reproducibility\staging\paired_confirmation_server_20260712\EARLY_LiM2O4_ALIGNN_HARD640_m2p18_m2p02_FLAT_20260617\job_227_Mg_fe_-1.196_n4_generated_crystals_cif__gen_3.cif,True,c69f9885a6b066abc1ba9266052d32e315af7c4863e52132361bf269216c86cb,Li1 Mg2 O4,LiMg2O4,Mg,LiMg2O4,-2.19393634796,,0.498453357879,saved CGCNN MC-dropout sigma; candidate-level ALIGNN uncertainty not available,-3.04838991165,0.498453357879,0.85445356369,0.0211908211981,510,0,-0.0871021747589,A,True,False,245,16,299,19,e762013d394d89ed8d2d8029415393aec1780fa221a21a2f1889754a32f13fad,"Li/M/O role-RDF: six unordered pairs, 0-6 A in 0.2-A bins; scale-free sorted lattice lengths, angles, and normalized volume",SM_Mg_004,15,FP_035,6,recurring_density_cluster,job_128_Mg_fe_-0.915_n4_generated_crystals_cif__gen_2,0.515417572463,job_011_Mg_fe_-1.305_n4_generated_crystals_cif__gen_0,0.748874845719,same_structurematcher_cluster,D:\User\leoluis0705\Documents\xwechat_files\wxid_bbzc35ridmlc22_e97b\msg\file\2026-04\initial_1000_raw_generations.zip::raw_generations/job_227_Mg_fe_-1.196_n4/generated_crystals_cif.zip::gen_3.cif,raw_generations/job_227_Mg_fe_-1.196_n4/generated_crystals_cif.zip,gen_3.cif,True,False,True,2,0.651052398728,-1.54288394923,0.477116050767,0.557116050767,False,3.98197531729,F,True,False,255,44,Imm2,2.03619,11.099212
job_228_Ti_fe_-0.950_n4_generated_crystals_cif__gen_0,D:\CGCNN_Formation_Energy_AL_Archive\experiments\reproducibility\staging\paired_confirmation_server_20260712\EARLY_LiM2O4_ALIGNN_HARD640_m2p18_m2p02_FLAT_20260617\job_228_Ti_fe_-0.950_n4_generated_crystals_cif__gen_0.cif,True,7157ec212c701efbc9eeb026d14c93a2393951efefb020f74dad0351a61910da,Li1 Ti2 O4,LiTi2O4,Ti,LiTi2O4,-3.17081689835,,0.563244476855,saved CGCNN MC-dropout sigma; candidate-level ALIGNN uncertainty not available,-3.28846311569,0.563244476855,0.117646217346,0.0123751390942,537,0,-6.19260561466,A,True,False,322,21,564,36,eb9314fdd75a3ed0cc804bc7101a92e8c3a1a46d0c697e20039d57883cf89a3f,"Li/M/O role-RDF: six unordered pairs, 0-6 A in 0.2-A bins; scale-free sorted lattice lengths, angles, and normalized volume",SM_Ti_023,3,FP_008,8,recurring_density_cluster,job_235_Ti_fe_-0.842_n4_generated_crystals_cif__gen_2,0.292886168987,job_182_Cr_fe_-1.464_n4_generated_crystals_cif__gen_2,0.381212189347,same_fingerprint_cluster,D:\User\leoluis0705\Documents\xwechat_files\wxid_bbzc35ridmlc22_e97b\msg\file\2026-04\initial_1000_raw_generations.zip::raw_generations/job_228_Ti_fe_-0.950_n4/generated_crystals_cif.zip::gen_0.cif,raw_generations/job_228_Ti_fe_-0.950_n4/generated_crystals_cif.zip,gen_0.cif,True,False,False,0,0,-3.17081689835,0.990816898346,1.07081689835,False,-6.19260561466,A,True,False,517,8,Cm,1.879178,11.227184
job_228_Ti_fe_-0.950_n4_generated_crystals_cif__gen_1,D:\CGCNN_Formation_Energy_AL_Archive\experiments\reproducibility\staging\paired_confirmation_server_20260712\EARLY_LiM2O4_ALIGNN_HARD640_m2p18_m2p02_FLAT_20260617\job_228_Ti_fe_-0.950_n4_generated_crystals_cif__gen_1.cif,True,672fae3fb48e85b44062bee36a934dd3f39598aa473c26d2cce0eefe9c3044c9,Li1 Ti2 O4,LiTi2O4,Ti,LiTi2O4,-3.16741871834,,0.473667536082,saved CGCNN MC-dropout sigma; candidate-level ALIGNN uncertainty not available,-3.16634178162,0.473667536082,0.0010769367218,0.0108979729073,541,0,-6.17136698961,A,True,False,422,27,527,33,5964b7d9f4008e7a876738298cf896113e6d68851d03de16808cb5fd91886a05,"Li/M/O role-RDF: six unordered pairs, 0-6 A in 0.2-A bins; scale-free sorted lattice lengths, angles, and normalized volume",SM_Ti_022,2,FP_079,5,recurring_density_cluster,job_211_Ti_fe_-1.424_n4_generated_crystals_cif__gen_3,0.260815982173,job_249_Cr_fe_-1.500_n4_generated_crystals_cif__gen_1,0.58916182935,same_fingerprint_cluster,D:\User\leoluis0705\Documents\xwechat_files\wxid_bbzc35ridmlc22_e97b\msg\file\2026-04\initial_1000_raw_generations.zip::raw_generations/job_228_Ti_fe_-0.950_n4/generated_crystals_cif.zip::gen_1.cif,raw_generations/job_228_Ti_fe_-0.950_n4/generated_crystals_cif.zip,gen_1.cif,True,False,False,0,0,-3.16741871834,0.987418718338,1.06741871834,False,-6.17136698961,A,True,False,505,160,R3m,1.963418,10.9834
job_229_Al_fe_-1.076_n4_generated_crystals_cif__gen_2,D:\CGCNN_Formation_Energy_AL_Archive\experiments\reproducibility\staging\paired_confirmation_server_20260712\EARLY_LiM2O4_ALIGNN_HARD640_m2p18_m2p02_FLAT_20260617\job_229_Al_fe_-1.076_n4_generated_crystals_cif__gen_2.cif,True,a08136605fe9ec61f9eb1b5fe52ebd6453df18eaaeb4f6d37bebea94514621c4,Li1 Al2 O4,LiAl2O4,Al,LiAl2O4,-3.06751847267,,0.447590606352,saved CGCNN MC-dropout sigma; candidate-level ALIGNN uncertainty not available,-2.59452009201,0.447590606352,0.472998380661,0.0775494790392,306,0,-5.5469904542,A,True,False,33,3,40,3,c337f356aa4615d312ea3924c63e61b0a414b324553a8f4b39201e571e0c2b3b,"Li/M/O role-RDF: six unordered pairs, 0-6 A in 0.2-A bins; scale-free sorted lattice lengths, angles, and normalized volume",SM_Al_011,2,FP_046,6,recurring_density_cluster,job_096_Al_fe_-0.803_n4_generated_crystals_cif__gen_2,0.410407700402,job_182_Cr_fe_-1.464_n4_generated_crystals_cif__gen_2,1.04063102669,no_shared_cluster,D:\User\leoluis0705\Documents\xwechat_files\wxid_bbzc35ridmlc22_e97b\msg\file\2026-04\initial_1000_raw_generations.zip::raw_generations/job_229_Al_fe_-1.076_n4/generated_crystals_cif.zip::gen_2.cif,raw_generations/job_229_Al_fe_-1.076_n4/generated_crystals_cif.zip,gen_2.cif,True,False,False,0,0,-3.06751847267,0.887518472672,0.967518472672,False,-5.5469904542,A,True,False,393,8,Cm,1.847086,10.037268
job_229_Al_fe_-1.076_n4_generated_crystals_cif__gen_3,D:\CGCNN_Formation_Energy_AL_Archive\experiments\reproducibility\staging\paired_confirmation_server_20260712\EARLY_LiM2O4_ALIGNN_HARD640_m2p18_m2p02_FLAT_20260617\job_229_Al_fe_-1.076_n4_generated_crystals_cif__gen_3.cif,True,4bb818559acc60c81d57ca22a8b7dfd53da81bb2667b3ec09d6975d909a47ab3,Li1 Al2 O4,LiAl2O4,Al,LiAl2O4,-3.11623859406,,0.44469661498,saved CGCNN MC-dropout sigma; candidate-level ALIGNN uncertainty not available,-2.54386353493,0.44469661498,0.572375059128,0.0872198966876,267,0,-5.85149121284,A,True,False,433,28,324,21,437d8a51619ad2f8fb998e66559b3174321658ec84e5117b660866f5636bde19,"Li/M/O role-RDF: six unordered pairs, 0-6 A in 0.2-A bins; scale-free sorted lattice lengths, angles, and normalized volume",SM_Al_013,3,FP_SINGLETON_121,1,hdbscan_noise_singleton,job_245_Al_fe_-1.035_n4_generated_crystals_cif__gen_0,0.153828289375,job_136_Cr_fe_-1.181_n4_generated_crystals_cif__gen_0,0.576885188669,no_shared_cluster,D:\User\leoluis0705\Documents\xwechat_files\wxid_bbzc35ridmlc22_e97b\msg\file\2026-04\initial_1000_raw_generations.zip::raw_generations/job_229_Al_fe_-1.076_n4/generated_crystals_cif.zip::gen_3.cif,raw_generations/job_229_Al_fe_-1.076_n4/generated_crystals_cif.zip,gen_3.cif,True,False,False,0,0,-3.11623859406,0.936238594055,1.01623859406,False,-5.85149121284,A,True,False,404,6,Pm,1.880068,9.900147
job_230_Mg_fe_-1.419_n4_generated_crystals_cif__gen_3,D:\CGCNN_Formation_Energy_AL_Archive\experiments\reproducibility\staging\paired_confirmation_server_20260712\EARLY_LiM2O4_ALIGNN_HARD640_m2p18_m2p02_FLAT_20260617\job_230_Mg_fe_-1.419_n4_generated_crystals_cif__gen_3.cif,True,6786fc3eb3d8e90f7cb3f6bd3e8c56a7bb5dbf6b495b18ae672fe4db70b71fcf,Li1 Mg2 O4,LiMg2O4,Mg,LiMg2O4,-2.2055721283,,0.538699860394,saved CGCNN MC-dropout sigma; candidate-level ALIGNN uncertainty not available,-3.06580162048,0.538699860394,0.860229492188,0.0239454861742,504,0,-0.159825801849,A,True,False,274,18,284,18,1e603eebb59a3f581b9a5e6cf596cc1c2794d4f2da9f6e5100f0c15c62f03518,"Li/M/O role-RDF: six unordered pairs, 0-6 A in 0.2-A bins; scale-free sorted lattice lengths, angles, and normalized volume",SM_Mg_004,15,FP_016,8,recurring_density_cluster,job_181_Mg_fe_-1.158_n4_generated_crystals_cif__gen_0,0.148391015603,job_011_Mg_fe_-1.305_n4_generated_crystals_cif__gen_0,0.148485074367,same_structurematcher_cluster,D:\User\leoluis0705\Documents\xwechat_files\wxid_bbzc35ridmlc22_e97b\msg\file\2026-04\initial_1000_raw_generations.zip::raw_generations/job_230_Mg_fe_-1.419_n4/generated_crystals_cif.zip::gen_3.cif,raw_generations/job_230_Mg_fe_-1.419_n4/generated_crystals_cif.zip,gen_3.cif,True,False,True,2,0.651052398728,-1.55451972957,0.465480270433,0.545480270433,False,3.9092516902,F,True,False,251,8,Cm,2.036821,10.88812
job_232_Mn_fe_-1.004_n4_generated_crystals_cif__gen_1,D:\CGCNN_Formation_Energy_AL_Archive\experiments\reproducibility\staging\paired_confirmation_server_20260712\EARLY_LiM2O4_ALIGNN_HARD640_m2p18_m2p02_FLAT_20260617\job_232_Mn_fe_-1.004_n4_generated_crystals_cif__gen_1.cif,True,5d2b3447081631b0751ce28584b9c06f557977dcd83d01fb007763d563b4280d,Li1 Mn2 O4,LiMn2O4,Mn,LiMn2O4,-2.01077914238,,0.451691617023,saved CGCNN MC-dropout sigma; candidate-level ALIGNN uncertainty not available,-2.2890059948,0.451691617023,0.278226852417,0.128913152807,193,0,1.05763036013,F,True,False,155,10,87,6,738ed96efdcb43f6d6b8090b623990d558038cb73b9f3bbda52dd1de51875e32,"Li/M/O role-RDF: six unordered pairs, 0-6 A in 0.2-A bins; scale-free sorted lattice lengths, angles, and normalized volume",SM_Mn_013,8,FP_077,5,recurring_density_cluster,job_176_Mn_fe_-0.980_n4_generated_crystals_cif__gen_0,0.00309766363907,job_011_Mg_fe_-1.305_n4_generated_crystals_cif__gen_0,0.667730498258,no_shared_cluster,D:\User\leoluis0705\Documents\xwechat_files\wxid_bbzc35ridmlc22_e97b\msg\file\2026-04\initial_1000_raw_generations.zip::raw_generations/job_232_Mn_fe_-1.004_n4/generated_crystals_cif.zip::gen_1.cif,raw_generations/job_232_Mn_fe_-1.004_n4/generated_crystals_cif.zip,gen_1.cif,True,False,True,3,0.176542943114,-1.83423619927,0.185763800734,0.265763800734,False,2.16102375459,F,True,False,154,8,Cm,1.910576,10.180845
job_232_Mn_fe_-1.004_n4_generated_crystals_cif__gen_2,D:\CGCNN_Formation_Energy_AL_Archive\experiments\reproducibility\staging\paired_confirmation_server_20260712\EARLY_LiM2O4_ALIGNN_HARD640_m2p18_m2p02_FLAT_20260617\job_232_Mn_fe_-1.004_n4_generated_crystals_cif__gen_2.cif,True,ae8947258c7de037dc91ef7a5a9b35d4633b82b7db3cae4d19f86b4fc22d975c,Li1 Mn2 O4,LiMn2O4,Mn,LiMn2O4,-1.89147949219,,0.400893810848,saved CGCNN MC-dropout sigma; candidate-level ALIGNN uncertainty not available,-2.14753699303,0.400893810848,0.256057500839,0.157077154472,46,0,1.80325317383,F,True,False,10,1,236,15,44e1666403de6ec7175bc8b5b5ad55de82baa3aee3c354023f9a99ce46d5b0aa,"Li/M/O role-RDF: six unordered pairs, 0-6 A in 0.2-A bins; scale-free sorted lattice lengths, angles, and normalized volume",SM_Mn_012,5,FP_SINGLETON_122,1,hdbscan_noise_singleton,job_172_Mn_fe_-1.032_n4_generated_crystals_cif__gen_3,0.346440988944,job_148_Mn_fe_-0.904_n4_generated_crystals_cif__gen_2,1.07077596847,no_shared_cluster,D:\User\leoluis0705\Documents\xwechat_files\wxid_bbzc35ridmlc22_e97b\msg\file\2026-04\initial_1000_raw_generations.zip::raw_generations/job_232_Mn_fe_-1.004_n4/generated_crystals_cif.zip::gen_2.cif,raw_generations/job_232_Mn_fe_-1.004_n4/generated_crystals_cif.zip,gen_2.cif,True,False,True,3,0.176542943114,-1.71493654907,0.305063450927,0.385063450927,False,2.90664656829,F,True,False,237,1,P1,1.823281,11.707497
job_232_Mn_fe_-1.004_n4_generated_crystals_cif__gen_3,D:\CGCNN_Formation_Energy_AL_Archive\experiments\reproducibility\staging\paired_confirmation_server_20260712\EARLY_LiM2O4_ALIGNN_HARD640_m2p18_m2p02_FLAT_20260617\job_232_Mn_fe_-1.004_n4_generated_crystals_cif__gen_3.cif,True,c62b5ff72d7b3737f7657c61f1d23bbc31a126a65a95cf189faf05385ab3eb13,Li1 Mn2 O4,LiMn2O4,Mn,LiMn2O4,-1.90426945686,,0.478116056382,saved CGCNN MC-dropout sigma; candidate-level ALIGNN uncertainty not available,-2.20508337021,0.478116056382,0.300813913345,0.129742422315,190,0,1.7233158946,F,True,False,144,9,119,8,1e073ea6cc8e3d37a57affa3e1e54dbff2972b6e149143184b9cb0367cd75620,"Li/M/O role-RDF: six unordered pairs, 0-6 A in 0.2-A bins; scale-free sorted lattice lengths, angles, and normalized volume",SM_Mn_012,5,FP_036,16,recurring_density_cluster,job_133_Mn_fe_-1.385_n4_generated_crystals_cif__gen_3,0.37566116393,job_148_Mn_fe_-0.904_n4_generated_crystals_cif__gen_2,0.938966866652,no_shared_cluster,D:\User\leoluis0705\Documents\xwechat_files\wxid_bbzc35ridmlc22_e97b\msg\file\2026-04\initial_1000_raw_generations.zip::raw_generations/job_232_Mn_fe_-1.004_n4/generated_crystals_cif.zip::gen_3.cif,raw_generations/job_232_Mn_fe_-1.004_n4/generated_crystals_cif.zip,gen_3.cif,True,False,True,3,0.176542943114,-1.72772651375,0.292273486251,0.372273486251,False,2.82670928907,F,True,False,231,1,P1,1.7887,11.602327
job_233_Mn_fe_-1.136_n4_generated_crystals_cif__gen_0,D:\CGCNN_Formation_Energy_AL_Archive\experiments\reproducibility\staging\paired_confirmation_server_20260712\EARLY_LiM2O4_ALIGNN_HARD640_m2p18_m2p02_FLAT_20260617\job_233_Mn_fe_-1.136_n4_generated_crystals_cif__gen_0.cif,True,db26636f75c47b2e7f4e5ea20e6040f4071573fbf55b99b481e6688e522bdbb6,Li1 Mn2 O4,LiMn2O4,Mn,LiMn2O4,-1.90286707878,,0.500831945959,saved CGCNN MC-dropout sigma; candidate-level ALIGNN uncertainty not available,-2.25040555,0.500831945959,0.347538471222,0.121360249733,215,0,1.73208075762,F,True,False,275,18,69,5,16cded64a17f73977ddaa64b7b86d22f475e244b01a70719cdea05156da1153d,"Li/M/O role-RDF: six unordered pairs, 0-6 A in 0.2-A bins; scale-free sorted lattice lengths, angles, and normalized volume",SM_Mn_010,10,FP_055,5,recurring_density_cluster,job_233_Mn_fe_-1.136_n4_generated_crystals_cif__gen_1,0.154790185242,job_120_Cr_fe_-1.424_n4_generated_crystals_cif__gen_1,0.619593199757,no_shared_cluster,D:\User\leoluis0705\Documents\xwechat_files\wxid_bbzc35ridmlc22_e97b\msg\file\2026-04\initial_1000_raw_generations.zip::raw_generations/job_233_Mn_fe_-1.136_n4/generated_crystals_cif.zip::gen_0.cif,raw_generations/job_233_Mn_fe_-1.136_n4/generated_crystals_cif.zip,gen_0.cif,True,False,True,3,0.176542943114,-1.72632413567,0.293675864333,0.373675864333,False,2.83547415208,F,True,False,233,1,P1,1.856141,10.23144
job_233_Mn_fe_-1.136_n4_generated_crystals_cif__gen_1,D:\CGCNN_Formation_Energy_AL_Archive\experiments\reproducibility\staging\paired_confirmation_server_20260712\EARLY_LiM2O4_ALIGNN_HARD640_m2p18_m2p02_FLAT_20260617\job_233_Mn_fe_-1.136_n4_generated_crystals_cif__gen_1.cif,True,295d6fe863eebebe759049c21f1f36051e756ecebf001d573188e7d6fa688434,Li1 Mn2 O4,LiMn2O4,Mn,LiMn2O4,-1.90769696236,,0.384613301407,saved CGCNN MC-dropout sigma; candidate-level ALIGNN uncertainty not available,-2.24941778183,0.384613301407,0.341720819473,0.152960901787,59,0,1.70189398527,F,True,False,231,15,67,5,d16bd5fb65ec13a089eaeaa1241fa601253a84739c215684e339a7d965013073,"Li/M/O role-RDF: six unordered pairs, 0-6 A in 0.2-A bins; scale-free sorted lattice lengths, angles, and normalized volume",SM_Mn_010,10,FP_055,5,recurring_density_cluster,job_061_Mn_fe_-1.231_n4_generated_crystals_cif__gen_3,0.126550471561,job_120_Cr_fe_-1.424_n4_generated_crystals_cif__gen_1,0.607859507086,no_shared_cluster,D:\User\leoluis0705\Documents\xwechat_files\wxid_bbzc35ridmlc22_e97b\msg\file\2026-04\initial_1000_raw_generations.zip::raw_generations/job_233_Mn_fe_-1.136_n4/generated_crystals_cif.zip::gen_1.cif,raw_generations/job_233_Mn_fe_-1.136_n4/generated_crystals_cif.zip,gen_1.cif,True,False,True,3,0.176542943114,-1.73115401924,0.288845980758,0.368845980758,False,2.80528737974,F,True,False,230,1,P1,1.859697,10.261261
job_233_Mn_fe_-1.136_n4_generated_crystals_cif__gen_2,D:\CGCNN_Formation_Energy_AL_Archive\experiments\reproducibility\staging\paired_confirmation_server_20260712\EARLY_LiM2O4_ALIGNN_HARD640_m2p18_m2p02_FLAT_20260617\job_233_Mn_fe_-1.136_n4_generated_crystals_cif__gen_2.cif,True,fd948a3b7b7cae7ce8d53e94ea74f0fdd0fba0f7cf78e3029f1915f780efe8de,Li1 Mn2 O4,LiMn2O4,Mn,LiMn2O4,-2.00375270844,,0.409502851426,saved CGCNN MC-dropout sigma; candidate-level ALIGNN uncertainty not available,-2.18307375908,0.409502851426,0.179321050644,0.15177290531,64,0,1.10154557228,F,True,False,127,8,19,2,1e4c1799b2e04eda1ed5ef18bc7cf7f02754d83c6a4fb5262a9924ee80c76e0b,"Li/M/O role-RDF: six unordered pairs, 0-6 A in 0.2-A bins; scale-free sorted lattice lengths, angles, and normalized volume",SM_Mn_004,35,FP_048,5,recurring_density_cluster,job_044_Mn_fe_-0.936_n4_generated_crystals_cif__gen_2,0.138750955926,job_044_Mn_fe_-0.936_n4_generated_crystals_cif__gen_1,0.258555552363,same_structurematcher_cluster,D:\User\leoluis0705\Documents\xwechat_files\wxid_bbzc35ridmlc22_e97b\msg\file\2026-04\initial_1000_raw_generations.zip::raw_generations/job_233_Mn_fe_-1.136_n4/generated_crystals_cif.zip::gen_2.cif,raw_generations/job_233_Mn_fe_-1.136_n4/generated_crystals_cif.zip,gen_2.cif,True,False,True,3,0.176542943114,-1.82720976532,0.192790234679,0.272790234679,False,2.20493896674,F,True,False,168,6,Pm,1.923331,10.711757
job_234_Cr_fe_-1.123_n4_generated_crystals_cif__gen_0,D:\CGCNN_Formation_Energy_AL_Archive\experiments\reproducibility\staging\paired_confirmation_server_20260712\EARLY_LiM2O4_ALIGNN_HARD640_m2p18_m2p02_FLAT_20260617\job_234_Cr_fe_-1.123_n4_generated_crystals_cif__gen_0.cif,True,f65cc900009010b0e60c4595590a59a95f2e81e2f0dce2be0db1488aa6a5c5d4,Li1 Cr2 O4,LiCr2O4,Cr,LiCr2O4,-2.1932477951,,0.379646659942,saved CGCNN MC-dropout sigma; candidate-level ALIGNN uncertainty not available,-2.10236310959,0.379646659942,0.0908846855164,0.166892806337,12,0,-0.0827987194061,A,True,False,153,10,6,1,07aa55487a5cea98238f8f40a40c9e3797ea215796069809dd783635b6a8b5f4,"Li/M/O role-RDF: six unordered pairs, 0-6 A in 0.2-A bins; scale-free sorted lattice lengths, angles, and normalized volume",SM_Cr_006,14,FP_027,5,recurring_density_cluster,job_240_Cr_fe_-1.413_n4_generated_crystals_cif__gen_0,0.121839758406,job_249_Cr_fe_-1.500_n4_generated_crystals_cif__gen_1,0.843071555242,no_shared_cluster,D:\User\leoluis0705\Documents\xwechat_files\wxid_bbzc35ridmlc22_e97b\msg\file\2026-04\initial_1000_raw_generations.zip::raw_generations/job_234_Cr_fe_-1.123_n4/generated_crystals_cif.zip::gen_0.cif,raw_generations/job_234_Cr_fe_-1.123_n4/generated_crystals_cif.zip,gen_0.cif,True,False,True,5,-0.102418564162,-2.29566635927,0.115666359267,0.195666359267,False,-0.72291474542,A,True,False,64,8,Cm,1.942167,10.518673
job_234_Cr_fe_-1.123_n4_generated_crystals_cif__gen_2,D:\CGCNN_Formation_Energy_AL_Archive\experiments\reproducibility\staging\paired_confirmation_server_20260712\EARLY_LiM2O4_ALIGNN_HARD640_m2p18_m2p02_FLAT_20260617\job_234_Cr_fe_-1.123_n4_generated_crystals_cif__gen_2.cif,True,580806bb87643bfa3de7297ff59b2285d110b9d46cd49f1f2f295420b6db6528,Li1 Cr2 O4,LiCr2O4,Cr,LiCr2O4,-2.14422702789,,0.476530047392,saved CGCNN MC-dropout sigma; candidate-level ALIGNN uncertainty not available,-2.13922023773,0.476530047392,0.00500679016113,0.132875957417,168,1,0.223581075668,B,True,False,17,2,62,4,d37c06d7668c46a7dc031b6349ef60681476c7f1d50a320f7fbe72ed72b376ab,"Li/M/O role-RDF: six unordered pairs, 0-6 A in 0.2-A bins; scale-free sorted lattice lengths, angles, and normalized volume",SM_Cr_008,15,FP_065,4,recurring_density_cluster,job_240_Cr_fe_-1.413_n4_generated_crystals_cif__gen_1,0.0999703861936,job_214_Cr_fe_-0.857_n4_generated_crystals_cif__gen_0,0.313703468684,same_structurematcher_cluster,D:\User\leoluis0705\Documents\xwechat_files\wxid_bbzc35ridmlc22_e97b\msg\file\2026-04\initial_1000_raw_generations.zip::raw_generations/job_234_Cr_fe_-1.123_n4/generated_crystals_cif.zip::gen_2.cif,raw_generations/job_234_Cr_fe_-1.123_n4/generated_crystals_cif.zip,gen_2.cif,True,False,True,5,-0.102418564162,-2.24664559206,0.066645592055,0.146645592055,False,-0.416534950345,A,True,False,17,1,P1,1.850188,9.725232
job_234_Cr_fe_-1.123_n4_generated_crystals_cif__gen_3,D:\CGCNN_Formation_Energy_AL_Archive\experiments\reproducibility\staging\paired_confirmation_server_20260712\EARLY_LiM2O4_ALIGNN_HARD640_m2p18_m2p02_FLAT_20260617\job_234_Cr_fe_-1.123_n4_generated_crystals_cif__gen_3.cif,True,bb4a63891ac5b1af49b278cb564beeb0669ccb0f7eb0d9039ad64294b4983624,Li1 Cr2 O4,LiCr2O4,Cr,LiCr2O4,-2.13946962357,,0.480706780373,saved CGCNN MC-dropout sigma; candidate-level ALIGNN uncertainty not available,-2.10741424561,0.480706780373,0.0320553779602,0.132159261334,175,1,0.253314852715,C,False,False,196,13,93,6,14f55706abf8bd4f6eb51c35f5a8c932b28cf643d33d5cbca442cb2f6100995d,"Li/M/O role-RDF: six unordered pairs, 0-6 A in 0.2-A bins; scale-free sorted lattice lengths, angles, and normalized volume",SM_Cr_016,2,FP_067,5,recurring_density_cluster,job_094_Cr_fe_-0.989_n4_generated_crystals_cif__gen_0,0.68970701449,job_006_Mn_fe_-1.347_n4_generated_crystals_cif__gen_1,1.17330962607,no_shared_cluster,D:\User\leoluis0705\Documents\xwechat_files\wxid_bbzc35ridmlc22_e97b\msg\file\2026-04\initial_1000_raw_generations.zip::raw_generations/job_234_Cr_fe_-1.123_n4/generated_crystals_cif.zip::gen_3.cif,raw_generations/job_234_Cr_fe_-1.123_n4/generated_crystals_cif.zip,gen_3.cif,True,False,True,5,-0.102418564162,-2.24188818773,0.061888187728,0.141888187728,False,-0.386801173299,A,True,False,13,8,Cm,1.785264,10.601085
job_235_Ti_fe_-0.842_n4_generated_crystals_cif__gen_0,D:\CGCNN_Formation_Energy_AL_Archive\experiments\reproducibility\staging\paired_confirmation_server_20260712\EARLY_LiM2O4_ALIGNN_HARD640_m2p18_m2p02_FLAT_20260617\job_235_Ti_fe_-0.842_n4_generated_crystals_cif__gen_0.cif,True,c05461b348fbd440ae16bb4e8d89202df20ff74d6e3ac3ea85c427bc00c06101,Li1 Ti2 O4,LiTi2O4,Ti,LiTi2O4,-3.16929578781,,0.417157564009,saved CGCNN MC-dropout sigma; candidate-level ALIGNN uncertainty not available,-3.25069141388,0.417157564009,0.0813956260681,0.00354659912381,610,0,-6.18309867382,A,True,False,605,38,623,39,4e1b19cf7e0acebc41bbc7c68cf1177f445510bd2a3dd1883e2992bedd478a3e,"Li/M/O role-RDF: six unordered pairs, 0-6 A in 0.2-A bins; scale-free sorted lattice lengths, angles, and normalized volume",SM_Ti_005,11,FP_013,10,recurring_density_cluster,job_119_Ti_fe_-1.262_n4_generated_crystals_cif__gen_0,0.0795387667953,job_167_Mn_fe_-0.885_n4_generated_crystals_cif__gen_3,0.581152226496,no_shared_cluster,D:\User\leoluis0705\Documents\xwechat_files\wxid_bbzc35ridmlc22_e97b\msg\file\2026-04\initial_1000_raw_generations.zip::raw_generations/job_235_Ti_fe_-0.842_n4/generated_crystals_cif.zip::gen_0.cif,raw_generations/job_235_Ti_fe_-0.842_n4/generated_crystals_cif.zip,gen_0.cif,True,False,False,0,0,-3.16929578781,0.989295787811,1.06929578781,False,-6.18309867382,A,True,False,510,10,P2/m,1.987661,10.890464
job_235_Ti_fe_-0.842_n4_generated_crystals_cif__gen_1,D:\CGCNN_Formation_Energy_AL_Archive\experiments\reproducibility\staging\paired_confirmation_server_20260712\EARLY_LiM2O4_ALIGNN_HARD640_m2p18_m2p02_FLAT_20260617\job_235_Ti_fe_-0.842_n4_generated_crystals_cif__gen_1.cif,True,5bebbe4bf42803c951281c3922e8bff603df76a9711572d160aef2e2892c7c1b,Li1 Ti2 O4,LiTi2O4,Ti,LiTi2O4,-3.17335152626,,0.526696645244,saved CGCNN MC-dropout sigma; candidate-level ALIGNN uncertainty not available,-3.15314602852,0.526696645244,0.0202054977417,0.016605679582,522,0,-6.20844703913,A,True,False,613,39,554,35,ed91ef05eac7da541b32f7445465414439cd690bf6e99833aaa4253bd7a43091,"Li/M/O role-RDF: six unordered pairs, 0-6 A in 0.2-A bins; scale-free sorted lattice lengths, angles, and normalized volume",SM_Ti_007,9,FP_039,9,recurring_density_cluster,job_059_Ti_fe_-1.388_n4_generated_crystals_cif__gen_2,0.140720565509,job_249_Cr_fe_-1.500_n4_generated_crystals_cif__gen_1,0.813313446611,no_shared_cluster,D:\User\leoluis0705\Documents\xwechat_files\wxid_bbzc35ridmlc22_e97b\msg\file\2026-04\initial_1000_raw_generations.zip::raw_generations/job_235_Ti_fe_-0.842_n4/generated_crystals_cif.zip::gen_1.cif,raw_generations/job_235_Ti_fe_-0.842_n4/generated_crystals_cif.zip,gen_1.cif,True,False,False,0,0,-3.17335152626,0.99335152626,1.07335152626,False,-6.20844703913,A,True,False,527,12,C2/m,1.957854,10.963075
job_235_Ti_fe_-0.842_n4_generated_crystals_cif__gen_2,D:\CGCNN_Formation_Energy_AL_Archive\experiments\reproducibility\staging\paired_confirmation_server_20260712\EARLY_LiM2O4_ALIGNN_HARD640_m2p18_m2p02_FLAT_20260617\job_235_Ti_fe_-0.842_n4_generated_crystals_cif__gen_2.cif,True,fb8a7e3b72eb93c8782ad41f4303952f0b6a073a2753691d99537e2f04de2f79,Li1 Ti2 O4,LiTi2O4,Ti,LiTi2O4,-3.16537761688,,0.550503749089,saved CGCNN MC-dropout sigma; candidate-level ALIGNN uncertainty not available,-3.27944850922,0.550503749089,0.114070892334,0.0118291980547,538,0,-6.15861010551,A,True,False,383,24,558,35,c183fd43c541c26219df8b623155ca3893f5ec1651f3751e8642fb999108559b,"Li/M/O role-RDF: six unordered pairs, 0-6 A in 0.2-A bins; scale-free sorted lattice lengths, angles, and normalized volume",SM_Ti_023,3,FP_008,8,recurring_density_cluster,job_228_Ti_fe_-0.950_n4_generated_crystals_cif__gen_0,0.292886168987,job_182_Cr_fe_-1.464_n4_generated_crystals_cif__gen_2,0.43431108952,same_fingerprint_cluster,D:\User\leoluis0705\Documents\xwechat_files\wxid_bbzc35ridmlc22_e97b\msg\file\2026-04\initial_1000_raw_generations.zip::raw_generations/job_235_Ti_fe_-0.842_n4/generated_crystals_cif.zip::gen_2.cif,raw_generations/job_235_Ti_fe_-0.842_n4/generated_crystals_cif.zip,gen_2.cif,True,False,False,0,0,-3.16537761688,0.985377616882,1.06537761688,False,-6.15861010551,A,True,False,498,156,P3m1,1.866632,11.33149
job_235_Ti_fe_-0.842_n4_generated_crystals_cif__gen_3,D:\CGCNN_Formation_Energy_AL_Archive\experiments\reproducibility\staging\paired_confirmation_server_20260712\EARLY_LiM2O4_ALIGNN_HARD640_m2p18_m2p02_FLAT_20260617\job_235_Ti_fe_-0.842_n4_generated_crystals_cif__gen_3.cif,True,9fe53dad568de0c2ae1a78086f030a5bfa6d7671bd87231e6928080cf0067dc3,Li1 Ti2 O4,LiTi2O4,Ti,LiTi2O4,-3.16889858246,,0.466183978608,saved CGCNN MC-dropout sigma; candidate-level ALIGNN uncertainty not available,-3.2829208374,0.466183978608,0.114022254944,0.00562069646341,593,0,-6.18061614037,A,True,False,410,26,562,36,d54247e3d32ebbc1316c41c2af872047b2308fce64aea72d89549a2314086412,"Li/M/O role-RDF: six unordered pairs, 0-6 A in 0.2-A bins; scale-free sorted lattice lengths, angles, and normalized volume",SM_Ti_024,1,FP_008,8,recurring_density_cluster,job_097_Ti_fe_-1.239_n4_generated_crystals_cif__gen_2,0.313015664448,job_182_Cr_fe_-1.464_n4_generated_crystals_cif__gen_2,0.535660365494,same_fingerprint_cluster,D:\User\leoluis0705\Documents\xwechat_files\wxid_bbzc35ridmlc22_e97b\msg\file\2026-04\initial_1000_raw_generations.zip::raw_generations/job_235_Ti_fe_-0.842_n4/generated_crystals_cif.zip::gen_3.cif,raw_generations/job_235_Ti_fe_-0.842_n4/generated_crystals_cif.zip,gen_3.cif,True,False,False,0,0,-3.16889858246,0.988898582458,1.06889858246,False,-6.18061614037,A,True,False,508,156,P3m1,1.879777,11.109693
job_236_Ti_fe_-1.031_n4_generated_crystals_cif__gen_0,D:\CGCNN_Formation_Energy_AL_Archive\experiments\reproducibility\staging\paired_confirmation_server_20260712\EARLY_LiM2O4_ALIGNN_HARD640_m2p18_m2p02_FLAT_20260617\job_236_Ti_fe_-1.031_n4_generated_crystals_cif__gen_0.cif,True,66f2f2f8c480420dd913c108b1270381bb834706c8ecf45fff0888092a0db035,Li1 Ti2 O4,LiTi2O4,Ti,LiTi2O4,-3.20980930328,,0.433396454539,saved CGCNN MC-dropout sigma; candidate-level ALIGNN uncertainty not available,-3.40514230728,0.433396454539,0.195333003998,0.00165379739874,632,0,-6.43630814552,A,True,False,450,29,606,38,baa6be96c9b9beca01ce13edd43589a8f9ab6158822dbbf8924098e824ed8c53,"Li/M/O role-RDF: six unordered pairs, 0-6 A in 0.2-A bins; scale-free sorted lattice lengths, angles, and normalized volume",SM_Ti_002,41,FP_037,5,recurring_density_cluster,job_109_Ti_fe_-0.845_n4_generated_crystals_cif__gen_0,0.242236829051,job_011_Mg_fe_-1.305_n4_generated_crystals_cif__gen_0,0.577391685824,no_shared_cluster,D:\User\leoluis0705\Documents\xwechat_files\wxid_bbzc35ridmlc22_e97b\msg\file\2026-04\initial_1000_raw_generations.zip::raw_generations/job_236_Ti_fe_-1.031_n4/generated_crystals_cif.zip::gen_0.cif,raw_generations/job_236_Ti_fe_-1.031_n4/generated_crystals_cif.zip,gen_0.cif,True,False,False,0,0,-3.20980930328,1.02980930328,1.10980930328,False,-6.43630814552,A,True,False,575,1,P1,2.009392,10.252522
job_236_Ti_fe_-1.031_n4_generated_crystals_cif__gen_1,D:\CGCNN_Formation_Energy_AL_Archive\experiments\reproducibility\staging\paired_confirmation_server_20260712\EARLY_LiM2O4_ALIGNN_HARD640_m2p18_m2p02_FLAT_20260617\job_236_Ti_fe_-1.031_n4_generated_crystals_cif__gen_1.cif,True,dcae74855d59b6eaf6d99d10862239d7b0ca3dca9c7ba5cd246042fabb0d16ea,Li1 Ti2 O4,LiTi2O4,Ti,LiTi2O4,-3.21806192398,,0.559934532717,saved CGCNN MC-dropout sigma; candidate-level ALIGNN uncertainty not available,-3.37401175499,0.559934532717,0.155949831009,0.00868685888746,566,0,-6.48788702488,A,True,False,487,31,584,37,340f36b3e261f71a4dcecf5faa28925aa6bc101fe8d08aa1ba71e250a0555461,"Li/M/O role-RDF: six unordered pairs, 0-6 A in 0.2-A bins; scale-free sorted lattice lengths, angles, and normalized volume",SM_Ti_002,41,FP_037,5,recurring_density_cluster,job_221_Ti_fe_-1.143_n4_generated_crystals_cif__gen_3,0.181374159137,job_011_Mg_fe_-1.305_n4_generated_crystals_cif__gen_0,0.631069286664,no_shared_cluster,D:\User\leoluis0705\Documents\xwechat_files\wxid_bbzc35ridmlc22_e97b\msg\file\2026-04\initial_1000_raw_generations.zip::raw_generations/job_236_Ti_fe_-1.031_n4/generated_crystals_cif.zip::gen_1.cif,raw_generations/job_236_Ti_fe_-1.031_n4/generated_crystals_cif.zip,gen_1.cif,True,False,False,0,0,-3.21806192398,1.03806192398,1.11806192398,False,-6.48788702488,A,True,False,589,8,Cm,2.003546,10.157804
job_236_Ti_fe_-1.031_n4_generated_crystals_cif__gen_3,D:\CGCNN_Formation_Energy_AL_Archive\experiments\reproducibility\staging\paired_confirmation_server_20260712\EARLY_LiM2O4_ALIGNN_HARD640_m2p18_m2p02_FLAT_20260617\job_236_Ti_fe_-1.031_n4_generated_crystals_cif__gen_3.cif,True,da1d9ae7b1258508f5b90a7c6475f18e936933b3277d4ce8a190750aee3b07df,Li1 Ti2 O4,LiTi2O4,Ti,LiTi2O4,-3.21326375008,,0.391966850008,saved CGCNN MC-dropout sigma; candidate-level ALIGNN uncertainty not available,-3.35329127312,0.391966850008,0.140027523041,0.00104466116058,637,0,-6.45789843798,A,True,False,397,25,587,37,65624d0cb552bcc5bcd0c22c1d2fe05945bf471124299111e38113a5d15bff03,"Li/M/O role-RDF: six unordered pairs, 0-6 A in 0.2-A bins; scale-free sorted lattice lengths, angles, and normalized volume",SM_Ti_002,41,FP_060,7,recurring_density_cluster,job_117_Ti_fe_-0.811_n4_generated_crystals_cif__gen_2,0.118593806313,job_011_Mg_fe_-1.305_n4_generated_crystals_cif__gen_0,0.877468427322,no_shared_cluster,D:\User\leoluis0705\Documents\xwechat_files\wxid_bbzc35ridmlc22_e97b\msg\file\2026-04\initial_1000_raw_generations.zip::raw_generations/job_236_Ti_fe_-1.031_n4/generated_crystals_cif.zip::gen_3.cif,raw_generations/job_236_Ti_fe_-1.031_n4/generated_crystals_cif.zip,gen_3.cif,True,False,False,0,0,-3.21326375008,1.03326375008,1.11326375008,False,-6.45789843798,A,True,False,579,44,Imm2,2.003145,9.978834
job_237_Co_fe_-1.198_n4_generated_crystals_cif__gen_0,D:\CGCNN_Formation_Energy_AL_Archive\experiments\reproducibility\staging\paired_confirmation_server_20260712\EARLY_LiM2O4_ALIGNN_HARD640_m2p18_m2p02_FLAT_20260617\job_237_Co_fe_-1.198_n4_generated_crystals_cif__gen_0.cif,True,42f1eaf6d156b4f976adad12a5d1e1e3c79eb0c3bd9db2725ccfb812d4a0a843,Li1 Co2 O4,Li(CoO2)2,Co,Li(CoO2)2,-1.31465196609,,0.517165607546,saved CGCNN MC-dropout sigma; candidate-level ALIGNN uncertainty not available,-1.69475769997,0.517165607546,0.380105733871,0.0906570792549,257,0,5.40842521191,F,True,False,480,30,428,27,320421b5cecd3e4aab527766435659bb722a0f94cc3e5b17e3fc4938fd296dcd,"Li/M/O role-RDF: six unordered pairs, 0-6 A in 0.2-A bins; scale-free sorted lattice lengths, angles, and normalized volume",SM_Co_022,1,FP_SINGLETON_123,1,hdbscan_noise_singleton,job_125_Mn_fe_-1.190_n4_generated_crystals_cif__gen_2,0.976566612644,job_120_Cr_fe_-1.424_n4_generated_crystals_cif__gen_1,1.16591718995,no_shared_cluster,D:\User\leoluis0705\Documents\xwechat_files\wxid_bbzc35ridmlc22_e97b\msg\file\2026-04\initial_1000_raw_generations.zip::raw_generations/job_237_Co_fe_-1.198_n4/generated_crystals_cif.zip::gen_0.cif,raw_generations/job_237_Co_fe_-1.198_n4/generated_crystals_cif.zip,gen_0.cif,True,False,False,0,0,-1.31465196609,0.705348033905,0.785348033905,False,5.40842521191,F,True,False,373,65,Cmmm,1.865523,9.438549
job_237_Co_fe_-1.198_n4_generated_crystals_cif__gen_1,D:\CGCNN_Formation_Energy_AL_Archive\experiments\reproducibility\staging\paired_confirmation_server_20260712\EARLY_LiM2O4_ALIGNN_HARD640_m2p18_m2p02_FLAT_20260617\job_237_Co_fe_-1.198_n4_generated_crystals_cif__gen_1.cif,True,b262ba5b85f2b34472073a0a0903018fdeb14aba138ac0043608e301eb399e99,Li1 Co2 O4,Li(CoO2)2,Co,Li(CoO2)2,-1.50352084637,,0.555486059684,saved CGCNN MC-dropout sigma; candidate-level ALIGNN uncertainty not available,-1.55308032036,0.555486059684,0.0495594739914,0.0707630552755,347,0,4.22799471021,F,True,False,428,27,355,23,291a62f9641644596ac04c928bc0fecf7e48b18bb2c223b8d32bff26a651ce81,"Li/M/O role-RDF: six unordered pairs, 0-6 A in 0.2-A bins; scale-free sorted lattice lengths, angles, and normalized volume",SM_Co_003,18,FP_047,4,recurring_density_cluster,job_039_Co_fe_-0.807_n4_generated_crystals_cif__gen_0,0.1744278477,job_148_Mn_fe_-0.904_n4_generated_crystals_cif__gen_2,1.09165214756,no_shared_cluster,D:\User\leoluis0705\Documents\xwechat_files\wxid_bbzc35ridmlc22_e97b\msg\file\2026-04\initial_1000_raw_generations.zip::raw_generations/job_237_Co_fe_-1.198_n4/generated_crystals_cif.zip::gen_1.cif,raw_generations/job_237_Co_fe_-1.198_n4/generated_crystals_cif.zip,gen_1.cif,True,False,False,0,0,-1.50352084637,0.516479153633,0.596479153633,False,4.22799471021,F,True,False,284,8,Cm,1.894092,9.834708
job_237_Co_fe_-1.198_n4_generated_crystals_cif__gen_2,D:\CGCNN_Formation_Energy_AL_Archive\experiments\reproducibility\staging\paired_confirmation_server_20260712\EARLY_LiM2O4_ALIGNN_HARD640_m2p18_m2p02_FLAT_20260617\job_237_Co_fe_-1.198_n4_generated_crystals_cif__gen_2.cif,True,ba096155452c6f2a29cc3c5596ab59153918b4d0f610eaeaa59e1dd80c286efc,Li1 Co2 O4,Li(CoO2)2,Co,Li(CoO2)2,-1.52774977684,,0.516511616355,saved CGCNN MC-dropout sigma; candidate-level ALIGNN uncertainty not available,-1.56439566612,0.516511616355,0.0366458892822,0.0722068483212,328,0,4.07656389475,F,True,False,341,22,361,23,6f744644449bda27487d26e0797bc6e151f932cb12dc9291b18fdbcad08ba702,"Li/M/O role-RDF: six unordered pairs, 0-6 A in 0.2-A bins; scale-free sorted lattice lengths, angles, and normalized volume",SM_Co_003,18,FP_042,3,recurring_density_cluster,job_028_Co_fe_-0.810_n4_generated_crystals_cif__gen_3,0.1422218234,job_148_Mn_fe_-0.904_n4_generated_crystals_cif__gen_2,1.13303862415,no_shared_cluster,D:\User\leoluis0705\Documents\xwechat_files\wxid_bbzc35ridmlc22_e97b\msg\file\2026-04\initial_1000_raw_generations.zip::raw_generations/job_237_Co_fe_-1.198_n4/generated_crystals_cif.zip::gen_2.cif,raw_generations/job_237_Co_fe_-1.198_n4/generated_crystals_cif.zip,gen_2.cif,True,False,False,0,0,-1.52774977684,0.49225022316,0.57225022316,False,4.07656389475,F,True,False,263,12,C2/m,1.892116,9.684789
job_237_Co_fe_-1.198_n4_generated_crystals_cif__gen_3,D:\CGCNN_Formation_Energy_AL_Archive\experiments\reproducibility\staging\paired_confirmation_server_20260712\EARLY_LiM2O4_ALIGNN_HARD640_m2p18_m2p02_FLAT_20260617\job_237_Co_fe_-1.198_n4_generated_crystals_cif__gen_3.cif,True,784fea9b9e867786c482690f9c7925778db2794f4b1ac822646f729e8e777698,Li1 Co2 O4,Li(CoO2)2,Co,Li(CoO2)2,-1.41168177128,,0.467381308099,saved CGCNN MC-dropout sigma; candidate-level ALIGNN uncertainty not available,-1.63716804981,0.467381308099,0.225486278534,0.0836317474752,282,0,4.80198892951,F,True,False,573,36,356,23,186bd8b0d3058bb140f1592001f3c3c48e8361e630ba417bef7b7f5fa5c0db5b,"Li/M/O role-RDF: six unordered pairs, 0-6 A in 0.2-A bins; scale-free sorted lattice lengths, angles, and normalized volume",SM_Co_010,2,FP_062,3,recurring_density_cluster,job_246_Al_fe_-1.026_n4_generated_crystals_cif__gen_2,0.353999538924,job_120_Cr_fe_-1.424_n4_generated_crystals_cif__gen_1,0.905015728929,no_shared_cluster,D:\User\leoluis0705\Documents\xwechat_files\wxid_bbzc35ridmlc22_e97b\msg\file\2026-04\initial_1000_raw_generations.zip::raw_generations/job_237_Co_fe_-1.198_n4/generated_crystals_cif.zip::gen_3.cif,raw_generations/job_237_Co_fe_-1.198_n4/generated_crystals_cif.zip,gen_3.cif,True,False,False,0,0,-1.41168177128,0.608318228722,0.688318228722,False,4.80198892951,F,True,False,346,1,P1,1.892488,10.541531
job_238_Ti_fe_-0.855_n4_generated_crystals_cif__gen_0,D:\CGCNN_Formation_Energy_AL_Archive\experiments\reproducibility\staging\paired_confirmation_server_20260712\EARLY_LiM2O4_ALIGNN_HARD640_m2p18_m2p02_FLAT_20260617\job_238_Ti_fe_-0.855_n4_generated_crystals_cif__gen_0.cif,True,f3cc67cae60535a25156a48ac5714ede23674e0e93b205825cd03db144278e62,Li1 Ti2 O4,LiTi2O4,Ti,LiTi2O4,-3.23869872093,,0.419022592225,saved CGCNN MC-dropout sigma; candidate-level ALIGNN uncertainty not available,-3.35973882675,0.419022592225,0.12104010582,0.00174180364323,628,0,-6.61686700583,A,True,False,545,35,565,36,585fe460f6b46f0227a8b71b767e194779af2b191ce2695cc25eebc6c1b7f1a8,"Li/M/O role-RDF: six unordered pairs, 0-6 A in 0.2-A bins; scale-free sorted lattice lengths, angles, and normalized volume",SM_Ti_002,41,FP_004,5,recurring_density_cluster,job_001_Ti_fe_-1.307_n4_generated_crystals_cif__gen_2,0.180897874613,job_011_Mg_fe_-1.305_n4_generated_crystals_cif__gen_0,0.827174378538,no_shared_cluster,D:\User\leoluis0705\Documents\xwechat_files\wxid_bbzc35ridmlc22_e97b\msg\file\2026-04\initial_1000_raw_generations.zip::raw_generations/job_238_Ti_fe_-0.855_n4/generated_crystals_cif.zip::gen_0.cif,raw_generations/job_238_Ti_fe_-0.855_n4/generated_crystals_cif.zip,gen_0.cif,True,False,False,0,0,-3.23869872093,1.05869872093,1.13869872093,False,-6.61686700583,A,True,False,631,44,Imm2,2.001014,9.995317
job_238_Ti_fe_-0.855_n4_generated_crystals_cif__gen_1,D:\CGCNN_Formation_Energy_AL_Archive\experiments\reproducibility\staging\paired_confirmation_server_20260712\EARLY_LiM2O4_ALIGNN_HARD640_m2p18_m2p02_FLAT_20260617\job_238_Ti_fe_-0.855_n4_generated_crystals_cif__gen_1.cif,True,93a3602d8d5a8972adcc0aaf2496e76c8571831eb825f919212b703f1c040ef7,Li1 Ti2 O4,LiTi2O4,Ti,LiTi2O4,-3.14939236641,,0.559430568127,saved CGCNN MC-dropout sigma; candidate-level ALIGNN uncertainty not available,-3.26100969315,0.559430568127,0.111617326736,0.0133931401128,531,0,-6.05870229006,A,True,False,589,37,628,40,e96470f164cc67cfbcd2c976b44acda2cbbd88236ec4c45e0c3818671c73f586,"Li/M/O role-RDF: six unordered pairs, 0-6 A in 0.2-A bins; scale-free sorted lattice lengths, angles, and normalized volume",SM_Ti_005,11,FP_SINGLETON_124,1,hdbscan_noise_singleton,job_180_Ti_fe_-0.903_n4_generated_crystals_cif__gen_2,0.513920365066,job_006_Mn_fe_-1.347_n4_generated_crystals_cif__gen_1,0.616310701917,no_shared_cluster,D:\User\leoluis0705\Documents\xwechat_files\wxid_bbzc35ridmlc22_e97b\msg\file\2026-04\initial_1000_raw_generations.zip::raw_generations/job_238_Ti_fe_-0.855_n4/generated_crystals_cif.zip::gen_1.cif,raw_generations/job_238_Ti_fe_-0.855_n4/generated_crystals_cif.zip,gen_1.cif,True,False,False,0,0,-3.14939236641,0.969392366409,1.04939236641,False,-6.05870229006,A,True,False,464,10,P2/m,1.971947,11.334676
job_238_Ti_fe_-0.855_n4_generated_crystals_cif__gen_3,D:\CGCNN_Formation_Energy_AL_Archive\experiments\reproducibility\staging\paired_confirmation_server_20260712\EARLY_LiM2O4_ALIGNN_HARD640_m2p18_m2p02_FLAT_20260617\job_238_Ti_fe_-0.855_n4_generated_crystals_cif__gen_3.cif,True,ede86375e56e71df66482651db6d0ba33213ef03a6b2b29655cbce536e931caa,Li1 Ti2 O4,LiTi2O4,Ti,LiTi2O4,-3.20755076408,,0.471103801753,saved CGCNN MC-dropout sigma; candidate-level ALIGNN uncertainty not available,-3.34081125259,0.471103801753,0.13326048851,0.00434297013447,603,0,-6.42219227552,A,True,False,302,19,601,38,17e6c843af286523807c62876906e4315bf551fae4b584ae7177b4bc2cb1e5bc,"Li/M/O role-RDF: six unordered pairs, 0-6 A in 0.2-A bins; scale-free sorted lattice lengths, angles, and normalized volume",SM_Ti_002,41,FP_038,19,recurring_density_cluster,job_186_Ti_fe_-0.814_n4_generated_crystals_cif__gen_1,0.313503735118,job_011_Mg_fe_-1.305_n4_generated_crystals_cif__gen_0,0.857381168181,no_shared_cluster,D:\User\leoluis0705\Documents\xwechat_files\wxid_bbzc35ridmlc22_e97b\msg\file\2026-04\initial_1000_raw_generations.zip::raw_generations/job_238_Ti_fe_-0.855_n4/generated_crystals_cif.zip::gen_3.cif,raw_generations/job_238_Ti_fe_-0.855_n4/generated_crystals_cif.zip,gen_3.cif,True,False,False,0,0,-3.20755076408,1.02755076408,1.10755076408,False,-6.42219227552,A,True,False,571,8,Cm,1.930335,10.066186
job_239_Mg_fe_-1.280_n4_generated_crystals_cif__gen_2,D:\CGCNN_Formation_Energy_AL_Archive\experiments\reproducibility\staging\paired_confirmation_server_20260712\EARLY_LiM2O4_ALIGNN_HARD640_m2p18_m2p02_FLAT_20260617\job_239_Mg_fe_-1.280_n4_generated_crystals_cif__gen_2.cif,True,1811ea54d273335eeb6a43da3da9fa856e1ba6d7e630ea2b6408b478b3595a48,Li1 Mg2 O4,LiMg2O4,Mg,LiMg2O4,-1.97194457054,,0.50364019434,saved CGCNN MC-dropout sigma; candidate-level ALIGNN uncertainty not available,-2.94685745239,0.50364019434,0.974912881851,0.0310648251155,502,0,1.30034643412,F,True,False,292,19,302,19,6f3984c1fb808933b57a3e137b393b6558c49df6a401b76e550add3d20fced5c,"Li/M/O role-RDF: six unordered pairs, 0-6 A in 0.2-A bins; scale-free sorted lattice lengths, angles, and normalized volume",SM_Mg_005,2,FP_SINGLETON_125,1,hdbscan_noise_singleton,job_221_Ti_fe_-1.143_n4_generated_crystals_cif__gen_0,1.05767215732,job_148_Mn_fe_-0.904_n4_generated_crystals_cif__gen_2,1.11704075229,no_shared_cluster,D:\User\leoluis0705\Documents\xwechat_files\wxid_bbzc35ridmlc22_e97b\msg\file\2026-04\initial_1000_raw_generations.zip::raw_generations/job_239_Mg_fe_-1.280_n4/generated_crystals_cif.zip::gen_2.cif,raw_generations/job_239_Mg_fe_-1.280_n4/generated_crystals_cif.zip,gen_2.cif,True,False,True,2,0.651052398728,-1.32089217181,0.699107828187,0.779107828187,False,5.36942392617,F,True,False,370,1,P1,1.508819,11.010256
job_240_Cr_fe_-1.413_n4_generated_crystals_cif__gen_0,D:\CGCNN_Formation_Energy_AL_Archive\experiments\reproducibility\staging\paired_confirmation_server_20260712\EARLY_LiM2O4_ALIGNN_HARD640_m2p18_m2p02_FLAT_20260617\job_240_Cr_fe_-1.413_n4_generated_crystals_cif__gen_0.cif,True,79d305803e47dce6d5ae186527a2e2442b9999687894dfa65fd5dde054000df3,Li1 Cr2 O4,LiCr2O4,Cr,LiCr2O4,-2.19122719765,,0.587468998754,saved CGCNN MC-dropout sigma; candidate-level ALIGNN uncertainty not available,-2.10545778275,0.587468998754,0.0857694149017,0.108314312377,233,0,-0.0701699852943,A,True,False,215,14,13,1,eb5277457d6dc0d88e2ca481666a008d443c9a9957b06d4b303565051c7d3a68,"Li/M/O role-RDF: six unordered pairs, 0-6 A in 0.2-A bins; scale-free sorted lattice lengths, angles, and normalized volume",SM_Cr_006,14,FP_027,5,recurring_density_cluster,job_234_Cr_fe_-1.123_n4_generated_crystals_cif__gen_0,0.121839758406,job_249_Cr_fe_-1.500_n4_generated_crystals_cif__gen_1,0.848517258984,no_shared_cluster,D:\User\leoluis0705\Documents\xwechat_files\wxid_bbzc35ridmlc22_e97b\msg\file\2026-04\initial_1000_raw_generations.zip::raw_generations/job_240_Cr_fe_-1.413_n4/generated_crystals_cif.zip::gen_0.cif,raw_generations/job_240_Cr_fe_-1.413_n4/generated_crystals_cif.zip,gen_0.cif,True,False,True,5,-0.102418564162,-2.29364576181,0.113645761809,0.193645761809,False,-0.710286011308,A,True,False,61,8,Cm,1.943465,10.496248
job_240_Cr_fe_-1.413_n4_generated_crystals_cif__gen_1,D:\CGCNN_Formation_Energy_AL_Archive\experiments\reproducibility\staging\paired_confirmation_server_20260712\EARLY_LiM2O4_ALIGNN_HARD640_m2p18_m2p02_FLAT_20260617\job_240_Cr_fe_-1.413_n4_generated_crystals_cif__gen_1.cif,True,f287935f6e59e351d349b7b9c75e349fba32e8196699b811fc2ef068ff14a32c,Li1 Cr2 O4,LiCr2O4,Cr,LiCr2O4,-2.15398693085,,0.471568959841,saved CGCNN MC-dropout sigma; candidate-level ALIGNN uncertainty not available,-2.1459414959,0.471568959841,0.00804543495178,0.134080118438,150,1,0.162581682205,B,True,False,192,12,151,10,d90cbf5a3ff436b186ca4f25ff5c8f586588d81c4682b823c00458d759951cc8,"Li/M/O role-RDF: six unordered pairs, 0-6 A in 0.2-A bins; scale-free sorted lattice lengths, angles, and normalized volume",SM_Cr_008,15,FP_065,4,recurring_density_cluster,job_234_Cr_fe_-1.123_n4_generated_crystals_cif__gen_2,0.0999703861936,job_214_Cr_fe_-0.857_n4_generated_crystals_cif__gen_0,0.30292575489,same_structurematcher_cluster,D:\User\leoluis0705\Documents\xwechat_files\wxid_bbzc35ridmlc22_e97b\msg\file\2026-04\initial_1000_raw_generations.zip::raw_generations/job_240_Cr_fe_-1.413_n4/generated_crystals_cif.zip::gen_1.cif,raw_generations/job_240_Cr_fe_-1.413_n4/generated_crystals_cif.zip,gen_1.cif,True,False,True,5,-0.102418564162,-2.25640549501,0.076405495009,0.156405495009,False,-0.477534343808,A,True,False,24,8,Cm,1.855314,9.80462
job_240_Cr_fe_-1.413_n4_generated_crystals_cif__gen_2,D:\CGCNN_Formation_Energy_AL_Archive\experiments\reproducibility\staging\paired_confirmation_server_20260712\EARLY_LiM2O4_ALIGNN_HARD640_m2p18_m2p02_FLAT_20260617\job_240_Cr_fe_-1.413_n4_generated_crystals_cif__gen_2.cif,True,f56a0f97453506841797375b4e3bb41ee10f9888a390f18cf73b1ebc9deea85e,Li1 Cr2 O4,LiCr2O4,Cr,LiCr2O4,-2.16015648842,,0.496484388739,saved CGCNN MC-dropout sigma; candidate-level ALIGNN uncertainty not available,-2.15210294724,0.496484388739,0.00805354118347,0.127314396905,198,1,0.124021947384,B,True,False,35,3,152,10,eba92db614b3ee17ed854605fdf8a0b0575b6d171f5aade88156e66fca2ffdae,"Li/M/O role-RDF: six unordered pairs, 0-6 A in 0.2-A bins; scale-free sorted lattice lengths, angles, and normalized volume",SM_Cr_008,15,FP_057,5,recurring_density_cluster,job_083_Cr_fe_-0.935_n4_generated_crystals_cif__gen_2,0.235880736317,job_214_Cr_fe_-0.857_n4_generated_crystals_cif__gen_0,0.443816461974,same_structurematcher_cluster,D:\User\leoluis0705\Documents\xwechat_files\wxid_bbzc35ridmlc22_e97b\msg\file\2026-04\initial_1000_raw_generations.zip::raw_generations/job_240_Cr_fe_-1.413_n4/generated_crystals_cif.zip::gen_2.cif,raw_generations/job_240_Cr_fe_-1.413_n4/generated_crystals_cif.zip,gen_2.cif,True,False,True,5,-0.102418564162,-2.26257505258,0.082575052581,0.162575052581,False,-0.51609407863,A,True,False,32,1,P1,1.862688,9.869342
job_241_Co_fe_-1.145_n4_generated_crystals_cif__gen_0,D:\CGCNN_Formation_Energy_AL_Archive\experiments\reproducibility\staging\paired_confirmation_server_20260712\EARLY_LiM2O4_ALIGNN_HARD640_m2p18_m2p02_FLAT_20260617\job_241_Co_fe_-1.145_n4_generated_crystals_cif__gen_0.cif,True,b4d7ecbb063f8d3cf557950c19c1aa2de5f975f5af3824491b330c8941fab71c,Li1 Co2 O4,Li(CoO2)2,Co,Li(CoO2)2,-1.30642604828,,0.495208217292,saved CGCNN MC-dropout sigma; candidate-level ALIGNN uncertainty not available,-1.68117570877,0.495208217292,0.374749660492,0.0900278340528,259,0,5.45983719826,F,True,False,288,18,418,27,a79f8a8e707f7f3465cfd458897ca6ed3718265d19cb8d2fa809c657c6724922,"Li/M/O role-RDF: six unordered pairs, 0-6 A in 0.2-A bins; scale-free sorted lattice lengths, angles, and normalized volume",SM_Co_023,1,FP_049,5,recurring_density_cluster,job_169_Al_fe_-0.916_n4_generated_crystals_cif__gen_3,0.910380304622,job_148_Mn_fe_-0.904_n4_generated_crystals_cif__gen_2,1.2832778555,no_shared_cluster,D:\User\leoluis0705\Documents\xwechat_files\wxid_bbzc35ridmlc22_e97b\msg\file\2026-04\initial_1000_raw_generations.zip::raw_generations/job_241_Co_fe_-1.145_n4/generated_crystals_cif.zip::gen_0.cif,raw_generations/job_241_Co_fe_-1.145_n4/generated_crystals_cif.zip,gen_0.cif,True,False,False,0,0,-1.30642604828,0.713573951721,0.793573951721,False,5.45983719826,F,True,False,374,1,P1,1.749518,9.567111
job_241_Co_fe_-1.145_n4_generated_crystals_cif__gen_2,D:\CGCNN_Formation_Energy_AL_Archive\experiments\reproducibility\staging\paired_confirmation_server_20260712\EARLY_LiM2O4_ALIGNN_HARD640_m2p18_m2p02_FLAT_20260617\job_241_Co_fe_-1.145_n4_generated_crystals_cif__gen_2.cif,True,5c192ad79937e91680080923c368d681e728c12e13ef76e3faa9ebe02f98e28a,Li1 Co2 O4,Li(CoO2)2,Co,Li(CoO2)2,-1.35591650009,,0.456628220081,saved CGCNN MC-dropout sigma; candidate-level ALIGNN uncertainty not available,-1.68650245667,0.456628220081,0.330585956573,0.0926828965498,248,0,5.15052187443,F,True,False,556,35,362,23,d1b1d83b3347c15099276cfa2940130f5760b221eb56542f7bb3a8ca1d4809f8,"Li/M/O role-RDF: six unordered pairs, 0-6 A in 0.2-A bins; scale-free sorted lattice lengths, angles, and normalized volume",SM_Co_020,3,FP_019,19,recurring_density_cluster,job_216_Cr_fe_-0.890_n4_generated_crystals_cif__gen_3,0.23073476544,job_120_Cr_fe_-1.424_n4_generated_crystals_cif__gen_1,0.264578125229,same_fingerprint_cluster,D:\User\leoluis0705\Documents\xwechat_files\wxid_bbzc35ridmlc22_e97b\msg\file\2026-04\initial_1000_raw_generations.zip::raw_generations/job_241_Co_fe_-1.145_n4/generated_crystals_cif.zip::gen_2.cif,raw_generations/job_241_Co_fe_-1.145_n4/generated_crystals_cif.zip,gen_2.cif,True,False,False,0,0,-1.35591650009,0.664083499908,0.744083499908,False,5.15052187443,F,True,False,361,8,Cm,1.836052,9.841758
job_241_Co_fe_-1.145_n4_generated_crystals_cif__gen_3,D:\CGCNN_Formation_Energy_AL_Archive\experiments\reproducibility\staging\paired_confirmation_server_20260712\EARLY_LiM2O4_ALIGNN_HARD640_m2p18_m2p02_FLAT_20260617\job_241_Co_fe_-1.145_n4_generated_crystals_cif__gen_3.cif,True,bef4ba203f0edd7bb390c1874f2591d5672eb5ddcb02d83c1517fb599e2cef24,Li1 Co2 O4,Li(CoO2)2,Co,Li(CoO2)2,-1.33659815788,,0.550847382795,saved CGCNN MC-dropout sigma; candidate-level ALIGNN uncertainty not available,-1.72951889038,0.550847382795,0.392920732498,0.0922438097722,250,0,5.27126151323,F,True,False,364,23,328,21,17deba1c160b530ad2b99c195682c11071f1b3861ab54fd157bb08e30ca970f3,"Li/M/O role-RDF: six unordered pairs, 0-6 A in 0.2-A bins; scale-free sorted lattice lengths, angles, and normalized volume",SM_Co_024,1,FP_SINGLETON_126,1,hdbscan_noise_singleton,job_141_Co_fe_-1.348_n4_generated_crystals_cif__gen_1,0.907644949384,job_029_Cr_fe_-1.337_n4_generated_crystals_cif__gen_2,0.93357315429,no_shared_cluster,D:\User\leoluis0705\Documents\xwechat_files\wxid_bbzc35ridmlc22_e97b\msg\file\2026-04\initial_1000_raw_generations.zip::raw_generations/job_241_Co_fe_-1.145_n4/generated_crystals_cif.zip::gen_3.cif,raw_generations/job_241_Co_fe_-1.145_n4/generated_crystals_cif.zip,gen_3.cif,True,False,False,0,0,-1.33659815788,0.683401842117,0.763401842117,False,5.27126151323,F,True,False,367,1,P1,1.768795,11.082482
job_242_Ti_fe_-1.214_n4_generated_crystals_cif__gen_0,D:\CGCNN_Formation_Energy_AL_Archive\experiments\reproducibility\staging\paired_confirmation_server_20260712\EARLY_LiM2O4_ALIGNN_HARD640_m2p18_m2p02_FLAT_20260617\job_242_Ti_fe_-1.214_n4_generated_crystals_cif__gen_0.cif,True,da197842cfd3863a56f4fadde888f6514b4157f7636af2bf8adee5ca0efbf325,Li1 Ti2 O4,LiTi2O4,Ti,LiTi2O4,-3.1605219841,,0.416092913997,saved CGCNN MC-dropout sigma; candidate-level ALIGNN uncertainty not available,-3.29867267609,0.416092913997,0.138150691986,0.00252908511853,619,0,-6.12826240063,A,True,False,469,30,575,36,0966b0117059fa6b750f1d51bcc57334aea674706cb55b621358ed652b89e148,"Li/M/O role-RDF: six unordered pairs, 0-6 A in 0.2-A bins; scale-free sorted lattice lengths, angles, and normalized volume",SM_Ti_025,1,FP_SINGLETON_127,1,hdbscan_noise_singleton,job_012_Cr_fe_-1.495_n4_generated_crystals_cif__gen_0,0.442668409376,job_120_Cr_fe_-1.424_n4_generated_crystals_cif__gen_1,0.737001471524,no_shared_cluster,D:\User\leoluis0705\Documents\xwechat_files\wxid_bbzc35ridmlc22_e97b\msg\file\2026-04\initial_1000_raw_generations.zip::raw_generations/job_242_Ti_fe_-1.214_n4/generated_crystals_cif.zip::gen_0.cif,raw_generations/job_242_Ti_fe_-1.214_n4/generated_crystals_cif.zip,gen_0.cif,True,False,False,0,0,-3.1605219841,0.9805219841,1.0605219841,False,-6.12826240063,A,True,False,487,1,P1,1.906685,11.501316
job_242_Ti_fe_-1.214_n4_generated_crystals_cif__gen_1,D:\CGCNN_Formation_Energy_AL_Archive\experiments\reproducibility\staging\paired_confirmation_server_20260712\EARLY_LiM2O4_ALIGNN_HARD640_m2p18_m2p02_FLAT_20260617\job_242_Ti_fe_-1.214_n4_generated_crystals_cif__gen_1.cif,True,5cecdaab9229e78cc691943edfbcff306316fbe13dbf6713847d809ebed449a5,Li1 Ti2 O4,LiTi2O4,Ti,LiTi2O4,-3.17251372337,,0.444362954687,saved CGCNN MC-dropout sigma; candidate-level ALIGNN uncertainty not available,-3.3028087616,0.444362954687,0.130295038223,0.0038100256158,607,0,-6.20321077108,A,True,False,427,27,568,36,938d7670ad23753e8198da89ae0663888cd8f1d506a29da2a1dbdbdcc61298a6,"Li/M/O role-RDF: six unordered pairs, 0-6 A in 0.2-A bins; scale-free sorted lattice lengths, angles, and normalized volume",SM_Ti_023,3,FP_008,8,recurring_density_cluster,job_235_Ti_fe_-0.842_n4_generated_crystals_cif__gen_2,0.334115288436,job_182_Cr_fe_-1.464_n4_generated_crystals_cif__gen_2,0.514675646885,same_fingerprint_cluster,D:\User\leoluis0705\Documents\xwechat_files\wxid_bbzc35ridmlc22_e97b\msg\file\2026-04\initial_1000_raw_generations.zip::raw_generations/job_242_Ti_fe_-1.214_n4/generated_crystals_cif.zip::gen_1.cif,raw_generations/job_242_Ti_fe_-1.214_n4/generated_crystals_cif.zip,gen_1.cif,True,False,False,0,0,-3.17251372337,0.992513723373,1.07251372337,False,-6.20321077108,A,True,False,523,8,Cm,1.898356,11.522623
job_242_Ti_fe_-1.214_n4_generated_crystals_cif__gen_2,D:\CGCNN_Formation_Energy_AL_Archive\experiments\reproducibility\staging\paired_confirmation_server_20260712\EARLY_LiM2O4_ALIGNN_HARD640_m2p18_m2p02_FLAT_20260617\job_242_Ti_fe_-1.214_n4_generated_crystals_cif__gen_2.cif,True,c55bd966bb1970b3dfebe0697dd5434b75415627b23ab41088577f3fb4c29f08,Li1 Ti2 O4,LiTi2O4,Ti,LiTi2O4,-3.19912362099,,0.432481642058,saved CGCNN MC-dropout sigma; candidate-level ALIGNN uncertainty not available,-3.35365438461,0.432481642058,0.154530763626,0.00230401453285,620,0,-6.36952263117,A,True,False,619,39,615,39,80b55e1881af41d3c03bbfffa7f75bd0504a9bc16cef0361bbde649d502c4052,"Li/M/O role-RDF: six unordered pairs, 0-6 A in 0.2-A bins; scale-free sorted lattice lengths, angles, and normalized volume",SM_Ti_002,41,FP_002,3,recurring_density_cluster,job_035_Ti_fe_-1.046_n4_generated_crystals_cif__gen_1,0.235120165696,job_120_Cr_fe_-1.424_n4_generated_crystals_cif__gen_1,1.12083884693,no_shared_cluster,D:\User\leoluis0705\Documents\xwechat_files\wxid_bbzc35ridmlc22_e97b\msg\file\2026-04\initial_1000_raw_generations.zip::raw_generations/job_242_Ti_fe_-1.214_n4/generated_crystals_cif.zip::gen_2.cif,raw_generations/job_242_Ti_fe_-1.214_n4/generated_crystals_cif.zip,gen_2.cif,True,False,False,0,0,-3.19912362099,1.01912362099,1.09912362099,False,-6.36952263117,A,True,False,562,8,Cm,1.932922,10.246921
job_243_Al_fe_-1.012_n4_generated_crystals_cif__gen_1,D:\CGCNN_Formation_Energy_AL_Archive\experiments\reproducibility\staging\paired_confirmation_server_20260712\EARLY_LiM2O4_ALIGNN_HARD640_m2p18_m2p02_FLAT_20260617\job_243_Al_fe_-1.012_n4_generated_crystals_cif__gen_1.cif,True,62f69d2b0cfe95599780e0cf73b254c299bb1a112359d6b4c92ae42d8b442bd8,Li1 Al2 O4,LiAl2O4,Al,LiAl2O4,-2.76577067375,,0.530006116708,saved CGCNN MC-dropout sigma; candidate-level ALIGNN uncertainty not available,-2.47706460953,0.530006116708,0.288706064224,0.0933313833346,246,0,-3.66106671095,A,True,False,310,20,268,17,6cd025d063481e709cf3245e1439efa34a60d0384f1fb7e0b68c6ee19f55051c,"Li/M/O role-RDF: six unordered pairs, 0-6 A in 0.2-A bins; scale-free sorted lattice lengths, angles, and normalized volume",SM_Al_002,2,FP_SINGLETON_128,1,hdbscan_noise_singleton,job_005_Al_fe_-1.478_n4_generated_crystals_cif__gen_2,1.08794457798,job_148_Mn_fe_-0.904_n4_generated_crystals_cif__gen_2,1.43165368299,no_shared_cluster,D:\User\leoluis0705\Documents\xwechat_files\wxid_bbzc35ridmlc22_e97b\msg\file\2026-04\initial_1000_raw_generations.zip::raw_generations/job_243_Al_fe_-1.012_n4/generated_crystals_cif.zip::gen_1.cif,raw_generations/job_243_Al_fe_-1.012_n4/generated_crystals_cif.zip,gen_1.cif,True,False,False,0,0,-2.76577067375,0.585770673752,0.665770673752,False,-3.66106671095,A,True,False,330,160,R3m,1.72534,10.392989
job_243_Al_fe_-1.012_n4_generated_crystals_cif__gen_2,D:\CGCNN_Formation_Energy_AL_Archive\experiments\reproducibility\staging\paired_confirmation_server_20260712\EARLY_LiM2O4_ALIGNN_HARD640_m2p18_m2p02_FLAT_20260617\job_243_Al_fe_-1.012_n4_generated_crystals_cif__gen_2.cif,True,f19cfa24960cfd9f30b0e998b6fbe8b99bfbfb099e7c87ec5b302ff9142a834f,Li1 Al2 O4,LiAl2O4,Al,LiAl2O4,-3.13236522675,,0.4489236877,saved CGCNN MC-dropout sigma; candidate-level ALIGNN uncertainty not available,-2.56680870056,0.4489236877,0.565556526184,0.0828403242788,288,0,-5.95228266716,A,True,False,518,33,330,21,480260f0a753d4f0a8e325eed8687f2fd1e2dfda86eed816aece7282a1b8e0e8,"Li/M/O role-RDF: six unordered pairs, 0-6 A in 0.2-A bins; scale-free sorted lattice lengths, angles, and normalized volume",SM_Al_006,5,FP_SINGLETON_129,1,hdbscan_noise_singleton,job_031_Al_fe_-1.055_n4_generated_crystals_cif__gen_1,0.229084478584,job_120_Cr_fe_-1.424_n4_generated_crystals_cif__gen_1,0.748383659232,no_shared_cluster,D:\User\leoluis0705\Documents\xwechat_files\wxid_bbzc35ridmlc22_e97b\msg\file\2026-04\initial_1000_raw_generations.zip::raw_generations/job_243_Al_fe_-1.012_n4/generated_crystals_cif.zip::gen_2.cif,raw_generations/job_243_Al_fe_-1.012_n4/generated_crystals_cif.zip,gen_2.cif,True,False,False,0,0,-3.13236522675,0.952365226746,1.03236522675,False,-5.95228266716,A,True,False,426,12,C2/m,1.912959,9.907499
job_245_Al_fe_-1.035_n4_generated_crystals_cif__gen_0,D:\CGCNN_Formation_Energy_AL_Archive\experiments\reproducibility\staging\paired_confirmation_server_20260712\EARLY_LiM2O4_ALIGNN_HARD640_m2p18_m2p02_FLAT_20260617\job_245_Al_fe_-1.035_n4_generated_crystals_cif__gen_0.cif,True,2a026b6b2ea7afbde9f30ad68a73030b57f0550f9cb93cb0532f54b6f4c93ffb,Li1 Al2 O4,LiAl2O4,Al,LiAl2O4,-3.11543917656,,0.381342801881,saved CGCNN MC-dropout sigma; candidate-level ALIGNN uncertainty not available,-2.5347237587,0.381342801881,0.580715417862,0.0875892253523,266,0,-5.8464948535,A,True,False,281,18,329,21,4c34ffde32f26c13e7d4d7430b6dee76f89e9d05c7eba2b049a78d7075d5a995,"Li/M/O role-RDF: six unordered pairs, 0-6 A in 0.2-A bins; scale-free sorted lattice lengths, angles, and normalized volume",SM_Al_013,3,FP_SINGLETON_130,1,hdbscan_noise_singleton,job_229_Al_fe_-1.076_n4_generated_crystals_cif__gen_3,0.153828289375,job_136_Cr_fe_-1.181_n4_generated_crystals_cif__gen_0,0.582309255756,no_shared_cluster,D:\User\leoluis0705\Documents\xwechat_files\wxid_bbzc35ridmlc22_e97b\msg\file\2026-04\initial_1000_raw_generations.zip::raw_generations/job_245_Al_fe_-1.035_n4/generated_crystals_cif.zip::gen_0.cif,raw_generations/job_245_Al_fe_-1.035_n4/generated_crystals_cif.zip,gen_0.cif,True,False,False,0,0,-3.11543917656,0.935439176559,1.01543917656,False,-5.8464948535,A,True,False,402,6,Pm,1.870666,9.784955
job_245_Al_fe_-1.035_n4_generated_crystals_cif__gen_2,D:\CGCNN_Formation_Energy_AL_Archive\experiments\reproducibility\staging\paired_confirmation_server_20260712\EARLY_LiM2O4_ALIGNN_HARD640_m2p18_m2p02_FLAT_20260617\job_245_Al_fe_-1.035_n4_generated_crystals_cif__gen_2.cif,True,966ee0590910a164d124c97059c5f0f54a95c64fe5d6b7985a164f7a459bc258,Li1 Al2 O4,LiAl2O4,Al,LiAl2O4,-3.16160702705,,0.466165780675,saved CGCNN MC-dropout sigma; candidate-level ALIGNN uncertainty not available,-2.61651992798,0.466165780675,0.545087099075,0.0741948066631,318,0,-6.13504391909,A,True,False,592,37,458,29,bd270173228f429de9cd636b4f8c37f270bbae4b25dca5194a8ededace5850b5,"Li/M/O role-RDF: six unordered pairs, 0-6 A in 0.2-A bins; scale-free sorted lattice lengths, angles, and normalized volume",SM_Al_003,9,FP_021,6,recurring_density_cluster,job_114_Al_fe_-1.252_n4_generated_crystals_cif__gen_2,0.0962909396427,job_204_Cr_fe_-0.932_n4_generated_crystals_cif__gen_3,1.06933696997,no_shared_cluster,D:\User\leoluis0705\Documents\xwechat_files\wxid_bbzc35ridmlc22_e97b\msg\file\2026-04\initial_1000_raw_generations.zip::raw_generations/job_245_Al_fe_-1.035_n4/generated_crystals_cif.zip::gen_2.cif,raw_generations/job_245_Al_fe_-1.035_n4/generated_crystals_cif.zip,gen_2.cif,True,False,False,0,0,-3.16160702705,0.981607027054,1.06160702705,False,-6.13504391909,A,True,False,491,8,Cm,1.883704,9.077058
job_245_Al_fe_-1.035_n4_generated_crystals_cif__gen_3,D:\CGCNN_Formation_Energy_AL_Archive\experiments\reproducibility\staging\paired_confirmation_server_20260712\EARLY_LiM2O4_ALIGNN_HARD640_m2p18_m2p02_FLAT_20260617\job_245_Al_fe_-1.035_n4_generated_crystals_cif__gen_3.cif,True,98d624bc4248947a95f955bdf5ccb744f1f5806fac8aa935a18782c09c228580,Li1 Al2 O4,LiAl2O4,Al,LiAl2O4,-2.94191789627,,0.486225575502,saved CGCNN MC-dropout sigma; candidate-level ALIGNN uncertainty not available,-2.50838780403,0.486225575502,0.433530092239,0.0921350673988,251,0,-4.76198685169,A,True,False,235,15,305,20,736f42609aab2f869f77196ce14dc1b7b8beeb133fcb7b3dd6a3203d99871a07,"Li/M/O role-RDF: six unordered pairs, 0-6 A in 0.2-A bins; scale-free sorted lattice lengths, angles, and normalized volume",SM_Al_022,1,FP_SINGLETON_131,1,hdbscan_noise_singleton,job_022_Al_fe_-1.445_n4_generated_crystals_cif__gen_2,1.49959280742,job_214_Cr_fe_-0.857_n4_generated_crystals_cif__gen_0,1.6674999348,no_shared_cluster,D:\User\leoluis0705\Documents\xwechat_files\wxid_bbzc35ridmlc22_e97b\msg\file\2026-04\initial_1000_raw_generations.zip::raw_generations/job_245_Al_fe_-1.035_n4/generated_crystals_cif.zip::gen_3.cif,raw_generations/job_245_Al_fe_-1.035_n4/generated_crystals_cif.zip,gen_3.cif,True,False,False,0,0,-2.94191789627,0.761917896271,0.841917896271,False,-4.76198685169,A,True,False,381,1,P1,1.728933,11.871593
job_246_Al_fe_-1.026_n4_generated_crystals_cif__gen_0,D:\CGCNN_Formation_Energy_AL_Archive\experiments\reproducibility\staging\paired_confirmation_server_20260712\EARLY_LiM2O4_ALIGNN_HARD640_m2p18_m2p02_FLAT_20260617\job_246_Al_fe_-1.026_n4_generated_crystals_cif__gen_0.cif,True,cfdec80abd51794669ff21d9c7f9522e1b2c68e00c0451df5347ff64bb7c049a,Li1 Al2 O4,LiAl2O4,Al,LiAl2O4,-2.72927165031,,0.478346201157,saved CGCNN MC-dropout sigma; candidate-level ALIGNN uncertainty not available,-2.60487031937,0.478346201157,0.124401330948,0.0764918495707,309,0,-3.43294781446,A,True,False,491,31,312,20,323fc0bc412a1588ee59bc38a39663ddddb557c7b562f603f32b2409ee6fa17b,"Li/M/O role-RDF: six unordered pairs, 0-6 A in 0.2-A bins; scale-free sorted lattice lengths, angles, and normalized volume",SM_Al_023,1,FP_SINGLETON_132,1,hdbscan_noise_singleton,job_133_Mn_fe_-1.385_n4_generated_crystals_cif__gen_2,1.1237104515,job_058_Cr_fe_-1.423_n4_generated_crystals_cif__gen_0,1.44717145302,no_shared_cluster,D:\User\leoluis0705\Documents\xwechat_files\wxid_bbzc35ridmlc22_e97b\msg\file\2026-04\initial_1000_raw_generations.zip::raw_generations/job_246_Al_fe_-1.026_n4/generated_crystals_cif.zip::gen_0.cif,raw_generations/job_246_Al_fe_-1.026_n4/generated_crystals_cif.zip,gen_0.cif,True,False,False,0,0,-2.72927165031,0.549271650314,0.629271650314,False,-3.43294781446,A,True,False,307,156,P3m1,1.861592,10.296619
job_246_Al_fe_-1.026_n4_generated_crystals_cif__gen_2,D:\CGCNN_Formation_Energy_AL_Archive\experiments\reproducibility\staging\paired_confirmation_server_20260712\EARLY_LiM2O4_ALIGNN_HARD640_m2p18_m2p02_FLAT_20260617\job_246_Al_fe_-1.026_n4_generated_crystals_cif__gen_2.cif,True,441af144f0b25dc6414e858f1f1cd36c9982a7f429ba6708eeced261e6e0bc92,Li1 Al2 O4,LiAl2O4,Al,LiAl2O4,-2.98600459099,,0.458536167059,saved CGCNN MC-dropout sigma; candidate-level ALIGNN uncertainty not available,-2.6200735569,0.458536167059,0.365931034088,0.0732714123614,324,0,-5.03752869368,A,True,False,388,25,45,3,54700cbcad01178e4188fb0779a8b42f159e038588dc82c524c082b4d5150b90,"Li/M/O role-RDF: six unordered pairs, 0-6 A in 0.2-A bins; scale-free sorted lattice lengths, angles, and normalized volume",SM_Al_024,1,FP_062,3,recurring_density_cluster,job_237_Co_fe_-1.198_n4_generated_crystals_cif__gen_3,0.353999538924,job_120_Cr_fe_-1.424_n4_generated_crystals_cif__gen_1,0.879084259118,no_shared_cluster,D:\User\leoluis0705\Documents\xwechat_files\wxid_bbzc35ridmlc22_e97b\msg\file\2026-04\initial_1000_raw_generations.zip::raw_generations/job_246_Al_fe_-1.026_n4/generated_crystals_cif.zip::gen_2.cif,raw_generations/job_246_Al_fe_-1.026_n4/generated_crystals_cif.zip,gen_2.cif,True,False,False,0,0,-2.98600459099,0.806004590988,0.886004590988,False,-5.03752869368,A,True,False,384,1,P1,1.870941,10.552622
job_247_Ni_fe_-1.069_n4_generated_crystals_cif__gen_0,D:\CGCNN_Formation_Energy_AL_Archive\experiments\reproducibility\staging\paired_confirmation_server_20260712\EARLY_LiM2O4_ALIGNN_HARD640_m2p18_m2p02_FLAT_20260617\job_247_Ni_fe_-1.069_n4_generated_crystals_cif__gen_0.cif,True,03e629a7dad1172688e201d4db431f238e7145601a72a0ff8a845ca337603aa6,Li1 Ni2 O4,Li(NiO2)2,Ni,Li(NiO2)2,-1.06744790077,,0.535913780406,saved CGCNN MC-dropout sigma; candidate-level ALIGNN uncertainty not available,-1.3882869482,0.535913780406,0.320839047432,0.0494514162069,476,0,6.95345062017,F,True,False,328,21,486,31,52f0fdfcb61d89a58e0dc433acbf4189e6a35f1057fc2ba720f181066495df56,"Li/M/O role-RDF: six unordered pairs, 0-6 A in 0.2-A bins; scale-free sorted lattice lengths, angles, and normalized volume",SM_Ni_002,22,FP_007,4,recurring_density_cluster,job_070_Ni_fe_-1.182_n4_generated_crystals_cif__gen_2,0.113946015362,job_136_Cr_fe_-1.181_n4_generated_crystals_cif__gen_0,0.538294618695,no_shared_cluster,D:\User\leoluis0705\Documents\xwechat_files\wxid_bbzc35ridmlc22_e97b\msg\file\2026-04\initial_1000_raw_generations.zip::raw_generations/job_247_Ni_fe_-1.069_n4/generated_crystals_cif.zip::gen_0.cif,raw_generations/job_247_Ni_fe_-1.069_n4/generated_crystals_cif.zip,gen_0.cif,True,False,False,0,0,-1.06744790077,0.952552099228,1.03255209923,False,6.95345062017,F,True,False,427,6,Pm,1.866149,9.968613
job_247_Ni_fe_-1.069_n4_generated_crystals_cif__gen_1,D:\CGCNN_Formation_Energy_AL_Archive\experiments\reproducibility\staging\paired_confirmation_server_20260712\EARLY_LiM2O4_ALIGNN_HARD640_m2p18_m2p02_FLAT_20260617\job_247_Ni_fe_-1.069_n4_generated_crystals_cif__gen_1.cif,True,d97c4e33bf1d151c8d81c5b88269a0be38a4fb9c9170f7849ed320d3473bad87,Li1 Ni2 O4,Li(NiO2)2,Ni,Li(NiO2)2,-1.06872594357,,0.556175170522,saved CGCNN MC-dropout sigma; candidate-level ALIGNN uncertainty not available,-1.41782999039,0.556175170522,0.349104046822,0.0541866139386,439,0,6.94546285272,F,True,False,396,25,496,31,e6b8be75ac9158323af2e9e323295ac3983d09eced4328ce0caec164181ec624,"Li/M/O role-RDF: six unordered pairs, 0-6 A in 0.2-A bins; scale-free sorted lattice lengths, angles, and normalized volume",SM_Ni_003,30,FP_SINGLETON_133,1,hdbscan_noise_singleton,job_104_Ni_fe_-1.453_n4_generated_crystals_cif__gen_0,0.283065216273,job_136_Cr_fe_-1.181_n4_generated_crystals_cif__gen_0,0.551084229293,no_shared_cluster,D:\User\leoluis0705\Documents\xwechat_files\wxid_bbzc35ridmlc22_e97b\msg\file\2026-04\initial_1000_raw_generations.zip::raw_generations/job_247_Ni_fe_-1.069_n4/generated_crystals_cif.zip::gen_1.cif,raw_generations/job_247_Ni_fe_-1.069_n4/generated_crystals_cif.zip,gen_1.cif,True,False,False,0,0,-1.06872594357,0.951274056435,1.03127405643,False,6.94546285272,F,True,False,424,2,P-1,1.891247,10.297624
job_247_Ni_fe_-1.069_n4_generated_crystals_cif__gen_2,D:\CGCNN_Formation_Energy_AL_Archive\experiments\reproducibility\staging\paired_confirmation_server_20260712\EARLY_LiM2O4_ALIGNN_HARD640_m2p18_m2p02_FLAT_20260617\job_247_Ni_fe_-1.069_n4_generated_crystals_cif__gen_2.cif,True,549eb06388faed4fb7373b1f85c507d7093437f1b62d0342e4b223567d8dccc3,Li1 Ni2 O4,Li(NiO2)2,Ni,Li(NiO2)2,-0.995608985424,,0.528953425338,saved CGCNN MC-dropout sigma; candidate-level ALIGNN uncertainty not available,-1.46564495564,0.528953425338,0.470035970211,0.0588873572284,403,0,7.4024438411,F,True,False,467,30,515,33,f7e849dbba3c7ec127d72d6ec7befe94ab5ca6bf67c04ce661ed4fbb7d96ff8e,"Li/M/O role-RDF: six unordered pairs, 0-6 A in 0.2-A bins; scale-free sorted lattice lengths, angles, and normalized volume",SM_Ni_009,9,FP_SINGLETON_134,1,hdbscan_noise_singleton,job_241_Co_fe_-1.145_n4_generated_crystals_cif__gen_2,0.382649376457,job_120_Cr_fe_-1.424_n4_generated_crystals_cif__gen_1,0.450774784118,no_shared_cluster,D:\User\leoluis0705\Documents\xwechat_files\wxid_bbzc35ridmlc22_e97b\msg\file\2026-04\initial_1000_raw_generations.zip::raw_generations/job_247_Ni_fe_-1.069_n4/generated_crystals_cif.zip::gen_2.cif,raw_generations/job_247_Ni_fe_-1.069_n4/generated_crystals_cif.zip,gen_2.cif,True,False,False,0,0,-0.995608985424,1.02439101458,1.10439101458,False,7.4024438411,F,True,False,568,8,Cm,1.873745,9.8295
job_249_Cr_fe_-1.500_n4_generated_crystals_cif__gen_0,D:\CGCNN_Formation_Energy_AL_Archive\experiments\reproducibility\staging\paired_confirmation_server_20260712\EARLY_LiM2O4_ALIGNN_HARD640_m2p18_m2p02_FLAT_20260617\job_249_Cr_fe_-1.500_n4_generated_crystals_cif__gen_0.cif,True,b2eb10dd50999799bf2bc0c5a2043a1cc5b8b3bc3b967d64465c4a36c5113036,Li1 Cr2 O4,LiCr2O4,Cr,LiCr2O4,-2.23165249825,,0.402142756296,saved CGCNN MC-dropout sigma; candidate-level ALIGNN uncertainty not available,-2.12296319008,0.402142756296,0.108689308167,0.157432383994,42,0,-0.322828114033,A,True,False,118,8,123,8,9f0aedcd38c6e909526aeb2eab4303193e33b0fc3d04671e4cbbf5bfadc9ba62,"Li/M/O role-RDF: six unordered pairs, 0-6 A in 0.2-A bins; scale-free sorted lattice lengths, angles, and normalized volume",SM_Cr_004,12,FP_018,7,recurring_density_cluster,job_058_Cr_fe_-1.423_n4_generated_crystals_cif__gen_1,0.182762672566,job_167_Mn_fe_-0.885_n4_generated_crystals_cif__gen_3,0.469018085328,no_shared_cluster,D:\User\leoluis0705\Documents\xwechat_files\wxid_bbzc35ridmlc22_e97b\msg\file\2026-04\initial_1000_raw_generations.zip::raw_generations/job_249_Cr_fe_-1.500_n4/generated_crystals_cif.zip::gen_0.cif,raw_generations/job_249_Cr_fe_-1.500_n4/generated_crystals_cif.zip,gen_0.cif,True,False,True,5,-0.102418564162,-2.33407106241,0.154071062407,0.234071062407,False,-0.962944140046,A,True,False,109,8,Cm,1.981394,10.748732
job_249_Cr_fe_-1.500_n4_generated_crystals_cif__gen_1,D:\CGCNN_Formation_Energy_AL_Archive\experiments\reproducibility\staging\paired_confirmation_server_20260712\EARLY_LiM2O4_ALIGNN_HARD640_m2p18_m2p02_FLAT_20260617\job_249_Cr_fe_-1.500_n4_generated_crystals_cif__gen_1.cif,True,f49dfb6e27d30f364b84424e576764ac219f8896ce6667826fe5395ab720568c,Li1 Cr2 O4,LiCr2O4,Cr,LiCr2O4,-2.14606237411,,0.448794458738,saved CGCNN MC-dropout sigma; candidate-level ALIGNN uncertainty not available,-2.12346458435,0.448794458738,0.0225977897644,0.14128633313,116,1,0.212110161781,B,True,False,56,4,54,4,6318ef5f38057ec0eac150c7e09c0e8c43413400d331492e44679d9067a0402a,"Li/M/O role-RDF: six unordered pairs, 0-6 A in 0.2-A bins; scale-free sorted lattice lengths, angles, and normalized volume",SM_Cr_020,1,FP_079,5,recurring_density_cluster,job_174_Ti_fe_-1.427_n4_generated_crystals_cif__gen_3,0.328326653777,job_073_Cr_fe_-1.375_n4_generated_crystals_cif__gen_0,0.687055135743,historical_dft_candidate_self,D:\User\leoluis0705\Documents\xwechat_files\wxid_bbzc35ridmlc22_e97b\msg\file\2026-04\initial_1000_raw_generations.zip::raw_generations/job_249_Cr_fe_-1.500_n4/generated_crystals_cif.zip::gen_1.cif,raw_generations/job_249_Cr_fe_-1.500_n4/generated_crystals_cif.zip,gen_1.cif,True,True,True,5,-0.102418564162,-2.24848093828,0.068480938277,0.148480938277,False,-0.428005864232,A,True,False,18,8,Cm,1.933272,10.736435
job_249_Cr_fe_-1.500_n4_generated_crystals_cif__gen_2,D:\CGCNN_Formation_Energy_AL_Archive\experiments\reproducibility\staging\paired_confirmation_server_20260712\EARLY_LiM2O4_ALIGNN_HARD640_m2p18_m2p02_FLAT_20260617\job_249_Cr_fe_-1.500_n4_generated_crystals_cif__gen_2.cif,True,40e388f330037c9c897bc1c83ea63dadb98206b3369351ae1a5eba450ebc482a,Li1 Cr2 O4,LiCr2O4,Cr,LiCr2O4,-2.15970921516,,0.474568830099,saved CGCNN MC-dropout sigma; candidate-level ALIGNN uncertainty not available,-2.11763620377,0.474568830099,0.0420730113983,0.133776787263,157,1,0.126817405224,B,True,False,101,7,56,4,abb99ec921dd0c4bfb3354af71321334bf2d44c6fd3346164fb1a803ca20d7f1,"Li/M/O role-RDF: six unordered pairs, 0-6 A in 0.2-A bins; scale-free sorted lattice lengths, angles, and normalized volume",SM_Cr_010,6,FP_036,16,recurring_density_cluster,job_126_Cr_fe_-0.901_n4_generated_crystals_cif__gen_3,0.262202935316,job_148_Mn_fe_-0.904_n4_generated_crystals_cif__gen_1,0.834807997483,no_shared_cluster,D:\User\leoluis0705\Documents\xwechat_files\wxid_bbzc35ridmlc22_e97b\msg\file\2026-04\initial_1000_raw_generations.zip::raw_generations/job_249_Cr_fe_-1.500_n4/generated_crystals_cif.zip::gen_2.cif,raw_generations/job_249_Cr_fe_-1.500_n4/generated_crystals_cif.zip,gen_2.cif,True,False,True,5,-0.102418564162,-2.26212777933,0.082127779326,0.162127779326,False,-0.51329862079,A,True,False,31,8,Cm,1.828482,11.379953
job_249_Cr_fe_-1.500_n4_generated_crystals_cif__gen_3,D:\CGCNN_Formation_Energy_AL_Archive\experiments\reproducibility\staging\paired_confirmation_server_20260712\EARLY_LiM2O4_ALIGNN_HARD640_m2p18_m2p02_FLAT_20260617\job_249_Cr_fe_-1.500_n4_generated_crystals_cif__gen_3.cif,True,785f0049ace05b8c492c66728ae311fdf3f862cca90b9ae6aae15f172606d285,Li1 Cr2 O4,LiCr2O4,Cr,LiCr2O4,-2.19694304466,,0.440220254205,saved CGCNN MC-dropout sigma; candidate-level ALIGNN uncertainty not available,-2.19234442711,0.440220254205,0.00459861755371,0.141099177018,119,0,-0.10589402914,A,True,False,31,2,49,4,edc186e19f3d7654de22b8904d40bdac260cdafe0ac754fb0071c3f522bf980b,"Li/M/O role-RDF: six unordered pairs, 0-6 A in 0.2-A bins; scale-free sorted lattice lengths, angles, and normalized volume",SM_Cr_021,1,FP_SINGLETON_135,1,hdbscan_noise_singleton,job_066_Mn_fe_-1.023_n4_generated_crystals_cif__gen_2,0.537816980944,job_120_Cr_fe_-1.424_n4_generated_crystals_cif__gen_1,0.684503655008,no_shared_cluster,D:\User\leoluis0705\Documents\xwechat_files\wxid_bbzc35ridmlc22_e97b\msg\file\2026-04\initial_1000_raw_generations.zip::raw_generations/job_249_Cr_fe_-1.500_n4/generated_crystals_cif.zip::gen_3.cif,raw_generations/job_249_Cr_fe_-1.500_n4/generated_crystals_cif.zip,gen_3.cif,True,False,True,5,-0.102418564162,-2.29936160882,0.119361608825,0.199361608825,False,-0.746010055154,A,True,False,70,1,P1,1.915505,11.12234
