id,iteration,target_feature,pseudo_feature,actual_feature,distance,selection_method,P_hit,U_i,group_key,mode,is_valid,target_label
job_125_Mn_fe_-1.190_n4_generated_crystals_cif__gen_1,1,-2.1,-2.136458158493042,-2.018841505050659,-0.0364581584930419,gated_ta_dpp,0.41795784258863,0.1360131595897251,LiMn2O4,dpp_diverse,0,0
job_200_Cr_fe_-1.108_n4_generated_crystals_cif__gen_3,1,-2.1,-2.139169692993164,-2.197359800338745,-0.0391696929931639,gated_ta_dpp,0.3862087555844978,0.1499196091528109,LiCr2O4,dpp_diverse,0,0
job_118_Mn_fe_-1.458_n4_generated_crystals_cif__gen_1,1,-2.1,-2.1719439029693604,-1.920598745346069,-0.0719439029693602,gated_ta_dpp,0.4023954654600882,0.1252073834429087,LiMn2O4,dpp_diverse,0,0
job_126_Cr_fe_-0.901_n4_generated_crystals_cif__gen_3,1,-2.1,-2.118107795715332,-2.1577799320220947,-0.0181077957153319,gated_ta_dpp,0.3727744420244628,0.1609995543529675,LiCr2O4,dpp_diverse,1,1
job_057_Mn_fe_-0.971_n4_generated_crystals_cif__gen_1,1,-2.1,-2.1757938861846924,-2.0010862350463867,-0.0757938861846923,gated_ta_dpp,0.3832952023991493,0.1329010500744407,LiMn2O4,dpp_diverse,0,0
job_216_Cr_fe_-0.890_n4_generated_crystals_cif__gen_2,1,-2.1,-2.1422934532165527,-2.163748025894165,-0.0422934532165526,gated_ta_dpp,0.3600492860167914,0.162960517154454,LiCr2O4,dpp_diverse,1,1
job_079_Cr_fe_-0.854_n4_generated_crystals_cif__gen_0,1,-2.1,-2.161977529525757,-2.2454543113708496,-0.0619775295257567,gated_ta_dpp,0.356714955371109,0.1573963482184238,LiCr2O4,dpp_diverse,0,0
job_118_Mn_fe_-1.458_n4_generated_crystals_cif__gen_2,1,-2.1,-2.163653612136841,-2.03523588180542,-0.0636536121368407,gated_ta_dpp,0.3459403658119336,0.1633624414902261,LiMn2O4,dpp_diverse,1,1
job_201_Cr_fe_-1.216_n4_generated_crystals_cif__gen_3,1,-2.1,-2.0976831912994385,-2.206807374954224,0.0023168087005616,gated_ta_dpp,0.3546529202661201,0.1718685011905453,LiCr2O4,dpp_diverse,0,0
job_232_Mn_fe_-1.004_n4_generated_crystals_cif__gen_2,1,-2.1,-2.1475367546081543,-1.8914794921875,-0.0475367546081542,gated_ta_dpp,0.3448338823924752,0.1704288932975681,LiMn2O4,dpp_diverse,0,0
job_212_Cr_fe_-1.473_n4_generated_crystals_cif__gen_2,1,-2.1,-2.161229372024536,-2.204835891723633,-0.061229372024536,gated_ta_dpp,0.3528464456915166,0.1601320930383286,LiCr2O4,dpp_diverse,0,0
job_112_Cr_fe_-1.215_n4_generated_crystals_cif__gen_2,1,-2.1,-2.1432621479034424,-2.2128608226776123,-0.0432621479034422,gated_ta_dpp,0.3453365698332815,0.171410098018016,LiCr2O4,dpp_diverse,0,0
job_017_Mn_fe_-1.234_n4_generated_crystals_cif__gen_1,1,-2.1,-2.1614511013031006,-1.9876065254211424,-0.0614511013031005,gated_ta_dpp,0.3345109342626903,0.1719455724366196,LiMn2O4,dpp_diverse,0,0
job_066_Mn_fe_-1.023_n4_generated_crystals_cif__gen_0,1,-2.1,-2.158999443054199,-1.9871506690979004,-0.0589994430541991,gated_ta_dpp,0.3299899040679137,0.1760667408228825,LiMn2O4,dpp_diverse,0,0
job_196_Cr_fe_-0.819_n4_generated_crystals_cif__gen_3,1,-2.1,-2.13016676902771,-2.151050090789795,-0.0301667690277098,gated_ta_dpp,0.3306847800133615,0.1837623228910429,LiCr2O4,dpp_diverse,1,1
job_092_Cr_fe_-1.075_n4_generated_crystals_cif__gen_2,1,-2.1,-2.133815288543701,-2.129879713058472,-0.033815288543701,gated_ta_dpp,0.3282598339282496,0.184673676102752,LiCr2O4,dpp_diverse,1,1
job_234_Cr_fe_-1.123_n4_generated_crystals_cif__gen_2,2,-2.1,-2.1431310176849365,-2.1442270278930664,-0.0431310176849364,gated_ta_dpp,0.4437707867796714,0.0142816881650266,LiCr2O4,dpp_diverse,1,1
job_044_Mn_fe_-0.936_n4_generated_crystals_cif__gen_1,2,-2.1,-2.1975326538085938,-2.023045063018799,-0.0975326538085936,gated_ta_dpp,0.3455356338586968,0.0236348667193361,LiMn2O4,dpp_diverse,1,1
job_058_Cr_fe_-1.423_n4_generated_crystals_cif__gen_3,2,-2.1,-2.122074604034424,-2.1625735759735107,-0.0220746040344237,gated_ta_dpp,0.345000974646257,0.0490189031447069,LiCr2O4,dpp_diverse,1,1
job_197_Mn_fe_-0.871_n4_generated_crystals_cif__gen_0,2,-2.1,-2.2133703231811523,-1.927563428878784,-0.1133703231811522,gated_ta_dpp,0.3418096609128778,0.0002022557901797,LiMn2O4,dpp_diverse,0,0
job_201_Cr_fe_-1.216_n4_generated_crystals_cif__gen_2,2,-2.1,-2.146695613861084,-2.0675125122070312,-0.0466956138610838,gated_ta_dpp,0.3404267867480121,0.0473432827442017,LiCr2O4,dpp_diverse,1,1
job_220_Cr_fe_-1.305_n4_generated_crystals_cif__gen_2,2,-2.1,-2.1325430870056152,-2.1609792709350586,-0.0325430870056151,gated_ta_dpp,0.3319238432832818,0.0532669859288751,LiCr2O4,dpp_diverse,1,1
job_043_Mn_fe_-1.340_n4_generated_crystals_cif__gen_3,2,-2.1,-2.1812639236450195,-2.0343403816223145,-0.0812639236450194,gated_ta_dpp,0.3018116272642195,0.0563318115394195,LiMn2O4,dpp_diverse,1,1
job_207_Cr_fe_-0.848_n4_generated_crystals_cif__gen_1,2,-2.1,-2.171290159225464,-2.204430341720581,-0.0712901592254637,gated_ta_dpp,0.3302618213221525,0.0451967908100103,LiCr2O4,dpp_diverse,0,0
job_066_Mn_fe_-1.023_n4_generated_crystals_cif__gen_3,2,-2.1,-2.187407255172729,-2.0285513401031494,-0.0874072551727289,gated_ta_dpp,0.2973726331538536,0.0565127304391556,LiMn2O4,dpp_diverse,1,1
job_182_Cr_fe_-1.464_n4_generated_crystals_cif__gen_0,2,-2.1,-2.1762168407440186,-2.2057487964630127,-0.0762168407440184,gated_ta_dpp,0.3199734156938487,0.0484589338443018,LiCr2O4,dpp_diverse,0,0
job_013_Cr_fe_-1.388_n4_generated_crystals_cif__gen_0,2,-2.1,-2.1794536113739014,-2.2145888805389404,-0.0794536113739012,gated_ta_dpp,0.3171056583521577,0.0487037244179641,LiCr2O4,dpp_diverse,0,0
job_073_Cr_fe_-1.375_n4_generated_crystals_cif__gen_3,2,-2.1,-2.1351523399353027,-2.1547746658325195,-0.0351523399353026,gated_ta_dpp,0.3109459965307881,0.0625339287972768,LiCr2O4,dpp_diverse,1,1
job_068_Cr_fe_-1.051_n4_generated_crystals_cif__gen_0,2,-2.1,-2.131054401397705,-2.138373851776123,-0.0310544013977049,gated_ta_dpp,0.3094491953282838,0.0637650223289065,LiCr2O4,dpp_diverse,1,1
job_133_Mn_fe_-1.385_n4_generated_crystals_cif__gen_2,2,-2.1,-2.132448673248291,-1.933753609657288,-0.0324486732482909,gated_ta_dpp,0.2718783051277508,0.0844948401740598,LiMn2O4,dpp_diverse,0,0
job_249_Cr_fe_-1.500_n4_generated_crystals_cif__gen_3,2,-2.1,-2.2111289501190186,-2.196943044662476,-0.1111289501190184,gated_ta_dpp,0.3063194821308991,0.0368255469529587,LiCr2O4,dpp_diverse,0,0
job_214_Cr_fe_-0.857_n4_generated_crystals_cif__gen_0,2,-2.1,-2.1734635829925537,-2.1566174030303955,-0.0734635829925536,gated_ta_dpp,0.3034988727207238,0.05806972981453,LiCr2O4,dpp_diverse,1,1
job_229_Al_fe_-1.076_n4_generated_crystals_cif__gen_2,3,-2.1,-2.118767023086548,-3.067518472671509,-0.0187670230865477,gated_ta_dpp,0.5585937859121612,0.0,LiAl2O4,threshold_greedy,0,0
job_020_Mn_fe_-0.989_n4_generated_crystals_cif__gen_3,3,-2.1,-2.175233602523804,-1.9995641708374023,-0.075233602523804,gated_ta_dpp,0.4523888804845361,0.0002866519697111,LiMn2O4,threshold_greedy,0,0
job_240_Cr_fe_-1.413_n4_generated_crystals_cif__gen_2,3,-2.1,-2.1382439136505127,-2.160156488418579,-0.0382439136505126,gated_ta_dpp,0.4474669301793223,0.0085382359722147,LiCr2O4,threshold_greedy,1,1
job_162_Mn_fe_-1.493_n4_generated_crystals_cif__gen_0,3,-2.1,-2.1174206733703613,-2.0029783248901367,-0.0174206733703612,gated_ta_dpp,0.4412292226752476,0.0107062317814813,LiMn2O4,threshold_greedy,0,0
job_083_Cr_fe_-0.935_n4_generated_crystals_cif__gen_2,3,-2.1,-2.11625075340271,-2.139615058898926,-0.0162507534027098,gated_ta_dpp,0.4387591981890489,0.0110311652718804,LiCr2O4,threshold_greedy,1,1
job_130_Cr_fe_-1.335_n4_generated_crystals_cif__gen_2,3,-2.1,-2.115966558456421,-2.19545841217041,-0.0159665584564208,gated_ta_dpp,0.4339565609989948,0.0115906741309898,LiCr2O4,threshold_greedy,0,0
job_200_Cr_fe_-1.108_n4_generated_crystals_cif__gen_2,3,-2.1,-2.099427938461304,-2.187739610671997,0.0005720615386959,gated_ta_dpp,0.4252434984952719,0.0129030760830983,LiCr2O4,threshold_greedy,0,0
job_196_Cr_fe_-0.819_n4_generated_crystals_cif__gen_2,3,-2.1,-2.107451915740967,-2.1501615047454834,-0.0074519157409667,gated_ta_dpp,0.4232506245902785,0.0130798029296377,LiCr2O4,threshold_greedy,1,1
job_074_Mn_fe_-0.891_n4_generated_crystals_cif__gen_2,3,-2.1,-2.0514941215515137,-1.9489537477493288,0.0485058784484864,gated_ta_dpp,0.4195402899955746,0.0107561597901668,LiMn2O4,threshold_greedy,0,0
job_129_Mn_fe_-0.852_n4_generated_crystals_cif__gen_3,3,-2.1,-2.145141124725342,-1.9803466796875,-0.0451411247253417,gated_ta_dpp,0.4178069449078929,0.0113930610459185,LiMn2O4,threshold_greedy,0,0
job_080_Mn_fe_-1.081_n4_generated_crystals_cif__gen_2,3,-2.1,-2.14270544052124,-2.017192840576172,-0.0427054405212397,gated_ta_dpp,0.4103373746674481,0.0126473095295803,LiMn2O4,threshold_greedy,0,0
job_148_Mn_fe_-0.904_n4_generated_crystals_cif__gen_2,3,-2.1,-2.1078929901123047,-2.022401571273804,-0.0078929901123045,gated_ta_dpp,0.4101653625037268,0.0146935754915199,LiMn2O4,threshold_greedy,1,1
job_171_Cr_fe_-1.042_n4_generated_crystals_cif__gen_3,3,-2.1,-2.1918628215789795,-2.135138750076294,-0.0918628215789794,gated_ta_dpp,0.4037991513208894,0.0010005940897158,LiCr2O4,threshold_greedy,1,1
job_142_Mn_fe_-1.095_n4_generated_crystals_cif__gen_3,3,-2.1,-2.133856296539306,-1.9228596687316888,-0.0338562965393061,gated_ta_dpp,0.3731599934689625,0.0187699396653446,LiMn2O4,threshold_greedy,0,0
job_030_Mn_fe_-1.234_n4_generated_crystals_cif__gen_0,3,-2.1,-2.0510740280151367,-2.032205581665039,0.0489259719848633,gated_ta_dpp,0.3658783985326545,0.0186202742183106,LiMn2O4,threshold_greedy,1,1
job_115_Al_fe_-1.173_n4_generated_crystals_cif__gen_1,3,-2.1,-2.041539669036865,-3.12134313583374,0.0584603309631353,gated_ta_dpp,0.3543244070534405,0.0195001543115434,LiAl2O4,threshold_greedy,0,0
job_214_Cr_fe_-0.857_n4_generated_crystals_cif__gen_3,4,-2.1,-2.145031213760376,-2.1943607330322266,-0.0450312137603758,gated_ta_dpp,0.4410820663558844,0.0064342577643293,LiCr2O4,dpp_diverse,0,0
job_182_Cr_fe_-1.464_n4_generated_crystals_cif__gen_2,4,-2.1,-2.1598997116088867,-2.143676280975342,-0.0598997116088866,gated_ta_dpp,0.4203839388005425,0.0067676506964355,LiCr2O4,dpp_diverse,1,1
job_182_Cr_fe_-1.464_n4_generated_crystals_cif__gen_3,4,-2.1,-2.040452480316162,-2.1561551094055176,0.0595475196838379,gated_ta_dpp,0.4185846434072915,0.0070327406001996,LiCr2O4,dpp_diverse,1,1
job_088_Cr_fe_-1.127_n4_generated_crystals_cif__gen_2,4,-2.1,-2.039649486541748,-2.213667154312134,0.060350513458252,gated_ta_dpp,0.3972013951223359,0.0095434258969902,LiCr2O4,dpp_diverse,0,0
job_042_Cr_fe_-0.962_n4_generated_crystals_cif__gen_2,4,-2.1,-2.067960262298584,-2.1674489974975586,0.0320397377014161,gated_ta_dpp,0.3690632975084629,0.015822573546719,LiCr2O4,dpp_diverse,1,1
job_216_Cr_fe_-0.890_n4_generated_crystals_cif__gen_3,4,-2.1,-2.0845680236816406,-2.149548053741455,0.0154319763183594,gated_ta_dpp,0.3611009596810443,0.0175706066019352,LiCr2O4,dpp_diverse,1,1
job_120_Cr_fe_-1.424_n4_generated_crystals_cif__gen_1,4,-2.1,-2.142994165420532,-2.17874813079834,-0.0429941654205316,gated_ta_dpp,0.3555814805783422,0.0170167127852574,LiCr2O4,dpp_diverse,1,1
job_249_Cr_fe_-1.500_n4_generated_crystals_cif__gen_1,4,-2.1,-2.0732150077819824,-2.1460623741149902,0.0267849922180176,gated_ta_dpp,0.3517017231034545,0.0185284006474477,LiCr2O4,dpp_diverse,1,1
job_220_Cr_fe_-1.305_n4_generated_crystals_cif__gen_1,4,-2.1,-2.0193562507629395,-2.181419849395752,0.0806437492370606,gated_ta_dpp,0.3480342206755336,0.013603672351804,LiCr2O4,dpp_diverse,0,0
job_016_Cr_fe_-1.264_n4_generated_crystals_cif__gen_3,4,-2.1,-2.0842385292053223,-2.187363386154175,0.0157614707946778,gated_ta_dpp,0.3225606731480116,0.0235225533792356,LiCr2O4,dpp_diverse,0,0
job_182_Cr_fe_-1.464_n4_generated_crystals_cif__gen_1,4,-2.1,-2.0425562858581543,-2.244051933288574,0.0574437141418457,gated_ta_dpp,0.3222322221119559,0.0212553660308568,LiCr2O4,dpp_diverse,0,0
job_029_Cr_fe_-1.337_n4_generated_crystals_cif__gen_3,4,-2.1,-2.0646753311157227,-2.181931734085083,0.0353246688842774,gated_ta_dpp,0.3195080511311215,0.0233332992040093,LiCr2O4,dpp_diverse,0,0
job_204_Cr_fe_-0.932_n4_generated_crystals_cif__gen_0,4,-2.1,-2.0572400093078613,-2.20471739768982,0.0427599906921387,gated_ta_dpp,0.3191139082890887,0.0229718910591321,LiCr2O4,dpp_diverse,0,0
job_042_Cr_fe_-0.962_n4_generated_crystals_cif__gen_0,4,-2.1,-2.080366611480713,-2.158137083053589,0.0196333885192871,gated_ta_dpp,0.3169069870301667,0.0244176886828733,LiCr2O4,dpp_diverse,1,1
job_204_Cr_fe_-0.932_n4_generated_crystals_cif__gen_3,4,-2.1,-2.0059754848480225,-2.176752805709839,0.0940245151519776,gated_ta_dpp,0.3156254525412974,0.0172991523586576,LiCr2O4,dpp_diverse,1,1
job_171_Cr_fe_-1.042_n4_generated_crystals_cif__gen_1,4,-2.1,-2.173978567123413,-2.201009511947632,-0.073978567123413,gated_ta_dpp,0.3098295150237197,0.0218164163463439,LiCr2O4,dpp_diverse,0,0
job_154_Mn_fe_-1.207_n4_generated_crystals_cif__gen_1,5,-2.1,-2.023374557495117,-2.0003502368927,0.0766254425048829,gated_ta_dpp,0.486109170737915,0.0183420874464582,LiMn2O4,dpp_diverse,0,0
job_136_Cr_fe_-1.181_n4_generated_crystals_cif__gen_0,5,-2.1,-2.1237781047821045,-2.177961587905884,-0.0237781047821044,gated_ta_dpp,0.4482454349785596,0.0306544642180274,LiCr2O4,dpp_diverse,1,1
job_079_Cr_fe_-0.854_n4_generated_crystals_cif__gen_1,5,-2.1,-2.1235859394073486,-2.136512517929077,-0.0235859394073485,gated_ta_dpp,0.4275343872061843,0.0325308340190521,LiCr2O4,dpp_diverse,1,1
job_061_Mn_fe_-1.231_n4_generated_crystals_cif__gen_0,5,-2.1,-2.014198303222656,-2.01950740814209,0.0858016967773442,gated_ta_dpp,0.3932093905836841,0.028189643087189,LiMn2O4,dpp_diverse,0,0
job_146_Cr_fe_-1.128_n4_generated_crystals_cif__gen_1,5,-2.1,-2.09958291053772,-2.148542881011963,0.0004170894622799,gated_ta_dpp,0.3965581525376894,0.036119073218367,LiCr2O4,dpp_diverse,1,1
job_030_Mn_fe_-1.234_n4_generated_crystals_cif__gen_2,5,-2.1,-2.015925884246826,-2.017267227172852,0.0840741157531739,gated_ta_dpp,0.3849684438346346,0.0299421822980016,LiMn2O4,dpp_diverse,0,0
job_220_Cr_fe_-1.305_n4_generated_crystals_cif__gen_0,5,-2.1,-2.1716504096984863,-2.215806245803833,-0.0716504096984862,gated_ta_dpp,0.3900383629795813,0.0318560161583136,LiCr2O4,dpp_diverse,0,0
job_017_Mn_fe_-1.234_n4_generated_crystals_cif__gen_0,5,-2.1,-2.0073564052581787,-2.0187184810638428,0.0926435947418213,gated_ta_dpp,0.3624149928883018,0.0313038928625042,LiMn2O4,dpp_diverse,0,0
job_016_Cr_fe_-1.264_n4_generated_crystals_cif__gen_1,5,-2.1,-2.1512959003448486,-2.211752653121948,-0.0512959003448485,gated_ta_dpp,0.3760051116178688,0.0362399556894817,LiCr2O4,dpp_diverse,0,0
job_208_Cr_fe_-1.031_n4_generated_crystals_cif__gen_2,5,-2.1,-2.153481721878052,-2.208385467529297,-0.0534817218780521,gated_ta_dpp,0.3730413087232393,0.0364085178345913,LiCr2O4,dpp_diverse,0,0
job_112_Cr_fe_-1.215_n4_generated_crystals_cif__gen_0,5,-2.1,-2.162195920944214,-2.210746049880981,-0.0621959209442137,gated_ta_dpp,0.3695238467691927,0.0359265042202651,LiCr2O4,dpp_diverse,0,0
job_130_Cr_fe_-1.335_n4_generated_crystals_cif__gen_1,5,-2.1,-2.191103458404541,-2.173297643661499,-0.0911034584045409,gated_ta_dpp,0.3630874081028256,0.0316270246649728,LiCr2O4,dpp_diverse,1,1
job_176_Mn_fe_-0.980_n4_generated_crystals_cif__gen_0,5,-2.1,-2.0202314853668213,-2.0098371505737305,0.0797685146331788,gated_ta_dpp,0.3345839942770806,0.0388024430076871,LiMn2O4,dpp_diverse,0,0
job_112_Cr_fe_-1.215_n4_generated_crystals_cif__gen_3,5,-2.1,-2.126637935638428,-2.181488037109375,-0.026637935638428,gated_ta_dpp,0.3582194392370589,0.0401067505309055,LiCr2O4,dpp_diverse,0,0
job_214_Cr_fe_-0.857_n4_generated_crystals_cif__gen_1,5,-2.1,-2.1008574962615967,-2.21838641166687,-0.0008574962615965,gated_ta_dpp,0.3348874173664017,0.0438652134198222,LiCr2O4,dpp_diverse,0,0
job_013_Cr_fe_-1.388_n4_generated_crystals_cif__gen_1,5,-2.1,-2.2053818702697754,-2.229992151260376,-0.1053818702697753,gated_ta_dpp,0.3366193091352845,0.0322938196341266,LiCr2O4,dpp_diverse,0,0
job_094_Cr_fe_-0.989_n4_generated_crystals_cif__gen_0,6,-2.1,-2.0674259662628174,-2.136093616485596,0.0325740337371827,gated_ta_dpp,0.3884612152588144,0.0220301726478223,LiCr2O4,dpp_diverse,1,1
job_176_Mn_fe_-0.980_n4_generated_crystals_cif__gen_1,6,-2.1,-1.98414945602417,-2.0186314582824707,0.1158505439758301,gated_ta_dpp,0.3286539431932417,0.0142855558535635,LiMn2O4,dpp_diverse,0,0
job_207_Cr_fe_-0.848_n4_generated_crystals_cif__gen_2,6,-2.1,-2.1758742332458496,-2.1844170093536377,-0.0758742332458495,gated_ta_dpp,0.3784080310053861,0.0183934709132548,LiCr2O4,dpp_diverse,0,0
job_201_Cr_fe_-1.216_n4_generated_crystals_cif__gen_1,6,-2.1,-2.1846630573272705,-2.21074652671814,-0.0846630573272704,gated_ta_dpp,0.3452928586981424,0.022045507543995,LiCr2O4,dpp_diverse,0,0
job_148_Mn_fe_-0.904_n4_generated_crystals_cif__gen_3,6,-2.1,-1.967838287353516,-2.0083227157592773,0.132161712646484,gated_ta_dpp,0.293402607627629,0.0131282188162587,LiMn2O4,dpp_diverse,0,0
job_092_Cr_fe_-1.075_n4_generated_crystals_cif__gen_1,6,-2.1,-2.058346509933472,-2.1052308082580566,0.0416534900665279,gated_ta_dpp,0.3233560276256495,0.0308026578409237,LiCr2O4,dpp_diverse,1,1
job_167_Mn_fe_-0.885_n4_generated_crystals_cif__gen_3,6,-2.1,-1.9817206859588623,-2.023138999938965,0.1182793140411377,gated_ta_dpp,0.2844606253804361,0.0276958789764497,LiMn2O4,dpp_diverse,1,1
job_130_Cr_fe_-1.335_n4_generated_crystals_cif__gen_3,6,-2.1,-2.2167181968688965,-2.2419798374176025,-0.1167181968688964,gated_ta_dpp,0.3130470558876347,0.0194884494138933,LiCr2O4,dpp_diverse,0,0
job_130_Cr_fe_-1.335_n4_generated_crystals_cif__gen_0,6,-2.1,-2.1777946949005127,-2.2054734230041504,-0.0777946949005126,gated_ta_dpp,0.3106171470766463,0.0296896645167865,LiCr2O4,dpp_diverse,0,0
job_208_Cr_fe_-1.031_n4_generated_crystals_cif__gen_3,6,-2.1,-2.1537866592407227,-2.177259683609009,-0.0537866592407225,gated_ta_dpp,0.3087554653097642,0.0325777148996726,LiCr2O4,dpp_diverse,1,1
job_105_Mn_fe_-0.898_n4_generated_crystals_cif__gen_2,6,-2.1,-1.9856693744659424,-2.011301040649414,0.1143306255340577,gated_ta_dpp,0.2732361931605938,0.0321129797608016,LiMn2O4,dpp_diverse,0,0
job_171_Cr_fe_-1.042_n4_generated_crystals_cif__gen_2,6,-2.1,-2.215317249298096,-2.175285577774048,-0.115317249298096,gated_ta_dpp,0.3081018953069028,0.0216780892580883,LiCr2O4,dpp_diverse,1,1
job_012_Cr_fe_-1.495_n4_generated_crystals_cif__gen_0,6,-2.1,-2.222242593765259,-2.18317985534668,-0.1222425937652587,gated_ta_dpp,0.3073785879007445,0.0182077175917726,LiCr2O4,dpp_diverse,0,0
job_088_Cr_fe_-1.127_n4_generated_crystals_cif__gen_1,6,-2.1,-2.178417205810547,-2.198474645614624,-0.0784172058105467,gated_ta_dpp,0.2979113534131927,0.0322452440536252,LiCr2O4,dpp_diverse,0,0
job_134_Mn_fe_-0.810_n4_generated_crystals_cif__gen_2,6,-2.1,-1.945258855819702,-2.003902673721313,0.1547411441802981,gated_ta_dpp,0.2486824417712342,0.0167953559687327,LiMn2O4,dpp_diverse,0,0
job_069_Mn_fe_-1.295_n4_generated_crystals_cif__gen_0,6,-2.1,-1.9419208765029907,-1.9121254682540887,0.1580791234970093,gated_ta_dpp,0.245083880290426,0.0216402301119224,LiMn2O4,dpp_diverse,0,0
job_200_Cr_fe_-1.108_n4_generated_crystals_cif__gen_0,7,-2.1,-2.1465213298797607,-2.14246129989624,-0.0465213298797606,gated_ta_dpp,0.461491609720747,0.0182311276235543,LiCr2O4,dpp_diverse,1,1
job_142_Mn_fe_-1.095_n4_generated_crystals_cif__gen_0,7,-2.1,-2.0301640033721924,-2.003554582595825,0.0698359966278077,gated_ta_dpp,0.3972638900243634,0.0218007710841535,LiMn2O4,dpp_diverse,0,0
job_146_Cr_fe_-1.128_n4_generated_crystals_cif__gen_3,7,-2.1,-2.16834020614624,-2.2156307697296143,-0.0683402061462397,gated_ta_dpp,0.4203266924226198,0.019203705527279,LiCr2O4,dpp_diverse,0,0
job_146_Cr_fe_-1.128_n4_generated_crystals_cif__gen_0,7,-2.1,-2.1771557331085205,-2.2501983642578125,-0.0771557331085204,gated_ta_dpp,0.4117383277095818,0.0183502602645965,LiCr2O4,dpp_diverse,0,0
job_249_Cr_fe_-1.500_n4_generated_crystals_cif__gen_2,7,-2.1,-2.117692708969116,-2.159709215164185,-0.0176927089691161,gated_ta_dpp,0.3906439181653176,0.0272412922554602,LiCr2O4,dpp_diverse,1,1
job_012_Cr_fe_-1.495_n4_generated_crystals_cif__gen_3,7,-2.1,-2.167685985565185,-2.222175359725952,-0.067685985565185,gated_ta_dpp,0.3637013802450875,0.0267489182232085,LiCr2O4,dpp_diverse,0,0
job_006_Mn_fe_-1.347_n4_generated_crystals_cif__gen_3,7,-2.1,-1.9982144832611084,-2.018496513366699,0.1017855167388916,gated_ta_dpp,0.2963582136117438,0.0334037546265369,LiMn2O4,dpp_diverse,0,0
job_013_Cr_fe_-1.388_n4_generated_crystals_cif__gen_3,7,-2.1,-2.1662166118621826,-2.212435007095337,-0.0662166118621825,gated_ta_dpp,0.3573535904030913,0.0278827924841118,LiCr2O4,dpp_diverse,0,0
job_074_Mn_fe_-0.891_n4_generated_crystals_cif__gen_3,7,-2.1,-2.0218214988708496,-2.013846635818481,0.0781785011291504,gated_ta_dpp,0.2898460850924149,0.0386324727842057,LiMn2O4,dpp_diverse,0,0
job_016_Cr_fe_-1.264_n4_generated_crystals_cif__gen_2,7,-2.1,-2.193483352661133,-2.22020959854126,-0.0934833526611327,gated_ta_dpp,0.3342395170887872,0.0270164255199502,LiCr2O4,dpp_diverse,0,0
job_149_Mn_fe_-1.083_n4_generated_crystals_cif__gen_0,7,-2.1,-1.9651386737823489,-2.0294673442840576,0.1348613262176512,gated_ta_dpp,0.2875105376977613,0.0199923987920971,LiMn2O4,dpp_diverse,1,1
job_068_Cr_fe_-1.051_n4_generated_crystals_cif__gen_3,7,-2.1,-2.163126945495605,-2.208514213562012,-0.0631269454956049,gated_ta_dpp,0.318265657718051,0.0346232187769807,LiCr2O4,dpp_diverse,0,0
job_136_Cr_fe_-1.181_n4_generated_crystals_cif__gen_1,7,-2.1,-2.1818630695343018,-2.2130284309387207,-0.0818630695343016,gated_ta_dpp,0.3134076318910724,0.0332382925258653,LiCr2O4,dpp_diverse,0,0
job_058_Cr_fe_-1.423_n4_generated_crystals_cif__gen_1,7,-2.1,-2.187864065170288,-2.209511995315552,-0.087864065170288,gated_ta_dpp,0.3015477497502128,0.0347630298022041,LiCr2O4,dpp_diverse,0,0
job_086_Mn_fe_-0.988_n4_generated_crystals_cif__gen_1,7,-2.1,-1.9565653800964355,-2.012666940689087,0.1434346199035645,gated_ta_dpp,0.2631744195866814,0.0161510245525711,LiMn2O4,dpp_diverse,0,0
job_126_Cr_fe_-0.901_n4_generated_crystals_cif__gen_0,7,-2.1,-2.194038152694702,-2.23909068107605,-0.094038152694702,gated_ta_dpp,0.2971466969553515,0.0347097920832908,LiCr2O4,dpp_diverse,0,0
job_208_Cr_fe_-1.031_n4_generated_crystals_cif__gen_0,8,-2.1,-2.200061798095703,-2.205277681350708,-0.100061798095703,gated_ta_dpp,0.3274827147623435,0.0283212279144271,LiCr2O4,dpp_diverse,0,0
job_030_Mn_fe_-1.234_n4_generated_crystals_cif__gen_3,8,-2.1,-1.9758667945861816,-1.9887442588806152,0.1241332054138184,gated_ta_dpp,0.3110857365498095,0.0130796789820421,LiMn2O4,dpp_diverse,0,0
job_216_Cr_fe_-0.890_n4_generated_crystals_cif__gen_0,8,-2.1,-2.200277328491211,-2.2009010314941406,-0.1002773284912108,gated_ta_dpp,0.3232846666733134,0.029351184818124,LiCr2O4,dpp_diverse,0,0
job_136_Cr_fe_-1.181_n4_generated_crystals_cif__gen_2,8,-2.1,-2.2064781188964844,-2.209388256072998,-0.1064781188964842,gated_ta_dpp,0.323533797289424,0.0270512402701725,LiCr2O4,dpp_diverse,0,0
job_020_Mn_fe_-0.989_n4_generated_crystals_cif__gen_1,8,-2.1,-2.008809328079224,-2.02649188041687,0.091190671920776,gated_ta_dpp,0.2792922277680498,0.0434770689473148,LiMn2O4,dpp_diverse,1,1
job_249_Cr_fe_-1.500_n4_generated_crystals_cif__gen_0,8,-2.1,-2.2061147689819336,-2.23165249824524,-0.1061147689819335,gated_ta_dpp,0.2989685463114919,0.0343730193056884,LiCr2O4,dpp_diverse,0,0
job_129_Mn_fe_-0.852_n4_generated_crystals_cif__gen_0,8,-2.1,-1.957533836364746,-1.9830282926559448,0.142466163635254,gated_ta_dpp,0.2683248786831929,0.0283498191909956,LiMn2O4,dpp_diverse,0,0
job_167_Mn_fe_-0.885_n4_generated_crystals_cif__gen_1,8,-2.1,-1.980888843536377,-2.0094380378723145,0.1191111564636231,gated_ta_dpp,0.2661628674450064,0.0414986797907742,LiMn2O4,dpp_diverse,0,0
job_092_Cr_fe_-1.075_n4_generated_crystals_cif__gen_3,8,-2.1,-2.0685927867889404,-2.1069674491882324,0.0314072132110596,gated_ta_dpp,0.2621625220922557,0.0542852077043141,LiCr2O4,dpp_diverse,1,1
job_069_Mn_fe_-1.295_n4_generated_crystals_cif__gen_2,8,-2.1,-1.973280429840088,-1.9959614276885984,0.1267195701599122,gated_ta_dpp,0.2632462388544235,0.0402091601920072,LiMn2O4,dpp_diverse,0,0
job_080_Mn_fe_-1.081_n4_generated_crystals_cif__gen_0,8,-2.1,-1.9864027500152588,-1.9899033308029173,0.1135972499847413,gated_ta_dpp,0.258921817977267,0.0456128168493789,LiMn2O4,dpp_diverse,0,0
job_146_Cr_fe_-1.128_n4_generated_crystals_cif__gen_2,8,-2.1,-2.2349419593811035,-2.204536199569702,-0.1349419593811034,gated_ta_dpp,0.2575039913825034,0.0395470208373557,LiCr2O4,dpp_diverse,0,0
job_162_Mn_fe_-1.493_n4_generated_crystals_cif__gen_2,8,-2.1,-1.98515784740448,-2.01844334602356,0.1148421525955201,gated_ta_dpp,0.2578063077348426,0.045729967258726,LiMn2O4,dpp_diverse,0,0
job_079_Cr_fe_-0.854_n4_generated_crystals_cif__gen_2,8,-2.1,-2.244741678237915,-2.203239917755127,-0.1447416782379149,gated_ta_dpp,0.2513428868114518,0.0378884737950166,LiCr2O4,dpp_diverse,0,0
job_233_Mn_fe_-1.136_n4_generated_crystals_cif__gen_2,8,-2.1,-1.969815850257873,-2.0037527084350586,0.130184149742127,gated_ta_dpp,0.2559012150586667,0.0420840256966574,LiMn2O4,dpp_diverse,0,0
job_196_Cr_fe_-0.819_n4_generated_crystals_cif__gen_1,8,-2.1,-2.0540261268615723,-2.1088345050811768,0.0459738731384278,gated_ta_dpp,0.2468906241200014,0.0583875771629692,LiCr2O4,dpp_diverse,1,1
job_087_Cr_fe_-1.452_n4_generated_crystals_cif__gen_2,9,-2.1,-2.184315919876098,-2.19195294380188,-0.0843159198760981,gated_ta_dpp,0.3915571049381855,0.012201961004652,LiCr2O4,dpp_diverse,0,0
job_066_Mn_fe_-1.023_n4_generated_crystals_cif__gen_2,9,-2.1,-1.9864839315414429,-1.9932122230529783,0.1135160684585572,gated_ta_dpp,0.3421797698328787,0.0054054926682826,LiMn2O4,dpp_diverse,0,0
job_088_Cr_fe_-1.127_n4_generated_crystals_cif__gen_3,9,-2.1,-2.1696462631225586,-2.148867130279541,-0.0696462631225585,gated_ta_dpp,0.3695243648858985,0.018481102305421,LiCr2O4,dpp_diverse,1,1
job_134_Mn_fe_-0.810_n4_generated_crystals_cif__gen_3,9,-2.1,-2.0330145359039307,-2.015132188796997,0.0669854640960694,gated_ta_dpp,0.3397124478824415,0.0234047837415143,LiMn2O4,dpp_diverse,0,0
job_201_Cr_fe_-1.216_n4_generated_crystals_cif__gen_0,9,-2.1,-2.215250015258789,-2.192210912704468,-0.1152500152587889,gated_ta_dpp,0.3288564223889462,0.0125563370302262,LiCr2O4,dpp_diverse,0,0
job_061_Mn_fe_-1.231_n4_generated_crystals_cif__gen_2,9,-2.1,-1.980977296829224,-2.0183801651000977,0.119022703170776,gated_ta_dpp,0.326213632509297,0.0073869575285062,LiMn2O4,dpp_diverse,0,0
job_105_Mn_fe_-0.898_n4_generated_crystals_cif__gen_0,9,-2.1,-1.9961116313934328,-2.0049145221710205,0.1038883686065672,gated_ta_dpp,0.3142179942943843,0.0215509381290166,LiMn2O4,dpp_diverse,0,0
job_088_Cr_fe_-1.127_n4_generated_crystals_cif__gen_0,9,-2.1,-2.1999590396881104,-2.191210985183716,-0.0999590396881102,gated_ta_dpp,0.3026138829954258,0.0251912212716314,LiCr2O4,dpp_diverse,0,0
job_224_Mn_fe_-1.419_n4_generated_crystals_cif__gen_0,9,-2.1,-2.009678840637207,-2.018557071685791,0.090321159362793,gated_ta_dpp,0.2986552868373252,0.0278818881907809,LiMn2O4,dpp_diverse,0,0
job_212_Cr_fe_-1.473_n4_generated_crystals_cif__gen_3,9,-2.1,-2.223104953765869,-2.209064722061157,-0.123104953765869,gated_ta_dpp,0.2969295144941533,0.01943062560222,LiCr2O4,dpp_diverse,0,0
job_057_Mn_fe_-0.971_n4_generated_crystals_cif__gen_0,9,-2.1,-1.9720017910003664,-1.996131181716919,0.1279982089996336,gated_ta_dpp,0.2869268593203215,0.0206279117853841,LiMn2O4,dpp_diverse,0,0
job_087_Cr_fe_-1.452_n4_generated_crystals_cif__gen_0,9,-2.1,-2.20245361328125,-2.190068006515503,-0.1024536132812499,gated_ta_dpp,0.2772468947373616,0.0309524730350086,LiCr2O4,dpp_diverse,0,0
job_074_Mn_fe_-0.891_n4_generated_crystals_cif__gen_1,9,-2.1,-1.9925627708435056,-2.007370948791504,0.1074372291564944,gated_ta_dpp,0.2809976438652946,0.0289837499230394,LiMn2O4,dpp_diverse,0,0
job_147_Mn_fe_-0.827_n4_generated_crystals_cif__gen_1,9,-2.1,-2.023855209350586,-2.0137922763824463,0.0761447906494141,gated_ta_dpp,0.269859136898592,0.0364389359178021,LiMn2O4,dpp_diverse,0,0
job_068_Cr_fe_-1.051_n4_generated_crystals_cif__gen_1,9,-2.1,-2.232299327850342,-2.1796183586120605,-0.1322993278503417,gated_ta_dpp,0.2622728628443319,0.0280953928090365,LiCr2O4,dpp_diverse,1,1
job_232_Mn_fe_-1.004_n4_generated_crystals_cif__gen_3,9,-2.1,-1.9836084842681885,-1.9042694568634035,0.1163915157318116,gated_ta_dpp,0.2606778149559804,0.0329346911052997,LiMn2O4,dpp_diverse,0,0
job_224_Mn_fe_-1.419_n4_generated_crystals_cif__gen_3,10,-2.1,-2.013752222061157,-2.015972852706909,0.0862477779388433,gated_ta_dpp,0.4090810734534793,0.0092878831636692,LiMn2O4,dpp_diverse,0,0
job_120_Cr_fe_-1.424_n4_generated_crystals_cif__gen_3,10,-2.1,-2.1707019805908203,-2.163705587387085,-0.0707019805908202,gated_ta_dpp,0.3776163369220599,0.0177872919124028,LiCr2O4,dpp_diverse,1,1
job_044_Mn_fe_-0.936_n4_generated_crystals_cif__gen_2,10,-2.1,-1.9957528114318848,-2.001737117767334,0.1042471885681153,gated_ta_dpp,0.3714671650471745,0.0061913707853897,LiMn2O4,dpp_diverse,0,0
job_042_Cr_fe_-0.962_n4_generated_crystals_cif__gen_3,10,-2.1,-2.218738317489624,-2.182271242141724,-0.1187383174896239,gated_ta_dpp,0.3217917994313637,0.0130431867763177,LiCr2O4,dpp_diverse,0,0
job_195_Mn_fe_-1.284_n4_generated_crystals_cif__gen_1,10,-2.1,-1.993871808052063,-2.023439645767212,0.1061281919479371,gated_ta_dpp,0.3513637721386126,0.0120327470011213,LiMn2O4,dpp_diverse,1,1
job_065_Mn_fe_-1.024_n4_generated_crystals_cif__gen_2,10,-2.1,-1.9906481504440308,-2.008341789245605,0.1093518495559693,gated_ta_dpp,0.3311846741082495,0.0160297120524845,LiMn2O4,dpp_diverse,0,0
job_044_Mn_fe_-0.936_n4_generated_crystals_cif__gen_3,10,-2.1,-1.9848787784576416,-2.002866506576538,0.1151212215423584,gated_ta_dpp,0.3220618911188946,0.0157434246424883,LiMn2O4,dpp_diverse,0,0
job_120_Cr_fe_-1.424_n4_generated_crystals_cif__gen_2,10,-2.1,-2.211120843887329,-2.225569486618042,-0.111120843887329,gated_ta_dpp,0.2866363239041393,0.0273274250799844,LiCr2O4,dpp_diverse,0,0
job_234_Cr_fe_-1.123_n4_generated_crystals_cif__gen_0,10,-2.1,-2.239119529724121,-2.1932477951049805,-0.139119529724121,gated_ta_dpp,0.2734868522554546,0.0201245251703482,LiCr2O4,dpp_diverse,0,0
job_073_Cr_fe_-1.375_n4_generated_crystals_cif__gen_1,10,-2.1,-2.214165687561035,-2.199387788772583,-0.114165687561035,gated_ta_dpp,0.2691225469535042,0.0315991430958563,LiCr2O4,dpp_diverse,0,0
job_232_Mn_fe_-1.004_n4_generated_crystals_cif__gen_1,10,-2.1,-1.981862545013428,-2.0107791423797607,0.1181374549865721,gated_ta_dpp,0.2703050576953489,0.0303014524976492,LiMn2O4,dpp_diverse,0,0
job_208_Cr_fe_-1.031_n4_generated_crystals_cif__gen_1,10,-2.1,-2.2564356327056885,-2.1959590911865234,-0.1564356327056884,gated_ta_dpp,0.2448822221341242,0.0240427514783821,LiCr2O4,dpp_diverse,0,0
job_167_Mn_fe_-0.885_n4_generated_crystals_cif__gen_2,10,-2.1,-1.9416676759719849,-1.995753526687622,0.1583323240280152,gated_ta_dpp,0.2435344973269354,0.0166385518108622,LiMn2O4,dpp_diverse,0,0
job_094_Cr_fe_-0.989_n4_generated_crystals_cif__gen_2,10,-2.1,-2.201106309890747,-2.166190385818481,-0.1011063098907469,gated_ta_dpp,0.2348733382606126,0.0445497195488544,LiCr2O4,dpp_diverse,1,1
job_105_Mn_fe_-0.898_n4_generated_crystals_cif__gen_3,10,-2.1,-1.9416477680206297,-1.9902012348175049,0.1583522319793704,gated_ta_dpp,0.2395756240523026,0.0138325680037938,LiMn2O4,dpp_diverse,0,0
job_058_Cr_fe_-1.423_n4_generated_crystals_cif__gen_0,10,-2.1,-2.056166648864746,-2.036665916442871,0.0438333511352539,gated_ta_dpp,0.2221200667610764,0.0534713632561499,LiCr2O4,dpp_diverse,1,1
job_127_Mn_fe_-1.465_n4_generated_crystals_cif__gen_2,11,-2.1,-2.03724217414856,-2.0267858505249023,0.06275782585144,gated_ta_dpp,0.5035952596577957,0.0181674597301115,LiMn2O4,dpp_diverse,1,1
job_112_Cr_fe_-1.215_n4_generated_crystals_cif__gen_1,11,-2.1,-2.222416877746582,-2.181520700454712,-0.1224168777465819,gated_ta_dpp,0.2819870299018553,0.0408498820759978,LiCr2O4,dpp_diverse,0,0
job_006_Mn_fe_-1.347_n4_generated_crystals_cif__gen_1,11,-2.1,-2.0127487182617188,-2.0493369102478027,0.0872512817382813,gated_ta_dpp,0.3761879543149022,0.0286640304018691,LiMn2O4,dpp_diverse,1,1
job_118_Mn_fe_-1.458_n4_generated_crystals_cif__gen_0,11,-2.1,-1.9913767576217647,-2.009093761444092,0.1086232423782354,gated_ta_dpp,0.349449158800145,0.0245902428704216,LiMn2O4,dpp_diverse,0,0
job_149_Mn_fe_-1.083_n4_generated_crystals_cif__gen_2,11,-2.1,-1.997017502784729,-1.9118714332580569,0.102982497215271,gated_ta_dpp,0.3350825202547565,0.0321966804025366,LiMn2O4,dpp_diverse,0,0
job_134_Mn_fe_-0.810_n4_generated_crystals_cif__gen_0,11,-2.1,-1.999875545501709,-2.003242492675781,0.1001244544982911,gated_ta_dpp,0.332898239989393,0.0337704070987262,LiMn2O4,dpp_diverse,0,0
job_020_Mn_fe_-0.989_n4_generated_crystals_cif__gen_0,11,-2.1,-2.0212831497192383,-2.0219147205352783,0.0787168502807618,gated_ta_dpp,0.3260953315730246,0.0402496849948467,LiMn2O4,dpp_diverse,1,1
job_044_Mn_fe_-0.936_n4_generated_crystals_cif__gen_0,11,-2.1,-2.0037996768951416,-2.011162757873535,0.0962003231048584,gated_ta_dpp,0.3252528798813503,0.0367541984732834,LiMn2O4,dpp_diverse,0,0
job_142_Mn_fe_-1.095_n4_generated_crystals_cif__gen_1,11,-2.1,-2.001887321472168,-1.993648648262024,0.0981126785278321,gated_ta_dpp,0.3113486200847811,0.0396196664993492,LiMn2O4,dpp_diverse,0,0
job_113_Mn_fe_-1.432_n4_generated_crystals_cif__gen_2,11,-2.1,-2.00447940826416,-1.9988868236541748,0.0955205917358399,gated_ta_dpp,0.3033666673712191,0.0422095535387813,LiMn2O4,dpp_diverse,0,0
job_126_Cr_fe_-0.901_n4_generated_crystals_cif__gen_2,11,-2.1,-2.246787548065185,-2.234515428543091,-0.146787548065185,gated_ta_dpp,0.2100149589024719,0.0646594717794454,LiCr2O4,dpp_diverse,0,0
job_086_Mn_fe_-0.988_n4_generated_crystals_cif__gen_2,11,-2.1,-1.9922659397125244,-2.0216588973999023,0.1077340602874756,gated_ta_dpp,0.2776794364675831,0.0465901416694979,LiMn2O4,dpp_diverse,1,1
job_134_Mn_fe_-0.810_n4_generated_crystals_cif__gen_1,11,-2.1,-2.003566265106201,-2.0261118412017822,0.0964337348937989,gated_ta_dpp,0.2738764946084664,0.0499927340646049,LiMn2O4,dpp_diverse,1,1
job_129_Mn_fe_-0.852_n4_generated_crystals_cif__gen_1,11,-2.1,-1.963742017745972,-1.996446132659912,0.1362579822540282,gated_ta_dpp,0.2728937263236714,0.0377546088387202,LiMn2O4,dpp_diverse,0,0
job_013_Cr_fe_-1.388_n4_generated_crystals_cif__gen_2,11,-2.1,-2.211077690124512,-2.179424524307251,-0.111077690124512,gated_ta_dpp,0.1971307099166683,0.0777006149582546,LiCr2O4,dpp_diverse,1,1
job_069_Mn_fe_-1.295_n4_generated_crystals_cif__gen_3,11,-2.1,-1.9754246473312376,-2.0107548236846924,0.1245753526687625,gated_ta_dpp,0.271068586156743,0.0440472752173468,LiMn2O4,dpp_diverse,0,0
job_043_Mn_fe_-1.340_n4_generated_crystals_cif__gen_1,12,-2.1,-2.011967658996582,-2.03938102722168,0.088032341003418,gated_ta_dpp,0.3958758104145995,0.0063385410700429,LiMn2O4,dpp_diverse,1,1
job_073_Cr_fe_-1.375_n4_generated_crystals_cif__gen_2,12,-2.1,-2.2277936935424805,-2.2411439418792725,-0.1277936935424803,gated_ta_dpp,0.2925669411363288,0.0136215562992311,LiCr2O4,dpp_diverse,0,0
job_148_Mn_fe_-0.904_n4_generated_crystals_cif__gen_1,12,-2.1,-2.002849102020264,-2.0427322387695312,0.0971508979797359,gated_ta_dpp,0.3746149168589352,0.0065672195210175,LiMn2O4,dpp_diverse,1,1
job_065_Mn_fe_-1.024_n4_generated_crystals_cif__gen_1,12,-2.1,-2.0113513469696045,-1.9718655347824097,0.0886486530303956,gated_ta_dpp,0.323916734255932,0.0176451106818559,LiMn2O4,dpp_diverse,0,0
job_105_Mn_fe_-0.898_n4_generated_crystals_cif__gen_1,12,-2.1,-1.9690123796463013,-1.9795161485672,0.1309876203536988,gated_ta_dpp,0.2961325093453958,0.0070995386184839,LiMn2O4,dpp_diverse,0,0
job_029_Cr_fe_-1.337_n4_generated_crystals_cif__gen_2,12,-2.1,-2.18397855758667,-2.115389823913574,-0.0839785575866698,gated_ta_dpp,0.2418997120182687,0.03596296039659,LiCr2O4,dpp_diverse,1,1
job_224_Mn_fe_-1.419_n4_generated_crystals_cif__gen_2,12,-2.1,-1.968749046325684,-1.9380772113800049,0.131250953674316,gated_ta_dpp,0.2954140588753197,0.0065927963504419,LiMn2O4,dpp_diverse,0,0
job_190_Mn_fe_-0.838_n4_generated_crystals_cif__gen_1,12,-2.1,-2.010066509246826,-2.0107338428497314,0.0899334907531739,gated_ta_dpp,0.2689820015381506,0.0284972529112898,LiMn2O4,dpp_diverse,0,0
job_029_Cr_fe_-1.337_n4_generated_crystals_cif__gen_1,12,-2.1,-2.229027032852173,-2.171660184860229,-0.1290270328521727,gated_ta_dpp,0.2258759885433853,0.0352678516967221,LiCr2O4,dpp_diverse,1,1
job_094_Cr_fe_-0.989_n4_generated_crystals_cif__gen_1,12,-2.1,-2.243860483169556,-2.1884896755218506,-0.143860483169556,gated_ta_dpp,0.2238420095738097,0.0331097517963687,LiCr2O4,dpp_diverse,0,0
job_106_Mn_fe_-1.140_n4_generated_crystals_cif__gen_2,12,-2.1,-1.9651308059692385,-1.980934858322144,0.1348691940307615,gated_ta_dpp,0.2213714001531233,0.0358902474763344,LiMn2O4,dpp_diverse,0,0
job_058_Cr_fe_-1.423_n4_generated_crystals_cif__gen_2,12,-2.1,-2.240875482559204,-2.193563222885132,-0.140875482559204,gated_ta_dpp,0.1916799754791485,0.0474181508512428,LiCr2O4,dpp_diverse,0,0
job_083_Cr_fe_-0.935_n4_generated_crystals_cif__gen_1,12,-2.1,-2.28391170501709,-2.173450231552124,-0.1839117050170897,gated_ta_dpp,0.1893295960122801,0.0396788334258682,LiCr2O4,dpp_diverse,1,1
job_066_Mn_fe_-1.023_n4_generated_crystals_cif__gen_1,12,-2.1,-1.9304084777832031,-1.9014478921890257,0.1695915222167969,gated_ta_dpp,0.2055009478405374,0.0346883985194097,LiMn2O4,dpp_diverse,0,0
job_061_Mn_fe_-1.231_n4_generated_crystals_cif__gen_3,12,-2.1,-1.9355024099349976,-1.899943828582764,0.1644975900650025,gated_ta_dpp,0.2044860318331589,0.0367089667546297,LiMn2O4,dpp_diverse,0,0
job_240_Cr_fe_-1.413_n4_generated_crystals_cif__gen_1,12,-2.1,-2.1792337894439697,-2.153986930847168,-0.0792337894439696,gated_ta_dpp,0.1850442803426441,0.0563036959864514,LiCr2O4,dpp_diverse,1,1
job_154_Mn_fe_-1.207_n4_generated_crystals_cif__gen_2,13,-2.1,-2.022135734558105,-2.0031816959381104,0.077864265441895,gated_ta_dpp,0.392169644335388,0.0041476272642904,LiMn2O4,dpp_diverse,0,0
job_087_Cr_fe_-1.452_n4_generated_crystals_cif__gen_3,13,-2.1,-2.213566303253174,-2.1994001865386963,-0.1135663032531737,gated_ta_dpp,0.3357701666009743,0.0018601082520625,LiCr2O4,dpp_diverse,0,0
job_065_Mn_fe_-1.024_n4_generated_crystals_cif__gen_0,13,-2.1,-2.0645852088928223,-2.004470109939575,0.0354147911071778,gated_ta_dpp,0.3631648348936834,0.0121092942507261,LiMn2O4,dpp_diverse,0,0
job_234_Cr_fe_-1.123_n4_generated_crystals_cif__gen_3,13,-2.1,-2.1383464336395264,-2.139469623565674,-0.0383464336395262,gated_ta_dpp,0.2473725166784096,0.0317915299948357,LiCr2O4,dpp_diverse,1,1
job_195_Mn_fe_-1.284_n4_generated_crystals_cif__gen_3,13,-2.1,-2.020966053009033,-2.015247106552124,0.0790339469909668,gated_ta_dpp,0.2537463512023261,0.0277784374623618,LiMn2O4,dpp_diverse,0,0
job_127_Mn_fe_-1.465_n4_generated_crystals_cif__gen_3,13,-2.1,-1.962084412574768,-1.995632886886597,0.137915587425232,gated_ta_dpp,0.2411914108595964,0.0225176777002683,LiMn2O4,dpp_diverse,0,0
job_073_Cr_fe_-1.375_n4_generated_crystals_cif__gen_0,13,-2.1,-2.2534854412078857,-2.122122287750244,-0.1534854412078856,gated_ta_dpp,0.2048382545537984,0.0335780624607102,LiCr2O4,dpp_diverse,1,1
job_127_Mn_fe_-1.465_n4_generated_crystals_cif__gen_0,13,-2.1,-1.9683756828308103,-1.9902619123458865,0.1316243171691897,gated_ta_dpp,0.2372710242877175,0.0253143027790913,LiMn2O4,dpp_diverse,0,0
job_176_Mn_fe_-0.980_n4_generated_crystals_cif__gen_2,13,-2.1,-1.9834904670715328,-2.003683567047119,0.1165095329284673,gated_ta_dpp,0.2355433189878985,0.0285036722046454,LiMn2O4,dpp_diverse,0,0
job_149_Mn_fe_-1.083_n4_generated_crystals_cif__gen_3,13,-2.1,-2.0062475204467773,-1.986094355583191,0.0937524795532227,gated_ta_dpp,0.2354927729396795,0.0313090098502917,LiMn2O4,dpp_diverse,0,0
job_212_Cr_fe_-1.473_n4_generated_crystals_cif__gen_0,13,-2.1,-2.2127671241760254,-2.222521543502808,-0.1127671241760253,gated_ta_dpp,0.192203343468518,0.0448621958629935,LiCr2O4,dpp_diverse,0,0
job_106_Mn_fe_-1.140_n4_generated_crystals_cif__gen_1,13,-2.1,-1.934598684310913,-1.9467482566833496,0.165401315689087,gated_ta_dpp,0.2327294965284045,0.0138439428806547,LiMn2O4,dpp_diverse,0,0
job_017_Mn_fe_-1.234_n4_generated_crystals_cif__gen_2,13,-2.1,-1.93367338180542,-2.008680820465088,0.1663266181945801,gated_ta_dpp,0.2327201522453823,0.0118688838417038,LiMn2O4,dpp_diverse,0,0
job_176_Mn_fe_-0.980_n4_generated_crystals_cif__gen_3,13,-2.1,-1.937769651412964,-1.9345104694366453,0.162230348587036,gated_ta_dpp,0.230014760331076,0.0186073962996236,LiMn2O4,dpp_diverse,0,0
job_148_Mn_fe_-0.904_n4_generated_crystals_cif__gen_0,13,-2.1,-1.936734676361084,-1.8770301342010496,0.1632653236389161,gated_ta_dpp,0.226044127672343,0.0024956651633926,LiMn2O4,dpp_diverse,0,0
job_180_Ti_fe_-0.903_n4_generated_crystals_cif__gen_3,13,-2.1,-6.946444511413574,-3.2196578979492188,-4.846444511413575,gated_ta_dpp,0.0079253529729519,1.0,LiTi2O4,dpp_diverse,0,0
job_197_Mn_fe_-0.871_n4_generated_crystals_cif__gen_2,14,-2.1,-2.0625698566436768,-2.0271286964416504,0.0374301433563233,gated_ta_dpp,0.5125570936437308,0.0033104210444193,LiMn2O4,dpp_diverse,1,1
job_006_Mn_fe_-1.347_n4_generated_crystals_cif__gen_2,14,-2.1,-2.075346708297729,-2.009329319000244,0.024653291702271,gated_ta_dpp,0.472230017614877,0.0087762317062098,LiMn2O4,dpp_diverse,0,0
job_171_Cr_fe_-1.042_n4_generated_crystals_cif__gen_0,14,-2.1,-2.282791376113892,-2.1936843395233154,-0.1827913761138919,gated_ta_dpp,0.2066386697817578,0.0391117248268192,LiCr2O4,dpp_diverse,0,0
job_080_Mn_fe_-1.081_n4_generated_crystals_cif__gen_1,14,-2.1,-2.035839319229126,-1.927605509757996,0.0641606807708741,gated_ta_dpp,0.2959737544392417,0.0353425445166642,LiMn2O4,dpp_diverse,0,0
job_190_Mn_fe_-0.838_n4_generated_crystals_cif__gen_2,14,-2.1,-1.9607524871826167,-1.9161067008972168,0.1392475128173833,gated_ta_dpp,0.2770718141943317,0.0074891593980807,LiMn2O4,dpp_diverse,0,0
job_017_Mn_fe_-1.234_n4_generated_crystals_cif__gen_3,14,-2.1,-2.034818410873413,-1.9223705530166624,0.065181589126587,gated_ta_dpp,0.2685816911301559,0.0435126854918553,LiMn2O4,dpp_diverse,0,0
job_240_Cr_fe_-1.413_n4_generated_crystals_cif__gen_0,14,-2.1,-2.2906153202056885,-2.1912271976470947,-0.1906153202056884,gated_ta_dpp,0.2015542247932371,0.0241639844341464,LiCr2O4,dpp_diverse,0,0
job_003_Mn_fe_-1.026_n4_generated_crystals_cif__gen_0,14,-2.1,-1.9626588821411133,-1.919202446937561,0.1373411178588868,gated_ta_dpp,0.2616597423435143,0.0281678562135373,LiMn2O4,dpp_diverse,0,0
job_006_Mn_fe_-1.347_n4_generated_crystals_cif__gen_0,14,-2.1,-1.967258334159851,-1.9178762435913088,0.132741665840149,gated_ta_dpp,0.2601663249394766,0.0313524571449905,LiMn2O4,dpp_diverse,0,0
job_042_Cr_fe_-0.962_n4_generated_crystals_cif__gen_1,14,-2.1,-2.266879081726074,-2.156160831451416,-0.1668790817260741,gated_ta_dpp,0.2022757426354311,0.0037544512615324,LiCr2O4,dpp_diverse,1,1
job_019_Mg_fe_-1.315_n4_generated_crystals_cif__gen_0,14,-2.1,-1.937751054763794,-1.7464520931243896,0.1622489452362061,gated_ta_dpp,0.1379250469500444,0.1154438268125304,LiMg2O4,dpp_diverse,0,0
job_125_Mn_fe_-1.190_n4_generated_crystals_cif__gen_3,14,-2.1,-2.06905460357666,-2.035506010055542,0.0309453964233399,gated_ta_dpp,0.2276731170984269,0.0615134524720928,LiMn2O4,dpp_diverse,1,1
job_024_Mg_fe_-0.880_n4_generated_crystals_cif__gen_3,14,-2.1,-2.269040107727051,-2.004354953765869,-0.1690401077270507,gated_ta_dpp,0.1432577702733678,0.1076706567545605,LiMg2O4,dpp_diverse,0,0
job_154_Mn_fe_-1.207_n4_generated_crystals_cif__gen_3,14,-2.1,-2.054309368133545,-2.0229361057281494,0.0456906318664551,gated_ta_dpp,0.2076642778750557,0.0704886353873135,LiMn2O4,dpp_diverse,1,1
job_069_Mn_fe_-1.295_n4_generated_crystals_cif__gen_1,14,-2.1,-2.019122838973999,-1.9281095266342163,0.080877161026001,gated_ta_dpp,0.2067085618791818,0.0682475814279472,LiMn2O4,dpp_diverse,0,0
job_133_Mn_fe_-1.385_n4_generated_crystals_cif__gen_0,14,-2.1,-2.0270779132843018,-1.996690034866333,0.0729220867156983,gated_ta_dpp,0.2017543293601511,0.0717978357077606,LiMn2O4,dpp_diverse,0,0
job_030_Mn_fe_-1.234_n4_generated_crystals_cif__gen_1,15,-2.1,-2.0040671825408936,-1.9320378303527832,0.0959328174591065,gated_ta_dpp,0.2432924960638782,0.0915024481786592,LiMn2O4,dpp_diverse,0,0
job_181_Mg_fe_-1.158_n4_generated_crystals_cif__gen_3,15,-2.1,-1.9102303981781008,-1.8703339099884035,0.1897696018218992,gated_ta_dpp,0.1498037788994013,0.1522702183476664,LiMg2O4,dpp_diverse,0,0
job_162_Mn_fe_-1.493_n4_generated_crystals_cif__gen_3,15,-2.1,-1.965185642242432,-1.8956153392791748,0.134814357757568,gated_ta_dpp,0.2384393752091805,0.0824031039705292,LiMn2O4,dpp_diverse,0,0
job_162_Mn_fe_-1.493_n4_generated_crystals_cif__gen_1,15,-2.1,-1.94612729549408,-1.9411338567733765,0.15387270450592,gated_ta_dpp,0.2189861617364734,0.0881742283312402,LiMn2O4,dpp_diverse,0,0
job_060_Ti_fe_-1.204_n4_generated_crystals_cif__gen_0,15,-2.1,-3.2979989051818848,-3.213284730911255,-1.197998905181885,gated_ta_dpp,0.0247039412703048,1.0,LiTi2O4,dpp_diverse,0,0
job_127_Mn_fe_-1.465_n4_generated_crystals_cif__gen_1,15,-2.1,-1.911976337432861,-1.92506754398346,0.1880236625671389,gated_ta_dpp,0.1818126770697549,0.1089345286853186,LiMn2O4,dpp_diverse,0,0
job_233_Mn_fe_-1.136_n4_generated_crystals_cif__gen_1,15,-2.1,-1.948429107666016,-1.907696962356568,0.151570892333984,gated_ta_dpp,0.1741649387307509,0.1316132064144304,LiMn2O4,dpp_diverse,0,0
job_004_Mg_fe_-1.439_n4_generated_crystals_cif__gen_1,15,-2.1,-2.4065988063812256,-2.100620985031128,-0.3065988063812255,gated_ta_dpp,0.0913341754987028,0.2631682146435417,LiMg2O4,dpp_diverse,1,1
job_113_Mn_fe_-1.432_n4_generated_crystals_cif__gen_0,15,-2.1,-1.9024032354354856,-1.925455570220948,0.1975967645645144,gated_ta_dpp,0.1679972781965727,0.1226278057487941,LiMn2O4,dpp_diverse,0,0
job_174_Ti_fe_-1.427_n4_generated_crystals_cif__gen_2,15,-2.1,-3.703993320465088,-3.1716983318328857,-1.6039933204650878,gated_ta_dpp,0.0227012224258205,0.9371357368016702,LiTi2O4,dpp_diverse,0,0
job_245_Al_fe_-1.035_n4_generated_crystals_cif__gen_3,15,-2.1,-2.62067985534668,-2.941917896270752,-0.52067985534668,gated_ta_dpp,0.0664433894204995,0.3275938956012508,LiAl2O4,dpp_diverse,0,0
job_133_Mn_fe_-1.385_n4_generated_crystals_cif__gen_3,15,-2.1,-1.9729050397872925,-1.9298725128173828,0.1270949602127076,gated_ta_dpp,0.1491659494065463,0.16725512084356,LiMn2O4,dpp_diverse,0,0
job_187_Ni_fe_-0.981_n4_generated_crystals_cif__gen_3,15,-2.1,-0.4693877696990967,-0.8788166642189026,1.6306122303009034,gated_ta_dpp,0.0235739039196559,0.6650687957541345,Li(NiO2)2,dpp_diverse,0,0
job_113_Mn_fe_-1.432_n4_generated_crystals_cif__gen_1,15,-2.1,-1.940973162651062,-1.9251861572265625,0.159026837348938,gated_ta_dpp,0.142429626850788,0.171397385451367,LiMn2O4,dpp_diverse,0,0
job_101_Mg_fe_-1.339_n4_generated_crystals_cif__gen_2,15,-2.1,-2.0001325607299805,-1.986666798591613,0.0998674392700196,gated_ta_dpp,0.0847126743922623,0.3218196502927366,LiMg2O4,dpp_diverse,0,0
job_086_Mn_fe_-0.988_n4_generated_crystals_cif__gen_3,15,-2.1,-1.8974175453186035,-1.9542670249938965,0.2025824546813965,gated_ta_dpp,0.1407532116045419,0.1631042375520067,LiMn2O4,dpp_diverse,0,0
job_106_Mn_fe_-1.140_n4_generated_crystals_cif__gen_3,16,-2.1,-1.9827334880828853,-1.951714038848877,0.1172665119171145,gated_ta_dpp,0.3311189828334815,0.0548043152110362,LiMn2O4,threshold_greedy,0,0
job_118_Mn_fe_-1.458_n4_generated_crystals_cif__gen_3,16,-2.1,-1.949350357055664,-1.945816159248352,0.150649642944336,gated_ta_dpp,0.254861955243071,0.0845295133816915,LiMn2O4,threshold_greedy,0,0
job_195_Mn_fe_-1.284_n4_generated_crystals_cif__gen_0,16,-2.1,-1.967612624168396,-1.953479528427124,0.1323873758316041,gated_ta_dpp,0.2532920345941155,0.107560898545316,LiMn2O4,threshold_greedy,0,0
job_085_Mg_fe_-0.837_n4_generated_crystals_cif__gen_2,16,-2.1,-2.1488614082336426,-1.991632938385009,-0.0488614082336424,gated_ta_dpp,0.237305783251509,0.1432760107585874,LiMg2O4,threshold_greedy,0,0
job_227_Mg_fe_-1.196_n4_generated_crystals_cif__gen_3,16,-2.1,-2.240915536880493,-2.193936347961426,-0.140915536880493,gated_ta_dpp,0.2316784866088308,0.1213279682217823,LiMg2O4,threshold_greedy,0,0
job_164_Mn_fe_-1.449_n4_generated_crystals_cif__gen_2,16,-2.1,-1.9639731645584104,-1.9216485023498533,0.1360268354415896,gated_ta_dpp,0.2087570978608555,0.1460385173153136,LiMn2O4,threshold_greedy,0,0
job_155_Mg_fe_-1.104_n4_generated_crystals_cif__gen_3,16,-2.1,-2.282055139541626,-2.2088632583618164,-0.1820551395416259,gated_ta_dpp,0.2082900845123658,0.1121250763402112,LiMg2O4,threshold_greedy,0,0
job_024_Mg_fe_-0.880_n4_generated_crystals_cif__gen_0,16,-2.1,-2.270436763763428,-2.180685520172119,-0.1704367637634281,gated_ta_dpp,0.18512214669266,0.1584816260240364,LiMg2O4,threshold_greedy,0,0
job_080_Mn_fe_-1.081_n4_generated_crystals_cif__gen_3,16,-2.1,-1.9374911785125728,-1.919992208480835,0.1625088214874273,gated_ta_dpp,0.1781804695915481,0.1719749551892692,LiMn2O4,threshold_greedy,0,0
job_125_Mn_fe_-1.190_n4_generated_crystals_cif__gen_2,16,-2.1,-1.897244930267334,-1.8433979749679563,0.2027550697326661,gated_ta_dpp,0.1660555363425545,0.1705458389740748,LiMn2O4,threshold_greedy,0,0
job_181_Mg_fe_-1.158_n4_generated_crystals_cif__gen_0,16,-2.1,-2.2933690547943115,-2.1844799518585205,-0.1933690547943114,gated_ta_dpp,0.1446361632332902,0.2173405201397284,LiMg2O4,threshold_greedy,0,0
job_086_Mn_fe_-0.988_n4_generated_crystals_cif__gen_0,16,-2.1,-1.942717432975769,-1.930472493171692,0.157282567024231,gated_ta_dpp,0.1414851172695037,0.2351049385591185,LiMn2O4,threshold_greedy,0,0
job_011_Mg_fe_-1.305_n4_generated_crystals_cif__gen_0,16,-2.1,-2.274698734283448,-2.179306745529175,-0.1746987342834476,gated_ta_dpp,0.1413759957352049,0.2304981450257355,LiMg2O4,threshold_greedy,1,1
job_172_Mn_fe_-1.032_n4_generated_crystals_cif__gen_1,16,-2.1,-2.0717389583587646,-2.029231548309326,0.0282610416412354,gated_ta_dpp,0.1391250833639972,0.2568907652031168,LiMn2O4,threshold_greedy,1,1
job_098_Mg_fe_-1.184_n4_generated_crystals_cif__gen_1,16,-2.1,-2.265763521194458,-2.2197582721710205,-0.1657635211944579,gated_ta_dpp,0.1385517308042106,0.2389754955621857,LiMg2O4,threshold_greedy,0,0
job_223_Mg_fe_-1.268_n4_generated_crystals_cif__gen_1,16,-2.1,-2.3296706676483154,-2.228058099746704,-0.2296706676483153,gated_ta_dpp,0.1367623905738317,0.2192958507877997,LiMg2O4,threshold_greedy,0,0
job_036_Mg_fe_-1.056_n4_generated_crystals_cif__gen_1,17,-2.1,-2.130835056304932,-2.262425184249878,-0.0308350563049319,gated_ta_dpp,0.3802060237402561,0.0835790452909501,LiMg2O4,dpp_diverse,0,0
job_172_Mn_fe_-1.032_n4_generated_crystals_cif__gen_3,17,-2.1,-1.9822087287902832,-1.903335690498352,0.1177912712097168,gated_ta_dpp,0.2725875826742445,0.1050938445887435,LiMn2O4,dpp_diverse,0,0
job_047_Mg_fe_-0.887_n4_generated_crystals_cif__gen_3,17,-2.1,-2.013494968414306,-2.191573143005371,0.0865050315856938,gated_ta_dpp,0.25905068270811,0.1292126882942615,LiMg2O4,dpp_diverse,0,0
job_101_Mg_fe_-1.339_n4_generated_crystals_cif__gen_1,17,-2.1,-2.2326977252960205,-2.1796176433563232,-0.1326977252960204,gated_ta_dpp,0.2603723640027291,0.1042991939293596,LiMg2O4,dpp_diverse,1,1
job_011_Mg_fe_-1.305_n4_generated_crystals_cif__gen_2,17,-2.1,-2.0105948448181152,-2.2273149490356445,0.0894051551818848,gated_ta_dpp,0.2282661722618075,0.1533436574096597,LiMg2O4,dpp_diverse,0,0
job_163_Mg_fe_-0.801_n4_generated_crystals_cif__gen_3,17,-2.1,-2.0344767570495605,-2.216045379638672,0.0655232429504395,gated_ta_dpp,0.2259295958575779,0.1606812046453259,LiMg2O4,dpp_diverse,0,0
job_183_Ti_fe_-1.203_n4_generated_crystals_cif__gen_0,17,-2.1,-3.163961887359619,-3.196150064468384,-1.063961887359619,gated_ta_dpp,0.033738011158626,0.9620703817334828,LiTi2O4,dpp_diverse,0,0
job_164_Mn_fe_-1.449_n4_generated_crystals_cif__gen_1,17,-2.1,-1.9552903175354004,-1.9572625160217283,0.1447096824645997,gated_ta_dpp,0.1244884729154255,0.3102525321110239,LiMn2O4,dpp_diverse,0,0
job_010_Al_fe_-1.346_n4_generated_crystals_cif__gen_3,17,-2.1,-3.086552381515503,-3.1556925773620605,-0.9865523815155028,gated_ta_dpp,0.0372107629447523,0.842985696247174,LiAl2O4,dpp_diverse,0,0
job_189_Mg_fe_-1.493_n4_generated_crystals_cif__gen_1,17,-2.1,-2.218979835510254,-2.177410125732422,-0.1189798355102538,gated_ta_dpp,0.1724973058909997,0.2124103837410922,LiMg2O4,dpp_diverse,1,1
job_218_Ni_fe_-1.221_n4_generated_crystals_cif__gen_2,17,-2.1,-1.1888842582702637,-0.9798018932342528,0.9111157417297364,gated_ta_dpp,0.0410880487985818,0.7339201199356772,Li(NiO2)2,dpp_diverse,0,0
job_119_Ti_fe_-1.262_n4_generated_crystals_cif__gen_1,17,-2.1,-3.1813459396362305,-3.220386028289795,-1.0813459396362304,gated_ta_dpp,0.0328654764691666,1.0,LiTi2O4,dpp_diverse,0,0
job_197_Mn_fe_-0.871_n4_generated_crystals_cif__gen_1,17,-2.1,-1.8619039058685305,-1.8706523180007928,0.2380960941314696,gated_ta_dpp,0.0990767045417522,0.3816121522313737,LiMn2O4,dpp_diverse,0,0
job_062_Mg_fe_-0.803_n4_generated_crystals_cif__gen_0,17,-2.1,-2.155000925064087,-2.1998074054718018,-0.0550009250640868,gated_ta_dpp,0.1356890645027044,0.2938702416328355,LiMg2O4,dpp_diverse,0,0
job_117_Ti_fe_-0.811_n4_generated_crystals_cif__gen_0,17,-2.1,-2.7465858459472656,-3.131124258041382,-0.6465858459472655,gated_ta_dpp,0.0429205505064393,0.8788612494683513,LiTi2O4,dpp_diverse,0,0
job_062_Mg_fe_-0.803_n4_generated_crystals_cif__gen_1,17,-2.1,-2.064958095550537,-2.113800525665283,0.0350419044494629,gated_ta_dpp,0.1310773692724267,0.3066405275385688,LiMg2O4,dpp_diverse,1,1
job_143_Mg_fe_-1.457_n4_generated_crystals_cif__gen_1,18,-2.1,-2.1022162437438965,-2.2118492126464844,-0.0022162437438963,gated_ta_dpp,0.3920049771680157,0.1022315727333654,LiMg2O4,dpp_diverse,0,0
job_230_Mg_fe_-1.419_n4_generated_crystals_cif__gen_3,18,-2.1,-2.0399415493011475,-2.2055721282958984,0.0600584506988526,gated_ta_dpp,0.3922893488046801,0.093032439806963,LiMg2O4,dpp_diverse,0,0
job_233_Mn_fe_-1.136_n4_generated_crystals_cif__gen_0,18,-2.1,-2.0221221446990967,-1.902867078781128,0.0778778553009034,gated_ta_dpp,0.2201882346424245,0.1851490948571031,LiMn2O4,dpp_diverse,0,0
job_076_Mg_fe_-1.074_n4_generated_crystals_cif__gen_0,18,-2.1,-2.0351457595825195,-2.200692653656006,0.0648542404174805,gated_ta_dpp,0.3085245156855118,0.1261330525586286,LiMg2O4,dpp_diverse,0,0
job_173_Mg_fe_-1.290_n4_generated_crystals_cif__gen_2,18,-2.1,-2.120794773101806,-2.2078213691711426,-0.0207947731018061,gated_ta_dpp,0.2865540979733861,0.1446756451639503,LiMg2O4,dpp_diverse,0,0
job_021_Mg_fe_-1.413_n4_generated_crystals_cif__gen_0,18,-2.1,-1.998087167739868,-2.307190656661988,0.1019128322601321,gated_ta_dpp,0.2840103237622734,0.1265792852733835,LiMg2O4,dpp_diverse,0,0
job_119_Ti_fe_-1.262_n4_generated_crystals_cif__gen_3,18,-2.1,-3.413468360900879,-3.179781913757324,-1.3134683609008788,gated_ta_dpp,0.0292509427145143,0.9947858586030118,LiTi2O4,dpp_diverse,0,0
job_178_Mg_fe_-1.353_n4_generated_crystals_cif__gen_1,18,-2.1,-2.11659574508667,-2.1866466999053955,-0.0165957450866698,gated_ta_dpp,0.2121439662220889,0.2004199280979532,LiMg2O4,dpp_diverse,0,0
job_245_Al_fe_-1.035_n4_generated_crystals_cif__gen_0,18,-2.1,-3.313382625579834,-3.115439176559448,-1.213382625579834,gated_ta_dpp,0.0318726072512254,0.8115896991100323,LiAl2O4,dpp_diverse,0,0
job_021_Mg_fe_-1.413_n4_generated_crystals_cif__gen_3,18,-2.1,-2.1374154090881348,-2.1637938022613525,-0.0374154090881346,gated_ta_dpp,0.1686025593913355,0.2541156804475036,LiMg2O4,dpp_diverse,1,1
job_194_Ni_fe_-1.199_n4_generated_crystals_cif__gen_1,18,-2.1,-0.5997236967086792,-0.9629971981048584,1.500276303291321,gated_ta_dpp,0.0247757904529238,0.8584418579499451,Li(NiO2)2,dpp_diverse,0,0
job_192_Mg_fe_-1.475_n4_generated_crystals_cif__gen_0,18,-2.1,-2.1092233657836914,-2.177951097488404,-0.0092233657836913,gated_ta_dpp,0.1584252422674897,0.2724216856650599,LiMg2O4,dpp_diverse,1,1
job_001_Ti_fe_-1.307_n4_generated_crystals_cif__gen_0,18,-2.1,-3.4871771335601807,-3.1877970695495605,-1.3871771335601806,gated_ta_dpp,0.0278644751547281,1.0,LiTi2O4,dpp_diverse,0,0
job_191_Ti_fe_-0.867_n4_generated_crystals_cif__gen_3,18,-2.1,-3.565649509429932,-3.222399473190308,-1.465649509429932,gated_ta_dpp,0.0263938528327758,0.9862059428374494,LiTi2O4,dpp_diverse,0,0
job_007_Mg_fe_-1.079_n4_generated_crystals_cif__gen_0,18,-2.1,-2.0035324096679688,-2.2938599586486816,0.0964675903320313,gated_ta_dpp,0.1406609194329371,0.3007264661416802,LiMg2O4,dpp_diverse,0,0
job_241_Co_fe_-1.145_n4_generated_crystals_cif__gen_0,18,-2.1,-0.7298859357833862,-1.3064260482788086,1.370114064216614,gated_ta_dpp,0.0271315071079641,0.7834212248690974,Li(CoO2)2,dpp_diverse,0,0
job_128_Mg_fe_-0.915_n4_generated_crystals_cif__gen_2,19,-2.1,-2.2254436016082764,-2.163269519805908,-0.1254436016082762,gated_ta_dpp,0.2448578595226621,0.1737400327887457,LiMg2O4,dpp_diverse,1,1
job_222_Ti_fe_-0.813_n4_generated_crystals_cif__gen_1,19,-2.1,-3.2494144439697266,-3.1792142391204834,-1.1494144439697265,gated_ta_dpp,0.0336805355586782,0.9892776507361284,LiTi2O4,dpp_diverse,0,0
job_114_Al_fe_-1.252_n4_generated_crystals_cif__gen_1,19,-2.1,-3.297609329223633,-3.1561853885650635,-1.1976093292236327,gated_ta_dpp,0.0323105294742623,1.0,LiAl2O4,dpp_diverse,0,0
job_239_Mg_fe_-1.280_n4_generated_crystals_cif__gen_2,19,-2.1,-2.3050832748413086,-1.9719445705413816,-0.2050832748413085,gated_ta_dpp,0.1696168048283537,0.2387715951387884,LiMg2O4,dpp_diverse,0,0
job_203_Ni_fe_-0.895_n4_generated_crystals_cif__gen_0,19,-2.1,-0.964447021484375,-0.9779074788093568,1.135552978515625,gated_ta_dpp,0.034026039534733,0.9268930175623368,Li(NiO2)2,dpp_diverse,0,0
job_184_Co_fe_-1.469_n4_generated_crystals_cif__gen_1,19,-2.1,-1.183416724205017,-1.3748714923858645,0.916583275794983,gated_ta_dpp,0.0422030680830646,0.7565606807103465,Li(CoO2)2,dpp_diverse,0,0
job_008_Mg_fe_-1.361_n4_generated_crystals_cif__gen_1,19,-2.1,-2.238502264022827,-2.1996724605560303,-0.138502264022827,gated_ta_dpp,0.1105290430892755,0.46931638973641,LiMg2O4,dpp_diverse,0,0
job_102_Ni_fe_-1.495_n4_generated_crystals_cif__gen_0,19,-2.1,-1.1756691932678225,-0.98110032081604,0.9243308067321776,gated_ta_dpp,0.0415538028177666,0.8630471761141942,Li(NiO2)2,dpp_diverse,0,0
job_067_Mg_fe_-0.974_n4_generated_crystals_cif__gen_1,19,-2.1,-2.222334861755371,-2.1713287830352783,-0.122334861755371,gated_ta_dpp,0.0953554735442445,0.5544045838819591,LiMg2O4,dpp_diverse,1,1
job_005_Al_fe_-1.478_n4_generated_crystals_cif__gen_2,19,-2.1,-2.8500289916992188,-3.0411131381988525,-0.7500289916992187,gated_ta_dpp,0.0515971351728457,0.647954771739535,LiAl2O4,dpp_diverse,0,0
job_174_Ti_fe_-1.427_n4_generated_crystals_cif__gen_1,19,-2.1,-3.3085978031158447,-3.218780755996704,-1.2085978031158446,gated_ta_dpp,0.0312722754431027,0.8888595238252642,LiTi2O4,dpp_diverse,0,0
job_072_Co_fe_-0.820_n4_generated_crystals_cif__gen_2,19,-2.1,-1.2271220684051514,-1.4843320846557615,0.8728779315948487,gated_ta_dpp,0.0443444805779323,0.7304083389657364,Li(CoO2)2,dpp_diverse,0,0
job_111_Ni_fe_-0.951_n4_generated_crystals_cif__gen_0,19,-2.1,-1.1567845344543457,-1.0662175416946411,0.9432154655456544,gated_ta_dpp,0.0410058503436673,0.8286350572892173,Li(NiO2)2,dpp_diverse,0,0
job_238_Ti_fe_-0.855_n4_generated_crystals_cif__gen_3,19,-2.1,-3.3451502323150635,-3.2075507640838623,-1.2451502323150634,gated_ta_dpp,0.0298869246675467,0.8804776262048568,LiTi2O4,dpp_diverse,0,0
job_082_Co_fe_-0.885_n4_generated_crystals_cif__gen_1,19,-2.1,-1.24142324924469,-1.3977574110031128,0.8585767507553101,gated_ta_dpp,0.0450094193474873,0.6978617009938591,Li(CoO2)2,dpp_diverse,0,0
job_099_Ni_fe_-1.343_n4_generated_crystals_cif__gen_1,19,-2.1,-0.9703118801116944,-1.0385584831237793,1.1296881198883058,gated_ta_dpp,0.0339626346422919,0.8778764964522708,Li(NiO2)2,dpp_diverse,0,0
job_122_Al_fe_-1.402_n4_generated_crystals_cif__gen_1,20,-2.1,-3.245785713195801,-3.153981924057007,-1.1457857131958007,gated_ta_dpp,0.0337757295600066,0.9993090832472142,LiAl2O4,dpp_diverse,0,0
job_123_Ni_fe_-1.305_n4_generated_crystals_cif__gen_0,20,-2.1,-0.7974096536636353,-0.953837513923645,1.3025903463363648,gated_ta_dpp,0.0287528589899171,0.9749663778229553,Li(NiO2)2,dpp_diverse,0,0
job_050_Ti_fe_-1.179_n4_generated_crystals_cif__gen_0,20,-2.1,-3.330165386199951,-3.1821234226226807,-1.230165386199951,gated_ta_dpp,0.0308889320730512,0.9583658754259624,LiTi2O4,dpp_diverse,0,0
job_147_Mn_fe_-0.827_n4_generated_crystals_cif__gen_0,20,-2.1,-1.7249960899353027,-1.5450682640075684,0.3750039100646973,gated_ta_dpp,0.1028455806007825,0.2777047636050233,LiMn2O4,dpp_diverse,0,0
job_053_Co_fe_-0.977_n4_generated_crystals_cif__gen_2,20,-2.1,-1.4166831970214844,-1.4127352237701416,0.6833168029785157,gated_ta_dpp,0.0552841073099719,0.7027792010950779,Li(CoO2)2,dpp_diverse,0,0
job_243_Al_fe_-1.012_n4_generated_crystals_cif__gen_1,20,-2.1,-2.832963466644287,-2.765770673751831,-0.732963466644287,gated_ta_dpp,0.0516897954591859,0.749022280691686,LiAl2O4,dpp_diverse,0,0
job_199_Ti_fe_-1.428_n4_generated_crystals_cif__gen_2,20,-2.1,-3.1343367099761963,-3.195347547531128,-1.0343367099761962,gated_ta_dpp,0.0373594525051509,0.8756644202019579,LiTi2O4,dpp_diverse,0,0
job_135_Co_fe_-0.851_n4_generated_crystals_cif__gen_3,20,-2.1,-1.407576560974121,-1.4249773025512695,0.692423439025879,gated_ta_dpp,0.0548398302121114,0.698196534591852,Li(CoO2)2,dpp_diverse,0,0
job_090_Al_fe_-0.837_n4_generated_crystals_cif__gen_1,20,-2.1,-3.2600388526916504,-3.149639844894409,-1.1600388526916503,gated_ta_dpp,0.0333400688722715,1.0,LiAl2O4,dpp_diverse,0,0
job_095_Ni_fe_-1.001_n4_generated_crystals_cif__gen_1,20,-2.1,-0.92065691947937,-1.0402337312698364,1.17934308052063,gated_ta_dpp,0.0316043684519727,0.8673904212469907,Li(NiO2)2,dpp_diverse,0,0
job_023_Co_fe_-0.919_n4_generated_crystals_cif__gen_0,20,-2.1,-1.4124724864959717,-1.5142971277236938,0.6875275135040284,gated_ta_dpp,0.0556256658716131,0.670112389740011,Li(CoO2)2,dpp_diverse,0,0
job_109_Ti_fe_-0.845_n4_generated_crystals_cif__gen_0,20,-2.1,-3.352144956588745,-3.209760427474976,-1.252144956588745,gated_ta_dpp,0.0297031806779802,0.91944905722936,LiTi2O4,dpp_diverse,0,0
job_046_Ni_fe_-0.861_n4_generated_crystals_cif__gen_2,20,-2.1,-0.990815043449402,-1.0694735050201416,1.1091849565505982,gated_ta_dpp,0.0340228435422609,0.840098921288548,Li(NiO2)2,dpp_diverse,0,0
job_199_Ti_fe_-1.428_n4_generated_crystals_cif__gen_1,20,-2.1,-3.2780439853668213,-3.2022905349731445,-1.1780439853668212,gated_ta_dpp,0.0320617786492136,0.8977526807437293,LiTi2O4,dpp_diverse,0,0
job_051_Co_fe_-1.402_n4_generated_crystals_cif__gen_1,20,-2.1,-1.4096813201904297,-1.4988126754760742,0.6903186798095704,gated_ta_dpp,0.055481644346112,0.6677607268635617,Li(CoO2)2,dpp_diverse,0,0
job_031_Al_fe_-1.055_n4_generated_crystals_cif__gen_1,20,-2.1,-3.216731071472168,-3.118929386138916,-1.116731071472168,gated_ta_dpp,0.033783386175667,0.8454500348276565,LiAl2O4,dpp_diverse,0,0
job_018_Co_fe_-0.907_n4_generated_crystals_cif__gen_3,21,-2.1,-1.3656575679779053,-1.4167397022247314,0.7343424320220948,gated_ta_dpp,0.0513311648917639,0.866140365622734,Li(CoO2)2,dpp_diverse,0,0
job_228_Ti_fe_-0.950_n4_generated_crystals_cif__gen_0,21,-2.1,-3.255253791809082,-3.170816898345948,-1.155253791809082,gated_ta_dpp,0.0327961016849218,1.0,LiTi2O4,dpp_diverse,0,0
job_151_Al_fe_-1.416_n4_generated_crystals_cif__gen_0,21,-2.1,-3.3695435523986816,-3.161771535873413,-1.2695435523986816,gated_ta_dpp,0.0283268873924469,0.9851433622636218,LiAl2O4,dpp_diverse,0,0
job_077_Ni_fe_-1.238_n4_generated_crystals_cif__gen_0,21,-2.1,-0.911324143409729,-0.9772711992263794,1.188675856590271,gated_ta_dpp,0.0312497194276844,0.9778450533997576,Li(NiO2)2,dpp_diverse,0,0
job_141_Co_fe_-1.348_n4_generated_crystals_cif__gen_2,21,-2.1,-1.465853571891785,-1.493767261505127,0.6341464281082152,gated_ta_dpp,0.0586773798761713,0.776368941996849,Li(CoO2)2,dpp_diverse,0,0
job_174_Ti_fe_-1.427_n4_generated_crystals_cif__gen_3,21,-2.1,-3.204452991485596,-3.1882665157318115,-1.104452991485596,gated_ta_dpp,0.0345953139671461,0.984389500097549,LiTi2O4,dpp_diverse,0,0
job_169_Al_fe_-0.916_n4_generated_crystals_cif__gen_3,21,-2.1,-3.056511640548706,-2.881225109100342,-0.956511640548706,gated_ta_dpp,0.0398775232673649,0.8434732350723467,LiAl2O4,dpp_diverse,0,0
job_247_Ni_fe_-1.069_n4_generated_crystals_cif__gen_0,21,-2.1,-1.0268468856811523,-1.0674479007720947,1.0731531143188475,gated_ta_dpp,0.0348585581728194,0.895073173287792,Li(NiO2)2,dpp_diverse,0,0
job_219_Co_fe_-0.895_n4_generated_crystals_cif__gen_1,21,-2.1,-1.4507896900177002,-1.4388465881347656,0.6492103099822999,gated_ta_dpp,0.0575695013491883,0.78477158342424,Li(CoO2)2,dpp_diverse,0,0
job_174_Ti_fe_-1.427_n4_generated_crystals_cif__gen_0,21,-2.1,-3.267571449279785,-3.2186081409454346,-1.167571449279785,gated_ta_dpp,0.0322594607741363,0.9934564149033442,LiTi2O4,dpp_diverse,0,0
job_156_Co_fe_-0.846_n4_generated_crystals_cif__gen_1,21,-2.1,-1.4622761011123655,-1.524195432662964,0.6377238988876346,gated_ta_dpp,0.0584614861146666,0.7763532930131731,Li(CoO2)2,dpp_diverse,0,0
job_140_Al_fe_-1.392_n4_generated_crystals_cif__gen_1,21,-2.1,-3.2051897048950195,-3.1453235149383545,-1.1051897048950194,gated_ta_dpp,0.0336283539418182,0.9085698077355344,LiAl2O4,dpp_diverse,0,0
job_186_Ti_fe_-0.814_n4_generated_crystals_cif__gen_1,21,-2.1,-3.282996892929077,-3.222185611724853,-1.182996892929077,gated_ta_dpp,0.031662847132746,0.9923145477514206,LiTi2O4,dpp_diverse,0,0
job_091_Ni_fe_-1.314_n4_generated_crystals_cif__gen_0,21,-2.1,-1.2116727828979492,-1.0840331315994265,0.8883272171020509,gated_ta_dpp,0.0428904696226947,0.7782865633572846,Li(NiO2)2,dpp_diverse,0,0
job_075_Co_fe_-0.911_n4_generated_crystals_cif__gen_0,21,-2.1,-1.4226802587509155,-1.434516429901123,0.6773197412490846,gated_ta_dpp,0.0559710166200959,0.7802995899864993,Li(CoO2)2,dpp_diverse,0,0
job_117_Ti_fe_-0.811_n4_generated_crystals_cif__gen_2,21,-2.1,-3.298975944519043,-3.223210573196411,-1.1989759445190429,gated_ta_dpp,0.0311147630159694,0.9962261614337964,LiTi2O4,dpp_diverse,0,0
job_045_Al_fe_-1.313_n4_generated_crystals_cif__gen_3,22,-2.1,-3.1967573165893555,-3.036072969436645,-1.0967573165893554,gated_ta_dpp,0.0352651601682706,1.0,LiAl2O4,dpp_diverse,0,0
job_161_Co_fe_-0.850_n4_generated_crystals_cif__gen_0,22,-2.1,-1.4403622150421145,-1.4286627769470217,0.6596377849578856,gated_ta_dpp,0.0568174476281371,0.7399287558782123,Li(CoO2)2,dpp_diverse,0,0
job_206_Ti_fe_-0.853_n4_generated_crystals_cif__gen_1,22,-2.1,-3.229632377624512,-3.2199926376342773,-1.129632377624512,gated_ta_dpp,0.0335767673653548,0.9233079686570306,LiTi2O4,dpp_diverse,0,0
job_111_Ni_fe_-0.951_n4_generated_crystals_cif__gen_3,22,-2.1,-0.9970588684082032,-1.0682172775268557,1.102941131591797,gated_ta_dpp,0.0336492168920863,0.84908822350568,Li(NiO2)2,dpp_diverse,0,0
job_237_Co_fe_-1.198_n4_generated_crystals_cif__gen_2,22,-2.1,-1.4532259702682495,-1.52774977684021,0.6467740297317506,gated_ta_dpp,0.0581385764334821,0.71647013504273,Li(CoO2)2,dpp_diverse,0,0
job_027_Ti_fe_-1.340_n4_generated_crystals_cif__gen_0,22,-2.1,-3.231406688690185,-3.213128566741944,-1.131406688690185,gated_ta_dpp,0.0334685312317445,0.9198275717994316,LiTi2O4,dpp_diverse,0,0
job_049_Al_fe_-1.223_n4_generated_crystals_cif__gen_1,22,-2.1,-3.197822093963623,-3.1590735912323,-1.097822093963623,gated_ta_dpp,0.0346198244251141,0.9022777720033114,LiAl2O4,dpp_diverse,0,0
job_158_Co_fe_-1.333_n4_generated_crystals_cif__gen_3,22,-2.1,-1.4717026948928833,-1.300449013710022,0.6282973051071168,gated_ta_dpp,0.0597140539051644,0.700075728916144,Li(CoO2)2,dpp_diverse,0,0
job_111_Ni_fe_-0.951_n4_generated_crystals_cif__gen_1,22,-2.1,-1.1801891326904297,-1.0768396854400637,0.9198108673095704,gated_ta_dpp,0.040767668650903,0.7183269712870541,Li(NiO2)2,dpp_diverse,0,0
job_001_Ti_fe_-1.307_n4_generated_crystals_cif__gen_1,22,-2.1,-3.235358476638794,-3.186828136444092,-1.135358476638794,gated_ta_dpp,0.0330031013438343,0.8958037746462026,LiTi2O4,dpp_diverse,0,0
job_031_Al_fe_-1.055_n4_generated_crystals_cif__gen_0,22,-2.1,-2.896312952041626,-3.0106351375579834,-0.7963129520416259,gated_ta_dpp,0.0484120342171116,0.6888178855390222,LiAl2O4,dpp_diverse,0,0
job_034_Co_fe_-1.009_n4_generated_crystals_cif__gen_1,22,-2.1,-1.414342761039734,-1.457131028175354,0.685657238960266,gated_ta_dpp,0.0557131235713325,0.7147134075886704,Li(CoO2)2,dpp_diverse,0,0
job_109_Ti_fe_-0.845_n4_generated_crystals_cif__gen_3,22,-2.1,-3.2218446731567383,-3.1927490234375,-1.1218446731567382,gated_ta_dpp,0.0332106695288221,0.8721922674611471,LiTi2O4,dpp_diverse,0,0
job_100_Co_fe_-1.485_n4_generated_crystals_cif__gen_2,22,-2.1,-1.4038898944854736,-1.5128765106201172,0.6961101055145265,gated_ta_dpp,0.0550875369634749,0.7115268850850498,Li(CoO2)2,dpp_diverse,0,0
job_175_Ni_fe_-1.315_n4_generated_crystals_cif__gen_2,22,-2.1,-0.9730863571166992,-0.9782036542892456,1.1269136428833009,gated_ta_dpp,0.0310853613357295,0.7866819678036142,Li(NiO2)2,dpp_diverse,0,0
job_144_Co_fe_-1.460_n4_generated_crystals_cif__gen_3,22,-2.1,-1.406919240951538,-1.5078598260879517,0.693080759048462,gated_ta_dpp,0.0554268612747562,0.7005725249224923,Li(CoO2)2,dpp_diverse,0,0
job_071_Ti_fe_-0.887_n4_generated_crystals_cif__gen_2,23,-2.1,-2.923236846923828,-3.1473639011383057,-0.823236846923828,gated_ta_dpp,0.0466123401547985,0.9330441231860614,LiTi2O4,dpp_diverse,0,0
job_187_Ni_fe_-0.981_n4_generated_crystals_cif__gen_1,23,-2.1,-0.9638584852218628,-0.9695405960083008,1.1361415147781373,gated_ta_dpp,0.0331397216993077,1.0,Li(NiO2)2,dpp_diverse,0,0
job_193_Co_fe_-1.092_n4_generated_crystals_cif__gen_0,23,-2.1,-1.4532253742218018,-1.452558517456055,0.6467746257781983,gated_ta_dpp,0.0579912486201897,0.7984277133926428,Li(CoO2)2,dpp_diverse,0,0
job_010_Al_fe_-1.346_n4_generated_crystals_cif__gen_0,23,-2.1,-3.254899263381958,-3.161445379257202,-1.154899263381958,gated_ta_dpp,0.0287889766923672,0.8370283742683795,LiAl2O4,dpp_diverse,0,0
job_199_Ti_fe_-1.428_n4_generated_crystals_cif__gen_0,23,-2.1,-3.1857943534851074,-3.163670063018799,-1.085794353485107,gated_ta_dpp,0.0351064215067179,0.992888696662984,LiTi2O4,dpp_diverse,0,0
job_158_Co_fe_-1.333_n4_generated_crystals_cif__gen_1,23,-2.1,-1.4451195001602173,-1.5012763738632202,0.6548804998397828,gated_ta_dpp,0.0580693633172799,0.7682200711585567,Li(CoO2)2,dpp_diverse,0,0
job_002_Ni_fe_-1.402_n4_generated_crystals_cif__gen_0,23,-2.1,-1.1020890474319458,-1.0407291650772097,0.9979109525680544,gated_ta_dpp,0.0382710108422633,0.9164219759316288,Li(NiO2)2,dpp_diverse,0,0
job_052_Ti_fe_-1.107_n4_generated_crystals_cif__gen_0,23,-2.1,-3.216463088989258,-3.191511869430542,-1.1164630889892575,gated_ta_dpp,0.0338081600776313,0.989077462510456,LiTi2O4,dpp_diverse,0,0
job_053_Co_fe_-0.977_n4_generated_crystals_cif__gen_3,23,-2.1,-1.4095312356948853,-1.5029304027557373,0.6904687643051148,gated_ta_dpp,0.0555444942000831,0.7789937936009268,Li(CoO2)2,dpp_diverse,0,0
job_213_Al_fe_-1.344_n4_generated_crystals_cif__gen_1,23,-2.1,-2.9775545597076416,-3.1154184341430664,-0.8775545597076415,gated_ta_dpp,0.0408996112731701,0.6918739702861612,LiAl2O4,dpp_diverse,0,0
job_160_Ti_fe_-1.290_n4_generated_crystals_cif__gen_3,23,-2.1,-3.177242040634156,-3.1702780723571777,-1.0772420406341556,gated_ta_dpp,0.035377490788075,0.9839602366135116,LiTi2O4,dpp_diverse,0,0
job_241_Co_fe_-1.145_n4_generated_crystals_cif__gen_3,23,-2.1,-1.4320091009140017,-1.3365981578826904,0.6679908990859984,gated_ta_dpp,0.0575959286572939,0.7374443162070653,Li(CoO2)2,dpp_diverse,0,0
job_099_Ni_fe_-1.343_n4_generated_crystals_cif__gen_0,23,-2.1,-1.1867903470993042,-0.9883785247802734,0.913209652900696,gated_ta_dpp,0.041099226891728,0.7895142544396019,Li(NiO2)2,dpp_diverse,0,0
job_219_Co_fe_-0.895_n4_generated_crystals_cif__gen_0,23,-2.1,-1.3896751403808594,-1.35151207447052,0.7103248596191407,gated_ta_dpp,0.05438489656188,0.7591567175365097,Li(CoO2)2,dpp_diverse,0,0
job_206_Ti_fe_-0.853_n4_generated_crystals_cif__gen_0,23,-2.1,-3.243603229522705,-3.133388996124268,-1.143603229522705,gated_ta_dpp,0.032200745357628,0.955788910516566,LiTi2O4,dpp_diverse,0,0
job_124_Ni_fe_-0.888_n4_generated_crystals_cif__gen_3,23,-2.1,-1.1160011291503906,-1.0503320693969729,0.9839988708496096,gated_ta_dpp,0.0370870873820716,0.8030023538803978,Li(NiO2)2,dpp_diverse,0,0
job_096_Al_fe_-0.803_n4_generated_crystals_cif__gen_3,24,-2.1,-3.111395835876465,-3.053614854812622,-1.0113958358764648,gated_ta_dpp,0.0382791082548417,1.0,LiAl2O4,dpp_diverse,0,0
job_168_Co_fe_-1.301_n4_generated_crystals_cif__gen_2,24,-2.1,-1.400214433670044,-1.4075247049331665,0.6997855663299561,gated_ta_dpp,0.0544771615727708,0.7763519928842244,Li(CoO2)2,dpp_diverse,0,0
job_170_Ti_fe_-1.288_n4_generated_crystals_cif__gen_3,24,-2.1,-3.174583673477173,-3.183655023574829,-1.0745836734771728,gated_ta_dpp,0.0349946242015498,0.8991347226471826,LiTi2O4,dpp_diverse,0,0
job_157_Ni_fe_-1.031_n4_generated_crystals_cif__gen_1,24,-2.1,-0.911893367767334,-0.951586127281189,1.188106632232666,gated_ta_dpp,0.0310597733883752,0.9557962452574644,Li(NiO2)2,dpp_diverse,0,0
job_159_Al_fe_-1.408_n4_generated_crystals_cif__gen_1,24,-2.1,-2.956712007522583,-3.067146062850952,-0.8567120075225829,gated_ta_dpp,0.0449178484184559,0.9132773524169766,LiAl2O4,dpp_diverse,0,0
job_032_Co_fe_-1.386_n4_generated_crystals_cif__gen_1,24,-2.1,-1.415622591972351,-1.4119749069213867,0.684377408027649,gated_ta_dpp,0.0557376917850186,0.7558697217428098,Li(CoO2)2,dpp_diverse,0,0
job_041_Ni_fe_-1.021_n4_generated_crystals_cif__gen_3,24,-2.1,-1.076256275177002,-1.04009211063385,1.023743724822998,gated_ta_dpp,0.036898516702031,0.8653535559163096,Li(NiO2)2,dpp_diverse,0,0
job_071_Ti_fe_-0.887_n4_generated_crystals_cif__gen_3,24,-2.1,-3.190515756607056,-3.2245068550109863,-1.090515756607056,gated_ta_dpp,0.0338266799646697,0.8721646143499429,LiTi2O4,dpp_diverse,0,0
job_023_Co_fe_-0.919_n4_generated_crystals_cif__gen_3,24,-2.1,-1.410763144493103,-1.4480853080749512,0.6892368555068971,gated_ta_dpp,0.0560642939356383,0.6969275316587639,Li(CoO2)2,dpp_diverse,0,0
job_022_Al_fe_-1.445_n4_generated_crystals_cif__gen_2,24,-2.1,-2.9063050746917725,-3.0204546451568604,-0.8063050746917724,gated_ta_dpp,0.0476479588352993,0.7177646748398437,LiAl2O4,dpp_diverse,0,0
job_177_Ni_fe_-1.309_n4_generated_crystals_cif__gen_2,24,-2.1,-1.0208696126937866,-1.0617724657058716,1.0791303873062137,gated_ta_dpp,0.0340925741074576,0.8577544691951259,Li(NiO2)2,dpp_diverse,0,0
job_179_Co_fe_-1.357_n4_generated_crystals_cif__gen_0,24,-2.1,-1.343801975250244,-1.401219129562378,0.7561980247497562,gated_ta_dpp,0.0511945530736,0.7283462920097,Li(CoO2)2,dpp_diverse,0,0
job_045_Al_fe_-1.313_n4_generated_crystals_cif__gen_0,24,-2.1,-3.2072017192840576,-3.163241386413574,-1.1072017192840575,gated_ta_dpp,0.0332603170474513,0.8832169431238364,LiAl2O4,dpp_diverse,0,0
job_075_Co_fe_-0.911_n4_generated_crystals_cif__gen_2,24,-2.1,-1.4428361654281616,-1.513709545135498,0.6571638345718385,gated_ta_dpp,0.0588637014835906,0.6511658857324334,Li(CoO2)2,dpp_diverse,0,0
job_235_Ti_fe_-0.842_n4_generated_crystals_cif__gen_2,24,-2.1,-3.126671075820923,-3.165377616882324,-1.0266710758209228,gated_ta_dpp,0.0337196042216876,0.7380108548758203,LiTi2O4,dpp_diverse,0,0
job_219_Co_fe_-0.895_n4_generated_crystals_cif__gen_3,24,-2.1,-1.41202974319458,-1.511105179786682,0.68797025680542,gated_ta_dpp,0.056234139799573,0.6827511701091145,Li(CoO2)2,dpp_diverse,0,0
job_141_Co_fe_-1.348_n4_generated_crystals_cif__gen_0,25,-2.1,-1.3730602264404297,-1.326754093170166,0.7269397735595704,gated_ta_dpp,0.0526126762870943,0.8483319198748817,Li(CoO2)2,dpp_diverse,0,0
job_186_Ti_fe_-0.814_n4_generated_crystals_cif__gen_0,25,-2.1,-3.1954901218414307,-3.218111991882324,-1.0954901218414306,gated_ta_dpp,0.0346322881075812,1.0,LiTi2O4,dpp_diverse,0,0
job_124_Ni_fe_-0.888_n4_generated_crystals_cif__gen_0,25,-2.1,-0.979545831680298,-1.028308391571045,1.1204541683197022,gated_ta_dpp,0.0324504156321064,0.9277384053941228,Li(NiO2)2,dpp_diverse,0,0
job_246_Al_fe_-1.026_n4_generated_crystals_cif__gen_2,25,-2.1,-3.111257076263428,-2.986004590988159,-1.011257076263428,gated_ta_dpp,0.0362997344559627,0.849399170492835,LiAl2O4,dpp_diverse,0,0
job_051_Co_fe_-1.402_n4_generated_crystals_cif__gen_2,25,-2.1,-1.4331263303756714,-1.476088285446167,0.6668736696243287,gated_ta_dpp,0.0570868021500995,0.7928933900533991,Li(CoO2)2,dpp_diverse,0,0
job_211_Ti_fe_-1.424_n4_generated_crystals_cif__gen_3,25,-2.1,-3.085898876190185,-3.170560121536255,-0.985898876190185,gated_ta_dpp,0.0389484796091755,0.9426252944553898,LiTi2O4,dpp_diverse,0,0
job_165_Ni_fe_-1.146_n4_generated_crystals_cif__gen_0,25,-2.1,-1.0357089042663574,-1.0661312341690063,1.064291095733643,gated_ta_dpp,0.0343632074430869,0.889160549611191,Li(NiO2)2,dpp_diverse,0,0
job_048_Co_fe_-1.351_n4_generated_crystals_cif__gen_1,25,-2.1,-1.4507811069488523,-1.5066105127334597,0.6492188930511478,gated_ta_dpp,0.0586062044502202,0.7730348110837757,Li(CoO2)2,dpp_diverse,0,0
job_026_Ti_fe_-1.451_n4_generated_crystals_cif__gen_3,25,-2.1,-3.1294503211975098,-3.173259973526001,-1.0294503211975097,gated_ta_dpp,0.0367925930968666,0.9330054668916516,LiTi2O4,dpp_diverse,0,0
job_045_Al_fe_-1.313_n4_generated_crystals_cif__gen_1,25,-2.1,-3.137136459350586,-2.9452714920043945,-1.0371364593505858,gated_ta_dpp,0.0339213558712693,0.8141501096897265,LiAl2O4,dpp_diverse,0,0
job_215_Co_fe_-1.286_n4_generated_crystals_cif__gen_1,25,-2.1,-1.433927059173584,-1.4223425388336182,0.6660729408264161,gated_ta_dpp,0.0578781345253308,0.7373053277430808,Li(CoO2)2,dpp_diverse,0,0
job_247_Ni_fe_-1.069_n4_generated_crystals_cif__gen_1,25,-2.1,-1.0088152885437012,-1.0687259435653689,1.091184711456299,gated_ta_dpp,0.0317341319451389,0.8404042836598496,Li(NiO2)2,dpp_diverse,0,0
job_236_Ti_fe_-1.031_n4_generated_crystals_cif__gen_3,25,-2.1,-3.215248107910156,-3.213263750076294,-1.1152481079101555,gated_ta_dpp,0.0323640823888848,0.9119014189934942,LiTi2O4,dpp_diverse,0,0
job_023_Co_fe_-0.919_n4_generated_crystals_cif__gen_2,25,-2.1,-1.4404436349868774,-1.4567465782165527,0.6595563650131226,gated_ta_dpp,0.0585505520178417,0.7181732785978807,Li(CoO2)2,dpp_diverse,0,0
job_184_Co_fe_-1.469_n4_generated_crystals_cif__gen_2,25,-2.1,-1.4225480556488037,-1.4096026420593262,0.6774519443511964,gated_ta_dpp,0.0570657772747659,0.7287971761377761,Li(CoO2)2,dpp_diverse,0,0
job_191_Ti_fe_-0.867_n4_generated_crystals_cif__gen_1,25,-2.1,-3.22359585762024,-3.196074724197388,-1.1235958576202396,gated_ta_dpp,0.0318305830950154,0.9056802674106952,LiTi2O4,dpp_diverse,0,0
job_053_Co_fe_-0.977_n4_generated_crystals_cif__gen_1,26,-2.1,-1.460192084312439,-1.4644300937652588,0.6398079156875611,gated_ta_dpp,0.0590584099039904,0.7680431626363569,Li(CoO2)2,dpp_diverse,0,0
job_097_Ti_fe_-1.239_n4_generated_crystals_cif__gen_0,26,-2.1,-3.1801974773406982,-3.185593843460083,-1.0801974773406982,gated_ta_dpp,0.0352102787859839,0.9808893853012782,LiTi2O4,dpp_diverse,0,0
job_089_Ni_fe_-1.410_n4_generated_crystals_cif__gen_3,26,-2.1,-0.9126850366592408,-0.9813941717147828,1.1873149633407594,gated_ta_dpp,0.0310866205615714,1.0,Li(NiO2)2,dpp_diverse,0,0
job_137_Al_fe_-1.012_n4_generated_crystals_cif__gen_1,26,-2.1,-2.9975924491882324,-2.91833758354187,-0.8975924491882323,gated_ta_dpp,0.0410525054522117,0.7416517387670484,LiAl2O4,dpp_diverse,0,0
job_034_Co_fe_-1.009_n4_generated_crystals_cif__gen_0,26,-2.1,-1.4493980407714844,-1.4720542430877686,0.6506019592285157,gated_ta_dpp,0.0588353435072553,0.7382123340546892,Li(CoO2)2,dpp_diverse,0,0
job_221_Ti_fe_-1.143_n4_generated_crystals_cif__gen_0,26,-2.1,-3.2158758640289307,-3.210970163345337,-1.1158758640289306,gated_ta_dpp,0.0337166598951274,0.9808570677654924,LiTi2O4,dpp_diverse,0,0
job_124_Ni_fe_-0.888_n4_generated_crystals_cif__gen_1,26,-2.1,-1.057897448539734,-1.038147211074829,1.042102551460266,gated_ta_dpp,0.0360172298299728,0.906903838429328,Li(NiO2)2,dpp_diverse,0,0
job_114_Al_fe_-1.252_n4_generated_crystals_cif__gen_0,26,-2.1,-2.958408832550049,-2.883883237838745,-0.8584088325500487,gated_ta_dpp,0.0436164907327719,0.7337113638743825,LiAl2O4,dpp_diverse,0,0
job_135_Co_fe_-0.851_n4_generated_crystals_cif__gen_2,26,-2.1,-1.4515624046325684,-1.4554414749145508,0.6484375953674317,gated_ta_dpp,0.059061557452634,0.7335780131274476,Li(CoO2)2,dpp_diverse,0,0
job_235_Ti_fe_-0.842_n4_generated_crystals_cif__gen_3,26,-2.1,-3.1652841567993164,-3.168898582458496,-1.0652841567993163,gated_ta_dpp,0.0350660183555522,0.9168942854943544,LiTi2O4,dpp_diverse,0,0
job_123_Ni_fe_-1.305_n4_generated_crystals_cif__gen_2,26,-2.1,-0.9376808404922484,-0.963112771511078,1.1623191595077516,gated_ta_dpp,0.0314471322302081,0.9592816011351796,Li(NiO2)2,dpp_diverse,0,0
job_034_Co_fe_-1.009_n4_generated_crystals_cif__gen_2,26,-2.1,-1.448717713356018,-1.4351911544799805,0.651282286643982,gated_ta_dpp,0.0589315100309481,0.7278120469774958,Li(CoO2)2,dpp_diverse,0,0
job_116_Ti_fe_-1.462_n4_generated_crystals_cif__gen_1,26,-2.1,-3.021620512008667,-3.106773614883423,-0.9216205120086668,gated_ta_dpp,0.0412971217007638,0.8319492176307816,LiTi2O4,dpp_diverse,0,0
job_015_Ni_fe_-1.349_n4_generated_crystals_cif__gen_3,26,-2.1,-0.9831736087799072,-1.0284245014190674,1.1168263912200929,gated_ta_dpp,0.0321336990687798,0.8910826907687021,Li(NiO2)2,dpp_diverse,0,0
job_193_Co_fe_-1.092_n4_generated_crystals_cif__gen_1,26,-2.1,-1.4321672916412354,-1.4423552751541138,0.6678327083587647,gated_ta_dpp,0.0578871345968276,0.7031180182901507,Li(CoO2)2,dpp_diverse,0,0
job_009_Ti_fe_-1.009_n4_generated_crystals_cif__gen_1,26,-2.1,-3.2027437686920166,-3.1638171672821045,-1.1027437686920163,gated_ta_dpp,0.0331119387818218,0.9059076714262668,LiTi2O4,dpp_diverse,0,0
job_089_Ni_fe_-1.410_n4_generated_crystals_cif__gen_2,27,-2.1,-0.8223385810852051,-0.8430165648460388,1.277661418914795,gated_ta_dpp,0.0283955427458668,1.0,Li(NiO2)2,dpp_diverse,0,0
job_138_Ti_fe_-0.803_n4_generated_crystals_cif__gen_1,27,-2.1,-3.2184314727783203,-3.222485303878784,-1.1184314727783202,gated_ta_dpp,0.0336737613066626,0.9416570285026366,LiTi2O4,dpp_diverse,0,0
job_179_Co_fe_-1.357_n4_generated_crystals_cif__gen_3,27,-2.1,-1.3691377639770508,-1.388706088066101,0.7308622360229493,gated_ta_dpp,0.0529170887143001,0.7272534561470346,Li(CoO2)2,dpp_diverse,0,0
job_005_Al_fe_-1.478_n4_generated_crystals_cif__gen_0,27,-2.1,-3.02622938156128,-2.930741548538208,-0.9262293815612797,gated_ta_dpp,0.0370472496412928,0.645166807401249,LiAl2O4,dpp_diverse,0,0
job_108_Ni_fe_-1.123_n4_generated_crystals_cif__gen_2,27,-2.1,-0.8720564842224121,-1.018135905265808,1.227943515777588,gated_ta_dpp,0.0297418075485172,0.969874438065177,Li(NiO2)2,dpp_diverse,0,0
job_228_Ti_fe_-0.950_n4_generated_crystals_cif__gen_1,27,-2.1,-3.078267812728882,-3.1674187183380127,-0.9782678127288816,gated_ta_dpp,0.0392321775634605,0.8754211877174776,LiTi2O4,dpp_diverse,0,0
job_075_Co_fe_-0.911_n4_generated_crystals_cif__gen_3,27,-2.1,-1.453206181526184,-1.4301226139068604,0.646793818473816,gated_ta_dpp,0.0596466929597044,0.6545905659555454,Li(CoO2)2,dpp_diverse,0,0
job_210_Co_fe_-1.389_n4_generated_crystals_cif__gen_1,27,-2.1,-1.4542245864868164,-1.461716651916504,0.6457754135131837,gated_ta_dpp,0.0597435954642742,0.6531258435564363,Li(CoO2)2,dpp_diverse,0,0
job_059_Ti_fe_-1.388_n4_generated_crystals_cif__gen_2,27,-2.1,-3.129205703735352,-3.177144765853882,-1.029205703735352,gated_ta_dpp,0.0366903150971539,0.8671013710791928,LiTi2O4,dpp_diverse,0,0
job_093_Ni_fe_-0.850_n4_generated_crystals_cif__gen_1,27,-2.1,-1.0436619520187378,-1.072307825088501,1.0563380479812623,gated_ta_dpp,0.0349629917979939,0.8423878613440698,Li(NiO2)2,dpp_diverse,0,0
job_242_Ti_fe_-1.214_n4_generated_crystals_cif__gen_1,27,-2.1,-3.1878201961517334,-3.172513723373413,-1.0878201961517333,gated_ta_dpp,0.0339555467656362,0.8701322098082097,LiTi2O4,dpp_diverse,0,0
job_237_Co_fe_-1.198_n4_generated_crystals_cif__gen_1,27,-2.1,-1.4728732109069824,-1.5035208463668823,0.6271267890930177,gated_ta_dpp,0.0616887942458711,0.5723896973637465,Li(CoO2)2,dpp_diverse,0,0
job_089_Ni_fe_-1.410_n4_generated_crystals_cif__gen_0,27,-2.1,-1.1028742790222168,-1.0637495517730713,0.9971257209777832,gated_ta_dpp,0.0375130502912818,0.8151574139184714,Li(NiO2)2,dpp_diverse,0,0
job_205_Al_fe_-1.483_n4_generated_crystals_cif__gen_2,27,-2.1,-3.0279016494750977,-3.061967134475708,-0.9279016494750976,gated_ta_dpp,0.0361709408319776,0.6290002835705736,LiAl2O4,dpp_diverse,0,0
job_050_Ti_fe_-1.179_n4_generated_crystals_cif__gen_1,27,-2.1,-3.1585240364074707,-3.1777703762054443,-1.0585240364074706,gated_ta_dpp,0.034812817772404,0.8402173121817599,LiTi2O4,dpp_diverse,0,0
job_025_Co_fe_-1.096_n4_generated_crystals_cif__gen_2,27,-2.1,-1.4140313863754272,-1.4236335754394531,0.6859686136245728,gated_ta_dpp,0.0563590225685363,0.626470123385541,Li(CoO2)2,dpp_diverse,0,0
job_229_Al_fe_-1.076_n4_generated_crystals_cif__gen_3,28,-2.1,-3.077550172805786,-3.116238594055176,-0.977550172805786,gated_ta_dpp,0.0396022420701338,1.0,LiAl2O4,dpp_diverse,0,0
job_046_Ni_fe_-0.861_n4_generated_crystals_cif__gen_0,28,-2.1,-0.8803166151046753,-0.9966152906417848,1.2196833848953248,gated_ta_dpp,0.0298896342970264,0.986637739768808,Li(NiO2)2,dpp_diverse,0,0
job_050_Ti_fe_-1.179_n4_generated_crystals_cif__gen_3,28,-2.1,-3.205946922302246,-3.2049505710601807,-1.105946922302246,gated_ta_dpp,0.0340818717048595,0.9598788638167702,LiTi2O4,dpp_diverse,0,0
job_185_Co_fe_-0.960_n4_generated_crystals_cif__gen_3,28,-2.1,-1.4471420049667358,-1.5024162530899048,0.6528579950332642,gated_ta_dpp,0.0585559020289588,0.7339920982251128,Li(CoO2)2,dpp_diverse,0,0
job_225_Co_fe_-1.375_n4_generated_crystals_cif__gen_1,28,-2.1,-1.4411065578460691,-1.5009140968322754,0.658893442153931,gated_ta_dpp,0.058183847304313,0.7299905931362719,Li(CoO2)2,dpp_diverse,0,0
job_000_Ti_fe_-1.422_n4_generated_crystals_cif__gen_3,28,-2.1,-3.2182679176330566,-3.20703387260437,-1.1182679176330566,gated_ta_dpp,0.0335721428849762,0.9604134984183688,LiTi2O4,dpp_diverse,0,0
job_091_Ni_fe_-1.314_n4_generated_crystals_cif__gen_3,28,-2.1,-1.1832691431045532,-1.0587022304534912,0.9167308568954468,gated_ta_dpp,0.0418279173352804,0.8398607432102511,Li(NiO2)2,dpp_diverse,0,0
job_028_Co_fe_-0.810_n4_generated_crystals_cif__gen_3,28,-2.1,-1.4596580266952517,-1.5238240957260132,0.6403419733047484,gated_ta_dpp,0.0602083974643781,0.6812984744547551,Li(CoO2)2,dpp_diverse,0,0
job_055_Al_fe_-1.247_n4_generated_crystals_cif__gen_2,28,-2.1,-3.1440701484680176,-3.1589367389678955,-1.0440701484680175,gated_ta_dpp,0.0325614780261979,0.7582657089388879,LiAl2O4,dpp_diverse,0,0
job_166_Ni_fe_-0.847_n4_generated_crystals_cif__gen_1,28,-2.1,-1.003422737121582,-1.0404415130615234,1.096577262878418,gated_ta_dpp,0.0325084147973634,0.8503900348179595,Li(NiO2)2,dpp_diverse,0,0
job_039_Co_fe_-0.807_n4_generated_crystals_cif__gen_0,28,-2.1,-1.4588979482650757,-1.5000295639038086,0.6411020517349244,gated_ta_dpp,0.0601727672137306,0.6785540409433204,Li(CoO2)2,dpp_diverse,0,0
job_009_Ti_fe_-1.009_n4_generated_crystals_cif__gen_3,28,-2.1,-2.955435037612915,-3.144485712051392,-0.855435037612915,gated_ta_dpp,0.0422791026375365,0.6694003012298586,LiTi2O4,dpp_diverse,0,0
job_091_Ni_fe_-1.314_n4_generated_crystals_cif__gen_1,28,-2.1,-1.11537766456604,-1.053576946258545,0.98462233543396,gated_ta_dpp,0.0374016403623277,0.8037376590197878,Li(NiO2)2,dpp_diverse,0,0
job_025_Co_fe_-1.096_n4_generated_crystals_cif__gen_0,28,-2.1,-1.4424691200256348,-1.4963135719299316,0.6575308799743653,gated_ta_dpp,0.0588333741935956,0.6732417981764107,Li(CoO2)2,dpp_diverse,0,0
job_100_Co_fe_-1.485_n4_generated_crystals_cif__gen_3,28,-2.1,-1.4426442384719849,-1.4826509952545166,0.6573557615280152,gated_ta_dpp,0.0588901091329419,0.6597967164989056,Li(CoO2)2,dpp_diverse,0,0
job_150_Ti_fe_-0.897_n4_generated_crystals_cif__gen_1,28,-2.1,-3.073463201522827,-3.166491746902466,-0.9734632015228272,gated_ta_dpp,0.0339698912949351,0.6827683508914284,LiTi2O4,dpp_diverse,0,0
job_185_Co_fe_-0.960_n4_generated_crystals_cif__gen_0,29,-2.1,-1.4641093015670776,-1.5308841466903689,0.6358906984329225,gated_ta_dpp,0.0594476631654373,0.768231631795534,Li(CoO2)2,dpp_diverse,0,0
job_236_Ti_fe_-1.031_n4_generated_crystals_cif__gen_0,29,-2.1,-3.225037336349488,-3.2098093032836914,-1.1250373363494877,gated_ta_dpp,0.0334605777864043,1.0,LiTi2O4,dpp_diverse,0,0
job_198_Ni_fe_-1.023_n4_generated_crystals_cif__gen_3,29,-2.1,-1.0723823308944702,-1.0466629266738892,1.02761766910553,gated_ta_dpp,0.036228286615718,0.8833977932620722,Li(NiO2)2,dpp_diverse,0,0
job_010_Al_fe_-1.346_n4_generated_crystals_cif__gen_2,29,-2.1,-3.1003618240356445,-3.157589912414551,-1.0003618240356444,gated_ta_dpp,0.0300596625589953,0.6606521276636406,LiAl2O4,dpp_diverse,0,0
job_028_Co_fe_-0.810_n4_generated_crystals_cif__gen_1,29,-2.1,-1.408599615097046,-1.433193922042847,0.6914003849029542,gated_ta_dpp,0.055432219552993,0.7888677896759585,Li(CoO2)2,dpp_diverse,0,0
job_097_Ti_fe_-1.239_n4_generated_crystals_cif__gen_2,29,-2.1,-3.1556458473205566,-3.1700239181518555,-1.0556458473205566,gated_ta_dpp,0.0344141426606747,0.8647622085198853,LiTi2O4,dpp_diverse,0,0
job_038_Ni_fe_-1.176_n4_generated_crystals_cif__gen_1,29,-2.1,-1.1809401512145996,-0.9855294227600098,0.9190598487854004,gated_ta_dpp,0.0404336716416299,0.7812910464346717,Li(NiO2)2,dpp_diverse,0,0
job_144_Co_fe_-1.460_n4_generated_crystals_cif__gen_0,29,-2.1,-1.4573395252227783,-1.4710986614227295,0.6426604747772218,gated_ta_dpp,0.0593918608062716,0.7454991052318093,Li(CoO2)2,dpp_diverse,0,0
job_032_Co_fe_-1.386_n4_generated_crystals_cif__gen_3,29,-2.1,-1.4486736059188845,-1.5119526386260986,0.6513263940811156,gated_ta_dpp,0.0587663840140457,0.7454880646728255,Li(CoO2)2,dpp_diverse,0,0
job_211_Ti_fe_-1.424_n4_generated_crystals_cif__gen_2,29,-2.1,-3.188472986221313,-3.223515510559082,-1.088472986221313,gated_ta_dpp,0.0323590575108614,0.8505218618735202,LiTi2O4,dpp_diverse,0,0
job_023_Co_fe_-0.919_n4_generated_crystals_cif__gen_1,29,-2.1,-1.459186315536499,-1.454839110374451,0.6408136844635011,gated_ta_dpp,0.0601314891323216,0.7015149425321893,Li(CoO2)2,dpp_diverse,0,0
job_151_Al_fe_-1.416_n4_generated_crystals_cif__gen_1,29,-2.1,-3.0748322010040283,-3.069370985031128,-0.9748322010040282,gated_ta_dpp,0.0313133741008317,0.6502799753370274,LiAl2O4,dpp_diverse,0,0
job_175_Ni_fe_-1.315_n4_generated_crystals_cif__gen_1,29,-2.1,-1.0519896745681765,-1.0511988401412964,1.0480103254318236,gated_ta_dpp,0.0313595126424593,0.7519787885827407,Li(NiO2)2,dpp_diverse,0,0
job_034_Co_fe_-1.009_n4_generated_crystals_cif__gen_3,29,-2.1,-1.45448899269104,-1.45408034324646,0.64551100730896,gated_ta_dpp,0.0598599335503964,0.6878710047678381,Li(CoO2)2,dpp_diverse,0,0
job_035_Ti_fe_-1.046_n4_generated_crystals_cif__gen_0,29,-2.1,-3.128459930419922,-3.1796257495880127,-1.0284599304199218,gated_ta_dpp,0.0329150298836535,0.7611350298909743,LiTi2O4,dpp_diverse,0,0
job_051_Co_fe_-1.402_n4_generated_crystals_cif__gen_0,29,-2.1,-1.4522324800491333,-1.4711841344833374,0.6477675199508668,gated_ta_dpp,0.0597249822116578,0.6773271991127682,Li(CoO2)2,dpp_diverse,0,0
job_225_Co_fe_-1.375_n4_generated_crystals_cif__gen_2,30,-2.1,-1.4597615003585815,-1.4942165613174438,0.6402384996414185,gated_ta_dpp,0.0594654491665323,0.7654585903536126,Li(CoO2)2,dpp_diverse,0,0
job_001_Ti_fe_-1.307_n4_generated_crystals_cif__gen_3,30,-2.1,-3.2537038326263428,-3.079101085662842,-1.153703832626343,gated_ta_dpp,0.0321231675631668,1.0,LiTi2O4,dpp_diverse,0,0
job_247_Ni_fe_-1.069_n4_generated_crystals_cif__gen_2,30,-2.1,-0.9210541248321532,-0.9956089854240416,1.1789458751678468,gated_ta_dpp,0.0303448478966514,0.9596339489654736,Li(NiO2)2,dpp_diverse,0,0
job_025_Co_fe_-1.096_n4_generated_crystals_cif__gen_1,30,-2.1,-1.451704978942871,-1.4404375553131104,0.648295021057129,gated_ta_dpp,0.0589949001863528,0.7590153557532014,Li(CoO2)2,dpp_diverse,0,0
job_242_Ti_fe_-1.214_n4_generated_crystals_cif__gen_0,30,-2.1,-3.2214784622192383,-3.160521984100342,-1.1214784622192382,gated_ta_dpp,0.0320946132777453,0.9201477521975936,LiTi2O4,dpp_diverse,0,0
job_090_Al_fe_-0.837_n4_generated_crystals_cif__gen_2,30,-2.1,-3.090078353881836,-3.1492702960968018,-0.9900783538818358,gated_ta_dpp,0.0288555750991228,0.643993089419274,LiAl2O4,dpp_diverse,0,0
job_218_Ni_fe_-1.221_n4_generated_crystals_cif__gen_3,30,-2.1,-0.7705264091491699,-0.9321960210800172,1.3294735908508302,gated_ta_dpp,0.023636838987576,0.9405704986098844,Li(NiO2)2,dpp_diverse,0,0
job_144_Co_fe_-1.460_n4_generated_crystals_cif__gen_2,30,-2.1,-1.4708019495010376,-1.5255531072616575,0.6291980504989625,gated_ta_dpp,0.0614008257886345,0.6854282316726816,Li(CoO2)2,dpp_diverse,0,0
job_027_Ti_fe_-1.340_n4_generated_crystals_cif__gen_2,30,-2.1,-3.214069128036499,-3.208082675933838,-1.114069128036499,gated_ta_dpp,0.0309385282004661,0.860246626387632,LiTi2O4,dpp_diverse,0,0
job_032_Co_fe_-1.386_n4_generated_crystals_cif__gen_0,30,-2.1,-1.4592325687408447,-1.4978969097137451,0.6407674312591554,gated_ta_dpp,0.060338021520127,0.6917708089835677,Li(CoO2)2,dpp_diverse,0,0
job_091_Ni_fe_-1.314_n4_generated_crystals_cif__gen_2,30,-2.1,-0.9306638240814208,-0.9849172234535216,1.1693361759185792,gated_ta_dpp,0.0282073407007215,0.8614305936540905,Li(NiO2)2,dpp_diverse,0,0
job_075_Co_fe_-0.911_n4_generated_crystals_cif__gen_1,30,-2.1,-1.311925172805786,-1.359947681427002,0.7880748271942142,gated_ta_dpp,0.0489427689724928,0.7754614010611067,Li(CoO2)2,dpp_diverse,0,0
job_209_Ti_fe_-0.932_n4_generated_crystals_cif__gen_0,30,-2.1,-3.197507381439209,-3.2299835681915283,-1.097507381439209,gated_ta_dpp,0.0314472372044225,0.8483910811398784,LiTi2O4,dpp_diverse,0,0
job_082_Co_fe_-0.885_n4_generated_crystals_cif__gen_0,30,-2.1,-1.4581059217453003,-1.4394774436950684,0.6418940782546998,gated_ta_dpp,0.0602650306407975,0.686895769395024,Li(CoO2)2,dpp_diverse,0,0
job_157_Ni_fe_-1.031_n4_generated_crystals_cif__gen_2,30,-2.1,-1.0904241800308228,-1.047560691833496,1.0095758199691771,gated_ta_dpp,0.0340120008494499,0.7731018483067823,Li(NiO2)2,dpp_diverse,0,0
job_237_Co_fe_-1.198_n4_generated_crystals_cif__gen_0,30,-2.1,-1.245908260345459,-1.3146519660949707,0.8540917396545411,gated_ta_dpp,0.0447013462182632,0.7973655284911636,Li(CoO2)2,dpp_diverse,0,0
job_039_Co_fe_-0.807_n4_generated_crystals_cif__gen_3,31,-2.1,-1.377936840057373,-1.3987467288970947,0.722063159942627,gated_ta_dpp,0.0530374334566283,0.8350616337099235,Li(CoO2)2,dpp_diverse,0,0
job_103_Ti_fe_-1.058_n4_generated_crystals_cif__gen_1,31,-2.1,-3.149757146835327,-3.1783907413482666,-1.049757146835327,gated_ta_dpp,0.0364211974585179,0.9833088422094944,LiTi2O4,dpp_diverse,0,0
job_049_Al_fe_-1.223_n4_generated_crystals_cif__gen_3,31,-2.1,-3.118229389190674,-3.159355401992798,-1.0182293891906735,gated_ta_dpp,0.0360114482342817,0.8519433801071825,LiAl2O4,dpp_diverse,0,0
job_132_Ni_fe_-0.895_n4_generated_crystals_cif__gen_1,31,-2.1,-0.981164574623108,-1.0019932985305786,1.1188354253768922,gated_ta_dpp,0.0301741939846356,0.8353458078583227,Li(NiO2)2,dpp_diverse,0,0
job_191_Ti_fe_-0.867_n4_generated_crystals_cif__gen_0,31,-2.1,-3.098792314529419,-3.1645193099975586,-0.9987923145294187,gated_ta_dpp,0.0384889625009813,0.959609607222129,LiTi2O4,dpp_diverse,0,0
job_072_Co_fe_-0.820_n4_generated_crystals_cif__gen_0,31,-2.1,-1.4342974424362185,-1.4278587102890017,0.6657025575637816,gated_ta_dpp,0.0572902644962061,0.7834080093907545,Li(CoO2)2,dpp_diverse,0,0
job_236_Ti_fe_-1.031_n4_generated_crystals_cif__gen_1,31,-2.1,-3.2178566455841064,-3.218061923980713,-1.1178566455841064,gated_ta_dpp,0.0337279433145759,1.0,LiTi2O4,dpp_diverse,0,0
job_215_Co_fe_-1.286_n4_generated_crystals_cif__gen_2,31,-2.1,-1.4779515266418457,-1.5091619491577148,0.6220484733581544,gated_ta_dpp,0.0618320916614738,0.6969080928142407,Li(CoO2)2,dpp_diverse,0,0
job_121_Ni_fe_-1.367_n4_generated_crystals_cif__gen_3,31,-2.1,-1.1399050951004028,-1.07256817817688,0.9600949048995971,gated_ta_dpp,0.0366885603895194,0.7511560615530648,Li(NiO2)2,dpp_diverse,0,0
job_116_Ti_fe_-1.462_n4_generated_crystals_cif__gen_3,31,-2.1,-3.1924080848693848,-3.225926160812378,-1.092408084869385,gated_ta_dpp,0.0346393820808732,0.9871411764072626,LiTi2O4,dpp_diverse,0,0
job_246_Al_fe_-1.026_n4_generated_crystals_cif__gen_0,31,-2.1,-2.970721483230591,-2.729271650314331,-0.8707214832305907,gated_ta_dpp,0.0404771269083451,0.6789438118281276,LiAl2O4,dpp_diverse,0,0
job_072_Co_fe_-0.820_n4_generated_crystals_cif__gen_3,31,-2.1,-1.485663652420044,-1.448652267456055,0.6143363475799561,gated_ta_dpp,0.0627491457355493,0.6764129253853362,Li(CoO2)2,dpp_diverse,0,0
job_095_Ni_fe_-1.001_n4_generated_crystals_cif__gen_0,31,-2.1,-0.9737462997436525,-0.9382359385490416,1.1262537002563475,gated_ta_dpp,0.0288753804581822,0.809324573569508,Li(NiO2)2,dpp_diverse,0,0
job_028_Co_fe_-0.810_n4_generated_crystals_cif__gen_0,31,-2.1,-1.4721132516860962,-1.4401788711547852,0.6278867483139039,gated_ta_dpp,0.0613875556555191,0.6025266640905689,Li(CoO2)2,dpp_diverse,0,0
job_222_Ti_fe_-0.813_n4_generated_crystals_cif__gen_3,31,-2.1,-3.1583378314971924,-3.177081823348999,-1.0583378314971923,gated_ta_dpp,0.0328685175601357,0.8172902889694984,LiTi2O4,dpp_diverse,0,0
job_056_Ni_fe_-1.143_n4_generated_crystals_cif__gen_3,31,-2.1,-1.0149588584899902,-0.9739118814468384,1.08504114151001,gated_ta_dpp,0.029149211759691,0.7589996981599914,Li(NiO2)2,dpp_diverse,0,0
job_137_Al_fe_-1.012_n4_generated_crystals_cif__gen_3,32,-2.1,-3.072601556777954,-3.076055765151977,-0.972601556777954,gated_ta_dpp,0.0397764164268641,1.0,LiAl2O4,dpp_diverse,0,0
job_048_Co_fe_-1.351_n4_generated_crystals_cif__gen_0,32,-2.1,-1.4131929874420166,-1.3924156427383425,0.6868070125579835,gated_ta_dpp,0.0554037865048641,0.7817816329653645,Li(CoO2)2,dpp_diverse,0,0
job_103_Ti_fe_-1.058_n4_generated_crystals_cif__gen_3,32,-2.1,-3.20743989944458,-3.122195243835449,-1.10743989944458,gated_ta_dpp,0.033958620500893,0.9410325322633988,LiTi2O4,dpp_diverse,0,0
job_166_Ni_fe_-0.847_n4_generated_crystals_cif__gen_0,32,-2.1,-0.9848074913024902,-0.9668550491333008,1.11519250869751,gated_ta_dpp,0.03256165821359,0.8796874400022857,Li(NiO2)2,dpp_diverse,0,0
job_161_Co_fe_-0.850_n4_generated_crystals_cif__gen_1,32,-2.1,-1.4837933778762815,-1.4739354848861694,0.6162066221237186,gated_ta_dpp,0.0612061941408372,0.7230195497134512,Li(CoO2)2,dpp_diverse,0,0
job_109_Ti_fe_-0.845_n4_generated_crystals_cif__gen_1,32,-2.1,-3.169118404388428,-3.188997983932495,-1.069118404388428,gated_ta_dpp,0.0351898531093461,0.9083971234994572,LiTi2O4,dpp_diverse,0,0
job_049_Al_fe_-1.223_n4_generated_crystals_cif__gen_2,32,-2.1,-2.843461275100708,-2.908756971359253,-0.7434612751007079,gated_ta_dpp,0.0518347789817505,0.6864836246171007,LiAl2O4,dpp_diverse,0,0
job_161_Co_fe_-0.850_n4_generated_crystals_cif__gen_2,32,-2.1,-1.4413427114486694,-1.4287563562393188,0.6586572885513307,gated_ta_dpp,0.0576219858206593,0.7566514504731814,Li(CoO2)2,dpp_diverse,0,0
job_099_Ni_fe_-1.343_n4_generated_crystals_cif__gen_3,32,-2.1,-1.1139166355133057,-1.0807764530181885,0.9860833644866944,gated_ta_dpp,0.0358666666848259,0.7427495613571916,Li(NiO2)2,dpp_diverse,0,0
job_025_Co_fe_-1.096_n4_generated_crystals_cif__gen_3,32,-2.1,-1.3905564546585083,-1.3599703311920166,0.7094435453414918,gated_ta_dpp,0.0543985484699999,0.743935758568398,Li(CoO2)2,dpp_diverse,0,0
job_198_Ni_fe_-1.023_n4_generated_crystals_cif__gen_2,32,-2.1,-0.9651095867156982,-0.9974856376647948,1.1348904132843018,gated_ta_dpp,0.0293238903448167,0.7984364647669183,Li(NiO2)2,dpp_diverse,0,0
job_180_Ti_fe_-0.903_n4_generated_crystals_cif__gen_2,32,-2.1,-3.220032215118408,-3.195331573486328,-1.120032215118408,gated_ta_dpp,0.0298106974033159,0.790313582515265,LiTi2O4,dpp_diverse,0,0
job_184_Co_fe_-1.469_n4_generated_crystals_cif__gen_0,32,-2.1,-1.2433992624282837,-1.350908875465393,0.8566007375717164,gated_ta_dpp,0.0447935274006385,0.7750285421216283,Li(CoO2)2,dpp_diverse,0,0
job_123_Ni_fe_-1.305_n4_generated_crystals_cif__gen_3,32,-2.1,-1.0175728797912598,-1.031505107879639,1.0824271202087403,gated_ta_dpp,0.0313006397495979,0.7750730645364167,Li(NiO2)2,dpp_diverse,0,0
job_169_Al_fe_-0.916_n4_generated_crystals_cif__gen_1,32,-2.1,-2.96375584602356,-2.8976054191589355,-0.8637558460235599,gated_ta_dpp,0.0390513773013468,0.6090815261176596,LiAl2O4,dpp_diverse,0,0
job_107_Co_fe_-1.032_n4_generated_crystals_cif__gen_2,32,-2.1,-1.4816077947616575,-1.5088258981704712,0.6183922052383426,gated_ta_dpp,0.0624443541068859,0.5755053475221855,Li(CoO2)2,dpp_diverse,0,0
job_090_Al_fe_-0.837_n4_generated_crystals_cif__gen_3,33,-2.1,-3.209105968475342,-3.158353090286255,-1.1091059684753417,gated_ta_dpp,0.0346876772648218,1.0,LiAl2O4,dpp_diverse,0,0
job_168_Co_fe_-1.301_n4_generated_crystals_cif__gen_3,33,-2.1,-1.4665498733520508,-1.4167627096176147,0.6334501266479493,gated_ta_dpp,0.0587895141705751,0.7404683045330472,Li(CoO2)2,dpp_diverse,0,0
job_093_Ni_fe_-0.850_n4_generated_crystals_cif__gen_2,33,-2.1,-1.1032804250717163,-1.0448346138000488,0.9967195749282838,gated_ta_dpp,0.0367620094226144,0.7612565841561318,Li(NiO2)2,dpp_diverse,0,0
job_040_Ti_fe_-1.018_n4_generated_crystals_cif__gen_1,33,-2.1,-3.253722906112671,-3.216468811035156,-1.1537229061126708,gated_ta_dpp,0.0282184206466264,0.759761855737565,LiTi2O4,dpp_diverse,0,0
job_072_Co_fe_-0.820_n4_generated_crystals_cif__gen_1,33,-2.1,-1.5114068984985352,-1.5023396015167236,0.5885931015014649,gated_ta_dpp,0.0626576176144359,0.7026691793845992,Li(CoO2)2,dpp_diverse,0,0
job_243_Al_fe_-1.012_n4_generated_crystals_cif__gen_2,33,-2.1,-3.153716564178467,-3.132365226745605,-1.0537165641784667,gated_ta_dpp,0.0332910575449398,0.7518646029846702,LiAl2O4,dpp_diverse,0,0
job_156_Co_fe_-0.846_n4_generated_crystals_cif__gen_2,33,-2.1,-1.5065021514892578,-1.5027905702590942,0.5934978485107423,gated_ta_dpp,0.0644852814002255,0.6141867829880601,Li(CoO2)2,dpp_diverse,0,0
job_002_Ni_fe_-1.402_n4_generated_crystals_cif__gen_3,33,-2.1,-1.071691870689392,-1.0625159740447998,1.028308129310608,gated_ta_dpp,0.0338242195857502,0.7226775964850402,Li(NiO2)2,dpp_diverse,0,0
job_103_Ti_fe_-1.058_n4_generated_crystals_cif__gen_0,33,-2.1,-3.2348456382751465,-3.1223461627960205,-1.1348456382751464,gated_ta_dpp,0.0285583714552907,0.7423753630221938,LiTi2O4,dpp_diverse,0,0
job_018_Co_fe_-0.907_n4_generated_crystals_cif__gen_0,33,-2.1,-1.5165129899978638,-1.4637501239776611,0.5834870100021363,gated_ta_dpp,0.0656259380914752,0.600457755229632,Li(CoO2)2,dpp_diverse,0,0
job_108_Ni_fe_-1.123_n4_generated_crystals_cif__gen_1,33,-2.1,-1.1161627769470217,-1.0526087284088137,0.9838372230529784,gated_ta_dpp,0.0357382408710068,0.6983894579695081,Li(NiO2)2,dpp_diverse,0,0
job_141_Co_fe_-1.348_n4_generated_crystals_cif__gen_1,33,-2.1,-1.416969895362854,-1.3483400344848633,0.6830301046371461,gated_ta_dpp,0.0564626125542168,0.6827138697789042,Li(CoO2)2,dpp_diverse,0,0
job_033_Co_fe_-1.353_n4_generated_crystals_cif__gen_2,33,-2.1,-1.5083779096603394,-1.4434622526168823,0.5916220903396607,gated_ta_dpp,0.0648517734629979,0.6027086352688847,Li(CoO2)2,dpp_diverse,0,0
job_078_Ni_fe_-1.122_n4_generated_crystals_cif__gen_3,33,-2.1,-1.110142946243286,-1.054322361946106,0.9898570537567142,gated_ta_dpp,0.0351467371306738,0.6925019503088872,Li(NiO2)2,dpp_diverse,0,0
job_107_Co_fe_-1.032_n4_generated_crystals_cif__gen_0,33,-2.1,-1.508098006248474,-1.408832311630249,0.5919019937515262,gated_ta_dpp,0.0649528900819986,0.5947010609188832,Li(CoO2)2,dpp_diverse,0,0
job_000_Ti_fe_-1.422_n4_generated_crystals_cif__gen_0,33,-2.1,-3.2097606658935547,-3.170725584030152,-1.1097606658935546,gated_ta_dpp,0.0247599603478937,0.6314339497803862,LiTi2O4,dpp_diverse,0,0
job_135_Co_fe_-0.851_n4_generated_crystals_cif__gen_1,34,-2.1,-1.7889163494110107,-1.5070674419403076,0.3110836505889893,gated_ta_dpp,0.1211984451388865,0.3813868581879635,Li(CoO2)2,dpp_diverse,0,0
job_131_Al_fe_-1.160_n4_generated_crystals_cif__gen_2,34,-2.1,-3.1913678646087646,-2.906257390975952,-1.0913678646087646,gated_ta_dpp,0.0344938329705025,1.0,LiAl2O4,dpp_diverse,0,0
job_084_Ni_fe_-1.459_n4_generated_crystals_cif__gen_1,34,-2.1,-1.3488821983337402,-1.04414701461792,0.7511178016662599,gated_ta_dpp,0.0510842985901393,0.8866279567263923,Li(NiO2)2,dpp_diverse,0,0
job_144_Co_fe_-1.460_n4_generated_crystals_cif__gen_1,34,-2.1,-1.7850559949874878,-1.489244818687439,0.3149440050125123,gated_ta_dpp,0.1205437114975075,0.376110944363026,Li(CoO2)2,dpp_diverse,0,0
job_138_Ti_fe_-0.803_n4_generated_crystals_cif__gen_3,34,-2.1,-3.455796241760254,-3.1692347526550293,-1.3557962417602538,gated_ta_dpp,0.0218630658265028,0.934990240099564,LiTi2O4,dpp_diverse,0,0
job_104_Ni_fe_-1.453_n4_generated_crystals_cif__gen_0,34,-2.1,-1.2966434955596924,-1.0721954107284546,0.8033565044403077,gated_ta_dpp,0.0481003715011669,0.8992876987621631,Li(NiO2)2,dpp_diverse,0,0
job_158_Co_fe_-1.333_n4_generated_crystals_cif__gen_2,34,-2.1,-1.7825398445129397,-1.4988386631011963,0.3174601554870604,gated_ta_dpp,0.1116684354957185,0.4606743200824658,Li(CoO2)2,dpp_diverse,0,0
job_100_Co_fe_-1.485_n4_generated_crystals_cif__gen_0,34,-2.1,-1.7773494720458984,-1.509009838104248,0.3226505279541016,gated_ta_dpp,0.1171829156643209,0.3924066083779582,Li(CoO2)2,dpp_diverse,0,0
job_046_Ni_fe_-0.861_n4_generated_crystals_cif__gen_1,34,-2.1,-1.4191471338272097,-1.056857347488403,0.6808528661727904,gated_ta_dpp,0.0566077947649079,0.7777701340018318,Li(NiO2)2,dpp_diverse,0,0
job_185_Co_fe_-0.960_n4_generated_crystals_cif__gen_2,34,-2.1,-1.7800767421722412,-1.4677742719650269,0.3199232578277589,gated_ta_dpp,0.0893686683761659,0.6654120261284303,Li(CoO2)2,dpp_diverse,0,0
job_032_Co_fe_-1.386_n4_generated_crystals_cif__gen_2,34,-2.1,-1.7369239330291748,-1.4285393953323364,0.3630760669708253,gated_ta_dpp,0.0906305148947861,0.6117258989261837,Li(CoO2)2,dpp_diverse,0,0
job_015_Ni_fe_-1.349_n4_generated_crystals_cif__gen_1,34,-2.1,-1.338333249092102,-1.04986572265625,0.761666750907898,gated_ta_dpp,0.050627412205315,0.7632167270991541,Li(NiO2)2,dpp_diverse,0,0
job_109_Ti_fe_-0.845_n4_generated_crystals_cif__gen_2,34,-2.1,-3.446006774902344,-3.14417576789856,-1.346006774902344,gated_ta_dpp,0.0187659738679181,0.8408103689995021,LiTi2O4,dpp_diverse,0,0
job_100_Co_fe_-1.485_n4_generated_crystals_cif__gen_1,34,-2.1,-1.7155768871307373,-1.419140100479126,0.3844231128692628,gated_ta_dpp,0.0995558710481587,0.447911441614727,Li(CoO2)2,dpp_diverse,0,0
job_041_Ni_fe_-1.021_n4_generated_crystals_cif__gen_1,34,-2.1,-1.3065330982208252,-1.024953842163086,0.7934669017791749,gated_ta_dpp,0.0484543024267824,0.7804134102991409,Li(NiO2)2,dpp_diverse,0,0
job_193_Co_fe_-1.092_n4_generated_crystals_cif__gen_3,34,-2.1,-1.780405044555664,-1.5073931217193604,0.319594955444336,gated_ta_dpp,0.1158622507117881,0.2623761737730483,Li(CoO2)2,dpp_diverse,0,0
job_238_Ti_fe_-0.855_n4_generated_crystals_cif__gen_0,35,-2.1,-3.2590994834899902,-3.238698720932007,-1.15909948348999,gated_ta_dpp,0.031469656898365,1.0,LiTi2O4,dpp_diverse,0,0
job_165_Ni_fe_-1.146_n4_generated_crystals_cif__gen_3,35,-2.1,-1.0563530921936035,-1.009853720664978,1.0436469078063966,gated_ta_dpp,0.036008829565707,0.9544925324316776,Li(NiO2)2,dpp_diverse,0,0
job_210_Co_fe_-1.389_n4_generated_crystals_cif__gen_2,35,-2.1,-1.5498919486999512,-1.4283642768859863,0.5501080513000489,gated_ta_dpp,0.0691533785058821,0.4764220666941032,Li(CoO2)2,dpp_diverse,0,0
job_218_Ni_fe_-1.221_n4_generated_crystals_cif__gen_1,35,-2.1,-1.0344265699386597,-0.9765410423278807,1.0655734300613404,gated_ta_dpp,0.0348197493582968,0.9449655200443016,Li(NiO2)2,dpp_diverse,0,0
job_115_Al_fe_-1.173_n4_generated_crystals_cif__gen_0,35,-2.1,-3.175511360168457,-3.1091599464416504,-1.075511360168457,gated_ta_dpp,0.0174321681306275,0.5581725697932879,LiAl2O4,dpp_diverse,0,0
job_187_Ni_fe_-0.981_n4_generated_crystals_cif__gen_2,35,-2.1,-1.0482985973358154,-0.967257559299469,1.0517014026641849,gated_ta_dpp,0.0350106064050605,0.9155782744501316,Li(NiO2)2,dpp_diverse,0,0
job_150_Ti_fe_-0.897_n4_generated_crystals_cif__gen_3,35,-2.1,-3.286038637161255,-3.2254765033721924,-1.1860386371612548,gated_ta_dpp,0.0207618123996655,0.7139485136639608,LiTi2O4,dpp_diverse,0,0
job_048_Co_fe_-1.351_n4_generated_crystals_cif__gen_3,35,-2.1,-1.262817621231079,-1.357923984527588,0.837182378768921,gated_ta_dpp,0.0304928215104339,0.4852068779837453,Li(CoO2)2,dpp_diverse,0,0
job_198_Ni_fe_-1.023_n4_generated_crystals_cif__gen_0,35,-2.1,-1.1492600440979004,-1.0517443418502808,0.9507399559020996,gated_ta_dpp,0.0363183734265112,0.7345495226953132,Li(NiO2)2,dpp_diverse,0,0
job_097_Ti_fe_-1.239_n4_generated_crystals_cif__gen_3,35,-2.1,-3.231240749359131,-3.2389488220214844,-1.1312407493591308,gated_ta_dpp,0.0217039500045951,0.6752360166358431,LiTi2O4,dpp_diverse,0,0
job_015_Ni_fe_-1.349_n4_generated_crystals_cif__gen_2,35,-2.1,-1.1468069553375244,-1.0664689540863037,0.9531930446624756,gated_ta_dpp,0.0363224698721965,0.7394112478061262,Li(NiO2)2,dpp_diverse,0,0
job_241_Co_fe_-1.145_n4_generated_crystals_cif__gen_2,35,-2.1,-1.4501328468322754,-1.3559165000915527,0.6498671531677247,gated_ta_dpp,0.0431667769109235,0.3792189842193917,Li(CoO2)2,dpp_diverse,0,0
job_078_Ni_fe_-1.122_n4_generated_crystals_cif__gen_0,35,-2.1,-1.0523958206176758,-0.9988322257995604,1.0476041793823243,gated_ta_dpp,0.0304092053553242,0.7479926898576786,Li(NiO2)2,dpp_diverse,0,0
job_209_Ti_fe_-0.932_n4_generated_crystals_cif__gen_1,35,-2.1,-3.2509732246398926,-3.172770738601685,-1.1509732246398925,gated_ta_dpp,0.0188664652559976,0.6457497481935519,LiTi2O4,dpp_diverse,0,0
job_194_Ni_fe_-1.199_n4_generated_crystals_cif__gen_0,35,-2.1,-1.1009800434112549,-1.0337648391723633,0.9990199565887452,gated_ta_dpp,0.0319584665245231,0.710238334075364,Li(NiO2)2,dpp_diverse,0,0
job_123_Ni_fe_-1.305_n4_generated_crystals_cif__gen_1,35,-2.1,-1.062239408493042,-0.929029107093811,1.037760591506958,gated_ta_dpp,0.0297258177111308,0.7181551431156855,Li(NiO2)2,dpp_diverse,0,0
job_038_Ni_fe_-1.176_n4_generated_crystals_cif__gen_0,36,-2.1,-1.1020731925964355,-1.0522937774658203,0.9979268074035644,gated_ta_dpp,0.0354974358970578,0.8083006840973597,Li(NiO2)2,threshold_greedy,0,0
job_102_Ni_fe_-1.495_n4_generated_crystals_cif__gen_2,36,-2.1,-1.1069376468658447,-1.052438497543335,0.9930623531341554,gated_ta_dpp,0.0322748825334003,0.7117795436442611,Li(NiO2)2,threshold_greedy,0,0
job_107_Co_fe_-1.032_n4_generated_crystals_cif__gen_1,36,-2.1,-1.5433051586151123,-1.4972996711730957,0.5566948413848878,gated_ta_dpp,0.0320282400756462,0.2396525140584144,Li(CoO2)2,threshold_greedy,0,0
job_001_Ti_fe_-1.307_n4_generated_crystals_cif__gen_2,36,-2.1,-3.279160022735596,-3.216064214706421,-1.179160022735596,gated_ta_dpp,0.030582135994816,1.0,LiTi2O4,threshold_greedy,0,0
job_077_Ni_fe_-1.238_n4_generated_crystals_cif__gen_3,36,-2.1,-1.1150766611099243,-1.0573275089263916,0.9849233388900758,gated_ta_dpp,0.030250070347273,0.6605263460051717,Li(NiO2)2,threshold_greedy,0,0
job_026_Ti_fe_-1.451_n4_generated_crystals_cif__gen_2,36,-2.1,-3.2935609817504883,-3.208275079727173,-1.1935609817504882,gated_ta_dpp,0.0296555202138177,0.9833721714923874,LiTi2O4,threshold_greedy,0,0
job_070_Ni_fe_-1.182_n4_generated_crystals_cif__gen_3,36,-2.1,-1.0810366868972778,-1.07492196559906,1.0189633131027225,gated_ta_dpp,0.0294843766579772,0.6912228867011412,Li(NiO2)2,threshold_greedy,0,0
job_078_Ni_fe_-1.122_n4_generated_crystals_cif__gen_1,36,-2.1,-1.1854937076568604,-1.0738767385482788,0.9145062923431396,gated_ta_dpp,0.0278004635793764,0.5425071360749608,Li(NiO2)2,threshold_greedy,0,0
job_104_Ni_fe_-1.453_n4_generated_crystals_cif__gen_2,36,-2.1,-1.1060951948165894,-1.062983751296997,0.9939048051834108,gated_ta_dpp,0.0274003991951832,0.6244632621430718,Li(NiO2)2,threshold_greedy,0,0
job_183_Ti_fe_-1.203_n4_generated_crystals_cif__gen_3,36,-2.1,-3.2274813652038574,-3.170330762863159,-1.127481365203857,gated_ta_dpp,0.0260768833328715,0.761370153775661,LiTi2O4,threshold_greedy,0,0
job_102_Ni_fe_-1.495_n4_generated_crystals_cif__gen_3,36,-2.1,-1.087440013885498,-1.0729703903198242,1.012559986114502,gated_ta_dpp,0.0258086451512676,0.6209943581902625,Li(NiO2)2,threshold_greedy,0,0
job_150_Ti_fe_-0.897_n4_generated_crystals_cif__gen_0,36,-2.1,-3.276051998138428,-3.2228002548217773,-1.176051998138428,gated_ta_dpp,0.0241809159560497,0.7785574369020493,LiTi2O4,threshold_greedy,0,0
job_237_Co_fe_-1.198_n4_generated_crystals_cif__gen_3,36,-2.1,-1.5102617740631104,-1.4116817712783811,0.5897382259368897,gated_ta_dpp,0.0231528732733698,0.231576435766775,Li(CoO2)2,threshold_greedy,0,0
job_217_Ni_fe_-1.483_n4_generated_crystals_cif__gen_2,36,-2.1,-1.0432510375976562,-0.9711276292800904,1.0567489624023438,gated_ta_dpp,0.0230444075954039,0.6253955105232418,Li(NiO2)2,threshold_greedy,0,0
job_221_Ti_fe_-1.143_n4_generated_crystals_cif__gen_3,36,-2.1,-3.280451774597168,-3.220663547515869,-1.180451774597168,gated_ta_dpp,0.0216316949197361,0.7288867148745343,LiTi2O4,threshold_greedy,0,0
job_026_Ti_fe_-1.451_n4_generated_crystals_cif__gen_0,36,-2.1,-3.284231185913086,-3.215111494064331,-1.1842311859130858,gated_ta_dpp,0.0214610404883638,0.7294725097103295,LiTi2O4,threshold_greedy,0,0
job_168_Co_fe_-1.301_n4_generated_crystals_cif__gen_0,37,-2.1,-1.4121884107589722,-1.3794684410095217,0.6878115892410279,gated_ta_dpp,0.0327153863932275,0.3757175944101873,Li(CoO2)2,threshold_greedy,0,0
job_060_Ti_fe_-1.204_n4_generated_crystals_cif__gen_3,37,-2.1,-3.2266933917999268,-3.218674898147583,-1.126693391799927,gated_ta_dpp,0.0321964128220789,1.0,LiTi2O4,threshold_greedy,0,0
job_014_Al_fe_-1.262_n4_generated_crystals_cif__gen_1,37,-2.1,-3.177135467529297,-3.148024797439575,-1.0771354675292968,gated_ta_dpp,0.0321078226023987,0.8847700507510272,LiAl2O4,threshold_greedy,0,0
job_177_Ni_fe_-1.309_n4_generated_crystals_cif__gen_1,37,-2.1,-0.9919581413269044,-0.9759045243263244,1.1080418586730958,gated_ta_dpp,0.0318749240361797,0.9399393667698676,Li(NiO2)2,threshold_greedy,0,0
job_084_Ni_fe_-1.459_n4_generated_crystals_cif__gen_0,37,-2.1,-1.064543604850769,-1.056497573852539,1.035456395149231,gated_ta_dpp,0.0289870310826727,0.7330647743643453,Li(NiO2)2,threshold_greedy,0,0
job_046_Ni_fe_-0.861_n4_generated_crystals_cif__gen_3,37,-2.1,-1.0501426458358765,-1.0609701871871948,1.0498573541641236,gated_ta_dpp,0.0266499096051273,0.7060974023968599,Li(NiO2)2,threshold_greedy,0,0
job_095_Ni_fe_-1.001_n4_generated_crystals_cif__gen_3,37,-2.1,-1.0466079711914062,-1.0219249725341797,1.0533920288085938,gated_ta_dpp,0.0258960748177831,0.6966130160874435,Li(NiO2)2,threshold_greedy,0,0
job_093_Ni_fe_-0.850_n4_generated_crystals_cif__gen_3,37,-2.1,-1.0840461254119873,-1.0917706489562988,1.0159538745880128,gated_ta_dpp,0.0244340034472573,0.6306955839519739,Li(NiO2)2,threshold_greedy,0,0
job_166_Ni_fe_-0.847_n4_generated_crystals_cif__gen_2,37,-2.1,-1.0557609796524048,-1.0386276245117188,1.0442390203475953,gated_ta_dpp,0.024297564573685,0.6590847679593143,Li(NiO2)2,threshold_greedy,0,0
job_180_Ti_fe_-0.903_n4_generated_crystals_cif__gen_1,37,-2.1,-3.222825765609741,-3.188894510269165,-1.1228257656097411,gated_ta_dpp,0.0236969069496871,0.736400634428642,LiTi2O4,threshold_greedy,0,0
job_070_Ni_fe_-1.182_n4_generated_crystals_cif__gen_2,37,-2.1,-1.0399730205535889,-1.0612940788269043,1.0600269794464112,gated_ta_dpp,0.0230705086025407,0.6563368038863079,Li(NiO2)2,threshold_greedy,0,0
job_081_Al_fe_-1.486_n4_generated_crystals_cif__gen_3,37,-2.1,-3.133427858352661,-3.1494154930114746,-1.033427858352661,gated_ta_dpp,0.022440368579942,0.6195135851554401,LiAl2O4,threshold_greedy,0,0
job_238_Ti_fe_-0.855_n4_generated_crystals_cif__gen_1,37,-2.1,-3.188448429107666,-3.1493923664093018,-1.088448429107666,gated_ta_dpp,0.0223266544104596,0.6739496008666501,LiTi2O4,threshold_greedy,0,0
job_054_Al_fe_-0.872_n4_generated_crystals_cif__gen_2,37,-2.1,-3.076901912689209,-3.1348016262054443,-0.9769019126892088,gated_ta_dpp,0.0219948399823123,0.5587812979012031,LiAl2O4,threshold_greedy,0,0
job_052_Ti_fe_-1.107_n4_generated_crystals_cif__gen_3,37,-2.1,-3.224703788757324,-3.1930625438690186,-1.124703788757324,gated_ta_dpp,0.0211977580471245,0.6921228414172307,LiTi2O4,threshold_greedy,0,0
job_245_Al_fe_-1.035_n4_generated_crystals_cif__gen_2,37,-2.1,-3.1798970699310303,-3.161607027053833,-1.0798970699310302,gated_ta_dpp,0.0202927046003371,0.6330895680331924,LiAl2O4,threshold_greedy,0,0
job_186_Ti_fe_-0.814_n4_generated_crystals_cif__gen_2,38,-2.1,-3.1241395473480225,-3.2026076316833496,-1.0241395473480224,gated_ta_dpp,0.0367758264572479,1.0,LiTi2O4,threshold_greedy,0,0
job_160_Ti_fe_-1.290_n4_generated_crystals_cif__gen_2,38,-2.1,-3.144498348236084,-3.230051755905152,-1.044498348236084,gated_ta_dpp,0.0312332678949873,0.8096205392750975,LiTi2O4,threshold_greedy,0,0
job_108_Ni_fe_-1.123_n4_generated_crystals_cif__gen_3,38,-2.1,-1.09514319896698,-1.051612377166748,1.00485680103302,gated_ta_dpp,0.0311368108494136,0.7425176268598748,Li(NiO2)2,threshold_greedy,0,0
job_084_Ni_fe_-1.459_n4_generated_crystals_cif__gen_3,38,-2.1,-1.0373265743255615,-1.0500950813293457,1.0626734256744386,gated_ta_dpp,0.031038011823157,0.8356833733783277,Li(NiO2)2,threshold_greedy,0,0
job_027_Ti_fe_-1.340_n4_generated_crystals_cif__gen_3,38,-2.1,-3.1149239540100098,-3.127559900283813,-1.0149239540100097,gated_ta_dpp,0.0286717818454772,0.7057023594596936,LiTi2O4,threshold_greedy,0,0
job_132_Ni_fe_-0.895_n4_generated_crystals_cif__gen_0,38,-2.1,-1.0211082696914673,-1.0583908557891846,1.0788917303085328,gated_ta_dpp,0.0259833131923661,0.7366400312943975,Li(NiO2)2,threshold_greedy,0,0
job_060_Ti_fe_-1.204_n4_generated_crystals_cif__gen_1,38,-2.1,-3.181190490722656,-3.19005823135376,-1.0811904907226555,gated_ta_dpp,0.0251604415511065,0.7230036345465432,LiTi2O4,threshold_greedy,0,0
job_166_Ni_fe_-0.847_n4_generated_crystals_cif__gen_3,38,-2.1,-0.9651772975921632,-1.0118584632873535,1.134822702407837,gated_ta_dpp,0.0227538415172997,0.739232633856432,Li(NiO2)2,threshold_greedy,0,0
job_041_Ni_fe_-1.021_n4_generated_crystals_cif__gen_0,38,-2.1,-1.0260437726974487,-1.0630372762680054,1.0739562273025514,gated_ta_dpp,0.0214453373034757,0.64878410969163,Li(NiO2)2,threshold_greedy,0,0
job_035_Ti_fe_-1.046_n4_generated_crystals_cif__gen_1,38,-2.1,-3.16929578781128,-3.198765516281128,-1.0692957878112797,gated_ta_dpp,0.0174481674918479,0.5834802598749604,LiTi2O4,threshold_greedy,0,0
job_015_Ni_fe_-1.349_n4_generated_crystals_cif__gen_0,38,-2.1,-1.049025535583496,-1.0757691860198977,1.050974464416504,gated_ta_dpp,0.0173945267435243,0.5664821893350694,Li(NiO2)2,threshold_greedy,0,0
job_221_Ti_fe_-1.143_n4_generated_crystals_cif__gen_1,38,-2.1,-3.1676340103149414,-3.2176730632781982,-1.067634010314941,gated_ta_dpp,0.0169139913733916,0.5743664718347508,LiTi2O4,threshold_greedy,0,0
job_235_Ti_fe_-0.842_n4_generated_crystals_cif__gen_0,38,-2.1,-3.123680353164673,-3.16929578781128,-1.0236803531646728,gated_ta_dpp,0.0152972935863356,0.5156380757909604,LiTi2O4,threshold_greedy,0,0
job_211_Ti_fe_-1.424_n4_generated_crystals_cif__gen_0,38,-2.1,-3.134152889251709,-3.217421293258667,-1.034152889251709,gated_ta_dpp,0.0132573012273543,0.4977383671228871,LiTi2O4,threshold_greedy,0,0
job_077_Ni_fe_-1.238_n4_generated_crystals_cif__gen_1,38,-2.1,-1.0254440307617188,-1.0636080503463743,1.0745559692382811,gated_ta_dpp,0.0089699986060428,0.4681578319308467,Li(NiO2)2,threshold_greedy,0,0
job_217_Ni_fe_-1.483_n4_generated_crystals_cif__gen_3,38,-2.1,-0.9982012510299684,-1.0270507335662842,1.1017987489700318,gated_ta_dpp,0.008936736007396,0.4859506965120178,Li(NiO2)2,threshold_greedy,0,0
job_114_Al_fe_-1.252_n4_generated_crystals_cif__gen_2,39,-2.1,-3.1390810012817383,-3.168752431869507,-1.0390810012817382,gated_ta_dpp,0.0370691927787425,1.0,LiAl2O4,threshold_greedy,0,0
job_078_Ni_fe_-1.122_n4_generated_crystals_cif__gen_2,39,-2.1,-0.9872394800186156,-1.0160249471664429,1.1127605199813844,gated_ta_dpp,0.0294519921650251,0.7875344424139606,Li(NiO2)2,threshold_greedy,0,0
job_108_Ni_fe_-1.123_n4_generated_crystals_cif__gen_0,39,-2.1,-1.042611598968506,-1.0719245672225952,1.057388401031494,gated_ta_dpp,0.0257569094162268,0.6407997933715669,Li(NiO2)2,threshold_greedy,0,0
job_119_Ti_fe_-1.262_n4_generated_crystals_cif__gen_0,39,-2.1,-3.16624116897583,-3.1663100719451904,-1.06624116897583,gated_ta_dpp,0.0235523374835656,0.6154006217118969,LiTi2O4,threshold_greedy,0,0
job_235_Ti_fe_-0.842_n4_generated_crystals_cif__gen_1,39,-2.1,-3.161464214324951,-3.173351526260376,-1.061464214324951,gated_ta_dpp,0.0233471200937186,0.6077256007888059,LiTi2O4,threshold_greedy,0,0
job_099_Ni_fe_-1.343_n4_generated_crystals_cif__gen_2,39,-2.1,-1.0400406122207642,-1.0705647468566897,1.059959387779236,gated_ta_dpp,0.021575771416517,0.5813178635564685,Li(NiO2)2,threshold_greedy,0,0
job_157_Ni_fe_-1.031_n4_generated_crystals_cif__gen_0,39,-2.1,-0.9446902275085448,-0.9739506840705872,1.1553097724914552,gated_ta_dpp,0.0196134956558213,0.6371791565467066,Li(NiO2)2,threshold_greedy,0,0
job_070_Ni_fe_-1.182_n4_generated_crystals_cif__gen_1,39,-2.1,-1.060299277305603,-1.0509977340698242,1.039700722694397,gated_ta_dpp,0.0157936562247887,0.493708106975989,Li(NiO2)2,threshold_greedy,0,0
job_050_Ti_fe_-1.179_n4_generated_crystals_cif__gen_2,39,-2.1,-3.2039995193481445,-3.2207911014556885,-1.1039995193481444,gated_ta_dpp,0.0144413494085785,0.5231806524372267,LiTi2O4,threshold_greedy,0,0
job_121_Ni_fe_-1.367_n4_generated_crystals_cif__gen_0,39,-2.1,-1.0432698726654053,-1.0635491609573364,1.0567301273345948,gated_ta_dpp,0.0092736973415382,0.4290461032962903,Li(NiO2)2,threshold_greedy,0,0
job_242_Ti_fe_-1.214_n4_generated_crystals_cif__gen_2,39,-2.1,-3.217716693878174,-3.1991236209869385,-1.1177166938781735,gated_ta_dpp,0.009084087644954,0.4623460534603508,LiTi2O4,threshold_greedy,0,0
job_218_Ni_fe_-1.221_n4_generated_crystals_cif__gen_0,39,-2.1,-0.9769241809844972,-1.0031559467315674,1.123075819015503,gated_ta_dpp,0.0062579405605441,0.4251027518533613,Li(NiO2)2,threshold_greedy,0,0
job_117_Ti_fe_-0.811_n4_generated_crystals_cif__gen_1,39,-2.1,-3.2078516483306885,-3.222450017929077,-1.1078516483306884,gated_ta_dpp,0.0044811642438127,0.3889494696114269,LiTi2O4,threshold_greedy,0,0
job_183_Ti_fe_-1.203_n4_generated_crystals_cif__gen_1,39,-2.1,-3.1568410396575928,-3.16682243347168,-1.056841039657593,gated_ta_dpp,0.003940403265528,0.3554002247196463,LiTi2O4,threshold_greedy,0,0
job_038_Ni_fe_-1.176_n4_generated_crystals_cif__gen_2,39,-2.1,-0.9363328218460084,-0.8666164875030518,1.1636671781539918,gated_ta_dpp,0.003658937296379,0.4004523074829269,Li(NiO2)2,threshold_greedy,0,0
job_097_Ti_fe_-1.239_n4_generated_crystals_cif__gen_1,39,-2.1,-3.2224783897399902,-3.1939706802368164,-1.12247838973999,gated_ta_dpp,0.0034426992196878,0.3769136395768197,LiTi2O4,threshold_greedy,0,0
job_116_Ti_fe_-1.462_n4_generated_crystals_cif__gen_2,40,-2.1,-3.200801610946656,-3.1807634830474854,-1.1008016109466556,gated_ta_dpp,0.0335412844945406,1.0,LiTi2O4,threshold_greedy,0,0
job_038_Ni_fe_-1.176_n4_generated_crystals_cif__gen_3,40,-2.1,-1.0446680784225464,-1.052220582962036,1.0553319215774537,gated_ta_dpp,0.0323273131341237,0.8306815664470872,Li(NiO2)2,threshold_greedy,0,0
job_194_Ni_fe_-1.199_n4_generated_crystals_cif__gen_2,40,-2.1,-1.0463460683822632,-1.0326850414276123,1.053653931617737,gated_ta_dpp,0.0253626891655397,0.6582205988076351,Li(NiO2)2,threshold_greedy,0,0
job_203_Ni_fe_-0.895_n4_generated_crystals_cif__gen_1,40,-2.1,-0.9995834827423096,-0.9687165021896362,1.1004165172576903,gated_ta_dpp,0.010816774775768,0.4755071379209695,Li(NiO2)2,threshold_greedy,0,0
job_180_Ti_fe_-0.903_n4_generated_crystals_cif__gen_0,40,-2.1,-3.1944668292999268,-3.166663885116577,-1.094466829299927,gated_ta_dpp,0.0080107151384704,0.428469548041683,LiTi2O4,threshold_greedy,0,0
job_217_Ni_fe_-1.483_n4_generated_crystals_cif__gen_0,40,-2.1,-1.0578336715698242,-1.0718756914138794,1.042166328430176,gated_ta_dpp,0.0049408681664834,0.3460233980248117,Li(NiO2)2,threshold_greedy,0,0
job_160_Ti_fe_-1.290_n4_generated_crystals_cif__gen_0,40,-2.1,-3.232484817504883,-3.219585418701172,-1.1324848175048827,gated_ta_dpp,0.0033018280725809,0.363084952553436,LiTi2O4,threshold_greedy,0,0
job_165_Ni_fe_-1.146_n4_generated_crystals_cif__gen_2,40,-2.1,-1.0356874465942385,-1.0306735038757324,1.0643125534057616,gated_ta_dpp,0.0026458208446217,0.3114052297123655,Li(NiO2)2,threshold_greedy,0,0
job_138_Ti_fe_-0.803_n4_generated_crystals_cif__gen_2,40,-2.1,-3.232327699661255,-3.2208988666534424,-1.1323276996612548,gated_ta_dpp,0.0009146646404583,0.2850279043849853,LiTi2O4,threshold_greedy,0,0
job_211_Ti_fe_-1.424_n4_generated_crystals_cif__gen_1,40,-2.1,-3.19961929321289,-3.172254800796509,-1.09961929321289,gated_ta_dpp,0.0001349620714077,0.2038466497323178,LiTi2O4,threshold_greedy,0,0
job_052_Ti_fe_-1.107_n4_generated_crystals_cif__gen_2,40,-2.1,-3.2320103645324707,-3.154282331466675,-1.1320103645324706,gated_ta_dpp,5.923688462350363e-05,0.1945693099140349,LiTi2O4,threshold_greedy,0,0
job_089_Ni_fe_-1.410_n4_generated_crystals_cif__gen_1,40,-2.1,-1.0752284526824951,-1.060167908668518,1.024771547317505,gated_ta_dpp,5.918869794990789e-05,0.1578425786132066,Li(NiO2)2,threshold_greedy,0,0
job_103_Ti_fe_-1.058_n4_generated_crystals_cif__gen_2,40,-2.1,-3.199509859085083,-3.2274155616760254,-1.099509859085083,gated_ta_dpp,2.978596606584283e-06,0.1307816682102706,LiTi2O4,threshold_greedy,0,0
job_169_Al_fe_-0.916_n4_generated_crystals_cif__gen_2,40,-2.1,-3.1771483421325684,-3.1715238094329834,-1.0771483421325685,gated_ta_dpp,2.316414171588121e-09,0.0592691107423265,LiAl2O4,threshold_greedy,0,0
job_035_Ti_fe_-1.046_n4_generated_crystals_cif__gen_2,40,-2.1,-3.2293293476104736,-3.215780019760132,-1.1293293476104735,gated_ta_dpp,6.168107136161891e-10,0.0625529220937234,LiTi2O4,threshold_greedy,0,0
job_096_Al_fe_-0.803_n4_generated_crystals_cif__gen_2,40,-2.1,-3.0548932552337646,-3.0670223236083984,-0.9548932552337646,gated_ta_dpp,9.965361869035405e-13,0.0,LiAl2O4,threshold_greedy,0,0
