candidate_id,material_id,formula,formation_energy,target_label,fail_low,fail_high,group_key,chemsys,nelements,center_metal,generator_free,structure_hash,cif_path,source_cif
1520623,mp-1520623,KEuMnBiO6,-1.940842486018105,0,0,1,Bi-Eu-K-Mn-O,Bi-Eu-K-Mn-O,5,Mn,True,034e80a10323f5fcda1960e581f1b7b96e0265ff3bfb945229206f62002e0a02,D:\CGCNN\Mn_MultinaryOxide_GeneratorFree_Pool_2000_20260527\1520623.cif,D:\CGCNN\MP_Formation_Full_CGCNN_20260524\1520623.cif
768579,mp-768579,Na2MnBPO7,-2.394092032458264,0,0,1,B-Mn-Na-O-P,B-Mn-Na-O-P,5,Mn,True,eae1caea0a8cfbe13135b0157579860239ed538338922b9beb70dcd40ab0c4c8,D:\CGCNN\Mn_MultinaryOxide_GeneratorFree_Pool_2000_20260527\768579.cif,D:\CGCNN\MP_Formation_Full_CGCNN_20260524\768579.cif
1227846,mp-1227846,Ca3LaMn2(IrO6)2,-2.427286103543104,0,0,1,Ca-Ir-La-Mn-O,Ca-Ir-La-Mn-O,5,Mn,True,d8878e3d14b2f435172aa6f6d1b72c67a682a9a708ef16c0493f54cd1141430f,D:\CGCNN\Mn_MultinaryOxide_GeneratorFree_Pool_2000_20260527\1227846.cif,D:\CGCNN\MP_Formation_Full_CGCNN_20260524\1227846.cif
2228455,mp-2228455,Ba2YMgMn2TlO7,-2.403855598513957,0,0,1,Ba-Mg-Mn-O-Tl-Y,Ba-Mg-Mn-O-Tl-Y,6,Mn,True,80a4730c524932774e1be950f004073e0b335f08788a00417ac4bca8f271086c,D:\CGCNN\Mn_MultinaryOxide_GeneratorFree_Pool_2000_20260527\2228455.cif,D:\CGCNN\MP_Formation_Full_CGCNN_20260524\2228455.cif
546339,mp-546339,TbMn2BiO6,-1.687390461252874,0,0,1,Bi-Mn-O-Tb,Bi-Mn-O-Tb,4,Mn,True,1e1f081c14858406900d528b1bc843f4f05f2b78c228249c6a5691a6fa3a4d8c,D:\CGCNN\Mn_MultinaryOxide_GeneratorFree_Pool_2000_20260527\546339.cif,D:\CGCNN\MP_Formation_Full_CGCNN_20260524\546339.cif
1173587,mp-1173587,NaMn2FeAg(PO4)3,-1.915743661391831,0,0,1,Ag-Fe-Mn-Na-O-P,Ag-Fe-Mn-Na-O-P,6,Mn,True,c5e417a463b4fe58b47993f0051c370a89c7d39de253202d87e22102e387b375,D:\CGCNN\Mn_MultinaryOxide_GeneratorFree_Pool_2000_20260527\1173587.cif,D:\CGCNN\MP_Formation_Full_CGCNN_20260524\1173587.cif
1517829,mp-1517829,BaNaNdMnO6,-2.307121411681036,0,0,1,Ba-Mn-Na-Nd-O,Ba-Mn-Na-Nd-O,5,Mn,True,7dd33cdc799e3588c5488aebfae4735deff14b6462f735c793ec78201a4e13b6,D:\CGCNN\Mn_MultinaryOxide_GeneratorFree_Pool_2000_20260527\1517829.cif,D:\CGCNN\MP_Formation_Full_CGCNN_20260524\1517829.cif
1218675,mp-1218675,Sr4NdMn5O15,-2.565099059686207,1,0,0,Mn-Nd-O-Sr,Mn-Nd-O-Sr,4,Mn,True,f5943186069cd6de24ec0621eac9a62031f0a601245590f1c2d658644e282ba9,D:\CGCNN\Mn_MultinaryOxide_GeneratorFree_Pool_2000_20260527\1218675.cif,D:\CGCNN\MP_Formation_Full_CGCNN_20260524\1218675.cif
24036,mp-24036,Rb2MnH2OF5,-2.5139747232210032,1,0,0,F-H-Mn-O-Rb,F-H-Mn-O-Rb,5,Mn,True,33cecd90fd7aca33c191fdfd9928f6be081ddd7f64f7d74bdb90a897c2d299f1,D:\CGCNN\Mn_MultinaryOxide_GeneratorFree_Pool_2000_20260527\24036.cif,D:\CGCNN\MP_Formation_Full_CGCNN_20260524\24036.cif
699041,mp-699041,Ca5Nd5Mn9CrO30,-2.764111021977586,0,1,0,Ca-Cr-Mn-Nd-O,Ca-Cr-Mn-Nd-O,5,Mn,True,730c33691fbdf26b04b699e7d7daf29ea6804017f527cae89dc0472f9e7f5561,D:\CGCNN\Mn_MultinaryOxide_GeneratorFree_Pool_2000_20260527\699041.cif,D:\CGCNN\MP_Formation_Full_CGCNN_20260524\699041.cif
1215061,mp-1215061,Ba2NaTi2MnRe2Si8HO26F,-2.79842002891425,0,1,0,Ba-F-H-Mn-Na-O-Re-Si-Ti,Ba-F-H-Mn-Na-O-Re-Si-Ti,9,Mn,True,ef5d7f7713eb249e9c57c24c4bbfe11608f4c2d661d72cbbc473c440c3e7b1d9,D:\CGCNN\Mn_MultinaryOxide_GeneratorFree_Pool_2000_20260527\1215061.cif,D:\CGCNN\MP_Formation_Full_CGCNN_20260524\1215061.cif
1077691,mp-1077691,SrCa7Mn6(FeO10)2,-2.502615706946839,1,0,0,Ca-Fe-Mn-O-Sr,Ca-Fe-Mn-O-Sr,5,Mn,True,2ac044e4cd90f3698edc9890d99da56a3a99f3a57f62332a97378b7d0a9ce279,D:\CGCNN\Mn_MultinaryOxide_GeneratorFree_Pool_2000_20260527\1077691.cif,D:\CGCNN\MP_Formation_Full_CGCNN_20260524\1077691.cif
510487,mp-510487,CeMnSbO,-1.776625294482758,0,0,1,Ce-Mn-O-Sb,Ce-Mn-O-Sb,4,Mn,True,992a2e910f4be305bf8140fa62b9a2469817349f09b53c53912259f6561ba58d,D:\CGCNN\Mn_MultinaryOxide_GeneratorFree_Pool_2000_20260527\510487.cif,D:\CGCNN\MP_Formation_Full_CGCNN_20260524\510487.cif
1177150,mp-1177150,Li5Mn3Cu(PO4)4,-2.500294795483834,1,0,0,Cu-Li-Mn-O-P,Cu-Li-Mn-O-P,5,Mn,True,55f8b72af27a443a2e3020b8c21268e59cd9d7b2421a4a24da2239aa0a6d744b,D:\CGCNN\Mn_MultinaryOxide_GeneratorFree_Pool_2000_20260527\1177150.cif,D:\CGCNN\MP_Formation_Full_CGCNN_20260524\1177150.cif
1516942,mp-1516942,NaCeMnWO6,-2.470723776931033,1,0,0,Ce-Mn-Na-O-W,Ce-Mn-Na-O-W,5,Mn,True,9adfaadf71b1bebd1a10ea2bca3bcc5e8f7082d6d92aa8b13291b1c358668cdb,D:\CGCNN\Mn_MultinaryOxide_GeneratorFree_Pool_2000_20260527\1516942.cif,D:\CGCNN\MP_Formation_Full_CGCNN_20260524\1516942.cif
1076592,mp-1076592,BaSr7MnFe7O24,-2.242268337948276,0,0,1,Ba-Fe-Mn-O-Sr,Ba-Fe-Mn-O-Sr,5,Mn,True,d9fc3a82c11746a677656f2a4d10bad7ab9608ab278a848c1536baf2a9ddc91e,D:\CGCNN\Mn_MultinaryOxide_GeneratorFree_Pool_2000_20260527\1076592.cif,D:\CGCNN\MP_Formation_Full_CGCNN_20260524\1076592.cif
1197360,mp-1197360,Na2Mn3P2H2(C4O9)2,-1.457830910238213,0,0,1,C-H-Mn-Na-O-P,C-H-Mn-Na-O-P,6,Mn,True,b26451bb7ab0d29ddccff6f56c4ff4eaf8263e97e4bd1a118d4d247678ae3f07,D:\CGCNN\Mn_MultinaryOxide_GeneratorFree_Pool_2000_20260527\1197360.cif,D:\CGCNN\MP_Formation_Full_CGCNN_20260524\1197360.cif
565428,mp-565428,Mn4Bi3NO15,-1.637260138770615,0,0,1,Bi-Mn-N-O,Bi-Mn-N-O,4,Mn,True,42740675901fcef901d652f0d5ab2ccceacc77da2994db84f70adab513a8540f,D:\CGCNN\Mn_MultinaryOxide_GeneratorFree_Pool_2000_20260527\565428.cif,D:\CGCNN\MP_Formation_Full_CGCNN_20260524\565428.cif
1042474,mp-1042474,BaMnAlCuO5,-2.081436422547893,0,0,1,Al-Ba-Cu-Mn-O,Al-Ba-Cu-Mn-O,5,Mn,True,2114986c5617e8c203ac4677854b1cdfa957442fab5283b1a56495736a72d761,D:\CGCNN\Mn_MultinaryOxide_GeneratorFree_Pool_2000_20260527\1042474.cif,D:\CGCNN\MP_Formation_Full_CGCNN_20260524\1042474.cif
1048385,mp-1048385,YMn3Se2ClO8,-2.035307214565373,0,0,1,Cl-Mn-O-Se-Y,Cl-Mn-O-Se-Y,5,Mn,True,3e7bc8212e623e318e349e6ea4f18e335674dfbee0e8565d26af1f9f62ffaf08,D:\CGCNN\Mn_MultinaryOxide_GeneratorFree_Pool_2000_20260527\1048385.cif,D:\CGCNN\MP_Formation_Full_CGCNN_20260524\1048385.cif
1250945,mp-1250945,Mn2Be3(SiO4)3,-2.753286738543104,0,1,0,Be-Mn-O-Si,Be-Mn-O-Si,4,Mn,True,a42bed53482ad1aa0899918ddbba266a27342dcdd1af63b3d073fb544da60021,D:\CGCNN\Mn_MultinaryOxide_GeneratorFree_Pool_2000_20260527\1250945.cif,D:\CGCNN\MP_Formation_Full_CGCNN_20260524\1250945.cif
1227517,mp-1227517,Ca2Pr2MnNiO8,-2.8669393608045963,0,1,0,Ca-Mn-Ni-O-Pr,Ca-Mn-Ni-O-Pr,5,Mn,True,b63284eb949236f1a53a7b4fbb2a6aae1815ab711d759dad7974bfd3c37471d5,D:\CGCNN\Mn_MultinaryOxide_GeneratorFree_Pool_2000_20260527\1227517.cif,D:\CGCNN\MP_Formation_Full_CGCNN_20260524\1227517.cif
1042773,mp-1042773,MgMnAs2O7,-2.083152737311912,0,0,1,As-Mg-Mn-O,As-Mg-Mn-O,4,Mn,True,e248d05411caadb47c469f92d4300dd73a889ebb409b974de054498cd738a99e,D:\CGCNN\Mn_MultinaryOxide_GeneratorFree_Pool_2000_20260527\1042773.cif,D:\CGCNN\MP_Formation_Full_CGCNN_20260524\1042773.cif
690564,mp-690564,La2Mn3PbO9,-2.573619525252873,1,0,0,La-Mn-O-Pb,La-Mn-O-Pb,4,Mn,True,47cc7a5671295405cbe527a9c67e0e760152332c70f2e17ec4f13b459afe93f0,D:\CGCNN\Mn_MultinaryOxide_GeneratorFree_Pool_2000_20260527\690564.cif,D:\CGCNN\MP_Formation_Full_CGCNN_20260524\690564.cif
1517699,mp-1517699,BaNaCaMnO6,-2.032388149931035,0,0,1,Ba-Ca-Mn-Na-O,Ba-Ca-Mn-Na-O,5,Mn,True,069527638e3a8ee50874f30e0d5b401972ee5458881c2eca53c055757ffcc5d6,D:\CGCNN\Mn_MultinaryOxide_GeneratorFree_Pool_2000_20260527\1517699.cif,D:\CGCNN\MP_Formation_Full_CGCNN_20260524\1517699.cif
757284,mp-757284,Mn3CrCo2(PO4)6,-2.288319643379173,0,0,1,Co-Cr-Mn-O-P,Co-Cr-Mn-O-P,5,Mn,True,2f1880ea994234727caa3baccb372325e767c51354fc48c47199d0c7441c1c40,D:\CGCNN\Mn_MultinaryOxide_GeneratorFree_Pool_2000_20260527\757284.cif,D:\CGCNN\MP_Formation_Full_CGCNN_20260524\757284.cif
1076543,mp-1076543,Ca7MgTiMn7O24,-2.490973224346264,1,0,0,Ca-Mg-Mn-O-Ti,Ca-Mg-Mn-O-Ti,5,Mn,True,cda8552a315a2d5bc94295bcdacdec29a81b122037a347c9e2448affad1dd07c,D:\CGCNN\Mn_MultinaryOxide_GeneratorFree_Pool_2000_20260527\1076543.cif,D:\CGCNN\MP_Formation_Full_CGCNN_20260524\1076543.cif
707875,mp-707875,Mn9Al2Si8(HO4)8,-2.5205931132437183,1,0,0,Al-H-Mn-O-Si,Al-H-Mn-O-Si,5,Mn,True,f60dfaf495a8d6bb92d925210f7e9ed1f10bddc431b4db76a7eb0308011910d9,D:\CGCNN\Mn_MultinaryOxide_GeneratorFree_Pool_2000_20260527\707875.cif,D:\CGCNN\MP_Formation_Full_CGCNN_20260524\707875.cif
1523111,mp-1523111,BaMnInWO6,-2.191957331459769,0,0,1,Ba-In-Mn-O-W,Ba-In-Mn-O-W,5,Mn,True,1898294f9a4448bb533a366bb4f3fa699fed9e630f104c91c4f738c05accde01,D:\CGCNN\Mn_MultinaryOxide_GeneratorFree_Pool_2000_20260527\1523111.cif,D:\CGCNN\MP_Formation_Full_CGCNN_20260524\1523111.cif
1202299,mp-1202299,Na2Mg5Mn11Si12(AsO25)2,-2.641641020731708,0,1,0,As-Mg-Mn-Na-O-Si,As-Mg-Mn-Na-O-Si,6,Mn,True,2b6951bb68482d754a1983543ccac043bd8589769d9ee6fd60e50a10e3a280dc,D:\CGCNN\Mn_MultinaryOxide_GeneratorFree_Pool_2000_20260527\1202299.cif,D:\CGCNN\MP_Formation_Full_CGCNN_20260524\1202299.cif
1517753,mp-1517753,BaSmEuMnO6,-2.813087575793105,0,1,0,Ba-Eu-Mn-O-Sm,Ba-Eu-Mn-O-Sm,5,Mn,True,cc0be40709ec6e9a6152733145fbd00e676e409c06bad12292033f0356056c5f,D:\CGCNN\Mn_MultinaryOxide_GeneratorFree_Pool_2000_20260527\1517753.cif,D:\CGCNN\MP_Formation_Full_CGCNN_20260524\1517753.cif
542292,mp-542292,Mn3AgAs3(HO6)2,-1.71578699168856,0,0,1,Ag-As-H-Mn-O,Ag-As-H-Mn-O,5,Mn,True,a8def0b6e4bc40b558f1452736253aa2012ec2699d1a6098b7b095ae9ac65cec,D:\CGCNN\Mn_MultinaryOxide_GeneratorFree_Pool_2000_20260527\542292.cif,D:\CGCNN\MP_Formation_Full_CGCNN_20260524\542292.cif
1075988,mp-1075988,BaSr7Ti6Mn2O24,-3.272358260896551,0,1,0,Ba-Mn-O-Sr-Ti,Ba-Mn-O-Sr-Ti,5,Mn,True,7184bf85a329621ea0aa91d11170e1d0b9e90e5084d7ef88d68f3c8abf149d0b,D:\CGCNN\Mn_MultinaryOxide_GeneratorFree_Pool_2000_20260527\1075988.cif,D:\CGCNN\MP_Formation_Full_CGCNN_20260524\1075988.cif
1247590,mp-1247590,SrCa7Mn8O21,-2.513514607998604,1,0,0,Ca-Mn-O-Sr,Ca-Mn-O-Sr,4,Mn,True,f324f166f5bc6935885f2fc8f35fb87355eac79b86ea850e460f856b9925aed8,D:\CGCNN\Mn_MultinaryOxide_GeneratorFree_Pool_2000_20260527\1247590.cif,D:\CGCNN\MP_Formation_Full_CGCNN_20260524\1247590.cif
1194603,mp-1194603,MnBiO3,-1.807916171586207,0,0,1,Bi-Mn-O,Bi-Mn-O,3,Mn,True,7a9c0fe03b90454084b25a8be513f535ce3f036ac3da23672bc4fd936bf0a86e,D:\CGCNN\Mn_MultinaryOxide_GeneratorFree_Pool_2000_20260527\1194603.cif,D:\CGCNN\MP_Formation_Full_CGCNN_20260524\1194603.cif
572800,mp-572800,Cs2MnV2(BrO3)2,-2.231622479403182,0,0,1,Br-Cs-Mn-O-V,Br-Cs-Mn-O-V,5,Mn,True,96eaad9c526c28cba27f5914116d5f8fa8c6abd2f5c582e80160df28e7a763f2,D:\CGCNN\Mn_MultinaryOxide_GeneratorFree_Pool_2000_20260527\572800.cif,D:\CGCNN\MP_Formation_Full_CGCNN_20260524\572800.cif
704255,mp-704255,Mn2Fe3Sn2(CO)19,-0.6118027054636,0,0,1,C-Fe-Mn-O-Sn,C-Fe-Mn-O-Sn,5,Mn,True,074d7554bfcce91f893731d2ac7e5698559d2454bc70ece1430c6d5aae564cd4,D:\CGCNN\Mn_MultinaryOxide_GeneratorFree_Pool_2000_20260527\704255.cif,D:\CGCNN\MP_Formation_Full_CGCNN_20260524\704255.cif
1182186,mp-1182186,BaYMn2O5,-2.780525510095785,0,1,0,Ba-Mn-O-Y,Ba-Mn-O-Y,4,Mn,True,05f7a458e8c379e35c6ff19fe3a0230765c17f686d86e86820d1a5650273ace5,D:\CGCNN\Mn_MultinaryOxide_GeneratorFree_Pool_2000_20260527\1182186.cif,D:\CGCNN\MP_Formation_Full_CGCNN_20260524\1182186.cif
1046302,mp-1046302,CaMnO2,-2.490159828232759,1,0,0,Ca-Mn-O,Ca-Mn-O,3,Mn,True,252dce965d6e380855b941b2f6d633448cf3f7e901b2cb6dbc8137619339bea9,D:\CGCNN\Mn_MultinaryOxide_GeneratorFree_Pool_2000_20260527\1046302.cif,D:\CGCNN\MP_Formation_Full_CGCNN_20260524\1046302.cif
1218911,mp-1218911,Sr10Mn(RuO5)4,-2.516372804798029,1,0,0,Mn-O-Ru-Sr,Mn-O-Ru-Sr,4,Mn,True,0224d7dd1cb6cfbe826af98230702a30862464f7fae9655ac103356c0e1e08a0,D:\CGCNN\Mn_MultinaryOxide_GeneratorFree_Pool_2000_20260527\1218911.cif,D:\CGCNN\MP_Formation_Full_CGCNN_20260524\1218911.cif
726800,mp-726800,Mn4Si4SnB2(HO9)2,-2.61106588572766,0,1,0,B-H-Mn-O-Si-Sn,B-H-Mn-O-Si-Sn,6,Mn,True,6891fd8e1c37c27fdedc93f0845aa9c62a6cfac5dcf91fc5d1267195a5c91980,D:\CGCNN\Mn_MultinaryOxide_GeneratorFree_Pool_2000_20260527\726800.cif,D:\CGCNN\MP_Formation_Full_CGCNN_20260524\726800.cif
1227234,mp-1227234,CaMn2Cu3(RuO6)2,-1.6214159822931031,0,0,1,Ca-Cu-Mn-O-Ru,Ca-Cu-Mn-O-Ru,5,Mn,True,7fb85f6685b452df39da8d8d81c8f7695866b64bd5a65432e39d979b8399b7d2,D:\CGCNN\Mn_MultinaryOxide_GeneratorFree_Pool_2000_20260527\1227234.cif,D:\CGCNN\MP_Formation_Full_CGCNN_20260524\1227234.cif
1173545,mp-1173545,Rb2MnV2(ClO3)2,-2.279893759071617,0,0,1,Cl-Mn-O-Rb-V,Cl-Mn-O-Rb-V,5,Mn,True,b21f99f8aa70ba7c876ab810154a01c8e9a89e5f1eca8058ff9c30ef9e048745,D:\CGCNN\Mn_MultinaryOxide_GeneratorFree_Pool_2000_20260527\1173545.cif,D:\CGCNN\MP_Formation_Full_CGCNN_20260524\1173545.cif
1049231,mp-1049231,LaMnZnCrO6,-2.396239134293103,0,0,1,Cr-La-Mn-O-Zn,Cr-La-Mn-O-Zn,5,Mn,True,fdd9f1448d8747f694fcf3e2d0ae41e2bcd7525b575cb6f85912eb8a2d2e9130,D:\CGCNN\Mn_MultinaryOxide_GeneratorFree_Pool_2000_20260527\1049231.cif,D:\CGCNN\MP_Formation_Full_CGCNN_20260524\1049231.cif
1221941,mp-1221941,MnRe(CO)10,-0.9058151388832292,0,0,1,C-Mn-O-Re,C-Mn-O-Re,4,Mn,True,4b5e41798374b4b600f2c220898ed46003c10f05273a0f28f929952e3ee56815,D:\CGCNN\Mn_MultinaryOxide_GeneratorFree_Pool_2000_20260527\1221941.cif,D:\CGCNN\MP_Formation_Full_CGCNN_20260524\1221941.cif
720103,mp-720103,Ba4La6Mn(Co3O10)3,-2.33893109595862,0,0,1,Ba-Co-La-Mn-O,Ba-Co-La-Mn-O,5,Mn,True,ffdff9f084a9bb085fc4fe13baba3b9130d8fd0d1d9dbfae80c5a93cb1c3965a,D:\CGCNN\Mn_MultinaryOxide_GeneratorFree_Pool_2000_20260527\720103.cif,D:\CGCNN\MP_Formation_Full_CGCNN_20260524\720103.cif
775116,mp-775116,MnCr3(PO4)4,-2.525468930687604,1,0,0,Cr-Mn-O-P,Cr-Mn-O-P,4,Mn,True,4520a8b0382e19b4669e30c4b82ddc10bdcc2a2baa524066d8742052f3fe7260,D:\CGCNN\Mn_MultinaryOxide_GeneratorFree_Pool_2000_20260527\775116.cif,D:\CGCNN\MP_Formation_Full_CGCNN_20260524\775116.cif
1214612,mp-1214612,Ba5MgMnV4(Cl3O7)2,-2.778008514933259,0,1,0,Ba-Cl-Mg-Mn-O-V,Ba-Cl-Mg-Mn-O-V,6,Mn,True,b744c8fa87955d344ea5be664b14b29b273166a2be072f67120eb3bb66a8de54,D:\CGCNN\Mn_MultinaryOxide_GeneratorFree_Pool_2000_20260527\1214612.cif,D:\CGCNN\MP_Formation_Full_CGCNN_20260524\1214612.cif
684705,mp-684705,CaLaMnMoO6,-2.826177708793103,0,1,0,Ca-La-Mn-Mo-O,Ca-La-Mn-Mo-O,5,Mn,True,64fb2839235a81736a1f7545df6e44ad6ff062c5a99cc54195f0f4b278a869f1,D:\CGCNN\Mn_MultinaryOxide_GeneratorFree_Pool_2000_20260527\684705.cif,D:\CGCNN\MP_Formation_Full_CGCNN_20260524\684705.cif
1233420,mp-1233420,CaMn6(OF2)4,-2.611577751978222,0,1,0,Ca-F-Mn-O,Ca-F-Mn-O,4,Mn,True,50dde0a00fa37eb4bce465ab38531dc8c2cbbb6abfdee24962390b0ac04dbdee,D:\CGCNN\Mn_MultinaryOxide_GeneratorFree_Pool_2000_20260527\1233420.cif,D:\CGCNN\MP_Formation_Full_CGCNN_20260524\1233420.cif
1176460,mp-1176460,MnV3Co2(PO4)6,-2.424360743771894,0,0,1,Co-Mn-O-P-V,Co-Mn-O-P-V,5,Mn,True,71552d6de4fc3bb78e6e6c7a9f9e6405c6e9e7d00e87736822ecc6b6f9d87429,D:\CGCNN\Mn_MultinaryOxide_GeneratorFree_Pool_2000_20260527\1176460.cif,D:\CGCNN\MP_Formation_Full_CGCNN_20260524\1176460.cif
753545,mp-753545,Li4Mn3Co2Te3O16,-1.752364640254514,0,0,1,Co-Li-Mn-O-Te,Co-Li-Mn-O-Te,5,Mn,True,a83bc889b7243251275c22bda9406fb2e3502048b1442f33736b15edbba593a9,D:\CGCNN\Mn_MultinaryOxide_GeneratorFree_Pool_2000_20260527\753545.cif,D:\CGCNN\MP_Formation_Full_CGCNN_20260524\753545.cif
554477,mp-554477,Ba4NaMn2O9,-2.475676866806753,1,0,0,Ba-Mn-Na-O,Ba-Mn-Na-O,4,Mn,True,fd68e10feab6b91f5f65d6ca9515d02f053c7651c2d1f5b6ddaec6e3a94e685d,D:\CGCNN\Mn_MultinaryOxide_GeneratorFree_Pool_2000_20260527\554477.cif,D:\CGCNN\MP_Formation_Full_CGCNN_20260524\554477.cif
780696,mp-780696,CaMnAs2(H3O5)2,-1.784158022271551,0,0,1,As-Ca-H-Mn-O,As-Ca-H-Mn-O,5,Mn,True,e64a7ff80e372a67b23bb0c34bbebd796794a8efcaa68c0bfe6c0f34775953d7,D:\CGCNN\Mn_MultinaryOxide_GeneratorFree_Pool_2000_20260527\780696.cif,D:\CGCNN\MP_Formation_Full_CGCNN_20260524\780696.cif
1521256,mp-1521256,BaNdMnSnO6,-2.605427895043104,0,1,0,Ba-Mn-Nd-O-Sn,Ba-Mn-Nd-O-Sn,5,Mn,True,b5a96710503fb85a065b94d25d6b6a475f257906ea47e97f7031ea33d7ca7d71,D:\CGCNN\Mn_MultinaryOxide_GeneratorFree_Pool_2000_20260527\1521256.cif,D:\CGCNN\MP_Formation_Full_CGCNN_20260524\1521256.cif
1228743,mp-1228743,Ba2MnCu(P2O7)2,-2.775747880522838,0,1,0,Ba-Cu-Mn-O-P,Ba-Cu-Mn-O-P,5,Mn,True,34e90937211ceaefc9146ef7ae79256e58732f4102acbe8f653a97530a15e942,D:\CGCNN\Mn_MultinaryOxide_GeneratorFree_Pool_2000_20260527\1228743.cif,D:\CGCNN\MP_Formation_Full_CGCNN_20260524\1228743.cif
20813,mp-20813,Ba2MnReO6,-2.637856969043105,0,1,0,Ba-Mn-O-Re,Ba-Mn-O-Re,4,Mn,True,fa082dba490028e4b7f3904a35c7078cb57664f8bf4dc6ff192811632c99e2c9,D:\CGCNN\Mn_MultinaryOxide_GeneratorFree_Pool_2000_20260527\20813.cif,D:\CGCNN\MP_Formation_Full_CGCNN_20260524\20813.cif
1519441,mp-1519441,BaSrMnWO6,-2.734499136793103,0,1,0,Ba-Mn-O-Sr-W,Ba-Mn-O-Sr-W,5,Mn,True,342f5365b927ede906d366209d99aecdec8cd0c2185335e37ec50ac37c615cab,D:\CGCNN\Mn_MultinaryOxide_GeneratorFree_Pool_2000_20260527\1519441.cif,D:\CGCNN\MP_Formation_Full_CGCNN_20260524\1519441.cif
1222893,mp-1222893,LaMn2BiO6,-2.408960868586207,0,0,1,Bi-La-Mn-O,Bi-La-Mn-O,4,Mn,True,7b502372eadf297abc8bd8db47df435c792c7cbba75328958f302f2b3054d67a,D:\CGCNN\Mn_MultinaryOxide_GeneratorFree_Pool_2000_20260527\1222893.cif,D:\CGCNN\MP_Formation_Full_CGCNN_20260524\1222893.cif
19485,mp-19485,Ba5Gd8Mn4O21,-1.820576539650635,0,0,1,Ba-Gd-Mn-O,Ba-Gd-Mn-O,4,Mn,True,9e1ce4812f039ef8aa8630e4304af7e3deafc039aa6133e2698f36f52fb1b0e9,D:\CGCNN\Mn_MultinaryOxide_GeneratorFree_Pool_2000_20260527\19485.cif,D:\CGCNN\MP_Formation_Full_CGCNN_20260524\19485.cif
1517693,mp-1517693,BaDyMn4O12,-1.880689594632822,0,0,1,Ba-Dy-Mn-O,Ba-Dy-Mn-O,4,Mn,True,77a5e4f8d4eb18975a4df487a3866e2397e38733c0566dadde81c2f744c0c513,D:\CGCNN\Mn_MultinaryOxide_GeneratorFree_Pool_2000_20260527\1517693.cif,D:\CGCNN\MP_Formation_Full_CGCNN_20260524\1517693.cif
1195634,mp-1195634,CsNa2Mn3P4ClO14,-2.573190837791133,1,0,0,Cl-Cs-Mn-Na-O-P,Cl-Cs-Mn-Na-O-P,6,Mn,True,1e9713c522eb43c6f95d5e7dddc9e8aab00faeadd16297bf890f6eda5eedc403,D:\CGCNN\Mn_MultinaryOxide_GeneratorFree_Pool_2000_20260527\1195634.cif,D:\CGCNN\MP_Formation_Full_CGCNN_20260524\1195634.cif
1309882,mp-1309882,Ba2TaMnO6,-3.071425021026436,0,1,0,Ba-Mn-O-Ta,Ba-Mn-O-Ta,4,Mn,True,5f139c601d912bac23472b1486f9f522340c2e85d2033d78fb00cdcfc785bf2d,D:\CGCNN\Mn_MultinaryOxide_GeneratorFree_Pool_2000_20260527\1309882.cif,D:\CGCNN\MP_Formation_Full_CGCNN_20260524\1309882.cif
774604,mp-774604,Li4Mn3Co3(WO8)2,-1.926887760968801,0,0,1,Co-Li-Mn-O-W,Co-Li-Mn-O-W,5,Mn,True,11cfcd2dde0bf6b17e4e446c535eed31062a150a1d465baf1c17aaf3583d8465,D:\CGCNN\Mn_MultinaryOxide_GeneratorFree_Pool_2000_20260527\774604.cif,D:\CGCNN\MP_Formation_Full_CGCNN_20260524\774604.cif
1519764,mp-1519764,CaDyMnSnO6,-2.3435437824597702,0,0,1,Ca-Dy-Mn-O-Sn,Ca-Dy-Mn-O-Sn,5,Mn,True,37e19a5c543192f05f2815db004f4314ddbb3335b0768d6229593e02887ae51a,D:\CGCNN\Mn_MultinaryOxide_GeneratorFree_Pool_2000_20260527\1519764.cif,D:\CGCNN\MP_Formation_Full_CGCNN_20260524\1519764.cif
1227919,mp-1227919,BaLaPrMn3O9,-2.794527041697319,0,1,0,Ba-La-Mn-O-Pr,Ba-La-Mn-O-Pr,5,Mn,True,bd12ec5f080f4e364902ceb3e3ef004ea9c6b0b96427ecaf95cd3930dba89d4f,D:\CGCNN\Mn_MultinaryOxide_GeneratorFree_Pool_2000_20260527\1227919.cif,D:\CGCNN\MP_Formation_Full_CGCNN_20260524\1227919.cif
694988,mp-694988,Na3Ca10Mn7V12O48,-2.70888458937069,0,1,0,Ca-Mn-Na-O-V,Ca-Mn-Na-O-V,5,Mn,True,9b5481aa2e84bda883a0dd8dd51b955cba42da9fb41eff4e2e772f3647d93933,D:\CGCNN\Mn_MultinaryOxide_GeneratorFree_Pool_2000_20260527\694988.cif,D:\CGCNN\MP_Formation_Full_CGCNN_20260524\694988.cif
770761,mp-770761,Li2MnCSO7,-2.118428242310225,0,0,1,C-Li-Mn-O-S,C-Li-Mn-O-S,5,Mn,True,078e867ab7834acebf6e90f1b571ff18e7d1992342d492b447884052e2ad79ce,D:\CGCNN\Mn_MultinaryOxide_GeneratorFree_Pool_2000_20260527\770761.cif,D:\CGCNN\MP_Formation_Full_CGCNN_20260524\770761.cif
743698,mp-743698,Ca5Dy3Ti5Mn3O24,-3.349115810886495,0,1,0,Ca-Dy-Mn-O-Ti,Ca-Dy-Mn-O-Ti,5,Mn,True,e0c116dfd0a64bd5469e3716f6f5f995ef675ab9d9780f2016c1ce6e823b429d,D:\CGCNN\Mn_MultinaryOxide_GeneratorFree_Pool_2000_20260527\743698.cif,D:\CGCNN\MP_Formation_Full_CGCNN_20260524\743698.cif
1198149,mp-1198149,MnP3C(NO7)2,-1.056922102945694,0,0,1,C-Mn-N-O-P,C-Mn-N-O-P,5,Mn,True,713a91d799bee71bdacf6c803cae8ce0219988ee9cf4fec9c54cccfd3ce6d93c,D:\CGCNN\Mn_MultinaryOxide_GeneratorFree_Pool_2000_20260527\1198149.cif,D:\CGCNN\MP_Formation_Full_CGCNN_20260524\1198149.cif
775289,mp-775289,Mn3CrCu2(PO4)6,-2.228276082823618,0,0,1,Cr-Cu-Mn-O-P,Cr-Cu-Mn-O-P,5,Mn,True,0930c27b284fd3dbdf82c0eaf623ad444f2957b2b2d762f071fbc03b34ef7156,D:\CGCNN\Mn_MultinaryOxide_GeneratorFree_Pool_2000_20260527\775289.cif,D:\CGCNN\MP_Formation_Full_CGCNN_20260524\775289.cif
770910,mp-770910,Li3Mn(BO3)2,-2.532832230938698,1,0,0,B-Li-Mn-O,B-Li-Mn-O,4,Mn,True,d919f6fa703fd3fe7cf4f5862124d5bfcbe642fe5ef4f318805bebd13004cf84,D:\CGCNN\Mn_MultinaryOxide_GeneratorFree_Pool_2000_20260527\770910.cif,D:\CGCNN\MP_Formation_Full_CGCNN_20260524\770910.cif
1368992,mp-1368992,MnAlO3,-2.572380490586207,1,0,0,Al-Mn-O,Al-Mn-O,3,Mn,True,37a698e20268a341b43e759c56a5ac60b03cf49bdfe0139b554e304e4034e598,D:\CGCNN\Mn_MultinaryOxide_GeneratorFree_Pool_2000_20260527\1368992.cif,D:\CGCNN\MP_Formation_Full_CGCNN_20260524\1368992.cif
1214074,mp-1214074,CaMnGeO4,-2.5686730111330043,1,0,0,Ca-Ge-Mn-O,Ca-Ge-Mn-O,4,Mn,True,6fe4a223a704accf1288c4ec34a2e5ead70ec3a7ea69f73184414771aa7add94,D:\CGCNN\Mn_MultinaryOxide_GeneratorFree_Pool_2000_20260527\1214074.cif,D:\CGCNN\MP_Formation_Full_CGCNN_20260524\1214074.cif
774293,mp-774293,Li4Ti4Mn4CoO18,-2.541600758819059,1,0,0,Co-Li-Mn-O-Ti,Co-Li-Mn-O-Ti,5,Mn,True,a68e728861fe287f942f9b04c03d5a5e7330d2a2979eb269c55ff3f12e5f6020,D:\CGCNN\Mn_MultinaryOxide_GeneratorFree_Pool_2000_20260527\774293.cif,D:\CGCNN\MP_Formation_Full_CGCNN_20260524\774293.cif
1212984,mp-1212984,DyMnFeO5,-2.525895946824713,1,0,0,Dy-Fe-Mn-O,Dy-Fe-Mn-O,4,Mn,True,7a53b1046690262d8f69bbd1c967cf3fa33af79fb394ed37fcc1376df48359f2,D:\CGCNN\Mn_MultinaryOxide_GeneratorFree_Pool_2000_20260527\1212984.cif,D:\CGCNN\MP_Formation_Full_CGCNN_20260524\1212984.cif
39207,mp-39207,Ca3La5Mn7NiO24,-2.784524033012932,0,1,0,Ca-La-Mn-Ni-O,Ca-La-Mn-Ni-O,5,Mn,True,fbf230ce30086c1cf0c19cd46ef637e40a41128cfe1dc874376c039bfaa6184d,D:\CGCNN\Mn_MultinaryOxide_GeneratorFree_Pool_2000_20260527\39207.cif,D:\CGCNN\MP_Formation_Full_CGCNN_20260524\39207.cif
1520426,mp-1520426,KCeNdMnO6,-2.780760435268104,0,1,0,Ce-K-Mn-Nd-O,Ce-K-Mn-Nd-O,5,Mn,True,0186ccbd413a66b240c4db94a7a812e637b0b383151d666761312802fbbe84a4,D:\CGCNN\Mn_MultinaryOxide_GeneratorFree_Pool_2000_20260527\1520426.cif,D:\CGCNN\MP_Formation_Full_CGCNN_20260524\1520426.cif
1247602,mp-1247602,SrCa7TiMn7O24,-2.613636894971263,0,1,0,Ca-Mn-O-Sr-Ti,Ca-Mn-O-Sr-Ti,5,Mn,True,a7e50d4bfe727cdcc5f01e39fdbef1e180c38e3a9ac72a161e9acce49c26d0c6,D:\CGCNN\Mn_MultinaryOxide_GeneratorFree_Pool_2000_20260527\1247602.cif,D:\CGCNN\MP_Formation_Full_CGCNN_20260524\1247602.cif
771910,mp-771910,Ti2Mn3Co3O16,-1.895652168769158,0,0,1,Co-Mn-O-Ti,Co-Mn-O-Ti,4,Mn,True,bb6938824deca659469c4018358e68e0b85b36902049dcad44a9d5c11ce08ee9,D:\CGCNN\Mn_MultinaryOxide_GeneratorFree_Pool_2000_20260527\771910.cif,D:\CGCNN\MP_Formation_Full_CGCNN_20260524\771910.cif
1204197,mp-1204197,Ba5Mn3O12F,-2.5545866063711,1,0,0,Ba-F-Mn-O,Ba-F-Mn-O,4,Mn,True,3aa7c276669ce9a53e315579933f891232a427913d669acf18ba5fd4315cfadd,D:\CGCNN\Mn_MultinaryOxide_GeneratorFree_Pool_2000_20260527\1204197.cif,D:\CGCNN\MP_Formation_Full_CGCNN_20260524\1204197.cif
17341,mp-17341,Ba3MnSb2O9,-2.561670194528736,1,0,0,Ba-Mn-O-Sb,Ba-Mn-O-Sb,4,Mn,True,e5365ad3bb9fb0147867dc51f9a66885103499ace557496b53c700b26b37aab7,D:\CGCNN\Mn_MultinaryOxide_GeneratorFree_Pool_2000_20260527\17341.cif,D:\CGCNN\MP_Formation_Full_CGCNN_20260524\17341.cif
1043125,mp-1043125,CaMnNiP2O9,-2.507063476765482,1,0,0,Ca-Mn-Ni-O-P,Ca-Mn-Ni-O-P,5,Mn,True,4ac1d8d5ff113452f54b9f230672bb11df8a00ae6449909d847c5504eed7b2d9,D:\CGCNN\Mn_MultinaryOxide_GeneratorFree_Pool_2000_20260527\1043125.cif,D:\CGCNN\MP_Formation_Full_CGCNN_20260524\1043125.cif
1204233,mp-1204233,MnZn(Br2O3)2,-0.248096706285919,0,0,1,Br-Mn-O-Zn,Br-Mn-O-Zn,4,Mn,True,d0d22613e65bf7dbd8a51e43430eb35feb47cd21295c18a5cda2afcae7d3c545,D:\CGCNN\Mn_MultinaryOxide_GeneratorFree_Pool_2000_20260527\1204233.cif,D:\CGCNN\MP_Formation_Full_CGCNN_20260524\1204233.cif
683791,mp-683791,Mn2InC10ClO10,-0.8284291753136971,0,0,1,C-Cl-In-Mn-O,C-Cl-In-Mn-O,5,Mn,True,bef0c594982023a60ea0e1c5d8728f5defe598bda53f3fdb5006517a4f3833b2,D:\CGCNN\Mn_MultinaryOxide_GeneratorFree_Pool_2000_20260527\683791.cif,D:\CGCNN\MP_Formation_Full_CGCNN_20260524\683791.cif
1227209,mp-1227209,CaMnFeBiO6,-2.096556755793103,0,0,1,Bi-Ca-Fe-Mn-O,Bi-Ca-Fe-Mn-O,5,Mn,True,b7b0de6943b9794fd5762898e6db42949b40f04babc3d8cb252588a87aa8b8aa,D:\CGCNN\Mn_MultinaryOxide_GeneratorFree_Pool_2000_20260527\1227209.cif,D:\CGCNN\MP_Formation_Full_CGCNN_20260524\1227209.cif
771946,mp-771946,Mn3Co3(TeO8)2,-1.451139219463602,0,0,1,Co-Mn-O-Te,Co-Mn-O-Te,4,Mn,True,c50fb0666ec9d365f0a219203399dad3ff28c7ef48eac5e745a44e16079b1547,D:\CGCNN\Mn_MultinaryOxide_GeneratorFree_Pool_2000_20260527\771946.cif,D:\CGCNN\MP_Formation_Full_CGCNN_20260524\771946.cif
1189676,mp-1189676,MnC2S2(NO6)2,-0.554329838575317,0,0,1,C-Mn-N-O-S,C-Mn-N-O-S,5,Mn,True,7fe27183ff0c3a9217e794c599fc3527b9c4ba1bcca9396d049945d6a2cae896,D:\CGCNN\Mn_MultinaryOxide_GeneratorFree_Pool_2000_20260527\1189676.cif,D:\CGCNN\MP_Formation_Full_CGCNN_20260524\1189676.cif
1204710,mp-1204710,MnAl2(SiO5)2,-2.646264993028736,0,1,0,Al-Mn-O-Si,Al-Mn-O-Si,4,Mn,True,53a4915ffdff1e7d885f18090599b0e46a4697cf152497c89025af31e15295b1,D:\CGCNN\Mn_MultinaryOxide_GeneratorFree_Pool_2000_20260527\1204710.cif,D:\CGCNN\MP_Formation_Full_CGCNN_20260524\1204710.cif
746793,mp-746793,K2Mn7H18(C9O20)2,-1.311687235911968,0,0,1,C-H-K-Mn-O,C-H-K-Mn-O,5,Mn,True,3e627232c3f5e9761f5827e58b2ad28b6e858493f19c2adda513a01257e01d26,D:\CGCNN\Mn_MultinaryOxide_GeneratorFree_Pool_2000_20260527\746793.cif,D:\CGCNN\MP_Formation_Full_CGCNN_20260524\746793.cif
560955,mp-560955,Ba2Mn3(SeO3)6,-1.839660813546745,0,0,1,Ba-Mn-O-Se,Ba-Mn-O-Se,4,Mn,True,594f8738a9075cc6494eef8a71124590055266b9b2ab74b99809a80345b2799e,D:\CGCNN\Mn_MultinaryOxide_GeneratorFree_Pool_2000_20260527\560955.cif,D:\CGCNN\MP_Formation_Full_CGCNN_20260524\560955.cif
1227783,mp-1227783,BaSr3Mn3O10,-2.545334164929006,1,0,0,Ba-Mn-O-Sr,Ba-Mn-O-Sr,4,Mn,True,1e8a7e8fa8db0516d2456fb93d8254f5512472dc077fc9a2fb194f6eb5b4ddee,D:\CGCNN\Mn_MultinaryOxide_GeneratorFree_Pool_2000_20260527\1227783.cif,D:\CGCNN\MP_Formation_Full_CGCNN_20260524\1227783.cif
769455,mp-769455,Li4Ti4Mn4CrO18,-2.627635813657767,0,1,0,Cr-Li-Mn-O-Ti,Cr-Li-Mn-O-Ti,5,Mn,True,c13d851a2fa9f11446b8072b081bd4362f4b5d9a9806a243a9fa1f5c1bd4d4c6,D:\CGCNN\Mn_MultinaryOxide_GeneratorFree_Pool_2000_20260527\769455.cif,D:\CGCNN\MP_Formation_Full_CGCNN_20260524\769455.cif
1210177,mp-1210177,NaMn3Ag(PO4)3,-2.379142602788381,0,0,1,Ag-Mn-Na-O-P,Ag-Mn-Na-O-P,5,Mn,True,5183f61f5a6b8bbfaa9d22b401a9452f9ff996f11f9ec6fc67bdb0c66a0db4e0,D:\CGCNN\Mn_MultinaryOxide_GeneratorFree_Pool_2000_20260527\1210177.cif,D:\CGCNN\MP_Formation_Full_CGCNN_20260524\1210177.cif
1237102,mp-1237102,NdMnFeBiO6,-2.258236074043103,0,0,1,Bi-Fe-Mn-Nd-O,Bi-Fe-Mn-Nd-O,5,Mn,True,03e97cc7aeddc483e31c28e7fa4a0d2afc795ed2a9e1a846b23258176101605a,D:\CGCNN\Mn_MultinaryOxide_GeneratorFree_Pool_2000_20260527\1237102.cif,D:\CGCNN\MP_Formation_Full_CGCNN_20260524\1237102.cif
1382589,mp-1382589,KMnH4Cl3O2,-0.704236613198276,0,0,1,Cl-H-K-Mn-O,Cl-H-K-Mn-O,5,Mn,True,dc1a956f74816cd4b3c485642135d6af64d30d97dc167c2a57214616783aa51f,D:\CGCNN\Mn_MultinaryOxide_GeneratorFree_Pool_2000_20260527\1382589.cif,D:\CGCNN\MP_Formation_Full_CGCNN_20260524\1382589.cif
541777,mp-541777,SrMnV2(AgO4)2,-2.115032828661741,0,0,1,Ag-Mn-O-Sr-V,Ag-Mn-O-Sr-V,5,Mn,True,156ae21767083621c7fe3573179d8c1bdc7507090ed50f585e879017bd0a1fe0,D:\CGCNN\Mn_MultinaryOxide_GeneratorFree_Pool_2000_20260527\541777.cif,D:\CGCNN\MP_Formation_Full_CGCNN_20260524\541777.cif
729027,mp-729027,NaMn6Al3H42(SO19)2,-1.645812237026799,0,0,1,Al-H-Mn-Na-O-S,Al-H-Mn-Na-O-S,6,Mn,True,ba63c3b4f8025007e43c509d90315911cd0dd412a748162aba79c48ff5f4246c,D:\CGCNN\Mn_MultinaryOxide_GeneratorFree_Pool_2000_20260527\729027.cif,D:\CGCNN\MP_Formation_Full_CGCNN_20260524\729027.cif
1227724,mp-1227724,Ca3Mn4BiO12,-2.341176747586206,0,0,1,Bi-Ca-Mn-O,Bi-Ca-Mn-O,4,Mn,True,49892ae7fa523337be214d42f4737b5e99b3e1d3da84043b1605d195b9b27e35,D:\CGCNN\Mn_MultinaryOxide_GeneratorFree_Pool_2000_20260527\1227724.cif,D:\CGCNN\MP_Formation_Full_CGCNN_20260524\1227724.cif
1197574,mp-1197574,Ba3NaMn4Si6O22F,-2.754476822110904,0,1,0,Ba-F-Mn-Na-O-Si,Ba-F-Mn-Na-O-Si,6,Mn,True,65283ffe784234cb15262de2caab50756b1f7653f36396913bc0e5a96afc4df1,D:\CGCNN\Mn_MultinaryOxide_GeneratorFree_Pool_2000_20260527\1197574.cif,D:\CGCNN\MP_Formation_Full_CGCNN_20260524\1197574.cif
1650384,mp-1650384,Sr4LaMn5O15,-2.578468198786209,1,0,0,La-Mn-O-Sr,La-Mn-O-Sr,4,Mn,True,a1d9f3413a07687da76b9378572ef96ab5d75b1dfcd2b5924ecd750fafaca320,D:\CGCNN\Mn_MultinaryOxide_GeneratorFree_Pool_2000_20260527\1650384.cif,D:\CGCNN\MP_Formation_Full_CGCNN_20260524\1650384.cif
2226724,mp-2226724,Ba2MgMnMoO6,-2.379696232993731,0,0,1,Ba-Mg-Mn-Mo-O,Ba-Mg-Mn-Mo-O,5,Mn,True,7cdd40f7c0be9b90a90a6a40cb851df4c7217cb52555c0134cce13b7d0b85165,D:\CGCNN\Mn_MultinaryOxide_GeneratorFree_Pool_2000_20260527\2226724.cif,D:\CGCNN\MP_Formation_Full_CGCNN_20260524\2226724.cif
1247579,mp-1247579,SrCa7Mn6Cr2O22,-2.513826530725952,1,0,0,Ca-Cr-Mn-O-Sr,Ca-Cr-Mn-O-Sr,5,Mn,True,c707328711643cd6fcf6add15cc59cfa3c153c3dc86db4a332ffbd246d04b1ad,D:\CGCNN\Mn_MultinaryOxide_GeneratorFree_Pool_2000_20260527\1247579.cif,D:\CGCNN\MP_Formation_Full_CGCNN_20260524\1247579.cif
766498,mp-766498,LiMnCO3F2,-2.307444772345546,0,0,1,C-F-Li-Mn-O,C-F-Li-Mn-O,5,Mn,True,831356c4c63b82f51075fa1210de59349db94c062e39088d8b143297f361229c,D:\CGCNN\Mn_MultinaryOxide_GeneratorFree_Pool_2000_20260527\766498.cif,D:\CGCNN\MP_Formation_Full_CGCNN_20260524\766498.cif
1048549,mp-1048549,Ba2Ca3Mn4Tl2O12,-2.256045356451774,0,0,1,Ba-Ca-Mn-O-Tl,Ba-Ca-Mn-O-Tl,5,Mn,True,96c829da19094f576ec112bead5b3045d22c92693fc4d11f42309f25d601b1ed,D:\CGCNN\Mn_MultinaryOxide_GeneratorFree_Pool_2000_20260527\1048549.cif,D:\CGCNN\MP_Formation_Full_CGCNN_20260524\1048549.cif
1343780,mp-1343780,SrCaMn(PO4)2,-0.020497796324365,0,0,1,Ca-Mn-O-P-Sr,Ca-Mn-O-P-Sr,5,Mn,True,9d24a60be4a51ff3cd61d3948f1a10c1e0021020f88dc495d7fddfb5be5e6415,D:\CGCNN\Mn_MultinaryOxide_GeneratorFree_Pool_2000_20260527\1343780.cif,D:\CGCNN\MP_Formation_Full_CGCNN_20260524\1343780.cif
559046,mp-559046,Sm2MnTe5Cl2O13,-2.138053340163668,0,0,1,Cl-Mn-O-Sm-Te,Cl-Mn-O-Sm-Te,5,Mn,True,8600790714169de667400db07ccec6154859315aed907bd477ccf5489520d255,D:\CGCNN\Mn_MultinaryOxide_GeneratorFree_Pool_2000_20260527\559046.cif,D:\CGCNN\MP_Formation_Full_CGCNN_20260524\559046.cif
540545,mp-540545,MnH8(BrO2)2,-1.284140651195401,0,0,1,Br-H-Mn-O,Br-H-Mn-O,4,Mn,True,42c48a497e08f986fe3bbf97790b29b9d9e24c74ca52ef4964283877a5e5c8dc,D:\CGCNN\Mn_MultinaryOxide_GeneratorFree_Pool_2000_20260527\540545.cif,D:\CGCNN\MP_Formation_Full_CGCNN_20260524\540545.cif
1227749,mp-1227749,Ca4MnFe3(SiO3)10,-2.973231989956896,0,1,0,Ca-Fe-Mn-O-Si,Ca-Fe-Mn-O-Si,5,Mn,True,3e4d22c740e5c75f849c98dd611d6a9eb406f6c37673cafe1aa169819b9c2476,D:\CGCNN\Mn_MultinaryOxide_GeneratorFree_Pool_2000_20260527\1227749.cif,D:\CGCNN\MP_Formation_Full_CGCNN_20260524\1227749.cif
542187,mp-542187,Sr2MnClO3,-2.732661370418719,0,1,0,Cl-Mn-O-Sr,Cl-Mn-O-Sr,4,Mn,True,3477363319a3ed25550528e5d1a3a727b6c0192c61021a34239f68b80c76e604,D:\CGCNN\Mn_MultinaryOxide_GeneratorFree_Pool_2000_20260527\542187.cif,D:\CGCNN\MP_Formation_Full_CGCNN_20260524\542187.cif
1201453,mp-1201453,MnZnH22C5N10(Cl2O3)2,-0.872966430008796,0,0,1,C-Cl-H-Mn-N-O-Zn,C-Cl-H-Mn-N-O-Zn,7,Mn,True,8880ee29bbc53c80ab7c291bc001a8092bcbe6bb2774be6da9d3d79ac4b8cc69,D:\CGCNN\Mn_MultinaryOxide_GeneratorFree_Pool_2000_20260527\1201453.cif,D:\CGCNN\MP_Formation_Full_CGCNN_20260524\1201453.cif
1521618,mp-1521618,CaEuZrMnO6,-3.025417653293105,0,1,0,Ca-Eu-Mn-O-Zr,Ca-Eu-Mn-O-Zr,5,Mn,True,a18e06dde6941c697ef6e0b18319ccbee029b865162a5a1359d85d25531cf2af,D:\CGCNN\Mn_MultinaryOxide_GeneratorFree_Pool_2000_20260527\1521618.cif,D:\CGCNN\MP_Formation_Full_CGCNN_20260524\1521618.cif
1227855,mp-1227855,BaLaMnRuO6,-2.499961502293104,1,0,0,Ba-La-Mn-O-Ru,Ba-La-Mn-O-Ru,5,Mn,True,0f5757ad96a46f8a9366d8b08e5ad93bc36ca78ed3ccf4e4d494ebd4e3037e79,D:\CGCNN\Mn_MultinaryOxide_GeneratorFree_Pool_2000_20260527\1227855.cif,D:\CGCNN\MP_Formation_Full_CGCNN_20260524\1227855.cif
850186,mp-850186,Li4Mn2Co3Sn3O16,-1.858180092649834,0,0,1,Co-Li-Mn-O-Sn,Co-Li-Mn-O-Sn,5,Mn,True,ef68c02966b8c22bac5390ccc3a016eab2e44d71627ce8fe929572d0710a5308,D:\CGCNN\Mn_MultinaryOxide_GeneratorFree_Pool_2000_20260527\850186.cif,D:\CGCNN\MP_Formation_Full_CGCNN_20260524\850186.cif
2217950,mp-2217950,MgMnP2O7,-2.548327146110614,1,0,0,Mg-Mn-O-P,Mg-Mn-O-P,4,Mn,True,ded977238a1cd6fa50fec0d0c3a0f5bfdd2e54017c778dbf357b41f13ace2695,D:\CGCNN\Mn_MultinaryOxide_GeneratorFree_Pool_2000_20260527\2217950.cif,D:\CGCNN\MP_Formation_Full_CGCNN_20260524\2217950.cif
637244,mp-637244,Mn2SnC10(ClO5)2,-0.8665211949344831,0,0,1,C-Cl-Mn-O-Sn,C-Cl-Mn-O-Sn,5,Mn,True,751ba10d7d300112bb9f466172951fe596e46b68004b5e8c8a47d1fb588f6ce1,D:\CGCNN\Mn_MultinaryOxide_GeneratorFree_Pool_2000_20260527\637244.cif,D:\CGCNN\MP_Formation_Full_CGCNN_20260524\637244.cif
1042652,mp-1042652,MnZnBiO5,-1.50076511833513,0,0,1,Bi-Mn-O-Zn,Bi-Mn-O-Zn,4,Mn,True,c600a7f29330efdb050a0c7a734d034da08aa5e80d476ee9556b3f4d85c3391d,D:\CGCNN\Mn_MultinaryOxide_GeneratorFree_Pool_2000_20260527\1042652.cif,D:\CGCNN\MP_Formation_Full_CGCNN_20260524\1042652.cif
1214895,mp-1214895,Ba6Na2Ta2Mn2O17,-2.811562852182322,0,1,0,Ba-Mn-Na-O-Ta,Ba-Mn-Na-O-Ta,5,Mn,True,9673a08d1684103ac83ac055fe671c96f85bf9a9de75f634acf63bbaf2d7163a,D:\CGCNN\Mn_MultinaryOxide_GeneratorFree_Pool_2000_20260527\1214895.cif,D:\CGCNN\MP_Formation_Full_CGCNN_20260524\1214895.cif
1042806,mp-1042806,MnZnAs2O7,-1.802132167766457,0,0,1,As-Mn-O-Zn,As-Mn-O-Zn,4,Mn,True,1b9115d21bd4e559e17caa210cb430516ee959a5050f2f0abf893a51758cfe16,D:\CGCNN\Mn_MultinaryOxide_GeneratorFree_Pool_2000_20260527\1042806.cif,D:\CGCNN\MP_Formation_Full_CGCNN_20260524\1042806.cif
863857,mp-863857,Mn3Co3(SbO8)2,-1.555569048908045,0,0,1,Co-Mn-O-Sb,Co-Mn-O-Sb,4,Mn,True,351d36299446e7568ecbcc6eed750e27fd1ba1a55bf97c3129dc6224780a33fd,D:\CGCNN\Mn_MultinaryOxide_GeneratorFree_Pool_2000_20260527\863857.cif,D:\CGCNN\MP_Formation_Full_CGCNN_20260524\863857.cif
1233081,mp-1233081,Ba2CaMn2(P2O7)2,-2.735769151062326,0,1,0,Ba-Ca-Mn-O-P,Ba-Ca-Mn-O-P,5,Mn,True,264fef7353fb4aecff8e9cbc3946ce235b23aa23a83b98d5c65041c97af5ca24,D:\CGCNN\Mn_MultinaryOxide_GeneratorFree_Pool_2000_20260527\1233081.cif,D:\CGCNN\MP_Formation_Full_CGCNN_20260524\1233081.cif
772101,mp-772101,Na3MnSiCO7,-2.3490579011206902,0,0,1,C-Mn-Na-O-Si,C-Mn-Na-O-Si,5,Mn,True,64980e69e289f94050654ac60492665315edfd4c2cdc6600cc3b343b8828df91,D:\CGCNN\Mn_MultinaryOxide_GeneratorFree_Pool_2000_20260527\772101.cif,D:\CGCNN\MP_Formation_Full_CGCNN_20260524\772101.cif
19507,mp-19507,BaMn2V2O8,-2.54981148872016,1,0,0,Ba-Mn-O-V,Ba-Mn-O-V,4,Mn,True,7d9b6b69b5a1b71fe8d1c98021d4f3269528ee3508dadb044d46288a2b6e6995,D:\CGCNN\Mn_MultinaryOxide_GeneratorFree_Pool_2000_20260527\19507.cif,D:\CGCNN\MP_Formation_Full_CGCNN_20260524\19507.cif
1212163,mp-1212163,MnH10C2N4O7,-1.062284455122127,0,0,1,C-H-Mn-N-O,C-H-Mn-N-O,5,Mn,True,c990f6e5cb5051a27ef90368c56b3a74acb3a584bfee945f5f77f785cfd200ed,D:\CGCNN\Mn_MultinaryOxide_GeneratorFree_Pool_2000_20260527\1212163.cif,D:\CGCNN\MP_Formation_Full_CGCNN_20260524\1212163.cif
1173896,mp-1173896,Li2MnCoO4,-1.887411760574712,0,0,1,Co-Li-Mn-O,Co-Li-Mn-O,4,Mn,True,219189ef464536058777270f2e33ee55eacf643b68d33e34a23f158d2e5c3792,D:\CGCNN\Mn_MultinaryOxide_GeneratorFree_Pool_2000_20260527\1173896.cif,D:\CGCNN\MP_Formation_Full_CGCNN_20260524\1173896.cif
1521356,mp-1521356,CaSmMnSnO6,-2.682502858793104,0,1,0,Ca-Mn-O-Sm-Sn,Ca-Mn-O-Sm-Sn,5,Mn,True,e97bde28d73d817296e49b2c9e166a725b596592c05f6f19b622a4225eb6bd3d,D:\CGCNN\Mn_MultinaryOxide_GeneratorFree_Pool_2000_20260527\1521356.cif,D:\CGCNN\MP_Formation_Full_CGCNN_20260524\1521356.cif
774916,mp-774916,Mn3CrFe2(PO4)6,-2.35516243754584,0,0,1,Cr-Fe-Mn-O-P,Cr-Fe-Mn-O-P,5,Mn,True,57f9b1202a99b20a8fa7e6dd4392157ef5bd3aca0393fc4af66d7f7e836fe773,D:\CGCNN\Mn_MultinaryOxide_GeneratorFree_Pool_2000_20260527\774916.cif,D:\CGCNN\MP_Formation_Full_CGCNN_20260524\774916.cif
1221663,mp-1221663,MnZn5(BO5)2,-2.028834185070242,0,0,1,B-Mn-O-Zn,B-Mn-O-Zn,4,Mn,True,ba002b7fd3901b675ee4de8f4d5df9fef4d6616ccfd1ff4b896f6f4686b3c2e8,D:\CGCNN\Mn_MultinaryOxide_GeneratorFree_Pool_2000_20260527\1221663.cif,D:\CGCNN\MP_Formation_Full_CGCNN_20260524\1221663.cif
1200911,mp-1200911,MnPH15C3N(ClO)3,-0.8291341891231061,0,0,1,C-Cl-H-Mn-N-O-P,C-Cl-H-Mn-N-O-P,7,Mn,True,6338a91acd20d00e2c4d10bc5be8d7f52838d257d0d26aa0c2e53fc794a327e7,D:\CGCNN\Mn_MultinaryOxide_GeneratorFree_Pool_2000_20260527\1200911.cif,D:\CGCNN\MP_Formation_Full_CGCNN_20260524\1200911.cif
18320,mp-18320,Mn4Be3Si3TeO12,-2.717548969060469,0,1,0,Be-Mn-O-Si-Te,Be-Mn-O-Si-Te,5,Mn,True,4165665ff28c7fe1c9a5d41e56c0500d561fd206e64eef3f452c948da9b2ee2a,D:\CGCNN\Mn_MultinaryOxide_GeneratorFree_Pool_2000_20260527\18320.cif,D:\CGCNN\MP_Formation_Full_CGCNN_20260524\18320.cif
1227877,mp-1227877,Ca4Mn5Al(Si3O14)2,-2.728314966583072,0,1,0,Al-Ca-Mn-O-Si,Al-Ca-Mn-O-Si,5,Mn,True,94f7d78c52b64013c2f58ea908d107700702eeb7971c1de78247acefea7bdd2d,D:\CGCNN\Mn_MultinaryOxide_GeneratorFree_Pool_2000_20260527\1227877.cif,D:\CGCNN\MP_Formation_Full_CGCNN_20260524\1227877.cif
1228733,mp-1228733,Ba6Mn4Si12Cl3O34,-3.08828748969024,0,1,0,Ba-Cl-Mn-O-Si,Ba-Cl-Mn-O-Si,5,Mn,True,ce58282b4d6d82db5f994cef3fe25ee00889107c87b2908590ba317918147889,D:\CGCNN\Mn_MultinaryOxide_GeneratorFree_Pool_2000_20260527\1228733.cif,D:\CGCNN\MP_Formation_Full_CGCNN_20260524\1228733.cif
1518813,mp-1518813,BaNaPrMnO6,-2.275352404847702,0,0,1,Ba-Mn-Na-O-Pr,Ba-Mn-Na-O-Pr,5,Mn,True,bbf2990e540a97e6a2200c9c8c60c58b77672e3be9f6142a8ad4e06060c6c700,D:\CGCNN\Mn_MultinaryOxide_GeneratorFree_Pool_2000_20260527\1518813.cif,D:\CGCNN\MP_Formation_Full_CGCNN_20260524\1518813.cif
1222510,mp-1222510,Li3MnCoNiO6,-1.825896004827586,0,0,1,Co-Li-Mn-Ni-O,Co-Li-Mn-Ni-O,5,Mn,True,7673d23638f9f6dcb975e9cb23796c9f603f211c83fff1d32610cecd809bc842,D:\CGCNN\Mn_MultinaryOxide_GeneratorFree_Pool_2000_20260527\1222510.cif,D:\CGCNN\MP_Formation_Full_CGCNN_20260524\1222510.cif
867530,mp-867530,Li4Mn2Nb3Cr3O16,-2.540496428185549,1,0,0,Cr-Li-Mn-Nb-O,Cr-Li-Mn-Nb-O,5,Mn,True,66d775ca77471778020041ddaa1de99569a3202a3e835485b02134eb6d870945,D:\CGCNN\Mn_MultinaryOxide_GeneratorFree_Pool_2000_20260527\867530.cif,D:\CGCNN\MP_Formation_Full_CGCNN_20260524\867530.cif
770518,mp-770518,Li4Ti3Mn3(CoO8)2,-2.405072265254515,0,0,1,Co-Li-Mn-O-Ti,Co-Li-Mn-O-Ti,5,Mn,True,81a60eb47139fead952ac82cfe54cac92f3052f8be7ce054021439335a93e0e4,D:\CGCNN\Mn_MultinaryOxide_GeneratorFree_Pool_2000_20260527\770518.cif,D:\CGCNN\MP_Formation_Full_CGCNN_20260524\770518.cif
1228475,mp-1228475,Ba5Mn(Co2O7)2,-2.134721146372126,0,0,1,Ba-Co-Mn-O,Ba-Co-Mn-O,4,Mn,True,0c887699e11977f2cf5818309d70d009d0a2cdae96e543d300b88d69e3d07564,D:\CGCNN\Mn_MultinaryOxide_GeneratorFree_Pool_2000_20260527\1228475.cif,D:\CGCNN\MP_Formation_Full_CGCNN_20260524\1228475.cif
820860,mp-820860,Mn2FeC6(N3O4)2,0.188928799962519,0,0,1,C-Fe-Mn-N-O,C-Fe-Mn-N-O,5,Mn,True,e8cdaed1155b99787cf2a22c6c8cf6d58fa572ccf6f0cf209170a132e2bcbe3a,D:\CGCNN\Mn_MultinaryOxide_GeneratorFree_Pool_2000_20260527\820860.cif,D:\CGCNN\MP_Formation_Full_CGCNN_20260524\820860.cif
1355282,mp-1355282,CaMnFeO5,-1.895285083803878,0,0,1,Ca-Fe-Mn-O,Ca-Fe-Mn-O,4,Mn,True,a75ffbc1b2af3970c4be11a2aa8d71dd8059d203a138300bb5ac9a8e8d20cf07,D:\CGCNN\Mn_MultinaryOxide_GeneratorFree_Pool_2000_20260527\1355282.cif,D:\CGCNN\MP_Formation_Full_CGCNN_20260524\1355282.cif
1262567,mp-1262567,Sr2MnAlCu2O7,-2.250720403302387,0,0,1,Al-Cu-Mn-O-Sr,Al-Cu-Mn-O-Sr,5,Mn,True,6f960b45917a2eea2b60a6d0ecd11d59b6746ce7da72fdbd1fb006fd8ebdf9df,D:\CGCNN\Mn_MultinaryOxide_GeneratorFree_Pool_2000_20260527\1262567.cif,D:\CGCNN\MP_Formation_Full_CGCNN_20260524\1262567.cif
1103922,mp-1103922,KMnCl3O2,-1.163980786454434,0,0,1,Cl-K-Mn-O,Cl-K-Mn-O,4,Mn,True,25317450b03f971727a4a08f328a65230848e109e0f92937440ed47c73ea3d71,D:\CGCNN\Mn_MultinaryOxide_GeneratorFree_Pool_2000_20260527\1103922.cif,D:\CGCNN\MP_Formation_Full_CGCNN_20260524\1103922.cif
558402,mp-558402,Mn2PClO4,-2.402603486938114,0,0,1,Cl-Mn-O-P,Cl-Mn-O-P,4,Mn,True,792532f73241a34e8a87a006376f8c3c702afcc1f5dd3413d43faa4fda2244f8,D:\CGCNN\Mn_MultinaryOxide_GeneratorFree_Pool_2000_20260527\558402.cif,D:\CGCNN\MP_Formation_Full_CGCNN_20260524\558402.cif
1203019,mp-1203019,Ca6MnSi6Pb2(SO16)2,-2.4683057923047143,0,0,1,Ca-Mn-O-Pb-S-Si,Ca-Mn-O-Pb-S-Si,6,Mn,True,5b17a93e5dbddde560dd6459c1bf96bc4dd92feb98e8c279802e0d44e00a32a0,D:\CGCNN\Mn_MultinaryOxide_GeneratorFree_Pool_2000_20260527\1203019.cif,D:\CGCNN\MP_Formation_Full_CGCNN_20260524\1203019.cif
1516683,mp-1516683,NaSrCeMnO6,-2.577938101931035,1,0,0,Ce-Mn-Na-O-Sr,Ce-Mn-Na-O-Sr,5,Mn,True,deb60e4c8c588ac09a1f11e6032bd799317222161fdf4cdc946d3fd0588fbea6,D:\CGCNN\Mn_MultinaryOxide_GeneratorFree_Pool_2000_20260527\1516683.cif,D:\CGCNN\MP_Formation_Full_CGCNN_20260524\1516683.cif
1105735,mp-1105735,MnAsNO5,-0.9984973275538792,0,0,1,As-Mn-N-O,As-Mn-N-O,4,Mn,True,368075f0a7dcf492aac8388db233ce87399495da9dc4c105bef0524a798d5425,D:\CGCNN\Mn_MultinaryOxide_GeneratorFree_Pool_2000_20260527\1105735.cif,D:\CGCNN\MP_Formation_Full_CGCNN_20260524\1105735.cif
1218747,mp-1218747,Sr2Mn2Cu(AsO)2,-1.448966391206897,0,0,1,As-Cu-Mn-O-Sr,As-Cu-Mn-O-Sr,5,Mn,True,04f19920d4fe5fbd71f0a20e27adf8538e26b80506b041041d7918ef18711a18,D:\CGCNN\Mn_MultinaryOxide_GeneratorFree_Pool_2000_20260527\1218747.cif,D:\CGCNN\MP_Formation_Full_CGCNN_20260524\1218747.cif
1520083,mp-1520083,SrCaMnWO6,-2.674870084793101,0,1,0,Ca-Mn-O-Sr-W,Ca-Mn-O-Sr-W,5,Mn,True,c4eb8795ca93ec41d4aff56de12b895ff8fb94daf25b7da58dcf73e18eb74fb5,D:\CGCNN\Mn_MultinaryOxide_GeneratorFree_Pool_2000_20260527\1520083.cif,D:\CGCNN\MP_Formation_Full_CGCNN_20260524\1520083.cif
755012,mp-755012,Li4Ti3Mn2Sn3O16,-2.565531808006979,1,0,0,Li-Mn-O-Sn-Ti,Li-Mn-O-Sn-Ti,5,Mn,True,a2c1b57d0e5b2609506300bbac62927d325a6ad3dee0ab86d7dac8db38cd1031,D:\CGCNN\Mn_MultinaryOxide_GeneratorFree_Pool_2000_20260527\755012.cif,D:\CGCNN\MP_Formation_Full_CGCNN_20260524\755012.cif
773605,mp-773605,Na3Mn(BO3)2,-2.378766318991858,0,0,1,B-Mn-Na-O,B-Mn-Na-O,4,Mn,True,41be3e3fea3e3400c3d339fba23a19c52eed5244e5bd1d6428ac60ad2a37dc90,D:\CGCNN\Mn_MultinaryOxide_GeneratorFree_Pool_2000_20260527\773605.cif,D:\CGCNN\MP_Formation_Full_CGCNN_20260524\773605.cif
1226407,mp-1226407,Dy2MnCoO6,-2.427843522626436,0,0,1,Co-Dy-Mn-O,Co-Dy-Mn-O,4,Mn,True,90c37931780b45adbeebbe09b602bc4fa4d19b3c893bb2613cc28fa8a7981c44,D:\CGCNN\Mn_MultinaryOxide_GeneratorFree_Pool_2000_20260527\1226407.cif,D:\CGCNN\MP_Formation_Full_CGCNN_20260524\1226407.cif
19823,mp-19823,NdMnAsO,-1.860387779482758,0,0,1,As-Mn-Nd-O,As-Mn-Nd-O,4,Mn,True,d54b806f341145d612b60aa5c07af3b666403a26c7edfaa06b6b7099a369c2a5,D:\CGCNN\Mn_MultinaryOxide_GeneratorFree_Pool_2000_20260527\19823.cif,D:\CGCNN\MP_Formation_Full_CGCNN_20260524\19823.cif
1222245,mp-1222245,MnFe4(BiO3)5,-1.654119084117243,0,0,1,Bi-Fe-Mn-O,Bi-Fe-Mn-O,4,Mn,True,30417f12916a80a7829d8565cd7b1752cf0c9a5e9348a74f580604b154c43357,D:\CGCNN\Mn_MultinaryOxide_GeneratorFree_Pool_2000_20260527\1222245.cif,D:\CGCNN\MP_Formation_Full_CGCNN_20260524\1222245.cif
729389,mp-729389,Mg2MnH24(ClO2)6,-1.453731464176245,0,0,1,Cl-H-Mg-Mn-O,Cl-H-Mg-Mn-O,5,Mn,True,15399edc34f462dd38fc209bdf6b7b3e1bcd2b3afcb65778a1fd0dad04c032b3,D:\CGCNN\Mn_MultinaryOxide_GeneratorFree_Pool_2000_20260527\729389.cif,D:\CGCNN\MP_Formation_Full_CGCNN_20260524\729389.cif
1233273,mp-1233273,Ba10MgMn6(O12F)2,-2.501285463781076,1,0,0,Ba-F-Mg-Mn-O,Ba-F-Mg-Mn-O,5,Mn,True,edec7539b3a7400b31992102e827caa5d94b50b9be6ed20fcb00cb1226ff90ee,D:\CGCNN\Mn_MultinaryOxide_GeneratorFree_Pool_2000_20260527\1233273.cif,D:\CGCNN\MP_Formation_Full_CGCNN_20260524\1233273.cif
1516447,mp-1516447,CaEuMn4O12,-1.6814212053735642,0,0,1,Ca-Eu-Mn-O,Ca-Eu-Mn-O,4,Mn,True,311abd68bed16fcbd49af5e89efab0928c48ab0aa55b8bf4a9417dae438d4935,D:\CGCNN\Mn_MultinaryOxide_GeneratorFree_Pool_2000_20260527\1516447.cif,D:\CGCNN\MP_Formation_Full_CGCNN_20260524\1516447.cif
1180198,mp-1180198,MnH4(CO3)2,-1.527548467340848,0,0,1,C-H-Mn-O,C-H-Mn-O,4,Mn,True,e7117a96cdb003cbebb826657e02a47ab59b0dcb4c83af3b77d8725da2b1c8a0,D:\CGCNN\Mn_MultinaryOxide_GeneratorFree_Pool_2000_20260527\1180198.cif,D:\CGCNN\MP_Formation_Full_CGCNN_20260524\1180198.cif
2226157,mp-2226157,Ba2YMgMn3O8,-2.414988858586207,0,0,1,Ba-Mg-Mn-O-Y,Ba-Mg-Mn-O-Y,5,Mn,True,2c9b57853edf621848402e214092fffe0fdc506de62aa621e1c801a0309a469f,D:\CGCNN\Mn_MultinaryOxide_GeneratorFree_Pool_2000_20260527\2226157.cif,D:\CGCNN\MP_Formation_Full_CGCNN_20260524\2226157.cif
1196033,mp-1196033,BaMn9V6O26,-2.303330483723318,0,0,1,Ba-Mn-O-V,Ba-Mn-O-V,4,Mn,True,a572d205242480d09928531364e520018e7008e20c7deea1e76103155789a124,D:\CGCNN\Mn_MultinaryOxide_GeneratorFree_Pool_2000_20260527\1196033.cif,D:\CGCNN\MP_Formation_Full_CGCNN_20260524\1196033.cif
777063,mp-777063,Li10Mn3Cr3(FeO8)2,-2.094024031091954,0,0,1,Cr-Fe-Li-Mn-O,Cr-Fe-Li-Mn-O,5,Mn,True,b54f86906bae3b1974a4aad287e9e38d465970177d8fbbccd9afbf77d171c488,D:\CGCNN\Mn_MultinaryOxide_GeneratorFree_Pool_2000_20260527\777063.cif,D:\CGCNN\MP_Formation_Full_CGCNN_20260524\777063.cif
703684,mp-703684,MnH12N2(Cl2O)2,-1.045229724425287,0,0,1,Cl-H-Mn-N-O,Cl-H-Mn-N-O,5,Mn,True,0fb70296f98048d88f105d1638bf45dc264b00ac28867b6e71c4c14d673e68dd,D:\CGCNN\Mn_MultinaryOxide_GeneratorFree_Pool_2000_20260527\703684.cif,D:\CGCNN\MP_Formation_Full_CGCNN_20260524\703684.cif
1120814,mp-1120814,NaMn2BiO6,-1.762296919724138,0,0,1,Bi-Mn-Na-O,Bi-Mn-Na-O,4,Mn,True,111490c8d7829f758a898c0da8f25bd1fb34228ea102e6fa568213eb271cbc02,D:\CGCNN\Mn_MultinaryOxide_GeneratorFree_Pool_2000_20260527\1120814.cif,D:\CGCNN\MP_Formation_Full_CGCNN_20260524\1120814.cif
1227519,mp-1227519,Ca2MnNbO6,-3.001140919793104,0,1,0,Ca-Mn-Nb-O,Ca-Mn-Nb-O,4,Mn,True,ed0058268e1cae6c7371d36ea737141d4ed846692809856e4bb2ced8e5916d50,D:\CGCNN\Mn_MultinaryOxide_GeneratorFree_Pool_2000_20260527\1227519.cif,D:\CGCNN\MP_Formation_Full_CGCNN_20260524\1227519.cif
1227761,mp-1227761,Ca3SmMn4O12,-2.640676185836207,0,1,0,Ca-Mn-O-Sm,Ca-Mn-O-Sm,4,Mn,True,33c98e5fe6decc634b42b07a368c0654b4694e88256719cb66f3aeee98a95143,D:\CGCNN\Mn_MultinaryOxide_GeneratorFree_Pool_2000_20260527\1227761.cif,D:\CGCNN\MP_Formation_Full_CGCNN_20260524\1227761.cif
1228289,mp-1228289,Ba4Nd4Ti3Mn(Cu2O11)2,-2.888055393103448,0,1,0,Ba-Cu-Mn-Nd-O-Ti,Ba-Cu-Mn-Nd-O-Ti,6,Mn,True,ed6769fdcfe14379747f3ddb2386c49b7e8897f35afb5a38592754efbaaca489,D:\CGCNN\Mn_MultinaryOxide_GeneratorFree_Pool_2000_20260527\1228289.cif,D:\CGCNN\MP_Formation_Full_CGCNN_20260524\1228289.cif
1208762,mp-1208762,Sr2MnTeO6,-2.511738971959771,1,0,0,Mn-O-Sr-Te,Mn-O-Sr-Te,4,Mn,True,2f1685299e851f22da9e4e3035996e863026aa0ce95710557aae3466bfdff2ea,D:\CGCNN\Mn_MultinaryOxide_GeneratorFree_Pool_2000_20260527\1208762.cif,D:\CGCNN\MP_Formation_Full_CGCNN_20260524\1208762.cif
1227575,mp-1227575,Ca2MnRuO6,-2.394197838793103,0,0,1,Ca-Mn-O-Ru,Ca-Mn-O-Ru,4,Mn,True,7a02be13a88eaed821918790f8893d5b896b984e81821e0ba22bfa0942a911af,D:\CGCNN\Mn_MultinaryOxide_GeneratorFree_Pool_2000_20260527\1227575.cif,D:\CGCNN\MP_Formation_Full_CGCNN_20260524\1227575.cif
1521485,mp-1521485,KPrMnBiO6,-2.06475979168477,0,0,1,Bi-K-Mn-O-Pr,Bi-K-Mn-O-Pr,5,Mn,True,65425050ee41262c948f6c14a92750dcfb5329ccf45f77fd30096c06455d1553,D:\CGCNN\Mn_MultinaryOxide_GeneratorFree_Pool_2000_20260527\1521485.cif,D:\CGCNN\MP_Formation_Full_CGCNN_20260524\1521485.cif
1076487,mp-1076487,Sr7CaMnFe7O20,-2.387538721400862,0,0,1,Ca-Fe-Mn-O-Sr,Ca-Fe-Mn-O-Sr,5,Mn,True,67d67e7bccab8a1e3746eedf498e17d05dc1cd82cb872cceaf79aeae43122d93,D:\CGCNN\Mn_MultinaryOxide_GeneratorFree_Pool_2000_20260527\1076487.cif,D:\CGCNN\MP_Formation_Full_CGCNN_20260524\1076487.cif
1516824,mp-1516824,NdMn4CoO12,-1.683555437734674,0,0,1,Co-Mn-Nd-O,Co-Mn-Nd-O,4,Mn,True,dac22c3daf83131b473fcfdd90416245b2d34a98d8544d63ef77ca7d914842fd,D:\CGCNN\Mn_MultinaryOxide_GeneratorFree_Pool_2000_20260527\1516824.cif,D:\CGCNN\MP_Formation_Full_CGCNN_20260524\1516824.cif
1036235,mp-1036235,Mg14MnCoO16,-2.848936722747845,0,1,0,Co-Mg-Mn-O,Co-Mg-Mn-O,4,Mn,True,f563526691e94248aba76fa47527d31d3601a5874abedb095c6698c6d9488647,D:\CGCNN\Mn_MultinaryOxide_GeneratorFree_Pool_2000_20260527\1036235.cif,D:\CGCNN\MP_Formation_Full_CGCNN_20260524\1036235.cif
1268194,mp-1268194,Ca8TiMn7O20,-2.660388346079184,0,1,0,Ca-Mn-O-Ti,Ca-Mn-O-Ti,4,Mn,True,79bd5dde744d4dfe07cc374390689980aa16255d209e50ce793659822dd9a166,D:\CGCNN\Mn_MultinaryOxide_GeneratorFree_Pool_2000_20260527\1268194.cif,D:\CGCNN\MP_Formation_Full_CGCNN_20260524\1268194.cif
2223891,mp-2223891,BaYMgMnCuO5,-2.203367935793103,0,0,1,Ba-Cu-Mg-Mn-O-Y,Ba-Cu-Mg-Mn-O-Y,6,Mn,True,9d1a41291c9becbd760ac8244abd04ae7661a7189276225a810387a28c2103c3,D:\CGCNN\Mn_MultinaryOxide_GeneratorFree_Pool_2000_20260527\2223891.cif,D:\CGCNN\MP_Formation_Full_CGCNN_20260524\2223891.cif
720196,mp-720196,Mn2FeAg2(PO4)3,-1.239283582656197,0,0,1,Ag-Fe-Mn-O-P,Ag-Fe-Mn-O-P,5,Mn,True,84499f385b2b2feebb55ce4b20ec0b9765c240a944b560a4b382e6b87b9b148a,D:\CGCNN\Mn_MultinaryOxide_GeneratorFree_Pool_2000_20260527\720196.cif,D:\CGCNN\MP_Formation_Full_CGCNN_20260524\720196.cif
771706,mp-771706,Li2MnBPO7,-2.458822004867269,0,0,1,B-Li-Mn-O-P,B-Li-Mn-O-P,5,Mn,True,323f930413a88d3da094efb69f20aa90451da11c3f8c0adc9b468fb61f197638,D:\CGCNN\Mn_MultinaryOxide_GeneratorFree_Pool_2000_20260527\771706.cif,D:\CGCNN\MP_Formation_Full_CGCNN_20260524\771706.cif
1274377,mp-1274377,BaYMnCoO5,-2.588844035881226,1,0,0,Ba-Co-Mn-O-Y,Ba-Co-Mn-O-Y,5,Mn,True,c26f9371b61b62dfd2a78c803b9e1377bb66e83162a119d422c83decff7b5929,D:\CGCNN\Mn_MultinaryOxide_GeneratorFree_Pool_2000_20260527\1274377.cif,D:\CGCNN\MP_Formation_Full_CGCNN_20260524\1274377.cif
18990,mp-18990,Ba2Mn(BO2)6,-2.954110900496715,0,1,0,B-Ba-Mn-O,B-Ba-Mn-O,4,Mn,True,6ee59031207a44241ee997ef1cf3ea9fe21aa78a20d0369ea46d41f560cd2c2c,D:\CGCNN\Mn_MultinaryOxide_GeneratorFree_Pool_2000_20260527\18990.cif,D:\CGCNN\MP_Formation_Full_CGCNN_20260524\18990.cif
1223644,mp-1223644,La2Mn3ZnO9,-2.5674586595862072,1,0,0,La-Mn-O-Zn,La-Mn-O-Zn,4,Mn,True,6e2b476622e9570a1357c038b681ae5f6d40fa5edc4f4d8ffed66c7ddd671a78,D:\CGCNN\Mn_MultinaryOxide_GeneratorFree_Pool_2000_20260527\1223644.cif,D:\CGCNN\MP_Formation_Full_CGCNN_20260524\1223644.cif
1181758,mp-1181758,Mn(BO4)4,-0.8363021714094141,0,0,1,B-Mn-O,B-Mn-O,3,Mn,True,327446567c5de5c12efecd2e1f89a6e1dac757624b6be9b6b8d98ba3fe923726,D:\CGCNN\Mn_MultinaryOxide_GeneratorFree_Pool_2000_20260527\1181758.cif,D:\CGCNN\MP_Formation_Full_CGCNN_20260524\1181758.cif
1194554,mp-1194554,CsMnCl3O2,-1.106152097155173,0,0,1,Cl-Cs-Mn-O,Cl-Cs-Mn-O,4,Mn,True,f531d86ba1902ad7fe3ee7685b3547375e453b4c6f51f6d20ae003c1afa7c796,D:\CGCNN\Mn_MultinaryOxide_GeneratorFree_Pool_2000_20260527\1194554.cif,D:\CGCNN\MP_Formation_Full_CGCNN_20260524\1194554.cif
1233500,mp-1233500,K2MgMn2P6(HO10)2,-2.532617965627855,1,0,0,H-K-Mg-Mn-O-P,H-K-Mg-Mn-O-P,6,Mn,True,f77725ee8a09e19b4aeafb80bdec32d37c478f1475d0a372299369ae9608f68b,D:\CGCNN\Mn_MultinaryOxide_GeneratorFree_Pool_2000_20260527\1233500.cif,D:\CGCNN\MP_Formation_Full_CGCNN_20260524\1233500.cif
1227180,mp-1227180,CaLuMn2O6,-2.797704238752873,0,1,0,Ca-Lu-Mn-O,Ca-Lu-Mn-O,4,Mn,True,0e1920694508612f78488973c1e547afda8cedb4c7ef07b2d3aa360b0656f28d,D:\CGCNN\Mn_MultinaryOxide_GeneratorFree_Pool_2000_20260527\1227180.cif,D:\CGCNN\MP_Formation_Full_CGCNN_20260524\1227180.cif
2227694,mp-2227694,Ba2YMgMn3O8,-2.548222587252873,1,0,0,Ba-Mg-Mn-O-Y,Ba-Mg-Mn-O-Y,5,Mn,True,3b1d3ccc3a95285b40f7265a18fded1a19d7efd8d0738c80e7830d0ab1aa4823,D:\CGCNN\Mn_MultinaryOxide_GeneratorFree_Pool_2000_20260527\2227694.cif,D:\CGCNN\MP_Formation_Full_CGCNN_20260524\2227694.cif
1200379,mp-1200379,K4Ba2Na4Ti8Mn(Si8O33)2,-2.388648829595197,0,0,1,Ba-K-Mn-Na-O-Si-Ti,Ba-K-Mn-Na-O-Si-Ti,7,Mn,True,266f0bd4eb0bff2f719e95047d0e24f3ee1df0564e408de83f4b7d6beb2fb0dd,D:\CGCNN\Mn_MultinaryOxide_GeneratorFree_Pool_2000_20260527\1200379.cif,D:\CGCNN\MP_Formation_Full_CGCNN_20260524\1200379.cif
1227874,mp-1227874,BaNdMnCoO6,-2.443626125043103,0,0,1,Ba-Co-Mn-Nd-O,Ba-Co-Mn-Nd-O,5,Mn,True,2d7dcddac6a83672adfbb13acfc28cafd0330e9778152fee03b721aa143327b1,D:\CGCNN\Mn_MultinaryOxide_GeneratorFree_Pool_2000_20260527\1227874.cif,D:\CGCNN\MP_Formation_Full_CGCNN_20260524\1227874.cif
630403,mp-630403,Ca2MnGaO5,-2.717583835603448,0,1,0,Ca-Ga-Mn-O,Ca-Ga-Mn-O,4,Mn,True,a6634a19799af730900d8f9bd390894be2a60de4d2ef9b114422de3a73f0596e,D:\CGCNN\Mn_MultinaryOxide_GeneratorFree_Pool_2000_20260527\630403.cif,D:\CGCNN\MP_Formation_Full_CGCNN_20260524\630403.cif
1522792,mp-1522792,BaNaSrMnO6,-2.037039118931035,0,0,1,Ba-Mn-Na-O-Sr,Ba-Mn-Na-O-Sr,5,Mn,True,c7a946d703c49fe22b496583bdd98ce2f512719d2c74f4c585ca70ab39adbc93,D:\CGCNN\Mn_MultinaryOxide_GeneratorFree_Pool_2000_20260527\1522792.cif,D:\CGCNN\MP_Formation_Full_CGCNN_20260524\1522792.cif
743838,mp-743838,Ba4La8Mn11SnO36,-2.812316669037356,0,1,0,Ba-La-Mn-O-Sn,Ba-La-Mn-O-Sn,5,Mn,True,200b7233ce6ddd5aeaec680a4e79879094a8104ac7cd15b2fb8b6ecb37fd4a5a,D:\CGCNN\Mn_MultinaryOxide_GeneratorFree_Pool_2000_20260527\743838.cif,D:\CGCNN\MP_Formation_Full_CGCNN_20260524\743838.cif
21616,mp-21616,Mn4Be3Ge3SO12,-2.307096809966268,0,0,1,Be-Ge-Mn-O-S,Be-Ge-Mn-O-S,5,Mn,True,3e72a5c1ed251d856a66e84207abe83d7384881d36d593276dcb1cc19c845ece,D:\CGCNN\Mn_MultinaryOxide_GeneratorFree_Pool_2000_20260527\21616.cif,D:\CGCNN\MP_Formation_Full_CGCNN_20260524\21616.cif
774806,mp-774806,Li4Mn3Cr3(SbO8)2,-2.214017541683086,0,0,1,Cr-Li-Mn-O-Sb,Cr-Li-Mn-O-Sb,5,Mn,True,afa465d971285e8be4d7364c6c8bec6d71c97819d916aaa68a4e981ddb7d20c3,D:\CGCNN\Mn_MultinaryOxide_GeneratorFree_Pool_2000_20260527\774806.cif,D:\CGCNN\MP_Formation_Full_CGCNN_20260524\774806.cif
1227173,mp-1227173,CaLaMnNbO6,-3.207312040543105,0,1,0,Ca-La-Mn-Nb-O,Ca-La-Mn-Nb-O,5,Mn,True,f8a7fda70407dc055a74277100e25d49e00bd940b02cbed38a30fe5859b09a34,D:\CGCNN\Mn_MultinaryOxide_GeneratorFree_Pool_2000_20260527\1227173.cif,D:\CGCNN\MP_Formation_Full_CGCNN_20260524\1227173.cif
1518192,mp-1518192,SrCaNdMnO6,-2.752436584043104,0,1,0,Ca-Mn-Nd-O-Sr,Ca-Mn-Nd-O-Sr,5,Mn,True,20f07e2088341f039ada4c582879269672660901a5b08e9a9e7c057ac69757e3,D:\CGCNN\Mn_MultinaryOxide_GeneratorFree_Pool_2000_20260527\1518192.cif,D:\CGCNN\MP_Formation_Full_CGCNN_20260524\1518192.cif
554449,mp-554449,Mn2BiPO6,-2.285013969050493,0,0,1,Bi-Mn-O-P,Bi-Mn-O-P,4,Mn,True,feca9b1ee020b6bc37c541a9d5722d7925bcb8651c1e0835f451ea45d96a9523,D:\CGCNN\Mn_MultinaryOxide_GeneratorFree_Pool_2000_20260527\554449.cif,D:\CGCNN\MP_Formation_Full_CGCNN_20260524\554449.cif
1234849,mp-1234849,Sr8MgMn6O20,-2.555529308931034,1,0,0,Mg-Mn-O-Sr,Mg-Mn-O-Sr,4,Mn,True,1dcff00884a1ff47f29bc10d83ab41d98535b420498087e23aae7d234ffce93f,D:\CGCNN\Mn_MultinaryOxide_GeneratorFree_Pool_2000_20260527\1234849.cif,D:\CGCNN\MP_Formation_Full_CGCNN_20260524\1234849.cif
1522001,mp-1522001,BaCaSmMnO6,-2.702946084293104,0,1,0,Ba-Ca-Mn-O-Sm,Ba-Ca-Mn-O-Sm,5,Mn,True,510f934b2a7b471222af8d4a7c2f8e71eacc03b502fc8df6e0ca48bd8d944964,D:\CGCNN\Mn_MultinaryOxide_GeneratorFree_Pool_2000_20260527\1522001.cif,D:\CGCNN\MP_Formation_Full_CGCNN_20260524\1522001.cif
2217896,mp-2217896,MgMn2Al2O6,-2.710686266442006,0,1,0,Al-Mg-Mn-O,Al-Mg-Mn-O,4,Mn,True,7f9a4d980272ce4a9e59a220bc7f8e22b756fed6979b774d41de97150286b020,D:\CGCNN\Mn_MultinaryOxide_GeneratorFree_Pool_2000_20260527\2217896.cif,D:\CGCNN\MP_Formation_Full_CGCNN_20260524\2217896.cif
831077,mp-831077,Li6Mn2B4SO16,-2.384646966725129,0,0,1,B-Li-Mn-O-S,B-Li-Mn-O-S,5,Mn,True,d9539efb540b8a94dcccde96e92cf147ae52639c0dce510c4f68d927cd6c7e0d,D:\CGCNN\Mn_MultinaryOxide_GeneratorFree_Pool_2000_20260527\831077.cif,D:\CGCNN\MP_Formation_Full_CGCNN_20260524\831077.cif
631350,mp-631350,MnC5BrO5,-0.8313557098275861,0,0,1,Br-C-Mn-O,Br-C-Mn-O,4,Mn,True,240a8f032e0d93ac3e5d22a2c4cfd66ac97c6d6bf8ce97582e65f8b151da6cfb,D:\CGCNN\Mn_MultinaryOxide_GeneratorFree_Pool_2000_20260527\631350.cif,D:\CGCNN\MP_Formation_Full_CGCNN_20260524\631350.cif
1290713,mp-1290713,CaMnWO6,-2.313512528659004,0,0,1,Ca-Mn-O-W,Ca-Mn-O-W,4,Mn,True,6f3690b9bc68f0e37a67a913f8fcaeff25d4a53e4a29d0c63299eb995594e6be,D:\CGCNN\Mn_MultinaryOxide_GeneratorFree_Pool_2000_20260527\1290713.cif,D:\CGCNN\MP_Formation_Full_CGCNN_20260524\1290713.cif
757046,mp-757046,Li3MnBPO7,-2.54715406167235,1,0,0,B-Li-Mn-O-P,B-Li-Mn-O-P,5,Mn,True,2aa8f07c5320bdec688d279c303171def5f7a3c75c5109388aa17cd5e1dc71bd,D:\CGCNN\Mn_MultinaryOxide_GeneratorFree_Pool_2000_20260527\757046.cif,D:\CGCNN\MP_Formation_Full_CGCNN_20260524\757046.cif
770842,mp-770842,Li4Mn2Co3Sb3O16,-1.831042183899835,0,0,1,Co-Li-Mn-O-Sb,Co-Li-Mn-O-Sb,5,Mn,True,b4697572fd1641b1f6c3c31e9790dc8f1e5523368d1b6bdf878e3810641abd54,D:\CGCNN\Mn_MultinaryOxide_GeneratorFree_Pool_2000_20260527\770842.cif,D:\CGCNN\MP_Formation_Full_CGCNN_20260524\770842.cif
1195724,mp-1195724,CaMn3Zn(SiO3)5,-2.900469337951724,0,1,0,Ca-Mn-O-Si-Zn,Ca-Mn-O-Si-Zn,5,Mn,True,82d7108911bc955640117899643b47dcd87519070d443cda7407258a4960dbd5,D:\CGCNN\Mn_MultinaryOxide_GeneratorFree_Pool_2000_20260527\1195724.cif,D:\CGCNN\MP_Formation_Full_CGCNN_20260524\1195724.cif
1177389,mp-1177389,Li4Mn3Cr2Sn(PO4)6,-2.49487513124959,1,0,0,Cr-Li-Mn-O-P-Sn,Cr-Li-Mn-O-P-Sn,6,Mn,True,f3a92d394dacc476286e70d5cb4e9c128b5099c596e3b88730c3e3e9d222c18f,D:\CGCNN\Mn_MultinaryOxide_GeneratorFree_Pool_2000_20260527\1177389.cif,D:\CGCNN\MP_Formation_Full_CGCNN_20260524\1177389.cif
2241425,mp-2241425,BaNd2MgMn2O7,-2.452396175450928,0,0,1,Ba-Mg-Mn-Nd-O,Ba-Mg-Mn-Nd-O,5,Mn,True,58c3f8f1ceebf108e4b7dbdd5bf8cec14558a0f69097e550bc3f70be72e4e624,D:\CGCNN\Mn_MultinaryOxide_GeneratorFree_Pool_2000_20260527\2241425.cif,D:\CGCNN\MP_Formation_Full_CGCNN_20260524\2241425.cif
778261,mp-778261,Li4TiMn3Cr2(PO4)6,-2.603736668707924,0,1,0,Cr-Li-Mn-O-P-Ti,Cr-Li-Mn-O-P-Ti,6,Mn,True,7904316496dd3bc63de18f16cc943304c6a6a65998e2a9f6976b4fcc3db3f506,D:\CGCNN\Mn_MultinaryOxide_GeneratorFree_Pool_2000_20260527\778261.cif,D:\CGCNN\MP_Formation_Full_CGCNN_20260524\778261.cif
1105934,mp-1105934,LiMnAsO5,-1.870807047970546,0,0,1,As-Li-Mn-O,As-Li-Mn-O,4,Mn,True,af48a097a19480b42d4ddf8e2b339204463e38f9fe0ffb222a4a1a32954817d2,D:\CGCNN\Mn_MultinaryOxide_GeneratorFree_Pool_2000_20260527\1105934.cif,D:\CGCNN\MP_Formation_Full_CGCNN_20260524\1105934.cif
771641,mp-771641,Mn5Co(PO4)6,-2.331133552708675,0,0,1,Co-Mn-O-P,Co-Mn-O-P,4,Mn,True,919da3de02780195ab1ae6d864b4b19ef01be16fbf8e3314e6e4ee82917fdf8d,D:\CGCNN\Mn_MultinaryOxide_GeneratorFree_Pool_2000_20260527\771641.cif,D:\CGCNN\MP_Formation_Full_CGCNN_20260524\771641.cif
1193229,mp-1193229,MnH12C8S2(NO)2,-0.363738661775225,0,0,1,C-H-Mn-N-O-S,C-H-Mn-N-O-S,6,Mn,True,4d6561581329476afdfaa200667233b3ddbf498db21da9d6b62a97b4a6ff0493,D:\CGCNN\Mn_MultinaryOxide_GeneratorFree_Pool_2000_20260527\1193229.cif,D:\CGCNN\MP_Formation_Full_CGCNN_20260524\1193229.cif
532591,mp-532591,Ca9Pr11Mn20O60,-2.758552807269541,0,1,0,Ca-Mn-O-Pr,Ca-Mn-O-Pr,4,Mn,True,8e1141ed3c3511c8b8158cff91618be2de41cb4b2850cd04844a9b5c7489a6ee,D:\CGCNN\Mn_MultinaryOxide_GeneratorFree_Pool_2000_20260527\532591.cif,D:\CGCNN\MP_Formation_Full_CGCNN_20260524\532591.cif
2226941,mp-2226941,BaPrMgMn2O6,-2.541888476593522,1,0,0,Ba-Mg-Mn-O-Pr,Ba-Mg-Mn-O-Pr,5,Mn,True,8471342cb520811baa56332a1ce534c36aad033b48b945b268114de4ebfab9bf,D:\CGCNN\Mn_MultinaryOxide_GeneratorFree_Pool_2000_20260527\2226941.cif,D:\CGCNN\MP_Formation_Full_CGCNN_20260524\2226941.cif
1210502,mp-1210502,Na2Mn2Cd(PO4)3,-2.476416242377463,1,0,0,Cd-Mn-Na-O-P,Cd-Mn-Na-O-P,5,Mn,True,21f35dee0788c9114d95c03d164b6d88302237b7d945bfa07883f46af0757ede,D:\CGCNN\Mn_MultinaryOxide_GeneratorFree_Pool_2000_20260527\1210502.cif,D:\CGCNN\MP_Formation_Full_CGCNN_20260524\1210502.cif
561610,mp-561610,Ca3MnCoO6,-2.607462277084638,0,1,0,Ca-Co-Mn-O,Ca-Co-Mn-O,4,Mn,True,fc43d0481663fff96cf4fff13c74a8f97a6f0fa976b071aaa8a6e3e237f0cc99,D:\CGCNN\Mn_MultinaryOxide_GeneratorFree_Pool_2000_20260527\561610.cif,D:\CGCNN\MP_Formation_Full_CGCNN_20260524\561610.cif
1212305,mp-1212305,MnAg4P6(HO3)6,-1.620905316570137,0,0,1,Ag-H-Mn-O-P,Ag-H-Mn-O-P,5,Mn,True,7eb15b6a7e10c014e8cef72c824c78ebaedea2dc036142fe92ea066852ab1bac,D:\CGCNN\Mn_MultinaryOxide_GeneratorFree_Pool_2000_20260527\1212305.cif,D:\CGCNN\MP_Formation_Full_CGCNN_20260524\1212305.cif
757178,mp-757178,Li6MnCoP2(CO7)2,-2.354231615662182,0,0,1,C-Co-Li-Mn-O-P,C-Co-Li-Mn-O-P,6,Mn,True,397e19c8f2a11bced09e6fc63b9847d8d7ba53270d973a97b49d2b349144db38,D:\CGCNN\Mn_MultinaryOxide_GeneratorFree_Pool_2000_20260527\757178.cif,D:\CGCNN\MP_Formation_Full_CGCNN_20260524\757178.cif
764245,mp-764245,Mg7Mn5O12,-2.5690311222772992,1,0,0,Mg-Mn-O,Mg-Mn-O,3,Mn,True,58021e4ae4fae1ceff334486393ae1a3445de1ee310d1d9e3c24014e939f17c0,D:\CGCNN\Mn_MultinaryOxide_GeneratorFree_Pool_2000_20260527\764245.cif,D:\CGCNN\MP_Formation_Full_CGCNN_20260524\764245.cif
19174,mp-19174,BaMnV2(AgO4)2,-2.123178457233168,0,0,1,Ag-Ba-Mn-O-V,Ag-Ba-Mn-O-V,5,Mn,True,d1febe98171cecd836704e941d322bb76f9748676ca272c7234f719878ed8845,D:\CGCNN\Mn_MultinaryOxide_GeneratorFree_Pool_2000_20260527\19174.cif,D:\CGCNN\MP_Formation_Full_CGCNN_20260524\19174.cif
651122,mp-651122,Mn3Bi(CO)15,-0.755597200993915,0,0,1,Bi-C-Mn-O,Bi-C-Mn-O,4,Mn,True,fa9b33dcda88330d2ddb8e449d01948f182933174a10620b2a757139c600b10d,D:\CGCNN\Mn_MultinaryOxide_GeneratorFree_Pool_2000_20260527\651122.cif,D:\CGCNN\MP_Formation_Full_CGCNN_20260524\651122.cif
1213032,mp-1213032,ErMnFeO5,-2.530337448491378,1,0,0,Er-Fe-Mn-O,Er-Fe-Mn-O,4,Mn,True,a590d56b5a55059a34f9fbb16cf495eafff996adb822c722b091dfd0e170fd41,D:\CGCNN\Mn_MultinaryOxide_GeneratorFree_Pool_2000_20260527\1213032.cif,D:\CGCNN\MP_Formation_Full_CGCNN_20260524\1213032.cif
757439,mp-757439,Mn3NbCo2(PO4)6,-2.36806815504584,0,0,1,Co-Mn-Nb-O-P,Co-Mn-Nb-O-P,5,Mn,True,016c689d8f33d039e76855318135704f5ec97bfebaddf55667bdf6010ec80f65,D:\CGCNN\Mn_MultinaryOxide_GeneratorFree_Pool_2000_20260527\757439.cif,D:\CGCNN\MP_Formation_Full_CGCNN_20260524\757439.cif
1236297,mp-1236297,Sr4LiMn2(GaO5)2,-2.554286623378704,1,0,0,Ga-Li-Mn-O-Sr,Ga-Li-Mn-O-Sr,5,Mn,True,de2ed4f868c7ccab969750675f13c32f68dc650a018525bef433563e6001e3d8,D:\CGCNN\Mn_MultinaryOxide_GeneratorFree_Pool_2000_20260527\1236297.cif,D:\CGCNN\MP_Formation_Full_CGCNN_20260524\1236297.cif
1367209,mp-1367209,CaNd2Ti2Mn2O12,-3.059772932501513,0,1,0,Ca-Mn-Nd-O-Ti,Ca-Mn-Nd-O-Ti,5,Mn,True,221595291b80ad307ee92a0c43682b9be4cfed7f94a2a6114d38495891576462,D:\CGCNN\Mn_MultinaryOxide_GeneratorFree_Pool_2000_20260527\1367209.cif,D:\CGCNN\MP_Formation_Full_CGCNN_20260524\1367209.cif
758256,mp-758256,Mn3Co2Ni(PO4)6,-2.179185426156952,0,0,1,Co-Mn-Ni-O-P,Co-Mn-Ni-O-P,5,Mn,True,a3a05edb6420cbf33334c39db2358a8bb316bfc353e4ee6fe38b7009d9fa55aa,D:\CGCNN\Mn_MultinaryOxide_GeneratorFree_Pool_2000_20260527\758256.cif,D:\CGCNN\MP_Formation_Full_CGCNN_20260524\758256.cif
1311459,mp-1311459,Sr5Mn5O13,-2.552594269985007,1,0,0,Mn-O-Sr,Mn-O-Sr,3,Mn,True,1c9d2fdb23b1dfe7a53fe2d0c35fcc48c2590a08022f60765b3925dfc8871e57,D:\CGCNN\Mn_MultinaryOxide_GeneratorFree_Pool_2000_20260527\1311459.cif,D:\CGCNN\MP_Formation_Full_CGCNN_20260524\1311459.cif
1193494,mp-1193494,MnAgPO4,-2.118772164177222,0,0,1,Ag-Mn-O-P,Ag-Mn-O-P,4,Mn,True,f63749865a617177fea44c0a2976066648cdd082906c4660db45cb9a6b5a67cc,D:\CGCNN\Mn_MultinaryOxide_GeneratorFree_Pool_2000_20260527\1193494.cif,D:\CGCNN\MP_Formation_Full_CGCNN_20260524\1193494.cif
1520156,mp-1520156,Ba2MnSnO6,-2.454336809293104,0,0,1,Ba-Mn-O-Sn,Ba-Mn-O-Sn,4,Mn,True,231a1bb1e40db5e8b391f91d49451ad5fcffff3802b52585027b2de6d5870eb8,D:\CGCNN\Mn_MultinaryOxide_GeneratorFree_Pool_2000_20260527\1520156.cif,D:\CGCNN\MP_Formation_Full_CGCNN_20260524\1520156.cif
1195778,mp-1195778,K2Mn3(AsO4)3,-1.979423776289654,0,0,1,As-K-Mn-O,As-K-Mn-O,4,Mn,True,c765347774e352e422b99273a405bebe4cf8c426e61f0d7be2134445d998db58,D:\CGCNN\Mn_MultinaryOxide_GeneratorFree_Pool_2000_20260527\1195778.cif,D:\CGCNN\MP_Formation_Full_CGCNN_20260524\1195778.cif
1210873,mp-1210873,MnAlBiO5,-2.283884504428879,0,0,1,Al-Bi-Mn-O,Al-Bi-Mn-O,4,Mn,True,7497429f297ad3ba8343e2847fbc55e3b58b9788ac13e6a7bc930909798bc4d6,D:\CGCNN\Mn_MultinaryOxide_GeneratorFree_Pool_2000_20260527\1210873.cif,D:\CGCNN\MP_Formation_Full_CGCNN_20260524\1210873.cif
1177907,mp-1177907,Li2MnV4CoO12,-2.257338180229885,0,0,1,Co-Li-Mn-O-V,Co-Li-Mn-O-V,5,Mn,True,0c306733ab3d4f9e717b88369214399d99331c3b62eee0599832ee0cf864b767,D:\CGCNN\Mn_MultinaryOxide_GeneratorFree_Pool_2000_20260527\1177907.cif,D:\CGCNN\MP_Formation_Full_CGCNN_20260524\1177907.cif
775601,mp-775601,Li5Mn3Bi2(PO4)6,-2.476297943457923,1,0,0,Bi-Li-Mn-O-P,Bi-Li-Mn-O-P,5,Mn,True,cb28220daab8b9594410645a45784138c63f3877ed096e9dda05ccd2e3171ec7,D:\CGCNN\Mn_MultinaryOxide_GeneratorFree_Pool_2000_20260527\775601.cif,D:\CGCNN\MP_Formation_Full_CGCNN_20260524\775601.cif
1247627,mp-1247627,Sr2Ca6Mn8O23,-2.489134269960211,1,0,0,Ca-Mn-O-Sr,Ca-Mn-O-Sr,4,Mn,True,d52f2545e5c394ba748040c2dd91109a21142ef5ff9acf48385b1dc634456da0,D:\CGCNN\Mn_MultinaryOxide_GeneratorFree_Pool_2000_20260527\1247627.cif,D:\CGCNN\MP_Formation_Full_CGCNN_20260524\1247627.cif
1044531,mp-1044531,PrMgMn2O6,-2.579369401252873,1,0,0,Mg-Mn-O-Pr,Mg-Mn-O-Pr,4,Mn,True,c075b3d9221e1c940d387ed81ccc92dc40aab1beb59c86cbe426bd1c4fe765d3,D:\CGCNN\Mn_MultinaryOxide_GeneratorFree_Pool_2000_20260527\1044531.cif,D:\CGCNN\MP_Formation_Full_CGCNN_20260524\1044531.cif
1210930,mp-1210930,Mn2V3(AgO4)3,-1.758831668418103,0,0,1,Ag-Mn-O-V,Ag-Mn-O-V,4,Mn,True,01a5babd8cecd0eba403227954ca83195c519b302a9fa062a68ea96e5cb66455,D:\CGCNN\Mn_MultinaryOxide_GeneratorFree_Pool_2000_20260527\1210930.cif,D:\CGCNN\MP_Formation_Full_CGCNN_20260524\1210930.cif
1517356,mp-1517356,BaSrCaMnO6,-2.471059060793104,1,0,0,Ba-Ca-Mn-O-Sr,Ba-Ca-Mn-O-Sr,5,Mn,True,95ecf888064257cb70dc7b3534a73d78e9bfa81cb681b935f0572ca72295755f,D:\CGCNN\Mn_MultinaryOxide_GeneratorFree_Pool_2000_20260527\1517356.cif,D:\CGCNN\MP_Formation_Full_CGCNN_20260524\1517356.cif
1227616,mp-1227616,Ca2Nd2MnNiO8,-2.86772610413793,0,1,0,Ca-Mn-Nd-Ni-O,Ca-Mn-Nd-Ni-O,5,Mn,True,2a7fdcfb481a8935f36ebbe584d7553784838b23190f6ac600c2b2f2898d5608,D:\CGCNN\Mn_MultinaryOxide_GeneratorFree_Pool_2000_20260527\1227616.cif,D:\CGCNN\MP_Formation_Full_CGCNN_20260524\1227616.cif
637502,mp-637502,Mn2SnC10(BrO5)2,-0.833189956634483,0,0,1,Br-C-Mn-O-Sn,Br-C-Mn-O-Sn,5,Mn,True,db7522946fd88ea1af78045e6e6188c4e73644e02275cd73d72f52911ddb09fe,D:\CGCNN\Mn_MultinaryOxide_GeneratorFree_Pool_2000_20260527\637502.cif,D:\CGCNN\MP_Formation_Full_CGCNN_20260524\637502.cif
774294,mp-774294,Li4Mn2Nb3Co3O16,-2.217751448899835,0,0,1,Co-Li-Mn-Nb-O,Co-Li-Mn-Nb-O,5,Mn,True,b7cd3e8f48a21adf3c0b9d04b761cbf58c4a0e73c3b9d5612fdbd093c1e095aa,D:\CGCNN\Mn_MultinaryOxide_GeneratorFree_Pool_2000_20260527\774294.cif,D:\CGCNN\MP_Formation_Full_CGCNN_20260524\774294.cif
770680,mp-770680,Li9Mn2AlO8,-2.196633055418103,0,0,1,Al-Li-Mn-O,Al-Li-Mn-O,4,Mn,True,850e300c7737ceec10880c126ae95690aa33269c13da46dfccebc4af3007d937,D:\CGCNN\Mn_MultinaryOxide_GeneratorFree_Pool_2000_20260527\770680.cif,D:\CGCNN\MP_Formation_Full_CGCNN_20260524\770680.cif
18992,mp-18992,Ba2MnTeO6,-2.480495740459771,1,0,0,Ba-Mn-O-Te,Ba-Mn-O-Te,4,Mn,True,9e1fef5dc7b781d9a38da445be2b448e1fa507efe10a88b92c62ec317da8a0c5,D:\CGCNN\Mn_MultinaryOxide_GeneratorFree_Pool_2000_20260527\18992.cif,D:\CGCNN\MP_Formation_Full_CGCNN_20260524\18992.cif
770765,mp-770765,Na3MnBAsO7,-2.187534427787356,0,0,1,As-B-Mn-Na-O,As-B-Mn-Na-O,5,Mn,True,55cf808d59342a564309cb7fad59b17b5ba45ebfee741b4735067a12e1361c68,D:\CGCNN\Mn_MultinaryOxide_GeneratorFree_Pool_2000_20260527\770765.cif,D:\CGCNN\MP_Formation_Full_CGCNN_20260524\770765.cif
753882,mp-753882,Li6MnVP2(CO7)2,-2.388955872200643,0,0,1,C-Li-Mn-O-P-V,C-Li-Mn-O-P-V,6,Mn,True,a8e889f1dfaa47f40554ca941344c0b6e956b568a59005b117a0b02e740b34f2,D:\CGCNN\Mn_MultinaryOxide_GeneratorFree_Pool_2000_20260527\753882.cif,D:\CGCNN\MP_Formation_Full_CGCNN_20260524\753882.cif
1212109,mp-1212109,Mn3BPO10,-1.702069850173508,0,0,1,B-Mn-O-P,B-Mn-O-P,4,Mn,True,c243e4d6b8052a902be716d0f008b004f992d385a81b55c9c9fc4131c3668bc8,D:\CGCNN\Mn_MultinaryOxide_GeneratorFree_Pool_2000_20260527\1212109.cif,D:\CGCNN\MP_Formation_Full_CGCNN_20260524\1212109.cif
1228080,mp-1228080,BaLa4Mn5O15,-2.871141452586208,0,1,0,Ba-La-Mn-O,Ba-La-Mn-O,4,Mn,True,eb5f82374bab62bebfbafb615ce19a0b4ba398cde506e9855456007779fce722,D:\CGCNN\Mn_MultinaryOxide_GeneratorFree_Pool_2000_20260527\1228080.cif,D:\CGCNN\MP_Formation_Full_CGCNN_20260524\1228080.cif
1228163,mp-1228163,CaMnZnAs2H3O10,-1.913428371482279,0,0,1,As-Ca-H-Mn-O-Zn,As-Ca-H-Mn-O-Zn,6,Mn,True,2b3fae3e8cd79b85b71c0dc96c2b89161253d6783cb6154ab4c63dc26df3d016,D:\CGCNN\Mn_MultinaryOxide_GeneratorFree_Pool_2000_20260527\1228163.cif,D:\CGCNN\MP_Formation_Full_CGCNN_20260524\1228163.cif
1227954,mp-1227954,CaMn25FeSi4SbO44,-2.229018506029946,0,0,1,Ca-Fe-Mn-O-Sb-Si,Ca-Fe-Mn-O-Sb-Si,6,Mn,True,0201ab5d7e4889bac5095060e53615b958510768f03ccbd126adda9c18812ad3,D:\CGCNN\Mn_MultinaryOxide_GeneratorFree_Pool_2000_20260527\1227954.cif,D:\CGCNN\MP_Formation_Full_CGCNN_20260524\1227954.cif
767054,mp-767054,Li4Ti4Mn4NiO18,-2.545353250915833,1,0,0,Li-Mn-Ni-O-Ti,Li-Mn-Ni-O-Ti,5,Mn,True,579a61dc652f2d54789eccb0b61c31d8bd953559803ba205e9da9cb43c9d310f,D:\CGCNN\Mn_MultinaryOxide_GeneratorFree_Pool_2000_20260527\767054.cif,D:\CGCNN\MP_Formation_Full_CGCNN_20260524\767054.cif
997183,mp-997183,MnAuO2,-1.375097408232759,0,0,1,Au-Mn-O,Au-Mn-O,3,Mn,True,21910e9dde527b1661a0bfaff7f92d4f810ca438bec30944c6aa7e1597bad28f,D:\CGCNN\Mn_MultinaryOxide_GeneratorFree_Pool_2000_20260527\997183.cif,D:\CGCNN\MP_Formation_Full_CGCNN_20260524\997183.cif
650943,mp-650943,MnTeC5O6F5,-1.399438789005428,0,0,1,C-F-Mn-O-Te,C-F-Mn-O-Te,5,Mn,True,e629793192c52092840a3b664f86822aa4456a27988a56eb91b7ba52f4a22cfa,D:\CGCNN\Mn_MultinaryOxide_GeneratorFree_Pool_2000_20260527\650943.cif,D:\CGCNN\MP_Formation_Full_CGCNN_20260524\650943.cif
1193774,mp-1193774,MnPCO4,-1.5872346796534131,0,0,1,C-Mn-O-P,C-Mn-O-P,4,Mn,True,62a5f73d6cbdac6483c4728c666adc12c1b9ee39d1bc8a6cb6c8ad648a883c99,D:\CGCNN\Mn_MultinaryOxide_GeneratorFree_Pool_2000_20260527\1193774.cif,D:\CGCNN\MP_Formation_Full_CGCNN_20260524\1193774.cif
21535,mp-21535,Mn4Be3Ge3SeO12,-2.2957888793073,0,0,1,Be-Ge-Mn-O-Se,Be-Ge-Mn-O-Se,5,Mn,True,7649b1373a72f8bcc87ef82f6cff431a6e967d0560fe9ad0f25af4f2ddb14bad,D:\CGCNN\Mn_MultinaryOxide_GeneratorFree_Pool_2000_20260527\21535.cif,D:\CGCNN\MP_Formation_Full_CGCNN_20260524\21535.cif
2229285,mp-2229285,Sr4MgMn3(ClO4)2,-2.494596572155172,1,0,0,Cl-Mg-Mn-O-Sr,Cl-Mg-Mn-O-Sr,5,Mn,True,d74e19c9ba742efa2b4dbea996f8feac5355038cd30832114d960f68f6a48afb,D:\CGCNN\Mn_MultinaryOxide_GeneratorFree_Pool_2000_20260527\2229285.cif,D:\CGCNN\MP_Formation_Full_CGCNN_20260524\2229285.cif
1520978,mp-1520978,KSrCaMnO6,-2.049051863518104,0,0,1,Ca-K-Mn-O-Sr,Ca-K-Mn-O-Sr,5,Mn,True,6207e7dab861634996bd09ac3a0a4658d6444fec6faa4df29b9f1c5db4b1b4cb,D:\CGCNN\Mn_MultinaryOxide_GeneratorFree_Pool_2000_20260527\1520978.cif,D:\CGCNN\MP_Formation_Full_CGCNN_20260524\1520978.cif
1048631,mp-1048631,Sr3CaMn2S2O5,-2.458415245835543,0,0,1,Ca-Mn-O-S-Sr,Ca-Mn-O-S-Sr,5,Mn,True,8f7b6c26e1c7caa2ef1bf564fe20b07e930a9d5ba8caed202aedf7ee7efa3aa7,D:\CGCNN\Mn_MultinaryOxide_GeneratorFree_Pool_2000_20260527\1048631.cif,D:\CGCNN\MP_Formation_Full_CGCNN_20260524\1048631.cif
2228502,mp-2228502,Cs2MgMnV2(BrO3)2,-1.964686034445812,0,0,1,Br-Cs-Mg-Mn-O-V,Br-Cs-Mg-Mn-O-V,6,Mn,True,b535348ca65db2d2916d7e5f8755f82600a55f12d825436e165730387bce7529,D:\CGCNN\Mn_MultinaryOxide_GeneratorFree_Pool_2000_20260527\2228502.cif,D:\CGCNN\MP_Formation_Full_CGCNN_20260524\2228502.cif
779026,mp-779026,Li4MnCr2Fe3(PO4)6,-2.435153299978038,0,0,1,Cr-Fe-Li-Mn-O-P,Cr-Fe-Li-Mn-O-P,6,Mn,True,af1f840ed983d30353609844056f7cee6d23498a3890e91f8efa7ccc287f7193,D:\CGCNN\Mn_MultinaryOxide_GeneratorFree_Pool_2000_20260527\779026.cif,D:\CGCNN\MP_Formation_Full_CGCNN_20260524\779026.cif
1193263,mp-1193263,BaMn2FeSi2O9,-2.674487644724139,0,1,0,Ba-Fe-Mn-O-Si,Ba-Fe-Mn-O-Si,5,Mn,True,7791a3fb2f5484c4939a4cd016c02c37cf4dde790ab1a892f2e57f9ced5b5944,D:\CGCNN\Mn_MultinaryOxide_GeneratorFree_Pool_2000_20260527\1193263.cif,D:\CGCNN\MP_Formation_Full_CGCNN_20260524\1193263.cif
1517145,mp-1517145,KBaSrMnO6,-2.018560950018103,0,0,1,Ba-K-Mn-O-Sr,Ba-K-Mn-O-Sr,5,Mn,True,d858fb31ca2b08bfa86a039e030d60702312abaabc595166c0aa523c83e1f5c9,D:\CGCNN\Mn_MultinaryOxide_GeneratorFree_Pool_2000_20260527\1517145.cif,D:\CGCNN\MP_Formation_Full_CGCNN_20260524\1517145.cif
1517613,mp-1517613,KCeMnWO6,-2.491905383518101,1,0,0,Ce-K-Mn-O-W,Ce-K-Mn-O-W,5,Mn,True,569a9537742c4be993e3c5e9eddd57c9e3fe814bde45cb14e6d1a22467d1f67b,D:\CGCNN\Mn_MultinaryOxide_GeneratorFree_Pool_2000_20260527\1517613.cif,D:\CGCNN\MP_Formation_Full_CGCNN_20260524\1517613.cif
1228074,mp-1228074,Ba3Mn2IrO9,-2.306169035390805,0,0,1,Ba-Ir-Mn-O,Ba-Ir-Mn-O,4,Mn,True,0dd19248877e4b72f012fb8b2fc72c7e32506cd89c9235a0ce8e0b1efc5410e6,D:\CGCNN\Mn_MultinaryOxide_GeneratorFree_Pool_2000_20260527\1228074.cif,D:\CGCNN\MP_Formation_Full_CGCNN_20260524\1228074.cif
1210889,mp-1210889,Mn3Co4P6(HO6)4,-2.211942443820738,0,0,1,Co-H-Mn-O-P,Co-H-Mn-O-P,5,Mn,True,e499820986b16645535ceb41de805f04953ec31d9ca31b1d0e5583c538acf720,D:\CGCNN\Mn_MultinaryOxide_GeneratorFree_Pool_2000_20260527\1210889.cif,D:\CGCNN\MP_Formation_Full_CGCNN_20260524\1210889.cif
1522145,mp-1522145,CaLaPrMnO6,-2.97455164745977,0,1,0,Ca-La-Mn-O-Pr,Ca-La-Mn-O-Pr,5,Mn,True,b674c5b33968ab9370df1e60e2fca615333faf882e0a04ef73b1eaf689186cab,D:\CGCNN\Mn_MultinaryOxide_GeneratorFree_Pool_2000_20260527\1522145.cif,D:\CGCNN\MP_Formation_Full_CGCNN_20260524\1522145.cif
771824,mp-771824,Na2MnCSO7,-2.088369901515805,0,0,1,C-Mn-Na-O-S,C-Mn-Na-O-S,5,Mn,True,dcee40a8f71273d9022548358aed78ef0a649d7b48d8933f4e97d1b015a90904,D:\CGCNN\Mn_MultinaryOxide_GeneratorFree_Pool_2000_20260527\771824.cif,D:\CGCNN\MP_Formation_Full_CGCNN_20260524\771824.cif
1204234,mp-1204234,MnP2H9C2NO7,-1.315221066521215,0,0,1,C-H-Mn-N-O-P,C-H-Mn-N-O-P,6,Mn,True,fec89639164f8a729befd823a9f5241939b43300f320b1320c13008e4a390397,D:\CGCNN\Mn_MultinaryOxide_GeneratorFree_Pool_2000_20260527\1204234.cif,D:\CGCNN\MP_Formation_Full_CGCNN_20260524\1204234.cif
1044544,mp-1044544,BaCaMn4O8,-2.209659800837439,0,0,1,Ba-Ca-Mn-O,Ba-Ca-Mn-O,4,Mn,True,617823db6906cf3ffc7ed7fc941dbf5251681fdaa82ee193af2a995cdea94322,D:\CGCNN\Mn_MultinaryOxide_GeneratorFree_Pool_2000_20260527\1044544.cif,D:\CGCNN\MP_Formation_Full_CGCNN_20260524\1044544.cif
683652,mp-683652,Mn2InC10IO10,-0.787351043855364,0,0,1,C-I-In-Mn-O,C-I-In-Mn-O,5,Mn,True,57cb898509fc91d96e396d3db9f8170d81bd4a682270ddd94b5f1cf469cf7380,D:\CGCNN\Mn_MultinaryOxide_GeneratorFree_Pool_2000_20260527\683652.cif,D:\CGCNN\MP_Formation_Full_CGCNN_20260524\683652.cif
695044,mp-695044,Ca5Y3Ti5Mn3O24,-3.337391526011495,0,1,0,Ca-Mn-O-Ti-Y,Ca-Mn-O-Ti-Y,5,Mn,True,e6e67e00863f9b9d28d2e9752c6ad202f36cf03a9273a73b820b404794b11306,D:\CGCNN\Mn_MultinaryOxide_GeneratorFree_Pool_2000_20260527\695044.cif,D:\CGCNN\MP_Formation_Full_CGCNN_20260524\695044.cif
1286205,mp-1286205,LaMn2CdO6,-2.300591306086207,0,0,1,Cd-La-Mn-O,Cd-La-Mn-O,4,Mn,True,ce85ac5bf08ee505380bb5dbfcf2ef7938c84e29506ce95694f83f769a2f37d9,D:\CGCNN\Mn_MultinaryOxide_GeneratorFree_Pool_2000_20260527\1286205.cif,D:\CGCNN\MP_Formation_Full_CGCNN_20260524\1286205.cif
1221942,mp-1221942,Mn2Bi3Sb3O14,-1.910766743448276,0,0,1,Bi-Mn-O-Sb,Bi-Mn-O-Sb,4,Mn,True,4f3199cd87c501d87d9ddcadd6097cd281c7b44ebe463a8781a51d8721fa57bd,D:\CGCNN\Mn_MultinaryOxide_GeneratorFree_Pool_2000_20260527\1221942.cif,D:\CGCNN\MP_Formation_Full_CGCNN_20260524\1221942.cif
2901884,mp-2901884,MgMn2(BrO2)6,-0.390248663522167,0,0,1,Br-Mg-Mn-O,Br-Mg-Mn-O,4,Mn,True,808584ef4c9ea58d0796bf3e8dd043be64c0694bb24c67ae3650066979cfedf2,D:\CGCNN\Mn_MultinaryOxide_GeneratorFree_Pool_2000_20260527\2901884.cif,D:\CGCNN\MP_Formation_Full_CGCNN_20260524\2901884.cif
1208646,mp-1208646,YMn2AsO4,-1.571970342607759,0,0,1,As-Mn-O-Y,As-Mn-O-Y,4,Mn,True,931fd3d4be6e59757d10c7a0ee3eccd38fc237a19923f3057d2b1c851f0034a8,D:\CGCNN\Mn_MultinaryOxide_GeneratorFree_Pool_2000_20260527\1208646.cif,D:\CGCNN\MP_Formation_Full_CGCNN_20260524\1208646.cif
1522553,mp-1522553,SrCaSmMnO6,-2.696601852293104,0,1,0,Ca-Mn-O-Sm-Sr,Ca-Mn-O-Sm-Sr,5,Mn,True,ba796c15dda3626c24ad9fcde16924bf8bf1ea752990e2ef602e380b24342df5,D:\CGCNN\Mn_MultinaryOxide_GeneratorFree_Pool_2000_20260527\1522553.cif,D:\CGCNN\MP_Formation_Full_CGCNN_20260524\1522553.cif
699691,mp-699691,Mn7SbAsO12,-2.0031418089532,0,0,1,As-Mn-O-Sb,As-Mn-O-Sb,4,Mn,True,6d02b584e6071705abdcf215a723ab6aacf9fda49c6f7fc4c44eb1e81e055822,D:\CGCNN\Mn_MultinaryOxide_GeneratorFree_Pool_2000_20260527\699691.cif,D:\CGCNN\MP_Formation_Full_CGCNN_20260524\699691.cif
1247622,mp-1247622,Ca8Mn7CrO22,-2.463832417513609,0,0,1,Ca-Cr-Mn-O,Ca-Cr-Mn-O,4,Mn,True,1b04e95f2ba0df83d09e1ba62b898dcb642a0fcf845fd593bd16c561b8baebd4,D:\CGCNN\Mn_MultinaryOxide_GeneratorFree_Pool_2000_20260527\1247622.cif,D:\CGCNN\MP_Formation_Full_CGCNN_20260524\1247622.cif
759992,mp-759992,MnFeCo(PO4)3,-2.264199086769977,0,0,1,Co-Fe-Mn-O-P,Co-Fe-Mn-O-P,5,Mn,True,fe7a8fa07fc96e995eb0a6fbd7ee465ccd817482ccfbf07022c98457b12592dc,D:\CGCNN\Mn_MultinaryOxide_GeneratorFree_Pool_2000_20260527\759992.cif,D:\CGCNN\MP_Formation_Full_CGCNN_20260524\759992.cif
772970,mp-772970,Na3MnSiBO7,-2.46449920663351,0,0,1,B-Mn-Na-O-Si,B-Mn-Na-O-Si,5,Mn,True,34bdd17c1926e064ebdf8966b8a3848f1a2fc67591d76aecff084b5f01074c5c,D:\CGCNN\Mn_MultinaryOxide_GeneratorFree_Pool_2000_20260527\772970.cif,D:\CGCNN\MP_Formation_Full_CGCNN_20260524\772970.cif
19060,mp-19060,Sr2Mn3(AsO)2,-1.417517160977012,0,0,1,As-Mn-O-Sr,As-Mn-O-Sr,4,Mn,True,cc875bd5b16987dd27215a2027f2bf7ce69c91abc3852f5dc2d471d0c5489208,D:\CGCNN\Mn_MultinaryOxide_GeneratorFree_Pool_2000_20260527\19060.cif,D:\CGCNN\MP_Formation_Full_CGCNN_20260524\19060.cif
1233854,mp-1233854,Ba4MgMn4(P2O7)4,-2.792832050308155,0,1,0,Ba-Mg-Mn-O-P,Ba-Mg-Mn-O-P,5,Mn,True,3c58a75363b1cfeec064aec841a97f0adc3e5965acac39c07de8bdc36c5c2b15,D:\CGCNN\Mn_MultinaryOxide_GeneratorFree_Pool_2000_20260527\1233854.cif,D:\CGCNN\MP_Formation_Full_CGCNN_20260524\1233854.cif
651786,mp-651786,Ca5MnSi9(Pb3O11)3,-2.7703193511040523,0,1,0,Ca-Mn-O-Pb-Si,Ca-Mn-O-Pb-Si,5,Mn,True,f951a5bd9cbfb622d2a67f07506e964daa40b17f98407577a82d7989d7148373,D:\CGCNN\Mn_MultinaryOxide_GeneratorFree_Pool_2000_20260527\651786.cif,D:\CGCNN\MP_Formation_Full_CGCNN_20260524\651786.cif
1212184,mp-1212184,Mn6Zn3Si(AsO10)2,-1.9063401682058192,0,0,1,As-Mn-O-Si-Zn,As-Mn-O-Si-Zn,5,Mn,True,b5084b1b69c766acd8725fa26311f33541a1750767ee8c83955950f45f852d10,D:\CGCNN\Mn_MultinaryOxide_GeneratorFree_Pool_2000_20260527\1212184.cif,D:\CGCNN\MP_Formation_Full_CGCNN_20260524\1212184.cif
2230022,mp-2230022,Ba2MgMn3Tl2Zn2O10,-1.8824215597729888,0,0,1,Ba-Mg-Mn-O-Tl-Zn,Ba-Mg-Mn-O-Tl-Zn,6,Mn,True,4b52470f874256132c66a672294db560a74a77b8c0e77ac76b656605a93a4628,D:\CGCNN\Mn_MultinaryOxide_GeneratorFree_Pool_2000_20260527\2230022.cif,D:\CGCNN\MP_Formation_Full_CGCNN_20260524\2230022.cif
1522851,mp-1522851,BaSrNdMnO6,-2.731097328293104,0,1,0,Ba-Mn-Nd-O-Sr,Ba-Mn-Nd-O-Sr,5,Mn,True,61575008abdcb29cff54dc7c71f32a85b989e1b0cac3e367c38eeb3b24c3c5a6,D:\CGCNN\Mn_MultinaryOxide_GeneratorFree_Pool_2000_20260527\1522851.cif,D:\CGCNN\MP_Formation_Full_CGCNN_20260524\1522851.cif
1195426,mp-1195426,Ca3MnCSO25,-0.625585903884872,0,0,1,C-Ca-Mn-O-S,C-Ca-Mn-O-S,5,Mn,True,2bac5f08e556f2e40f16c7bab190df5a93da3411f8f574a8ec665410df4bf79f,D:\CGCNN\Mn_MultinaryOxide_GeneratorFree_Pool_2000_20260527\1195426.cif,D:\CGCNN\MP_Formation_Full_CGCNN_20260524\1195426.cif
1518034,mp-1518034,BaMnSnWO6,-2.262229163293103,0,0,1,Ba-Mn-O-Sn-W,Ba-Mn-O-Sn-W,5,Mn,True,fefa60f3b2a5c067f962db081c97aa7f3401b4c2b630916810c91db5c01710db,D:\CGCNN\Mn_MultinaryOxide_GeneratorFree_Pool_2000_20260527\1518034.cif,D:\CGCNN\MP_Formation_Full_CGCNN_20260524\1518034.cif
1517187,mp-1517187,BaNdMn4O12,-1.884521350512452,0,0,1,Ba-Mn-Nd-O,Ba-Mn-Nd-O,4,Mn,True,40bd25c8cef67f8a77ae3d06ee68b1fe39732d63abfb49a0aef8f2945d65cd14,D:\CGCNN\Mn_MultinaryOxide_GeneratorFree_Pool_2000_20260527\1517187.cif,D:\CGCNN\MP_Formation_Full_CGCNN_20260524\1517187.cif
756399,mp-756399,Li4Mn3Nb2Cr3O16,-2.468195998468801,0,0,1,Cr-Li-Mn-Nb-O,Cr-Li-Mn-Nb-O,5,Mn,True,bf0847d0309e933a41f827c48e648ea86881d4ad281d8cc760bec08e47746ec2,D:\CGCNN\Mn_MultinaryOxide_GeneratorFree_Pool_2000_20260527\756399.cif,D:\CGCNN\MP_Formation_Full_CGCNN_20260524\756399.cif
19054,mp-19054,BaMnCO3F2,-2.794316631616379,0,1,0,Ba-C-F-Mn-O,Ba-C-F-Mn-O,5,Mn,True,a696208ad21623aa046012dd6b4dfca11fb06096cbc4873f052d8b95b3e43995,D:\CGCNN\Mn_MultinaryOxide_GeneratorFree_Pool_2000_20260527\19054.cif,D:\CGCNN\MP_Formation_Full_CGCNN_20260524\19054.cif
19487,mp-19487,Ba2Mn(PO4)2,-3.064983261324365,0,1,0,Ba-Mn-O-P,Ba-Mn-O-P,4,Mn,True,732c71263e78d8873c4eb4f988f4d85501ed36500472e41d6b5d1e0425c7566b,D:\CGCNN\Mn_MultinaryOxide_GeneratorFree_Pool_2000_20260527\19487.cif,D:\CGCNN\MP_Formation_Full_CGCNN_20260524\19487.cif
727111,mp-727111,MnH16C4N(OF2)2,-0.912028598497536,0,0,1,C-F-H-Mn-N-O,C-F-H-Mn-N-O,6,Mn,True,2f1750db772a484e4453d7f2e8ca0a79f539e602f0afd8375f583b0be59ff529,D:\CGCNN\Mn_MultinaryOxide_GeneratorFree_Pool_2000_20260527\727111.cif,D:\CGCNN\MP_Formation_Full_CGCNN_20260524\727111.cif
1518593,mp-1518593,BaNdDyMnO6,-3.01951728170977,0,1,0,Ba-Dy-Mn-Nd-O,Ba-Dy-Mn-Nd-O,5,Mn,True,649494d35c32cee551987fcb9e44a3d0fbeea40417a8b2eabcd3204041f8c7de,D:\CGCNN\Mn_MultinaryOxide_GeneratorFree_Pool_2000_20260527\1518593.cif,D:\CGCNN\MP_Formation_Full_CGCNN_20260524\1518593.cif
1227840,mp-1227840,BaNdMnCoO5,-2.554266598936782,1,0,0,Ba-Co-Mn-Nd-O,Ba-Co-Mn-Nd-O,5,Mn,True,fc3210ef48d7c143e79fb46afaea102d62c99de20f4f8b94ac4f5b42a92190cb,D:\CGCNN\Mn_MultinaryOxide_GeneratorFree_Pool_2000_20260527\1227840.cif,D:\CGCNN\MP_Formation_Full_CGCNN_20260524\1227840.cif
772308,mp-772308,Na5LiMn2P2(CO7)2,-2.363542991552987,0,0,1,C-Li-Mn-Na-O-P,C-Li-Mn-Na-O-P,6,Mn,True,7dad5ed23b931441021a6806a45bbb099b25df6055b861c06d84e419b707d655,D:\CGCNN\Mn_MultinaryOxide_GeneratorFree_Pool_2000_20260527\772308.cif,D:\CGCNN\MP_Formation_Full_CGCNN_20260524\772308.cif
849251,mp-849251,Ti3Mn2Co(PO4)6,-2.786959343714422,0,1,0,Co-Mn-O-P-Ti,Co-Mn-O-P-Ti,5,Mn,True,c11bf64b54d828d96649ce70b52f8fe377191936337e78e98ab2dc10074d1c94,D:\CGCNN\Mn_MultinaryOxide_GeneratorFree_Pool_2000_20260527\849251.cif,D:\CGCNN\MP_Formation_Full_CGCNN_20260524\849251.cif
1195729,mp-1195729,MnB2P3H10N2ClO13,-1.8793311489904032,0,0,1,B-Cl-H-Mn-N-O-P,B-Cl-H-Mn-N-O-P,7,Mn,True,60c16a0818805bc1775ac55ca3bb6fd394ecd7a89e3c86d570f3f3871342ef62,D:\CGCNN\Mn_MultinaryOxide_GeneratorFree_Pool_2000_20260527\1195729.cif,D:\CGCNN\MP_Formation_Full_CGCNN_20260524\1195729.cif
1044381,mp-1044381,BaMn4ZnO8,-1.9296654686945824,0,0,1,Ba-Mn-O-Zn,Ba-Mn-O-Zn,4,Mn,True,d77b34b6d30e45843d59e2855ece67c7a6fe15e882e6f24e4bfe311ac077845f,D:\CGCNN\Mn_MultinaryOxide_GeneratorFree_Pool_2000_20260527\1044381.cif,D:\CGCNN\MP_Formation_Full_CGCNN_20260524\1044381.cif
1218672,mp-1218672,Sr4CeMn5O15,-2.606609873786208,0,1,0,Ce-Mn-O-Sr,Ce-Mn-O-Sr,4,Mn,True,4429998b6510aa13b4ef9288f0e3da3829664691bcc334c85d12381d35d79f70,D:\CGCNN\Mn_MultinaryOxide_GeneratorFree_Pool_2000_20260527\1218672.cif,D:\CGCNN\MP_Formation_Full_CGCNN_20260524\1218672.cif
542399,mp-542399,Ba6Na2Mn2Ru2O17,-2.336969942538645,0,0,1,Ba-Mn-Na-O-Ru,Ba-Mn-Na-O-Ru,5,Mn,True,a5f2fa8ffd57bc2c190437d1d5c1be529ba394a0871d73af7018c8d13c5f88a6,D:\CGCNN\Mn_MultinaryOxide_GeneratorFree_Pool_2000_20260527\542399.cif,D:\CGCNN\MP_Formation_Full_CGCNN_20260524\542399.cif
1278519,mp-1278519,Ba2MnNbO6,-2.951582948293105,0,1,0,Ba-Mn-Nb-O,Ba-Mn-Nb-O,4,Mn,True,6c67c6d8cfb2cc2d945a91f41053abc7d1a6fa333bdc843be70d8f0212db14da,D:\CGCNN\Mn_MultinaryOxide_GeneratorFree_Pool_2000_20260527\1278519.cif,D:\CGCNN\MP_Formation_Full_CGCNN_20260524\1278519.cif
562612,mp-562612,MnNi(BiO3)2,-1.613885053793104,0,0,1,Bi-Mn-Ni-O,Bi-Mn-Ni-O,4,Mn,True,f7fb0dccff722b73197416bfd646a0dd0dec0475bfcc5d8f1a752122c55da277,D:\CGCNN\Mn_MultinaryOxide_GeneratorFree_Pool_2000_20260527\562612.cif,D:\CGCNN\MP_Formation_Full_CGCNN_20260524\562612.cif
1193463,mp-1193463,Mn4SiTeBr2O7,-2.08337115689272,0,0,1,Br-Mn-O-Si-Te,Br-Mn-O-Si-Te,5,Mn,True,a4a258bf2db6b292094f8c5de129408e6f63787a23cddef2c88c98139b972545,D:\CGCNN\Mn_MultinaryOxide_GeneratorFree_Pool_2000_20260527\1193463.cif,D:\CGCNN\MP_Formation_Full_CGCNN_20260524\1193463.cif
542064,mp-542064,MnAs2S2(OF3)4,-2.267552622758621,0,0,1,As-F-Mn-O-S,As-F-Mn-O-S,5,Mn,True,eb6f40c96a3667f723ef07d0d11457f0b59540aa657d5807c20f965aa57aae87,D:\CGCNN\Mn_MultinaryOxide_GeneratorFree_Pool_2000_20260527\542064.cif,D:\CGCNN\MP_Formation_Full_CGCNN_20260524\542064.cif
1222018,mp-1222018,Mn2Cr3FeO8,-2.212638574704433,0,0,1,Cr-Fe-Mn-O,Cr-Fe-Mn-O,4,Mn,True,f2196c81f0cc3edb18b5db6256a6b2345e52bb42b59aad0379f5f7971af9119a,D:\CGCNN\Mn_MultinaryOxide_GeneratorFree_Pool_2000_20260527\1222018.cif,D:\CGCNN\MP_Formation_Full_CGCNN_20260524\1222018.cif
1201808,mp-1201808,Ba2MnP4(H3O8)2,-2.439029281344912,0,0,1,Ba-H-Mn-O-P,Ba-H-Mn-O-P,5,Mn,True,d382631e627c2de2b7de6f3cf0009565d65fc930adcb88ce5b38e63688f75108,D:\CGCNN\Mn_MultinaryOxide_GeneratorFree_Pool_2000_20260527\1201808.cif,D:\CGCNN\MP_Formation_Full_CGCNN_20260524\1201808.cif
760033,mp-760033,Li7Mn4(PO4)6,-2.568036078607674,1,0,0,Li-Mn-O-P,Li-Mn-O-P,4,Mn,True,33d2eac23ab8462a71e49b06a9358fc70c25d18fbf73f3d136e985dd1c5c8143,D:\CGCNN\Mn_MultinaryOxide_GeneratorFree_Pool_2000_20260527\760033.cif,D:\CGCNN\MP_Formation_Full_CGCNN_20260524\760033.cif
1197899,mp-1197899,MnH28C12Br2(N4O)2,-0.241290910008132,0,0,1,Br-C-H-Mn-N-O,Br-C-H-Mn-N-O,6,Mn,True,ca2dab67e6d916ec63f4edf8c177cd37a7d0b3f2f749e67bd277b4d00c22bc75,D:\CGCNN\Mn_MultinaryOxide_GeneratorFree_Pool_2000_20260527\1197899.cif,D:\CGCNN\MP_Formation_Full_CGCNN_20260524\1197899.cif
757703,mp-757703,Mn3CoSn2(PO4)6,-2.330047030323618,0,0,1,Co-Mn-O-P-Sn,Co-Mn-O-P-Sn,5,Mn,True,0c25f80ba938d8281fb0e3eb7aee3787774b68c30fd759a250ec958bd58cb4b8,D:\CGCNN\Mn_MultinaryOxide_GeneratorFree_Pool_2000_20260527\757703.cif,D:\CGCNN\MP_Formation_Full_CGCNN_20260524\757703.cif
1522829,mp-1522829,BaNaLaMnO6,-2.318849670681035,0,0,1,Ba-La-Mn-Na-O,Ba-La-Mn-Na-O,5,Mn,True,ec7f8cb75a2256cc75f69e2394955d9fc9484a2181117e2fd4688494549ee94b,D:\CGCNN\Mn_MultinaryOxide_GeneratorFree_Pool_2000_20260527\1522829.cif,D:\CGCNN\MP_Formation_Full_CGCNN_20260524\1522829.cif
557447,mp-557447,Ba2Eu3Mn2(CuO6)2,-2.4517698205172422,0,0,1,Ba-Cu-Eu-Mn-O,Ba-Cu-Eu-Mn-O,5,Mn,True,5757d4a9120dba7455f43314f6a24787d55097c7e670a64bd72ad325e2444106,D:\CGCNN\Mn_MultinaryOxide_GeneratorFree_Pool_2000_20260527\557447.cif,D:\CGCNN\MP_Formation_Full_CGCNN_20260524\557447.cif
744084,mp-744084,MnAgH8(OF)4,-1.599134833866538,0,0,1,Ag-F-H-Mn-O,Ag-F-H-Mn-O,5,Mn,True,b16c2f4eaf3034820b482b73c9e6fa9d84d9d223e31262d44ad2f67d35a3dbac,D:\CGCNN\Mn_MultinaryOxide_GeneratorFree_Pool_2000_20260527\744084.cif,D:\CGCNN\MP_Formation_Full_CGCNN_20260524\744084.cif
1666963,mp-1666963,La2MnCrO6,-3.083515488293105,0,1,0,Cr-La-Mn-O,Cr-La-Mn-O,4,Mn,True,68b5066c58082469f73518719523cf29af2b538d64e943944d1b78a268209193,D:\CGCNN\Mn_MultinaryOxide_GeneratorFree_Pool_2000_20260527\1666963.cif,D:\CGCNN\MP_Formation_Full_CGCNN_20260524\1666963.cif
1297726,mp-1297726,Sr2LaMnCoO7,-2.638952406077588,0,1,0,Co-La-Mn-O-Sr,Co-La-Mn-O-Sr,5,Mn,True,831b7b1559dc1df55c6637ffcfc587f092e48cc3e80e1d7bf942bef99b76b28c,D:\CGCNN\Mn_MultinaryOxide_GeneratorFree_Pool_2000_20260527\1297726.cif,D:\CGCNN\MP_Formation_Full_CGCNN_20260524\1297726.cif
771142,mp-771142,Na2MnBSO7,-2.20533741269636,0,0,1,B-Mn-Na-O-S,B-Mn-Na-O-S,5,Mn,True,331bf18bea6a11ca2fbb852e612d6273dc0072e8a04619428d7bb9867afd4e22,D:\CGCNN\Mn_MultinaryOxide_GeneratorFree_Pool_2000_20260527\771142.cif,D:\CGCNN\MP_Formation_Full_CGCNN_20260524\771142.cif
1221788,mp-1221788,MnCoB2O5,-2.336669708473819,0,0,1,B-Co-Mn-O,B-Co-Mn-O,4,Mn,True,a039938310b893930e1fe44b6619e432e9f67f6b7b09a4653c0b829d735335dc,D:\CGCNN\Mn_MultinaryOxide_GeneratorFree_Pool_2000_20260527\1221788.cif,D:\CGCNN\MP_Formation_Full_CGCNN_20260524\1221788.cif
1517363,mp-1517363,NaSrCaMnO6,-2.016780199931034,0,0,1,Ca-Mn-Na-O-Sr,Ca-Mn-Na-O-Sr,5,Mn,True,37c9ad384845590a3e492952d30384ab030517a9b77930964d10219418541e04,D:\CGCNN\Mn_MultinaryOxide_GeneratorFree_Pool_2000_20260527\1517363.cif,D:\CGCNN\MP_Formation_Full_CGCNN_20260524\1517363.cif
1217765,mp-1217765,SrTiMnBiO6,-2.538038600126438,1,0,0,Bi-Mn-O-Sr-Ti,Bi-Mn-O-Sr-Ti,5,Mn,True,a32f577db03cf54a2d1c2e0dd17c3875fb5ea18057412f84f9430129b36fc396,D:\CGCNN\Mn_MultinaryOxide_GeneratorFree_Pool_2000_20260527\1217765.cif,D:\CGCNN\MP_Formation_Full_CGCNN_20260524\1217765.cif
696630,mp-696630,K2MnH2OF5,-2.515914316357367,1,0,0,F-H-K-Mn-O,F-H-K-Mn-O,5,Mn,True,5845e9b133b197374a93d6223dc4e895bdabcc7fac98b22951d91f11f8568e1f,D:\CGCNN\Mn_MultinaryOxide_GeneratorFree_Pool_2000_20260527\696630.cif,D:\CGCNN\MP_Formation_Full_CGCNN_20260524\696630.cif
1043996,mp-1043996,LaMgMnFeO6,-2.531362042793103,1,0,0,Fe-La-Mg-Mn-O,Fe-La-Mg-Mn-O,5,Mn,True,101f7b76d2ffde2be6922af62af4fc0031ee1609ffad6d455944f5b5f737d740,D:\CGCNN\Mn_MultinaryOxide_GeneratorFree_Pool_2000_20260527\1043996.cif,D:\CGCNN\MP_Formation_Full_CGCNN_20260524\1043996.cif
758445,mp-758445,Li4Mn3CrCo2(PO4)6,-2.437080907374589,0,0,1,Co-Cr-Li-Mn-O-P,Co-Cr-Li-Mn-O-P,6,Mn,True,821c4afcbb69dfd1f0611c5a26fe06eb8600fa613b6684995135ebd193d9b680,D:\CGCNN\Mn_MultinaryOxide_GeneratorFree_Pool_2000_20260527\758445.cif,D:\CGCNN\MP_Formation_Full_CGCNN_20260524\758445.cif
1218247,mp-1218247,SrMn2BiO6,-2.139873942586207,0,0,1,Bi-Mn-O-Sr,Bi-Mn-O-Sr,4,Mn,True,c7464af83bc6fe528eb8e95d112457f93f1f6eb67f3c5504e8812fac2abbf47b,D:\CGCNN\Mn_MultinaryOxide_GeneratorFree_Pool_2000_20260527\1218247.cif,D:\CGCNN\MP_Formation_Full_CGCNN_20260524\1218247.cif
1193478,mp-1193478,RbMnCl3O2,-1.094435396847291,0,0,1,Cl-Mn-O-Rb,Cl-Mn-O-Rb,4,Mn,True,cfe95f268d201c0ca283a019cd8668cbc35ff8d7ef7a0985139e82e8f81c6260,D:\CGCNN\Mn_MultinaryOxide_GeneratorFree_Pool_2000_20260527\1193478.cif,D:\CGCNN\MP_Formation_Full_CGCNN_20260524\1193478.cif
22533,mp-22533,Ca3MnNiO6,-2.575261859357367,1,0,0,Ca-Mn-Ni-O,Ca-Mn-Ni-O,4,Mn,True,98760e2be7bcc832555bf88440e027173797c226eebda6c4deb6691e97253572,D:\CGCNN\Mn_MultinaryOxide_GeneratorFree_Pool_2000_20260527\22533.cif,D:\CGCNN\MP_Formation_Full_CGCNN_20260524\22533.cif
1218544,mp-1218544,SrCaMnRuO6,-2.355366048793103,0,0,1,Ca-Mn-O-Ru-Sr,Ca-Mn-O-Ru-Sr,5,Mn,True,b7d096dec663d81830bb5472d8e17dcfee5a3771d9a8b7b7b319cfb2fa480873,D:\CGCNN\Mn_MultinaryOxide_GeneratorFree_Pool_2000_20260527\1218544.cif,D:\CGCNN\MP_Formation_Full_CGCNN_20260524\1218544.cif
770881,mp-770881,Mn2BeO4,-2.285951375123153,0,0,1,Be-Mn-O,Be-Mn-O,3,Mn,True,a12f1e0ab4a03dd9d2974ae7ad94a8f288b6fffa4f2d523971c925c0b28b6a98,D:\CGCNN\Mn_MultinaryOxide_GeneratorFree_Pool_2000_20260527\770881.cif,D:\CGCNN\MP_Formation_Full_CGCNN_20260524\770881.cif
772182,mp-772182,Li2MnBAsO7,-2.132378634688697,0,0,1,As-B-Li-Mn-O,As-B-Li-Mn-O,5,Mn,True,ef4353a95420a386d56e0386ad8ffa930ad8e04264074769e4b5f896cb1f2d81,D:\CGCNN\Mn_MultinaryOxide_GeneratorFree_Pool_2000_20260527\772182.cif,D:\CGCNN\MP_Formation_Full_CGCNN_20260524\772182.cif
558986,mp-558986,CaMn6SiO12,-2.38528582087934,0,0,1,Ca-Mn-O-Si,Ca-Mn-O-Si,4,Mn,True,b946ceb2eec085936a22e85c7f009137673c4545342f9ef37ed1c591f32ebe12,D:\CGCNN\Mn_MultinaryOxide_GeneratorFree_Pool_2000_20260527\558986.cif,D:\CGCNN\MP_Formation_Full_CGCNN_20260524\558986.cif
697820,mp-697820,BaLaMnInO6,-2.632436916459771,0,1,0,Ba-In-La-Mn-O,Ba-In-La-Mn-O,5,Mn,True,fb47b53959f8fa47fef3417234acbe0b626236617541a03dd088798e5512777d,D:\CGCNN\Mn_MultinaryOxide_GeneratorFree_Pool_2000_20260527\697820.cif,D:\CGCNN\MP_Formation_Full_CGCNN_20260524\697820.cif
694915,mp-694915,CaLaMnSnO6,-2.686839492793105,0,1,0,Ca-La-Mn-O-Sn,Ca-La-Mn-O-Sn,5,Mn,True,7e490d18a208925b2d5b0293b159228fe5d5682f15868f54076e5295e399b549,D:\CGCNN\Mn_MultinaryOxide_GeneratorFree_Pool_2000_20260527\694915.cif,D:\CGCNN\MP_Formation_Full_CGCNN_20260524\694915.cif
1182751,mp-1182751,CaMnBe2Si5O17,-2.4715356835742712,1,0,0,Be-Ca-Mn-O-Si,Be-Ca-Mn-O-Si,5,Mn,True,27541cf573baa40f392d508d5e0ba5869369d379e84703c092fad77cd1b3bb37,D:\CGCNN\Mn_MultinaryOxide_GeneratorFree_Pool_2000_20260527\1182751.cif,D:\CGCNN\MP_Formation_Full_CGCNN_20260524\1182751.cif
2217598,mp-2217598,BaLaMgMn2O6,-2.314380742351098,0,0,1,Ba-La-Mg-Mn-O,Ba-La-Mg-Mn-O,5,Mn,True,668af0ab8d95703a13feaec4434fffab7904da00886bafe2255df65e768ba23a,D:\CGCNN\Mn_MultinaryOxide_GeneratorFree_Pool_2000_20260527\2217598.cif,D:\CGCNN\MP_Formation_Full_CGCNN_20260524\2217598.cif
1228797,mp-1228797,Ba12MnRu5(ClO6)4,-2.471793944085457,1,0,0,Ba-Cl-Mn-O-Ru,Ba-Cl-Mn-O-Ru,5,Mn,True,e0614095211200d640d21b9ef1eaa67383d9c5ebd4a524fb420c3168a110d035,D:\CGCNN\Mn_MultinaryOxide_GeneratorFree_Pool_2000_20260527\1228797.cif,D:\CGCNN\MP_Formation_Full_CGCNN_20260524\1228797.cif
731668,mp-731668,Ca2Mn(AsO5)2,-2.040534030195402,0,0,1,As-Ca-Mn-O,As-Ca-Mn-O,4,Mn,True,520fe70d6404ac1e35f611cb0b50162682c72b4d044a2947c42b9bc7d8824f0a,D:\CGCNN\Mn_MultinaryOxide_GeneratorFree_Pool_2000_20260527\731668.cif,D:\CGCNN\MP_Formation_Full_CGCNN_20260524\731668.cif
19224,mp-19224,Ca3MnZnO6,-2.666855457993731,0,1,0,Ca-Mn-O-Zn,Ca-Mn-O-Zn,4,Mn,True,48c2e43b07e5ed25d7fb5267698899044ae8c308e345f68ce5eafa9ebf489222,D:\CGCNN\Mn_MultinaryOxide_GeneratorFree_Pool_2000_20260527\19224.cif,D:\CGCNN\MP_Formation_Full_CGCNN_20260524\19224.cif
1329093,mp-1329093,Ca5Mn2(NiO6)2,-2.28711076504105,0,0,1,Ca-Mn-Ni-O,Ca-Mn-Ni-O,4,Mn,True,f0fc18f2c718f07a4642ac9ac480748ed32d5cb3f2df2fe211419d8594344c4f,D:\CGCNN\Mn_MultinaryOxide_GeneratorFree_Pool_2000_20260527\1329093.cif,D:\CGCNN\MP_Formation_Full_CGCNN_20260524\1329093.cif
1032694,mp-1032694,Mg6MnBO8,-2.454866034193606,0,0,1,B-Mg-Mn-O,B-Mg-Mn-O,4,Mn,True,9d2c9b012421f5d84b71f04de74b22640fc654339ae9ebbf83b8a6117ea9e1e8,D:\CGCNN\Mn_MultinaryOxide_GeneratorFree_Pool_2000_20260527\1032694.cif,D:\CGCNN\MP_Formation_Full_CGCNN_20260524\1032694.cif
1518514,mp-1518514,SrCaDyMnO6,-2.779711638959772,0,1,0,Ca-Dy-Mn-O-Sr,Ca-Dy-Mn-O-Sr,5,Mn,True,7b0846b0863b8397d06824c8bef1776b6ee9e344df134b992f6f93859d6825a2,D:\CGCNN\Mn_MultinaryOxide_GeneratorFree_Pool_2000_20260527\1518514.cif,D:\CGCNN\MP_Formation_Full_CGCNN_20260524\1518514.cif
23718,mp-23718,Ca2MnP2(H2O5)2,-2.503370961169302,1,0,0,Ca-H-Mn-O-P,Ca-H-Mn-O-P,5,Mn,True,d02a11afc0840e9696855ac7814630e7b1b096a7edd22cb045db4125bd24de78,D:\CGCNN\Mn_MultinaryOxide_GeneratorFree_Pool_2000_20260527\23718.cif,D:\CGCNN\MP_Formation_Full_CGCNN_20260524\23718.cif
1228618,mp-1228618,Ba3Mn4PtO12,-2.039568073086207,0,0,1,Ba-Mn-O-Pt,Ba-Mn-O-Pt,4,Mn,True,f8100b8d7877efa0fc40e031f63eeb235992b64dff9ac125d5a0b1a530c007f1,D:\CGCNN\Mn_MultinaryOxide_GeneratorFree_Pool_2000_20260527\1228618.cif,D:\CGCNN\MP_Formation_Full_CGCNN_20260524\1228618.cif
1049271,mp-1049271,CaLaMnCrO6,-2.855768193293104,0,1,0,Ca-Cr-La-Mn-O,Ca-Cr-La-Mn-O,5,Mn,True,57e5cef024de5b9dee1810a0831f6cc26640bcfa008e79b132fead1a4f793069,D:\CGCNN\Mn_MultinaryOxide_GeneratorFree_Pool_2000_20260527\1049271.cif,D:\CGCNN\MP_Formation_Full_CGCNN_20260524\1049271.cif
1044300,mp-1044300,BaMgMn4O8,-2.129486689051725,0,0,1,Ba-Mg-Mn-O,Ba-Mg-Mn-O,4,Mn,True,de033967db13fac377a8d3e8c0cc26d8bcfb617909f54b4a905921433870e3f0,D:\CGCNN\Mn_MultinaryOxide_GeneratorFree_Pool_2000_20260527\1044300.cif,D:\CGCNN\MP_Formation_Full_CGCNN_20260524\1044300.cif
21635,mp-21635,CeMn2(GeO3)4,-2.40627627899274,0,0,1,Ce-Ge-Mn-O,Ce-Ge-Mn-O,4,Mn,True,99b8a098141a70e94dc37e0d69da3af4a264c899c10fa21ffcb0a461c9e6e8ad,D:\CGCNN\Mn_MultinaryOxide_GeneratorFree_Pool_2000_20260527\21635.cif,D:\CGCNN\MP_Formation_Full_CGCNN_20260524\21635.cif
1520158,mp-1520158,EuMnNbBiO6,-2.4089715162931062,0,0,1,Bi-Eu-Mn-Nb-O,Bi-Eu-Mn-Nb-O,5,Mn,True,191100cb6a16112ebd09c23063482b9b8513212ff632a1a5a0502de609f942bd,D:\CGCNN\Mn_MultinaryOxide_GeneratorFree_Pool_2000_20260527\1520158.cif,D:\CGCNN\MP_Formation_Full_CGCNN_20260524\1520158.cif
1247686,mp-1247686,Ca8Mn6Al2O21,-2.593682137907736,0,1,0,Al-Ca-Mn-O,Al-Ca-Mn-O,4,Mn,True,ad592fb02d497a44ef03fe55ca28adb22110778119c418843ee836fef92c53cf,D:\CGCNN\Mn_MultinaryOxide_GeneratorFree_Pool_2000_20260527\1247686.cif,D:\CGCNN\MP_Formation_Full_CGCNN_20260524\1247686.cif
1638973,mp-1638973,Mn4Cu3BiO12,-1.535797453586207,0,0,1,Bi-Cu-Mn-O,Bi-Cu-Mn-O,4,Mn,True,d0f7bf466cf7ef8db71108270486809fd46c1259353f9d837c61c38a7fbb2d63,D:\CGCNN\Mn_MultinaryOxide_GeneratorFree_Pool_2000_20260527\1638973.cif,D:\CGCNN\MP_Formation_Full_CGCNN_20260524\1638973.cif
770859,mp-770859,Mn3Co3(CuO8)2,-1.173627785574712,0,0,1,Co-Cu-Mn-O,Co-Cu-Mn-O,4,Mn,True,19fac11a958bdeedf6ef311e7d9bfb84bbe10fc2cc2a209e3e84e6a3e2acbbc2,D:\CGCNN\Mn_MultinaryOxide_GeneratorFree_Pool_2000_20260527\770859.cif,D:\CGCNN\MP_Formation_Full_CGCNN_20260524\770859.cif
1103771,mp-1103771,BaLi2MnV2O8,-2.607254220685551,0,1,0,Ba-Li-Mn-O-V,Ba-Li-Mn-O-V,5,Mn,True,4f0141f67e8e932501341cc3ebeddf4850e13de04839ae9d1e588ae7ed6fa9e5,D:\CGCNN\Mn_MultinaryOxide_GeneratorFree_Pool_2000_20260527\1103771.cif,D:\CGCNN\MP_Formation_Full_CGCNN_20260524\1103771.cif
18870,mp-18870,Mn3Cd2O8,-1.744743971061009,0,0,1,Cd-Mn-O,Cd-Mn-O,3,Mn,True,ce34a91e5e9ba86201cbc054b8baa9f3ae4bfc08bfa9bf7764b3e621548ab021,D:\CGCNN\Mn_MultinaryOxide_GeneratorFree_Pool_2000_20260527\18870.cif,D:\CGCNN\MP_Formation_Full_CGCNN_20260524\18870.cif
776829,mp-776829,Li8Mn7Cr(PO4)12,-2.482193770103923,1,0,0,Cr-Li-Mn-O-P,Cr-Li-Mn-O-P,5,Mn,True,b98395a58ebb90468bf05aa0aa263efb6adb948a5a669ac8208bdcaffe37d8d2,D:\CGCNN\Mn_MultinaryOxide_GeneratorFree_Pool_2000_20260527\776829.cif,D:\CGCNN\MP_Formation_Full_CGCNN_20260524\776829.cif
41963,mp-41963,CaLaMnFeO6,-2.690571843793105,0,1,0,Ca-Fe-La-Mn-O,Ca-Fe-La-Mn-O,5,Mn,True,7882bc707019b7ed03a34d4676cbd37af08c0a4a6d224d4a8b1c201c8516a9c3,D:\CGCNN\Mn_MultinaryOxide_GeneratorFree_Pool_2000_20260527\41963.cif,D:\CGCNN\MP_Formation_Full_CGCNN_20260524\41963.cif
1233415,mp-1233415,Ba10MgMn6(O12F)2,-2.495950849827587,1,0,0,Ba-F-Mg-Mn-O,Ba-F-Mg-Mn-O,5,Mn,True,da388242875fc43ce87eb0e5b07abc3544ed53f4722ec8eda559cf34188ed1a9,D:\CGCNN\Mn_MultinaryOxide_GeneratorFree_Pool_2000_20260527\1233415.cif,D:\CGCNN\MP_Formation_Full_CGCNN_20260524\1233415.cif
2227745,mp-2227745,Sr4MgMn2(ClO3)2,-2.5025723533908053,1,0,0,Cl-Mg-Mn-O-Sr,Cl-Mg-Mn-O-Sr,5,Mn,True,5d1c6d71871ece6e839deb4bdcd652d8a7d3ff8901b4155a35717df8020ad8f3,D:\CGCNN\Mn_MultinaryOxide_GeneratorFree_Pool_2000_20260527\2227745.cif,D:\CGCNN\MP_Formation_Full_CGCNN_20260524\2227745.cif
850531,mp-850531,Mn3Nb2Co3O16,-1.886089394741379,0,0,1,Co-Mn-Nb-O,Co-Mn-Nb-O,4,Mn,True,029fe6e1f3933000e5b395379c9b463f3c45e6c9848fedeb73e030dfa1bba1e6,D:\CGCNN\Mn_MultinaryOxide_GeneratorFree_Pool_2000_20260527\850531.cif,D:\CGCNN\MP_Formation_Full_CGCNN_20260524\850531.cif
2227822,mp-2227822,MgMn3BiO8,-1.620308392984085,0,0,1,Bi-Mg-Mn-O,Bi-Mg-Mn-O,4,Mn,True,9c888d056f7fa909edc2e58175d5e94960acebcd9f3c20e95a738e68b48111d3,D:\CGCNN\Mn_MultinaryOxide_GeneratorFree_Pool_2000_20260527\2227822.cif,D:\CGCNN\MP_Formation_Full_CGCNN_20260524\2227822.cif
2228910,mp-2228910,MgMn3Cd2O8,-1.870919334199507,0,0,1,Cd-Mg-Mn-O,Cd-Mg-Mn-O,4,Mn,True,afbb80e7b89eba03498591712f11aa8d3a2c4830891307369e30fa70510292cb,D:\CGCNN\Mn_MultinaryOxide_GeneratorFree_Pool_2000_20260527\2228910.cif,D:\CGCNN\MP_Formation_Full_CGCNN_20260524\2228910.cif
1173820,mp-1173820,Na2MnCdFe(PO4)3,-1.692646512230911,0,0,1,Cd-Fe-Mn-Na-O-P,Cd-Fe-Mn-Na-O-P,6,Mn,True,e0d3ce816e6b3f9ab83fd8b35381f5bf3849f6840badb2ad059bcbe14098420b,D:\CGCNN\Mn_MultinaryOxide_GeneratorFree_Pool_2000_20260527\1173820.cif,D:\CGCNN\MP_Formation_Full_CGCNN_20260524\1173820.cif
560883,mp-560883,Ba5Mn3ClO12,-2.49599062684729,1,0,0,Ba-Cl-Mn-O,Ba-Cl-Mn-O,4,Mn,True,528145560dc2eca8ade9fae44cf43434aa8ef280627fe849424ddf7e79a8e6e4,D:\CGCNN\Mn_MultinaryOxide_GeneratorFree_Pool_2000_20260527\560883.cif,D:\CGCNN\MP_Formation_Full_CGCNN_20260524\560883.cif
1194882,mp-1194882,BaMnPClO4F,-2.847857914730433,0,1,0,Ba-Cl-F-Mn-O-P,Ba-Cl-F-Mn-O-P,6,Mn,True,23095a5c3d0d3a607f23ae6a065b54b7644f3088534a967bc98bbea9e318c788,D:\CGCNN\Mn_MultinaryOxide_GeneratorFree_Pool_2000_20260527\1194882.cif,D:\CGCNN\MP_Formation_Full_CGCNN_20260524\1194882.cif
759967,mp-759967,KLiMnP3HO10,-2.501449701099584,1,0,0,H-K-Li-Mn-O-P,H-K-Li-Mn-O-P,6,Mn,True,4ec73bfcf90882be26df1cb33978288b55eb35733c0705ce71032e2a597e86b9,D:\CGCNN\Mn_MultinaryOxide_GeneratorFree_Pool_2000_20260527\759967.cif,D:\CGCNN\MP_Formation_Full_CGCNN_20260524\759967.cif
1520467,mp-1520467,NaMnBiWO6,-1.8770781539310344,0,0,1,Bi-Mn-Na-O-W,Bi-Mn-Na-O-W,5,Mn,True,7601ef34d018170c857e6eb9c0e4bb05d396569c890b9b54001e00255bb705e2,D:\CGCNN\Mn_MultinaryOxide_GeneratorFree_Pool_2000_20260527\1520467.cif,D:\CGCNN\MP_Formation_Full_CGCNN_20260524\1520467.cif
818613,mp-818613,MnAs3(PbO3)3,-1.663995195964439,0,0,1,As-Mn-O-Pb,As-Mn-O-Pb,4,Mn,True,3a71d7d19973c75876b71deadaadf66a3639c195b35cde93051e3a0f41f9ad8c,D:\CGCNN\Mn_MultinaryOxide_GeneratorFree_Pool_2000_20260527\818613.cif,D:\CGCNN\MP_Formation_Full_CGCNN_20260524\818613.cif
2228426,mp-2228426,Ba2MgMn3Tl2O10,-2.057101295303321,0,0,1,Ba-Mg-Mn-O-Tl,Ba-Mg-Mn-O-Tl,5,Mn,True,1f21dfbf7350641e7a147686ce08daf95bf0e128a905654f02a5241f3a52a23c,D:\CGCNN\Mn_MultinaryOxide_GeneratorFree_Pool_2000_20260527\2228426.cif,D:\CGCNN\MP_Formation_Full_CGCNN_20260524\2228426.cif
556391,mp-556391,Ba2Mn2Bi2O,-1.049723959408868,0,0,1,Ba-Bi-Mn-O,Ba-Bi-Mn-O,4,Mn,True,048e5568fb586cac4388601513a49d0d9d9c223a04ca6a2a1ad8d2fecbcec8b5,D:\CGCNN\Mn_MultinaryOxide_GeneratorFree_Pool_2000_20260527\556391.cif,D:\CGCNN\MP_Formation_Full_CGCNN_20260524\556391.cif
651406,mp-651406,MnInFe(CO)9,-0.6857915718260811,0,0,1,C-Fe-In-Mn-O,C-Fe-In-Mn-O,5,Mn,True,33f97b9313afe0c4736d47a345aaab20d0e54fd392f6ca53e84e6dc823a76bc4,D:\CGCNN\Mn_MultinaryOxide_GeneratorFree_Pool_2000_20260527\651406.cif,D:\CGCNN\MP_Formation_Full_CGCNN_20260524\651406.cif
560306,mp-560306,RbMn4(PO4)3,-2.562396832532634,1,0,0,Mn-O-P-Rb,Mn-O-P-Rb,4,Mn,True,4c677c03bcbc105f76475e832bd0db2c3746a66bb4eea35de5df3cd02a7ad73d,D:\CGCNN\Mn_MultinaryOxide_GeneratorFree_Pool_2000_20260527\560306.cif,D:\CGCNN\MP_Formation_Full_CGCNN_20260524\560306.cif
780872,mp-780872,LiMnSiO4,-2.5766231032163383,1,0,0,Li-Mn-O-Si,Li-Mn-O-Si,4,Mn,True,a7f74cd532c59219acae56b6bc8a190c459e05b90fe2246743c81d4756274d07,D:\CGCNN\Mn_MultinaryOxide_GeneratorFree_Pool_2000_20260527\780872.cif,D:\CGCNN\MP_Formation_Full_CGCNN_20260524\780872.cif
1236005,mp-1236005,Ba2LiMn2(P2O7)2,-2.731388389468123,0,1,0,Ba-Li-Mn-O-P,Ba-Li-Mn-O-P,5,Mn,True,4e974ffdd953b5c6b61d9a05e21f7052729c0a568d0ebe4d083a9cfd70664172,D:\CGCNN\Mn_MultinaryOxide_GeneratorFree_Pool_2000_20260527\1236005.cif,D:\CGCNN\MP_Formation_Full_CGCNN_20260524\1236005.cif
1234827,mp-1234827,MgMn3VCr2(PO4)6,-2.52683769369325,1,0,0,Cr-Mg-Mn-O-P-V,Cr-Mg-Mn-O-P-V,6,Mn,True,7696d0cbdfeb89c294f2129e1dedbb996a8e0cae0330bc336d171c895d14b286,D:\CGCNN\Mn_MultinaryOxide_GeneratorFree_Pool_2000_20260527\1234827.cif,D:\CGCNN\MP_Formation_Full_CGCNN_20260524\1234827.cif
2226471,mp-2226471,Cs2MgMnV2(ClO3)2,-2.238623016588669,0,0,1,Cl-Cs-Mg-Mn-O-V,Cl-Cs-Mg-Mn-O-V,6,Mn,True,8e95fd1ef74900fb093be6eb89722e39461acf2108e256eb69607485a36e0fe6,D:\CGCNN\Mn_MultinaryOxide_GeneratorFree_Pool_2000_20260527\2226471.cif,D:\CGCNN\MP_Formation_Full_CGCNN_20260524\2226471.cif
770554,mp-770554,Mn3Co3(SnO8)2,-1.544738684324713,0,0,1,Co-Mn-O-Sn,Co-Mn-O-Sn,4,Mn,True,84f89df25e3e4a79a79597ff062900bdd2ddbd707c285235f559dbc1fe354be6,D:\CGCNN\Mn_MultinaryOxide_GeneratorFree_Pool_2000_20260527\770554.cif,D:\CGCNN\MP_Formation_Full_CGCNN_20260524\770554.cif
1199926,mp-1199926,Cs2MnSO4F3,-2.512663316112853,1,0,0,Cs-F-Mn-O-S,Cs-F-Mn-O-S,5,Mn,True,0fa1db1fdea4ea9d395336f6e0fe651597741848af100738127fe591c988e2fd,D:\CGCNN\Mn_MultinaryOxide_GeneratorFree_Pool_2000_20260527\1199926.cif,D:\CGCNN\MP_Formation_Full_CGCNN_20260524\1199926.cif
757903,mp-757903,Mn2Cr3Co3O16,-1.493347382327587,0,0,1,Co-Cr-Mn-O,Co-Cr-Mn-O,4,Mn,True,70309d12e91576d4bbc9892b28f4e8f42443561f1574ba9001234748526e65e0,D:\CGCNN\Mn_MultinaryOxide_GeneratorFree_Pool_2000_20260527\757903.cif,D:\CGCNN\MP_Formation_Full_CGCNN_20260524\757903.cif
1221830,mp-1221830,MnAlB2(PbO4)2,-2.46693785866174,0,0,1,Al-B-Mn-O-Pb,Al-B-Mn-O-Pb,5,Mn,True,55a5cd837e59b289af9c3ad7ffbf4cadb63f1ce263a042f5f1f3795d22e9d52e,D:\CGCNN\Mn_MultinaryOxide_GeneratorFree_Pool_2000_20260527\1221830.cif,D:\CGCNN\MP_Formation_Full_CGCNN_20260524\1221830.cif
2233226,mp-2233226,Ba3MgMnNb2O9,-2.757420409245689,0,1,0,Ba-Mg-Mn-Nb-O,Ba-Mg-Mn-Nb-O,5,Mn,True,6fee56086777900ee8b968cc75383d2e6fa5c389854ab23452398fe12f4ecbfc,D:\CGCNN\Mn_MultinaryOxide_GeneratorFree_Pool_2000_20260527\2233226.cif,D:\CGCNN\MP_Formation_Full_CGCNN_20260524\2233226.cif
1200010,mp-1200010,Mn8Si6ClO24,-2.456715909703803,0,0,1,Cl-Mn-O-Si,Cl-Mn-O-Si,4,Mn,True,f6300e14be5ac6f156f4dfc2176e4cb365a956c678b9d0e728f942dbf6c7b5d8,D:\CGCNN\Mn_MultinaryOxide_GeneratorFree_Pool_2000_20260527\1200010.cif,D:\CGCNN\MP_Formation_Full_CGCNN_20260524\1200010.cif
1218266,mp-1218266,SrLa3Mn3CrO12,-2.927937594939656,0,1,0,Cr-La-Mn-O-Sr,Cr-La-Mn-O-Sr,5,Mn,True,7804754a16de1696616efc0ef3069c57d6dbf8ed84a72253762c0d304d88d392,D:\CGCNN\Mn_MultinaryOxide_GeneratorFree_Pool_2000_20260527\1218266.cif,D:\CGCNN\MP_Formation_Full_CGCNN_20260524\1218266.cif
766616,mp-766616,Li3MnPCO7,-2.405108793274914,0,0,1,C-Li-Mn-O-P,C-Li-Mn-O-P,5,Mn,True,90be4c1d06fe049b698663cec8133c110cd659228a2c6cbe1aa19126d58e4eb5,D:\CGCNN\Mn_MultinaryOxide_GeneratorFree_Pool_2000_20260527\766616.cif,D:\CGCNN\MP_Formation_Full_CGCNN_20260524\766616.cif
1272796,mp-1272796,BaLaMnRuO6,-2.567296566293104,1,0,0,Ba-La-Mn-O-Ru,Ba-La-Mn-O-Ru,5,Mn,True,11146a20c1962e84b2159ff6f8b979677a82be724fcf8749f501322da36644ef,D:\CGCNN\Mn_MultinaryOxide_GeneratorFree_Pool_2000_20260527\1272796.cif,D:\CGCNN\MP_Formation_Full_CGCNN_20260524\1272796.cif
760023,mp-760023,RbLiMnP3HO10,-2.524671430526054,1,0,0,H-Li-Mn-O-P-Rb,H-Li-Mn-O-P-Rb,6,Mn,True,ea3deddb494d220f1d09212791d95ac3bff634eda98267d460ac7a715f0a99f8,D:\CGCNN\Mn_MultinaryOxide_GeneratorFree_Pool_2000_20260527\760023.cif,D:\CGCNN\MP_Formation_Full_CGCNN_20260524\760023.cif
1218815,mp-1218815,Sr2GdMnCrO7,-2.833982616077585,0,1,0,Cr-Gd-Mn-O-Sr,Cr-Gd-Mn-O-Sr,5,Mn,True,168da471d40ca5fb649b8fd8aa4b7529e2cf114e6ec56fb6822e5b5449584ae2,D:\CGCNN\Mn_MultinaryOxide_GeneratorFree_Pool_2000_20260527\1218815.cif,D:\CGCNN\MP_Formation_Full_CGCNN_20260524\1218815.cif
1517402,mp-1517402,NaSrMnBiO6,-1.869005865931034,0,0,1,Bi-Mn-Na-O-Sr,Bi-Mn-Na-O-Sr,5,Mn,True,c0bcfbdfc8b34871359bc4d2899acb3013207697cac7d65bc17f8131c59e8ad2,D:\CGCNN\Mn_MultinaryOxide_GeneratorFree_Pool_2000_20260527\1517402.cif,D:\CGCNN\MP_Formation_Full_CGCNN_20260524\1517402.cif
1233090,mp-1233090,CaMn4(AgO4)4,-1.110220350335631,0,0,1,Ag-Ca-Mn-O,Ag-Ca-Mn-O,4,Mn,True,8a75448008f78d4945d0ab496aeb3ce6b58f33669ae4ce238fb696e46b308a36,D:\CGCNN\Mn_MultinaryOxide_GeneratorFree_Pool_2000_20260527\1233090.cif,D:\CGCNN\MP_Formation_Full_CGCNN_20260524\1233090.cif
19045,mp-19045,Ba2MnZn2(AsO)2,-1.476176074492338,0,0,1,As-Ba-Mn-O-Zn,As-Ba-Mn-O-Zn,5,Mn,True,00e9170e714cfb53b640367bd6e6b6f8fcc081bc545b97adda4a2962f71b9faf,D:\CGCNN\Mn_MultinaryOxide_GeneratorFree_Pool_2000_20260527\19045.cif,D:\CGCNN\MP_Formation_Full_CGCNN_20260524\19045.cif
1106150,mp-1106150,CeMn4(CuO4)3,-1.884282891086206,0,0,1,Ce-Cu-Mn-O,Ce-Cu-Mn-O,4,Mn,True,11ad5818847998a2918a53a6a81ad71ad9ab5e34aec5a4af2795de6219715835,D:\CGCNN\Mn_MultinaryOxide_GeneratorFree_Pool_2000_20260527\1106150.cif,D:\CGCNN\MP_Formation_Full_CGCNN_20260524\1106150.cif
2240013,mp-2240013,Ba2MgMnWO6,-2.37643731390282,0,0,1,Ba-Mg-Mn-O-W,Ba-Mg-Mn-O-W,5,Mn,True,2b4e49a5dfdfdec338835c4859246397d78ae526c420602ec1f07273a191d538,D:\CGCNN\Mn_MultinaryOxide_GeneratorFree_Pool_2000_20260527\2240013.cif,D:\CGCNN\MP_Formation_Full_CGCNN_20260524\2240013.cif
1235162,mp-1235162,Ba2LiMn2O6,-2.365845859926854,0,0,1,Ba-Li-Mn-O,Ba-Li-Mn-O,4,Mn,True,3ccd9ee5984537154ea91ee41771d0f7d0317ffac42eb52d091e434ef808c3d7,D:\CGCNN\Mn_MultinaryOxide_GeneratorFree_Pool_2000_20260527\1235162.cif,D:\CGCNN\MP_Formation_Full_CGCNN_20260524\1235162.cif
756893,mp-756893,MnV4CoO12,-2.216430144885057,0,0,1,Co-Mn-O-V,Co-Mn-O-V,4,Mn,True,d9022c0f0a6f387a1ac776e6f01b49d0b55b1aae7657669ae152c973a07be391,D:\CGCNN\Mn_MultinaryOxide_GeneratorFree_Pool_2000_20260527\756893.cif,D:\CGCNN\MP_Formation_Full_CGCNN_20260524\756893.cif
1517679,mp-1517679,BaSrSmMnO6,-2.767332972293104,0,1,0,Ba-Mn-O-Sm-Sr,Ba-Mn-O-Sm-Sr,5,Mn,True,3864a2e8a8403907d7260b9ea5cf0158f30263c9e2a4fd168fb163f1139c3d02,D:\CGCNN\Mn_MultinaryOxide_GeneratorFree_Pool_2000_20260527\1517679.cif,D:\CGCNN\MP_Formation_Full_CGCNN_20260524\1517679.cif
1193890,mp-1193890,Mn4SiTeCl2O7,-2.15405594589272,0,0,1,Cl-Mn-O-Si-Te,Cl-Mn-O-Si-Te,5,Mn,True,17ffb4a8a6ff614cc0c8cea2ddf46f683314c5b86374f37eaee4e249fdfb88ee,D:\CGCNN\Mn_MultinaryOxide_GeneratorFree_Pool_2000_20260527\1193890.cif,D:\CGCNN\MP_Formation_Full_CGCNN_20260524\1193890.cif
1233094,mp-1233094,Sr4CaMn2Ga2O11,-2.425988331293104,0,0,1,Ca-Ga-Mn-O-Sr,Ca-Ga-Mn-O-Sr,5,Mn,True,a7cdeab8e324d6840797a296c6489755685b70a61b5fb0d477aa9ddd44309180,D:\CGCNN\Mn_MultinaryOxide_GeneratorFree_Pool_2000_20260527\1233094.cif,D:\CGCNN\MP_Formation_Full_CGCNN_20260524\1233094.cif
1214341,mp-1214341,Ca3MnH3(SO7)2,-1.3664687102904791,0,0,1,Ca-H-Mn-O-S,Ca-H-Mn-O-S,5,Mn,True,4c587e41d9825fb3f381b53d48aae853c8bdad1d8dd638b488cb1957b9bffe6d,D:\CGCNN\Mn_MultinaryOxide_GeneratorFree_Pool_2000_20260527\1214341.cif,D:\CGCNN\MP_Formation_Full_CGCNN_20260524\1214341.cif
1517761,mp-1517761,BaNaSmMnO6,-2.338383016431035,0,0,1,Ba-Mn-Na-O-Sm,Ba-Mn-Na-O-Sm,5,Mn,True,8d1d2e4d05764cbc69f08af901b9e52e6aa9f80943516a5621790391a8ed979f,D:\CGCNN\Mn_MultinaryOxide_GeneratorFree_Pool_2000_20260527\1517761.cif,D:\CGCNN\MP_Formation_Full_CGCNN_20260524\1517761.cif
655140,mp-655140,MnAgO4,-0.214754278682949,0,0,1,Ag-Mn-O,Ag-Mn-O,3,Mn,True,923c06e092aaed49f4f72c9ace457468b7320c250f84df69a8c63733a2aa6956,D:\CGCNN\Mn_MultinaryOxide_GeneratorFree_Pool_2000_20260527\655140.cif,D:\CGCNN\MP_Formation_Full_CGCNN_20260524\655140.cif
778493,mp-778493,Li3Mn2Fe(BO3)3,-2.449196162409004,0,0,1,B-Fe-Li-Mn-O,B-Fe-Li-Mn-O,5,Mn,True,4b35f4cdb4903b41cf6565f94160f2f236888ee4ca56d105808c10736cb14db3,D:\CGCNN\Mn_MultinaryOxide_GeneratorFree_Pool_2000_20260527\778493.cif,D:\CGCNN\MP_Formation_Full_CGCNN_20260524\778493.cif
1519543,mp-1519543,BaNaEuMnO6,-2.110339325431036,0,0,1,Ba-Eu-Mn-Na-O,Ba-Eu-Mn-Na-O,5,Mn,True,4741cbee7b9768b4da3195b346d6178fb264af5b3aceb2cc2681187273b3a4c5,D:\CGCNN\Mn_MultinaryOxide_GeneratorFree_Pool_2000_20260527\1519543.cif,D:\CGCNN\MP_Formation_Full_CGCNN_20260524\1519543.cif
759656,mp-759656,Li3MnP2HO8,-2.50753517756445,1,0,0,H-Li-Mn-O-P,H-Li-Mn-O-P,5,Mn,True,7de2e33fb90376b3e16fe6b1892d7e45dbd3bbb7c397deaefad78ebb244b64d3,D:\CGCNN\Mn_MultinaryOxide_GeneratorFree_Pool_2000_20260527\759656.cif,D:\CGCNN\MP_Formation_Full_CGCNN_20260524\759656.cif
1215068,mp-1215068,CaMn3(CO)6,-0.515109434612068,0,0,1,C-Ca-Mn-O,C-Ca-Mn-O,4,Mn,True,f84f61eb921ef1270b880c147e2a4741463a010b7f653f7d85bceace4007b03c,D:\CGCNN\Mn_MultinaryOxide_GeneratorFree_Pool_2000_20260527\1215068.cif,D:\CGCNN\MP_Formation_Full_CGCNN_20260524\1215068.cif
1518490,mp-1518490,KSrMnBiO6,-1.887934083518104,0,0,1,Bi-K-Mn-O-Sr,Bi-K-Mn-O-Sr,5,Mn,True,bca9f8324a646d3af8062ede44fa459db1517e164d065d40db452d3db500d7f0,D:\CGCNN\Mn_MultinaryOxide_GeneratorFree_Pool_2000_20260527\1518490.cif,D:\CGCNN\MP_Formation_Full_CGCNN_20260524\1518490.cif
1194144,mp-1194144,U2Mn(AsO12)2,-0.918051298376932,0,0,1,As-Mn-O-U,As-Mn-O-U,4,Mn,True,63c694e8eb7fd54c3d6d8c6d7c4acf4957a61b81fd1f6d2be165a5c37f436eb3,D:\CGCNN\Mn_MultinaryOxide_GeneratorFree_Pool_2000_20260527\1194144.cif,D:\CGCNN\MP_Formation_Full_CGCNN_20260524\1194144.cif
766510,mp-766510,Li12MnFe3P4(CO7)4,-2.355787432240432,0,0,1,C-Fe-Li-Mn-O-P,C-Fe-Li-Mn-O-P,6,Mn,True,ee8ce6386b7fe720413b8b23ea04bc5ac106128e2490ef99a9e8eefe4a27c672,D:\CGCNN\Mn_MultinaryOxide_GeneratorFree_Pool_2000_20260527\766510.cif,D:\CGCNN\MP_Formation_Full_CGCNN_20260524\766510.cif
771360,mp-771360,Li6MnSn3(PO4)6,-2.513795895019704,1,0,0,Li-Mn-O-P-Sn,Li-Mn-O-P-Sn,5,Mn,True,4ce242edd3ab20a46b2462f8390dfc28112610fb0b334862711fe17586a33f5e,D:\CGCNN\Mn_MultinaryOxide_GeneratorFree_Pool_2000_20260527\771360.cif,D:\CGCNN\MP_Formation_Full_CGCNN_20260524\771360.cif
19213,mp-19213,Ba2Mn2Sb2O,-1.223353110123153,0,0,1,Ba-Mn-O-Sb,Ba-Mn-O-Sb,4,Mn,True,7aba63ca9b6d4337e9efdda651834806c2fe55c81f2e8a8846447d72cd72f5f2,D:\CGCNN\Mn_MultinaryOxide_GeneratorFree_Pool_2000_20260527\19213.cif,D:\CGCNN\MP_Formation_Full_CGCNN_20260524\19213.cif
770412,mp-770412,ScMn2O5,-2.518295824482759,1,0,0,Mn-O-Sc,Mn-O-Sc,3,Mn,True,802be379237173a99d6333d1e761071d26145c3b652cdfdc5bfe4afd3d91bf4a,D:\CGCNN\Mn_MultinaryOxide_GeneratorFree_Pool_2000_20260527\770412.cif,D:\CGCNN\MP_Formation_Full_CGCNN_20260524\770412.cif
15282,mp-15282,RbMn4(AsO4)3,-1.980940143836209,0,0,1,As-Mn-O-Rb,As-Mn-O-Rb,4,Mn,True,fa8ce87942e034d495f4c2799fcd7cd705641a4b1e027cb385e0b6ad4ed49d7e,D:\CGCNN\Mn_MultinaryOxide_GeneratorFree_Pool_2000_20260527\15282.cif,D:\CGCNN\MP_Formation_Full_CGCNN_20260524\15282.cif
1101152,mp-1101152,Li2MnCrO4,-2.260454868699713,0,0,1,Cr-Li-Mn-O,Cr-Li-Mn-O,4,Mn,True,2b26b30a188b2651895f947160e0ca363aeed4cfc83dc2d14c0cbe08ac9500df,D:\CGCNN\Mn_MultinaryOxide_GeneratorFree_Pool_2000_20260527\1101152.cif,D:\CGCNN\MP_Formation_Full_CGCNN_20260524\1101152.cif
728301,mp-728301,K2Mn(C2O5)2,-1.521583871025355,0,0,1,C-K-Mn-O,C-K-Mn-O,4,Mn,True,46180844d36aa34681822ba23e894b364f3e3ccb3caabbc9af12b34ac2b26a8f,D:\CGCNN\Mn_MultinaryOxide_GeneratorFree_Pool_2000_20260527\728301.cif,D:\CGCNN\MP_Formation_Full_CGCNN_20260524\728301.cif
558892,mp-558892,MnVBiO5,-2.14577806036638,0,0,1,Bi-Mn-O-V,Bi-Mn-O-V,4,Mn,True,1a137e5ef826841aa95f2d626e09ab6e07364423368af84d6357f19972a5a26f,D:\CGCNN\Mn_MultinaryOxide_GeneratorFree_Pool_2000_20260527\558892.cif,D:\CGCNN\MP_Formation_Full_CGCNN_20260524\558892.cif
1222576,mp-1222576,Mn3Al4FeP4(H4O7)4,-2.121431518792223,0,0,1,Al-Fe-H-Mn-O-P,Al-Fe-H-Mn-O-P,6,Mn,True,51443267ede0b5f384751746118f1f874682edd36d42dcb5922cdf4fabec537c,D:\CGCNN\Mn_MultinaryOxide_GeneratorFree_Pool_2000_20260527\1222576.cif,D:\CGCNN\MP_Formation_Full_CGCNN_20260524\1222576.cif
761556,mp-761556,MnCoO4,-1.371771057988506,0,0,1,Co-Mn-O,Co-Mn-O,3,Mn,True,38b0e4addb954e70b08c3c0b973f0686abbcf1ca01f39f66bbed1e4e68491b87,D:\CGCNN\Mn_MultinaryOxide_GeneratorFree_Pool_2000_20260527\761556.cif,D:\CGCNN\MP_Formation_Full_CGCNN_20260524\761556.cif
1201658,mp-1201658,MnAl2P2H10O13F2,-2.178472947490557,0,0,1,Al-F-H-Mn-O-P,Al-F-H-Mn-O-P,6,Mn,True,14532cc1d0b175f4b4056980f9dd38b6f07c4459c59a5a15245b6992558f1ab3,D:\CGCNN\Mn_MultinaryOxide_GeneratorFree_Pool_2000_20260527\1201658.cif,D:\CGCNN\MP_Formation_Full_CGCNN_20260524\1201658.cif
1218209,mp-1218209,SrMnFeBiO6,-2.058466937793105,0,0,1,Bi-Fe-Mn-O-Sr,Bi-Fe-Mn-O-Sr,5,Mn,True,db91e6035960c356ad142379f0e36851824805686c02d2fb6ecd610053999d24,D:\CGCNN\Mn_MultinaryOxide_GeneratorFree_Pool_2000_20260527\1218209.cif,D:\CGCNN\MP_Formation_Full_CGCNN_20260524\1218209.cif
2232382,mp-2232382,BaMgMnV2(AgO4)2,-1.993050189750957,0,0,1,Ag-Ba-Mg-Mn-O-V,Ag-Ba-Mg-Mn-O-V,6,Mn,True,7528db1d5ac9e5dcf20e5c69eadf225a78939f18025839c706472a79ccfa6b41,D:\CGCNN\Mn_MultinaryOxide_GeneratorFree_Pool_2000_20260527\2232382.cif,D:\CGCNN\MP_Formation_Full_CGCNN_20260524\2232382.cif
1227926,mp-1227926,Ca2YMn3O9,-2.68744418641954,0,1,0,Ca-Mn-O-Y,Ca-Mn-O-Y,4,Mn,True,8abd2293b448521024f4574726f0e623488d2d5c639e5966c456604b290dfb08,D:\CGCNN\Mn_MultinaryOxide_GeneratorFree_Pool_2000_20260527\1227926.cif,D:\CGCNN\MP_Formation_Full_CGCNN_20260524\1227926.cif
1234487,mp-1234487,Sr4CaMn2Cu3(SO)4,-1.853411711992337,0,0,1,Ca-Cu-Mn-O-S-Sr,Ca-Cu-Mn-O-S-Sr,6,Mn,True,1b688e086e20e5dbccdf4996c16076a608fbf14b8e9aaf7ea984212f1a15b204,D:\CGCNN\Mn_MultinaryOxide_GeneratorFree_Pool_2000_20260527\1234487.cif,D:\CGCNN\MP_Formation_Full_CGCNN_20260524\1234487.cif
1235597,mp-1235597,LiMn9CdO10,-1.722943184033936,0,0,1,Cd-Li-Mn-O,Cd-Li-Mn-O,4,Mn,True,63add2f9f50ee55300d90e3a4fef441f92ae34ff9be41b784c31388a95cad41e,D:\CGCNN\Mn_MultinaryOxide_GeneratorFree_Pool_2000_20260527\1235597.cif,D:\CGCNN\MP_Formation_Full_CGCNN_20260524\1235597.cif
1521496,mp-1521496,KZrMnBiO6,-2.256004151518105,0,0,1,Bi-K-Mn-O-Zr,Bi-K-Mn-O-Zr,5,Mn,True,a33aea7a7a121118ddb7ab53539ef066ff852987e8c18a74d7ffe6eb9093a3d8,D:\CGCNN\Mn_MultinaryOxide_GeneratorFree_Pool_2000_20260527\1521496.cif,D:\CGCNN\MP_Formation_Full_CGCNN_20260524\1521496.cif
558201,mp-558201,ZrMn2Ag4(MoO4)6,-1.89557797270348,0,0,1,Ag-Mn-Mo-O-Zr,Ag-Mn-Mo-O-Zr,5,Mn,True,e3aeda08e237ca4e44b48380c2dc398118e448b8dab165a9b874e9b21efc822d,D:\CGCNN\Mn_MultinaryOxide_GeneratorFree_Pool_2000_20260527\558201.cif,D:\CGCNN\MP_Formation_Full_CGCNN_20260524\558201.cif
1218788,mp-1218788,Sr2Mn3(BO5)2,-2.424479820125084,0,0,1,B-Mn-O-Sr,B-Mn-O-Sr,4,Mn,True,b1414f7cd129cb91266291aaffc13694a51d47ccd6cbe668b6c5dcc864f5ad9f,D:\CGCNN\Mn_MultinaryOxide_GeneratorFree_Pool_2000_20260527\1218788.cif,D:\CGCNN\MP_Formation_Full_CGCNN_20260524\1218788.cif
560911,mp-560911,Mn3B7BrO13,-2.64302153366499,0,1,0,B-Br-Mn-O,B-Br-Mn-O,4,Mn,True,b407596345028b30b6b57b80a111e5eefb39fb418931ef03e723207a83e16192,D:\CGCNN\Mn_MultinaryOxide_GeneratorFree_Pool_2000_20260527\560911.cif,D:\CGCNN\MP_Formation_Full_CGCNN_20260524\560911.cif
555498,mp-555498,Ba3ErMn2O9,-2.755539548724138,0,1,0,Ba-Er-Mn-O,Ba-Er-Mn-O,4,Mn,True,02d7162f622d9a7257e7e7972d382bc0ad703fc8e2adc178f59abb17f36f52e5,D:\CGCNN\Mn_MultinaryOxide_GeneratorFree_Pool_2000_20260527\555498.cif,D:\CGCNN\MP_Formation_Full_CGCNN_20260524\555498.cif
1228330,mp-1228330,Ba8Mn6Co2ClO22,-2.404169648656057,0,0,1,Ba-Cl-Co-Mn-O,Ba-Cl-Co-Mn-O,5,Mn,True,b2b845d168eec8dda98d74af89732e14df3b8e3f0d2dff588732d79905d1583c,D:\CGCNN\Mn_MultinaryOxide_GeneratorFree_Pool_2000_20260527\1228330.cif,D:\CGCNN\MP_Formation_Full_CGCNN_20260524\1228330.cif
558651,mp-558651,Ba2Mn(AsO4)2,-2.457532997148542,0,0,1,As-Ba-Mn-O,As-Ba-Mn-O,4,Mn,True,a5cf0ed1c574c86ac015fd8e66e05cdbe102ad285a3521827a7c44c250222f2a,D:\CGCNN\Mn_MultinaryOxide_GeneratorFree_Pool_2000_20260527\558651.cif,D:\CGCNN\MP_Formation_Full_CGCNN_20260524\558651.cif
766470,mp-766470,Na6Ca3MnC6(O9F)2,-2.423801950172413,0,0,1,C-Ca-F-Mn-Na-O,C-Ca-F-Mn-Na-O,6,Mn,True,0c46f4d4d568aa4d641c2aab82f6335f52cfb44d026b250dac4c1bdfe6820d2b,D:\CGCNN\Mn_MultinaryOxide_GeneratorFree_Pool_2000_20260527\766470.cif,D:\CGCNN\MP_Formation_Full_CGCNN_20260524\766470.cif
19488,mp-19488,Rb2MnSO4F3,-2.512518440493732,1,0,0,F-Mn-O-Rb-S,F-Mn-O-Rb-S,5,Mn,True,f2de5876eeb3a9d4fc1b847bb6d8237fa21861c9188c64cca78d5486209c0c41,D:\CGCNN\Mn_MultinaryOxide_GeneratorFree_Pool_2000_20260527\19488.cif,D:\CGCNN\MP_Formation_Full_CGCNN_20260524\19488.cif
773432,mp-773432,KMnPCO7,-2.200009907256718,0,0,1,C-K-Mn-O-P,C-K-Mn-O-P,5,Mn,True,b13c37e3ae2d285ebd6fc6b6f4fbb74e0334a1c2b832774a983ab92815c9b47f,D:\CGCNN\Mn_MultinaryOxide_GeneratorFree_Pool_2000_20260527\773432.cif,D:\CGCNN\MP_Formation_Full_CGCNN_20260524\773432.cif
1182654,mp-1182654,CaMnAl4SiP3(HO4)5,-1.9847256382317024,0,0,1,Al-Ca-H-Mn-O-P-Si,Al-Ca-H-Mn-O-P-Si,7,Mn,True,dc9ce4f257e333aa93955a441b4a6da4b066a0d5c11e8f783b13968f93bb3f92,D:\CGCNN\Mn_MultinaryOxide_GeneratorFree_Pool_2000_20260527\1182654.cif,D:\CGCNN\MP_Formation_Full_CGCNN_20260524\1182654.cif
1222064,mp-1222064,Mn4Nb2O9,-2.512792614114943,1,0,0,Mn-Nb-O,Mn-Nb-O,3,Mn,True,0188ae0634f58d5e4ca91994bda984cd26686d0390ffea9768636b9c6dd68438,D:\CGCNN\Mn_MultinaryOxide_GeneratorFree_Pool_2000_20260527\1222064.cif,D:\CGCNN\MP_Formation_Full_CGCNN_20260524\1222064.cif
770905,mp-770905,LiMnAsCO7,-1.83393685988767,0,0,1,As-C-Li-Mn-O,As-C-Li-Mn-O,5,Mn,True,bf2e6f71256a0902555cb49c280c50f1ee04993a99a13f505c358d523dc0acd5,D:\CGCNN\Mn_MultinaryOxide_GeneratorFree_Pool_2000_20260527\770905.cif,D:\CGCNN\MP_Formation_Full_CGCNN_20260524\770905.cif
1210812,mp-1210812,Mn4Zn3H10(CO8)2,-1.65504466412069,0,0,1,C-H-Mn-O-Zn,C-H-Mn-O-Zn,5,Mn,True,572593d60229698ea2c373944da2b85a38e3ee9f5d8a91a1322dd4f9e5390388,D:\CGCNN\Mn_MultinaryOxide_GeneratorFree_Pool_2000_20260527\1210812.cif,D:\CGCNN\MP_Formation_Full_CGCNN_20260524\1210812.cif
2220589,mp-2220589,MgMn5Cr(PO4)6,-2.522038682770604,1,0,0,Cr-Mg-Mn-O-P,Cr-Mg-Mn-O-P,5,Mn,True,a78182009d380aedf30d43738f0862e64d50c5138335fb923e03fa8eb86fac77,D:\CGCNN\Mn_MultinaryOxide_GeneratorFree_Pool_2000_20260527\2220589.cif,D:\CGCNN\MP_Formation_Full_CGCNN_20260524\2220589.cif
1223013,mp-1223013,LaMnFe3(BiO4)3,-1.941785393646552,0,0,1,Bi-Fe-La-Mn-O,Bi-Fe-La-Mn-O,5,Mn,True,4d84a9f3f00b9adb58d6cd59d8a8cc80948a3e4024dc2611f76a72c1bacd473b,D:\CGCNN\Mn_MultinaryOxide_GeneratorFree_Pool_2000_20260527\1223013.cif,D:\CGCNN\MP_Formation_Full_CGCNN_20260524\1223013.cif
1227712,mp-1227712,BaSr3Mn4O12,-2.468077104086208,0,0,1,Ba-Mn-O-Sr,Ba-Mn-O-Sr,4,Mn,True,1963d774aa1c878612015a6d2851ff8c337d13c479e459d6e4eb73b508c97238,D:\CGCNN\Mn_MultinaryOxide_GeneratorFree_Pool_2000_20260527\1227712.cif,D:\CGCNN\MP_Formation_Full_CGCNN_20260524\1227712.cif
39440,mp-39440,Ca2MnIrO6,-2.298020989293104,0,0,1,Ca-Ir-Mn-O,Ca-Ir-Mn-O,4,Mn,True,8b8dd3d5729aa719c5bb13497ed15a6d4e4b5698a397c92650d85ff8668eaa07,D:\CGCNN\Mn_MultinaryOxide_GeneratorFree_Pool_2000_20260527\39440.cif,D:\CGCNN\MP_Formation_Full_CGCNN_20260524\39440.cif
1522301,mp-1522301,KMnBiWO6,-1.899153369518102,0,0,1,Bi-K-Mn-O-W,Bi-K-Mn-O-W,5,Mn,True,21836a9f59f29ef87d57666c73c87bffb24ed8b7c50cfcca508d91d4dc332105,D:\CGCNN\Mn_MultinaryOxide_GeneratorFree_Pool_2000_20260527\1522301.cif,D:\CGCNN\MP_Formation_Full_CGCNN_20260524\1522301.cif
1048458,mp-1048458,BaMn4AlO7,-2.285699286671086,0,0,1,Al-Ba-Mn-O,Al-Ba-Mn-O,4,Mn,True,ec3289b5eb47638498357877c1b5cfb12762f8e32070aad7b1a6ac6bc9e348ea,D:\CGCNN\Mn_MultinaryOxide_GeneratorFree_Pool_2000_20260527\1048458.cif,D:\CGCNN\MP_Formation_Full_CGCNN_20260524\1048458.cif
778282,mp-778282,LiMnB3(HO3)3,-2.066260385442022,0,0,1,B-H-Li-Mn-O,B-H-Li-Mn-O,5,Mn,True,4552cb6c7ad064bedbc9286a9cacc2a9b9192eff7ed720d1bc2ae9c02ab0f21d,D:\CGCNN\Mn_MultinaryOxide_GeneratorFree_Pool_2000_20260527\778282.cif,D:\CGCNN\MP_Formation_Full_CGCNN_20260524\778282.cif
1227302,mp-1227302,CaTb2Mn3O9,-2.8680120311417623,0,1,0,Ca-Mn-O-Tb,Ca-Mn-O-Tb,4,Mn,True,62b621b18c4c238a08fbf69789dacd940d214eb03478b6fe29e6edb93bea17f5,D:\CGCNN\Mn_MultinaryOxide_GeneratorFree_Pool_2000_20260527\1227302.cif,D:\CGCNN\MP_Formation_Full_CGCNN_20260524\1227302.cif
758211,mp-758211,Li4Mn2Co3Cu3O16,-1.407565789971264,0,0,1,Co-Cu-Li-Mn-O,Co-Cu-Li-Mn-O,5,Mn,True,2532a1937e0988e8400615abe7992875a899c0a32d776feccf0a7c74d9fa2d4f,D:\CGCNN\Mn_MultinaryOxide_GeneratorFree_Pool_2000_20260527\758211.cif,D:\CGCNN\MP_Formation_Full_CGCNN_20260524\758211.cif
768606,mp-768606,Li2MnSiCO7,-2.324438292049809,0,0,1,C-Li-Mn-O-Si,C-Li-Mn-O-Si,5,Mn,True,b5ab6833c7b225d3ecb30ab4e0fdbfdc25ccca01b88945507f4e90868d33c0c9,D:\CGCNN\Mn_MultinaryOxide_GeneratorFree_Pool_2000_20260527\768606.cif,D:\CGCNN\MP_Formation_Full_CGCNN_20260524\768606.cif
764870,mp-764870,Li3MnFeCo(PO4)3,-1.845636284850457,0,0,1,Co-Fe-Li-Mn-O-P,Co-Fe-Li-Mn-O-P,6,Mn,True,38ac0799b475b051b30830df2f7c6aeff18dc2865f88fb20d4b77154d0aa8724,D:\CGCNN\Mn_MultinaryOxide_GeneratorFree_Pool_2000_20260527\764870.cif,D:\CGCNN\MP_Formation_Full_CGCNN_20260524\764870.cif
1518782,mp-1518782,BaNaMnBiO6,-1.688610088681034,0,0,1,Ba-Bi-Mn-Na-O,Ba-Bi-Mn-Na-O,5,Mn,True,ad4f59829763bce08f7af524bff2fb67f86db7469bb462023ae38310caacce39,D:\CGCNN\Mn_MultinaryOxide_GeneratorFree_Pool_2000_20260527\1518782.cif,D:\CGCNN\MP_Formation_Full_CGCNN_20260524\1518782.cif
1048574,mp-1048574,Ba2Mn4Tl2Zn3O12,-1.716722510364817,0,0,1,Ba-Mn-O-Tl-Zn,Ba-Mn-O-Tl-Zn,5,Mn,True,3d28c8b9a83b490a5f4e4e153129917366bf325e39ff7b36d6f29890919457d5,D:\CGCNN\Mn_MultinaryOxide_GeneratorFree_Pool_2000_20260527\1048574.cif,D:\CGCNN\MP_Formation_Full_CGCNN_20260524\1048574.cif
560912,mp-560912,Ba7Ca2Mn3V2O20,-2.829841324523327,0,1,0,Ba-Ca-Mn-O-V,Ba-Ca-Mn-O-V,5,Mn,True,89aaeb62e8e89d39ca31ad41040f0ca4f223e8026bbb5330e2d932a7885b82a3,D:\CGCNN\Mn_MultinaryOxide_GeneratorFree_Pool_2000_20260527\560912.cif,D:\CGCNN\MP_Formation_Full_CGCNN_20260524\560912.cif
754649,mp-754649,MnCSO7,-1.689708042543104,0,0,1,C-Mn-O-S,C-Mn-O-S,4,Mn,True,a225248c5c44f682bff0fec81a086119d054acf533171c7318a5af8b0b352a3b,D:\CGCNN\Mn_MultinaryOxide_GeneratorFree_Pool_2000_20260527\754649.cif,D:\CGCNN\MP_Formation_Full_CGCNN_20260524\754649.cif
766531,mp-766531,Li12Mn3CrP4(CO7)4,-2.405741291199317,0,0,1,C-Cr-Li-Mn-O-P,C-Cr-Li-Mn-O-P,6,Mn,True,b7ecc719a62945f4cf8a24416403bae9b833607f413bc9fe26696e1e309b8b18,D:\CGCNN\Mn_MultinaryOxide_GeneratorFree_Pool_2000_20260527\766531.cif,D:\CGCNN\MP_Formation_Full_CGCNN_20260524\766531.cif
1205048,mp-1205048,CaMn2(H2O3)4,-1.383934069167917,0,0,1,Ca-H-Mn-O,Ca-H-Mn-O,4,Mn,True,2f694576cc33771616a1e56c90dd83fee93bbd1e27fbcadabfa90060d8fef40e,D:\CGCNN\Mn_MultinaryOxide_GeneratorFree_Pool_2000_20260527\1205048.cif,D:\CGCNN\MP_Formation_Full_CGCNN_20260524\1205048.cif
733680,mp-733680,Mn4Si3AsHO13,-2.474925297635189,1,0,0,As-H-Mn-O-Si,As-H-Mn-O-Si,5,Mn,True,47e74e5a691f7fa807fcfeb4386189cf5e8fbfbddc92e9674126210fd17f5b6e,D:\CGCNN\Mn_MultinaryOxide_GeneratorFree_Pool_2000_20260527\733680.cif,D:\CGCNN\MP_Formation_Full_CGCNN_20260524\733680.cif
1518884,mp-1518884,BaCaMnSnO6,-2.428504817293105,0,0,1,Ba-Ca-Mn-O-Sn,Ba-Ca-Mn-O-Sn,5,Mn,True,aae6d3ffe360ddd865fc42eed7f5ac3d12a0312148db10cf7d03ee8ef59e886e,D:\CGCNN\Mn_MultinaryOxide_GeneratorFree_Pool_2000_20260527\1518884.cif,D:\CGCNN\MP_Formation_Full_CGCNN_20260524\1518884.cif
1218309,mp-1218309,SrLa2CeMn2Cr2O12,-2.971871034793103,0,1,0,Ce-Cr-La-Mn-O-Sr,Ce-Cr-La-Mn-O-Sr,6,Mn,True,9e6af9daa368fc3203e113c71a0783c4ab7e0989a282d979758dc7338c77e14c,D:\CGCNN\Mn_MultinaryOxide_GeneratorFree_Pool_2000_20260527\1218309.cif,D:\CGCNN\MP_Formation_Full_CGCNN_20260524\1218309.cif
1195414,mp-1195414,MnBe2Fe2(P2O11)2,-1.444627570532337,0,0,1,Be-Fe-Mn-O-P,Be-Fe-Mn-O-P,5,Mn,True,c44ed8c88b0dbbdf4ad90d2c05758c5c3dc0defc0bb07eb67ba5f73b2921bf83,D:\CGCNN\Mn_MultinaryOxide_GeneratorFree_Pool_2000_20260527\1195414.cif,D:\CGCNN\MP_Formation_Full_CGCNN_20260524\1195414.cif
1225171,mp-1225171,Mn2Al3Fe(PO7)3,-1.976059898159688,0,0,1,Al-Fe-Mn-O-P,Al-Fe-Mn-O-P,5,Mn,True,0d1f2c72aa7d8af3dcf79f70439ef0d3f952c50dd6c3273c4cc8cf6bb84bf48f,D:\CGCNN\Mn_MultinaryOxide_GeneratorFree_Pool_2000_20260527\1225171.cif,D:\CGCNN\MP_Formation_Full_CGCNN_20260524\1225171.cif
683668,mp-683668,Mn2InC10BrO10,-0.811644937605365,0,0,1,Br-C-In-Mn-O,Br-C-In-Mn-O,5,Mn,True,0717db32537acb2fd4abd1b8006d82b82b247d03b925542a53802237374b5c3e,D:\CGCNN\Mn_MultinaryOxide_GeneratorFree_Pool_2000_20260527\683668.cif,D:\CGCNN\MP_Formation_Full_CGCNN_20260524\683668.cif
1210269,mp-1210269,NaMnH2C3O7,-1.69313564387931,0,0,1,C-H-Mn-Na-O,C-H-Mn-Na-O,5,Mn,True,201ce0d46d95ea50e0a499846a127bb59b7c0f824372318a399b9e05bc9b16e3,D:\CGCNN\Mn_MultinaryOxide_GeneratorFree_Pool_2000_20260527\1210269.cif,D:\CGCNN\MP_Formation_Full_CGCNN_20260524\1210269.cif
1221189,mp-1221189,Na5Ca7Zr2TiMnSi8(O8F)4,-3.257102638636015,0,1,0,Ca-F-Mn-Na-O-Si-Ti-Zr,Ca-F-Mn-Na-O-Si-Ti-Zr,8,Mn,True,436598a58f29f4dda9b618100dddbedc83b8ee6e267163e393d5eeeb1d404ba2,D:\CGCNN\Mn_MultinaryOxide_GeneratorFree_Pool_2000_20260527\1221189.cif,D:\CGCNN\MP_Formation_Full_CGCNN_20260524\1221189.cif
1078286,mp-1078286,CeMnAsO,-1.889391043857759,0,0,1,As-Ce-Mn-O,As-Ce-Mn-O,4,Mn,True,25a41d6d363f13fb6ebb2233136ba473277cc2ac26849082020d9309387ba4b0,D:\CGCNN\Mn_MultinaryOxide_GeneratorFree_Pool_2000_20260527\1078286.cif,D:\CGCNN\MP_Formation_Full_CGCNN_20260524\1078286.cif
1224833,mp-1224833,Gd2MnCoO6,-2.8105339522931043,0,1,0,Co-Gd-Mn-O,Co-Gd-Mn-O,4,Mn,True,0bd1f37945d351e7eed82130845ff2dae8dbed403a408add1c7ac464ba923f74,D:\CGCNN\Mn_MultinaryOxide_GeneratorFree_Pool_2000_20260527\1224833.cif,D:\CGCNN\MP_Formation_Full_CGCNN_20260524\1224833.cif
1222244,mp-1222244,MnCu(CO3)4,-1.122459494607279,0,0,1,C-Cu-Mn-O,C-Cu-Mn-O,4,Mn,True,d43532955176f46dc4145557d3924b2b32daf3fc8764936148db41874930bc80,D:\CGCNN\Mn_MultinaryOxide_GeneratorFree_Pool_2000_20260527\1222244.cif,D:\CGCNN\MP_Formation_Full_CGCNN_20260524\1222244.cif
1254079,mp-1254079,MnAl(WO4)2,-2.385774121494252,0,0,1,Al-Mn-O-W,Al-Mn-O-W,4,Mn,True,5cac579bba62dc55c5720af40c5d91794cc6b67871c6d4b74c34fdbb567994e0,D:\CGCNN\Mn_MultinaryOxide_GeneratorFree_Pool_2000_20260527\1254079.cif,D:\CGCNN\MP_Formation_Full_CGCNN_20260524\1254079.cif
1221712,mp-1221712,MnCu(AgO2)2,-1.037204460158045,0,0,1,Ag-Cu-Mn-O,Ag-Cu-Mn-O,4,Mn,True,3815cab98ecf1dbf01b7f47a2ab8345dee69758b266c64ed0347e31fb64060e6,D:\CGCNN\Mn_MultinaryOxide_GeneratorFree_Pool_2000_20260527\1221712.cif,D:\CGCNN\MP_Formation_Full_CGCNN_20260524\1221712.cif
1227160,mp-1227160,CaTmMn2O6,-2.7972482065862083,0,1,0,Ca-Mn-O-Tm,Ca-Mn-O-Tm,4,Mn,True,314e85b272d9856ac1ef358990bd92eb695e1daf87cf35738d2c6e5d6b5a5d32,D:\CGCNN\Mn_MultinaryOxide_GeneratorFree_Pool_2000_20260527\1227160.cif,D:\CGCNN\MP_Formation_Full_CGCNN_20260524\1227160.cif
1345521,mp-1345521,Ca3Ta2Mn2O12,-2.910886832133092,0,1,0,Ca-Mn-O-Ta,Ca-Mn-O-Ta,4,Mn,True,02055ece88886cf3bd3ff477eab9a05ed778e2ceb319368d214df0d14d56e5b6,D:\CGCNN\Mn_MultinaryOxide_GeneratorFree_Pool_2000_20260527\1345521.cif,D:\CGCNN\MP_Formation_Full_CGCNN_20260524\1345521.cif
729033,mp-729033,MnCuH10Se2(ClO5)2,-1.264149190293021,0,0,1,Cl-Cu-H-Mn-O-Se,Cl-Cu-H-Mn-O-Se,6,Mn,True,56615e2b4a98c9d6e60c2f95e48d678a0fef62551286ad8d5f490e6d384816bf,D:\CGCNN\Mn_MultinaryOxide_GeneratorFree_Pool_2000_20260527\729033.cif,D:\CGCNN\MP_Formation_Full_CGCNN_20260524\729033.cif
1076214,mp-1076214,Ca7MgMn7FeO24,-2.321222350012931,0,0,1,Ca-Fe-Mg-Mn-O,Ca-Fe-Mg-Mn-O,5,Mn,True,47a395a9ea714fbb52c5785423637c0d69488aca5e32c8e3296f393022cadd5c,D:\CGCNN\Mn_MultinaryOxide_GeneratorFree_Pool_2000_20260527\1076214.cif,D:\CGCNN\MP_Formation_Full_CGCNN_20260524\1076214.cif
1226446,mp-1226446,Cs3MnZn3(PO3)12,-2.55743831204747,1,0,0,Cs-Mn-O-P-Zn,Cs-Mn-O-P-Zn,5,Mn,True,d566c50168487ef80a96e689d1997fd81490d7a9b5142303b0c2200f25948c86,D:\CGCNN\Mn_MultinaryOxide_GeneratorFree_Pool_2000_20260527\1226446.cif,D:\CGCNN\MP_Formation_Full_CGCNN_20260524\1226446.cif
1196770,mp-1196770,Rb4Na2Mn2H12C10N11O6,-0.5433982251834191,0,0,1,C-H-Mn-N-Na-O-Rb,C-H-Mn-N-Na-O-Rb,7,Mn,True,8ace92101d4c6e1bf580a879a0ad60a9b7949f57ae036c68f5189e8fa64ee0f7,D:\CGCNN\Mn_MultinaryOxide_GeneratorFree_Pool_2000_20260527\1196770.cif,D:\CGCNN\MP_Formation_Full_CGCNN_20260524\1196770.cif
554839,mp-554839,MnBiAsO5,-1.87188020599138,0,0,1,As-Bi-Mn-O,As-Bi-Mn-O,4,Mn,True,b850277be602165dbc5f996be99cbfd5f10b696f7aabf3d4292fdd9424975f99,D:\CGCNN\Mn_MultinaryOxide_GeneratorFree_Pool_2000_20260527\554839.cif,D:\CGCNN\MP_Formation_Full_CGCNN_20260524\554839.cif
2228987,mp-2228987,MgMn2V2(BiO5)2,-2.108241384756593,0,0,1,Bi-Mg-Mn-O-V,Bi-Mg-Mn-O-V,5,Mn,True,a746fcc8a5bd2420f537d77dbd420b9708d9d253ee50030764dacd6eec10a3a4,D:\CGCNN\Mn_MultinaryOxide_GeneratorFree_Pool_2000_20260527\2228987.cif,D:\CGCNN\MP_Formation_Full_CGCNN_20260524\2228987.cif
774791,mp-774791,Li4Mn3Cr3(TeO8)2,-2.078402341087848,0,0,1,Cr-Li-Mn-O-Te,Cr-Li-Mn-O-Te,5,Mn,True,dbe025a097210c8cce58bdc7fa26da02fda3c591859640d9640888ebd34c97cb,D:\CGCNN\Mn_MultinaryOxide_GeneratorFree_Pool_2000_20260527\774791.cif,D:\CGCNN\MP_Formation_Full_CGCNN_20260524\774791.cif
706246,mp-706246,Ca9LaTi6Mn4O30,-3.183862937934482,0,1,0,Ca-La-Mn-O-Ti,Ca-La-Mn-O-Ti,5,Mn,True,646287f0bb4e9f2f00aa6d45b63555a84a88c845726d0bfa91d5d2689d5c3e0d,D:\CGCNN\Mn_MultinaryOxide_GeneratorFree_Pool_2000_20260527\706246.cif,D:\CGCNN\MP_Formation_Full_CGCNN_20260524\706246.cif
758293,mp-758293,Mn3CoCu2(PO4)6,-2.126687164490284,0,0,1,Co-Cu-Mn-O-P,Co-Cu-Mn-O-P,5,Mn,True,2b8048f204c197f14bd6e060fd2bde54710e72f3c39c00147617ebf7d135e78a,D:\CGCNN\Mn_MultinaryOxide_GeneratorFree_Pool_2000_20260527\758293.cif,D:\CGCNN\MP_Formation_Full_CGCNN_20260524\758293.cif
721172,mp-721172,Ca2MnFeSi4(HO3)5,-2.11867546354218,0,0,1,Ca-Fe-H-Mn-O-Si,Ca-Fe-H-Mn-O-Si,6,Mn,True,83c52b0f2f9ba10b3c37b4ac5336b699ed4750f006b33bf95bc86e6f07e5fbd4,D:\CGCNN\Mn_MultinaryOxide_GeneratorFree_Pool_2000_20260527\721172.cif,D:\CGCNN\MP_Formation_Full_CGCNN_20260524\721172.cif
1044277,mp-1044277,CaTiMn(PO4)3,-2.9099531719551632,0,1,0,Ca-Mn-O-P-Ti,Ca-Mn-O-P-Ti,5,Mn,True,12fc9853903851c504075d97f1d919b5de5dc977cf9dc9063f17a19ddf5cff07,D:\CGCNN\Mn_MultinaryOxide_GeneratorFree_Pool_2000_20260527\1044277.cif,D:\CGCNN\MP_Formation_Full_CGCNN_20260524\1044277.cif
532650,mp-532650,Ca4Mn3B3CO15,-2.789052985242042,0,1,0,B-C-Ca-Mn-O,B-C-Ca-Mn-O,5,Mn,True,f68bce620fdd447747a8317c8dbac4206aa97ad7254303d445375618dd5b4419,D:\CGCNN\Mn_MultinaryOxide_GeneratorFree_Pool_2000_20260527\532650.cif,D:\CGCNN\MP_Formation_Full_CGCNN_20260524\532650.cif
1221913,mp-1221913,Na3Mg2Mn4Be6Si9(SnO13)3,-2.614395562588819,0,1,0,Be-Mg-Mn-Na-O-Si-Sn,Be-Mg-Mn-Na-O-Si-Sn,7,Mn,True,16499e581d28c5ab88d653688d013db321ff100128624dc1debc2580934cdbe7,D:\CGCNN\Mn_MultinaryOxide_GeneratorFree_Pool_2000_20260527\1221913.cif,D:\CGCNN\MP_Formation_Full_CGCNN_20260524\1221913.cif
1522815,mp-1522815,KBaLaMnO6,-2.374000890018105,0,0,1,Ba-K-La-Mn-O,Ba-K-La-Mn-O,5,Mn,True,5bb5fe9c7774af6183648b8f777996e830a300029c70cc55a038354f5573c0e9,D:\CGCNN\Mn_MultinaryOxide_GeneratorFree_Pool_2000_20260527\1522815.cif,D:\CGCNN\MP_Formation_Full_CGCNN_20260524\1522815.cif
729824,mp-729824,Mn3Mo2H34C22N16O5,-0.157003992332843,0,0,1,C-H-Mn-Mo-N-O,C-H-Mn-Mo-N-O,6,Mn,True,b47949105732e6ce7f3551e209c4a3250b465df15dae41c6ffee5c7332664e9d,D:\CGCNN\Mn_MultinaryOxide_GeneratorFree_Pool_2000_20260527\729824.cif,D:\CGCNN\MP_Formation_Full_CGCNN_20260524\729824.cif
1200531,mp-1200531,MnH44C12N8(ClO5)2,-0.571795802765338,0,0,1,C-Cl-H-Mn-N-O,C-Cl-H-Mn-N-O,6,Mn,True,d24f0358221be2a512dc5d4923271dc05ea704b6a1d9ffe70ace3e32abb5c3e6,D:\CGCNN\Mn_MultinaryOxide_GeneratorFree_Pool_2000_20260527\1200531.cif,D:\CGCNN\MP_Formation_Full_CGCNN_20260524\1200531.cif
1201950,mp-1201950,Na3SmMn3(AsO5)3,-2.195744226017241,0,0,1,As-Mn-Na-O-Sm,As-Mn-Na-O-Sm,5,Mn,True,746a12bd5e6de40e58a098c6370c0c515631756ae06f547f51411aabb88e62a6,D:\CGCNN\Mn_MultinaryOxide_GeneratorFree_Pool_2000_20260527\1201950.cif,D:\CGCNN\MP_Formation_Full_CGCNN_20260524\1201950.cif
1104505,mp-1104505,KMn2Cr2O10,-1.7678146262074712,0,0,1,Cr-K-Mn-O,Cr-K-Mn-O,4,Mn,True,870ddf3556e4d4d995c0f7375bc6320ec1b2fae1d422fd46d32b85dc7fe7f40c,D:\CGCNN\Mn_MultinaryOxide_GeneratorFree_Pool_2000_20260527\1104505.cif,D:\CGCNN\MP_Formation_Full_CGCNN_20260524\1104505.cif
867667,mp-867667,Li4Mn3Cr2Cu3O16,-1.736244868111658,0,0,1,Cr-Cu-Li-Mn-O,Cr-Cu-Li-Mn-O,5,Mn,True,0832efa10735c0e4f0b6caebf6c9fa253b9a87aaecf0ab06f2bb65f47b82c3fc,D:\CGCNN\Mn_MultinaryOxide_GeneratorFree_Pool_2000_20260527\867667.cif,D:\CGCNN\MP_Formation_Full_CGCNN_20260524\867667.cif
2230028,mp-2230028,Ba2La2MgMn(WO6)2,-2.875573709146551,0,1,0,Ba-La-Mg-Mn-O-W,Ba-La-Mg-Mn-O-W,6,Mn,True,d6def381464cea12eb7eac6dcd8fb3f7703638ff72a17d0c64306efe91e98190,D:\CGCNN\Mn_MultinaryOxide_GeneratorFree_Pool_2000_20260527\2230028.cif,D:\CGCNN\MP_Formation_Full_CGCNN_20260524\2230028.cif
1522554,mp-1522554,SrMnNbBiO6,-2.421252679793105,0,0,1,Bi-Mn-Nb-O-Sr,Bi-Mn-Nb-O-Sr,5,Mn,True,e0dd0794148ea2d131d9d88d41ca1288715c8c0109c97bbd2b30a004b3760735,D:\CGCNN\Mn_MultinaryOxide_GeneratorFree_Pool_2000_20260527\1522554.cif,D:\CGCNN\MP_Formation_Full_CGCNN_20260524\1522554.cif
1374903,mp-1374903,Ca3Mn2(SbO6)2,-2.332704721361161,0,0,1,Ca-Mn-O-Sb,Ca-Mn-O-Sb,4,Mn,True,531a4727dcc26ed916fbb180db818befa7926ad296f08e5386224ba602829c04,D:\CGCNN\Mn_MultinaryOxide_GeneratorFree_Pool_2000_20260527\1374903.cif,D:\CGCNN\MP_Formation_Full_CGCNN_20260524\1374903.cif
1521595,mp-1521595,CaNdMn4O12,-1.91887824217912,0,0,1,Ca-Mn-Nd-O,Ca-Mn-Nd-O,4,Mn,True,3820b6b9bb4c26793365c65b7278bbcdf493884e8721304060d088220c8ac54a,D:\CGCNN\Mn_MultinaryOxide_GeneratorFree_Pool_2000_20260527\1521595.cif,D:\CGCNN\MP_Formation_Full_CGCNN_20260524\1521595.cif
1196077,mp-1196077,MnB10(H13O4)2,-0.726312614824393,0,0,1,B-H-Mn-O,B-H-Mn-O,4,Mn,True,d4e7340db51772fd8df47faf79ede6f2332517494eb55caf4628ec4df3298a80,D:\CGCNN\Mn_MultinaryOxide_GeneratorFree_Pool_2000_20260527\1196077.cif,D:\CGCNN\MP_Formation_Full_CGCNN_20260524\1196077.cif
1223358,mp-1223358,Mn26As18CO57,-1.880051983933401,0,0,1,As-C-Mn-O,As-C-Mn-O,4,Mn,True,e08d87a7e5bb03a57cbd1764e3bf767d29e30a4842053badc3133ee70af1e357,D:\CGCNN\Mn_MultinaryOxide_GeneratorFree_Pool_2000_20260527\1223358.cif,D:\CGCNN\MP_Formation_Full_CGCNN_20260524\1223358.cif
1649939,mp-1649939,LiMn(CO3)2,-1.940927779626437,0,0,1,C-Li-Mn-O,C-Li-Mn-O,4,Mn,True,58a69e5d56c2d9b997ec5bb832383323ad8805414dc6d047640785bdb07d437a,D:\CGCNN\Mn_MultinaryOxide_GeneratorFree_Pool_2000_20260527\1649939.cif,D:\CGCNN\MP_Formation_Full_CGCNN_20260524\1649939.cif
1228293,mp-1228293,Ba4Mn2Ag2As4O17,-2.183985031179151,0,0,1,Ag-As-Ba-Mn-O,Ag-As-Ba-Mn-O,5,Mn,True,7ae117dffd9704105f04240d0e0a2db45f2a702dc77c313127d6df2cac256578,D:\CGCNN\Mn_MultinaryOxide_GeneratorFree_Pool_2000_20260527\1228293.cif,D:\CGCNN\MP_Formation_Full_CGCNN_20260524\1228293.cif
545769,mp-545769,MnCo(BiO3)2,-1.631063862293103,0,0,1,Bi-Co-Mn-O,Bi-Co-Mn-O,4,Mn,True,a6f6a790b49d72225332bc4a462d2aa15a20e128ab88e72e9492f4c071c7a412,D:\CGCNN\Mn_MultinaryOxide_GeneratorFree_Pool_2000_20260527\545769.cif,D:\CGCNN\MP_Formation_Full_CGCNN_20260524\545769.cif
579071,mp-579071,BaEu2Mn2O7,-2.713318692988506,0,1,0,Ba-Eu-Mn-O,Ba-Eu-Mn-O,4,Mn,True,47770c6d9d755b40306617788258c6d1f43267c64e9ef285adc8154edf585400,D:\CGCNN\Mn_MultinaryOxide_GeneratorFree_Pool_2000_20260527\579071.cif,D:\CGCNN\MP_Formation_Full_CGCNN_20260524\579071.cif
766468,mp-766468,Li6Ca3MnC6(O9F)2,-2.453709478831418,0,0,1,C-Ca-F-Li-Mn-O,C-Ca-F-Li-Mn-O,6,Mn,True,c60bbb39827b7ddac4efcd74e8de40f38b2265e011839dc975b5b7654fe66e81,D:\CGCNN\Mn_MultinaryOxide_GeneratorFree_Pool_2000_20260527\766468.cif,D:\CGCNN\MP_Formation_Full_CGCNN_20260524\766468.cif
573229,mp-573229,Cs2MnV2(ClO3)2,-2.299812097095492,0,0,1,Cl-Cs-Mn-O-V,Cl-Cs-Mn-O-V,5,Mn,True,6f02fe4cff23b8da32605f11065eddfad994962658430f7d9e13bf2b1ab3e43a,D:\CGCNN\Mn_MultinaryOxide_GeneratorFree_Pool_2000_20260527\573229.cif,D:\CGCNN\MP_Formation_Full_CGCNN_20260524\573229.cif
1274811,mp-1274811,CaMn3V4O12,-2.447270973689655,0,0,1,Ca-Mn-O-V,Ca-Mn-O-V,4,Mn,True,0698cfddff293496b3aacf762eb7a4490f65a1aa87cef84dfe0d17f60b3145d8,D:\CGCNN\Mn_MultinaryOxide_GeneratorFree_Pool_2000_20260527\1274811.cif,D:\CGCNN\MP_Formation_Full_CGCNN_20260524\1274811.cif
1182615,mp-1182615,Ca3MnS2O17,-1.436688239475263,0,0,1,Ca-Mn-O-S,Ca-Mn-O-S,4,Mn,True,b1551aab3531682ec5696891a08d7245eded2d447dc170f4ae9b87d700d387c0,D:\CGCNN\Mn_MultinaryOxide_GeneratorFree_Pool_2000_20260527\1182615.cif,D:\CGCNN\MP_Formation_Full_CGCNN_20260524\1182615.cif
1048461,mp-1048461,Ba2Mn2TlO7,-1.941679264516284,0,0,1,Ba-Mn-O-Tl,Ba-Mn-O-Tl,4,Mn,True,3f6b72473343260674c77128b92513022b484f4ed148dc596394dc9bd2e227e6,D:\CGCNN\Mn_MultinaryOxide_GeneratorFree_Pool_2000_20260527\1048461.cif,D:\CGCNN\MP_Formation_Full_CGCNN_20260524\1048461.cif
17876,mp-17876,NaMnAsO4,-2.022084184901477,0,0,1,As-Mn-Na-O,As-Mn-Na-O,4,Mn,True,ee1df97570e31d12ee41fb481973a75ef8f29c281b11d83e53183aa58928f58c,D:\CGCNN\Mn_MultinaryOxide_GeneratorFree_Pool_2000_20260527\17876.cif,D:\CGCNN\MP_Formation_Full_CGCNN_20260524\17876.cif
1221792,mp-1221792,MnCd2TeO6,-1.656682449209769,0,0,1,Cd-Mn-O-Te,Cd-Mn-O-Te,4,Mn,True,a243984d7feb347b41a1641de893e1a70c963bfd7ccf04a53b7f04c0b167505f,D:\CGCNN\Mn_MultinaryOxide_GeneratorFree_Pool_2000_20260527\1221792.cif,D:\CGCNN\MP_Formation_Full_CGCNN_20260524\1221792.cif
1173263,mp-1173263,Sr2MnBiPbO6,-2.290264262766458,0,0,1,Bi-Mn-O-Pb-Sr,Bi-Mn-O-Pb-Sr,5,Mn,True,9cf0e58b1639f15388c32acd97e9f8dc679b6f247ef1bc8984d512731d697af8,D:\CGCNN\Mn_MultinaryOxide_GeneratorFree_Pool_2000_20260527\1173263.cif,D:\CGCNN\MP_Formation_Full_CGCNN_20260524\1173263.cif
1233368,mp-1233368,CaMn9CdO10,-1.835961432446634,0,0,1,Ca-Cd-Mn-O,Ca-Cd-Mn-O,4,Mn,True,66ecaa0fab1ac5a874e847bc7d189b98fb1676d7ef5035cf2f024a63b765f561,D:\CGCNN\Mn_MultinaryOxide_GeneratorFree_Pool_2000_20260527\1233368.cif,D:\CGCNN\MP_Formation_Full_CGCNN_20260524\1233368.cif
770900,mp-770900,NaMnAsCO7,-1.821528739255485,0,0,1,As-C-Mn-Na-O,As-C-Mn-Na-O,5,Mn,True,efa8ededc31ff1ccf8691ab778795e745fc75c6da1bd5fd8046da421d1e4308a,D:\CGCNN\Mn_MultinaryOxide_GeneratorFree_Pool_2000_20260527\770900.cif,D:\CGCNN\MP_Formation_Full_CGCNN_20260524\770900.cif
1211169,mp-1211169,MnAlPH4O7,-2.053350340183849,0,0,1,Al-H-Mn-O-P,Al-H-Mn-O-P,5,Mn,True,2bb58cc6d57bf22b4cb579d1982a8a42602d9e655462108a08ada574d8aaf12e,D:\CGCNN\Mn_MultinaryOxide_GeneratorFree_Pool_2000_20260527\1211169.cif,D:\CGCNN\MP_Formation_Full_CGCNN_20260524\1211169.cif
1192289,mp-1192289,MnH2Cl2O,-1.510233351738505,0,0,1,Cl-H-Mn-O,Cl-H-Mn-O,4,Mn,True,974e5809bbde728f8738b8e60c73693cc0aff24536ea1fc4a92be35fc93475ef,D:\CGCNN\Mn_MultinaryOxide_GeneratorFree_Pool_2000_20260527\1192289.cif,D:\CGCNN\MP_Formation_Full_CGCNN_20260524\1192289.cif
759748,mp-759748,Na2Li4Mn2C4SO16,-2.101562545670828,0,0,1,C-Li-Mn-Na-O-S,C-Li-Mn-Na-O-S,6,Mn,True,2410284578b634526fdc86701c972e95ac3cfac39294c86682812975321c1dbd,D:\CGCNN\Mn_MultinaryOxide_GeneratorFree_Pool_2000_20260527\759748.cif,D:\CGCNN\MP_Formation_Full_CGCNN_20260524\759748.cif
1234332,mp-1234332,MgMn6O5F7,-2.551169521188748,1,0,0,F-Mg-Mn-O,F-Mg-Mn-O,4,Mn,True,b234c339c2d035a1fef07f4105ea12a83fa319fbce80d366cb5df2da018b6b12,D:\CGCNN\Mn_MultinaryOxide_GeneratorFree_Pool_2000_20260527\1234332.cif,D:\CGCNN\MP_Formation_Full_CGCNN_20260524\1234332.cif
778885,mp-778885,Li10Mn3Cr2Ni3O16,-1.965165646091954,0,0,1,Cr-Li-Mn-Ni-O,Cr-Li-Mn-Ni-O,5,Mn,True,558f686d049d2f3cb7e70d1f682aadccace20c0dfd9f4f068de98c773c4846e1,D:\CGCNN\Mn_MultinaryOxide_GeneratorFree_Pool_2000_20260527\778885.cif,D:\CGCNN\MP_Formation_Full_CGCNN_20260524\778885.cif
1204184,mp-1204184,Mn5As4(HO2)10,-1.68034827928603,0,0,1,As-H-Mn-O,As-H-Mn-O,4,Mn,True,15116841c9b9d223c938e1f1082e285ac166ea60834b7ff4f21453e76dd2b596,D:\CGCNN\Mn_MultinaryOxide_GeneratorFree_Pool_2000_20260527\1204184.cif,D:\CGCNN\MP_Formation_Full_CGCNN_20260524\1204184.cif
616160,mp-616160,MnC6S2NO5F6,-1.086898202044334,0,0,1,C-F-Mn-N-O-S,C-F-Mn-N-O-S,6,Mn,True,0cfd68c2714a09761cf91a95224a0527f6c5e93664ab9dccb937f01ea206b168,D:\CGCNN\Mn_MultinaryOxide_GeneratorFree_Pool_2000_20260527\616160.cif,D:\CGCNN\MP_Formation_Full_CGCNN_20260524\616160.cif
1180142,mp-1180142,MnCO3,-0.968526176586208,0,0,1,C-Mn-O,C-Mn-O,3,Mn,True,190ac301f6685be997b38dd1d2b34d83a993009269725bcc915716d59416d25e,D:\CGCNN\Mn_MultinaryOxide_GeneratorFree_Pool_2000_20260527\1180142.cif,D:\CGCNN\MP_Formation_Full_CGCNN_20260524\1180142.cif
1214191,mp-1214191,Ca3MnCuO6,-2.521987856857367,1,0,0,Ca-Cu-Mn-O,Ca-Cu-Mn-O,4,Mn,True,44a1567e6ebc949ee24a4de9dbb8ae50e3fd1dd0dbf215666b12d4cb93f1985c,D:\CGCNN\Mn_MultinaryOxide_GeneratorFree_Pool_2000_20260527\1214191.cif,D:\CGCNN\MP_Formation_Full_CGCNN_20260524\1214191.cif
1032752,mp-1032752,Mg6MnCO8,-2.266239073308189,0,0,1,C-Mg-Mn-O,C-Mg-Mn-O,4,Mn,True,052d8bab776571b2a80f7631cd9b1ef55548063a5ed3ad60baca5a9afd65b6e3,D:\CGCNN\Mn_MultinaryOxide_GeneratorFree_Pool_2000_20260527\1032752.cif,D:\CGCNN\MP_Formation_Full_CGCNN_20260524\1032752.cif
1218143,mp-1218143,SrNdMnCoO6,-2.4270500055431032,0,0,1,Co-Mn-Nd-O-Sr,Co-Mn-Nd-O-Sr,5,Mn,True,6ad277997fe5d5dae1551ea394d43d84c512728a59f7650d0ed1392c2fdf7840,D:\CGCNN\Mn_MultinaryOxide_GeneratorFree_Pool_2000_20260527\1218143.cif,D:\CGCNN\MP_Formation_Full_CGCNN_20260524\1218143.cif
573318,mp-573318,Mn2Pt(CO)12,-0.7885829094763721,0,0,1,C-Mn-O-Pt,C-Mn-O-Pt,4,Mn,True,8cd59242882ef0f3f59383da01bc2c2ab7893d5065e3d6c86e481a0cf3139640,D:\CGCNN\Mn_MultinaryOxide_GeneratorFree_Pool_2000_20260527\573318.cif,D:\CGCNN\MP_Formation_Full_CGCNN_20260524\573318.cif
754076,mp-754076,Li4Mn3Fe3(CoO8)2,-1.707378147397373,0,0,1,Co-Fe-Li-Mn-O,Co-Fe-Li-Mn-O,5,Mn,True,546281e68f8f1b9ffd457d69266b9db82ebf32e173af0b0fe17d89211d5515fc,D:\CGCNN\Mn_MultinaryOxide_GeneratorFree_Pool_2000_20260527\754076.cif,D:\CGCNN\MP_Formation_Full_CGCNN_20260524\754076.cif
1516248,mp-1516248,NaCaDyMnO6,-2.3317672370977,0,0,1,Ca-Dy-Mn-Na-O,Ca-Dy-Mn-Na-O,5,Mn,True,e706a02843be5c141e78a2670d47493f1668fca10fb9e0f4ffd94f994e03bb48,D:\CGCNN\Mn_MultinaryOxide_GeneratorFree_Pool_2000_20260527\1516248.cif,D:\CGCNN\MP_Formation_Full_CGCNN_20260524\1516248.cif
2210750,mp-2210750,MgMnAgO2,-1.59128216091954,0,0,1,Ag-Mg-Mn-O,Ag-Mg-Mn-O,4,Mn,True,ee863e6f7905fe84cd32c6618898df75be5af1cf7a921570fa277f344962cc00,D:\CGCNN\Mn_MultinaryOxide_GeneratorFree_Pool_2000_20260527\2210750.cif,D:\CGCNN\MP_Formation_Full_CGCNN_20260524\2210750.cif
1219299,mp-1219299,ScMn(BiO3)2,-2.282597779793104,0,0,1,Bi-Mn-O-Sc,Bi-Mn-O-Sc,4,Mn,True,a8ccf606a7436bdad2fabc55e45c88dce8e5c600ba4d0523552f3936fab18999,D:\CGCNN\Mn_MultinaryOxide_GeneratorFree_Pool_2000_20260527\1219299.cif,D:\CGCNN\MP_Formation_Full_CGCNN_20260524\1219299.cif
1204173,mp-1204173,MnBi2(IO)8,-0.544532671470054,0,0,1,Bi-I-Mn-O,Bi-I-Mn-O,4,Mn,True,329d892b98da2111385c99deaf2e698f13c84ff4630b0b2db8c10ece426d3276,D:\CGCNN\Mn_MultinaryOxide_GeneratorFree_Pool_2000_20260527\1204173.cif,D:\CGCNN\MP_Formation_Full_CGCNN_20260524\1204173.cif
1228678,mp-1228678,Ba2MnRuO6,-2.317134364793104,0,0,1,Ba-Mn-O-Ru,Ba-Mn-O-Ru,4,Mn,True,ac17b68cf37c106603e6d75fe8425d38fd2111841c2741df2e07f307e261d245,D:\CGCNN\Mn_MultinaryOxide_GeneratorFree_Pool_2000_20260527\1228678.cif,D:\CGCNN\MP_Formation_Full_CGCNN_20260524\1228678.cif
2233123,mp-2233123,KMgMn2Cr2O10,-1.911744296757003,0,0,1,Cr-K-Mg-Mn-O,Cr-K-Mg-Mn-O,5,Mn,True,833e75e594c90caad2d7e0ef51dd0abb8c87935b476d1d689f362b6a439cd58a,D:\CGCNN\Mn_MultinaryOxide_GeneratorFree_Pool_2000_20260527\2233123.cif,D:\CGCNN\MP_Formation_Full_CGCNN_20260524\2233123.cif
684803,mp-684803,Ba3La3Mn2(WO6)3,-2.85663138382283,0,1,0,Ba-La-Mn-O-W,Ba-La-Mn-O-W,5,Mn,True,bb1a11c30c43cc497e720200e37b84e89b2230c6b727950db5421ed85703d572,D:\CGCNN\Mn_MultinaryOxide_GeneratorFree_Pool_2000_20260527\684803.cif,D:\CGCNN\MP_Formation_Full_CGCNN_20260524\684803.cif
690617,mp-690617,LiMn3Al2(HO2)6,-2.048751003942768,0,0,1,Al-H-Li-Mn-O,Al-H-Li-Mn-O,5,Mn,True,dd995bbcb82dd5046cff4df477fec6334101926d74230ee58248fb3ef4ef01a1,D:\CGCNN\Mn_MultinaryOxide_GeneratorFree_Pool_2000_20260527\690617.cif,D:\CGCNN\MP_Formation_Full_CGCNN_20260524\690617.cif
1182674,mp-1182674,Ca2Mn2B4O13,-2.327273728215654,0,0,1,B-Ca-Mn-O,B-Ca-Mn-O,4,Mn,True,708e63bf16f03e42f0d73be7908650aca42bbb71d82c0184e3155a0e47638e3c,D:\CGCNN\Mn_MultinaryOxide_GeneratorFree_Pool_2000_20260527\1182674.cif,D:\CGCNN\MP_Formation_Full_CGCNN_20260524\1182674.cif
559604,mp-559604,MnC5(O2F)2,-0.892811297535921,0,0,1,C-F-Mn-O,C-F-Mn-O,4,Mn,True,6107cd4efe6b22262c3311997d6be233b16f77f4845278645c2c45e57d092da4,D:\CGCNN\Mn_MultinaryOxide_GeneratorFree_Pool_2000_20260527\559604.cif,D:\CGCNN\MP_Formation_Full_CGCNN_20260524\559604.cif
1346226,mp-1346226,CaMn2(P2O7)2,-2.652405278306357,0,1,0,Ca-Mn-O-P,Ca-Mn-O-P,4,Mn,True,53c70f42f80fc6ce56b9c1a37edb4ca33494bbbead990407189fe3513e4dfadb,D:\CGCNN\Mn_MultinaryOxide_GeneratorFree_Pool_2000_20260527\1346226.cif,D:\CGCNN\MP_Formation_Full_CGCNN_20260524\1346226.cif
1221274,mp-1221274,Na4Ca7MnSi12(HO9)4,-3.050899240444504,0,1,0,Ca-H-Mn-Na-O-Si,Ca-H-Mn-Na-O-Si,6,Mn,True,912cdc075d40dd710ebbb649b8722aadff23cab6474c80487a0284f0acc9e3a3,D:\CGCNN\Mn_MultinaryOxide_GeneratorFree_Pool_2000_20260527\1221274.cif,D:\CGCNN\MP_Formation_Full_CGCNN_20260524\1221274.cif
1214390,mp-1214390,Cs2Mn2Cr3O12,-1.7685085167196002,0,0,1,Cr-Cs-Mn-O,Cr-Cs-Mn-O,4,Mn,True,f6b3c89d7fb1824f99b97cde9f8a61e682699b00e55f5a2ba179d486131fe93f,D:\CGCNN\Mn_MultinaryOxide_GeneratorFree_Pool_2000_20260527\1214390.cif,D:\CGCNN\MP_Formation_Full_CGCNN_20260524\1214390.cif
1036400,mp-1036400,CaMg14MnO16,-2.950930368685345,0,1,0,Ca-Mg-Mn-O,Ca-Mg-Mn-O,4,Mn,True,bdbc8b774579e5963822094c5b84e225d8cdf3669f1e77989b58c3b2d48968d0,D:\CGCNN\Mn_MultinaryOxide_GeneratorFree_Pool_2000_20260527\1036400.cif,D:\CGCNN\MP_Formation_Full_CGCNN_20260524\1036400.cif
775298,mp-775298,Li4Mn2Cr3Sn3O16,-2.166163214792693,0,0,1,Cr-Li-Mn-O-Sn,Cr-Li-Mn-O-Sn,5,Mn,True,29be1dbeba3f05df3cec00311c7fcabbb7274437bfb2fc72099ad463cd6bd3c4,D:\CGCNN\Mn_MultinaryOxide_GeneratorFree_Pool_2000_20260527\775298.cif,D:\CGCNN\MP_Formation_Full_CGCNN_20260524\775298.cif
22213,mp-22213,MnSn(BO3)2,-2.498980624126437,1,0,0,B-Mn-O-Sn,B-Mn-O-Sn,4,Mn,True,07f90058fd757908ce9ec45567075697d5ca25cc2162a6a49a51525849578fe2,D:\CGCNN\Mn_MultinaryOxide_GeneratorFree_Pool_2000_20260527\22213.cif,D:\CGCNN\MP_Formation_Full_CGCNN_20260524\22213.cif
1195006,mp-1195006,K2Mn3V2CO11,-2.274091620699637,0,0,1,C-K-Mn-O-V,C-K-Mn-O-V,5,Mn,True,d84100db72a096b013c4836c68e1a5dc2de3eb81bbf9a61ef436cf570e99f778,D:\CGCNN\Mn_MultinaryOxide_GeneratorFree_Pool_2000_20260527\1195006.cif,D:\CGCNN\MP_Formation_Full_CGCNN_20260524\1195006.cif
861478,mp-861478,Li4Mn3Nb(PO4)4,-2.540446428774924,1,0,0,Li-Mn-Nb-O-P,Li-Mn-Nb-O-P,5,Mn,True,06e38ee14c791513f0a4004a76813d63982a5e145288261f4a86e6dce8a99b2b,D:\CGCNN\Mn_MultinaryOxide_GeneratorFree_Pool_2000_20260527\861478.cif,D:\CGCNN\MP_Formation_Full_CGCNN_20260524\861478.cif
706248,mp-706248,Ca6Pr6Mn11CrO36,-2.752354378787357,0,1,0,Ca-Cr-Mn-O-Pr,Ca-Cr-Mn-O-Pr,5,Mn,True,8fc2884e0eb9485928ac1cddb82d5f847592d9fa52d3bfaa501c140d24c859b3,D:\CGCNN\Mn_MultinaryOxide_GeneratorFree_Pool_2000_20260527\706248.cif,D:\CGCNN\MP_Formation_Full_CGCNN_20260524\706248.cif
1227930,mp-1227930,BaLaSmMn3O9,-2.796751835252873,0,1,0,Ba-La-Mn-O-Sm,Ba-La-Mn-O-Sm,5,Mn,True,3ca49c7ffab97ea2656e00f9201cce039c60672167e6b1adc8a8b3d0d911f057,D:\CGCNN\Mn_MultinaryOxide_GeneratorFree_Pool_2000_20260527\1227930.cif,D:\CGCNN\MP_Formation_Full_CGCNN_20260524\1227930.cif
1228000,mp-1228000,Ca2Mn7Si10H12O35,-2.49437340084117,1,0,0,Ca-H-Mn-O-Si,Ca-H-Mn-O-Si,5,Mn,True,8da9e9b267ef36df1c173a8675f370429f5752a7478ce36360d66446c2586e13,D:\CGCNN\Mn_MultinaryOxide_GeneratorFree_Pool_2000_20260527\1228000.cif,D:\CGCNN\MP_Formation_Full_CGCNN_20260524\1228000.cif
1203956,mp-1203956,MnSnH16C6S3O11,-1.041971005735026,0,0,1,C-H-Mn-O-S-Sn,C-H-Mn-O-S-Sn,6,Mn,True,7734e1609ff5897f3ca9edc567a5def9126dabac47b7c22dda83028c4543f96d,D:\CGCNN\Mn_MultinaryOxide_GeneratorFree_Pool_2000_20260527\1203956.cif,D:\CGCNN\MP_Formation_Full_CGCNN_20260524\1203956.cif
1227572,mp-1227572,Ca2HoMn4BiO12,-2.476970103336207,1,0,0,Bi-Ca-Ho-Mn-O,Bi-Ca-Ho-Mn-O,5,Mn,True,5b7f24febd603c987e48c4bbf2154e4f62ed2288cae6bb84d0ef74efef368ded,D:\CGCNN\Mn_MultinaryOxide_GeneratorFree_Pool_2000_20260527\1227572.cif,D:\CGCNN\MP_Formation_Full_CGCNN_20260524\1227572.cif
1204299,mp-1204299,Na2GdMnAs2O9,-2.326703064045977,0,0,1,As-Gd-Mn-Na-O,As-Gd-Mn-Na-O,5,Mn,True,04e054c41d83bb058bcf2d7c1d71d21d22e89df38842fc49cc408fcaa300866f,D:\CGCNN\Mn_MultinaryOxide_GeneratorFree_Pool_2000_20260527\1204299.cif,D:\CGCNN\MP_Formation_Full_CGCNN_20260524\1204299.cif
17445,mp-17445,RbBaMnO4,-2.220856379347291,0,0,1,Ba-Mn-O-Rb,Ba-Mn-O-Rb,4,Mn,True,9ca0d70ffd4425f4bd5d896d8c5732acf4b4bf6f46988c4d18d597f6c2352480,D:\CGCNN\Mn_MultinaryOxide_GeneratorFree_Pool_2000_20260527\17445.cif,D:\CGCNN\MP_Formation_Full_CGCNN_20260524\17445.cif
1522194,mp-1522194,CaEuMnCoO6,-1.172503775043104,0,0,1,Ca-Co-Eu-Mn-O,Ca-Co-Eu-Mn-O,5,Mn,True,6219278a677b4973a41d5423639a046a801f306218a4f0974d200dab4b687835,D:\CGCNN\Mn_MultinaryOxide_GeneratorFree_Pool_2000_20260527\1522194.cif,D:\CGCNN\MP_Formation_Full_CGCNN_20260524\1522194.cif
1180441,mp-1180441,MnAu2C4(N2O)2,0.259015315543766,0,0,1,Au-C-Mn-N-O,Au-C-Mn-N-O,5,Mn,True,4f763e02dbd640c21866e60ee6b93d688192b683d90de1b0a53feef2dbde3f36,D:\CGCNN\Mn_MultinaryOxide_GeneratorFree_Pool_2000_20260527\1180441.cif,D:\CGCNN\MP_Formation_Full_CGCNN_20260524\1180441.cif
1522193,mp-1522193,KBaSmMnO6,-2.376886704018103,0,0,1,Ba-K-Mn-O-Sm,Ba-K-Mn-O-Sm,5,Mn,True,1cba24bf1b33a538fc12b04f7ec643d771a9781db3ffc9088fef3c8f295af678,D:\CGCNN\Mn_MultinaryOxide_GeneratorFree_Pool_2000_20260527\1522193.cif,D:\CGCNN\MP_Formation_Full_CGCNN_20260524\1522193.cif
1516574,mp-1516574,CaMnSnWO6,-2.198747393293102,0,0,1,Ca-Mn-O-Sn-W,Ca-Mn-O-Sn-W,5,Mn,True,6e93b38db9bd092351f4f6d2e6019c6233221e36cb273df00dc3d4124483c72f,D:\CGCNN\Mn_MultinaryOxide_GeneratorFree_Pool_2000_20260527\1516574.cif,D:\CGCNN\MP_Formation_Full_CGCNN_20260524\1516574.cif
1189894,mp-1189894,Y2MnCoO6,-2.834619458793103,0,1,0,Co-Mn-O-Y,Co-Mn-O-Y,4,Mn,True,41b08e626bec01b31f0e2b449c793ba60aee59306828b9ce7bd6d73712f296f6,D:\CGCNN\Mn_MultinaryOxide_GeneratorFree_Pool_2000_20260527\1189894.cif,D:\CGCNN\MP_Formation_Full_CGCNN_20260524\1189894.cif
560917,mp-560917,Mn13Al4Si2(SbO14)2,-2.487269709451091,1,0,0,Al-Mn-O-Sb-Si,Al-Mn-O-Sb-Si,5,Mn,True,8bfbab3886f219c9534f2d2c7a841c9c3b24fa1c0c2403999704603cabe09578,D:\CGCNN\Mn_MultinaryOxide_GeneratorFree_Pool_2000_20260527\560917.cif,D:\CGCNN\MP_Formation_Full_CGCNN_20260524\560917.cif
1200751,mp-1200751,MnBP(HO3)2,-2.288084367355202,0,0,1,B-H-Mn-O-P,B-H-Mn-O-P,5,Mn,True,3fa730b024499c9e4465a842b5182149e63eac8a709593e35eceb2de9f72105e,D:\CGCNN\Mn_MultinaryOxide_GeneratorFree_Pool_2000_20260527\1200751.cif,D:\CGCNN\MP_Formation_Full_CGCNN_20260524\1200751.cif
735626,mp-735626,Ca2Mn3P3H6O17,-2.125954738071667,0,0,1,Ca-H-Mn-O-P,Ca-H-Mn-O-P,5,Mn,True,c6a0a795217de39da0d1d441cbaa23b1ad7e16dfb33d71678a15c811e7e00f0e,D:\CGCNN\Mn_MultinaryOxide_GeneratorFree_Pool_2000_20260527\735626.cif,D:\CGCNN\MP_Formation_Full_CGCNN_20260524\735626.cif
1218651,mp-1218651,Sr4Mn2Ga2O11,-2.53692582136116,1,0,0,Ga-Mn-O-Sr,Ga-Mn-O-Sr,4,Mn,True,92b96dd3b05f92c3fda744515b7f9bf1893ba5597b7f80ec555aff953ca7d726,D:\CGCNN\Mn_MultinaryOxide_GeneratorFree_Pool_2000_20260527\1218651.cif,D:\CGCNN\MP_Formation_Full_CGCNN_20260524\1218651.cif
1227223,mp-1227223,CaMnV4(CuO6)2,-2.224869395896552,0,0,1,Ca-Cu-Mn-O-V,Ca-Cu-Mn-O-V,5,Mn,True,74ea00bd9b752367a6e39cf56249405f3f16c3882a92805d1f8c76b48d9fdb46,D:\CGCNN\Mn_MultinaryOxide_GeneratorFree_Pool_2000_20260527\1227223.cif,D:\CGCNN\MP_Formation_Full_CGCNN_20260524\1227223.cif
1221227,mp-1221227,Na3MnCoNiO6,-1.630569634339079,0,0,1,Co-Mn-Na-Ni-O,Co-Mn-Na-Ni-O,5,Mn,True,378005901eee9bb1fe8b28532caa8906da046a58bec0af5668f2fbeb33f1fd03,D:\CGCNN\Mn_MultinaryOxide_GeneratorFree_Pool_2000_20260527\1221227.cif,D:\CGCNN\MP_Formation_Full_CGCNN_20260524\1221227.cif
546798,mp-546798,MnClO3,-0.840291030586207,0,0,1,Cl-Mn-O,Cl-Mn-O,3,Mn,True,d6d4316079f46c5a8c185c582e1ebf65e653775dea673c68715a274ba90bda4c,D:\CGCNN\Mn_MultinaryOxide_GeneratorFree_Pool_2000_20260527\546798.cif,D:\CGCNN\MP_Formation_Full_CGCNN_20260524\546798.cif
19502,mp-19502,BaTi18Mn3O38,-3.332654179396551,0,1,0,Ba-Mn-O-Ti,Ba-Mn-O-Ti,4,Mn,True,f16d03ca66642e2bcc7ffc0021331fb3ad6f8b7210e6029d2afb4ff2bfd4837e,D:\CGCNN\Mn_MultinaryOxide_GeneratorFree_Pool_2000_20260527\19502.cif,D:\CGCNN\MP_Formation_Full_CGCNN_20260524\19502.cif
771092,mp-771092,Li6Mn3Cr(PO4)6,-2.536803308541255,1,0,0,Cr-Li-Mn-O-P,Cr-Li-Mn-O-P,5,Mn,True,941ebb31bd983bf8f07822604eb7618e6e969202135c74e1bfb27b2e8b3217bb,D:\CGCNN\Mn_MultinaryOxide_GeneratorFree_Pool_2000_20260527\771092.cif,D:\CGCNN\MP_Formation_Full_CGCNN_20260524\771092.cif
1211939,mp-1211939,Mn2Fe5Si8(HO12)2,-2.514432849472246,1,0,0,Fe-H-Mn-O-Si,Fe-H-Mn-O-Si,5,Mn,True,90c991d7d78ae88fc52d877fb7354177e2eef87851953c597ba1fb0247c40375,D:\CGCNN\Mn_MultinaryOxide_GeneratorFree_Pool_2000_20260527\1211939.cif,D:\CGCNN\MP_Formation_Full_CGCNN_20260524\1211939.cif
18554,mp-18554,Mn4Be3Si3SeO12,-2.749166153002953,0,1,0,Be-Mn-O-Se-Si,Be-Mn-O-Se-Si,5,Mn,True,ff2fe1df29a3132c5411300954ec987df06b03f7e598b44c69cc7081cc300fec,D:\CGCNN\Mn_MultinaryOxide_GeneratorFree_Pool_2000_20260527\18554.cif,D:\CGCNN\MP_Formation_Full_CGCNN_20260524\18554.cif
1222044,mp-1222044,MnBi12W2(ClO8)3,-1.789078247569786,0,0,1,Bi-Cl-Mn-O-W,Bi-Cl-Mn-O-W,5,Mn,True,86506605ece04fcc7557204ebf19adce734f99d2c5e3c5bc0894aba9eadf697f,D:\CGCNN\Mn_MultinaryOxide_GeneratorFree_Pool_2000_20260527\1222044.cif,D:\CGCNN\MP_Formation_Full_CGCNN_20260524\1222044.cif
559195,mp-559195,SmMnSe2ClO6,-2.099794565692593,0,0,1,Cl-Mn-O-Se-Sm,Cl-Mn-O-Se-Sm,5,Mn,True,2e02f7815a811c76d8e1ed35d5971112dfff7891acbb92abb13c0ae857df3ca0,D:\CGCNN\Mn_MultinaryOxide_GeneratorFree_Pool_2000_20260527\559195.cif,D:\CGCNN\MP_Formation_Full_CGCNN_20260524\559195.cif
1247679,mp-1247679,SrCa7Mn6Al2O21,-2.70979872000233,0,1,0,Al-Ca-Mn-O-Sr,Al-Ca-Mn-O-Sr,5,Mn,True,445681b632f37ba035e467847853e11a5ecf065916d026edbbaef0169edf27fc,D:\CGCNN\Mn_MultinaryOxide_GeneratorFree_Pool_2000_20260527\1247679.cif,D:\CGCNN\MP_Formation_Full_CGCNN_20260524\1247679.cif
1177025,mp-1177025,Li6Mn3Co(PO4)6,-2.462854416041255,0,0,1,Co-Li-Mn-O-P,Co-Li-Mn-O-P,5,Mn,True,eca234381c58fc0bebe49807f1800ea9e9ac059f2c06be970bd49c361cdb9151,D:\CGCNN\Mn_MultinaryOxide_GeneratorFree_Pool_2000_20260527\1177025.cif,D:\CGCNN\MP_Formation_Full_CGCNN_20260524\1177025.cif
1196709,mp-1196709,Mn2NbC8(NO)8,0.414401050338441,0,0,1,C-Mn-N-Nb-O,C-Mn-N-Nb-O,5,Mn,True,9339cc7e1ade8476d1b20c2ce20d9bb0eab5a4be39237511aa716dc0b452254a,D:\CGCNN\Mn_MultinaryOxide_GeneratorFree_Pool_2000_20260527\1196709.cif,D:\CGCNN\MP_Formation_Full_CGCNN_20260524\1196709.cif
769474,mp-769474,Na2MnPCO7,-2.29930241940271,0,0,1,C-Mn-Na-O-P,C-Mn-Na-O-P,5,Mn,True,b8fea4e1ac7a6cf2bf42452e0571c96b5fc017cf0e99c658ed211af4a38efeb7,D:\CGCNN\Mn_MultinaryOxide_GeneratorFree_Pool_2000_20260527\769474.cif,D:\CGCNN\MP_Formation_Full_CGCNN_20260524\769474.cif
1204766,mp-1204766,CaMg2MnFe2(P2O13)2,-1.641292747263957,0,0,1,Ca-Fe-Mg-Mn-O-P,Ca-Fe-Mg-Mn-O-P,6,Mn,True,c70253ba487161800394c66531d73d0b480a29b8cb8182e570d2eaeda0b04704,D:\CGCNN\Mn_MultinaryOxide_GeneratorFree_Pool_2000_20260527\1204766.cif,D:\CGCNN\MP_Formation_Full_CGCNN_20260524\1204766.cif
1211470,mp-1211470,Mn3Al2(GeO4)3,-2.453935854689654,0,0,1,Al-Ge-Mn-O,Al-Ge-Mn-O,4,Mn,True,552828c86eb1fbdc05c13b33472449b8f51ed7ed6a33e0f880974e862be6b371,D:\CGCNN\Mn_MultinaryOxide_GeneratorFree_Pool_2000_20260527\1211470.cif,D:\CGCNN\MP_Formation_Full_CGCNN_20260524\1211470.cif
1043484,mp-1043484,CaMn(GeO3)2,-2.447887774293105,0,0,1,Ca-Ge-Mn-O,Ca-Ge-Mn-O,4,Mn,True,6ba69460a573d205549a7e2ba6380dec97c9d8e4f8e470397c534ff0c7700e10,D:\CGCNN\Mn_MultinaryOxide_GeneratorFree_Pool_2000_20260527\1043484.cif,D:\CGCNN\MP_Formation_Full_CGCNN_20260524\1043484.cif
558968,mp-558968,Mn2P2C12S(O2F3)4,-1.230662038112102,0,0,1,C-F-Mn-O-P-S,C-F-Mn-O-P-S,6,Mn,True,b3bf83e242e9f231983c10f6623e0db5ae315b18edda51ec9d57118d0e3ee411,D:\CGCNN\Mn_MultinaryOxide_GeneratorFree_Pool_2000_20260527\558968.cif,D:\CGCNN\MP_Formation_Full_CGCNN_20260524\558968.cif
1202382,mp-1202382,Mn2Fe(CO)14,-0.7294621018020021,0,0,1,C-Fe-Mn-O,C-Fe-Mn-O,4,Mn,True,6ea03e8c947826eaf6c0ef3d414e8216c8af35f22331b58619e70f26a8c2054f,D:\CGCNN\Mn_MultinaryOxide_GeneratorFree_Pool_2000_20260527\1202382.cif,D:\CGCNN\MP_Formation_Full_CGCNN_20260524\1202382.cif
643670,mp-643670,Mn2In(CO)9,-0.724595617501368,0,0,1,C-In-Mn-O,C-In-Mn-O,4,Mn,True,e572dd9d0b741432c62b23f39869d0a7ac1777098e51e2bbe11206b5ec2d5f40,D:\CGCNN\Mn_MultinaryOxide_GeneratorFree_Pool_2000_20260527\643670.cif,D:\CGCNN\MP_Formation_Full_CGCNN_20260524\643670.cif
705288,mp-705288,La5Mn7Co(PbO8)3,-2.458433042012932,0,0,1,Co-La-Mn-O-Pb,Co-La-Mn-O-Pb,5,Mn,True,8abfee1d1e2d77110e88c135f64c1e43956fb91e79a289c4515694f3a0f1b3ed,D:\CGCNN\Mn_MultinaryOxide_GeneratorFree_Pool_2000_20260527\705288.cif,D:\CGCNN\MP_Formation_Full_CGCNN_20260524\705288.cif
771061,mp-771061,MnFeBO4,-2.186021626013957,0,0,1,B-Fe-Mn-O,B-Fe-Mn-O,4,Mn,True,56e5c43cfb17d98924056d9ccb5dbf9b6fe93cbb693e18c6c0fa52b2bfd52a2a,D:\CGCNN\Mn_MultinaryOxide_GeneratorFree_Pool_2000_20260527\771061.cif,D:\CGCNN\MP_Formation_Full_CGCNN_20260524\771061.cif
1190924,mp-1190924,Mn2BrO3,-1.600250110977011,0,0,1,Br-Mn-O,Br-Mn-O,3,Mn,True,bf9b03f1db46ed4859e1f7a81efa84d1e4948b2b891e7e6021eaeb4d0a73cb6f,D:\CGCNN\Mn_MultinaryOxide_GeneratorFree_Pool_2000_20260527\1190924.cif,D:\CGCNN\MP_Formation_Full_CGCNN_20260524\1190924.cif
19314,mp-19314,Mn4Be3Si3SO12,-2.760727641488006,0,1,0,Be-Mn-O-S-Si,Be-Mn-O-S-Si,5,Mn,True,d927a8fd796c42dc1b596e0cb15b509a75b9f39b790d4723886a386ecf45fc61,D:\CGCNN\Mn_MultinaryOxide_GeneratorFree_Pool_2000_20260527\19314.cif,D:\CGCNN\MP_Formation_Full_CGCNN_20260524\19314.cif
776269,mp-776269,Li4Mn3Cr3(CoO8)2,-1.969868105968802,0,0,1,Co-Cr-Li-Mn-O,Co-Cr-Li-Mn-O,5,Mn,True,92d9d05d71dbed9ef70ddc32981105e4fe3fda413e4e55099e58a19d30e7f6d9,D:\CGCNN\Mn_MultinaryOxide_GeneratorFree_Pool_2000_20260527\776269.cif,D:\CGCNN\MP_Formation_Full_CGCNN_20260524\776269.cif
2230458,mp-2230458,MgMnV4CoO12,-2.106068076996369,0,0,1,Co-Mg-Mn-O-V,Co-Mg-Mn-O-V,5,Mn,True,ee354acce418ead8e33b874bf59d35197593402fd423d3d61c6db1905d3307a3,D:\CGCNN\Mn_MultinaryOxide_GeneratorFree_Pool_2000_20260527\2230458.cif,D:\CGCNN\MP_Formation_Full_CGCNN_20260524\2230458.cif
1399724,mp-1399724,MnAlO3,-1.430634494586207,0,0,1,Al-Mn-O,Al-Mn-O,3,Mn,True,2f98ad57208e042894de4f932fe8b57cf75dd774f0b3edb40a03464e2220cc84,D:\CGCNN\Mn_MultinaryOxide_GeneratorFree_Pool_2000_20260527\1399724.cif,D:\CGCNN\MP_Formation_Full_CGCNN_20260524\1399724.cif
1228205,mp-1228205,Ba4CaMn2MoO12,-2.6781583037931043,0,1,0,Ba-Ca-Mn-Mo-O,Ba-Ca-Mn-Mo-O,5,Mn,True,2c0dd6905fdf024953205b21ece1b039e8237321a793cb425b7a93027570ef23,D:\CGCNN\Mn_MultinaryOxide_GeneratorFree_Pool_2000_20260527\1228205.cif,D:\CGCNN\MP_Formation_Full_CGCNN_20260524\1228205.cif
745107,mp-745107,Ca2MnAl2Si3HO13,-3.1185331772355,0,1,0,Al-Ca-H-Mn-O-Si,Al-Ca-H-Mn-O-Si,6,Mn,True,3ddfb2bfb9cc352c94194afc8530f45bec73180fea53472c57b27bd79b814cbb,D:\CGCNN\Mn_MultinaryOxide_GeneratorFree_Pool_2000_20260527\745107.cif,D:\CGCNN\MP_Formation_Full_CGCNN_20260524\745107.cif
1221366,mp-1221366,MnNi5(BO5)2,-1.792433630070243,0,0,1,B-Mn-Ni-O,B-Mn-Ni-O,4,Mn,True,74f968618bc14a029a2101e55e1f0fd0f6ced2d9fc32fa1ceb0b9deec14e3012,D:\CGCNN\Mn_MultinaryOxide_GeneratorFree_Pool_2000_20260527\1221366.cif,D:\CGCNN\MP_Formation_Full_CGCNN_20260524\1221366.cif
1275931,mp-1275931,CaLaMn2O6,-2.762196335086207,0,1,0,Ca-La-Mn-O,Ca-La-Mn-O,4,Mn,True,58f0f0d4455570fe68b3ca981a8a0e899fb25d32fc2669b69f3f3d5a13b1f7f4,D:\CGCNN\Mn_MultinaryOxide_GeneratorFree_Pool_2000_20260527\1275931.cif,D:\CGCNN\MP_Formation_Full_CGCNN_20260524\1275931.cif
1228499,mp-1228499,BaMn2Fe4O11,-1.9142115561590032,0,0,1,Ba-Fe-Mn-O,Ba-Fe-Mn-O,4,Mn,True,9dbf1ca90693ae88f44136eb93ec25e09a01a3f17f38f4027f4bd90079e43484,D:\CGCNN\Mn_MultinaryOxide_GeneratorFree_Pool_2000_20260527\1228499.cif,D:\CGCNN\MP_Formation_Full_CGCNN_20260524\1228499.cif
1247595,mp-1247595,SrCa7Mn7CrO23,-2.463294266679928,0,0,1,Ca-Cr-Mn-O-Sr,Ca-Cr-Mn-O-Sr,5,Mn,True,d9e0fdd53742dccbe2592441be31eaf024957a4b64c693c1146420e918bcc2c3,D:\CGCNN\Mn_MultinaryOxide_GeneratorFree_Pool_2000_20260527\1247595.cif,D:\CGCNN\MP_Formation_Full_CGCNN_20260524\1247595.cif
2222873,mp-2222873,BaPrMgMn2O5,-2.317402992752873,0,0,1,Ba-Mg-Mn-O-Pr,Ba-Mg-Mn-O-Pr,5,Mn,True,9b1292a9b54bff85c1f0b30a3b5fa607fde3d43a46129d640db39ad8da2e34dd,D:\CGCNN\Mn_MultinaryOxide_GeneratorFree_Pool_2000_20260527\2222873.cif,D:\CGCNN\MP_Formation_Full_CGCNN_20260524\2222873.cif
1200431,mp-1200431,BaTbMn2O6,-2.674138433002873,0,1,0,Ba-Mn-O-Tb,Ba-Mn-O-Tb,4,Mn,True,9f07e3d6e54c364822c928add51096cc740b5b28bd8307da39b384ae9d649945,D:\CGCNN\Mn_MultinaryOxide_GeneratorFree_Pool_2000_20260527\1200431.cif,D:\CGCNN\MP_Formation_Full_CGCNN_20260524\1200431.cif
653429,mp-653429,Mn7FeCl3O10,-1.9032996476436792,0,0,1,Cl-Fe-Mn-O,Cl-Fe-Mn-O,4,Mn,True,db3950ea517881ae0d6782415a65d4eec9e2da8e4275e4d5e8447e9196df18ef,D:\CGCNN\Mn_MultinaryOxide_GeneratorFree_Pool_2000_20260527\653429.cif,D:\CGCNN\MP_Formation_Full_CGCNN_20260524\653429.cif
556632,mp-556632,Ba4PrMn3O12,-2.624391536772987,0,1,0,Ba-Mn-O-Pr,Ba-Mn-O-Pr,4,Mn,True,f25aadac3dfee0590badb412f26763b3b07e3e90468975fce3265bd1206b8f86,D:\CGCNN\Mn_MultinaryOxide_GeneratorFree_Pool_2000_20260527\556632.cif,D:\CGCNN\MP_Formation_Full_CGCNN_20260524\556632.cif
1227378,mp-1227378,BaTiMnBiO6,-2.495050769126437,1,0,0,Ba-Bi-Mn-O-Ti,Ba-Bi-Mn-O-Ti,5,Mn,True,64561882bcc25204b606e521ead6ec0b79ff6496a80a7d6b4ef9345a035697e2,D:\CGCNN\Mn_MultinaryOxide_GeneratorFree_Pool_2000_20260527\1227378.cif,D:\CGCNN\MP_Formation_Full_CGCNN_20260524\1227378.cif
1523324,mp-1523324,Sr2MnSnO6,-2.507411429293104,1,0,0,Mn-O-Sn-Sr,Mn-O-Sn-Sr,4,Mn,True,bd65aee5002dc71c067232342452079c334700daea7480cf71898346e7a98582,D:\CGCNN\Mn_MultinaryOxide_GeneratorFree_Pool_2000_20260527\1523324.cif,D:\CGCNN\MP_Formation_Full_CGCNN_20260524\1523324.cif
1522791,mp-1522791,SrCaMnNbO6,-2.913664076793104,0,1,0,Ca-Mn-Nb-O-Sr,Ca-Mn-Nb-O-Sr,5,Mn,True,3c94c7b23a07871f84eb07709fd47de565c1272f7a68467f48e80e1961cc5ed7,D:\CGCNN\Mn_MultinaryOxide_GeneratorFree_Pool_2000_20260527\1522791.cif,D:\CGCNN\MP_Formation_Full_CGCNN_20260524\1522791.cif
1215056,mp-1215056,BaMn5(SO4)6,-2.157960226240422,0,0,1,Ba-Mn-O-S,Ba-Mn-O-S,4,Mn,True,0998e8dd6f27356d0990233e30ae470872f582b170bc97ab31c11e6622dfb4f6,D:\CGCNN\Mn_MultinaryOxide_GeneratorFree_Pool_2000_20260527\1215056.cif,D:\CGCNN\MP_Formation_Full_CGCNN_20260524\1215056.cif
1197208,mp-1197208,Sr9Mn5Co2O21,-2.530038271071761,1,0,0,Co-Mn-O-Sr,Co-Mn-O-Sr,4,Mn,True,43ed7b2a56e3a7bdca69ec2f0d0e47cade9b3a8080498f7da6a23233eae623ba,D:\CGCNN\Mn_MultinaryOxide_GeneratorFree_Pool_2000_20260527\1197208.cif,D:\CGCNN\MP_Formation_Full_CGCNN_20260524\1197208.cif
1247615,mp-1247615,Ca4Mn3CrO11,-2.552159452041742,1,0,0,Ca-Cr-Mn-O,Ca-Cr-Mn-O,4,Mn,True,5d612019bf4b0aa7b525d226d43e07b8dacf92430909384602b0ff7cd840c747,D:\CGCNN\Mn_MultinaryOxide_GeneratorFree_Pool_2000_20260527\1247615.cif,D:\CGCNN\MP_Formation_Full_CGCNN_20260524\1247615.cif
2217716,mp-2217716,BaNdMgMn2O6,-2.549959368032915,1,0,0,Ba-Mg-Mn-Nd-O,Ba-Mg-Mn-Nd-O,5,Mn,True,32166722afd06ec11f66db54c8367d9407f0137f81c13b26e17f5a88c48ee689,D:\CGCNN\Mn_MultinaryOxide_GeneratorFree_Pool_2000_20260527\2217716.cif,D:\CGCNN\MP_Formation_Full_CGCNN_20260524\2217716.cif
764613,mp-764613,Li4MnFe3(PO4)4,-2.516110434279849,1,0,0,Fe-Li-Mn-O-P,Fe-Li-Mn-O-P,5,Mn,True,b6dd802c42101c9a0ad1cfb2a1c554ca9b4e1dd13432a47dc62f0ee5ff7866a4,D:\CGCNN\Mn_MultinaryOxide_GeneratorFree_Pool_2000_20260527\764613.cif,D:\CGCNN\MP_Formation_Full_CGCNN_20260524\764613.cif
510570,mp-510570,CaMn4(CuO4)3,-1.726377317086206,0,0,1,Ca-Cu-Mn-O,Ca-Cu-Mn-O,4,Mn,True,6db04f5b84e81aa5bec925b2f8bca89a435d60dcab3867d5db57c54ba605423b,D:\CGCNN\Mn_MultinaryOxide_GeneratorFree_Pool_2000_20260527\510570.cif,D:\CGCNN\MP_Formation_Full_CGCNN_20260524\510570.cif
1214549,mp-1214549,Ba3MnO5,-2.610039494214559,0,1,0,Ba-Mn-O,Ba-Mn-O,3,Mn,True,4d8d7db8a439599c79bdf9bcbe156945ec2a40173a51d9ee3936d792c86fb95f,D:\CGCNN\Mn_MultinaryOxide_GeneratorFree_Pool_2000_20260527\1214549.cif,D:\CGCNN\MP_Formation_Full_CGCNN_20260524\1214549.cif
1203724,mp-1203724,Na3LaMn3(AsO5)3,-2.211008918617241,0,0,1,As-La-Mn-Na-O,As-La-Mn-Na-O,5,Mn,True,cb3941e8f4e8984efd63ca057df70de0d80962f84a2bc8015d8ab134452dc03f,D:\CGCNN\Mn_MultinaryOxide_GeneratorFree_Pool_2000_20260527\1203724.cif,D:\CGCNN\MP_Formation_Full_CGCNN_20260524\1203724.cif
862748,mp-862748,Sr2MnZn2(AsO)2,-1.503426578103449,0,0,1,As-Mn-O-Sr-Zn,As-Mn-O-Sr-Zn,5,Mn,True,11c181dcd464363bacfbf6dd9648b91e75136a1e78c842f0a705d59a02507cd4,D:\CGCNN\Mn_MultinaryOxide_GeneratorFree_Pool_2000_20260527\862748.cif,D:\CGCNN\MP_Formation_Full_CGCNN_20260524\862748.cif
1048457,mp-1048457,Ba2Mn2AlTlO7,-2.171155513399646,0,0,1,Al-Ba-Mn-O-Tl,Al-Ba-Mn-O-Tl,5,Mn,True,1330f7760b316b5e74cd625f919b94f479b7cf1ef4bc913b1ae6c53e36276e87,D:\CGCNN\Mn_MultinaryOxide_GeneratorFree_Pool_2000_20260527\1048457.cif,D:\CGCNN\MP_Formation_Full_CGCNN_20260524\1048457.cif
1197780,mp-1197780,KMnBP2H2O9,-2.434629455070838,0,0,1,B-H-K-Mn-O-P,B-H-K-Mn-O-P,6,Mn,True,8d4cc210b14f7428c4489116e9756bc19883ced384bc33f2af9bbb365a48944c,D:\CGCNN\Mn_MultinaryOxide_GeneratorFree_Pool_2000_20260527\1197780.cif,D:\CGCNN\MP_Formation_Full_CGCNN_20260524\1197780.cif
1196143,mp-1196143,Na2U2MnH8(C3O7)4,-1.785333562277163,0,0,1,C-H-Mn-Na-O-U,C-H-Mn-Na-O-U,6,Mn,True,12af644585e3e93bd6716cf839869d8a5f63f8b80387a751e891159dfaad5c4b,D:\CGCNN\Mn_MultinaryOxide_GeneratorFree_Pool_2000_20260527\1196143.cif,D:\CGCNN\MP_Formation_Full_CGCNN_20260524\1196143.cif
19882,mp-19882,MnBPbO4,-2.216731743156814,0,0,1,B-Mn-O-Pb,B-Mn-O-Pb,4,Mn,True,627c85641e8f1b50dbc9c48464134f45db531a6ab6b547ea93a65c9684459ea9,D:\CGCNN\Mn_MultinaryOxide_GeneratorFree_Pool_2000_20260527\19882.cif,D:\CGCNN\MP_Formation_Full_CGCNN_20260524\19882.cif
1192277,mp-1192277,MnC5IO5,-0.7939005556609201,0,0,1,C-I-Mn-O,C-I-Mn-O,4,Mn,True,5e25b87819e380a130c16857dd8de53431347adbf731f573a200e75b16d8eb17,D:\CGCNN\Mn_MultinaryOxide_GeneratorFree_Pool_2000_20260527\1192277.cif,D:\CGCNN\MP_Formation_Full_CGCNN_20260524\1192277.cif
1191373,mp-1191373,MgMn2As2(PbO9)2,-1.003731672634483,0,0,1,As-Mg-Mn-O-Pb,As-Mg-Mn-O-Pb,5,Mn,True,856ddc169182750bd61790197ee6b16c360115600f73bc624c0056ba6cef004c,D:\CGCNN\Mn_MultinaryOxide_GeneratorFree_Pool_2000_20260527\1191373.cif,D:\CGCNN\MP_Formation_Full_CGCNN_20260524\1191373.cif
757199,mp-757199,Li4MnNb2WO12,-2.503374487063219,1,0,0,Li-Mn-Nb-O-W,Li-Mn-Nb-O-W,5,Mn,True,6d2f0da29b43e23b3d9c4940cba618da818d5dc93abc4dc6973d30d68b1db9d2,D:\CGCNN\Mn_MultinaryOxide_GeneratorFree_Pool_2000_20260527\757199.cif,D:\CGCNN\MP_Formation_Full_CGCNN_20260524\757199.cif
1177395,mp-1177395,Li4Mn3CoCu2(PO4)6,-2.312346233624589,0,0,1,Co-Cu-Li-Mn-O-P,Co-Cu-Li-Mn-O-P,6,Mn,True,5d7d8daf421d592cb6ff3c28f3d327b63a8138e925b7d2ec2554382f6dd9ac86,D:\CGCNN\Mn_MultinaryOxide_GeneratorFree_Pool_2000_20260527\1177395.cif,D:\CGCNN\MP_Formation_Full_CGCNN_20260524\1177395.cif
1045984,mp-1045984,Sr2Mn2AlTlO7,-2.228021266476569,0,0,1,Al-Mn-O-Sr-Tl,Al-Mn-O-Sr-Tl,5,Mn,True,2edd26c845e1d2124c4137b4be421d5dbbd0810ab85c6cf216b36c4c5402513c,D:\CGCNN\Mn_MultinaryOxide_GeneratorFree_Pool_2000_20260527\1045984.cif,D:\CGCNN\MP_Formation_Full_CGCNN_20260524\1045984.cif
1048672,mp-1048672,Sr4CaMn2(SO3)2,-2.548967165724137,1,0,0,Ca-Mn-O-S-Sr,Ca-Mn-O-S-Sr,5,Mn,True,b73939aff7c13a3c1d6220192a0d1836834a2d5a5f9c44f3d52faf4971ab0314,D:\CGCNN\Mn_MultinaryOxide_GeneratorFree_Pool_2000_20260527\1048672.cif,D:\CGCNN\MP_Formation_Full_CGCNN_20260524\1048672.cif
1385844,mp-1385844,YMn2O4,-2.555761358694583,1,0,0,Mn-O-Y,Mn-O-Y,3,Mn,True,56eee7b5be44c9715c17538a262a6d0aa7522f954e2347ee9109ba5f56d87ec7,D:\CGCNN\Mn_MultinaryOxide_GeneratorFree_Pool_2000_20260527\1385844.cif,D:\CGCNN\MP_Formation_Full_CGCNN_20260524\1385844.cif
1194843,mp-1194843,BaMn9V6(HO13)2,-2.28748378156544,0,0,1,Ba-H-Mn-O-V,Ba-H-Mn-O-V,5,Mn,True,41a4075c65900f946590b56f4856b12c4009df8a7c472d71c203de4fbdd0bdf4,D:\CGCNN\Mn_MultinaryOxide_GeneratorFree_Pool_2000_20260527\1194843.cif,D:\CGCNN\MP_Formation_Full_CGCNN_20260524\1194843.cif
757236,mp-757236,Li6MnNiP2(CO7)2,-2.353032277969875,0,0,1,C-Li-Mn-Ni-O-P,C-Li-Mn-Ni-O-P,6,Mn,True,62daefd578c5efeb068d7f78f15b905b8e0fda9c20fc73aca78a402332bf964c,D:\CGCNN\Mn_MultinaryOxide_GeneratorFree_Pool_2000_20260527\757236.cif,D:\CGCNN\MP_Formation_Full_CGCNN_20260524\757236.cif
1226784,mp-1226784,Ce2Mn(SeO)2,-2.617230367516932,0,1,0,Ce-Mn-O-Se,Ce-Mn-O-Se,4,Mn,True,ea6cf7f92b4b1d9a164a6a32d3617232069dc07d03f9cf552f7d61ae1b5f88df,D:\CGCNN\Mn_MultinaryOxide_GeneratorFree_Pool_2000_20260527\1226784.cif,D:\CGCNN\MP_Formation_Full_CGCNN_20260524\1226784.cif
690556,mp-690556,CaLaMnRuO6,-2.369455040793103,0,0,1,Ca-La-Mn-O-Ru,Ca-La-Mn-O-Ru,5,Mn,True,b655c2d2251e5c178d371a611b2ecb0e0b8a603772a6425166d037d7de5fe691,D:\CGCNN\Mn_MultinaryOxide_GeneratorFree_Pool_2000_20260527\690556.cif,D:\CGCNN\MP_Formation_Full_CGCNN_20260524\690556.cif
1233975,mp-1233975,Sr4MgMn2Ga2O11,-2.521525503043102,1,0,0,Ga-Mg-Mn-O-Sr,Ga-Mg-Mn-O-Sr,5,Mn,True,ab8e554d5346ebe3fbdd0c687406b33c1c7ce2d2841d2bf3130dca142109fc2e,D:\CGCNN\Mn_MultinaryOxide_GeneratorFree_Pool_2000_20260527\1233975.cif,D:\CGCNN\MP_Formation_Full_CGCNN_20260524\1233975.cif
532537,mp-532537,Ca2Mn2V3AgO12,-2.478970691126436,1,0,0,Ag-Ca-Mn-O-V,Ag-Ca-Mn-O-V,5,Mn,True,ee088908af672c6ea2d449c9c1e70656aec90c06c06ddf0beb28910dbd5a156a,D:\CGCNN\Mn_MultinaryOxide_GeneratorFree_Pool_2000_20260527\532537.cif,D:\CGCNN\MP_Formation_Full_CGCNN_20260524\532537.cif
19122,mp-19122,BaSr2Mn2(Si2O7)2,-3.103148711994003,0,1,0,Ba-Mn-O-Si-Sr,Ba-Mn-O-Si-Sr,5,Mn,True,bd76751089eaee6abe7b4604c36f673f3bf8b4c7b5350b4ee137ba47d005932d,D:\CGCNN\Mn_MultinaryOxide_GeneratorFree_Pool_2000_20260527\19122.cif,D:\CGCNN\MP_Formation_Full_CGCNN_20260524\19122.cif
780308,mp-780308,Li5Mn6(BO3)6,-2.482414127407225,1,0,0,B-Li-Mn-O,B-Li-Mn-O,4,Mn,True,c4416e344da29174927dc563610554594dcd38bbaa9f713967b7b86a16708e64,D:\CGCNN\Mn_MultinaryOxide_GeneratorFree_Pool_2000_20260527\780308.cif,D:\CGCNN\MP_Formation_Full_CGCNN_20260524\780308.cif
1227467,mp-1227467,Ca2LaNdMn4O12,-2.761942332211208,0,1,0,Ca-La-Mn-Nd-O,Ca-La-Mn-Nd-O,5,Mn,True,19a98f28ba617e78242614defa9b94de799bc164cb7a45555eb7b6073e64d195,D:\CGCNN\Mn_MultinaryOxide_GeneratorFree_Pool_2000_20260527\1227467.cif,D:\CGCNN\MP_Formation_Full_CGCNN_20260524\1227467.cif
1176503,mp-1176503,Mn3Fe2Co3O16,-1.340404621824712,0,0,1,Co-Fe-Mn-O,Co-Fe-Mn-O,4,Mn,True,2f86a4f4c2e87e80e564bd27ff44b4d3755cdf0e0fa7a3f0515855160655d8b0,D:\CGCNN\Mn_MultinaryOxide_GeneratorFree_Pool_2000_20260527\1176503.cif,D:\CGCNN\MP_Formation_Full_CGCNN_20260524\1176503.cif
1223238,mp-1223238,La3Mn4AgO12,-2.559307303919539,1,0,0,Ag-La-Mn-O,Ag-La-Mn-O,4,Mn,True,3d9d131dd133c42c0eb36816c5b7608e73830812edac64dcf2827fd3cd767b4f,D:\CGCNN\Mn_MultinaryOxide_GeneratorFree_Pool_2000_20260527\1223238.cif,D:\CGCNN\MP_Formation_Full_CGCNN_20260524\1223238.cif
1247706,mp-1247706,Ca8Mn8O23,-2.500125801434571,1,0,0,Ca-Mn-O,Ca-Mn-O,3,Mn,True,d2f5d47a30941f815c44433e755f64c1fc443bb268a0682990a8ef2bc49be084,D:\CGCNN\Mn_MultinaryOxide_GeneratorFree_Pool_2000_20260527\1247706.cif,D:\CGCNN\MP_Formation_Full_CGCNN_20260524\1247706.cif
1302395,mp-1302395,Li2Ti2Mn3O10,-2.538975051007437,1,0,0,Li-Mn-O-Ti,Li-Mn-O-Ti,4,Mn,True,d558b8abed2a8e508aac5ab905957548d966102268af0065a6ce2c4aba695670,D:\CGCNN\Mn_MultinaryOxide_GeneratorFree_Pool_2000_20260527\1302395.cif,D:\CGCNN\MP_Formation_Full_CGCNN_20260524\1302395.cif
1203335,mp-1203335,Mn3AsO8,-1.676688635316092,0,0,1,As-Mn-O,As-Mn-O,3,Mn,True,29e5c3caa98442e1721532963670bf76bc7bb316380ba5ae40d41b31101d3a4a,D:\CGCNN\Mn_MultinaryOxide_GeneratorFree_Pool_2000_20260527\1203335.cif,D:\CGCNN\MP_Formation_Full_CGCNN_20260524\1203335.cif
1045744,mp-1045744,Mn4Al(CuO4)3,-1.534255570086208,0,0,1,Al-Cu-Mn-O,Al-Cu-Mn-O,4,Mn,True,07bca8a3d1196e09a2830c52765a294600497649719282c3a8ef303e2cf830a8,D:\CGCNN\Mn_MultinaryOxide_GeneratorFree_Pool_2000_20260527\1045744.cif,D:\CGCNN\MP_Formation_Full_CGCNN_20260524\1045744.cif
616555,mp-616555,MnC4NO5,-0.6944213352664581,0,0,1,C-Mn-N-O,C-Mn-N-O,4,Mn,True,875e817eb29e37d49c667dd559290d1df3a46ba60fba4fe28d811d16c0b4499e,D:\CGCNN\Mn_MultinaryOxide_GeneratorFree_Pool_2000_20260527\616555.cif,D:\CGCNN\MP_Formation_Full_CGCNN_20260524\616555.cif
1197034,mp-1197034,NaMnH6C3S3(NO)3,-0.773073574215516,0,0,1,C-H-Mn-N-Na-O-S,C-H-Mn-N-Na-O-S,7,Mn,True,314c818d76a1845f10a6fa065132756b211cb52eace373c3f1667fcbf4d987de,D:\CGCNN\Mn_MultinaryOxide_GeneratorFree_Pool_2000_20260527\1197034.cif,D:\CGCNN\MP_Formation_Full_CGCNN_20260524\1197034.cif
648164,mp-648164,Mn2Hg(CO)10,-0.7641183168853071,0,0,1,C-Hg-Mn-O,C-Hg-Mn-O,4,Mn,True,ce449646546599b3f49937f210a1667b10930b938c9b3bc9bd796dcdc672f44a,D:\CGCNN\Mn_MultinaryOxide_GeneratorFree_Pool_2000_20260527\648164.cif,D:\CGCNN\MP_Formation_Full_CGCNN_20260524\648164.cif
770725,mp-770725,RbLi2Mn2(BO3)3,-2.421747311619337,0,0,1,B-Li-Mn-O-Rb,B-Li-Mn-O-Rb,5,Mn,True,caba324b263321f96b3aaf22fa01b0850fc15d2668cdce5c9a69ffe23ae993d1,D:\CGCNN\Mn_MultinaryOxide_GeneratorFree_Pool_2000_20260527\770725.cif,D:\CGCNN\MP_Formation_Full_CGCNN_20260524\770725.cif
1517646,mp-1517646,KBaCeMnO6,-2.616402962518104,0,1,0,Ba-Ce-K-Mn-O,Ba-Ce-K-Mn-O,5,Mn,True,0bacac94cc7f5f7ae2025c177c8da4c6ce976c3eca5ee31b1d59f2597c56868c,D:\CGCNN\Mn_MultinaryOxide_GeneratorFree_Pool_2000_20260527\1517646.cif,D:\CGCNN\MP_Formation_Full_CGCNN_20260524\1517646.cif
1521466,mp-1521466,Ca2DyMnO6,-2.73140718395977,0,1,0,Ca-Dy-Mn-O,Ca-Dy-Mn-O,4,Mn,True,016b232ecd7a7b8496690e94f6707c5f216aafb4dbcd7d60eb79f6862a378bfb,D:\CGCNN\Mn_MultinaryOxide_GeneratorFree_Pool_2000_20260527\1521466.cif,D:\CGCNN\MP_Formation_Full_CGCNN_20260524\1521466.cif
1227754,mp-1227754,Ca3HoMn4O12,-2.653353716836207,0,1,0,Ca-Ho-Mn-O,Ca-Ho-Mn-O,4,Mn,True,c93b26d9a18447855232bfa03ba19f8ca04da8b6ad6f988e18d40adf5129690b,D:\CGCNN\Mn_MultinaryOxide_GeneratorFree_Pool_2000_20260527\1227754.cif,D:\CGCNN\MP_Formation_Full_CGCNN_20260524\1227754.cif
1199960,mp-1199960,MnP2H12(CO2)4,-1.118102101933953,0,0,1,C-H-Mn-O-P,C-H-Mn-O-P,5,Mn,True,44b19f25c7a1b61f9707d0a1eb72e19e2424cc1eb8965cd34a44783d71a3c4c2,D:\CGCNN\Mn_MultinaryOxide_GeneratorFree_Pool_2000_20260527\1199960.cif,D:\CGCNN\MP_Formation_Full_CGCNN_20260524\1199960.cif
759559,mp-759559,Na3LiMnBPO7,-2.440436320657987,0,0,1,B-Li-Mn-Na-O-P,B-Li-Mn-Na-O-P,6,Mn,True,d06a436ff4be8092dbf794a926e1ec3a9c34231b1a06115517ffe115b4d94044,D:\CGCNN\Mn_MultinaryOxide_GeneratorFree_Pool_2000_20260527\759559.cif,D:\CGCNN\MP_Formation_Full_CGCNN_20260524\759559.cif
1192441,mp-1192441,KBaMnO4,-2.226077319311577,0,0,1,Ba-K-Mn-O,Ba-K-Mn-O,4,Mn,True,8873adbb49681236d2880a855f4e4711f7301606ef000efee56ac5458ffc3ac1,D:\CGCNN\Mn_MultinaryOxide_GeneratorFree_Pool_2000_20260527\1192441.cif,D:\CGCNN\MP_Formation_Full_CGCNN_20260524\1192441.cif
1194593,mp-1194593,Na2SrMnV2O8,-2.539972025227833,1,0,0,Mn-Na-O-Sr-V,Mn-Na-O-Sr-V,5,Mn,True,8d41d2d569cf66c932f70d37091af1a443d554741bad62960270c001a0756638,D:\CGCNN\Mn_MultinaryOxide_GeneratorFree_Pool_2000_20260527\1194593.cif,D:\CGCNN\MP_Formation_Full_CGCNN_20260524\1194593.cif
759934,mp-759934,K2LiMnPCO7,-2.345460683877478,0,0,1,C-K-Li-Mn-O-P,C-K-Li-Mn-O-P,6,Mn,True,99904aa75716d7691c25625491f1606b04077234f9b18e98acddf42e1b431f03,D:\CGCNN\Mn_MultinaryOxide_GeneratorFree_Pool_2000_20260527\759934.cif,D:\CGCNN\MP_Formation_Full_CGCNN_20260524\759934.cif
1234758,mp-1234758,Cs4MgMn4H16(Cl3O2)4,-1.50247238167433,0,0,1,Cl-Cs-H-Mg-Mn-O,Cl-Cs-H-Mg-Mn-O,6,Mn,True,c13af3cf8f344dbad8c4ed76572b5f7e064656a65601a58f1636e134a6d57be7,D:\CGCNN\Mn_MultinaryOxide_GeneratorFree_Pool_2000_20260527\1234758.cif,D:\CGCNN\MP_Formation_Full_CGCNN_20260524\1234758.cif
1046905,mp-1046905,Sr2YMn2AlO7,-2.959469016604773,0,1,0,Al-Mn-O-Sr-Y,Al-Mn-O-Sr-Y,5,Mn,True,e852475f686fd4348585e74185eac8b0601d9d92a0384f0c63de4d9d768de21a,D:\CGCNN\Mn_MultinaryOxide_GeneratorFree_Pool_2000_20260527\1046905.cif,D:\CGCNN\MP_Formation_Full_CGCNN_20260524\1046905.cif
1048447,mp-1048447,Ba2YMn2TlO7,-2.5009732541688763,1,0,0,Ba-Mn-O-Tl-Y,Ba-Mn-O-Tl-Y,5,Mn,True,4e950c8ffd67e71ceb05c896cdf1c0add82dc311853d45e61398ea81f97c730b,D:\CGCNN\Mn_MultinaryOxide_GeneratorFree_Pool_2000_20260527\1048447.cif,D:\CGCNN\MP_Formation_Full_CGCNN_20260524\1048447.cif
1212395,mp-1212395,Mn2Cd3(GeO4)3,-1.871118589793103,0,0,1,Cd-Ge-Mn-O,Cd-Ge-Mn-O,4,Mn,True,f9f7cdaff823424fa9afbf7a57bd55b6f7b02e256647bbe6a2d13a0e3dfb8348,D:\CGCNN\Mn_MultinaryOxide_GeneratorFree_Pool_2000_20260527\1212395.cif,D:\CGCNN\MP_Formation_Full_CGCNN_20260524\1212395.cif
1202031,mp-1202031,CsMnH4Cl3O2,-1.594443959326024,0,0,1,Cl-Cs-H-Mn-O,Cl-Cs-H-Mn-O,5,Mn,True,8fa7c03e990caff13a96e415b47af18cd33a33404432ad7957e5f10b93b3ef25,D:\CGCNN\Mn_MultinaryOxide_GeneratorFree_Pool_2000_20260527\1202031.cif,D:\CGCNN\MP_Formation_Full_CGCNN_20260524\1202031.cif
775171,mp-775171,Li4Mn2CrNi3(PO4)6,-2.371292841926313,0,0,1,Cr-Li-Mn-Ni-O-P,Cr-Li-Mn-Ni-O-P,6,Mn,True,6c99c19cca88b9c8094bdb0fd5042698e76dbdb350deabdfca76d17ec9809663,D:\CGCNN\Mn_MultinaryOxide_GeneratorFree_Pool_2000_20260527\775171.cif,D:\CGCNN\MP_Formation_Full_CGCNN_20260524\775171.cif
1521849,mp-1521849,BaSmMn4O12,-1.8737358620402311,0,0,1,Ba-Mn-O-Sm,Ba-Mn-O-Sm,4,Mn,True,6681e9a100db719ce928d5838581d981e1b6564dc2511eefed17fb90a8f181c5,D:\CGCNN\Mn_MultinaryOxide_GeneratorFree_Pool_2000_20260527\1521849.cif,D:\CGCNN\MP_Formation_Full_CGCNN_20260524\1521849.cif
1213628,mp-1213628,CsMnBr3O2,-0.9345771457266012,0,0,1,Br-Cs-Mn-O,Br-Cs-Mn-O,4,Mn,True,e105ef8b2834b0b91846aa8a648a3cf394c8396280c0aad464fc67ca8a0311a2,D:\CGCNN\Mn_MultinaryOxide_GeneratorFree_Pool_2000_20260527\1213628.cif,D:\CGCNN\MP_Formation_Full_CGCNN_20260524\1213628.cif
19304,mp-19304,K2MnSO4F3,-2.51137541658464,1,0,0,F-K-Mn-O-S,F-K-Mn-O-S,5,Mn,True,abddf91b78fd560261b00c74ca78514115ab464dd4615ffba3db41706b6c6029,D:\CGCNN\Mn_MultinaryOxide_GeneratorFree_Pool_2000_20260527\19304.cif,D:\CGCNN\MP_Formation_Full_CGCNN_20260524\19304.cif
23928,mp-23928,RbMnH4Cl3O2,-1.581327482311913,0,0,1,Cl-H-Mn-O-Rb,Cl-H-Mn-O-Rb,5,Mn,True,28c833d5cc5c6d8b95cc037264e332cd8718fff058d96b6478f6020667ea90d1,D:\CGCNN\Mn_MultinaryOxide_GeneratorFree_Pool_2000_20260527\23928.cif,D:\CGCNN\MP_Formation_Full_CGCNN_20260524\23928.cif
1516338,mp-1516338,EuMnNbSnO6,-2.569007454293105,1,0,0,Eu-Mn-Nb-O-Sn,Eu-Mn-Nb-O-Sn,5,Mn,True,742560c662deda1e9daecd9073a50cb9e06d0c8f679e97afcd0234b923cec84c,D:\CGCNN\Mn_MultinaryOxide_GeneratorFree_Pool_2000_20260527\1516338.cif,D:\CGCNN\MP_Formation_Full_CGCNN_20260524\1516338.cif
623924,mp-623924,MnC5ClO5,-0.860290159827586,0,0,1,C-Cl-Mn-O,C-Cl-Mn-O,4,Mn,True,df5e11cf5eb446009b30a0164377d25b55a35af57275f1daf4534e99000e0303,D:\CGCNN\Mn_MultinaryOxide_GeneratorFree_Pool_2000_20260527\623924.cif,D:\CGCNN\MP_Formation_Full_CGCNN_20260524\623924.cif
