candidate_id,cif_path,formation_energy,target_label,fail_low,fail_high,formula,reduced_formula,m_element,space_group_number,space_group_symbol,min_interatomic_distance,volume_per_atom,min_li_o_neighbors,min_m_o_neighbors
job_219_Co_fe_-0.895_n4_generated_crystals_cif__gen_0,D:\CGCNN\EARLY_LiM2O4_ALIGNN_HARD640_m2p18_m2p02_20260617\cifs\job_219_Co_fe_-0.895_n4_generated_crystals_cif__gen_0.cif,-1.35151207447052,0,0,1,Li1 Co2 O4,Li(CoO2)2,Co,8,Cm,1.830446,9.706107,6,6
job_100_Co_fe_-1.485_n4_generated_crystals_cif__gen_3,D:\CGCNN\EARLY_LiM2O4_ALIGNN_HARD640_m2p18_m2p02_20260617\cifs\job_100_Co_fe_-1.485_n4_generated_crystals_cif__gen_3.cif,-1.4826509952545166,0,0,1,Li1 Co2 O4,Li(CoO2)2,Co,10,P2/m,1.904569,9.886276,6,6
job_109_Ti_fe_-0.845_n4_generated_crystals_cif__gen_0,D:\CGCNN\EARLY_LiM2O4_ALIGNN_HARD640_m2p18_m2p02_20260617\cifs\job_109_Ti_fe_-0.845_n4_generated_crystals_cif__gen_0.cif,-3.209760427474976,0,1,0,Li1 Ti2 O4,LiTi2O4,Ti,44,Imm2,2.010726,10.210895,6,6
job_233_Mn_fe_-1.136_n4_generated_crystals_cif__gen_1,D:\CGCNN\EARLY_LiM2O4_ALIGNN_HARD640_m2p18_m2p02_20260617\cifs\job_233_Mn_fe_-1.136_n4_generated_crystals_cif__gen_1.cif,-1.9076969623565676,0,0,1,Li1 Mn2 O4,LiMn2O4,Mn,1,P1,1.859697,10.261261,6,5
job_070_Ni_fe_-1.182_n4_generated_crystals_cif__gen_2,D:\CGCNN\EARLY_LiM2O4_ALIGNN_HARD640_m2p18_m2p02_20260617\cifs\job_070_Ni_fe_-1.182_n4_generated_crystals_cif__gen_2.cif,-1.0612940788269043,0,0,1,Li1 Ni2 O4,Li(NiO2)2,Ni,6,Pm,1.87228,10.011172,6,6
job_094_Cr_fe_-0.989_n4_generated_crystals_cif__gen_2,D:\CGCNN\EARLY_LiM2O4_ALIGNN_HARD640_m2p18_m2p02_20260617\cifs\job_094_Cr_fe_-0.989_n4_generated_crystals_cif__gen_2.cif,-2.166190385818481,1,0,0,Li1 Cr2 O4,LiCr2O4,Cr,1,P1,1.94698,10.308404,6,6
job_065_Mn_fe_-1.024_n4_generated_crystals_cif__gen_0,D:\CGCNN\EARLY_LiM2O4_ALIGNN_HARD640_m2p18_m2p02_20260617\cifs\job_065_Mn_fe_-1.024_n4_generated_crystals_cif__gen_0.cif,-2.004470109939575,0,0,1,Li1 Mn2 O4,LiMn2O4,Mn,2,P-1,1.890137,10.417294,6,6
job_028_Co_fe_-0.810_n4_generated_crystals_cif__gen_1,D:\CGCNN\EARLY_LiM2O4_ALIGNN_HARD640_m2p18_m2p02_20260617\cifs\job_028_Co_fe_-0.810_n4_generated_crystals_cif__gen_1.cif,-1.433193922042847,0,0,1,Li1 Co2 O4,Li(CoO2)2,Co,8,Cm,1.917058,9.587018,6,6
job_014_Al_fe_-1.262_n4_generated_crystals_cif__gen_1,D:\CGCNN\EARLY_LiM2O4_ALIGNN_HARD640_m2p18_m2p02_20260617\cifs\job_014_Al_fe_-1.262_n4_generated_crystals_cif__gen_1.cif,-3.148024797439575,0,1,0,Li1 Al2 O4,LiAl2O4,Al,1,P1,1.847897,8.769211,6,6
job_104_Ni_fe_-1.453_n4_generated_crystals_cif__gen_0,D:\CGCNN\EARLY_LiM2O4_ALIGNN_HARD640_m2p18_m2p02_20260617\cifs\job_104_Ni_fe_-1.453_n4_generated_crystals_cif__gen_0.cif,-1.0721954107284546,0,0,1,Li1 Ni2 O4,Li(NiO2)2,Ni,2,P-1,1.883072,10.233723,6,6
job_159_Al_fe_-1.408_n4_generated_crystals_cif__gen_1,D:\CGCNN\EARLY_LiM2O4_ALIGNN_HARD640_m2p18_m2p02_20260617\cifs\job_159_Al_fe_-1.408_n4_generated_crystals_cif__gen_1.cif,-3.067146062850952,0,1,0,Li1 Al2 O4,LiAl2O4,Al,8,Cm,1.879434,9.672306,6,6
job_089_Ni_fe_-1.410_n4_generated_crystals_cif__gen_3,D:\CGCNN\EARLY_LiM2O4_ALIGNN_HARD640_m2p18_m2p02_20260617\cifs\job_089_Ni_fe_-1.410_n4_generated_crystals_cif__gen_3.cif,-0.9813941717147828,0,0,1,Li1 Ni2 O4,Li(NiO2)2,Ni,1,P1,1.866033,9.556464,6,6
job_005_Al_fe_-1.478_n4_generated_crystals_cif__gen_0,D:\CGCNN\EARLY_LiM2O4_ALIGNN_HARD640_m2p18_m2p02_20260617\cifs\job_005_Al_fe_-1.478_n4_generated_crystals_cif__gen_0.cif,-2.930741548538208,0,1,0,Li1 Al2 O4,LiAl2O4,Al,12,C2/m,1.810528,11.205703,6,5
job_200_Cr_fe_-1.108_n4_generated_crystals_cif__gen_0,D:\CGCNN\EARLY_LiM2O4_ALIGNN_HARD640_m2p18_m2p02_20260617\cifs\job_200_Cr_fe_-1.108_n4_generated_crystals_cif__gen_0.cif,-2.14246129989624,1,0,0,Li1 Cr2 O4,LiCr2O4,Cr,8,Cm,1.856931,9.799333,4,6
job_035_Ti_fe_-1.046_n4_generated_crystals_cif__gen_1,D:\CGCNN\EARLY_LiM2O4_ALIGNN_HARD640_m2p18_m2p02_20260617\cifs\job_035_Ti_fe_-1.046_n4_generated_crystals_cif__gen_1.cif,-3.198765516281128,0,1,0,Li1 Ti2 O4,LiTi2O4,Ti,1,P1,1.937734,10.242721,5,6
job_133_Mn_fe_-1.385_n4_generated_crystals_cif__gen_0,D:\CGCNN\EARLY_LiM2O4_ALIGNN_HARD640_m2p18_m2p02_20260617\cifs\job_133_Mn_fe_-1.385_n4_generated_crystals_cif__gen_0.cif,-1.996690034866333,0,0,1,Li1 Mn2 O4,LiMn2O4,Mn,1,P1,1.885861,11.337895,4,6
job_200_Cr_fe_-1.108_n4_generated_crystals_cif__gen_3,D:\CGCNN\EARLY_LiM2O4_ALIGNN_HARD640_m2p18_m2p02_20260617\cifs\job_200_Cr_fe_-1.108_n4_generated_crystals_cif__gen_3.cif,-2.197359800338745,0,1,0,Li1 Cr2 O4,LiCr2O4,Cr,12,C2/m,1.972863,10.598152,6,6
job_208_Cr_fe_-1.031_n4_generated_crystals_cif__gen_2,D:\CGCNN\EARLY_LiM2O4_ALIGNN_HARD640_m2p18_m2p02_20260617\cifs\job_208_Cr_fe_-1.031_n4_generated_crystals_cif__gen_2.cif,-2.208385467529297,0,1,0,Li1 Cr2 O4,LiCr2O4,Cr,1,P1,1.940192,10.683228,6,6
job_099_Ni_fe_-1.343_n4_generated_crystals_cif__gen_3,D:\CGCNN\EARLY_LiM2O4_ALIGNN_HARD640_m2p18_m2p02_20260617\cifs\job_099_Ni_fe_-1.343_n4_generated_crystals_cif__gen_3.cif,-1.0807764530181885,0,0,1,Li1 Ni2 O4,Li(NiO2)2,Ni,1,P1,1.856116,10.005769,6,6
job_163_Mg_fe_-0.801_n4_generated_crystals_cif__gen_3,D:\CGCNN\EARLY_LiM2O4_ALIGNN_HARD640_m2p18_m2p02_20260617\cifs\job_163_Mg_fe_-0.801_n4_generated_crystals_cif__gen_3.cif,-2.216045379638672,0,1,0,Li1 Mg2 O4,LiMg2O4,Mg,1,P1,2.017676,10.921808,6,6
job_091_Ni_fe_-1.314_n4_generated_crystals_cif__gen_3,D:\CGCNN\EARLY_LiM2O4_ALIGNN_HARD640_m2p18_m2p02_20260617\cifs\job_091_Ni_fe_-1.314_n4_generated_crystals_cif__gen_3.cif,-1.0587022304534912,0,0,1,Li1 Ni2 O4,Li(NiO2)2,Ni,6,Pm,1.880706,10.173765,6,6
job_166_Ni_fe_-0.847_n4_generated_crystals_cif__gen_2,D:\CGCNN\EARLY_LiM2O4_ALIGNN_HARD640_m2p18_m2p02_20260617\cifs\job_166_Ni_fe_-0.847_n4_generated_crystals_cif__gen_2.cif,-1.0386276245117188,0,0,1,Li1 Ni2 O4,Li(NiO2)2,Ni,12,C2/m,1.87788,10.055895,6,6
job_061_Mn_fe_-1.231_n4_generated_crystals_cif__gen_3,D:\CGCNN\EARLY_LiM2O4_ALIGNN_HARD640_m2p18_m2p02_20260617\cifs\job_061_Mn_fe_-1.231_n4_generated_crystals_cif__gen_3.cif,-1.899943828582764,0,0,1,Li1 Mn2 O4,LiMn2O4,Mn,1,P1,1.847173,10.240434,6,5
job_233_Mn_fe_-1.136_n4_generated_crystals_cif__gen_2,D:\CGCNN\EARLY_LiM2O4_ALIGNN_HARD640_m2p18_m2p02_20260617\cifs\job_233_Mn_fe_-1.136_n4_generated_crystals_cif__gen_2.cif,-2.0037527084350586,0,0,1,Li1 Mn2 O4,LiMn2O4,Mn,6,Pm,1.923331,10.711757,6,6
job_071_Ti_fe_-0.887_n4_generated_crystals_cif__gen_2,D:\CGCNN\EARLY_LiM2O4_ALIGNN_HARD640_m2p18_m2p02_20260617\cifs\job_071_Ti_fe_-0.887_n4_generated_crystals_cif__gen_2.cif,-3.1473639011383057,0,1,0,Li1 Ti2 O4,LiTi2O4,Ti,8,Cm,1.74445,11.103147,3,4
job_219_Co_fe_-0.895_n4_generated_crystals_cif__gen_3,D:\CGCNN\EARLY_LiM2O4_ALIGNN_HARD640_m2p18_m2p02_20260617\cifs\job_219_Co_fe_-0.895_n4_generated_crystals_cif__gen_3.cif,-1.511105179786682,0,0,1,Li1 Co2 O4,Li(CoO2)2,Co,10,P2/m,1.907736,9.810568,6,6
job_165_Ni_fe_-1.146_n4_generated_crystals_cif__gen_3,D:\CGCNN\EARLY_LiM2O4_ALIGNN_HARD640_m2p18_m2p02_20260617\cifs\job_165_Ni_fe_-1.146_n4_generated_crystals_cif__gen_3.cif,-1.009853720664978,0,0,1,Li1 Ni2 O4,Li(NiO2)2,Ni,1,P1,1.863087,9.457808,6,6
job_218_Ni_fe_-1.221_n4_generated_crystals_cif__gen_3,D:\CGCNN\EARLY_LiM2O4_ALIGNN_HARD640_m2p18_m2p02_20260617\cifs\job_218_Ni_fe_-1.221_n4_generated_crystals_cif__gen_3.cif,-0.9321960210800172,0,0,1,Li1 Ni2 O4,Li(NiO2)2,Ni,44,Imm2,1.892092,9.322632,6,6
job_046_Ni_fe_-0.861_n4_generated_crystals_cif__gen_2,D:\CGCNN\EARLY_LiM2O4_ALIGNN_HARD640_m2p18_m2p02_20260617\cifs\job_046_Ni_fe_-0.861_n4_generated_crystals_cif__gen_2.cif,-1.0694735050201416,0,0,1,Li1 Ni2 O4,Li(NiO2)2,Ni,1,P1,1.867345,10.013699,6,6
job_193_Co_fe_-1.092_n4_generated_crystals_cif__gen_1,D:\CGCNN\EARLY_LiM2O4_ALIGNN_HARD640_m2p18_m2p02_20260617\cifs\job_193_Co_fe_-1.092_n4_generated_crystals_cif__gen_1.cif,-1.4423552751541138,0,0,1,Li1 Co2 O4,Li(CoO2)2,Co,8,Cm,1.912708,9.480639,6,6
job_197_Mn_fe_-0.871_n4_generated_crystals_cif__gen_1,D:\CGCNN\EARLY_LiM2O4_ALIGNN_HARD640_m2p18_m2p02_20260617\cifs\job_197_Mn_fe_-0.871_n4_generated_crystals_cif__gen_1.cif,-1.8706523180007932,0,0,1,Li1 Mn2 O4,LiMn2O4,Mn,156,P3m1,1.801561,10.927151,4,5
job_247_Ni_fe_-1.069_n4_generated_crystals_cif__gen_2,D:\CGCNN\EARLY_LiM2O4_ALIGNN_HARD640_m2p18_m2p02_20260617\cifs\job_247_Ni_fe_-1.069_n4_generated_crystals_cif__gen_2.cif,-0.9956089854240416,0,0,1,Li1 Ni2 O4,Li(NiO2)2,Ni,8,Cm,1.873745,9.8295,6,6
job_030_Mn_fe_-1.234_n4_generated_crystals_cif__gen_2,D:\CGCNN\EARLY_LiM2O4_ALIGNN_HARD640_m2p18_m2p02_20260617\cifs\job_030_Mn_fe_-1.234_n4_generated_crystals_cif__gen_2.cif,-2.017267227172852,0,0,1,Li1 Mn2 O4,LiMn2O4,Mn,1,P1,1.913244,10.61104,6,6
job_044_Mn_fe_-0.936_n4_generated_crystals_cif__gen_1,D:\CGCNN\EARLY_LiM2O4_ALIGNN_HARD640_m2p18_m2p02_20260617\cifs\job_044_Mn_fe_-0.936_n4_generated_crystals_cif__gen_1.cif,-2.023045063018799,1,0,0,Li1 Mn2 O4,LiMn2O4,Mn,10,P2/m,1.927294,10.718393,6,6
job_026_Ti_fe_-1.451_n4_generated_crystals_cif__gen_2,D:\CGCNN\EARLY_LiM2O4_ALIGNN_HARD640_m2p18_m2p02_20260617\cifs\job_026_Ti_fe_-1.451_n4_generated_crystals_cif__gen_2.cif,-3.208275079727173,0,1,0,Li1 Ti2 O4,LiTi2O4,Ti,8,Cm,1.9578,10.255705,5,6
job_106_Mn_fe_-1.140_n4_generated_crystals_cif__gen_1,D:\CGCNN\EARLY_LiM2O4_ALIGNN_HARD640_m2p18_m2p02_20260617\cifs\job_106_Mn_fe_-1.140_n4_generated_crystals_cif__gen_1.cif,-1.9467482566833496,0,0,1,Li1 Mn2 O4,LiMn2O4,Mn,8,Cm,1.930403,10.839429,6,6
job_044_Mn_fe_-0.936_n4_generated_crystals_cif__gen_0,D:\CGCNN\EARLY_LiM2O4_ALIGNN_HARD640_m2p18_m2p02_20260617\cifs\job_044_Mn_fe_-0.936_n4_generated_crystals_cif__gen_0.cif,-2.011162757873535,0,0,1,Li1 Mn2 O4,LiMn2O4,Mn,5,C2,1.923382,10.943449,6,6
job_029_Cr_fe_-1.337_n4_generated_crystals_cif__gen_2,D:\CGCNN\EARLY_LiM2O4_ALIGNN_HARD640_m2p18_m2p02_20260617\cifs\job_029_Cr_fe_-1.337_n4_generated_crystals_cif__gen_2.cif,-2.115389823913574,1,0,0,Li1 Cr2 O4,LiCr2O4,Cr,1,P1,1.895328,10.186228,6,6
job_001_Ti_fe_-1.307_n4_generated_crystals_cif__gen_0,D:\CGCNN\EARLY_LiM2O4_ALIGNN_HARD640_m2p18_m2p02_20260617\cifs\job_001_Ti_fe_-1.307_n4_generated_crystals_cif__gen_0.cif,-3.1877970695495605,0,1,0,Li1 Ti2 O4,LiTi2O4,Ti,12,C2/m,1.943563,10.841303,6,6
job_023_Co_fe_-0.919_n4_generated_crystals_cif__gen_3,D:\CGCNN\EARLY_LiM2O4_ALIGNN_HARD640_m2p18_m2p02_20260617\cifs\job_023_Co_fe_-0.919_n4_generated_crystals_cif__gen_3.cif,-1.4480853080749512,0,0,1,Li1 Co2 O4,Li(CoO2)2,Co,8,Cm,1.915855,9.87273,6,6
job_161_Co_fe_-0.850_n4_generated_crystals_cif__gen_1,D:\CGCNN\EARLY_LiM2O4_ALIGNN_HARD640_m2p18_m2p02_20260617\cifs\job_161_Co_fe_-0.850_n4_generated_crystals_cif__gen_1.cif,-1.4739354848861694,0,0,1,Li1 Co2 O4,Li(CoO2)2,Co,8,Cm,1.910915,9.936862,6,6
job_124_Ni_fe_-0.888_n4_generated_crystals_cif__gen_3,D:\CGCNN\EARLY_LiM2O4_ALIGNN_HARD640_m2p18_m2p02_20260617\cifs\job_124_Ni_fe_-0.888_n4_generated_crystals_cif__gen_3.cif,-1.0503320693969729,0,0,1,Li1 Ni2 O4,Li(NiO2)2,Ni,2,P-1,1.858373,9.720121,6,6
job_084_Ni_fe_-1.459_n4_generated_crystals_cif__gen_3,D:\CGCNN\EARLY_LiM2O4_ALIGNN_HARD640_m2p18_m2p02_20260617\cifs\job_084_Ni_fe_-1.459_n4_generated_crystals_cif__gen_3.cif,-1.0500950813293457,0,0,1,Li1 Ni2 O4,Li(NiO2)2,Ni,1,P1,1.858312,9.677849,6,6
job_132_Ni_fe_-0.895_n4_generated_crystals_cif__gen_0,D:\CGCNN\EARLY_LiM2O4_ALIGNN_HARD640_m2p18_m2p02_20260617\cifs\job_132_Ni_fe_-0.895_n4_generated_crystals_cif__gen_0.cif,-1.0583908557891846,0,0,1,Li1 Ni2 O4,Li(NiO2)2,Ni,10,P2/m,1.877203,9.940673,6,6
job_087_Cr_fe_-1.452_n4_generated_crystals_cif__gen_0,D:\CGCNN\EARLY_LiM2O4_ALIGNN_HARD640_m2p18_m2p02_20260617\cifs\job_087_Cr_fe_-1.452_n4_generated_crystals_cif__gen_0.cif,-2.190068006515503,0,1,0,Li1 Cr2 O4,LiCr2O4,Cr,10,P2/m,1.931781,10.641628,6,6
job_107_Co_fe_-1.032_n4_generated_crystals_cif__gen_2,D:\CGCNN\EARLY_LiM2O4_ALIGNN_HARD640_m2p18_m2p02_20260617\cifs\job_107_Co_fe_-1.032_n4_generated_crystals_cif__gen_2.cif,-1.5088258981704712,0,0,1,Li1 Co2 O4,Li(CoO2)2,Co,6,Pm,1.88742,9.734698,6,6
job_136_Cr_fe_-1.181_n4_generated_crystals_cif__gen_0,D:\CGCNN\EARLY_LiM2O4_ALIGNN_HARD640_m2p18_m2p02_20260617\cifs\job_136_Cr_fe_-1.181_n4_generated_crystals_cif__gen_0.cif,-2.177961587905884,1,0,0,Li1 Cr2 O4,LiCr2O4,Cr,6,Pm,1.931478,10.443846,6,6
job_013_Cr_fe_-1.388_n4_generated_crystals_cif__gen_3,D:\CGCNN\EARLY_LiM2O4_ALIGNN_HARD640_m2p18_m2p02_20260617\cifs\job_013_Cr_fe_-1.388_n4_generated_crystals_cif__gen_3.cif,-2.212435007095337,0,1,0,Li1 Cr2 O4,LiCr2O4,Cr,6,Pm,1.942278,10.792846,6,6
job_119_Ti_fe_-1.262_n4_generated_crystals_cif__gen_0,D:\CGCNN\EARLY_LiM2O4_ALIGNN_HARD640_m2p18_m2p02_20260617\cifs\job_119_Ti_fe_-1.262_n4_generated_crystals_cif__gen_0.cif,-3.1663100719451904,0,1,0,Li1 Ti2 O4,LiTi2O4,Ti,10,P2/m,1.992879,10.93589,6,6
job_105_Mn_fe_-0.898_n4_generated_crystals_cif__gen_1,D:\CGCNN\EARLY_LiM2O4_ALIGNN_HARD640_m2p18_m2p02_20260617\cifs\job_105_Mn_fe_-0.898_n4_generated_crystals_cif__gen_1.cif,-1.9795161485672,0,0,1,Li1 Mn2 O4,LiMn2O4,Mn,8,Cm,1.918506,10.598329,6,6
job_224_Mn_fe_-1.419_n4_generated_crystals_cif__gen_2,D:\CGCNN\EARLY_LiM2O4_ALIGNN_HARD640_m2p18_m2p02_20260617\cifs\job_224_Mn_fe_-1.419_n4_generated_crystals_cif__gen_2.cif,-1.9380772113800049,0,0,1,Li1 Mn2 O4,LiMn2O4,Mn,1,P1,1.881909,10.157541,6,5
job_116_Ti_fe_-1.462_n4_generated_crystals_cif__gen_1,D:\CGCNN\EARLY_LiM2O4_ALIGNN_HARD640_m2p18_m2p02_20260617\cifs\job_116_Ti_fe_-1.462_n4_generated_crystals_cif__gen_1.cif,-3.106773614883423,0,1,0,Li1 Ti2 O4,LiTi2O4,Ti,12,C2/m,1.991657,11.002305,4,6
job_124_Ni_fe_-0.888_n4_generated_crystals_cif__gen_1,D:\CGCNN\EARLY_LiM2O4_ALIGNN_HARD640_m2p18_m2p02_20260617\cifs\job_124_Ni_fe_-0.888_n4_generated_crystals_cif__gen_1.cif,-1.038147211074829,0,0,1,Li1 Ni2 O4,Li(NiO2)2,Ni,12,C2/m,1.899029,10.049578,6,6
job_032_Co_fe_-1.386_n4_generated_crystals_cif__gen_1,D:\CGCNN\EARLY_LiM2O4_ALIGNN_HARD640_m2p18_m2p02_20260617\cifs\job_032_Co_fe_-1.386_n4_generated_crystals_cif__gen_1.cif,-1.4119749069213867,0,0,1,Li1 Co2 O4,Li(CoO2)2,Co,8,Cm,1.91651,9.646444,6,6
job_098_Mg_fe_-1.184_n4_generated_crystals_cif__gen_1,D:\CGCNN\EARLY_LiM2O4_ALIGNN_HARD640_m2p18_m2p02_20260617\cifs\job_098_Mg_fe_-1.184_n4_generated_crystals_cif__gen_1.cif,-2.2197582721710205,0,1,0,Li1 Mg2 O4,LiMg2O4,Mg,1,P1,2.016368,10.980658,6,6
job_051_Co_fe_-1.402_n4_generated_crystals_cif__gen_2,D:\CGCNN\EARLY_LiM2O4_ALIGNN_HARD640_m2p18_m2p02_20260617\cifs\job_051_Co_fe_-1.402_n4_generated_crystals_cif__gen_2.cif,-1.476088285446167,0,0,1,Li1 Co2 O4,Li(CoO2)2,Co,6,Pm,1.91051,9.980405,6,6
job_083_Cr_fe_-0.935_n4_generated_crystals_cif__gen_1,D:\CGCNN\EARLY_LiM2O4_ALIGNN_HARD640_m2p18_m2p02_20260617\cifs\job_083_Cr_fe_-0.935_n4_generated_crystals_cif__gen_1.cif,-2.173450231552124,1,0,0,Li1 Cr2 O4,LiCr2O4,Cr,160,R3m,1.926055,10.460394,6,6
job_182_Cr_fe_-1.464_n4_generated_crystals_cif__gen_2,D:\CGCNN\EARLY_LiM2O4_ALIGNN_HARD640_m2p18_m2p02_20260617\cifs\job_182_Cr_fe_-1.464_n4_generated_crystals_cif__gen_2.cif,-2.143676280975342,1,0,0,Li1 Cr2 O4,LiCr2O4,Cr,156,P3m1,1.877889,10.930685,4,6
job_018_Co_fe_-0.907_n4_generated_crystals_cif__gen_3,D:\CGCNN\EARLY_LiM2O4_ALIGNN_HARD640_m2p18_m2p02_20260617\cifs\job_018_Co_fe_-0.907_n4_generated_crystals_cif__gen_3.cif,-1.4167397022247314,0,0,1,Li1 Co2 O4,Li(CoO2)2,Co,164,P-3m1,1.899119,9.913308,6,6
job_086_Mn_fe_-0.988_n4_generated_crystals_cif__gen_3,D:\CGCNN\EARLY_LiM2O4_ALIGNN_HARD640_m2p18_m2p02_20260617\cifs\job_086_Mn_fe_-0.988_n4_generated_crystals_cif__gen_3.cif,-1.9542670249938965,0,0,1,Li1 Mn2 O4,LiMn2O4,Mn,6,Pm,1.88841,10.752778,4,6
job_157_Ni_fe_-1.031_n4_generated_crystals_cif__gen_0,D:\CGCNN\EARLY_LiM2O4_ALIGNN_HARD640_m2p18_m2p02_20260617\cifs\job_157_Ni_fe_-1.031_n4_generated_crystals_cif__gen_0.cif,-0.9739506840705872,0,0,1,Li1 Ni2 O4,Li(NiO2)2,Ni,1,P1,1.865696,9.480073,6,6
job_043_Mn_fe_-1.340_n4_generated_crystals_cif__gen_3,D:\CGCNN\EARLY_LiM2O4_ALIGNN_HARD640_m2p18_m2p02_20260617\cifs\job_043_Mn_fe_-1.340_n4_generated_crystals_cif__gen_3.cif,-2.0343403816223145,1,0,0,Li1 Mn2 O4,LiMn2O4,Mn,6,Pm,1.931046,10.918713,6,6
job_212_Cr_fe_-1.473_n4_generated_crystals_cif__gen_3,D:\CGCNN\EARLY_LiM2O4_ALIGNN_HARD640_m2p18_m2p02_20260617\cifs\job_212_Cr_fe_-1.473_n4_generated_crystals_cif__gen_3.cif,-2.209064722061157,0,1,0,Li1 Cr2 O4,LiCr2O4,Cr,8,Cm,1.976337,10.529904,6,6
job_051_Co_fe_-1.402_n4_generated_crystals_cif__gen_1,D:\CGCNN\EARLY_LiM2O4_ALIGNN_HARD640_m2p18_m2p02_20260617\cifs\job_051_Co_fe_-1.402_n4_generated_crystals_cif__gen_1.cif,-1.4988126754760742,0,0,1,Li1 Co2 O4,Li(CoO2)2,Co,8,Cm,1.906483,9.899152,6,6
job_214_Cr_fe_-0.857_n4_generated_crystals_cif__gen_3,D:\CGCNN\EARLY_LiM2O4_ALIGNN_HARD640_m2p18_m2p02_20260617\cifs\job_214_Cr_fe_-0.857_n4_generated_crystals_cif__gen_3.cif,-2.1943607330322266,0,1,0,Li1 Cr2 O4,LiCr2O4,Cr,8,Cm,1.80045,10.115854,6,6
job_190_Mn_fe_-0.838_n4_generated_crystals_cif__gen_1,D:\CGCNN\EARLY_LiM2O4_ALIGNN_HARD640_m2p18_m2p02_20260617\cifs\job_190_Mn_fe_-0.838_n4_generated_crystals_cif__gen_1.cif,-2.0107338428497314,0,0,1,Li1 Mn2 O4,LiMn2O4,Mn,1,P1,1.916681,10.71964,6,6
job_027_Ti_fe_-1.340_n4_generated_crystals_cif__gen_0,D:\CGCNN\EARLY_LiM2O4_ALIGNN_HARD640_m2p18_m2p02_20260617\cifs\job_027_Ti_fe_-1.340_n4_generated_crystals_cif__gen_0.cif,-3.213128566741944,0,1,0,Li1 Ti2 O4,LiTi2O4,Ti,1,P1,1.949702,10.21592,5,6
job_125_Mn_fe_-1.190_n4_generated_crystals_cif__gen_3,D:\CGCNN\EARLY_LiM2O4_ALIGNN_HARD640_m2p18_m2p02_20260617\cifs\job_125_Mn_fe_-1.190_n4_generated_crystals_cif__gen_3.cif,-2.035506010055542,1,0,0,Li1 Mn2 O4,LiMn2O4,Mn,10,P2/m,1.933687,10.890595,6,6
job_021_Mg_fe_-1.413_n4_generated_crystals_cif__gen_0,D:\CGCNN\EARLY_LiM2O4_ALIGNN_HARD640_m2p18_m2p02_20260617\cifs\job_021_Mg_fe_-1.413_n4_generated_crystals_cif__gen_0.cif,-2.3071906566619877,0,1,0,Li1 Mg2 O4,LiMg2O4,Mg,47,Pmmm,2.096453,10.627643,6,6
job_031_Al_fe_-1.055_n4_generated_crystals_cif__gen_0,D:\CGCNN\EARLY_LiM2O4_ALIGNN_HARD640_m2p18_m2p02_20260617\cifs\job_031_Al_fe_-1.055_n4_generated_crystals_cif__gen_0.cif,-3.0106351375579834,0,1,0,Li1 Al2 O4,LiAl2O4,Al,8,Cm,1.798222,11.172699,4,5
job_243_Al_fe_-1.012_n4_generated_crystals_cif__gen_2,D:\CGCNN\EARLY_LiM2O4_ALIGNN_HARD640_m2p18_m2p02_20260617\cifs\job_243_Al_fe_-1.012_n4_generated_crystals_cif__gen_2.cif,-3.132365226745605,0,1,0,Li1 Al2 O4,LiAl2O4,Al,12,C2/m,1.912959,9.907499,6,6
job_017_Mn_fe_-1.234_n4_generated_crystals_cif__gen_0,D:\CGCNN\EARLY_LiM2O4_ALIGNN_HARD640_m2p18_m2p02_20260617\cifs\job_017_Mn_fe_-1.234_n4_generated_crystals_cif__gen_0.cif,-2.0187184810638428,0,0,1,Li1 Mn2 O4,LiMn2O4,Mn,2,P-1,1.915332,10.706988,6,6
job_086_Mn_fe_-0.988_n4_generated_crystals_cif__gen_1,D:\CGCNN\EARLY_LiM2O4_ALIGNN_HARD640_m2p18_m2p02_20260617\cifs\job_086_Mn_fe_-0.988_n4_generated_crystals_cif__gen_1.cif,-2.012666940689087,0,0,1,Li1 Mn2 O4,LiMn2O4,Mn,6,Pm,1.928333,10.606597,6,6
job_103_Ti_fe_-1.058_n4_generated_crystals_cif__gen_3,D:\CGCNN\EARLY_LiM2O4_ALIGNN_HARD640_m2p18_m2p02_20260617\cifs\job_103_Ti_fe_-1.058_n4_generated_crystals_cif__gen_3.cif,-3.122195243835449,0,1,0,Li1 Ti2 O4,LiTi2O4,Ti,1,P1,1.89413,10.382627,4,6
job_002_Ni_fe_-1.402_n4_generated_crystals_cif__gen_0,D:\CGCNN\EARLY_LiM2O4_ALIGNN_HARD640_m2p18_m2p02_20260617\cifs\job_002_Ni_fe_-1.402_n4_generated_crystals_cif__gen_0.cif,-1.0407291650772097,0,0,1,Li1 Ni2 O4,Li(NiO2)2,Ni,2,P-1,1.895213,9.88503,6,6
job_201_Cr_fe_-1.216_n4_generated_crystals_cif__gen_1,D:\CGCNN\EARLY_LiM2O4_ALIGNN_HARD640_m2p18_m2p02_20260617\cifs\job_201_Cr_fe_-1.216_n4_generated_crystals_cif__gen_1.cif,-2.21074652671814,0,1,0,Li1 Cr2 O4,LiCr2O4,Cr,10,P2/m,1.945326,10.53169,6,6
job_034_Co_fe_-1.009_n4_generated_crystals_cif__gen_1,D:\CGCNN\EARLY_LiM2O4_ALIGNN_HARD640_m2p18_m2p02_20260617\cifs\job_034_Co_fe_-1.009_n4_generated_crystals_cif__gen_1.cif,-1.457131028175354,0,0,1,Li1 Co2 O4,Li(CoO2)2,Co,12,C2/m,1.909501,9.925296,6,6
job_136_Cr_fe_-1.181_n4_generated_crystals_cif__gen_2,D:\CGCNN\EARLY_LiM2O4_ALIGNN_HARD640_m2p18_m2p02_20260617\cifs\job_136_Cr_fe_-1.181_n4_generated_crystals_cif__gen_2.cif,-2.209388256072998,0,1,0,Li1 Cr2 O4,LiCr2O4,Cr,44,Imm2,1.94655,9.966997,5,6
job_249_Cr_fe_-1.500_n4_generated_crystals_cif__gen_0,D:\CGCNN\EARLY_LiM2O4_ALIGNN_HARD640_m2p18_m2p02_20260617\cifs\job_249_Cr_fe_-1.500_n4_generated_crystals_cif__gen_0.cif,-2.2316524982452397,0,1,0,Li1 Cr2 O4,LiCr2O4,Cr,8,Cm,1.981394,10.748732,6,6
job_099_Ni_fe_-1.343_n4_generated_crystals_cif__gen_2,D:\CGCNN\EARLY_LiM2O4_ALIGNN_HARD640_m2p18_m2p02_20260617\cifs\job_099_Ni_fe_-1.343_n4_generated_crystals_cif__gen_2.cif,-1.0705647468566897,0,0,1,Li1 Ni2 O4,Li(NiO2)2,Ni,1,P1,1.871326,9.932052,6,6
job_113_Mn_fe_-1.432_n4_generated_crystals_cif__gen_2,D:\CGCNN\EARLY_LiM2O4_ALIGNN_HARD640_m2p18_m2p02_20260617\cifs\job_113_Mn_fe_-1.432_n4_generated_crystals_cif__gen_2.cif,-1.9988868236541748,0,0,1,Li1 Mn2 O4,LiMn2O4,Mn,8,Cm,1.901667,10.133782,6,6
job_158_Co_fe_-1.333_n4_generated_crystals_cif__gen_1,D:\CGCNN\EARLY_LiM2O4_ALIGNN_HARD640_m2p18_m2p02_20260617\cifs\job_158_Co_fe_-1.333_n4_generated_crystals_cif__gen_1.cif,-1.5012763738632202,0,0,1,Li1 Co2 O4,Li(CoO2)2,Co,12,C2/m,1.901131,9.910784,6,6
job_221_Ti_fe_-1.143_n4_generated_crystals_cif__gen_1,D:\CGCNN\EARLY_LiM2O4_ALIGNN_HARD640_m2p18_m2p02_20260617\cifs\job_221_Ti_fe_-1.143_n4_generated_crystals_cif__gen_1.cif,-3.2176730632781982,0,1,0,Li1 Ti2 O4,LiTi2O4,Ti,8,Cm,1.998347,10.121995,6,6
job_099_Ni_fe_-1.343_n4_generated_crystals_cif__gen_1,D:\CGCNN\EARLY_LiM2O4_ALIGNN_HARD640_m2p18_m2p02_20260617\cifs\job_099_Ni_fe_-1.343_n4_generated_crystals_cif__gen_1.cif,-1.0385584831237793,0,0,1,Li1 Ni2 O4,Li(NiO2)2,Ni,12,C2/m,1.875889,9.977949,6,6
job_232_Mn_fe_-1.004_n4_generated_crystals_cif__gen_2,D:\CGCNN\EARLY_LiM2O4_ALIGNN_HARD640_m2p18_m2p02_20260617\cifs\job_232_Mn_fe_-1.004_n4_generated_crystals_cif__gen_2.cif,-1.8914794921875,0,0,1,Li1 Mn2 O4,LiMn2O4,Mn,1,P1,1.823281,11.707497,5,5
job_058_Cr_fe_-1.423_n4_generated_crystals_cif__gen_0,D:\CGCNN\EARLY_LiM2O4_ALIGNN_HARD640_m2p18_m2p02_20260617\cifs\job_058_Cr_fe_-1.423_n4_generated_crystals_cif__gen_0.cif,-2.036665916442871,1,0,0,Li1 Cr2 O4,LiCr2O4,Cr,160,R3m,1.707937,11.322192,6,5
job_112_Cr_fe_-1.215_n4_generated_crystals_cif__gen_0,D:\CGCNN\EARLY_LiM2O4_ALIGNN_HARD640_m2p18_m2p02_20260617\cifs\job_112_Cr_fe_-1.215_n4_generated_crystals_cif__gen_0.cif,-2.210746049880981,0,1,0,Li1 Cr2 O4,LiCr2O4,Cr,6,Pm,1.948721,10.735095,6,6
job_017_Mn_fe_-1.234_n4_generated_crystals_cif__gen_2,D:\CGCNN\EARLY_LiM2O4_ALIGNN_HARD640_m2p18_m2p02_20260617\cifs\job_017_Mn_fe_-1.234_n4_generated_crystals_cif__gen_2.cif,-2.008680820465088,0,0,1,Li1 Mn2 O4,LiMn2O4,Mn,6,Pm,1.889327,9.964122,6,6
job_078_Ni_fe_-1.122_n4_generated_crystals_cif__gen_2,D:\CGCNN\EARLY_LiM2O4_ALIGNN_HARD640_m2p18_m2p02_20260617\cifs\job_078_Ni_fe_-1.122_n4_generated_crystals_cif__gen_2.cif,-1.0160249471664429,0,0,1,Li1 Ni2 O4,Li(NiO2)2,Ni,8,Cm,1.905312,10.13609,6,6
job_134_Mn_fe_-0.810_n4_generated_crystals_cif__gen_1,D:\CGCNN\EARLY_LiM2O4_ALIGNN_HARD640_m2p18_m2p02_20260617\cifs\job_134_Mn_fe_-0.810_n4_generated_crystals_cif__gen_1.cif,-2.0261118412017822,1,0,0,Li1 Mn2 O4,LiMn2O4,Mn,1,P1,1.918612,11.109234,5,6
job_024_Mg_fe_-0.880_n4_generated_crystals_cif__gen_0,D:\CGCNN\EARLY_LiM2O4_ALIGNN_HARD640_m2p18_m2p02_20260617\cifs\job_024_Mg_fe_-0.880_n4_generated_crystals_cif__gen_0.cif,-2.180685520172119,0,1,0,Li1 Mg2 O4,LiMg2O4,Mg,8,Cm,2.023712,10.952227,6,6
job_249_Cr_fe_-1.500_n4_generated_crystals_cif__gen_2,D:\CGCNN\EARLY_LiM2O4_ALIGNN_HARD640_m2p18_m2p02_20260617\cifs\job_249_Cr_fe_-1.500_n4_generated_crystals_cif__gen_2.cif,-2.159709215164185,1,0,0,Li1 Cr2 O4,LiCr2O4,Cr,8,Cm,1.828482,11.379953,5,5
job_091_Ni_fe_-1.314_n4_generated_crystals_cif__gen_0,D:\CGCNN\EARLY_LiM2O4_ALIGNN_HARD640_m2p18_m2p02_20260617\cifs\job_091_Ni_fe_-1.314_n4_generated_crystals_cif__gen_0.cif,-1.0840331315994265,0,0,1,Li1 Ni2 O4,Li(NiO2)2,Ni,1,P1,1.853578,9.996246,6,6
job_149_Mn_fe_-1.083_n4_generated_crystals_cif__gen_2,D:\CGCNN\EARLY_LiM2O4_ALIGNN_HARD640_m2p18_m2p02_20260617\cifs\job_149_Mn_fe_-1.083_n4_generated_crystals_cif__gen_2.cif,-1.9118714332580569,0,0,1,Li1 Mn2 O4,LiMn2O4,Mn,8,Cm,1.911992,11.152181,4,6
job_082_Co_fe_-0.885_n4_generated_crystals_cif__gen_0,D:\CGCNN\EARLY_LiM2O4_ALIGNN_HARD640_m2p18_m2p02_20260617\cifs\job_082_Co_fe_-0.885_n4_generated_crystals_cif__gen_0.cif,-1.4394774436950684,0,0,1,Li1 Co2 O4,Li(CoO2)2,Co,12,C2/m,1.920023,9.946684,6,6
job_041_Ni_fe_-1.021_n4_generated_crystals_cif__gen_1,D:\CGCNN\EARLY_LiM2O4_ALIGNN_HARD640_m2p18_m2p02_20260617\cifs\job_041_Ni_fe_-1.021_n4_generated_crystals_cif__gen_1.cif,-1.024953842163086,0,0,1,Li1 Ni2 O4,Li(NiO2)2,Ni,1,P1,1.856434,9.718273,6,6
job_011_Mg_fe_-1.305_n4_generated_crystals_cif__gen_2,D:\CGCNN\EARLY_LiM2O4_ALIGNN_HARD640_m2p18_m2p02_20260617\cifs\job_011_Mg_fe_-1.305_n4_generated_crystals_cif__gen_2.cif,-2.2273149490356445,0,1,0,Li1 Mg2 O4,LiMg2O4,Mg,5,C2,2.028983,11.025191,6,6
job_211_Ti_fe_-1.424_n4_generated_crystals_cif__gen_2,D:\CGCNN\EARLY_LiM2O4_ALIGNN_HARD640_m2p18_m2p02_20260617\cifs\job_211_Ti_fe_-1.424_n4_generated_crystals_cif__gen_2.cif,-3.223515510559082,0,1,0,Li1 Ti2 O4,LiTi2O4,Ti,44,Imm2,2.004278,10.040957,6,6
job_079_Cr_fe_-0.854_n4_generated_crystals_cif__gen_2,D:\CGCNN\EARLY_LiM2O4_ALIGNN_HARD640_m2p18_m2p02_20260617\cifs\job_079_Cr_fe_-0.854_n4_generated_crystals_cif__gen_2.cif,-2.203239917755127,0,1,0,Li1 Cr2 O4,LiCr2O4,Cr,160,R3m,1.945996,10.776544,6,6
job_071_Ti_fe_-0.887_n4_generated_crystals_cif__gen_3,D:\CGCNN\EARLY_LiM2O4_ALIGNN_HARD640_m2p18_m2p02_20260617\cifs\job_071_Ti_fe_-0.887_n4_generated_crystals_cif__gen_3.cif,-3.2245068550109863,0,1,0,Li1 Ti2 O4,LiTi2O4,Ti,119,I-4m2,1.981688,9.94381,6,6
job_032_Co_fe_-1.386_n4_generated_crystals_cif__gen_2,D:\CGCNN\EARLY_LiM2O4_ALIGNN_HARD640_m2p18_m2p02_20260617\cifs\job_032_Co_fe_-1.386_n4_generated_crystals_cif__gen_2.cif,-1.4285393953323364,0,0,1,Li1 Co2 O4,Li(CoO2)2,Co,8,Cm,1.913499,9.727925,5,6
job_242_Ti_fe_-1.214_n4_generated_crystals_cif__gen_0,D:\CGCNN\EARLY_LiM2O4_ALIGNN_HARD640_m2p18_m2p02_20260617\cifs\job_242_Ti_fe_-1.214_n4_generated_crystals_cif__gen_0.cif,-3.160521984100342,0,1,0,Li1 Ti2 O4,LiTi2O4,Ti,1,P1,1.906685,11.501316,4,6
job_241_Co_fe_-1.145_n4_generated_crystals_cif__gen_2,D:\CGCNN\EARLY_LiM2O4_ALIGNN_HARD640_m2p18_m2p02_20260617\cifs\job_241_Co_fe_-1.145_n4_generated_crystals_cif__gen_2.cif,-1.3559165000915527,0,0,1,Li1 Co2 O4,Li(CoO2)2,Co,8,Cm,1.836052,9.841758,6,6
job_030_Mn_fe_-1.234_n4_generated_crystals_cif__gen_3,D:\CGCNN\EARLY_LiM2O4_ALIGNN_HARD640_m2p18_m2p02_20260617\cifs\job_030_Mn_fe_-1.234_n4_generated_crystals_cif__gen_3.cif,-1.9887442588806152,0,0,1,Li1 Mn2 O4,LiMn2O4,Mn,6,Pm,1.882538,9.769692,6,6
job_196_Cr_fe_-0.819_n4_generated_crystals_cif__gen_3,D:\CGCNN\EARLY_LiM2O4_ALIGNN_HARD640_m2p18_m2p02_20260617\cifs\job_196_Cr_fe_-0.819_n4_generated_crystals_cif__gen_3.cif,-2.151050090789795,1,0,0,Li1 Cr2 O4,LiCr2O4,Cr,1,P1,1.849438,9.700913,6,6
job_028_Co_fe_-0.810_n4_generated_crystals_cif__gen_3,D:\CGCNN\EARLY_LiM2O4_ALIGNN_HARD640_m2p18_m2p02_20260617\cifs\job_028_Co_fe_-0.810_n4_generated_crystals_cif__gen_3.cif,-1.5238240957260132,0,0,1,Li1 Co2 O4,Li(CoO2)2,Co,8,Cm,1.893923,9.730476,6,6
job_146_Cr_fe_-1.128_n4_generated_crystals_cif__gen_3,D:\CGCNN\EARLY_LiM2O4_ALIGNN_HARD640_m2p18_m2p02_20260617\cifs\job_146_Cr_fe_-1.128_n4_generated_crystals_cif__gen_3.cif,-2.2156307697296143,0,1,0,Li1 Cr2 O4,LiCr2O4,Cr,10,P2/m,1.933091,10.826918,6,6
job_081_Al_fe_-1.486_n4_generated_crystals_cif__gen_3,D:\CGCNN\EARLY_LiM2O4_ALIGNN_HARD640_m2p18_m2p02_20260617\cifs\job_081_Al_fe_-1.486_n4_generated_crystals_cif__gen_3.cif,-3.1494154930114746,0,1,0,Li1 Al2 O4,LiAl2O4,Al,8,Cm,1.875898,9.960495,6,6
job_093_Ni_fe_-0.850_n4_generated_crystals_cif__gen_3,D:\CGCNN\EARLY_LiM2O4_ALIGNN_HARD640_m2p18_m2p02_20260617\cifs\job_093_Ni_fe_-0.850_n4_generated_crystals_cif__gen_3.cif,-1.0917706489562988,0,0,1,Li1 Ni2 O4,Li(NiO2)2,Ni,1,P1,1.855498,10.256569,6,6
job_113_Mn_fe_-1.432_n4_generated_crystals_cif__gen_0,D:\CGCNN\EARLY_LiM2O4_ALIGNN_HARD640_m2p18_m2p02_20260617\cifs\job_113_Mn_fe_-1.432_n4_generated_crystals_cif__gen_0.cif,-1.9254555702209477,0,0,1,Li1 Mn2 O4,LiMn2O4,Mn,1,P1,1.87982,11.404077,4,5
job_025_Co_fe_-1.096_n4_generated_crystals_cif__gen_2,D:\CGCNN\EARLY_LiM2O4_ALIGNN_HARD640_m2p18_m2p02_20260617\cifs\job_025_Co_fe_-1.096_n4_generated_crystals_cif__gen_2.cif,-1.4236335754394531,0,0,1,Li1 Co2 O4,Li(CoO2)2,Co,6,Pm,1.896001,10.496816,6,6
job_051_Co_fe_-1.402_n4_generated_crystals_cif__gen_0,D:\CGCNN\EARLY_LiM2O4_ALIGNN_HARD640_m2p18_m2p02_20260617\cifs\job_051_Co_fe_-1.402_n4_generated_crystals_cif__gen_0.cif,-1.4711841344833374,0,0,1,Li1 Co2 O4,Li(CoO2)2,Co,12,C2/m,1.912297,9.862325,6,6
job_160_Ti_fe_-1.290_n4_generated_crystals_cif__gen_3,D:\CGCNN\EARLY_LiM2O4_ALIGNN_HARD640_m2p18_m2p02_20260617\cifs\job_160_Ti_fe_-1.290_n4_generated_crystals_cif__gen_3.cif,-3.1702780723571777,0,1,0,Li1 Ti2 O4,LiTi2O4,Ti,10,P2/m,1.988674,10.954849,6,6
job_121_Ni_fe_-1.367_n4_generated_crystals_cif__gen_0,D:\CGCNN\EARLY_LiM2O4_ALIGNN_HARD640_m2p18_m2p02_20260617\cifs\job_121_Ni_fe_-1.367_n4_generated_crystals_cif__gen_0.cif,-1.0635491609573364,0,0,1,Li1 Ni2 O4,Li(NiO2)2,Ni,1,P1,1.86178,9.91734,6,6
job_232_Mn_fe_-1.004_n4_generated_crystals_cif__gen_1,D:\CGCNN\EARLY_LiM2O4_ALIGNN_HARD640_m2p18_m2p02_20260617\cifs\job_232_Mn_fe_-1.004_n4_generated_crystals_cif__gen_1.cif,-2.0107791423797607,0,0,1,Li1 Mn2 O4,LiMn2O4,Mn,8,Cm,1.910576,10.180845,6,6
job_237_Co_fe_-1.198_n4_generated_crystals_cif__gen_0,D:\CGCNN\EARLY_LiM2O4_ALIGNN_HARD640_m2p18_m2p02_20260617\cifs\job_237_Co_fe_-1.198_n4_generated_crystals_cif__gen_0.cif,-1.3146519660949707,0,0,1,Li1 Co2 O4,Li(CoO2)2,Co,65,Cmmm,1.865523,9.438549,6,6
job_198_Ni_fe_-1.023_n4_generated_crystals_cif__gen_2,D:\CGCNN\EARLY_LiM2O4_ALIGNN_HARD640_m2p18_m2p02_20260617\cifs\job_198_Ni_fe_-1.023_n4_generated_crystals_cif__gen_2.cif,-0.9974856376647948,0,0,1,Li1 Ni2 O4,Li(NiO2)2,Ni,8,Cm,1.877729,9.720613,6,6
job_080_Mn_fe_-1.081_n4_generated_crystals_cif__gen_0,D:\CGCNN\EARLY_LiM2O4_ALIGNN_HARD640_m2p18_m2p02_20260617\cifs\job_080_Mn_fe_-1.081_n4_generated_crystals_cif__gen_0.cif,-1.9899033308029173,0,0,1,Li1 Mn2 O4,LiMn2O4,Mn,1,P1,1.927703,11.552215,4,6
job_112_Cr_fe_-1.215_n4_generated_crystals_cif__gen_1,D:\CGCNN\EARLY_LiM2O4_ALIGNN_HARD640_m2p18_m2p02_20260617\cifs\job_112_Cr_fe_-1.215_n4_generated_crystals_cif__gen_1.cif,-2.181520700454712,0,1,0,Li1 Cr2 O4,LiCr2O4,Cr,8,Cm,1.938322,9.871198,5,6
job_228_Ti_fe_-0.950_n4_generated_crystals_cif__gen_0,D:\CGCNN\EARLY_LiM2O4_ALIGNN_HARD640_m2p18_m2p02_20260617\cifs\job_228_Ti_fe_-0.950_n4_generated_crystals_cif__gen_0.cif,-3.1708168983459477,0,1,0,Li1 Ti2 O4,LiTi2O4,Ti,8,Cm,1.879178,11.227184,4,6
job_164_Mn_fe_-1.449_n4_generated_crystals_cif__gen_2,D:\CGCNN\EARLY_LiM2O4_ALIGNN_HARD640_m2p18_m2p02_20260617\cifs\job_164_Mn_fe_-1.449_n4_generated_crystals_cif__gen_2.cif,-1.9216485023498533,0,0,1,Li1 Mn2 O4,LiMn2O4,Mn,8,Cm,1.947782,10.921054,6,6
job_183_Ti_fe_-1.203_n4_generated_crystals_cif__gen_3,D:\CGCNN\EARLY_LiM2O4_ALIGNN_HARD640_m2p18_m2p02_20260617\cifs\job_183_Ti_fe_-1.203_n4_generated_crystals_cif__gen_3.cif,-3.170330762863159,0,1,0,Li1 Ti2 O4,LiTi2O4,Ti,8,Cm,1.927661,10.726473,6,6
job_209_Ti_fe_-0.932_n4_generated_crystals_cif__gen_1,D:\CGCNN\EARLY_LiM2O4_ALIGNN_HARD640_m2p18_m2p02_20260617\cifs\job_209_Ti_fe_-0.932_n4_generated_crystals_cif__gen_1.cif,-3.172770738601685,0,1,0,Li1 Ti2 O4,LiTi2O4,Ti,10,P2/m,1.988135,10.848789,6,6
job_160_Ti_fe_-1.290_n4_generated_crystals_cif__gen_2,D:\CGCNN\EARLY_LiM2O4_ALIGNN_HARD640_m2p18_m2p02_20260617\cifs\job_160_Ti_fe_-1.290_n4_generated_crystals_cif__gen_2.cif,-3.230051755905152,0,1,0,Li1 Ti2 O4,LiTi2O4,Ti,44,Imm2,1.99452,10.068396,6,6
job_013_Cr_fe_-1.388_n4_generated_crystals_cif__gen_2,D:\CGCNN\EARLY_LiM2O4_ALIGNN_HARD640_m2p18_m2p02_20260617\cifs\job_013_Cr_fe_-1.388_n4_generated_crystals_cif__gen_2.cif,-2.179424524307251,1,0,0,Li1 Cr2 O4,LiCr2O4,Cr,8,Cm,1.79641,10.050248,6,6
job_225_Co_fe_-1.375_n4_generated_crystals_cif__gen_2,D:\CGCNN\EARLY_LiM2O4_ALIGNN_HARD640_m2p18_m2p02_20260617\cifs\job_225_Co_fe_-1.375_n4_generated_crystals_cif__gen_2.cif,-1.4942165613174438,0,0,1,Li1 Co2 O4,Li(CoO2)2,Co,6,Pm,1.894443,9.75281,6,6
job_052_Ti_fe_-1.107_n4_generated_crystals_cif__gen_2,D:\CGCNN\EARLY_LiM2O4_ALIGNN_HARD640_m2p18_m2p02_20260617\cifs\job_052_Ti_fe_-1.107_n4_generated_crystals_cif__gen_2.cif,-3.154282331466675,0,1,0,Li1 Ti2 O4,LiTi2O4,Ti,8,Cm,1.677602,11.362139,6,4
job_167_Mn_fe_-0.885_n4_generated_crystals_cif__gen_1,D:\CGCNN\EARLY_LiM2O4_ALIGNN_HARD640_m2p18_m2p02_20260617\cifs\job_167_Mn_fe_-0.885_n4_generated_crystals_cif__gen_1.cif,-2.0094380378723145,0,0,1,Li1 Mn2 O4,LiMn2O4,Mn,6,Pm,1.918326,10.551893,6,6
job_156_Co_fe_-0.846_n4_generated_crystals_cif__gen_1,D:\CGCNN\EARLY_LiM2O4_ALIGNN_HARD640_m2p18_m2p02_20260617\cifs\job_156_Co_fe_-0.846_n4_generated_crystals_cif__gen_1.cif,-1.524195432662964,0,0,1,Li1 Co2 O4,Li(CoO2)2,Co,8,Cm,1.88396,9.784137,6,6
job_095_Ni_fe_-1.001_n4_generated_crystals_cif__gen_3,D:\CGCNN\EARLY_LiM2O4_ALIGNN_HARD640_m2p18_m2p02_20260617\cifs\job_095_Ni_fe_-1.001_n4_generated_crystals_cif__gen_3.cif,-1.0219249725341797,0,0,1,Li1 Ni2 O4,Li(NiO2)2,Ni,1,P1,1.877406,10.706064,4,6
job_164_Mn_fe_-1.449_n4_generated_crystals_cif__gen_1,D:\CGCNN\EARLY_LiM2O4_ALIGNN_HARD640_m2p18_m2p02_20260617\cifs\job_164_Mn_fe_-1.449_n4_generated_crystals_cif__gen_1.cif,-1.9572625160217283,0,0,1,Li1 Mn2 O4,LiMn2O4,Mn,8,Cm,1.930639,10.465621,6,6
job_165_Ni_fe_-1.146_n4_generated_crystals_cif__gen_2,D:\CGCNN\EARLY_LiM2O4_ALIGNN_HARD640_m2p18_m2p02_20260617\cifs\job_165_Ni_fe_-1.146_n4_generated_crystals_cif__gen_2.cif,-1.0306735038757324,0,0,1,Li1 Ni2 O4,Li(NiO2)2,Ni,12,C2/m,1.883441,9.863633,6,6
job_180_Ti_fe_-0.903_n4_generated_crystals_cif__gen_0,D:\CGCNN\EARLY_LiM2O4_ALIGNN_HARD640_m2p18_m2p02_20260617\cifs\job_180_Ti_fe_-0.903_n4_generated_crystals_cif__gen_0.cif,-3.166663885116577,0,1,0,Li1 Ti2 O4,LiTi2O4,Ti,10,P2/m,1.99619,10.950042,6,6
job_072_Co_fe_-0.820_n4_generated_crystals_cif__gen_3,D:\CGCNN\EARLY_LiM2O4_ALIGNN_HARD640_m2p18_m2p02_20260617\cifs\job_072_Co_fe_-0.820_n4_generated_crystals_cif__gen_3.cif,-1.448652267456055,0,0,1,Li1 Co2 O4,Li(CoO2)2,Co,8,Cm,1.902273,10.494029,4,6
job_124_Ni_fe_-0.888_n4_generated_crystals_cif__gen_0,D:\CGCNN\EARLY_LiM2O4_ALIGNN_HARD640_m2p18_m2p02_20260617\cifs\job_124_Ni_fe_-0.888_n4_generated_crystals_cif__gen_0.cif,-1.028308391571045,0,0,1,Li1 Ni2 O4,Li(NiO2)2,Ni,8,Cm,1.884697,9.950532,6,6
job_184_Co_fe_-1.469_n4_generated_crystals_cif__gen_0,D:\CGCNN\EARLY_LiM2O4_ALIGNN_HARD640_m2p18_m2p02_20260617\cifs\job_184_Co_fe_-1.469_n4_generated_crystals_cif__gen_0.cif,-1.350908875465393,0,0,1,Li1 Co2 O4,Li(CoO2)2,Co,156,P3m1,1.789958,10.169236,4,5
job_184_Co_fe_-1.469_n4_generated_crystals_cif__gen_2,D:\CGCNN\EARLY_LiM2O4_ALIGNN_HARD640_m2p18_m2p02_20260617\cifs\job_184_Co_fe_-1.469_n4_generated_crystals_cif__gen_2.cif,-1.4096026420593262,0,0,1,Li1 Co2 O4,Li(CoO2)2,Co,8,Cm,1.834049,9.358892,6,6
job_234_Cr_fe_-1.123_n4_generated_crystals_cif__gen_0,D:\CGCNN\EARLY_LiM2O4_ALIGNN_HARD640_m2p18_m2p02_20260617\cifs\job_234_Cr_fe_-1.123_n4_generated_crystals_cif__gen_0.cif,-2.1932477951049805,0,1,0,Li1 Cr2 O4,LiCr2O4,Cr,8,Cm,1.942167,10.518673,6,6
job_235_Ti_fe_-0.842_n4_generated_crystals_cif__gen_1,D:\CGCNN\EARLY_LiM2O4_ALIGNN_HARD640_m2p18_m2p02_20260617\cifs\job_235_Ti_fe_-0.842_n4_generated_crystals_cif__gen_1.cif,-3.173351526260376,0,1,0,Li1 Ti2 O4,LiTi2O4,Ti,12,C2/m,1.957854,10.963075,6,6
job_243_Al_fe_-1.012_n4_generated_crystals_cif__gen_1,D:\CGCNN\EARLY_LiM2O4_ALIGNN_HARD640_m2p18_m2p02_20260617\cifs\job_243_Al_fe_-1.012_n4_generated_crystals_cif__gen_1.cif,-2.765770673751831,0,1,0,Li1 Al2 O4,LiAl2O4,Al,160,R3m,1.72534,10.392989,6,5
job_095_Ni_fe_-1.001_n4_generated_crystals_cif__gen_1,D:\CGCNN\EARLY_LiM2O4_ALIGNN_HARD640_m2p18_m2p02_20260617\cifs\job_095_Ni_fe_-1.001_n4_generated_crystals_cif__gen_1.cif,-1.0402337312698364,0,0,1,Li1 Ni2 O4,Li(NiO2)2,Ni,1,P1,1.837805,9.718313,6,6
job_088_Cr_fe_-1.127_n4_generated_crystals_cif__gen_3,D:\CGCNN\EARLY_LiM2O4_ALIGNN_HARD640_m2p18_m2p02_20260617\cifs\job_088_Cr_fe_-1.127_n4_generated_crystals_cif__gen_3.cif,-2.148867130279541,1,0,0,Li1 Cr2 O4,LiCr2O4,Cr,8,Cm,1.858254,9.848461,5,6
job_185_Co_fe_-0.960_n4_generated_crystals_cif__gen_3,D:\CGCNN\EARLY_LiM2O4_ALIGNN_HARD640_m2p18_m2p02_20260617\cifs\job_185_Co_fe_-0.960_n4_generated_crystals_cif__gen_3.cif,-1.5024162530899048,0,0,1,Li1 Co2 O4,Li(CoO2)2,Co,6,Pm,1.889985,9.709581,6,6
job_042_Cr_fe_-0.962_n4_generated_crystals_cif__gen_1,D:\CGCNN\EARLY_LiM2O4_ALIGNN_HARD640_m2p18_m2p02_20260617\cifs\job_042_Cr_fe_-0.962_n4_generated_crystals_cif__gen_1.cif,-2.156160831451416,1,0,0,Li1 Cr2 O4,LiCr2O4,Cr,8,Cm,1.764783,9.967569,6,6
job_045_Al_fe_-1.313_n4_generated_crystals_cif__gen_1,D:\CGCNN\EARLY_LiM2O4_ALIGNN_HARD640_m2p18_m2p02_20260617\cifs\job_045_Al_fe_-1.313_n4_generated_crystals_cif__gen_1.cif,-2.9452714920043945,0,1,0,Li1 Al2 O4,LiAl2O4,Al,1,P1,1.83446,8.97666,6,6
job_058_Cr_fe_-1.423_n4_generated_crystals_cif__gen_3,D:\CGCNN\EARLY_LiM2O4_ALIGNN_HARD640_m2p18_m2p02_20260617\cifs\job_058_Cr_fe_-1.423_n4_generated_crystals_cif__gen_3.cif,-2.1625735759735107,1,0,0,Li1 Cr2 O4,LiCr2O4,Cr,8,Cm,1.824876,11.283884,5,5
job_082_Co_fe_-0.885_n4_generated_crystals_cif__gen_1,D:\CGCNN\EARLY_LiM2O4_ALIGNN_HARD640_m2p18_m2p02_20260617\cifs\job_082_Co_fe_-0.885_n4_generated_crystals_cif__gen_1.cif,-1.3977574110031128,0,0,1,Li1 Co2 O4,Li(CoO2)2,Co,1,P1,1.936358,9.904825,5,6
job_002_Ni_fe_-1.402_n4_generated_crystals_cif__gen_3,D:\CGCNN\EARLY_LiM2O4_ALIGNN_HARD640_m2p18_m2p02_20260617\cifs\job_002_Ni_fe_-1.402_n4_generated_crystals_cif__gen_3.cif,-1.0625159740447998,0,0,1,Li1 Ni2 O4,Li(NiO2)2,Ni,6,Pm,1.879415,9.851792,6,6
job_148_Mn_fe_-0.904_n4_generated_crystals_cif__gen_2,D:\CGCNN\EARLY_LiM2O4_ALIGNN_HARD640_m2p18_m2p02_20260617\cifs\job_148_Mn_fe_-0.904_n4_generated_crystals_cif__gen_2.cif,-2.022401571273804,1,0,0,Li1 Mn2 O4,LiMn2O4,Mn,8,Cm,1.910713,11.175732,5,6
job_238_Ti_fe_-0.855_n4_generated_crystals_cif__gen_3,D:\CGCNN\EARLY_LiM2O4_ALIGNN_HARD640_m2p18_m2p02_20260617\cifs\job_238_Ti_fe_-0.855_n4_generated_crystals_cif__gen_3.cif,-3.2075507640838623,0,1,0,Li1 Ti2 O4,LiTi2O4,Ti,8,Cm,1.930335,10.066186,5,6
job_122_Al_fe_-1.402_n4_generated_crystals_cif__gen_1,D:\CGCNN\EARLY_LiM2O4_ALIGNN_HARD640_m2p18_m2p02_20260617\cifs\job_122_Al_fe_-1.402_n4_generated_crystals_cif__gen_1.cif,-3.153981924057007,0,1,0,Li1 Al2 O4,LiAl2O4,Al,1,P1,1.869344,9.950193,6,6
job_169_Al_fe_-0.916_n4_generated_crystals_cif__gen_3,D:\CGCNN\EARLY_LiM2O4_ALIGNN_HARD640_m2p18_m2p02_20260617\cifs\job_169_Al_fe_-0.916_n4_generated_crystals_cif__gen_3.cif,-2.881225109100342,0,1,0,Li1 Al2 O4,LiAl2O4,Al,160,R3m,1.738518,9.522666,6,5
job_119_Ti_fe_-1.262_n4_generated_crystals_cif__gen_1,D:\CGCNN\EARLY_LiM2O4_ALIGNN_HARD640_m2p18_m2p02_20260617\cifs\job_119_Ti_fe_-1.262_n4_generated_crystals_cif__gen_1.cif,-3.220386028289795,0,1,0,Li1 Ti2 O4,LiTi2O4,Ti,8,Cm,2.00429,10.086483,6,6
job_247_Ni_fe_-1.069_n4_generated_crystals_cif__gen_0,D:\CGCNN\EARLY_LiM2O4_ALIGNN_HARD640_m2p18_m2p02_20260617\cifs\job_247_Ni_fe_-1.069_n4_generated_crystals_cif__gen_0.cif,-1.0674479007720947,0,0,1,Li1 Ni2 O4,Li(NiO2)2,Ni,6,Pm,1.866149,9.968613,6,6
job_066_Mn_fe_-1.023_n4_generated_crystals_cif__gen_2,D:\CGCNN\EARLY_LiM2O4_ALIGNN_HARD640_m2p18_m2p02_20260617\cifs\job_066_Mn_fe_-1.023_n4_generated_crystals_cif__gen_2.cif,-1.9932122230529783,0,0,1,Li1 Mn2 O4,LiMn2O4,Mn,1,P1,1.913943,11.63073,4,6
job_054_Al_fe_-0.872_n4_generated_crystals_cif__gen_2,D:\CGCNN\EARLY_LiM2O4_ALIGNN_HARD640_m2p18_m2p02_20260617\cifs\job_054_Al_fe_-0.872_n4_generated_crystals_cif__gen_2.cif,-3.1348016262054443,0,1,0,Li1 Al2 O4,LiAl2O4,Al,25,Pmm2,1.866933,10.130321,4,6
job_166_Ni_fe_-0.847_n4_generated_crystals_cif__gen_3,D:\CGCNN\EARLY_LiM2O4_ALIGNN_HARD640_m2p18_m2p02_20260617\cifs\job_166_Ni_fe_-0.847_n4_generated_crystals_cif__gen_3.cif,-1.0118584632873535,0,0,1,Li1 Ni2 O4,Li(NiO2)2,Ni,8,Cm,1.891304,9.807017,6,6
job_018_Co_fe_-0.907_n4_generated_crystals_cif__gen_0,D:\CGCNN\EARLY_LiM2O4_ALIGNN_HARD640_m2p18_m2p02_20260617\cifs\job_018_Co_fe_-0.907_n4_generated_crystals_cif__gen_0.cif,-1.4637501239776611,0,0,1,Li1 Co2 O4,Li(CoO2)2,Co,12,C2/m,1.904892,9.892284,6,6
job_017_Mn_fe_-1.234_n4_generated_crystals_cif__gen_3,D:\CGCNN\EARLY_LiM2O4_ALIGNN_HARD640_m2p18_m2p02_20260617\cifs\job_017_Mn_fe_-1.234_n4_generated_crystals_cif__gen_3.cif,-1.9223705530166624,0,0,1,Li1 Mn2 O4,LiMn2O4,Mn,1,P1,1.880962,10.056066,6,5
job_029_Cr_fe_-1.337_n4_generated_crystals_cif__gen_3,D:\CGCNN\EARLY_LiM2O4_ALIGNN_HARD640_m2p18_m2p02_20260617\cifs\job_029_Cr_fe_-1.337_n4_generated_crystals_cif__gen_3.cif,-2.181931734085083,0,1,0,Li1 Cr2 O4,LiCr2O4,Cr,1,P1,1.933056,10.411331,6,6
job_067_Mg_fe_-0.974_n4_generated_crystals_cif__gen_1,D:\CGCNN\EARLY_LiM2O4_ALIGNN_HARD640_m2p18_m2p02_20260617\cifs\job_067_Mg_fe_-0.974_n4_generated_crystals_cif__gen_1.cif,-2.1713287830352783,1,0,0,Li1 Mg2 O4,LiMg2O4,Mg,8,Cm,2.035751,11.004075,6,6
job_220_Cr_fe_-1.305_n4_generated_crystals_cif__gen_0,D:\CGCNN\EARLY_LiM2O4_ALIGNN_HARD640_m2p18_m2p02_20260617\cifs\job_220_Cr_fe_-1.305_n4_generated_crystals_cif__gen_0.cif,-2.215806245803833,0,1,0,Li1 Cr2 O4,LiCr2O4,Cr,1,P1,1.937664,10.044787,5,6
job_027_Ti_fe_-1.340_n4_generated_crystals_cif__gen_2,D:\CGCNN\EARLY_LiM2O4_ALIGNN_HARD640_m2p18_m2p02_20260617\cifs\job_027_Ti_fe_-1.340_n4_generated_crystals_cif__gen_2.cif,-3.208082675933838,0,1,0,Li1 Ti2 O4,LiTi2O4,Ti,44,Imm2,1.949538,10.192515,5,6
job_005_Al_fe_-1.478_n4_generated_crystals_cif__gen_2,D:\CGCNN\EARLY_LiM2O4_ALIGNN_HARD640_m2p18_m2p02_20260617\cifs\job_005_Al_fe_-1.478_n4_generated_crystals_cif__gen_2.cif,-3.0411131381988525,0,1,0,Li1 Al2 O4,LiAl2O4,Al,160,R3m,1.711338,10.053634,6,5
job_084_Ni_fe_-1.459_n4_generated_crystals_cif__gen_0,D:\CGCNN\EARLY_LiM2O4_ALIGNN_HARD640_m2p18_m2p02_20260617\cifs\job_084_Ni_fe_-1.459_n4_generated_crystals_cif__gen_0.cif,-1.056497573852539,0,0,1,Li1 Ni2 O4,Li(NiO2)2,Ni,6,Pm,1.8691,9.869345,6,6
job_155_Mg_fe_-1.104_n4_generated_crystals_cif__gen_3,D:\CGCNN\EARLY_LiM2O4_ALIGNN_HARD640_m2p18_m2p02_20260617\cifs\job_155_Mg_fe_-1.104_n4_generated_crystals_cif__gen_3.cif,-2.2088632583618164,0,1,0,Li1 Mg2 O4,LiMg2O4,Mg,8,Cm,2.017343,10.854721,6,6
job_125_Mn_fe_-1.190_n4_generated_crystals_cif__gen_1,D:\CGCNN\EARLY_LiM2O4_ALIGNN_HARD640_m2p18_m2p02_20260617\cifs\job_125_Mn_fe_-1.190_n4_generated_crystals_cif__gen_1.cif,-2.018841505050659,0,0,1,Li1 Mn2 O4,LiMn2O4,Mn,6,Pm,1.916465,10.644723,6,6
job_095_Ni_fe_-1.001_n4_generated_crystals_cif__gen_0,D:\CGCNN\EARLY_LiM2O4_ALIGNN_HARD640_m2p18_m2p02_20260617\cifs\job_095_Ni_fe_-1.001_n4_generated_crystals_cif__gen_0.cif,-0.9382359385490416,0,0,1,Li1 Ni2 O4,Li(NiO2)2,Ni,1,P1,1.905024,9.985623,6,6
job_151_Al_fe_-1.416_n4_generated_crystals_cif__gen_1,D:\CGCNN\EARLY_LiM2O4_ALIGNN_HARD640_m2p18_m2p02_20260617\cifs\job_151_Al_fe_-1.416_n4_generated_crystals_cif__gen_1.cif,-3.069370985031128,0,1,0,Li1 Al2 O4,LiAl2O4,Al,1,P1,1.785137,10.097486,5,5
job_172_Mn_fe_-1.032_n4_generated_crystals_cif__gen_1,D:\CGCNN\EARLY_LiM2O4_ALIGNN_HARD640_m2p18_m2p02_20260617\cifs\job_172_Mn_fe_-1.032_n4_generated_crystals_cif__gen_1.cif,-2.029231548309326,1,0,0,Li1 Mn2 O4,LiMn2O4,Mn,8,Cm,1.928163,10.802583,6,6
job_141_Co_fe_-1.348_n4_generated_crystals_cif__gen_1,D:\CGCNN\EARLY_LiM2O4_ALIGNN_HARD640_m2p18_m2p02_20260617\cifs\job_141_Co_fe_-1.348_n4_generated_crystals_cif__gen_1.cif,-1.3483400344848633,0,0,1,Li1 Co2 O4,Li(CoO2)2,Co,8,Cm,1.891954,10.62359,4,6
job_032_Co_fe_-1.386_n4_generated_crystals_cif__gen_3,D:\CGCNN\EARLY_LiM2O4_ALIGNN_HARD640_m2p18_m2p02_20260617\cifs\job_032_Co_fe_-1.386_n4_generated_crystals_cif__gen_3.cif,-1.5119526386260986,0,0,1,Li1 Co2 O4,Li(CoO2)2,Co,10,P2/m,1.913912,9.917385,6,6
job_177_Ni_fe_-1.309_n4_generated_crystals_cif__gen_1,D:\CGCNN\EARLY_LiM2O4_ALIGNN_HARD640_m2p18_m2p02_20260617\cifs\job_177_Ni_fe_-1.309_n4_generated_crystals_cif__gen_1.cif,-0.9759045243263244,0,0,1,Li1 Ni2 O4,Li(NiO2)2,Ni,1,P1,1.879057,9.685847,6,6
job_114_Al_fe_-1.252_n4_generated_crystals_cif__gen_0,D:\CGCNN\EARLY_LiM2O4_ALIGNN_HARD640_m2p18_m2p02_20260617\cifs\job_114_Al_fe_-1.252_n4_generated_crystals_cif__gen_0.cif,-2.883883237838745,0,1,0,Li1 Al2 O4,LiAl2O4,Al,1,P1,1.696987,10.460144,4,4
job_211_Ti_fe_-1.424_n4_generated_crystals_cif__gen_0,D:\CGCNN\EARLY_LiM2O4_ALIGNN_HARD640_m2p18_m2p02_20260617\cifs\job_211_Ti_fe_-1.424_n4_generated_crystals_cif__gen_0.cif,-3.217421293258667,0,1,0,Li1 Ti2 O4,LiTi2O4,Ti,1,P1,1.848816,11.73607,5,5
job_031_Al_fe_-1.055_n4_generated_crystals_cif__gen_1,D:\CGCNN\EARLY_LiM2O4_ALIGNN_HARD640_m2p18_m2p02_20260617\cifs\job_031_Al_fe_-1.055_n4_generated_crystals_cif__gen_1.cif,-3.118929386138916,0,1,0,Li1 Al2 O4,LiAl2O4,Al,8,Cm,1.90793,9.824126,6,6
job_011_Mg_fe_-1.305_n4_generated_crystals_cif__gen_0,D:\CGCNN\EARLY_LiM2O4_ALIGNN_HARD640_m2p18_m2p02_20260617\cifs\job_011_Mg_fe_-1.305_n4_generated_crystals_cif__gen_0.cif,-2.179306745529175,1,0,0,Li1 Mg2 O4,LiMg2O4,Mg,44,Imm2,2.036904,10.888567,6,6
job_235_Ti_fe_-0.842_n4_generated_crystals_cif__gen_3,D:\CGCNN\EARLY_LiM2O4_ALIGNN_HARD640_m2p18_m2p02_20260617\cifs\job_235_Ti_fe_-0.842_n4_generated_crystals_cif__gen_3.cif,-3.168898582458496,0,1,0,Li1 Ti2 O4,LiTi2O4,Ti,156,P3m1,1.879777,11.109693,4,6
job_123_Ni_fe_-1.305_n4_generated_crystals_cif__gen_0,D:\CGCNN\EARLY_LiM2O4_ALIGNN_HARD640_m2p18_m2p02_20260617\cifs\job_123_Ni_fe_-1.305_n4_generated_crystals_cif__gen_0.cif,-0.953837513923645,0,0,1,Li1 Ni2 O4,Li(NiO2)2,Ni,1,P1,1.906945,9.899935,6,6
job_116_Ti_fe_-1.462_n4_generated_crystals_cif__gen_2,D:\CGCNN\EARLY_LiM2O4_ALIGNN_HARD640_m2p18_m2p02_20260617\cifs\job_116_Ti_fe_-1.462_n4_generated_crystals_cif__gen_2.cif,-3.1807634830474854,0,1,0,Li1 Ti2 O4,LiTi2O4,Ti,5,C2,1.866306,9.475842,6,6
job_134_Mn_fe_-0.810_n4_generated_crystals_cif__gen_2,D:\CGCNN\EARLY_LiM2O4_ALIGNN_HARD640_m2p18_m2p02_20260617\cifs\job_134_Mn_fe_-0.810_n4_generated_crystals_cif__gen_2.cif,-2.003902673721313,0,0,1,Li1 Mn2 O4,LiMn2O4,Mn,1,P1,1.907615,10.746346,5,6
job_171_Cr_fe_-1.042_n4_generated_crystals_cif__gen_3,D:\CGCNN\EARLY_LiM2O4_ALIGNN_HARD640_m2p18_m2p02_20260617\cifs\job_171_Cr_fe_-1.042_n4_generated_crystals_cif__gen_3.cif,-2.135138750076294,1,0,0,Li1 Cr2 O4,LiCr2O4,Cr,8,Cm,1.808686,11.164363,5,5
job_108_Ni_fe_-1.123_n4_generated_crystals_cif__gen_3,D:\CGCNN\EARLY_LiM2O4_ALIGNN_HARD640_m2p18_m2p02_20260617\cifs\job_108_Ni_fe_-1.123_n4_generated_crystals_cif__gen_3.cif,-1.051612377166748,0,0,1,Li1 Ni2 O4,Li(NiO2)2,Ni,1,P1,1.86879,10.13111,6,6
job_053_Co_fe_-0.977_n4_generated_crystals_cif__gen_1,D:\CGCNN\EARLY_LiM2O4_ALIGNN_HARD640_m2p18_m2p02_20260617\cifs\job_053_Co_fe_-0.977_n4_generated_crystals_cif__gen_1.cif,-1.4644300937652588,0,0,1,Li1 Co2 O4,Li(CoO2)2,Co,8,Cm,1.913488,10.010432,6,6
job_178_Mg_fe_-1.353_n4_generated_crystals_cif__gen_1,D:\CGCNN\EARLY_LiM2O4_ALIGNN_HARD640_m2p18_m2p02_20260617\cifs\job_178_Mg_fe_-1.353_n4_generated_crystals_cif__gen_1.cif,-2.1866466999053955,0,1,0,Li1 Mg2 O4,LiMg2O4,Mg,8,Cm,1.98898,10.45857,6,6
job_171_Cr_fe_-1.042_n4_generated_crystals_cif__gen_2,D:\CGCNN\EARLY_LiM2O4_ALIGNN_HARD640_m2p18_m2p02_20260617\cifs\job_171_Cr_fe_-1.042_n4_generated_crystals_cif__gen_2.cif,-2.175285577774048,1,0,0,Li1 Cr2 O4,LiCr2O4,Cr,8,Cm,1.945875,9.961847,5,6
job_075_Co_fe_-0.911_n4_generated_crystals_cif__gen_3,D:\CGCNN\EARLY_LiM2O4_ALIGNN_HARD640_m2p18_m2p02_20260617\cifs\job_075_Co_fe_-0.911_n4_generated_crystals_cif__gen_3.cif,-1.4301226139068604,0,0,1,Li1 Co2 O4,Li(CoO2)2,Co,12,C2/m,1.91909,9.984308,6,6
job_219_Co_fe_-0.895_n4_generated_crystals_cif__gen_1,D:\CGCNN\EARLY_LiM2O4_ALIGNN_HARD640_m2p18_m2p02_20260617\cifs\job_219_Co_fe_-0.895_n4_generated_crystals_cif__gen_1.cif,-1.4388465881347656,0,0,1,Li1 Co2 O4,Li(CoO2)2,Co,6,Pm,1.929638,10.502411,6,6
job_004_Mg_fe_-1.439_n4_generated_crystals_cif__gen_1,D:\CGCNN\EARLY_LiM2O4_ALIGNN_HARD640_m2p18_m2p02_20260617\cifs\job_004_Mg_fe_-1.439_n4_generated_crystals_cif__gen_1.cif,-2.100620985031128,1,0,0,Li1 Mg2 O4,LiMg2O4,Mg,1,P1,1.910206,10.632533,5,6
job_118_Mn_fe_-1.458_n4_generated_crystals_cif__gen_2,D:\CGCNN\EARLY_LiM2O4_ALIGNN_HARD640_m2p18_m2p02_20260617\cifs\job_118_Mn_fe_-1.458_n4_generated_crystals_cif__gen_2.cif,-2.03523588180542,1,0,0,Li1 Mn2 O4,LiMn2O4,Mn,6,Pm,1.935083,10.874685,6,6
job_100_Co_fe_-1.485_n4_generated_crystals_cif__gen_2,D:\CGCNN\EARLY_LiM2O4_ALIGNN_HARD640_m2p18_m2p02_20260617\cifs\job_100_Co_fe_-1.485_n4_generated_crystals_cif__gen_2.cif,-1.5128765106201172,0,0,1,Li1 Co2 O4,Li(CoO2)2,Co,6,Pm,1.899783,9.788773,6,6
job_134_Mn_fe_-0.810_n4_generated_crystals_cif__gen_3,D:\CGCNN\EARLY_LiM2O4_ALIGNN_HARD640_m2p18_m2p02_20260617\cifs\job_134_Mn_fe_-0.810_n4_generated_crystals_cif__gen_3.cif,-2.015132188796997,0,0,1,Li1 Mn2 O4,LiMn2O4,Mn,2,P-1,1.917286,10.529095,6,6
job_242_Ti_fe_-1.214_n4_generated_crystals_cif__gen_2,D:\CGCNN\EARLY_LiM2O4_ALIGNN_HARD640_m2p18_m2p02_20260617\cifs\job_242_Ti_fe_-1.214_n4_generated_crystals_cif__gen_2.cif,-3.1991236209869385,0,1,0,Li1 Ti2 O4,LiTi2O4,Ti,8,Cm,1.932922,10.246921,5,6
job_131_Al_fe_-1.160_n4_generated_crystals_cif__gen_2,D:\CGCNN\EARLY_LiM2O4_ALIGNN_HARD640_m2p18_m2p02_20260617\cifs\job_131_Al_fe_-1.160_n4_generated_crystals_cif__gen_2.cif,-2.906257390975952,0,1,0,Li1 Al2 O4,LiAl2O4,Al,8,Cm,1.697234,11.036361,6,4
job_033_Co_fe_-1.353_n4_generated_crystals_cif__gen_2,D:\CGCNN\EARLY_LiM2O4_ALIGNN_HARD640_m2p18_m2p02_20260617\cifs\job_033_Co_fe_-1.353_n4_generated_crystals_cif__gen_2.cif,-1.4434622526168823,0,0,1,Li1 Co2 O4,Li(CoO2)2,Co,12,C2/m,1.912133,10.01277,6,6
job_108_Ni_fe_-1.123_n4_generated_crystals_cif__gen_2,D:\CGCNN\EARLY_LiM2O4_ALIGNN_HARD640_m2p18_m2p02_20260617\cifs\job_108_Ni_fe_-1.123_n4_generated_crystals_cif__gen_2.cif,-1.018135905265808,0,0,1,Li1 Ni2 O4,Li(NiO2)2,Ni,44,Imm2,1.889397,9.602094,6,6
job_201_Cr_fe_-1.216_n4_generated_crystals_cif__gen_0,D:\CGCNN\EARLY_LiM2O4_ALIGNN_HARD640_m2p18_m2p02_20260617\cifs\job_201_Cr_fe_-1.216_n4_generated_crystals_cif__gen_0.cif,-2.192210912704468,0,1,0,Li1 Cr2 O4,LiCr2O4,Cr,8,Cm,1.973914,10.550378,6,6
job_077_Ni_fe_-1.238_n4_generated_crystals_cif__gen_3,D:\CGCNN\EARLY_LiM2O4_ALIGNN_HARD640_m2p18_m2p02_20260617\cifs\job_077_Ni_fe_-1.238_n4_generated_crystals_cif__gen_3.cif,-1.0573275089263916,0,0,1,Li1 Ni2 O4,Li(NiO2)2,Ni,1,P1,1.867155,9.774293,6,6
job_103_Ti_fe_-1.058_n4_generated_crystals_cif__gen_0,D:\CGCNN\EARLY_LiM2O4_ALIGNN_HARD640_m2p18_m2p02_20260617\cifs\job_103_Ti_fe_-1.058_n4_generated_crystals_cif__gen_0.cif,-3.1223461627960205,0,1,0,Li1 Ti2 O4,LiTi2O4,Ti,8,Cm,1.847099,10.148432,6,6
job_038_Ni_fe_-1.176_n4_generated_crystals_cif__gen_0,D:\CGCNN\EARLY_LiM2O4_ALIGNN_HARD640_m2p18_m2p02_20260617\cifs\job_038_Ni_fe_-1.176_n4_generated_crystals_cif__gen_0.cif,-1.0522937774658203,0,0,1,Li1 Ni2 O4,Li(NiO2)2,Ni,2,P-1,1.867874,9.865789,6,6
job_097_Ti_fe_-1.239_n4_generated_crystals_cif__gen_3,D:\CGCNN\EARLY_LiM2O4_ALIGNN_HARD640_m2p18_m2p02_20260617\cifs\job_097_Ti_fe_-1.239_n4_generated_crystals_cif__gen_3.cif,-3.2389488220214844,0,1,0,Li1 Ti2 O4,LiTi2O4,Ti,8,Cm,1.808119,11.353919,5,5
job_083_Cr_fe_-0.935_n4_generated_crystals_cif__gen_2,D:\CGCNN\EARLY_LiM2O4_ALIGNN_HARD640_m2p18_m2p02_20260617\cifs\job_083_Cr_fe_-0.935_n4_generated_crystals_cif__gen_2.cif,-2.139615058898926,1,0,0,Li1 Cr2 O4,LiCr2O4,Cr,8,Cm,1.881631,9.785537,4,6
job_013_Cr_fe_-1.388_n4_generated_crystals_cif__gen_1,D:\CGCNN\EARLY_LiM2O4_ALIGNN_HARD640_m2p18_m2p02_20260617\cifs\job_013_Cr_fe_-1.388_n4_generated_crystals_cif__gen_1.cif,-2.229992151260376,0,1,0,Li1 Cr2 O4,LiCr2O4,Cr,8,Cm,1.97681,10.615965,6,6
job_073_Cr_fe_-1.375_n4_generated_crystals_cif__gen_2,D:\CGCNN\EARLY_LiM2O4_ALIGNN_HARD640_m2p18_m2p02_20260617\cifs\job_073_Cr_fe_-1.375_n4_generated_crystals_cif__gen_2.cif,-2.2411439418792725,0,1,0,Li1 Cr2 O4,LiCr2O4,Cr,1,P1,1.95006,10.715056,6,6
job_197_Mn_fe_-0.871_n4_generated_crystals_cif__gen_0,D:\CGCNN\EARLY_LiM2O4_ALIGNN_HARD640_m2p18_m2p02_20260617\cifs\job_197_Mn_fe_-0.871_n4_generated_crystals_cif__gen_0.cif,-1.927563428878784,0,0,1,Li1 Mn2 O4,LiMn2O4,Mn,1,P1,1.889368,10.059482,6,5
job_072_Co_fe_-0.820_n4_generated_crystals_cif__gen_0,D:\CGCNN\EARLY_LiM2O4_ALIGNN_HARD640_m2p18_m2p02_20260617\cifs\job_072_Co_fe_-0.820_n4_generated_crystals_cif__gen_0.cif,-1.4278587102890017,0,0,1,Li1 Co2 O4,Li(CoO2)2,Co,8,Cm,1.892305,9.639764,5,6
job_201_Cr_fe_-1.216_n4_generated_crystals_cif__gen_2,D:\CGCNN\EARLY_LiM2O4_ALIGNN_HARD640_m2p18_m2p02_20260617\cifs\job_201_Cr_fe_-1.216_n4_generated_crystals_cif__gen_2.cif,-2.0675125122070312,1,0,0,Li1 Cr2 O4,LiCr2O4,Cr,8,Cm,1.977181,10.758327,4,6
job_061_Mn_fe_-1.231_n4_generated_crystals_cif__gen_0,D:\CGCNN\EARLY_LiM2O4_ALIGNN_HARD640_m2p18_m2p02_20260617\cifs\job_061_Mn_fe_-1.231_n4_generated_crystals_cif__gen_0.cif,-2.01950740814209,0,0,1,Li1 Mn2 O4,LiMn2O4,Mn,1,P1,1.922983,10.795908,6,6
job_030_Mn_fe_-1.234_n4_generated_crystals_cif__gen_1,D:\CGCNN\EARLY_LiM2O4_ALIGNN_HARD640_m2p18_m2p02_20260617\cifs\job_030_Mn_fe_-1.234_n4_generated_crystals_cif__gen_1.cif,-1.9320378303527832,0,0,1,Li1 Mn2 O4,LiMn2O4,Mn,1,P1,1.889735,10.259141,6,5
job_130_Cr_fe_-1.335_n4_generated_crystals_cif__gen_0,D:\CGCNN\EARLY_LiM2O4_ALIGNN_HARD640_m2p18_m2p02_20260617\cifs\job_130_Cr_fe_-1.335_n4_generated_crystals_cif__gen_0.cif,-2.2054734230041504,0,1,0,Li1 Cr2 O4,LiCr2O4,Cr,8,Cm,1.946066,10.688431,6,6
job_036_Mg_fe_-1.056_n4_generated_crystals_cif__gen_1,D:\CGCNN\EARLY_LiM2O4_ALIGNN_HARD640_m2p18_m2p02_20260617\cifs\job_036_Mg_fe_-1.056_n4_generated_crystals_cif__gen_1.cif,-2.262425184249878,0,1,0,Li1 Mg2 O4,LiMg2O4,Mg,25,Pmm2,2.084811,10.418932,6,6
job_128_Mg_fe_-0.915_n4_generated_crystals_cif__gen_2,D:\CGCNN\EARLY_LiM2O4_ALIGNN_HARD640_m2p18_m2p02_20260617\cifs\job_128_Mg_fe_-0.915_n4_generated_crystals_cif__gen_2.cif,-2.163269519805908,1,0,0,Li1 Mg2 O4,LiMg2O4,Mg,44,Imm2,2.036771,11.002074,6,6
job_028_Co_fe_-0.810_n4_generated_crystals_cif__gen_0,D:\CGCNN\EARLY_LiM2O4_ALIGNN_HARD640_m2p18_m2p02_20260617\cifs\job_028_Co_fe_-0.810_n4_generated_crystals_cif__gen_0.cif,-1.4401788711547852,0,0,1,Li1 Co2 O4,Li(CoO2)2,Co,12,C2/m,1.916835,9.933362,6,6
job_134_Mn_fe_-0.810_n4_generated_crystals_cif__gen_0,D:\CGCNN\EARLY_LiM2O4_ALIGNN_HARD640_m2p18_m2p02_20260617\cifs\job_134_Mn_fe_-0.810_n4_generated_crystals_cif__gen_0.cif,-2.003242492675781,0,0,1,Li1 Mn2 O4,LiMn2O4,Mn,8,Cm,1.923803,10.228108,6,6
job_121_Ni_fe_-1.367_n4_generated_crystals_cif__gen_3,D:\CGCNN\EARLY_LiM2O4_ALIGNN_HARD640_m2p18_m2p02_20260617\cifs\job_121_Ni_fe_-1.367_n4_generated_crystals_cif__gen_3.cif,-1.07256817817688,0,0,1,Li1 Ni2 O4,Li(NiO2)2,Ni,1,P1,1.865641,9.941154,6,6
job_074_Mn_fe_-0.891_n4_generated_crystals_cif__gen_3,D:\CGCNN\EARLY_LiM2O4_ALIGNN_HARD640_m2p18_m2p02_20260617\cifs\job_074_Mn_fe_-0.891_n4_generated_crystals_cif__gen_3.cif,-2.013846635818481,0,0,1,Li1 Mn2 O4,LiMn2O4,Mn,2,P-1,1.916963,10.562578,6,6
job_006_Mn_fe_-1.347_n4_generated_crystals_cif__gen_3,D:\CGCNN\EARLY_LiM2O4_ALIGNN_HARD640_m2p18_m2p02_20260617\cifs\job_006_Mn_fe_-1.347_n4_generated_crystals_cif__gen_3.cif,-2.018496513366699,0,0,1,Li1 Mn2 O4,LiMn2O4,Mn,1,P1,1.918828,10.71052,6,6
job_091_Ni_fe_-1.314_n4_generated_crystals_cif__gen_1,D:\CGCNN\EARLY_LiM2O4_ALIGNN_HARD640_m2p18_m2p02_20260617\cifs\job_091_Ni_fe_-1.314_n4_generated_crystals_cif__gen_1.cif,-1.053576946258545,0,0,1,Li1 Ni2 O4,Li(NiO2)2,Ni,10,P2/m,1.864828,9.730795,6,6
job_090_Al_fe_-0.837_n4_generated_crystals_cif__gen_3,D:\CGCNN\EARLY_LiM2O4_ALIGNN_HARD640_m2p18_m2p02_20260617\cifs\job_090_Al_fe_-0.837_n4_generated_crystals_cif__gen_3.cif,-3.158353090286255,0,1,0,Li1 Al2 O4,LiAl2O4,Al,8,Cm,1.879407,9.027124,6,6
job_034_Co_fe_-1.009_n4_generated_crystals_cif__gen_3,D:\CGCNN\EARLY_LiM2O4_ALIGNN_HARD640_m2p18_m2p02_20260617\cifs\job_034_Co_fe_-1.009_n4_generated_crystals_cif__gen_3.cif,-1.45408034324646,0,0,1,Li1 Co2 O4,Li(CoO2)2,Co,12,C2/m,1.912095,9.915354,6,6
job_206_Ti_fe_-0.853_n4_generated_crystals_cif__gen_1,D:\CGCNN\EARLY_LiM2O4_ALIGNN_HARD640_m2p18_m2p02_20260617\cifs\job_206_Ti_fe_-0.853_n4_generated_crystals_cif__gen_1.cif,-3.2199926376342773,0,1,0,Li1 Ti2 O4,LiTi2O4,Ti,8,Cm,1.984675,9.991429,6,6
job_046_Ni_fe_-0.861_n4_generated_crystals_cif__gen_1,D:\CGCNN\EARLY_LiM2O4_ALIGNN_HARD640_m2p18_m2p02_20260617\cifs\job_046_Ni_fe_-0.861_n4_generated_crystals_cif__gen_1.cif,-1.056857347488403,0,0,1,Li1 Ni2 O4,Li(NiO2)2,Ni,10,P2/m,1.866187,9.936405,6,6
job_170_Ti_fe_-1.288_n4_generated_crystals_cif__gen_3,D:\CGCNN\EARLY_LiM2O4_ALIGNN_HARD640_m2p18_m2p02_20260617\cifs\job_170_Ti_fe_-1.288_n4_generated_crystals_cif__gen_3.cif,-3.183655023574829,0,1,0,Li1 Ti2 O4,LiTi2O4,Ti,12,C2/m,1.950359,10.65186,6,6
job_236_Ti_fe_-1.031_n4_generated_crystals_cif__gen_1,D:\CGCNN\EARLY_LiM2O4_ALIGNN_HARD640_m2p18_m2p02_20260617\cifs\job_236_Ti_fe_-1.031_n4_generated_crystals_cif__gen_1.cif,-3.218061923980713,0,1,0,Li1 Ti2 O4,LiTi2O4,Ti,8,Cm,2.003546,10.157804,6,6
job_015_Ni_fe_-1.349_n4_generated_crystals_cif__gen_1,D:\CGCNN\EARLY_LiM2O4_ALIGNN_HARD640_m2p18_m2p02_20260617\cifs\job_015_Ni_fe_-1.349_n4_generated_crystals_cif__gen_1.cif,-1.04986572265625,0,0,1,Li1 Ni2 O4,Li(NiO2)2,Ni,1,P1,1.860869,9.865528,6,6
job_000_Ti_fe_-1.422_n4_generated_crystals_cif__gen_0,D:\CGCNN\EARLY_LiM2O4_ALIGNN_HARD640_m2p18_m2p02_20260617\cifs\job_000_Ti_fe_-1.422_n4_generated_crystals_cif__gen_0.cif,-3.170725584030152,0,1,0,Li1 Ti2 O4,LiTi2O4,Ti,160,R3m,1.851881,11.214574,4,6
job_246_Al_fe_-1.026_n4_generated_crystals_cif__gen_2,D:\CGCNN\EARLY_LiM2O4_ALIGNN_HARD640_m2p18_m2p02_20260617\cifs\job_246_Al_fe_-1.026_n4_generated_crystals_cif__gen_2.cif,-2.986004590988159,0,1,0,Li1 Al2 O4,LiAl2O4,Al,1,P1,1.870941,10.552622,4,6
job_162_Mn_fe_-1.493_n4_generated_crystals_cif__gen_1,D:\CGCNN\EARLY_LiM2O4_ALIGNN_HARD640_m2p18_m2p02_20260617\cifs\job_162_Mn_fe_-1.493_n4_generated_crystals_cif__gen_1.cif,-1.9411338567733765,0,0,1,Li1 Mn2 O4,LiMn2O4,Mn,8,Cm,1.925992,10.359208,6,6
job_151_Al_fe_-1.416_n4_generated_crystals_cif__gen_0,D:\CGCNN\EARLY_LiM2O4_ALIGNN_HARD640_m2p18_m2p02_20260617\cifs\job_151_Al_fe_-1.416_n4_generated_crystals_cif__gen_0.cif,-3.161771535873413,0,1,0,Li1 Al2 O4,LiAl2O4,Al,1,P1,1.87423,9.167059,5,6
job_222_Ti_fe_-0.813_n4_generated_crystals_cif__gen_3,D:\CGCNN\EARLY_LiM2O4_ALIGNN_HARD640_m2p18_m2p02_20260617\cifs\job_222_Ti_fe_-0.813_n4_generated_crystals_cif__gen_3.cif,-3.177081823348999,0,1,0,Li1 Ti2 O4,LiTi2O4,Ti,1,P1,1.94716,10.870291,6,6
job_185_Co_fe_-0.960_n4_generated_crystals_cif__gen_2,D:\CGCNN\EARLY_LiM2O4_ALIGNN_HARD640_m2p18_m2p02_20260617\cifs\job_185_Co_fe_-0.960_n4_generated_crystals_cif__gen_2.cif,-1.4677742719650269,0,0,1,Li1 Co2 O4,Li(CoO2)2,Co,12,C2/m,1.921202,9.942874,6,6
job_246_Al_fe_-1.026_n4_generated_crystals_cif__gen_0,D:\CGCNN\EARLY_LiM2O4_ALIGNN_HARD640_m2p18_m2p02_20260617\cifs\job_246_Al_fe_-1.026_n4_generated_crystals_cif__gen_0.cif,-2.729271650314331,0,1,0,Li1 Al2 O4,LiAl2O4,Al,156,P3m1,1.861592,10.296619,5,5
job_010_Al_fe_-1.346_n4_generated_crystals_cif__gen_3,D:\CGCNN\EARLY_LiM2O4_ALIGNN_HARD640_m2p18_m2p02_20260617\cifs\job_010_Al_fe_-1.346_n4_generated_crystals_cif__gen_3.cif,-3.1556925773620605,0,1,0,Li1 Al2 O4,LiAl2O4,Al,8,Cm,1.878311,9.86988,6,6
job_025_Co_fe_-1.096_n4_generated_crystals_cif__gen_3,D:\CGCNN\EARLY_LiM2O4_ALIGNN_HARD640_m2p18_m2p02_20260617\cifs\job_025_Co_fe_-1.096_n4_generated_crystals_cif__gen_3.cif,-1.3599703311920166,0,0,1,Li1 Co2 O4,Li(CoO2)2,Co,8,Cm,1.852149,10.724291,5,5
job_046_Ni_fe_-0.861_n4_generated_crystals_cif__gen_0,D:\CGCNN\EARLY_LiM2O4_ALIGNN_HARD640_m2p18_m2p02_20260617\cifs\job_046_Ni_fe_-0.861_n4_generated_crystals_cif__gen_0.cif,-0.9966152906417848,0,0,1,Li1 Ni2 O4,Li(NiO2)2,Ni,44,Imm2,1.885633,9.679437,6,6
job_168_Co_fe_-1.301_n4_generated_crystals_cif__gen_3,D:\CGCNN\EARLY_LiM2O4_ALIGNN_HARD640_m2p18_m2p02_20260617\cifs\job_168_Co_fe_-1.301_n4_generated_crystals_cif__gen_3.cif,-1.4167627096176147,0,0,1,Li1 Co2 O4,Li(CoO2)2,Co,44,Imm2,1.912467,9.80386,5,6
job_089_Ni_fe_-1.410_n4_generated_crystals_cif__gen_0,D:\CGCNN\EARLY_LiM2O4_ALIGNN_HARD640_m2p18_m2p02_20260617\cifs\job_089_Ni_fe_-1.410_n4_generated_crystals_cif__gen_0.cif,-1.0637495517730713,0,0,1,Li1 Ni2 O4,Li(NiO2)2,Ni,1,P1,1.83953,9.68995,6,6
job_035_Ti_fe_-1.046_n4_generated_crystals_cif__gen_0,D:\CGCNN\EARLY_LiM2O4_ALIGNN_HARD640_m2p18_m2p02_20260617\cifs\job_035_Ti_fe_-1.046_n4_generated_crystals_cif__gen_0.cif,-3.1796257495880127,0,1,0,Li1 Ti2 O4,LiTi2O4,Ti,8,Cm,1.933191,10.799527,6,6
job_073_Cr_fe_-1.375_n4_generated_crystals_cif__gen_0,D:\CGCNN\EARLY_LiM2O4_ALIGNN_HARD640_m2p18_m2p02_20260617\cifs\job_073_Cr_fe_-1.375_n4_generated_crystals_cif__gen_0.cif,-2.122122287750244,1,0,0,Li1 Cr2 O4,LiCr2O4,Cr,8,Cm,1.927024,10.884567,6,6
job_102_Ni_fe_-1.495_n4_generated_crystals_cif__gen_0,D:\CGCNN\EARLY_LiM2O4_ALIGNN_HARD640_m2p18_m2p02_20260617\cifs\job_102_Ni_fe_-1.495_n4_generated_crystals_cif__gen_0.cif,-0.98110032081604,0,0,1,Li1 Ni2 O4,Li(NiO2)2,Ni,8,Cm,1.839222,9.586582,6,6
job_105_Mn_fe_-0.898_n4_generated_crystals_cif__gen_0,D:\CGCNN\EARLY_LiM2O4_ALIGNN_HARD640_m2p18_m2p02_20260617\cifs\job_105_Mn_fe_-0.898_n4_generated_crystals_cif__gen_0.cif,-2.0049145221710205,0,0,1,Li1 Mn2 O4,LiMn2O4,Mn,1,P1,1.922045,10.851218,5,6
job_009_Ti_fe_-1.009_n4_generated_crystals_cif__gen_1,D:\CGCNN\EARLY_LiM2O4_ALIGNN_HARD640_m2p18_m2p02_20260617\cifs\job_009_Ti_fe_-1.009_n4_generated_crystals_cif__gen_1.cif,-3.1638171672821045,0,1,0,Li1 Ti2 O4,LiTi2O4,Ti,10,P2/m,1.989843,10.952287,6,6
job_109_Ti_fe_-0.845_n4_generated_crystals_cif__gen_1,D:\CGCNN\EARLY_LiM2O4_ALIGNN_HARD640_m2p18_m2p02_20260617\cifs\job_109_Ti_fe_-0.845_n4_generated_crystals_cif__gen_1.cif,-3.188997983932495,0,1,0,Li1 Ti2 O4,LiTi2O4,Ti,1,P1,1.857298,11.779153,5,5
job_140_Al_fe_-1.392_n4_generated_crystals_cif__gen_1,D:\CGCNN\EARLY_LiM2O4_ALIGNN_HARD640_m2p18_m2p02_20260617\cifs\job_140_Al_fe_-1.392_n4_generated_crystals_cif__gen_1.cif,-3.1453235149383545,0,1,0,Li1 Al2 O4,LiAl2O4,Al,8,Cm,1.894729,9.675768,6,6
job_057_Mn_fe_-0.971_n4_generated_crystals_cif__gen_1,D:\CGCNN\EARLY_LiM2O4_ALIGNN_HARD640_m2p18_m2p02_20260617\cifs\job_057_Mn_fe_-0.971_n4_generated_crystals_cif__gen_1.cif,-2.0010862350463867,0,0,1,Li1 Mn2 O4,LiMn2O4,Mn,6,Pm,1.915845,10.530081,6,6
job_195_Mn_fe_-1.284_n4_generated_crystals_cif__gen_1,D:\CGCNN\EARLY_LiM2O4_ALIGNN_HARD640_m2p18_m2p02_20260617\cifs\job_195_Mn_fe_-1.284_n4_generated_crystals_cif__gen_1.cif,-2.023439645767212,1,0,0,Li1 Mn2 O4,LiMn2O4,Mn,2,P-1,1.918747,10.811829,6,6
job_119_Ti_fe_-1.262_n4_generated_crystals_cif__gen_3,D:\CGCNN\EARLY_LiM2O4_ALIGNN_HARD640_m2p18_m2p02_20260617\cifs\job_119_Ti_fe_-1.262_n4_generated_crystals_cif__gen_3.cif,-3.179781913757324,0,1,0,Li1 Ti2 O4,LiTi2O4,Ti,8,Cm,1.933569,10.736083,6,6
job_221_Ti_fe_-1.143_n4_generated_crystals_cif__gen_0,D:\CGCNN\EARLY_LiM2O4_ALIGNN_HARD640_m2p18_m2p02_20260617\cifs\job_221_Ti_fe_-1.143_n4_generated_crystals_cif__gen_0.cif,-3.210970163345337,0,1,0,Li1 Ti2 O4,LiTi2O4,Ti,44,Imm2,1.955024,10.208558,5,6
job_161_Co_fe_-0.850_n4_generated_crystals_cif__gen_0,D:\CGCNN\EARLY_LiM2O4_ALIGNN_HARD640_m2p18_m2p02_20260617\cifs\job_161_Co_fe_-0.850_n4_generated_crystals_cif__gen_0.cif,-1.4286627769470217,0,0,1,Li1 Co2 O4,Li(CoO2)2,Co,1,P1,1.883296,9.554491,5,6
job_166_Ni_fe_-0.847_n4_generated_crystals_cif__gen_0,D:\CGCNN\EARLY_LiM2O4_ALIGNN_HARD640_m2p18_m2p02_20260617\cifs\job_166_Ni_fe_-0.847_n4_generated_crystals_cif__gen_0.cif,-0.9668550491333008,0,0,1,Li1 Ni2 O4,Li(NiO2)2,Ni,1,P1,1.854367,9.608442,6,6
job_107_Co_fe_-1.032_n4_generated_crystals_cif__gen_0,D:\CGCNN\EARLY_LiM2O4_ALIGNN_HARD640_m2p18_m2p02_20260617\cifs\job_107_Co_fe_-1.032_n4_generated_crystals_cif__gen_0.cif,-1.408832311630249,0,0,1,Li1 Co2 O4,Li(CoO2)2,Co,8,Cm,1.927461,10.17105,6,6
job_148_Mn_fe_-0.904_n4_generated_crystals_cif__gen_3,D:\CGCNN\EARLY_LiM2O4_ALIGNN_HARD640_m2p18_m2p02_20260617\cifs\job_148_Mn_fe_-0.904_n4_generated_crystals_cif__gen_3.cif,-2.0083227157592773,0,0,1,Li1 Mn2 O4,LiMn2O4,Mn,44,Imm2,1.908923,10.199082,6,6
job_179_Co_fe_-1.357_n4_generated_crystals_cif__gen_0,D:\CGCNN\EARLY_LiM2O4_ALIGNN_HARD640_m2p18_m2p02_20260617\cifs\job_179_Co_fe_-1.357_n4_generated_crystals_cif__gen_0.cif,-1.401219129562378,0,0,1,Li1 Co2 O4,Li(CoO2)2,Co,160,R3m,1.89036,9.945977,6,6
job_068_Cr_fe_-1.051_n4_generated_crystals_cif__gen_1,D:\CGCNN\EARLY_LiM2O4_ALIGNN_HARD640_m2p18_m2p02_20260617\cifs\job_068_Cr_fe_-1.051_n4_generated_crystals_cif__gen_1.cif,-2.1796183586120605,1,0,0,Li1 Cr2 O4,LiCr2O4,Cr,8,Cm,1.861242,10.056339,6,6
job_023_Co_fe_-0.919_n4_generated_crystals_cif__gen_2,D:\CGCNN\EARLY_LiM2O4_ALIGNN_HARD640_m2p18_m2p02_20260617\cifs\job_023_Co_fe_-0.919_n4_generated_crystals_cif__gen_2.cif,-1.4567465782165527,0,0,1,Li1 Co2 O4,Li(CoO2)2,Co,1,P1,1.90962,9.877702,6,6
job_116_Ti_fe_-1.462_n4_generated_crystals_cif__gen_3,D:\CGCNN\EARLY_LiM2O4_ALIGNN_HARD640_m2p18_m2p02_20260617\cifs\job_116_Ti_fe_-1.462_n4_generated_crystals_cif__gen_3.cif,-3.225926160812378,0,1,0,Li1 Ti2 O4,LiTi2O4,Ti,1,P1,1.968579,10.003437,5,6
job_020_Mn_fe_-0.989_n4_generated_crystals_cif__gen_0,D:\CGCNN\EARLY_LiM2O4_ALIGNN_HARD640_m2p18_m2p02_20260617\cifs\job_020_Mn_fe_-0.989_n4_generated_crystals_cif__gen_0.cif,-2.0219147205352783,1,0,0,Li1 Mn2 O4,LiMn2O4,Mn,1,P1,1.925373,10.984384,6,6
job_077_Ni_fe_-1.238_n4_generated_crystals_cif__gen_1,D:\CGCNN\EARLY_LiM2O4_ALIGNN_HARD640_m2p18_m2p02_20260617\cifs\job_077_Ni_fe_-1.238_n4_generated_crystals_cif__gen_1.cif,-1.0636080503463743,0,0,1,Li1 Ni2 O4,Li(NiO2)2,Ni,6,Pm,1.870377,9.786657,6,6
job_249_Cr_fe_-1.500_n4_generated_crystals_cif__gen_3,D:\CGCNN\EARLY_LiM2O4_ALIGNN_HARD640_m2p18_m2p02_20260617\cifs\job_249_Cr_fe_-1.500_n4_generated_crystals_cif__gen_3.cif,-2.196943044662476,0,1,0,Li1 Cr2 O4,LiCr2O4,Cr,1,P1,1.915505,11.12234,4,6
job_203_Ni_fe_-0.895_n4_generated_crystals_cif__gen_1,D:\CGCNN\EARLY_LiM2O4_ALIGNN_HARD640_m2p18_m2p02_20260617\cifs\job_203_Ni_fe_-0.895_n4_generated_crystals_cif__gen_1.cif,-0.9687165021896362,0,0,1,Li1 Ni2 O4,Li(NiO2)2,Ni,8,Cm,1.837052,9.356733,6,6
job_043_Mn_fe_-1.340_n4_generated_crystals_cif__gen_1,D:\CGCNN\EARLY_LiM2O4_ALIGNN_HARD640_m2p18_m2p02_20260617\cifs\job_043_Mn_fe_-1.340_n4_generated_crystals_cif__gen_1.cif,-2.03938102722168,1,0,0,Li1 Mn2 O4,LiMn2O4,Mn,6,Pm,1.936892,10.964811,6,6
job_148_Mn_fe_-0.904_n4_generated_crystals_cif__gen_0,D:\CGCNN\EARLY_LiM2O4_ALIGNN_HARD640_m2p18_m2p02_20260617\cifs\job_148_Mn_fe_-0.904_n4_generated_crystals_cif__gen_0.cif,-1.8770301342010496,0,0,1,Li1 Mn2 O4,LiMn2O4,Mn,1,P1,1.814269,10.079874,6,5
job_190_Mn_fe_-0.838_n4_generated_crystals_cif__gen_2,D:\CGCNN\EARLY_LiM2O4_ALIGNN_HARD640_m2p18_m2p02_20260617\cifs\job_190_Mn_fe_-0.838_n4_generated_crystals_cif__gen_2.cif,-1.9161067008972168,0,0,1,Li1 Mn2 O4,LiMn2O4,Mn,8,Cm,1.899685,11.043499,4,6
job_123_Ni_fe_-1.305_n4_generated_crystals_cif__gen_2,D:\CGCNN\EARLY_LiM2O4_ALIGNN_HARD640_m2p18_m2p02_20260617\cifs\job_123_Ni_fe_-1.305_n4_generated_crystals_cif__gen_2.cif,-0.963112771511078,0,0,1,Li1 Ni2 O4,Li(NiO2)2,Ni,8,Cm,1.850251,9.5458,6,6
job_182_Cr_fe_-1.464_n4_generated_crystals_cif__gen_3,D:\CGCNN\EARLY_LiM2O4_ALIGNN_HARD640_m2p18_m2p02_20260617\cifs\job_182_Cr_fe_-1.464_n4_generated_crystals_cif__gen_3.cif,-2.1561551094055176,1,0,0,Li1 Cr2 O4,LiCr2O4,Cr,8,Cm,1.849948,9.826893,4,6
job_232_Mn_fe_-1.004_n4_generated_crystals_cif__gen_3,D:\CGCNN\EARLY_LiM2O4_ALIGNN_HARD640_m2p18_m2p02_20260617\cifs\job_232_Mn_fe_-1.004_n4_generated_crystals_cif__gen_3.cif,-1.9042694568634035,0,0,1,Li1 Mn2 O4,LiMn2O4,Mn,1,P1,1.7887,11.602327,5,5
job_111_Ni_fe_-0.951_n4_generated_crystals_cif__gen_1,D:\CGCNN\EARLY_LiM2O4_ALIGNN_HARD640_m2p18_m2p02_20260617\cifs\job_111_Ni_fe_-0.951_n4_generated_crystals_cif__gen_1.cif,-1.0768396854400637,0,0,1,Li1 Ni2 O4,Li(NiO2)2,Ni,1,P1,1.865808,10.185478,6,6
job_235_Ti_fe_-0.842_n4_generated_crystals_cif__gen_0,D:\CGCNN\EARLY_LiM2O4_ALIGNN_HARD640_m2p18_m2p02_20260617\cifs\job_235_Ti_fe_-0.842_n4_generated_crystals_cif__gen_0.cif,-3.1692957878112797,0,1,0,Li1 Ti2 O4,LiTi2O4,Ti,10,P2/m,1.987661,10.890464,6,6
job_112_Cr_fe_-1.215_n4_generated_crystals_cif__gen_2,D:\CGCNN\EARLY_LiM2O4_ALIGNN_HARD640_m2p18_m2p02_20260617\cifs\job_112_Cr_fe_-1.215_n4_generated_crystals_cif__gen_2.cif,-2.2128608226776123,0,1,0,Li1 Cr2 O4,LiCr2O4,Cr,2,P-1,1.976939,10.400366,6,6
job_059_Ti_fe_-1.388_n4_generated_crystals_cif__gen_2,D:\CGCNN\EARLY_LiM2O4_ALIGNN_HARD640_m2p18_m2p02_20260617\cifs\job_059_Ti_fe_-1.388_n4_generated_crystals_cif__gen_2.cif,-3.177144765853882,0,1,0,Li1 Ti2 O4,LiTi2O4,Ti,8,Cm,1.954502,10.90989,6,6
job_049_Al_fe_-1.223_n4_generated_crystals_cif__gen_1,D:\CGCNN\EARLY_LiM2O4_ALIGNN_HARD640_m2p18_m2p02_20260617\cifs\job_049_Al_fe_-1.223_n4_generated_crystals_cif__gen_1.cif,-3.1590735912323,0,1,0,Li1 Al2 O4,LiAl2O4,Al,8,Cm,1.871967,9.794719,6,6
job_194_Ni_fe_-1.199_n4_generated_crystals_cif__gen_1,D:\CGCNN\EARLY_LiM2O4_ALIGNN_HARD640_m2p18_m2p02_20260617\cifs\job_194_Ni_fe_-1.199_n4_generated_crystals_cif__gen_1.cif,-0.9629971981048584,0,0,1,Li1 Ni2 O4,Li(NiO2)2,Ni,8,Cm,1.823123,10.007348,5,5
job_211_Ti_fe_-1.424_n4_generated_crystals_cif__gen_3,D:\CGCNN\EARLY_LiM2O4_ALIGNN_HARD640_m2p18_m2p02_20260617\cifs\job_211_Ti_fe_-1.424_n4_generated_crystals_cif__gen_3.cif,-3.170560121536255,0,1,0,Li1 Ti2 O4,LiTi2O4,Ti,160,R3m,1.965985,10.939356,6,6
job_073_Cr_fe_-1.375_n4_generated_crystals_cif__gen_3,D:\CGCNN\EARLY_LiM2O4_ALIGNN_HARD640_m2p18_m2p02_20260617\cifs\job_073_Cr_fe_-1.375_n4_generated_crystals_cif__gen_3.cif,-2.1547746658325195,1,0,0,Li1 Cr2 O4,LiCr2O4,Cr,1,P1,1.856557,9.740384,6,6
job_135_Co_fe_-0.851_n4_generated_crystals_cif__gen_1,D:\CGCNN\EARLY_LiM2O4_ALIGNN_HARD640_m2p18_m2p02_20260617\cifs\job_135_Co_fe_-0.851_n4_generated_crystals_cif__gen_1.cif,-1.5070674419403076,0,0,1,Li1 Co2 O4,Li(CoO2)2,Co,12,C2/m,1.895878,9.818302,6,6
job_126_Cr_fe_-0.901_n4_generated_crystals_cif__gen_3,D:\CGCNN\EARLY_LiM2O4_ALIGNN_HARD640_m2p18_m2p02_20260617\cifs\job_126_Cr_fe_-0.901_n4_generated_crystals_cif__gen_3.cif,-2.1577799320220947,1,0,0,Li1 Cr2 O4,LiCr2O4,Cr,8,Cm,1.816889,11.345218,5,5
job_245_Al_fe_-1.035_n4_generated_crystals_cif__gen_3,D:\CGCNN\EARLY_LiM2O4_ALIGNN_HARD640_m2p18_m2p02_20260617\cifs\job_245_Al_fe_-1.035_n4_generated_crystals_cif__gen_3.cif,-2.941917896270752,0,1,0,Li1 Al2 O4,LiAl2O4,Al,1,P1,1.728933,11.871593,4,4
job_228_Ti_fe_-0.950_n4_generated_crystals_cif__gen_1,D:\CGCNN\EARLY_LiM2O4_ALIGNN_HARD640_m2p18_m2p02_20260617\cifs\job_228_Ti_fe_-0.950_n4_generated_crystals_cif__gen_1.cif,-3.1674187183380127,0,1,0,Li1 Ti2 O4,LiTi2O4,Ti,160,R3m,1.963418,10.9834,6,6
job_056_Ni_fe_-1.143_n4_generated_crystals_cif__gen_3,D:\CGCNN\EARLY_LiM2O4_ALIGNN_HARD640_m2p18_m2p02_20260617\cifs\job_056_Ni_fe_-1.143_n4_generated_crystals_cif__gen_3.cif,-0.9739118814468384,0,0,1,Li1 Ni2 O4,Li(NiO2)2,Ni,1,P1,1.848806,9.524739,6,6
job_055_Al_fe_-1.247_n4_generated_crystals_cif__gen_2,D:\CGCNN\EARLY_LiM2O4_ALIGNN_HARD640_m2p18_m2p02_20260617\cifs\job_055_Al_fe_-1.247_n4_generated_crystals_cif__gen_2.cif,-3.1589367389678955,0,1,0,Li1 Al2 O4,LiAl2O4,Al,44,Imm2,1.871729,9.108252,5,6
job_126_Cr_fe_-0.901_n4_generated_crystals_cif__gen_2,D:\CGCNN\EARLY_LiM2O4_ALIGNN_HARD640_m2p18_m2p02_20260617\cifs\job_126_Cr_fe_-0.901_n4_generated_crystals_cif__gen_2.cif,-2.234515428543091,0,1,0,Li1 Cr2 O4,LiCr2O4,Cr,8,Cm,1.938011,10.104172,5,6
job_009_Ti_fe_-1.009_n4_generated_crystals_cif__gen_3,D:\CGCNN\EARLY_LiM2O4_ALIGNN_HARD640_m2p18_m2p02_20260617\cifs\job_009_Ti_fe_-1.009_n4_generated_crystals_cif__gen_3.cif,-3.144485712051392,0,1,0,Li1 Ti2 O4,LiTi2O4,Ti,156,P3m1,1.837721,11.221326,3,5
job_069_Mn_fe_-1.295_n4_generated_crystals_cif__gen_3,D:\CGCNN\EARLY_LiM2O4_ALIGNN_HARD640_m2p18_m2p02_20260617\cifs\job_069_Mn_fe_-1.295_n4_generated_crystals_cif__gen_3.cif,-2.0107548236846924,0,0,1,Li1 Mn2 O4,LiMn2O4,Mn,1,P1,1.916582,10.912672,5,6
job_198_Ni_fe_-1.023_n4_generated_crystals_cif__gen_0,D:\CGCNN\EARLY_LiM2O4_ALIGNN_HARD640_m2p18_m2p02_20260617\cifs\job_198_Ni_fe_-1.023_n4_generated_crystals_cif__gen_0.cif,-1.0517443418502808,0,0,1,Li1 Ni2 O4,Li(NiO2)2,Ni,10,P2/m,1.871895,9.779754,6,6
job_006_Mn_fe_-1.347_n4_generated_crystals_cif__gen_0,D:\CGCNN\EARLY_LiM2O4_ALIGNN_HARD640_m2p18_m2p02_20260617\cifs\job_006_Mn_fe_-1.347_n4_generated_crystals_cif__gen_0.cif,-1.9178762435913088,0,0,1,Li1 Mn2 O4,LiMn2O4,Mn,8,Cm,1.960566,11.151853,6,6
job_012_Cr_fe_-1.495_n4_generated_crystals_cif__gen_0,D:\CGCNN\EARLY_LiM2O4_ALIGNN_HARD640_m2p18_m2p02_20260617\cifs\job_012_Cr_fe_-1.495_n4_generated_crystals_cif__gen_0.cif,-2.18317985534668,0,1,0,Li1 Cr2 O4,LiCr2O4,Cr,1,P1,1.867868,11.277602,4,6
job_187_Ni_fe_-0.981_n4_generated_crystals_cif__gen_3,D:\CGCNN\EARLY_LiM2O4_ALIGNN_HARD640_m2p18_m2p02_20260617\cifs\job_187_Ni_fe_-0.981_n4_generated_crystals_cif__gen_3.cif,-0.8788166642189026,0,0,1,Li1 Ni2 O4,Li(NiO2)2,Ni,8,Cm,1.935462,10.214057,6,6
job_069_Mn_fe_-1.295_n4_generated_crystals_cif__gen_0,D:\CGCNN\EARLY_LiM2O4_ALIGNN_HARD640_m2p18_m2p02_20260617\cifs\job_069_Mn_fe_-1.295_n4_generated_crystals_cif__gen_0.cif,-1.9121254682540891,0,0,1,Li1 Mn2 O4,LiMn2O4,Mn,8,Cm,1.870151,10.24249,6,6
job_213_Al_fe_-1.344_n4_generated_crystals_cif__gen_1,D:\CGCNN\EARLY_LiM2O4_ALIGNN_HARD640_m2p18_m2p02_20260617\cifs\job_213_Al_fe_-1.344_n4_generated_crystals_cif__gen_1.cif,-3.1154184341430664,0,1,0,Li1 Al2 O4,LiAl2O4,Al,8,Cm,1.789039,10.837373,4,5
job_194_Ni_fe_-1.199_n4_generated_crystals_cif__gen_2,D:\CGCNN\EARLY_LiM2O4_ALIGNN_HARD640_m2p18_m2p02_20260617\cifs\job_194_Ni_fe_-1.199_n4_generated_crystals_cif__gen_2.cif,-1.0326850414276123,0,0,1,Li1 Ni2 O4,Li(NiO2)2,Ni,12,C2/m,1.868736,9.928866,6,6
job_094_Cr_fe_-0.989_n4_generated_crystals_cif__gen_0,D:\CGCNN\EARLY_LiM2O4_ALIGNN_HARD640_m2p18_m2p02_20260617\cifs\job_094_Cr_fe_-0.989_n4_generated_crystals_cif__gen_0.cif,-2.136093616485596,1,0,0,Li1 Cr2 O4,LiCr2O4,Cr,8,Cm,1.836475,10.769074,4,5
job_137_Al_fe_-1.012_n4_generated_crystals_cif__gen_1,D:\CGCNN\EARLY_LiM2O4_ALIGNN_HARD640_m2p18_m2p02_20260617\cifs\job_137_Al_fe_-1.012_n4_generated_crystals_cif__gen_1.cif,-2.91833758354187,0,1,0,Li1 Al2 O4,LiAl2O4,Al,8,Cm,1.727687,9.331066,3,5
job_103_Ti_fe_-1.058_n4_generated_crystals_cif__gen_1,D:\CGCNN\EARLY_LiM2O4_ALIGNN_HARD640_m2p18_m2p02_20260617\cifs\job_103_Ti_fe_-1.058_n4_generated_crystals_cif__gen_1.cif,-3.1783907413482666,0,1,0,Li1 Ti2 O4,LiTi2O4,Ti,1,P1,1.838749,9.299875,6,6
job_061_Mn_fe_-1.231_n4_generated_crystals_cif__gen_2,D:\CGCNN\EARLY_LiM2O4_ALIGNN_HARD640_m2p18_m2p02_20260617\cifs\job_061_Mn_fe_-1.231_n4_generated_crystals_cif__gen_2.cif,-2.0183801651000977,0,0,1,Li1 Mn2 O4,LiMn2O4,Mn,8,Cm,1.929066,10.76478,6,6
job_049_Al_fe_-1.223_n4_generated_crystals_cif__gen_3,D:\CGCNN\EARLY_LiM2O4_ALIGNN_HARD640_m2p18_m2p02_20260617\cifs\job_049_Al_fe_-1.223_n4_generated_crystals_cif__gen_3.cif,-3.159355401992798,0,1,0,Li1 Al2 O4,LiAl2O4,Al,8,Cm,1.883189,10.061607,6,6
job_220_Cr_fe_-1.305_n4_generated_crystals_cif__gen_1,D:\CGCNN\EARLY_LiM2O4_ALIGNN_HARD640_m2p18_m2p02_20260617\cifs\job_220_Cr_fe_-1.305_n4_generated_crystals_cif__gen_1.cif,-2.181419849395752,0,1,0,Li1 Cr2 O4,LiCr2O4,Cr,8,Cm,1.941675,10.630626,6,6
job_108_Ni_fe_-1.123_n4_generated_crystals_cif__gen_0,D:\CGCNN\EARLY_LiM2O4_ALIGNN_HARD640_m2p18_m2p02_20260617\cifs\job_108_Ni_fe_-1.123_n4_generated_crystals_cif__gen_0.cif,-1.0719245672225952,0,0,1,Li1 Ni2 O4,Li(NiO2)2,Ni,1,P1,1.866206,9.843311,6,6
job_045_Al_fe_-1.313_n4_generated_crystals_cif__gen_0,D:\CGCNN\EARLY_LiM2O4_ALIGNN_HARD640_m2p18_m2p02_20260617\cifs\job_045_Al_fe_-1.313_n4_generated_crystals_cif__gen_0.cif,-3.163241386413574,0,1,0,Li1 Al2 O4,LiAl2O4,Al,119,I-4m2,1.895898,9.059463,6,6
job_123_Ni_fe_-1.305_n4_generated_crystals_cif__gen_3,D:\CGCNN\EARLY_LiM2O4_ALIGNN_HARD640_m2p18_m2p02_20260617\cifs\job_123_Ni_fe_-1.305_n4_generated_crystals_cif__gen_3.cif,-1.031505107879639,0,0,1,Li1 Ni2 O4,Li(NiO2)2,Ni,8,Cm,1.863582,9.861024,6,6
job_070_Ni_fe_-1.182_n4_generated_crystals_cif__gen_1,D:\CGCNN\EARLY_LiM2O4_ALIGNN_HARD640_m2p18_m2p02_20260617\cifs\job_070_Ni_fe_-1.182_n4_generated_crystals_cif__gen_1.cif,-1.0509977340698242,0,0,1,Li1 Ni2 O4,Li(NiO2)2,Ni,2,P-1,1.864505,9.735537,6,6
job_024_Mg_fe_-0.880_n4_generated_crystals_cif__gen_3,D:\CGCNN\EARLY_LiM2O4_ALIGNN_HARD640_m2p18_m2p02_20260617\cifs\job_024_Mg_fe_-0.880_n4_generated_crystals_cif__gen_3.cif,-2.004354953765869,0,0,1,Li1 Mg2 O4,LiMg2O4,Mg,8,Cm,1.859843,10.958678,4,5
job_191_Ti_fe_-0.867_n4_generated_crystals_cif__gen_1,D:\CGCNN\EARLY_LiM2O4_ALIGNN_HARD640_m2p18_m2p02_20260617\cifs\job_191_Ti_fe_-0.867_n4_generated_crystals_cif__gen_1.cif,-3.196074724197388,0,1,0,Li1 Ti2 O4,LiTi2O4,Ti,12,C2/m,1.938622,10.886077,6,6
job_087_Cr_fe_-1.452_n4_generated_crystals_cif__gen_2,D:\CGCNN\EARLY_LiM2O4_ALIGNN_HARD640_m2p18_m2p02_20260617\cifs\job_087_Cr_fe_-1.452_n4_generated_crystals_cif__gen_2.cif,-2.19195294380188,0,1,0,Li1 Cr2 O4,LiCr2O4,Cr,6,Pm,1.918167,10.638302,6,6
job_105_Mn_fe_-0.898_n4_generated_crystals_cif__gen_3,D:\CGCNN\EARLY_LiM2O4_ALIGNN_HARD640_m2p18_m2p02_20260617\cifs\job_105_Mn_fe_-0.898_n4_generated_crystals_cif__gen_3.cif,-1.9902012348175049,0,0,1,Li1 Mn2 O4,LiMn2O4,Mn,8,Cm,1.963226,10.837539,6,6
job_008_Mg_fe_-1.361_n4_generated_crystals_cif__gen_1,D:\CGCNN\EARLY_LiM2O4_ALIGNN_HARD640_m2p18_m2p02_20260617\cifs\job_008_Mg_fe_-1.361_n4_generated_crystals_cif__gen_1.cif,-2.1996724605560303,0,1,0,Li1 Mg2 O4,LiMg2O4,Mg,12,C2/m,2.014694,10.460076,6,6
job_129_Mn_fe_-0.852_n4_generated_crystals_cif__gen_3,D:\CGCNN\EARLY_LiM2O4_ALIGNN_HARD640_m2p18_m2p02_20260617\cifs\job_129_Mn_fe_-0.852_n4_generated_crystals_cif__gen_3.cif,-1.9803466796875,0,0,1,Li1 Mn2 O4,LiMn2O4,Mn,6,Pm,1.862347,9.424676,6,6
job_097_Ti_fe_-1.239_n4_generated_crystals_cif__gen_2,D:\CGCNN\EARLY_LiM2O4_ALIGNN_HARD640_m2p18_m2p02_20260617\cifs\job_097_Ti_fe_-1.239_n4_generated_crystals_cif__gen_2.cif,-3.1700239181518555,0,1,0,Li1 Ti2 O4,LiTi2O4,Ti,160,R3m,1.861564,11.205728,4,6
job_132_Ni_fe_-0.895_n4_generated_crystals_cif__gen_1,D:\CGCNN\EARLY_LiM2O4_ALIGNN_HARD640_m2p18_m2p02_20260617\cifs\job_132_Ni_fe_-0.895_n4_generated_crystals_cif__gen_1.cif,-1.0019932985305786,0,0,1,Li1 Ni2 O4,Li(NiO2)2,Ni,1,P1,1.86997,10.290052,4,6
job_237_Co_fe_-1.198_n4_generated_crystals_cif__gen_3,D:\CGCNN\EARLY_LiM2O4_ALIGNN_HARD640_m2p18_m2p02_20260617\cifs\job_237_Co_fe_-1.198_n4_generated_crystals_cif__gen_3.cif,-1.4116817712783811,0,0,1,Li1 Co2 O4,Li(CoO2)2,Co,1,P1,1.892488,10.541531,4,6
job_075_Co_fe_-0.911_n4_generated_crystals_cif__gen_1,D:\CGCNN\EARLY_LiM2O4_ALIGNN_HARD640_m2p18_m2p02_20260617\cifs\job_075_Co_fe_-0.911_n4_generated_crystals_cif__gen_1.cif,-1.359947681427002,0,0,1,Li1 Co2 O4,Li(CoO2)2,Co,1,P1,1.814609,9.96358,3,5
job_182_Cr_fe_-1.464_n4_generated_crystals_cif__gen_1,D:\CGCNN\EARLY_LiM2O4_ALIGNN_HARD640_m2p18_m2p02_20260617\cifs\job_182_Cr_fe_-1.464_n4_generated_crystals_cif__gen_1.cif,-2.244051933288574,0,1,0,Li1 Cr2 O4,LiCr2O4,Cr,1,P1,1.949549,10.139211,5,6
job_223_Mg_fe_-1.268_n4_generated_crystals_cif__gen_1,D:\CGCNN\EARLY_LiM2O4_ALIGNN_HARD640_m2p18_m2p02_20260617\cifs\job_223_Mg_fe_-1.268_n4_generated_crystals_cif__gen_1.cif,-2.228058099746704,0,1,0,Li1 Mg2 O4,LiMg2O4,Mg,5,C2,1.999021,10.630247,6,6
job_118_Mn_fe_-1.458_n4_generated_crystals_cif__gen_3,D:\CGCNN\EARLY_LiM2O4_ALIGNN_HARD640_m2p18_m2p02_20260617\cifs\job_118_Mn_fe_-1.458_n4_generated_crystals_cif__gen_3.cif,-1.945816159248352,0,0,1,Li1 Mn2 O4,LiMn2O4,Mn,160,R3m,1.942045,10.728963,6,6
job_038_Ni_fe_-1.176_n4_generated_crystals_cif__gen_1,D:\CGCNN\EARLY_LiM2O4_ALIGNN_HARD640_m2p18_m2p02_20260617\cifs\job_038_Ni_fe_-1.176_n4_generated_crystals_cif__gen_1.cif,-0.9855294227600098,0,0,1,Li1 Ni2 O4,Li(NiO2)2,Ni,8,Cm,1.86145,10.917201,4,6
job_072_Co_fe_-0.820_n4_generated_crystals_cif__gen_2,D:\CGCNN\EARLY_LiM2O4_ALIGNN_HARD640_m2p18_m2p02_20260617\cifs\job_072_Co_fe_-0.820_n4_generated_crystals_cif__gen_2.cif,-1.4843320846557615,0,0,1,Li1 Co2 O4,Li(CoO2)2,Co,8,Cm,1.907761,10.123648,6,6
job_112_Cr_fe_-1.215_n4_generated_crystals_cif__gen_3,D:\CGCNN\EARLY_LiM2O4_ALIGNN_HARD640_m2p18_m2p02_20260617\cifs\job_112_Cr_fe_-1.215_n4_generated_crystals_cif__gen_3.cif,-2.181488037109375,0,1,0,Li1 Cr2 O4,LiCr2O4,Cr,6,Pm,1.92674,10.50528,6,6
job_165_Ni_fe_-1.146_n4_generated_crystals_cif__gen_0,D:\CGCNN\EARLY_LiM2O4_ALIGNN_HARD640_m2p18_m2p02_20260617\cifs\job_165_Ni_fe_-1.146_n4_generated_crystals_cif__gen_0.cif,-1.0661312341690063,0,0,1,Li1 Ni2 O4,Li(NiO2)2,Ni,10,P2/m,1.878122,10.107036,6,6
job_176_Mn_fe_-0.980_n4_generated_crystals_cif__gen_3,D:\CGCNN\EARLY_LiM2O4_ALIGNN_HARD640_m2p18_m2p02_20260617\cifs\job_176_Mn_fe_-0.980_n4_generated_crystals_cif__gen_3.cif,-1.9345104694366453,0,0,1,Li1 Mn2 O4,LiMn2O4,Mn,8,Cm,1.857442,10.198246,6,6
job_144_Co_fe_-1.460_n4_generated_crystals_cif__gen_0,D:\CGCNN\EARLY_LiM2O4_ALIGNN_HARD640_m2p18_m2p02_20260617\cifs\job_144_Co_fe_-1.460_n4_generated_crystals_cif__gen_0.cif,-1.4710986614227295,0,0,1,Li1 Co2 O4,Li(CoO2)2,Co,8,Cm,1.910834,10.012155,6,6
job_135_Co_fe_-0.851_n4_generated_crystals_cif__gen_2,D:\CGCNN\EARLY_LiM2O4_ALIGNN_HARD640_m2p18_m2p02_20260617\cifs\job_135_Co_fe_-0.851_n4_generated_crystals_cif__gen_2.cif,-1.4554414749145508,0,0,1,Li1 Co2 O4,Li(CoO2)2,Co,12,C2/m,1.912605,9.90595,6,6
job_001_Ti_fe_-1.307_n4_generated_crystals_cif__gen_3,D:\CGCNN\EARLY_LiM2O4_ALIGNN_HARD640_m2p18_m2p02_20260617\cifs\job_001_Ti_fe_-1.307_n4_generated_crystals_cif__gen_3.cif,-3.079101085662842,0,1,0,Li1 Ti2 O4,LiTi2O4,Ti,6,Pm,1.874863,9.811989,6,6
job_019_Mg_fe_-1.315_n4_generated_crystals_cif__gen_0,D:\CGCNN\EARLY_LiM2O4_ALIGNN_HARD640_m2p18_m2p02_20260617\cifs\job_019_Mg_fe_-1.315_n4_generated_crystals_cif__gen_0.cif,-1.7464520931243896,0,0,1,Li1 Mg2 O4,LiMg2O4,Mg,1,P1,1.520788,11.984386,4,5
job_127_Mn_fe_-1.465_n4_generated_crystals_cif__gen_2,D:\CGCNN\EARLY_LiM2O4_ALIGNN_HARD640_m2p18_m2p02_20260617\cifs\job_127_Mn_fe_-1.465_n4_generated_crystals_cif__gen_2.cif,-2.0267858505249023,1,0,0,Li1 Mn2 O4,LiMn2O4,Mn,6,Pm,1.926541,10.779037,6,6
job_227_Mg_fe_-1.196_n4_generated_crystals_cif__gen_3,D:\CGCNN\EARLY_LiM2O4_ALIGNN_HARD640_m2p18_m2p02_20260617\cifs\job_227_Mg_fe_-1.196_n4_generated_crystals_cif__gen_3.cif,-2.193936347961426,0,1,0,Li1 Mg2 O4,LiMg2O4,Mg,44,Imm2,2.03619,11.099212,6,6
job_169_Al_fe_-0.916_n4_generated_crystals_cif__gen_1,D:\CGCNN\EARLY_LiM2O4_ALIGNN_HARD640_m2p18_m2p02_20260617\cifs\job_169_Al_fe_-0.916_n4_generated_crystals_cif__gen_1.cif,-2.8976054191589355,0,1,0,Li1 Al2 O4,LiAl2O4,Al,160,R3m,1.765522,9.913298,4,5
job_007_Mg_fe_-1.079_n4_generated_crystals_cif__gen_0,D:\CGCNN\EARLY_LiM2O4_ALIGNN_HARD640_m2p18_m2p02_20260617\cifs\job_007_Mg_fe_-1.079_n4_generated_crystals_cif__gen_0.cif,-2.2938599586486816,0,1,0,Li1 Mg2 O4,LiMg2O4,Mg,123,P4/mmm,2.073701,10.388975,6,6
job_020_Mn_fe_-0.989_n4_generated_crystals_cif__gen_3,D:\CGCNN\EARLY_LiM2O4_ALIGNN_HARD640_m2p18_m2p02_20260617\cifs\job_020_Mn_fe_-0.989_n4_generated_crystals_cif__gen_3.cif,-1.9995641708374023,0,0,1,Li1 Mn2 O4,LiMn2O4,Mn,1,P1,1.922844,11.650976,4,6
job_240_Cr_fe_-1.413_n4_generated_crystals_cif__gen_1,D:\CGCNN\EARLY_LiM2O4_ALIGNN_HARD640_m2p18_m2p02_20260617\cifs\job_240_Cr_fe_-1.413_n4_generated_crystals_cif__gen_1.cif,-2.153986930847168,1,0,0,Li1 Cr2 O4,LiCr2O4,Cr,8,Cm,1.855314,9.80462,6,6
job_224_Mn_fe_-1.419_n4_generated_crystals_cif__gen_3,D:\CGCNN\EARLY_LiM2O4_ALIGNN_HARD640_m2p18_m2p02_20260617\cifs\job_224_Mn_fe_-1.419_n4_generated_crystals_cif__gen_3.cif,-2.015972852706909,0,0,1,Li1 Mn2 O4,LiMn2O4,Mn,1,P1,1.916365,10.719872,6,6
job_001_Ti_fe_-1.307_n4_generated_crystals_cif__gen_1,D:\CGCNN\EARLY_LiM2O4_ALIGNN_HARD640_m2p18_m2p02_20260617\cifs\job_001_Ti_fe_-1.307_n4_generated_crystals_cif__gen_1.cif,-3.186828136444092,0,1,0,Li1 Ti2 O4,LiTi2O4,Ti,12,C2/m,1.951087,10.834495,6,6
job_142_Mn_fe_-1.095_n4_generated_crystals_cif__gen_3,D:\CGCNN\EARLY_LiM2O4_ALIGNN_HARD640_m2p18_m2p02_20260617\cifs\job_142_Mn_fe_-1.095_n4_generated_crystals_cif__gen_3.cif,-1.9228596687316892,0,0,1,Li1 Mn2 O4,LiMn2O4,Mn,1,P1,1.886524,10.089218,6,5
job_130_Cr_fe_-1.335_n4_generated_crystals_cif__gen_2,D:\CGCNN\EARLY_LiM2O4_ALIGNN_HARD640_m2p18_m2p02_20260617\cifs\job_130_Cr_fe_-1.335_n4_generated_crystals_cif__gen_2.cif,-2.19545841217041,0,1,0,Li1 Cr2 O4,LiCr2O4,Cr,6,Pm,1.937191,10.492176,6,6
job_118_Mn_fe_-1.458_n4_generated_crystals_cif__gen_0,D:\CGCNN\EARLY_LiM2O4_ALIGNN_HARD640_m2p18_m2p02_20260617\cifs\job_118_Mn_fe_-1.458_n4_generated_crystals_cif__gen_0.cif,-2.009093761444092,0,0,1,Li1 Mn2 O4,LiMn2O4,Mn,1,P1,1.92068,10.928663,5,6
job_106_Mn_fe_-1.140_n4_generated_crystals_cif__gen_3,D:\CGCNN\EARLY_LiM2O4_ALIGNN_HARD640_m2p18_m2p02_20260617\cifs\job_106_Mn_fe_-1.140_n4_generated_crystals_cif__gen_3.cif,-1.951714038848877,0,0,1,Li1 Mn2 O4,LiMn2O4,Mn,1,P1,1.880451,9.994793,6,6
job_161_Co_fe_-0.850_n4_generated_crystals_cif__gen_2,D:\CGCNN\EARLY_LiM2O4_ALIGNN_HARD640_m2p18_m2p02_20260617\cifs\job_161_Co_fe_-0.850_n4_generated_crystals_cif__gen_2.cif,-1.4287563562393188,0,0,1,Li1 Co2 O4,Li(CoO2)2,Co,44,Imm2,1.911897,9.71932,6,6
job_196_Cr_fe_-0.819_n4_generated_crystals_cif__gen_1,D:\CGCNN\EARLY_LiM2O4_ALIGNN_HARD640_m2p18_m2p02_20260617\cifs\job_196_Cr_fe_-0.819_n4_generated_crystals_cif__gen_1.cif,-2.1088345050811768,1,0,0,Li1 Cr2 O4,LiCr2O4,Cr,8,Cm,1.811286,10.584864,4,5
job_130_Cr_fe_-1.335_n4_generated_crystals_cif__gen_3,D:\CGCNN\EARLY_LiM2O4_ALIGNN_HARD640_m2p18_m2p02_20260617\cifs\job_130_Cr_fe_-1.335_n4_generated_crystals_cif__gen_3.cif,-2.2419798374176025,0,1,0,Li1 Cr2 O4,LiCr2O4,Cr,8,Cm,1.95649,10.081284,5,6
job_088_Cr_fe_-1.127_n4_generated_crystals_cif__gen_1,D:\CGCNN\EARLY_LiM2O4_ALIGNN_HARD640_m2p18_m2p02_20260617\cifs\job_088_Cr_fe_-1.127_n4_generated_crystals_cif__gen_1.cif,-2.198474645614624,0,1,0,Li1 Cr2 O4,LiCr2O4,Cr,6,Pm,1.936864,10.490802,6,6
job_012_Cr_fe_-1.495_n4_generated_crystals_cif__gen_3,D:\CGCNN\EARLY_LiM2O4_ALIGNN_HARD640_m2p18_m2p02_20260617\cifs\job_012_Cr_fe_-1.495_n4_generated_crystals_cif__gen_3.cif,-2.222175359725952,0,1,0,Li1 Cr2 O4,LiCr2O4,Cr,44,Imm2,1.969619,9.830353,6,6
job_211_Ti_fe_-1.424_n4_generated_crystals_cif__gen_1,D:\CGCNN\EARLY_LiM2O4_ALIGNN_HARD640_m2p18_m2p02_20260617\cifs\job_211_Ti_fe_-1.424_n4_generated_crystals_cif__gen_1.cif,-3.172254800796509,0,1,0,Li1 Ti2 O4,LiTi2O4,Ti,10,P2/m,1.990413,10.954627,6,6
job_100_Co_fe_-1.485_n4_generated_crystals_cif__gen_1,D:\CGCNN\EARLY_LiM2O4_ALIGNN_HARD640_m2p18_m2p02_20260617\cifs\job_100_Co_fe_-1.485_n4_generated_crystals_cif__gen_1.cif,-1.419140100479126,0,0,1,Li1 Co2 O4,Li(CoO2)2,Co,8,Cm,1.871788,9.638588,6,6
job_021_Mg_fe_-1.413_n4_generated_crystals_cif__gen_3,D:\CGCNN\EARLY_LiM2O4_ALIGNN_HARD640_m2p18_m2p02_20260617\cifs\job_021_Mg_fe_-1.413_n4_generated_crystals_cif__gen_3.cif,-2.1637938022613525,1,0,0,Li1 Mg2 O4,LiMg2O4,Mg,8,Cm,1.970443,10.142321,6,6
job_089_Ni_fe_-1.410_n4_generated_crystals_cif__gen_1,D:\CGCNN\EARLY_LiM2O4_ALIGNN_HARD640_m2p18_m2p02_20260617\cifs\job_089_Ni_fe_-1.410_n4_generated_crystals_cif__gen_1.cif,-1.060167908668518,0,0,1,Li1 Ni2 O4,Li(NiO2)2,Ni,6,Pm,1.874407,9.948948,6,6
job_016_Cr_fe_-1.264_n4_generated_crystals_cif__gen_2,D:\CGCNN\EARLY_LiM2O4_ALIGNN_HARD640_m2p18_m2p02_20260617\cifs\job_016_Cr_fe_-1.264_n4_generated_crystals_cif__gen_2.cif,-2.22020959854126,0,1,0,Li1 Cr2 O4,LiCr2O4,Cr,44,Imm2,1.946972,10.004222,5,6
job_062_Mg_fe_-0.803_n4_generated_crystals_cif__gen_1,D:\CGCNN\EARLY_LiM2O4_ALIGNN_HARD640_m2p18_m2p02_20260617\cifs\job_062_Mg_fe_-0.803_n4_generated_crystals_cif__gen_1.cif,-2.113800525665283,1,0,0,Li1 Mg2 O4,LiMg2O4,Mg,8,Cm,2.030577,11.473996,6,6
job_091_Ni_fe_-1.314_n4_generated_crystals_cif__gen_2,D:\CGCNN\EARLY_LiM2O4_ALIGNN_HARD640_m2p18_m2p02_20260617\cifs\job_091_Ni_fe_-1.314_n4_generated_crystals_cif__gen_2.cif,-0.9849172234535216,0,0,1,Li1 Ni2 O4,Li(NiO2)2,Ni,1,P1,1.872493,9.575546,6,6
job_238_Ti_fe_-0.855_n4_generated_crystals_cif__gen_0,D:\CGCNN\EARLY_LiM2O4_ALIGNN_HARD640_m2p18_m2p02_20260617\cifs\job_238_Ti_fe_-0.855_n4_generated_crystals_cif__gen_0.cif,-3.238698720932007,0,1,0,Li1 Ti2 O4,LiTi2O4,Ti,44,Imm2,2.001014,9.995317,6,6
job_070_Ni_fe_-1.182_n4_generated_crystals_cif__gen_3,D:\CGCNN\EARLY_LiM2O4_ALIGNN_HARD640_m2p18_m2p02_20260617\cifs\job_070_Ni_fe_-1.182_n4_generated_crystals_cif__gen_3.cif,-1.07492196559906,0,0,1,Li1 Ni2 O4,Li(NiO2)2,Ni,1,P1,1.870964,10.081631,6,6
job_207_Cr_fe_-0.848_n4_generated_crystals_cif__gen_1,D:\CGCNN\EARLY_LiM2O4_ALIGNN_HARD640_m2p18_m2p02_20260617\cifs\job_207_Cr_fe_-0.848_n4_generated_crystals_cif__gen_1.cif,-2.204430341720581,0,1,0,Li1 Cr2 O4,LiCr2O4,Cr,6,Pm,1.9304,10.671035,6,6
job_154_Mn_fe_-1.207_n4_generated_crystals_cif__gen_3,D:\CGCNN\EARLY_LiM2O4_ALIGNN_HARD640_m2p18_m2p02_20260617\cifs\job_154_Mn_fe_-1.207_n4_generated_crystals_cif__gen_3.cif,-2.0229361057281494,1,0,0,Li1 Mn2 O4,LiMn2O4,Mn,8,Cm,1.90884,11.077702,5,6
job_077_Ni_fe_-1.238_n4_generated_crystals_cif__gen_0,D:\CGCNN\EARLY_LiM2O4_ALIGNN_HARD640_m2p18_m2p02_20260617\cifs\job_077_Ni_fe_-1.238_n4_generated_crystals_cif__gen_0.cif,-0.9772711992263794,0,0,1,Li1 Ni2 O4,Li(NiO2)2,Ni,8,Cm,1.886788,9.613014,6,6
job_208_Cr_fe_-1.031_n4_generated_crystals_cif__gen_0,D:\CGCNN\EARLY_LiM2O4_ALIGNN_HARD640_m2p18_m2p02_20260617\cifs\job_208_Cr_fe_-1.031_n4_generated_crystals_cif__gen_0.cif,-2.205277681350708,0,1,0,Li1 Cr2 O4,LiCr2O4,Cr,10,P2/m,1.947542,10.630023,6,6
job_142_Mn_fe_-1.095_n4_generated_crystals_cif__gen_1,D:\CGCNN\EARLY_LiM2O4_ALIGNN_HARD640_m2p18_m2p02_20260617\cifs\job_142_Mn_fe_-1.095_n4_generated_crystals_cif__gen_1.cif,-1.993648648262024,0,0,1,Li1 Mn2 O4,LiMn2O4,Mn,1,P1,1.92574,11.763384,4,6
job_240_Cr_fe_-1.413_n4_generated_crystals_cif__gen_0,D:\CGCNN\EARLY_LiM2O4_ALIGNN_HARD640_m2p18_m2p02_20260617\cifs\job_240_Cr_fe_-1.413_n4_generated_crystals_cif__gen_0.cif,-2.1912271976470947,0,1,0,Li1 Cr2 O4,LiCr2O4,Cr,8,Cm,1.943465,10.496248,6,6
job_210_Co_fe_-1.389_n4_generated_crystals_cif__gen_1,D:\CGCNN\EARLY_LiM2O4_ALIGNN_HARD640_m2p18_m2p02_20260617\cifs\job_210_Co_fe_-1.389_n4_generated_crystals_cif__gen_1.cif,-1.461716651916504,0,0,1,Li1 Co2 O4,Li(CoO2)2,Co,12,C2/m,1.920648,9.925495,6,6
job_027_Ti_fe_-1.340_n4_generated_crystals_cif__gen_3,D:\CGCNN\EARLY_LiM2O4_ALIGNN_HARD640_m2p18_m2p02_20260617\cifs\job_027_Ti_fe_-1.340_n4_generated_crystals_cif__gen_3.cif,-3.127559900283813,0,1,0,Li1 Ti2 O4,LiTi2O4,Ti,8,Cm,1.881973,10.139341,3,6
job_138_Ti_fe_-0.803_n4_generated_crystals_cif__gen_3,D:\CGCNN\EARLY_LiM2O4_ALIGNN_HARD640_m2p18_m2p02_20260617\cifs\job_138_Ti_fe_-0.803_n4_generated_crystals_cif__gen_3.cif,-3.1692347526550293,0,1,0,Li1 Ti2 O4,LiTi2O4,Ti,8,Cm,1.956877,11.105213,6,6
job_068_Cr_fe_-1.051_n4_generated_crystals_cif__gen_3,D:\CGCNN\EARLY_LiM2O4_ALIGNN_HARD640_m2p18_m2p02_20260617\cifs\job_068_Cr_fe_-1.051_n4_generated_crystals_cif__gen_3.cif,-2.208514213562012,0,1,0,Li1 Cr2 O4,LiCr2O4,Cr,6,Pm,1.917188,10.849008,6,6
job_237_Co_fe_-1.198_n4_generated_crystals_cif__gen_2,D:\CGCNN\EARLY_LiM2O4_ALIGNN_HARD640_m2p18_m2p02_20260617\cifs\job_237_Co_fe_-1.198_n4_generated_crystals_cif__gen_2.cif,-1.52774977684021,0,0,1,Li1 Co2 O4,Li(CoO2)2,Co,12,C2/m,1.892116,9.684789,6,6
job_066_Mn_fe_-1.023_n4_generated_crystals_cif__gen_1,D:\CGCNN\EARLY_LiM2O4_ALIGNN_HARD640_m2p18_m2p02_20260617\cifs\job_066_Mn_fe_-1.023_n4_generated_crystals_cif__gen_1.cif,-1.9014478921890257,0,0,1,Li1 Mn2 O4,LiMn2O4,Mn,1,P1,1.820502,9.892236,6,6
job_115_Al_fe_-1.173_n4_generated_crystals_cif__gen_1,D:\CGCNN\EARLY_LiM2O4_ALIGNN_HARD640_m2p18_m2p02_20260617\cifs\job_115_Al_fe_-1.173_n4_generated_crystals_cif__gen_1.cif,-3.12134313583374,0,1,0,Li1 Al2 O4,LiAl2O4,Al,12,C2/m,1.898961,9.765685,6,6
job_076_Mg_fe_-1.074_n4_generated_crystals_cif__gen_0,D:\CGCNN\EARLY_LiM2O4_ALIGNN_HARD640_m2p18_m2p02_20260617\cifs\job_076_Mg_fe_-1.074_n4_generated_crystals_cif__gen_0.cif,-2.200692653656006,0,1,0,Li1 Mg2 O4,LiMg2O4,Mg,8,Cm,2.050616,10.987813,6,6
job_154_Mn_fe_-1.207_n4_generated_crystals_cif__gen_1,D:\CGCNN\EARLY_LiM2O4_ALIGNN_HARD640_m2p18_m2p02_20260617\cifs\job_154_Mn_fe_-1.207_n4_generated_crystals_cif__gen_1.cif,-2.0003502368927,0,0,1,Li1 Mn2 O4,LiMn2O4,Mn,44,Imm2,1.93394,10.222012,6,6
job_210_Co_fe_-1.389_n4_generated_crystals_cif__gen_2,D:\CGCNN\EARLY_LiM2O4_ALIGNN_HARD640_m2p18_m2p02_20260617\cifs\job_210_Co_fe_-1.389_n4_generated_crystals_cif__gen_2.cif,-1.4283642768859863,0,0,1,Li1 Co2 O4,Li(CoO2)2,Co,8,Cm,1.919579,10.12192,6,6
job_060_Ti_fe_-1.204_n4_generated_crystals_cif__gen_3,D:\CGCNN\EARLY_LiM2O4_ALIGNN_HARD640_m2p18_m2p02_20260617\cifs\job_060_Ti_fe_-1.204_n4_generated_crystals_cif__gen_3.cif,-3.218674898147583,0,1,0,Li1 Ti2 O4,LiTi2O4,Ti,8,Cm,1.862615,10.293397,6,6
job_143_Mg_fe_-1.457_n4_generated_crystals_cif__gen_1,D:\CGCNN\EARLY_LiM2O4_ALIGNN_HARD640_m2p18_m2p02_20260617\cifs\job_143_Mg_fe_-1.457_n4_generated_crystals_cif__gen_1.cif,-2.2118492126464844,0,1,0,Li1 Mg2 O4,LiMg2O4,Mg,5,C2,2.036537,10.664863,6,6
job_162_Mn_fe_-1.493_n4_generated_crystals_cif__gen_2,D:\CGCNN\EARLY_LiM2O4_ALIGNN_HARD640_m2p18_m2p02_20260617\cifs\job_162_Mn_fe_-1.493_n4_generated_crystals_cif__gen_2.cif,-2.01844334602356,0,0,1,Li1 Mn2 O4,LiMn2O4,Mn,1,P1,1.907452,10.887561,6,6
job_088_Cr_fe_-1.127_n4_generated_crystals_cif__gen_2,D:\CGCNN\EARLY_LiM2O4_ALIGNN_HARD640_m2p18_m2p02_20260617\cifs\job_088_Cr_fe_-1.127_n4_generated_crystals_cif__gen_2.cif,-2.213667154312134,0,1,0,Li1 Cr2 O4,LiCr2O4,Cr,8,Cm,1.960684,10.654061,6,6
job_146_Cr_fe_-1.128_n4_generated_crystals_cif__gen_1,D:\CGCNN\EARLY_LiM2O4_ALIGNN_HARD640_m2p18_m2p02_20260617\cifs\job_146_Cr_fe_-1.128_n4_generated_crystals_cif__gen_1.cif,-2.148542881011963,1,0,0,Li1 Cr2 O4,LiCr2O4,Cr,1,P1,1.871842,9.794417,5,6
job_196_Cr_fe_-0.819_n4_generated_crystals_cif__gen_2,D:\CGCNN\EARLY_LiM2O4_ALIGNN_HARD640_m2p18_m2p02_20260617\cifs\job_196_Cr_fe_-0.819_n4_generated_crystals_cif__gen_2.cif,-2.1501615047454834,1,0,0,Li1 Cr2 O4,LiCr2O4,Cr,1,P1,1.878912,9.772212,6,6
job_042_Cr_fe_-0.962_n4_generated_crystals_cif__gen_0,D:\CGCNN\EARLY_LiM2O4_ALIGNN_HARD640_m2p18_m2p02_20260617\cifs\job_042_Cr_fe_-0.962_n4_generated_crystals_cif__gen_0.cif,-2.158137083053589,1,0,0,Li1 Cr2 O4,LiCr2O4,Cr,1,P1,1.867167,9.855476,3,6
job_174_Ti_fe_-1.427_n4_generated_crystals_cif__gen_2,D:\CGCNN\EARLY_LiM2O4_ALIGNN_HARD640_m2p18_m2p02_20260617\cifs\job_174_Ti_fe_-1.427_n4_generated_crystals_cif__gen_2.cif,-3.1716983318328857,0,1,0,Li1 Ti2 O4,LiTi2O4,Ti,6,Pm,1.982813,10.824232,6,6
job_030_Mn_fe_-1.234_n4_generated_crystals_cif__gen_0,D:\CGCNN\EARLY_LiM2O4_ALIGNN_HARD640_m2p18_m2p02_20260617\cifs\job_030_Mn_fe_-1.234_n4_generated_crystals_cif__gen_0.cif,-2.032205581665039,1,0,0,Li1 Mn2 O4,LiMn2O4,Mn,10,P2/m,1.936094,10.866743,6,6
job_189_Mg_fe_-1.493_n4_generated_crystals_cif__gen_1,D:\CGCNN\EARLY_LiM2O4_ALIGNN_HARD640_m2p18_m2p02_20260617\cifs\job_189_Mg_fe_-1.493_n4_generated_crystals_cif__gen_1.cif,-2.177410125732422,1,0,0,Li1 Mg2 O4,LiMg2O4,Mg,8,Cm,1.956868,10.377045,6,6
job_239_Mg_fe_-1.280_n4_generated_crystals_cif__gen_2,D:\CGCNN\EARLY_LiM2O4_ALIGNN_HARD640_m2p18_m2p02_20260617\cifs\job_239_Mg_fe_-1.280_n4_generated_crystals_cif__gen_2.cif,-1.9719445705413816,0,0,1,Li1 Mg2 O4,LiMg2O4,Mg,1,P1,1.508819,11.010256,6,6
job_046_Ni_fe_-0.861_n4_generated_crystals_cif__gen_3,D:\CGCNN\EARLY_LiM2O4_ALIGNN_HARD640_m2p18_m2p02_20260617\cifs\job_046_Ni_fe_-0.861_n4_generated_crystals_cif__gen_3.cif,-1.0609701871871948,0,0,1,Li1 Ni2 O4,Li(NiO2)2,Ni,1,P1,1.877028,9.975964,6,6
job_172_Mn_fe_-1.032_n4_generated_crystals_cif__gen_3,D:\CGCNN\EARLY_LiM2O4_ALIGNN_HARD640_m2p18_m2p02_20260617\cifs\job_172_Mn_fe_-1.032_n4_generated_crystals_cif__gen_3.cif,-1.903335690498352,0,0,1,Li1 Mn2 O4,LiMn2O4,Mn,1,P1,1.795559,11.739876,5,5
job_183_Ti_fe_-1.203_n4_generated_crystals_cif__gen_0,D:\CGCNN\EARLY_LiM2O4_ALIGNN_HARD640_m2p18_m2p02_20260617\cifs\job_183_Ti_fe_-1.203_n4_generated_crystals_cif__gen_0.cif,-3.196150064468384,0,1,0,Li1 Ti2 O4,LiTi2O4,Ti,8,Cm,1.912787,11.910829,4,6
job_234_Cr_fe_-1.123_n4_generated_crystals_cif__gen_3,D:\CGCNN\EARLY_LiM2O4_ALIGNN_HARD640_m2p18_m2p02_20260617\cifs\job_234_Cr_fe_-1.123_n4_generated_crystals_cif__gen_3.cif,-2.139469623565674,1,0,0,Li1 Cr2 O4,LiCr2O4,Cr,8,Cm,1.785264,10.601085,4,5
job_080_Mn_fe_-1.081_n4_generated_crystals_cif__gen_3,D:\CGCNN\EARLY_LiM2O4_ALIGNN_HARD640_m2p18_m2p02_20260617\cifs\job_080_Mn_fe_-1.081_n4_generated_crystals_cif__gen_3.cif,-1.919992208480835,0,0,1,Li1 Mn2 O4,LiMn2O4,Mn,8,Cm,1.922806,11.177127,4,6
job_221_Ti_fe_-1.143_n4_generated_crystals_cif__gen_3,D:\CGCNN\EARLY_LiM2O4_ALIGNN_HARD640_m2p18_m2p02_20260617\cifs\job_221_Ti_fe_-1.143_n4_generated_crystals_cif__gen_3.cif,-3.220663547515869,0,1,0,Li1 Ti2 O4,LiTi2O4,Ti,8,Cm,2.008736,10.178323,6,6
job_157_Ni_fe_-1.031_n4_generated_crystals_cif__gen_1,D:\CGCNN\EARLY_LiM2O4_ALIGNN_HARD640_m2p18_m2p02_20260617\cifs\job_157_Ni_fe_-1.031_n4_generated_crystals_cif__gen_1.cif,-0.951586127281189,0,0,1,Li1 Ni2 O4,Li(NiO2)2,Ni,1,P1,1.844017,9.087021,6,6
job_149_Mn_fe_-1.083_n4_generated_crystals_cif__gen_3,D:\CGCNN\EARLY_LiM2O4_ALIGNN_HARD640_m2p18_m2p02_20260617\cifs\job_149_Mn_fe_-1.083_n4_generated_crystals_cif__gen_3.cif,-1.986094355583191,0,0,1,Li1 Mn2 O4,LiMn2O4,Mn,1,P1,1.914301,10.753313,6,6
job_180_Ti_fe_-0.903_n4_generated_crystals_cif__gen_3,D:\CGCNN\EARLY_LiM2O4_ALIGNN_HARD640_m2p18_m2p02_20260617\cifs\job_180_Ti_fe_-0.903_n4_generated_crystals_cif__gen_3.cif,-3.2196578979492188,0,1,0,Li1 Ti2 O4,LiTi2O4,Ti,8,Cm,1.99768,10.200446,6,6
job_003_Mn_fe_-1.026_n4_generated_crystals_cif__gen_0,D:\CGCNN\EARLY_LiM2O4_ALIGNN_HARD640_m2p18_m2p02_20260617\cifs\job_003_Mn_fe_-1.026_n4_generated_crystals_cif__gen_0.cif,-1.919202446937561,0,0,1,Li1 Mn2 O4,LiMn2O4,Mn,156,P3m1,1.913752,11.064599,4,6
job_168_Co_fe_-1.301_n4_generated_crystals_cif__gen_2,D:\CGCNN\EARLY_LiM2O4_ALIGNN_HARD640_m2p18_m2p02_20260617\cifs\job_168_Co_fe_-1.301_n4_generated_crystals_cif__gen_2.cif,-1.4075247049331665,0,0,1,Li1 Co2 O4,Li(CoO2)2,Co,8,Cm,1.883015,9.583602,5,6
job_016_Cr_fe_-1.264_n4_generated_crystals_cif__gen_1,D:\CGCNN\EARLY_LiM2O4_ALIGNN_HARD640_m2p18_m2p02_20260617\cifs\job_016_Cr_fe_-1.264_n4_generated_crystals_cif__gen_1.cif,-2.211752653121948,0,1,0,Li1 Cr2 O4,LiCr2O4,Cr,2,P-1,1.952587,10.670673,6,6
job_053_Co_fe_-0.977_n4_generated_crystals_cif__gen_3,D:\CGCNN\EARLY_LiM2O4_ALIGNN_HARD640_m2p18_m2p02_20260617\cifs\job_053_Co_fe_-0.977_n4_generated_crystals_cif__gen_3.cif,-1.5029304027557373,0,0,1,Li1 Co2 O4,Li(CoO2)2,Co,6,Pm,1.904746,9.802051,6,6
job_097_Ti_fe_-1.239_n4_generated_crystals_cif__gen_0,D:\CGCNN\EARLY_LiM2O4_ALIGNN_HARD640_m2p18_m2p02_20260617\cifs\job_097_Ti_fe_-1.239_n4_generated_crystals_cif__gen_0.cif,-3.185593843460083,0,1,0,Li1 Ti2 O4,LiTi2O4,Ti,8,Cm,1.877425,9.471192,6,6
job_113_Mn_fe_-1.432_n4_generated_crystals_cif__gen_1,D:\CGCNN\EARLY_LiM2O4_ALIGNN_HARD640_m2p18_m2p02_20260617\cifs\job_113_Mn_fe_-1.432_n4_generated_crystals_cif__gen_1.cif,-1.9251861572265625,0,0,1,Li1 Mn2 O4,LiMn2O4,Mn,1,P1,1.847945,10.13539,6,6
job_171_Cr_fe_-1.042_n4_generated_crystals_cif__gen_1,D:\CGCNN\EARLY_LiM2O4_ALIGNN_HARD640_m2p18_m2p02_20260617\cifs\job_171_Cr_fe_-1.042_n4_generated_crystals_cif__gen_1.cif,-2.201009511947632,0,1,0,Li1 Cr2 O4,LiCr2O4,Cr,8,Cm,1.817843,10.112432,6,6
job_174_Ti_fe_-1.427_n4_generated_crystals_cif__gen_1,D:\CGCNN\EARLY_LiM2O4_ALIGNN_HARD640_m2p18_m2p02_20260617\cifs\job_174_Ti_fe_-1.427_n4_generated_crystals_cif__gen_1.cif,-3.218780755996704,0,1,0,Li1 Ti2 O4,LiTi2O4,Ti,8,Cm,1.864946,10.159388,6,6
job_136_Cr_fe_-1.181_n4_generated_crystals_cif__gen_1,D:\CGCNN\EARLY_LiM2O4_ALIGNN_HARD640_m2p18_m2p02_20260617\cifs\job_136_Cr_fe_-1.181_n4_generated_crystals_cif__gen_1.cif,-2.2130284309387207,0,1,0,Li1 Cr2 O4,LiCr2O4,Cr,12,C2/m,1.979772,10.549926,6,6
job_025_Co_fe_-1.096_n4_generated_crystals_cif__gen_1,D:\CGCNN\EARLY_LiM2O4_ALIGNN_HARD640_m2p18_m2p02_20260617\cifs\job_025_Co_fe_-1.096_n4_generated_crystals_cif__gen_1.cif,-1.4404375553131104,0,0,1,Li1 Co2 O4,Li(CoO2)2,Co,12,C2/m,1.919013,9.887672,6,6
job_044_Mn_fe_-0.936_n4_generated_crystals_cif__gen_2,D:\CGCNN\EARLY_LiM2O4_ALIGNN_HARD640_m2p18_m2p02_20260617\cifs\job_044_Mn_fe_-0.936_n4_generated_crystals_cif__gen_2.cif,-2.001737117767334,0,0,1,Li1 Mn2 O4,LiMn2O4,Mn,6,Pm,1.919905,10.627316,6,6
job_241_Co_fe_-1.145_n4_generated_crystals_cif__gen_0,D:\CGCNN\EARLY_LiM2O4_ALIGNN_HARD640_m2p18_m2p02_20260617\cifs\job_241_Co_fe_-1.145_n4_generated_crystals_cif__gen_0.cif,-1.3064260482788086,0,0,1,Li1 Co2 O4,Li(CoO2)2,Co,1,P1,1.749518,9.567111,6,5
job_162_Mn_fe_-1.493_n4_generated_crystals_cif__gen_0,D:\CGCNN\EARLY_LiM2O4_ALIGNN_HARD640_m2p18_m2p02_20260617\cifs\job_162_Mn_fe_-1.493_n4_generated_crystals_cif__gen_0.cif,-2.0029783248901367,0,0,1,Li1 Mn2 O4,LiMn2O4,Mn,1,P1,1.908637,11.587115,4,6
job_167_Mn_fe_-0.885_n4_generated_crystals_cif__gen_3,D:\CGCNN\EARLY_LiM2O4_ALIGNN_HARD640_m2p18_m2p02_20260617\cifs\job_167_Mn_fe_-0.885_n4_generated_crystals_cif__gen_3.cif,-2.023138999938965,1,0,0,Li1 Mn2 O4,LiMn2O4,Mn,1,P1,1.924504,10.757083,6,6
job_100_Co_fe_-1.485_n4_generated_crystals_cif__gen_0,D:\CGCNN\EARLY_LiM2O4_ALIGNN_HARD640_m2p18_m2p02_20260617\cifs\job_100_Co_fe_-1.485_n4_generated_crystals_cif__gen_0.cif,-1.509009838104248,0,0,1,Li1 Co2 O4,Li(CoO2)2,Co,12,C2/m,1.896854,9.67939,6,6
job_204_Cr_fe_-0.932_n4_generated_crystals_cif__gen_3,D:\CGCNN\EARLY_LiM2O4_ALIGNN_HARD640_m2p18_m2p02_20260617\cifs\job_204_Cr_fe_-0.932_n4_generated_crystals_cif__gen_3.cif,-2.176752805709839,1,0,0,Li1 Cr2 O4,LiCr2O4,Cr,8,Cm,1.936471,9.835842,4,6
job_111_Ni_fe_-0.951_n4_generated_crystals_cif__gen_3,D:\CGCNN\EARLY_LiM2O4_ALIGNN_HARD640_m2p18_m2p02_20260617\cifs\job_111_Ni_fe_-0.951_n4_generated_crystals_cif__gen_3.cif,-1.0682172775268557,0,0,1,Li1 Ni2 O4,Li(NiO2)2,Ni,1,P1,1.88783,10.06128,6,6
job_060_Ti_fe_-1.204_n4_generated_crystals_cif__gen_0,D:\CGCNN\EARLY_LiM2O4_ALIGNN_HARD640_m2p18_m2p02_20260617\cifs\job_060_Ti_fe_-1.204_n4_generated_crystals_cif__gen_0.cif,-3.213284730911255,0,1,0,Li1 Ti2 O4,LiTi2O4,Ti,8,Cm,1.968434,10.162786,5,6
job_101_Mg_fe_-1.339_n4_generated_crystals_cif__gen_1,D:\CGCNN\EARLY_LiM2O4_ALIGNN_HARD640_m2p18_m2p02_20260617\cifs\job_101_Mg_fe_-1.339_n4_generated_crystals_cif__gen_1.cif,-2.1796176433563232,1,0,0,Li1 Mg2 O4,LiMg2O4,Mg,12,C2/m,1.990349,10.245389,6,6
job_212_Cr_fe_-1.473_n4_generated_crystals_cif__gen_2,D:\CGCNN\EARLY_LiM2O4_ALIGNN_HARD640_m2p18_m2p02_20260617\cifs\job_212_Cr_fe_-1.473_n4_generated_crystals_cif__gen_2.cif,-2.204835891723633,0,1,0,Li1 Cr2 O4,LiCr2O4,Cr,44,Imm2,1.970959,9.893825,4,6
job_133_Mn_fe_-1.385_n4_generated_crystals_cif__gen_3,D:\CGCNN\EARLY_LiM2O4_ALIGNN_HARD640_m2p18_m2p02_20260617\cifs\job_133_Mn_fe_-1.385_n4_generated_crystals_cif__gen_3.cif,-1.9298725128173828,0,0,1,Li1 Mn2 O4,LiMn2O4,Mn,1,P1,1.826371,11.599552,5,5
job_229_Al_fe_-1.076_n4_generated_crystals_cif__gen_3,D:\CGCNN\EARLY_LiM2O4_ALIGNN_HARD640_m2p18_m2p02_20260617\cifs\job_229_Al_fe_-1.076_n4_generated_crystals_cif__gen_3.cif,-3.116238594055176,0,1,0,Li1 Al2 O4,LiAl2O4,Al,6,Pm,1.880068,9.900147,6,6
job_016_Cr_fe_-1.264_n4_generated_crystals_cif__gen_3,D:\CGCNN\EARLY_LiM2O4_ALIGNN_HARD640_m2p18_m2p02_20260617\cifs\job_016_Cr_fe_-1.264_n4_generated_crystals_cif__gen_3.cif,-2.187363386154175,0,1,0,Li1 Cr2 O4,LiCr2O4,Cr,8,Cm,1.939743,10.445444,6,6
job_225_Co_fe_-1.375_n4_generated_crystals_cif__gen_1,D:\CGCNN\EARLY_LiM2O4_ALIGNN_HARD640_m2p18_m2p02_20260617\cifs\job_225_Co_fe_-1.375_n4_generated_crystals_cif__gen_1.cif,-1.5009140968322754,0,0,1,Li1 Co2 O4,Li(CoO2)2,Co,6,Pm,1.89711,9.763908,6,6
job_114_Al_fe_-1.252_n4_generated_crystals_cif__gen_2,D:\CGCNN\EARLY_LiM2O4_ALIGNN_HARD640_m2p18_m2p02_20260617\cifs\job_114_Al_fe_-1.252_n4_generated_crystals_cif__gen_2.cif,-3.168752431869507,0,1,0,Li1 Al2 O4,LiAl2O4,Al,1,P1,1.899643,9.088872,6,6
job_078_Ni_fe_-1.122_n4_generated_crystals_cif__gen_1,D:\CGCNN\EARLY_LiM2O4_ALIGNN_HARD640_m2p18_m2p02_20260617\cifs\job_078_Ni_fe_-1.122_n4_generated_crystals_cif__gen_1.cif,-1.0738767385482788,0,0,1,Li1 Ni2 O4,Li(NiO2)2,Ni,1,P1,1.84367,9.933388,6,6
job_130_Cr_fe_-1.335_n4_generated_crystals_cif__gen_1,D:\CGCNN\EARLY_LiM2O4_ALIGNN_HARD640_m2p18_m2p02_20260617\cifs\job_130_Cr_fe_-1.335_n4_generated_crystals_cif__gen_1.cif,-2.173297643661499,1,0,0,Li1 Cr2 O4,LiCr2O4,Cr,8,Cm,1.969099,10.440976,6,6
job_158_Co_fe_-1.333_n4_generated_crystals_cif__gen_3,D:\CGCNN\EARLY_LiM2O4_ALIGNN_HARD640_m2p18_m2p02_20260617\cifs\job_158_Co_fe_-1.333_n4_generated_crystals_cif__gen_3.cif,-1.300449013710022,0,0,1,Li1 Co2 O4,Li(CoO2)2,Co,1,P1,1.874099,11.435708,4,6
job_058_Cr_fe_-1.423_n4_generated_crystals_cif__gen_1,D:\CGCNN\EARLY_LiM2O4_ALIGNN_HARD640_m2p18_m2p02_20260617\cifs\job_058_Cr_fe_-1.423_n4_generated_crystals_cif__gen_1.cif,-2.209511995315552,0,1,0,Li1 Cr2 O4,LiCr2O4,Cr,12,C2/m,1.983246,10.697308,6,6
job_230_Mg_fe_-1.419_n4_generated_crystals_cif__gen_3,D:\CGCNN\EARLY_LiM2O4_ALIGNN_HARD640_m2p18_m2p02_20260617\cifs\job_230_Mg_fe_-1.419_n4_generated_crystals_cif__gen_3.cif,-2.2055721282958984,0,1,0,Li1 Mg2 O4,LiMg2O4,Mg,8,Cm,2.036821,10.88812,6,6
job_171_Cr_fe_-1.042_n4_generated_crystals_cif__gen_0,D:\CGCNN\EARLY_LiM2O4_ALIGNN_HARD640_m2p18_m2p02_20260617\cifs\job_171_Cr_fe_-1.042_n4_generated_crystals_cif__gen_0.cif,-2.1936843395233154,0,1,0,Li1 Cr2 O4,LiCr2O4,Cr,8,Cm,1.788064,10.170886,6,6
job_235_Ti_fe_-0.842_n4_generated_crystals_cif__gen_2,D:\CGCNN\EARLY_LiM2O4_ALIGNN_HARD640_m2p18_m2p02_20260617\cifs\job_235_Ti_fe_-0.842_n4_generated_crystals_cif__gen_2.cif,-3.165377616882324,0,1,0,Li1 Ti2 O4,LiTi2O4,Ti,156,P3m1,1.866632,11.33149,4,6
job_058_Cr_fe_-1.423_n4_generated_crystals_cif__gen_2,D:\CGCNN\EARLY_LiM2O4_ALIGNN_HARD640_m2p18_m2p02_20260617\cifs\job_058_Cr_fe_-1.423_n4_generated_crystals_cif__gen_2.cif,-2.193563222885132,0,1,0,Li1 Cr2 O4,LiCr2O4,Cr,8,Cm,1.790104,10.053011,6,6
job_215_Co_fe_-1.286_n4_generated_crystals_cif__gen_2,D:\CGCNN\EARLY_LiM2O4_ALIGNN_HARD640_m2p18_m2p02_20260617\cifs\job_215_Co_fe_-1.286_n4_generated_crystals_cif__gen_2.cif,-1.5091619491577148,0,0,1,Li1 Co2 O4,Li(CoO2)2,Co,8,Cm,1.900672,9.854466,6,6
job_129_Mn_fe_-0.852_n4_generated_crystals_cif__gen_1,D:\CGCNN\EARLY_LiM2O4_ALIGNN_HARD640_m2p18_m2p02_20260617\cifs\job_129_Mn_fe_-0.852_n4_generated_crystals_cif__gen_1.cif,-1.996446132659912,0,0,1,Li1 Mn2 O4,LiMn2O4,Mn,8,Cm,1.950258,10.597748,6,6
job_120_Cr_fe_-1.424_n4_generated_crystals_cif__gen_3,D:\CGCNN\EARLY_LiM2O4_ALIGNN_HARD640_m2p18_m2p02_20260617\cifs\job_120_Cr_fe_-1.424_n4_generated_crystals_cif__gen_3.cif,-2.163705587387085,1,0,0,Li1 Cr2 O4,LiCr2O4,Cr,1,P1,1.816432,11.316428,5,5
job_245_Al_fe_-1.035_n4_generated_crystals_cif__gen_0,D:\CGCNN\EARLY_LiM2O4_ALIGNN_HARD640_m2p18_m2p02_20260617\cifs\job_245_Al_fe_-1.035_n4_generated_crystals_cif__gen_0.cif,-3.115439176559448,0,1,0,Li1 Al2 O4,LiAl2O4,Al,6,Pm,1.870666,9.784955,6,6
job_048_Co_fe_-1.351_n4_generated_crystals_cif__gen_3,D:\CGCNN\EARLY_LiM2O4_ALIGNN_HARD640_m2p18_m2p02_20260617\cifs\job_048_Co_fe_-1.351_n4_generated_crystals_cif__gen_3.cif,-1.357923984527588,0,0,1,Li1 Co2 O4,Li(CoO2)2,Co,1,P1,1.772957,10.19688,4,5
job_207_Cr_fe_-0.848_n4_generated_crystals_cif__gen_2,D:\CGCNN\EARLY_LiM2O4_ALIGNN_HARD640_m2p18_m2p02_20260617\cifs\job_207_Cr_fe_-0.848_n4_generated_crystals_cif__gen_2.cif,-2.1844170093536377,0,1,0,Li1 Cr2 O4,LiCr2O4,Cr,6,Pm,1.927832,10.582394,6,6
job_038_Ni_fe_-1.176_n4_generated_crystals_cif__gen_3,D:\CGCNN\EARLY_LiM2O4_ALIGNN_HARD640_m2p18_m2p02_20260617\cifs\job_038_Ni_fe_-1.176_n4_generated_crystals_cif__gen_3.cif,-1.052220582962036,0,0,1,Li1 Ni2 O4,Li(NiO2)2,Ni,1,P1,1.878608,10.047299,6,6
job_057_Mn_fe_-0.971_n4_generated_crystals_cif__gen_0,D:\CGCNN\EARLY_LiM2O4_ALIGNN_HARD640_m2p18_m2p02_20260617\cifs\job_057_Mn_fe_-0.971_n4_generated_crystals_cif__gen_0.cif,-1.996131181716919,0,0,1,Li1 Mn2 O4,LiMn2O4,Mn,10,P2/m,1.922461,11.680256,4,6
job_092_Cr_fe_-1.075_n4_generated_crystals_cif__gen_1,D:\CGCNN\EARLY_LiM2O4_ALIGNN_HARD640_m2p18_m2p02_20260617\cifs\job_092_Cr_fe_-1.075_n4_generated_crystals_cif__gen_1.cif,-2.1052308082580566,1,0,0,Li1 Cr2 O4,LiCr2O4,Cr,8,Cm,1.860207,9.223255,6,6
job_148_Mn_fe_-0.904_n4_generated_crystals_cif__gen_1,D:\CGCNN\EARLY_LiM2O4_ALIGNN_HARD640_m2p18_m2p02_20260617\cifs\job_148_Mn_fe_-0.904_n4_generated_crystals_cif__gen_1.cif,-2.0427322387695312,1,0,0,Li1 Mn2 O4,LiMn2O4,Mn,8,Cm,1.927922,11.242795,6,6
job_179_Co_fe_-1.357_n4_generated_crystals_cif__gen_3,D:\CGCNN\EARLY_LiM2O4_ALIGNN_HARD640_m2p18_m2p02_20260617\cifs\job_179_Co_fe_-1.357_n4_generated_crystals_cif__gen_3.cif,-1.388706088066101,0,0,1,Li1 Co2 O4,Li(CoO2)2,Co,1,P1,1.845799,9.493678,6,6
job_039_Co_fe_-0.807_n4_generated_crystals_cif__gen_0,D:\CGCNN\EARLY_LiM2O4_ALIGNN_HARD640_m2p18_m2p02_20260617\cifs\job_039_Co_fe_-0.807_n4_generated_crystals_cif__gen_0.cif,-1.5000295639038086,0,0,1,Li1 Co2 O4,Li(CoO2)2,Co,8,Cm,1.898185,9.893213,6,6
job_137_Al_fe_-1.012_n4_generated_crystals_cif__gen_3,D:\CGCNN\EARLY_LiM2O4_ALIGNN_HARD640_m2p18_m2p02_20260617\cifs\job_137_Al_fe_-1.012_n4_generated_crystals_cif__gen_3.cif,-3.076055765151977,0,1,0,Li1 Al2 O4,LiAl2O4,Al,1,P1,1.782649,11.039609,4,5
job_120_Cr_fe_-1.424_n4_generated_crystals_cif__gen_2,D:\CGCNN\EARLY_LiM2O4_ALIGNN_HARD640_m2p18_m2p02_20260617\cifs\job_120_Cr_fe_-1.424_n4_generated_crystals_cif__gen_2.cif,-2.225569486618042,0,1,0,Li1 Cr2 O4,LiCr2O4,Cr,6,Pm,1.923049,10.940287,6,6
job_105_Mn_fe_-0.898_n4_generated_crystals_cif__gen_2,D:\CGCNN\EARLY_LiM2O4_ALIGNN_HARD640_m2p18_m2p02_20260617\cifs\job_105_Mn_fe_-0.898_n4_generated_crystals_cif__gen_2.cif,-2.011301040649414,0,0,1,Li1 Mn2 O4,LiMn2O4,Mn,1,P1,1.922645,10.727326,6,6
job_109_Ti_fe_-0.845_n4_generated_crystals_cif__gen_2,D:\CGCNN\EARLY_LiM2O4_ALIGNN_HARD640_m2p18_m2p02_20260617\cifs\job_109_Ti_fe_-0.845_n4_generated_crystals_cif__gen_2.cif,-3.14417576789856,0,1,0,Li1 Ti2 O4,LiTi2O4,Ti,47,Pmmm,1.907138,9.574775,6,6
job_097_Ti_fe_-1.239_n4_generated_crystals_cif__gen_1,D:\CGCNN\EARLY_LiM2O4_ALIGNN_HARD640_m2p18_m2p02_20260617\cifs\job_097_Ti_fe_-1.239_n4_generated_crystals_cif__gen_1.cif,-3.1939706802368164,0,1,0,Li1 Ti2 O4,LiTi2O4,Ti,8,Cm,1.940603,10.288487,5,6
job_150_Ti_fe_-0.897_n4_generated_crystals_cif__gen_0,D:\CGCNN\EARLY_LiM2O4_ALIGNN_HARD640_m2p18_m2p02_20260617\cifs\job_150_Ti_fe_-0.897_n4_generated_crystals_cif__gen_0.cif,-3.2228002548217773,0,1,0,Li1 Ti2 O4,LiTi2O4,Ti,8,Cm,1.986739,9.854564,6,6
job_048_Co_fe_-1.351_n4_generated_crystals_cif__gen_1,D:\CGCNN\EARLY_LiM2O4_ALIGNN_HARD640_m2p18_m2p02_20260617\cifs\job_048_Co_fe_-1.351_n4_generated_crystals_cif__gen_1.cif,-1.5066105127334597,0,0,1,Li1 Co2 O4,Li(CoO2)2,Co,10,P2/m,1.901925,9.783259,6,6
job_073_Cr_fe_-1.375_n4_generated_crystals_cif__gen_1,D:\CGCNN\EARLY_LiM2O4_ALIGNN_HARD640_m2p18_m2p02_20260617\cifs\job_073_Cr_fe_-1.375_n4_generated_crystals_cif__gen_1.cif,-2.199387788772583,0,1,0,Li1 Cr2 O4,LiCr2O4,Cr,1,P1,1.934138,10.557047,6,6
job_079_Cr_fe_-0.854_n4_generated_crystals_cif__gen_1,D:\CGCNN\EARLY_LiM2O4_ALIGNN_HARD640_m2p18_m2p02_20260617\cifs\job_079_Cr_fe_-0.854_n4_generated_crystals_cif__gen_1.cif,-2.136512517929077,1,0,0,Li1 Cr2 O4,LiCr2O4,Cr,6,Pm,1.900568,10.486465,4,6
job_120_Cr_fe_-1.424_n4_generated_crystals_cif__gen_1,D:\CGCNN\EARLY_LiM2O4_ALIGNN_HARD640_m2p18_m2p02_20260617\cifs\job_120_Cr_fe_-1.424_n4_generated_crystals_cif__gen_1.cif,-2.17874813079834,1,0,0,Li1 Cr2 O4,LiCr2O4,Cr,1,P1,1.804917,10.03486,6,6
job_094_Cr_fe_-0.989_n4_generated_crystals_cif__gen_1,D:\CGCNN\EARLY_LiM2O4_ALIGNN_HARD640_m2p18_m2p02_20260617\cifs\job_094_Cr_fe_-0.989_n4_generated_crystals_cif__gen_1.cif,-2.1884896755218506,0,1,0,Li1 Cr2 O4,LiCr2O4,Cr,8,Cm,1.782934,10.07959,6,6
job_158_Co_fe_-1.333_n4_generated_crystals_cif__gen_2,D:\CGCNN\EARLY_LiM2O4_ALIGNN_HARD640_m2p18_m2p02_20260617\cifs\job_158_Co_fe_-1.333_n4_generated_crystals_cif__gen_2.cif,-1.4988386631011963,0,0,1,Li1 Co2 O4,Li(CoO2)2,Co,1,P1,1.914703,10.002789,6,6
job_186_Ti_fe_-0.814_n4_generated_crystals_cif__gen_1,D:\CGCNN\EARLY_LiM2O4_ALIGNN_HARD640_m2p18_m2p02_20260617\cifs\job_186_Ti_fe_-0.814_n4_generated_crystals_cif__gen_1.cif,-3.222185611724853,0,1,0,Li1 Ti2 O4,LiTi2O4,Ti,8,Cm,1.939508,10.080641,5,6
job_220_Cr_fe_-1.305_n4_generated_crystals_cif__gen_2,D:\CGCNN\EARLY_LiM2O4_ALIGNN_HARD640_m2p18_m2p02_20260617\cifs\job_220_Cr_fe_-1.305_n4_generated_crystals_cif__gen_2.cif,-2.1609792709350586,1,0,0,Li1 Cr2 O4,LiCr2O4,Cr,8,Cm,1.800618,11.369898,5,5
job_203_Ni_fe_-0.895_n4_generated_crystals_cif__gen_0,D:\CGCNN\EARLY_LiM2O4_ALIGNN_HARD640_m2p18_m2p02_20260617\cifs\job_203_Ni_fe_-0.895_n4_generated_crystals_cif__gen_0.cif,-0.9779074788093568,0,0,1,Li1 Ni2 O4,Li(NiO2)2,Ni,8,Cm,1.869561,9.614326,6,6
job_183_Ti_fe_-1.203_n4_generated_crystals_cif__gen_1,D:\CGCNN\EARLY_LiM2O4_ALIGNN_HARD640_m2p18_m2p02_20260617\cifs\job_183_Ti_fe_-1.203_n4_generated_crystals_cif__gen_1.cif,-3.16682243347168,0,1,0,Li1 Ti2 O4,LiTi2O4,Ti,1,P1,1.925072,11.358068,4,6
job_217_Ni_fe_-1.483_n4_generated_crystals_cif__gen_0,D:\CGCNN\EARLY_LiM2O4_ALIGNN_HARD640_m2p18_m2p02_20260617\cifs\job_217_Ni_fe_-1.483_n4_generated_crystals_cif__gen_0.cif,-1.0718756914138794,0,0,1,Li1 Ni2 O4,Li(NiO2)2,Ni,1,P1,1.882888,10.142812,6,6
job_209_Ti_fe_-0.932_n4_generated_crystals_cif__gen_0,D:\CGCNN\EARLY_LiM2O4_ALIGNN_HARD640_m2p18_m2p02_20260617\cifs\job_209_Ti_fe_-0.932_n4_generated_crystals_cif__gen_0.cif,-3.2299835681915283,0,1,0,Li1 Ti2 O4,LiTi2O4,Ti,44,Imm2,1.984362,9.896673,6,6
job_049_Al_fe_-1.223_n4_generated_crystals_cif__gen_2,D:\CGCNN\EARLY_LiM2O4_ALIGNN_HARD640_m2p18_m2p02_20260617\cifs\job_049_Al_fe_-1.223_n4_generated_crystals_cif__gen_2.cif,-2.908756971359253,0,1,0,Li1 Al2 O4,LiAl2O4,Al,8,Cm,1.721579,10.943508,4,5
job_150_Ti_fe_-0.897_n4_generated_crystals_cif__gen_3,D:\CGCNN\EARLY_LiM2O4_ALIGNN_HARD640_m2p18_m2p02_20260617\cifs\job_150_Ti_fe_-0.897_n4_generated_crystals_cif__gen_3.cif,-3.2254765033721924,0,1,0,Li1 Ti2 O4,LiTi2O4,Ti,8,Cm,1.86328,10.228652,6,6
job_191_Ti_fe_-0.867_n4_generated_crystals_cif__gen_3,D:\CGCNN\EARLY_LiM2O4_ALIGNN_HARD640_m2p18_m2p02_20260617\cifs\job_191_Ti_fe_-0.867_n4_generated_crystals_cif__gen_3.cif,-3.222399473190308,0,1,0,Li1 Ti2 O4,LiTi2O4,Ti,8,Cm,2.006701,10.140884,6,6
job_199_Ti_fe_-1.428_n4_generated_crystals_cif__gen_1,D:\CGCNN\EARLY_LiM2O4_ALIGNN_HARD640_m2p18_m2p02_20260617\cifs\job_199_Ti_fe_-1.428_n4_generated_crystals_cif__gen_1.cif,-3.2022905349731445,0,1,0,Li1 Ti2 O4,LiTi2O4,Ti,1,P1,1.9387,10.72757,6,6
job_087_Cr_fe_-1.452_n4_generated_crystals_cif__gen_3,D:\CGCNN\EARLY_LiM2O4_ALIGNN_HARD640_m2p18_m2p02_20260617\cifs\job_087_Cr_fe_-1.452_n4_generated_crystals_cif__gen_3.cif,-2.1994001865386963,0,1,0,Li1 Cr2 O4,LiCr2O4,Cr,1,P1,1.811752,10.127312,6,6
job_127_Mn_fe_-1.465_n4_generated_crystals_cif__gen_0,D:\CGCNN\EARLY_LiM2O4_ALIGNN_HARD640_m2p18_m2p02_20260617\cifs\job_127_Mn_fe_-1.465_n4_generated_crystals_cif__gen_0.cif,-1.9902619123458865,0,0,1,Li1 Mn2 O4,LiMn2O4,Mn,8,Cm,1.942565,10.691376,6,6
job_023_Co_fe_-0.919_n4_generated_crystals_cif__gen_1,D:\CGCNN\EARLY_LiM2O4_ALIGNN_HARD640_m2p18_m2p02_20260617\cifs\job_023_Co_fe_-0.919_n4_generated_crystals_cif__gen_1.cif,-1.454839110374451,0,0,1,Li1 Co2 O4,Li(CoO2)2,Co,12,C2/m,1.917601,10.027017,6,6
job_086_Mn_fe_-0.988_n4_generated_crystals_cif__gen_2,D:\CGCNN\EARLY_LiM2O4_ALIGNN_HARD640_m2p18_m2p02_20260617\cifs\job_086_Mn_fe_-0.988_n4_generated_crystals_cif__gen_2.cif,-2.0216588973999023,1,0,0,Li1 Mn2 O4,LiMn2O4,Mn,8,Cm,1.923816,11.012456,5,6
job_050_Ti_fe_-1.179_n4_generated_crystals_cif__gen_2,D:\CGCNN\EARLY_LiM2O4_ALIGNN_HARD640_m2p18_m2p02_20260617\cifs\job_050_Ti_fe_-1.179_n4_generated_crystals_cif__gen_2.cif,-3.2207911014556885,0,1,0,Li1 Ti2 O4,LiTi2O4,Ti,44,Imm2,1.956269,10.076864,5,6
job_222_Ti_fe_-0.813_n4_generated_crystals_cif__gen_1,D:\CGCNN\EARLY_LiM2O4_ALIGNN_HARD640_m2p18_m2p02_20260617\cifs\job_222_Ti_fe_-0.813_n4_generated_crystals_cif__gen_1.cif,-3.1792142391204834,0,1,0,Li1 Ti2 O4,LiTi2O4,Ti,6,Pm,1.982671,10.840098,6,6
job_204_Cr_fe_-0.932_n4_generated_crystals_cif__gen_0,D:\CGCNN\EARLY_LiM2O4_ALIGNN_HARD640_m2p18_m2p02_20260617\cifs\job_204_Cr_fe_-0.932_n4_generated_crystals_cif__gen_0.cif,-2.20471739768982,0,1,0,Li1 Cr2 O4,LiCr2O4,Cr,1,P1,1.950641,10.566526,6,6
job_074_Mn_fe_-0.891_n4_generated_crystals_cif__gen_1,D:\CGCNN\EARLY_LiM2O4_ALIGNN_HARD640_m2p18_m2p02_20260617\cifs\job_074_Mn_fe_-0.891_n4_generated_crystals_cif__gen_1.cif,-2.007370948791504,0,0,1,Li1 Mn2 O4,LiMn2O4,Mn,1,P1,1.923439,10.763635,5,6
job_224_Mn_fe_-1.419_n4_generated_crystals_cif__gen_0,D:\CGCNN\EARLY_LiM2O4_ALIGNN_HARD640_m2p18_m2p02_20260617\cifs\job_224_Mn_fe_-1.419_n4_generated_crystals_cif__gen_0.cif,-2.018557071685791,0,0,1,Li1 Mn2 O4,LiMn2O4,Mn,1,P1,1.91953,11.104885,5,6
job_167_Mn_fe_-0.885_n4_generated_crystals_cif__gen_2,D:\CGCNN\EARLY_LiM2O4_ALIGNN_HARD640_m2p18_m2p02_20260617\cifs\job_167_Mn_fe_-0.885_n4_generated_crystals_cif__gen_2.cif,-1.995753526687622,0,0,1,Li1 Mn2 O4,LiMn2O4,Mn,8,Cm,1.944919,10.69914,6,6
job_176_Mn_fe_-0.980_n4_generated_crystals_cif__gen_2,D:\CGCNN\EARLY_LiM2O4_ALIGNN_HARD640_m2p18_m2p02_20260617\cifs\job_176_Mn_fe_-0.980_n4_generated_crystals_cif__gen_2.cif,-2.003683567047119,0,0,1,Li1 Mn2 O4,LiMn2O4,Mn,1,P1,1.913799,11.671459,4,6
job_041_Ni_fe_-1.021_n4_generated_crystals_cif__gen_0,D:\CGCNN\EARLY_LiM2O4_ALIGNN_HARD640_m2p18_m2p02_20260617\cifs\job_041_Ni_fe_-1.021_n4_generated_crystals_cif__gen_0.cif,-1.0630372762680054,0,0,1,Li1 Ni2 O4,Li(NiO2)2,Ni,1,P1,1.877858,10.045614,6,6
job_237_Co_fe_-1.198_n4_generated_crystals_cif__gen_1,D:\CGCNN\EARLY_LiM2O4_ALIGNN_HARD640_m2p18_m2p02_20260617\cifs\job_237_Co_fe_-1.198_n4_generated_crystals_cif__gen_1.cif,-1.5035208463668823,0,0,1,Li1 Co2 O4,Li(CoO2)2,Co,8,Cm,1.894092,9.834708,6,6
job_144_Co_fe_-1.460_n4_generated_crystals_cif__gen_3,D:\CGCNN\EARLY_LiM2O4_ALIGNN_HARD640_m2p18_m2p02_20260617\cifs\job_144_Co_fe_-1.460_n4_generated_crystals_cif__gen_3.cif,-1.5078598260879517,0,0,1,Li1 Co2 O4,Li(CoO2)2,Co,6,Pm,1.893391,9.619614,6,6
job_240_Cr_fe_-1.413_n4_generated_crystals_cif__gen_2,D:\CGCNN\EARLY_LiM2O4_ALIGNN_HARD640_m2p18_m2p02_20260617\cifs\job_240_Cr_fe_-1.413_n4_generated_crystals_cif__gen_2.cif,-2.160156488418579,1,0,0,Li1 Cr2 O4,LiCr2O4,Cr,1,P1,1.862688,9.869342,6,6
job_109_Ti_fe_-0.845_n4_generated_crystals_cif__gen_3,D:\CGCNN\EARLY_LiM2O4_ALIGNN_HARD640_m2p18_m2p02_20260617\cifs\job_109_Ti_fe_-0.845_n4_generated_crystals_cif__gen_3.cif,-3.1927490234375,0,1,0,Li1 Ti2 O4,LiTi2O4,Ti,8,Cm,1.938592,10.759724,6,6
job_101_Mg_fe_-1.339_n4_generated_crystals_cif__gen_2,D:\CGCNN\EARLY_LiM2O4_ALIGNN_HARD640_m2p18_m2p02_20260617\cifs\job_101_Mg_fe_-1.339_n4_generated_crystals_cif__gen_2.cif,-1.9866667985916135,0,0,1,Li1 Mg2 O4,LiMg2O4,Mg,1,P1,1.577381,9.93596,5,5
job_022_Al_fe_-1.445_n4_generated_crystals_cif__gen_2,D:\CGCNN\EARLY_LiM2O4_ALIGNN_HARD640_m2p18_m2p02_20260617\cifs\job_022_Al_fe_-1.445_n4_generated_crystals_cif__gen_2.cif,-3.0204546451568604,0,1,0,Li1 Al2 O4,LiAl2O4,Al,1,P1,1.7899,11.028463,4,5
job_168_Co_fe_-1.301_n4_generated_crystals_cif__gen_0,D:\CGCNN\EARLY_LiM2O4_ALIGNN_HARD640_m2p18_m2p02_20260617\cifs\job_168_Co_fe_-1.301_n4_generated_crystals_cif__gen_0.cif,-1.3794684410095217,0,0,1,Li1 Co2 O4,Li(CoO2)2,Co,25,Pmm2,1.863541,9.965373,4,6
job_185_Co_fe_-0.960_n4_generated_crystals_cif__gen_0,D:\CGCNN\EARLY_LiM2O4_ALIGNN_HARD640_m2p18_m2p02_20260617\cifs\job_185_Co_fe_-0.960_n4_generated_crystals_cif__gen_0.cif,-1.5308841466903689,0,0,1,Li1 Co2 O4,Li(CoO2)2,Co,1,P1,1.881677,9.619568,6,6
job_044_Mn_fe_-0.936_n4_generated_crystals_cif__gen_3,D:\CGCNN\EARLY_LiM2O4_ALIGNN_HARD640_m2p18_m2p02_20260617\cifs\job_044_Mn_fe_-0.936_n4_generated_crystals_cif__gen_3.cif,-2.002866506576538,0,0,1,Li1 Mn2 O4,LiMn2O4,Mn,1,P1,1.900423,11.484391,4,6
job_072_Co_fe_-0.820_n4_generated_crystals_cif__gen_1,D:\CGCNN\EARLY_LiM2O4_ALIGNN_HARD640_m2p18_m2p02_20260617\cifs\job_072_Co_fe_-0.820_n4_generated_crystals_cif__gen_1.cif,-1.5023396015167236,0,0,1,Li1 Co2 O4,Li(CoO2)2,Co,8,Cm,1.896799,10.051247,6,6
job_187_Ni_fe_-0.981_n4_generated_crystals_cif__gen_2,D:\CGCNN\EARLY_LiM2O4_ALIGNN_HARD640_m2p18_m2p02_20260617\cifs\job_187_Ni_fe_-0.981_n4_generated_crystals_cif__gen_2.cif,-0.967257559299469,0,0,1,Li1 Ni2 O4,Li(NiO2)2,Ni,1,P1,1.858017,10.495557,5,6
job_212_Cr_fe_-1.473_n4_generated_crystals_cif__gen_0,D:\CGCNN\EARLY_LiM2O4_ALIGNN_HARD640_m2p18_m2p02_20260617\cifs\job_212_Cr_fe_-1.473_n4_generated_crystals_cif__gen_0.cif,-2.222521543502808,0,1,0,Li1 Cr2 O4,LiCr2O4,Cr,12,C2/m,1.981658,10.647302,6,6
job_199_Ti_fe_-1.428_n4_generated_crystals_cif__gen_2,D:\CGCNN\EARLY_LiM2O4_ALIGNN_HARD640_m2p18_m2p02_20260617\cifs\job_199_Ti_fe_-1.428_n4_generated_crystals_cif__gen_2.cif,-3.195347547531128,0,1,0,Li1 Ti2 O4,LiTi2O4,Ti,1,P1,1.946541,10.778647,6,6
job_197_Mn_fe_-0.871_n4_generated_crystals_cif__gen_2,D:\CGCNN\EARLY_LiM2O4_ALIGNN_HARD640_m2p18_m2p02_20260617\cifs\job_197_Mn_fe_-0.871_n4_generated_crystals_cif__gen_2.cif,-2.0271286964416504,1,0,0,Li1 Mn2 O4,LiMn2O4,Mn,8,Cm,1.926711,10.918835,6,6
job_138_Ti_fe_-0.803_n4_generated_crystals_cif__gen_2,D:\CGCNN\EARLY_LiM2O4_ALIGNN_HARD640_m2p18_m2p02_20260617\cifs\job_138_Ti_fe_-0.803_n4_generated_crystals_cif__gen_2.cif,-3.2208988666534424,0,1,0,Li1 Ti2 O4,LiTi2O4,Ti,8,Cm,1.858258,10.175273,6,6
job_117_Ti_fe_-0.811_n4_generated_crystals_cif__gen_1,D:\CGCNN\EARLY_LiM2O4_ALIGNN_HARD640_m2p18_m2p02_20260617\cifs\job_117_Ti_fe_-0.811_n4_generated_crystals_cif__gen_1.cif,-3.222450017929077,0,1,0,Li1 Ti2 O4,LiTi2O4,Ti,119,I-4m2,2.00962,10.041609,6,6
job_176_Mn_fe_-0.980_n4_generated_crystals_cif__gen_1,D:\CGCNN\EARLY_LiM2O4_ALIGNN_HARD640_m2p18_m2p02_20260617\cifs\job_176_Mn_fe_-0.980_n4_generated_crystals_cif__gen_1.cif,-2.0186314582824707,0,0,1,Li1 Mn2 O4,LiMn2O4,Mn,1,P1,1.917373,10.743045,6,6
job_060_Ti_fe_-1.204_n4_generated_crystals_cif__gen_1,D:\CGCNN\EARLY_LiM2O4_ALIGNN_HARD640_m2p18_m2p02_20260617\cifs\job_060_Ti_fe_-1.204_n4_generated_crystals_cif__gen_1.cif,-3.19005823135376,0,1,0,Li1 Ti2 O4,LiTi2O4,Ti,1,P1,1.94487,10.370058,5,6
job_069_Mn_fe_-1.295_n4_generated_crystals_cif__gen_2,D:\CGCNN\EARLY_LiM2O4_ALIGNN_HARD640_m2p18_m2p02_20260617\cifs\job_069_Mn_fe_-1.295_n4_generated_crystals_cif__gen_2.cif,-1.9959614276885984,0,0,1,Li1 Mn2 O4,LiMn2O4,Mn,8,Cm,1.902834,10.127418,5,6
job_090_Al_fe_-0.837_n4_generated_crystals_cif__gen_2,D:\CGCNN\EARLY_LiM2O4_ALIGNN_HARD640_m2p18_m2p02_20260617\cifs\job_090_Al_fe_-0.837_n4_generated_crystals_cif__gen_2.cif,-3.1492702960968018,0,1,0,Li1 Al2 O4,LiAl2O4,Al,12,C2/m,1.894655,9.752379,6,6
job_114_Al_fe_-1.252_n4_generated_crystals_cif__gen_1,D:\CGCNN\EARLY_LiM2O4_ALIGNN_HARD640_m2p18_m2p02_20260617\cifs\job_114_Al_fe_-1.252_n4_generated_crystals_cif__gen_1.cif,-3.1561853885650635,0,1,0,Li1 Al2 O4,LiAl2O4,Al,8,Cm,1.87762,10.094001,6,6
job_192_Mg_fe_-1.475_n4_generated_crystals_cif__gen_0,D:\CGCNN\EARLY_LiM2O4_ALIGNN_HARD640_m2p18_m2p02_20260617\cifs\job_192_Mg_fe_-1.475_n4_generated_crystals_cif__gen_0.cif,-2.1779510974884038,1,0,0,Li1 Mg2 O4,LiMg2O4,Mg,8,Cm,2.006526,10.516746,6,6
job_066_Mn_fe_-1.023_n4_generated_crystals_cif__gen_3,D:\CGCNN\EARLY_LiM2O4_ALIGNN_HARD640_m2p18_m2p02_20260617\cifs\job_066_Mn_fe_-1.023_n4_generated_crystals_cif__gen_3.cif,-2.0285513401031494,1,0,0,Li1 Mn2 O4,LiMn2O4,Mn,6,Pm,1.929343,10.807952,6,6
job_118_Mn_fe_-1.458_n4_generated_crystals_cif__gen_1,D:\CGCNN\EARLY_LiM2O4_ALIGNN_HARD640_m2p18_m2p02_20260617\cifs\job_118_Mn_fe_-1.458_n4_generated_crystals_cif__gen_1.cif,-1.9205987453460691,0,0,1,Li1 Mn2 O4,LiMn2O4,Mn,1,P1,1.809925,11.690255,5,5
job_052_Ti_fe_-1.107_n4_generated_crystals_cif__gen_3,D:\CGCNN\EARLY_LiM2O4_ALIGNN_HARD640_m2p18_m2p02_20260617\cifs\job_052_Ti_fe_-1.107_n4_generated_crystals_cif__gen_3.cif,-3.1930625438690186,0,1,0,Li1 Ti2 O4,LiTi2O4,Ti,12,C2/m,1.961308,10.870371,6,6
job_156_Co_fe_-0.846_n4_generated_crystals_cif__gen_2,D:\CGCNN\EARLY_LiM2O4_ALIGNN_HARD640_m2p18_m2p02_20260617\cifs\job_156_Co_fe_-0.846_n4_generated_crystals_cif__gen_2.cif,-1.5027905702590942,0,0,1,Li1 Co2 O4,Li(CoO2)2,Co,10,P2/m,1.920066,9.984814,6,6
job_218_Ni_fe_-1.221_n4_generated_crystals_cif__gen_2,D:\CGCNN\EARLY_LiM2O4_ALIGNN_HARD640_m2p18_m2p02_20260617\cifs\job_218_Ni_fe_-1.221_n4_generated_crystals_cif__gen_2.cif,-0.9798018932342528,0,0,1,Li1 Ni2 O4,Li(NiO2)2,Ni,1,P1,1.838715,9.369551,6,6
job_078_Ni_fe_-1.122_n4_generated_crystals_cif__gen_0,D:\CGCNN\EARLY_LiM2O4_ALIGNN_HARD640_m2p18_m2p02_20260617\cifs\job_078_Ni_fe_-1.122_n4_generated_crystals_cif__gen_0.cif,-0.9988322257995604,0,0,1,Li1 Ni2 O4,Li(NiO2)2,Ni,44,Imm2,1.886662,9.606872,6,6
job_133_Mn_fe_-1.385_n4_generated_crystals_cif__gen_2,D:\CGCNN\EARLY_LiM2O4_ALIGNN_HARD640_m2p18_m2p02_20260617\cifs\job_133_Mn_fe_-1.385_n4_generated_crystals_cif__gen_2.cif,-1.933753609657288,0,0,1,Li1 Mn2 O4,LiMn2O4,Mn,1,P1,1.7961,10.862366,5,5
job_099_Ni_fe_-1.343_n4_generated_crystals_cif__gen_0,D:\CGCNN\EARLY_LiM2O4_ALIGNN_HARD640_m2p18_m2p02_20260617\cifs\job_099_Ni_fe_-1.343_n4_generated_crystals_cif__gen_0.cif,-0.9883785247802734,0,0,1,Li1 Ni2 O4,Li(NiO2)2,Ni,1,P1,1.831922,9.949138,4,6
job_090_Al_fe_-0.837_n4_generated_crystals_cif__gen_1,D:\CGCNN\EARLY_LiM2O4_ALIGNN_HARD640_m2p18_m2p02_20260617\cifs\job_090_Al_fe_-0.837_n4_generated_crystals_cif__gen_1.cif,-3.149639844894409,0,1,0,Li1 Al2 O4,LiAl2O4,Al,8,Cm,1.876545,9.906496,6,6
job_200_Cr_fe_-1.108_n4_generated_crystals_cif__gen_2,D:\CGCNN\EARLY_LiM2O4_ALIGNN_HARD640_m2p18_m2p02_20260617\cifs\job_200_Cr_fe_-1.108_n4_generated_crystals_cif__gen_2.cif,-2.187739610671997,0,1,0,Li1 Cr2 O4,LiCr2O4,Cr,6,Pm,1.932487,10.463639,6,6
job_045_Al_fe_-1.313_n4_generated_crystals_cif__gen_3,D:\CGCNN\EARLY_LiM2O4_ALIGNN_HARD640_m2p18_m2p02_20260617\cifs\job_045_Al_fe_-1.313_n4_generated_crystals_cif__gen_3.cif,-3.036072969436645,0,1,0,Li1 Al2 O4,LiAl2O4,Al,1,P1,1.811898,8.963556,6,6
job_047_Mg_fe_-0.887_n4_generated_crystals_cif__gen_3,D:\CGCNN\EARLY_LiM2O4_ALIGNN_HARD640_m2p18_m2p02_20260617\cifs\job_047_Mg_fe_-0.887_n4_generated_crystals_cif__gen_3.cif,-2.191573143005371,0,1,0,Li1 Mg2 O4,LiMg2O4,Mg,1,P1,2.033782,11.063602,6,6
job_236_Ti_fe_-1.031_n4_generated_crystals_cif__gen_3,D:\CGCNN\EARLY_LiM2O4_ALIGNN_HARD640_m2p18_m2p02_20260617\cifs\job_236_Ti_fe_-1.031_n4_generated_crystals_cif__gen_3.cif,-3.213263750076294,0,1,0,Li1 Ti2 O4,LiTi2O4,Ti,44,Imm2,2.003145,9.978834,6,6
job_106_Mn_fe_-1.140_n4_generated_crystals_cif__gen_2,D:\CGCNN\EARLY_LiM2O4_ALIGNN_HARD640_m2p18_m2p02_20260617\cifs\job_106_Mn_fe_-1.140_n4_generated_crystals_cif__gen_2.cif,-1.980934858322144,0,0,1,Li1 Mn2 O4,LiMn2O4,Mn,8,Cm,1.921911,10.719689,6,6
job_141_Co_fe_-1.348_n4_generated_crystals_cif__gen_0,D:\CGCNN\EARLY_LiM2O4_ALIGNN_HARD640_m2p18_m2p02_20260617\cifs\job_141_Co_fe_-1.348_n4_generated_crystals_cif__gen_0.cif,-1.326754093170166,0,0,1,Li1 Co2 O4,Li(CoO2)2,Co,8,Cm,1.849797,8.785046,6,6
job_144_Co_fe_-1.460_n4_generated_crystals_cif__gen_1,D:\CGCNN\EARLY_LiM2O4_ALIGNN_HARD640_m2p18_m2p02_20260617\cifs\job_144_Co_fe_-1.460_n4_generated_crystals_cif__gen_1.cif,-1.489244818687439,0,0,1,Li1 Co2 O4,Li(CoO2)2,Co,6,Pm,1.905157,9.896679,6,6
job_088_Cr_fe_-1.127_n4_generated_crystals_cif__gen_0,D:\CGCNN\EARLY_LiM2O4_ALIGNN_HARD640_m2p18_m2p02_20260617\cifs\job_088_Cr_fe_-1.127_n4_generated_crystals_cif__gen_0.cif,-2.191210985183716,0,1,0,Li1 Cr2 O4,LiCr2O4,Cr,10,P2/m,1.929691,10.298769,6,6
job_236_Ti_fe_-1.031_n4_generated_crystals_cif__gen_0,D:\CGCNN\EARLY_LiM2O4_ALIGNN_HARD640_m2p18_m2p02_20260617\cifs\job_236_Ti_fe_-1.031_n4_generated_crystals_cif__gen_0.cif,-3.2098093032836914,0,1,0,Li1 Ti2 O4,LiTi2O4,Ti,1,P1,2.009392,10.252522,6,6
job_198_Ni_fe_-1.023_n4_generated_crystals_cif__gen_3,D:\CGCNN\EARLY_LiM2O4_ALIGNN_HARD640_m2p18_m2p02_20260617\cifs\job_198_Ni_fe_-1.023_n4_generated_crystals_cif__gen_3.cif,-1.0466629266738892,0,0,1,Li1 Ni2 O4,Li(NiO2)2,Ni,12,C2/m,1.877409,10.003047,6,6
job_180_Ti_fe_-0.903_n4_generated_crystals_cif__gen_2,D:\CGCNN\EARLY_LiM2O4_ALIGNN_HARD640_m2p18_m2p02_20260617\cifs\job_180_Ti_fe_-0.903_n4_generated_crystals_cif__gen_2.cif,-3.195331573486328,0,1,0,Li1 Ti2 O4,LiTi2O4,Ti,12,C2/m,1.94966,10.910411,6,6
job_129_Mn_fe_-0.852_n4_generated_crystals_cif__gen_0,D:\CGCNN\EARLY_LiM2O4_ALIGNN_HARD640_m2p18_m2p02_20260617\cifs\job_129_Mn_fe_-0.852_n4_generated_crystals_cif__gen_0.cif,-1.9830282926559448,0,0,1,Li1 Mn2 O4,LiMn2O4,Mn,1,P1,1.913687,10.931846,6,6
job_201_Cr_fe_-1.216_n4_generated_crystals_cif__gen_3,D:\CGCNN\EARLY_LiM2O4_ALIGNN_HARD640_m2p18_m2p02_20260617\cifs\job_201_Cr_fe_-1.216_n4_generated_crystals_cif__gen_3.cif,-2.206807374954224,0,1,0,Li1 Cr2 O4,LiCr2O4,Cr,1,P1,1.948107,10.615802,6,6
job_194_Ni_fe_-1.199_n4_generated_crystals_cif__gen_0,D:\CGCNN\EARLY_LiM2O4_ALIGNN_HARD640_m2p18_m2p02_20260617\cifs\job_194_Ni_fe_-1.199_n4_generated_crystals_cif__gen_0.cif,-1.0337648391723633,0,0,1,Li1 Ni2 O4,Li(NiO2)2,Ni,12,C2/m,1.874459,10.01998,6,6
job_050_Ti_fe_-1.179_n4_generated_crystals_cif__gen_0,D:\CGCNN\EARLY_LiM2O4_ALIGNN_HARD640_m2p18_m2p02_20260617\cifs\job_050_Ti_fe_-1.179_n4_generated_crystals_cif__gen_0.cif,-3.1821234226226807,0,1,0,Li1 Ti2 O4,LiTi2O4,Ti,5,C2,1.87795,9.48097,6,6
job_245_Al_fe_-1.035_n4_generated_crystals_cif__gen_2,D:\CGCNN\EARLY_LiM2O4_ALIGNN_HARD640_m2p18_m2p02_20260617\cifs\job_245_Al_fe_-1.035_n4_generated_crystals_cif__gen_2.cif,-3.161607027053833,0,1,0,Li1 Al2 O4,LiAl2O4,Al,8,Cm,1.883704,9.077058,6,6
job_169_Al_fe_-0.916_n4_generated_crystals_cif__gen_2,D:\CGCNN\EARLY_LiM2O4_ALIGNN_HARD640_m2p18_m2p02_20260617\cifs\job_169_Al_fe_-0.916_n4_generated_crystals_cif__gen_2.cif,-3.1715238094329834,0,1,0,Li1 Al2 O4,LiAl2O4,Al,1,P1,1.907246,9.142622,6,6
job_107_Co_fe_-1.032_n4_generated_crystals_cif__gen_1,D:\CGCNN\EARLY_LiM2O4_ALIGNN_HARD640_m2p18_m2p02_20260617\cifs\job_107_Co_fe_-1.032_n4_generated_crystals_cif__gen_1.cif,-1.4972996711730957,0,0,1,Li1 Co2 O4,Li(CoO2)2,Co,8,Cm,1.912497,10.040636,6,6
job_229_Al_fe_-1.076_n4_generated_crystals_cif__gen_2,D:\CGCNN\EARLY_LiM2O4_ALIGNN_HARD640_m2p18_m2p02_20260617\cifs\job_229_Al_fe_-1.076_n4_generated_crystals_cif__gen_2.cif,-3.067518472671509,0,1,0,Li1 Al2 O4,LiAl2O4,Al,8,Cm,1.847086,10.037268,4,6
job_208_Cr_fe_-1.031_n4_generated_crystals_cif__gen_1,D:\CGCNN\EARLY_LiM2O4_ALIGNN_HARD640_m2p18_m2p02_20260617\cifs\job_208_Cr_fe_-1.031_n4_generated_crystals_cif__gen_1.cif,-2.1959590911865234,0,1,0,Li1 Cr2 O4,LiCr2O4,Cr,1,P1,1.791559,10.041996,6,6
job_034_Co_fe_-1.009_n4_generated_crystals_cif__gen_0,D:\CGCNN\EARLY_LiM2O4_ALIGNN_HARD640_m2p18_m2p02_20260617\cifs\job_034_Co_fe_-1.009_n4_generated_crystals_cif__gen_0.cif,-1.4720542430877686,0,0,1,Li1 Co2 O4,Li(CoO2)2,Co,12,C2/m,1.907678,9.742917,6,6
job_093_Ni_fe_-0.850_n4_generated_crystals_cif__gen_1,D:\CGCNN\EARLY_LiM2O4_ALIGNN_HARD640_m2p18_m2p02_20260617\cifs\job_093_Ni_fe_-0.850_n4_generated_crystals_cif__gen_1.cif,-1.072307825088501,0,0,1,Li1 Ni2 O4,Li(NiO2)2,Ni,2,P-1,1.859579,9.972086,6,6
job_065_Mn_fe_-1.024_n4_generated_crystals_cif__gen_1,D:\CGCNN\EARLY_LiM2O4_ALIGNN_HARD640_m2p18_m2p02_20260617\cifs\job_065_Mn_fe_-1.024_n4_generated_crystals_cif__gen_1.cif,-1.9718655347824097,0,0,1,Li1 Mn2 O4,LiMn2O4,Mn,1,P1,1.918038,11.720802,4,6
job_015_Ni_fe_-1.349_n4_generated_crystals_cif__gen_3,D:\CGCNN\EARLY_LiM2O4_ALIGNN_HARD640_m2p18_m2p02_20260617\cifs\job_015_Ni_fe_-1.349_n4_generated_crystals_cif__gen_3.cif,-1.0284245014190674,0,0,1,Li1 Ni2 O4,Li(NiO2)2,Ni,12,C2/m,1.895858,10.009347,6,6
job_069_Mn_fe_-1.295_n4_generated_crystals_cif__gen_1,D:\CGCNN\EARLY_LiM2O4_ALIGNN_HARD640_m2p18_m2p02_20260617\cifs\job_069_Mn_fe_-1.295_n4_generated_crystals_cif__gen_1.cif,-1.9281095266342163,0,0,1,Li1 Mn2 O4,LiMn2O4,Mn,1,P1,1.880688,11.162702,5,5
job_208_Cr_fe_-1.031_n4_generated_crystals_cif__gen_3,D:\CGCNN\EARLY_LiM2O4_ALIGNN_HARD640_m2p18_m2p02_20260617\cifs\job_208_Cr_fe_-1.031_n4_generated_crystals_cif__gen_3.cif,-2.177259683609009,1,0,0,Li1 Cr2 O4,LiCr2O4,Cr,6,Pm,1.927078,10.375319,6,6
job_205_Al_fe_-1.483_n4_generated_crystals_cif__gen_2,D:\CGCNN\EARLY_LiM2O4_ALIGNN_HARD640_m2p18_m2p02_20260617\cifs\job_205_Al_fe_-1.483_n4_generated_crystals_cif__gen_2.cif,-3.061967134475708,0,1,0,Li1 Al2 O4,LiAl2O4,Al,160,R3m,1.85909,10.154617,4,6
job_234_Cr_fe_-1.123_n4_generated_crystals_cif__gen_2,D:\CGCNN\EARLY_LiM2O4_ALIGNN_HARD640_m2p18_m2p02_20260617\cifs\job_234_Cr_fe_-1.123_n4_generated_crystals_cif__gen_2.cif,-2.1442270278930664,1,0,0,Li1 Cr2 O4,LiCr2O4,Cr,1,P1,1.850188,9.725232,6,6
job_038_Ni_fe_-1.176_n4_generated_crystals_cif__gen_2,D:\CGCNN\EARLY_LiM2O4_ALIGNN_HARD640_m2p18_m2p02_20260617\cifs\job_038_Ni_fe_-1.176_n4_generated_crystals_cif__gen_2.cif,-0.8666164875030518,0,0,1,Li1 Ni2 O4,Li(NiO2)2,Ni,8,Cm,1.89644,10.549571,4,6
job_092_Cr_fe_-1.075_n4_generated_crystals_cif__gen_2,D:\CGCNN\EARLY_LiM2O4_ALIGNN_HARD640_m2p18_m2p02_20260617\cifs\job_092_Cr_fe_-1.075_n4_generated_crystals_cif__gen_2.cif,-2.129879713058472,1,0,0,Li1 Cr2 O4,LiCr2O4,Cr,1,P1,1.851749,9.646517,4,6
job_175_Ni_fe_-1.315_n4_generated_crystals_cif__gen_2,D:\CGCNN\EARLY_LiM2O4_ALIGNN_HARD640_m2p18_m2p02_20260617\cifs\job_175_Ni_fe_-1.315_n4_generated_crystals_cif__gen_2.cif,-0.9782036542892456,0,0,1,Li1 Ni2 O4,Li(NiO2)2,Ni,1,P1,1.855872,9.447601,6,6
job_214_Cr_fe_-0.857_n4_generated_crystals_cif__gen_1,D:\CGCNN\EARLY_LiM2O4_ALIGNN_HARD640_m2p18_m2p02_20260617\cifs\job_214_Cr_fe_-0.857_n4_generated_crystals_cif__gen_1.cif,-2.21838641166687,0,1,0,Li1 Cr2 O4,LiCr2O4,Cr,10,P2/m,1.926701,10.951101,6,6
job_080_Mn_fe_-1.081_n4_generated_crystals_cif__gen_2,D:\CGCNN\EARLY_LiM2O4_ALIGNN_HARD640_m2p18_m2p02_20260617\cifs\job_080_Mn_fe_-1.081_n4_generated_crystals_cif__gen_2.cif,-2.017192840576172,0,0,1,Li1 Mn2 O4,LiMn2O4,Mn,1,P1,1.926874,11.033915,4,6
job_147_Mn_fe_-0.827_n4_generated_crystals_cif__gen_1,D:\CGCNN\EARLY_LiM2O4_ALIGNN_HARD640_m2p18_m2p02_20260617\cifs\job_147_Mn_fe_-0.827_n4_generated_crystals_cif__gen_1.cif,-2.0137922763824463,0,0,1,Li1 Mn2 O4,LiMn2O4,Mn,2,P-1,1.910335,10.670069,6,6
job_149_Mn_fe_-1.083_n4_generated_crystals_cif__gen_0,D:\CGCNN\EARLY_LiM2O4_ALIGNN_HARD640_m2p18_m2p02_20260617\cifs\job_149_Mn_fe_-1.083_n4_generated_crystals_cif__gen_0.cif,-2.0294673442840576,1,0,0,Li1 Mn2 O4,LiMn2O4,Mn,10,P2/m,1.932294,10.938269,6,6
job_206_Ti_fe_-0.853_n4_generated_crystals_cif__gen_0,D:\CGCNN\EARLY_LiM2O4_ALIGNN_HARD640_m2p18_m2p02_20260617\cifs\job_206_Ti_fe_-0.853_n4_generated_crystals_cif__gen_0.cif,-3.133388996124268,0,1,0,Li1 Ti2 O4,LiTi2O4,Ti,8,Cm,1.8422,10.293504,4,6
job_086_Mn_fe_-0.988_n4_generated_crystals_cif__gen_0,D:\CGCNN\EARLY_LiM2O4_ALIGNN_HARD640_m2p18_m2p02_20260617\cifs\job_086_Mn_fe_-0.988_n4_generated_crystals_cif__gen_0.cif,-1.930472493171692,0,0,1,Li1 Mn2 O4,LiMn2O4,Mn,8,Cm,1.859305,10.230194,6,6
job_001_Ti_fe_-1.307_n4_generated_crystals_cif__gen_2,D:\CGCNN\EARLY_LiM2O4_ALIGNN_HARD640_m2p18_m2p02_20260617\cifs\job_001_Ti_fe_-1.307_n4_generated_crystals_cif__gen_2.cif,-3.216064214706421,0,1,0,Li1 Ti2 O4,LiTi2O4,Ti,119,I-4m2,2.003666,10.101427,6,6
job_218_Ni_fe_-1.221_n4_generated_crystals_cif__gen_1,D:\CGCNN\EARLY_LiM2O4_ALIGNN_HARD640_m2p18_m2p02_20260617\cifs\job_218_Ni_fe_-1.221_n4_generated_crystals_cif__gen_1.cif,-0.9765410423278807,0,0,1,Li1 Ni2 O4,Li(NiO2)2,Ni,1,P1,1.850861,9.357316,6,6
job_039_Co_fe_-0.807_n4_generated_crystals_cif__gen_3,D:\CGCNN\EARLY_LiM2O4_ALIGNN_HARD640_m2p18_m2p02_20260617\cifs\job_039_Co_fe_-0.807_n4_generated_crystals_cif__gen_3.cif,-1.3987467288970947,0,0,1,Li1 Co2 O4,Li(CoO2)2,Co,8,Cm,1.828699,11.912982,6,5
job_154_Mn_fe_-1.207_n4_generated_crystals_cif__gen_2,D:\CGCNN\EARLY_LiM2O4_ALIGNN_HARD640_m2p18_m2p02_20260617\cifs\job_154_Mn_fe_-1.207_n4_generated_crystals_cif__gen_2.cif,-2.0031816959381104,0,0,1,Li1 Mn2 O4,LiMn2O4,Mn,8,Cm,1.909119,10.189406,5,6
job_193_Co_fe_-1.092_n4_generated_crystals_cif__gen_0,D:\CGCNN\EARLY_LiM2O4_ALIGNN_HARD640_m2p18_m2p02_20260617\cifs\job_193_Co_fe_-1.092_n4_generated_crystals_cif__gen_0.cif,-1.452558517456055,0,0,1,Li1 Co2 O4,Li(CoO2)2,Co,10,P2/m,1.897395,10.504865,6,6
job_020_Mn_fe_-0.989_n4_generated_crystals_cif__gen_1,D:\CGCNN\EARLY_LiM2O4_ALIGNN_HARD640_m2p18_m2p02_20260617\cifs\job_020_Mn_fe_-0.989_n4_generated_crystals_cif__gen_1.cif,-2.02649188041687,1,0,0,Li1 Mn2 O4,LiMn2O4,Mn,1,P1,1.915167,10.762415,6,6
job_015_Ni_fe_-1.349_n4_generated_crystals_cif__gen_0,D:\CGCNN\EARLY_LiM2O4_ALIGNN_HARD640_m2p18_m2p02_20260617\cifs\job_015_Ni_fe_-1.349_n4_generated_crystals_cif__gen_0.cif,-1.0757691860198977,0,0,1,Li1 Ni2 O4,Li(NiO2)2,Ni,2,P-1,1.876176,10.051687,6,6
job_078_Ni_fe_-1.122_n4_generated_crystals_cif__gen_3,D:\CGCNN\EARLY_LiM2O4_ALIGNN_HARD640_m2p18_m2p02_20260617\cifs\job_078_Ni_fe_-1.122_n4_generated_crystals_cif__gen_3.cif,-1.054322361946106,0,0,1,Li1 Ni2 O4,Li(NiO2)2,Ni,2,P-1,1.853271,9.666965,6,6
job_052_Ti_fe_-1.107_n4_generated_crystals_cif__gen_0,D:\CGCNN\EARLY_LiM2O4_ALIGNN_HARD640_m2p18_m2p02_20260617\cifs\job_052_Ti_fe_-1.107_n4_generated_crystals_cif__gen_0.cif,-3.191511869430542,0,1,0,Li1 Ti2 O4,LiTi2O4,Ti,1,P1,1.939753,10.304664,5,6
job_013_Cr_fe_-1.388_n4_generated_crystals_cif__gen_0,D:\CGCNN\EARLY_LiM2O4_ALIGNN_HARD640_m2p18_m2p02_20260617\cifs\job_013_Cr_fe_-1.388_n4_generated_crystals_cif__gen_0.cif,-2.2145888805389404,0,1,0,Li1 Cr2 O4,LiCr2O4,Cr,10,P2/m,1.94479,10.719157,6,6
job_215_Co_fe_-1.286_n4_generated_crystals_cif__gen_1,D:\CGCNN\EARLY_LiM2O4_ALIGNN_HARD640_m2p18_m2p02_20260617\cifs\job_215_Co_fe_-1.286_n4_generated_crystals_cif__gen_1.cif,-1.4223425388336182,0,0,1,Li1 Co2 O4,Li(CoO2)2,Co,8,Cm,1.881987,9.655479,5,6
job_089_Ni_fe_-1.410_n4_generated_crystals_cif__gen_2,D:\CGCNN\EARLY_LiM2O4_ALIGNN_HARD640_m2p18_m2p02_20260617\cifs\job_089_Ni_fe_-1.410_n4_generated_crystals_cif__gen_2.cif,-0.8430165648460388,0,0,1,Li1 Ni2 O4,Li(NiO2)2,Ni,1,P1,1.862444,11.176279,4,6
job_186_Ti_fe_-0.814_n4_generated_crystals_cif__gen_0,D:\CGCNN\EARLY_LiM2O4_ALIGNN_HARD640_m2p18_m2p02_20260617\cifs\job_186_Ti_fe_-0.814_n4_generated_crystals_cif__gen_0.cif,-3.218111991882324,0,1,0,Li1 Ti2 O4,LiTi2O4,Ti,8,Cm,1.948165,10.069173,5,6
job_141_Co_fe_-1.348_n4_generated_crystals_cif__gen_2,D:\CGCNN\EARLY_LiM2O4_ALIGNN_HARD640_m2p18_m2p02_20260617\cifs\job_141_Co_fe_-1.348_n4_generated_crystals_cif__gen_2.cif,-1.493767261505127,0,0,1,Li1 Co2 O4,Li(CoO2)2,Co,12,C2/m,1.896622,9.888882,6,6
job_108_Ni_fe_-1.123_n4_generated_crystals_cif__gen_1,D:\CGCNN\EARLY_LiM2O4_ALIGNN_HARD640_m2p18_m2p02_20260617\cifs\job_108_Ni_fe_-1.123_n4_generated_crystals_cif__gen_1.cif,-1.0526087284088137,0,0,1,Li1 Ni2 O4,Li(NiO2)2,Ni,1,P1,1.859345,9.777418,6,6
job_160_Ti_fe_-1.290_n4_generated_crystals_cif__gen_0,D:\CGCNN\EARLY_LiM2O4_ALIGNN_HARD640_m2p18_m2p02_20260617\cifs\job_160_Ti_fe_-1.290_n4_generated_crystals_cif__gen_0.cif,-3.219585418701172,0,1,0,Li1 Ti2 O4,LiTi2O4,Ti,8,Cm,1.930221,10.060241,5,6
job_147_Mn_fe_-0.827_n4_generated_crystals_cif__gen_0,D:\CGCNN\EARLY_LiM2O4_ALIGNN_HARD640_m2p18_m2p02_20260617\cifs\job_147_Mn_fe_-0.827_n4_generated_crystals_cif__gen_0.cif,-1.5450682640075684,0,0,1,Li1 Mn2 O4,LiMn2O4,Mn,1,P1,1.523224,10.935016,4,5
job_191_Ti_fe_-0.867_n4_generated_crystals_cif__gen_0,D:\CGCNN\EARLY_LiM2O4_ALIGNN_HARD640_m2p18_m2p02_20260617\cifs\job_191_Ti_fe_-0.867_n4_generated_crystals_cif__gen_0.cif,-3.1645193099975586,0,1,0,Li1 Ti2 O4,LiTi2O4,Ti,1,P1,1.740442,11.377974,6,4
job_053_Co_fe_-0.977_n4_generated_crystals_cif__gen_2,D:\CGCNN\EARLY_LiM2O4_ALIGNN_HARD640_m2p18_m2p02_20260617\cifs\job_053_Co_fe_-0.977_n4_generated_crystals_cif__gen_2.cif,-1.4127352237701416,0,0,1,Li1 Co2 O4,Li(CoO2)2,Co,8,Cm,1.917149,9.745895,6,6
job_026_Ti_fe_-1.451_n4_generated_crystals_cif__gen_0,D:\CGCNN\EARLY_LiM2O4_ALIGNN_HARD640_m2p18_m2p02_20260617\cifs\job_026_Ti_fe_-1.451_n4_generated_crystals_cif__gen_0.cif,-3.215111494064331,0,1,0,Li1 Ti2 O4,LiTi2O4,Ti,8,Cm,2.015376,10.195639,6,6
job_180_Ti_fe_-0.903_n4_generated_crystals_cif__gen_1,D:\CGCNN\EARLY_LiM2O4_ALIGNN_HARD640_m2p18_m2p02_20260617\cifs\job_180_Ti_fe_-0.903_n4_generated_crystals_cif__gen_1.cif,-3.188894510269165,0,1,0,Li1 Ti2 O4,LiTi2O4,Ti,8,Cm,1.946284,10.883671,6,6
job_050_Ti_fe_-1.179_n4_generated_crystals_cif__gen_1,D:\CGCNN\EARLY_LiM2O4_ALIGNN_HARD640_m2p18_m2p02_20260617\cifs\job_050_Ti_fe_-1.179_n4_generated_crystals_cif__gen_1.cif,-3.1777703762054443,0,1,0,Li1 Ti2 O4,LiTi2O4,Ti,8,Cm,1.859236,9.419903,6,6
job_241_Co_fe_-1.145_n4_generated_crystals_cif__gen_3,D:\CGCNN\EARLY_LiM2O4_ALIGNN_HARD640_m2p18_m2p02_20260617\cifs\job_241_Co_fe_-1.145_n4_generated_crystals_cif__gen_3.cif,-1.3365981578826904,0,0,1,Li1 Co2 O4,Li(CoO2)2,Co,1,P1,1.768795,11.082482,6,4
job_199_Ti_fe_-1.428_n4_generated_crystals_cif__gen_0,D:\CGCNN\EARLY_LiM2O4_ALIGNN_HARD640_m2p18_m2p02_20260617\cifs\job_199_Ti_fe_-1.428_n4_generated_crystals_cif__gen_0.cif,-3.163670063018799,0,1,0,Li1 Ti2 O4,LiTi2O4,Ti,6,Pm,1.987516,10.970765,6,6
job_026_Ti_fe_-1.451_n4_generated_crystals_cif__gen_3,D:\CGCNN\EARLY_LiM2O4_ALIGNN_HARD640_m2p18_m2p02_20260617\cifs\job_026_Ti_fe_-1.451_n4_generated_crystals_cif__gen_3.cif,-3.173259973526001,0,1,0,Li1 Ti2 O4,LiTi2O4,Ti,8,Cm,1.94278,10.827675,6,6
job_006_Mn_fe_-1.347_n4_generated_crystals_cif__gen_2,D:\CGCNN\EARLY_LiM2O4_ALIGNN_HARD640_m2p18_m2p02_20260617\cifs\job_006_Mn_fe_-1.347_n4_generated_crystals_cif__gen_2.cif,-2.009329319000244,0,0,1,Li1 Mn2 O4,LiMn2O4,Mn,1,P1,1.926167,11.006818,5,6
job_062_Mg_fe_-0.803_n4_generated_crystals_cif__gen_0,D:\CGCNN\EARLY_LiM2O4_ALIGNN_HARD640_m2p18_m2p02_20260617\cifs\job_062_Mg_fe_-0.803_n4_generated_crystals_cif__gen_0.cif,-2.1998074054718018,0,1,0,Li1 Mg2 O4,LiMg2O4,Mg,1,P1,2.042971,11.071927,5,6
job_017_Mn_fe_-1.234_n4_generated_crystals_cif__gen_1,D:\CGCNN\EARLY_LiM2O4_ALIGNN_HARD640_m2p18_m2p02_20260617\cifs\job_017_Mn_fe_-1.234_n4_generated_crystals_cif__gen_1.cif,-1.9876065254211424,0,0,1,Li1 Mn2 O4,LiMn2O4,Mn,1,P1,1.905567,10.481356,6,6
job_187_Ni_fe_-0.981_n4_generated_crystals_cif__gen_1,D:\CGCNN\EARLY_LiM2O4_ALIGNN_HARD640_m2p18_m2p02_20260617\cifs\job_187_Ni_fe_-0.981_n4_generated_crystals_cif__gen_1.cif,-0.9695405960083008,0,0,1,Li1 Ni2 O4,Li(NiO2)2,Ni,1,P1,1.836918,9.242589,6,6
job_142_Mn_fe_-1.095_n4_generated_crystals_cif__gen_0,D:\CGCNN\EARLY_LiM2O4_ALIGNN_HARD640_m2p18_m2p02_20260617\cifs\job_142_Mn_fe_-1.095_n4_generated_crystals_cif__gen_0.cif,-2.003554582595825,0,0,1,Li1 Mn2 O4,LiMn2O4,Mn,1,P1,1.898909,10.529462,6,6
job_074_Mn_fe_-0.891_n4_generated_crystals_cif__gen_2,D:\CGCNN\EARLY_LiM2O4_ALIGNN_HARD640_m2p18_m2p02_20260617\cifs\job_074_Mn_fe_-0.891_n4_generated_crystals_cif__gen_2.cif,-1.9489537477493288,0,0,1,Li1 Mn2 O4,LiMn2O4,Mn,1,P1,1.859813,11.129993,4,5
job_085_Mg_fe_-0.837_n4_generated_crystals_cif__gen_2,D:\CGCNN\EARLY_LiM2O4_ALIGNN_HARD640_m2p18_m2p02_20260617\cifs\job_085_Mg_fe_-0.837_n4_generated_crystals_cif__gen_2.cif,-1.9916329383850095,0,0,1,Li1 Mg2 O4,LiMg2O4,Mg,8,Cm,1.849947,10.521692,6,5
job_023_Co_fe_-0.919_n4_generated_crystals_cif__gen_0,D:\CGCNN\EARLY_LiM2O4_ALIGNN_HARD640_m2p18_m2p02_20260617\cifs\job_023_Co_fe_-0.919_n4_generated_crystals_cif__gen_0.cif,-1.5142971277236938,0,0,1,Li1 Co2 O4,Li(CoO2)2,Co,8,Cm,1.899011,9.751887,6,6
job_125_Mn_fe_-1.190_n4_generated_crystals_cif__gen_2,D:\CGCNN\EARLY_LiM2O4_ALIGNN_HARD640_m2p18_m2p02_20260617\cifs\job_125_Mn_fe_-1.190_n4_generated_crystals_cif__gen_2.cif,-1.8433979749679563,0,0,1,Li1 Mn2 O4,LiMn2O4,Mn,65,Cmmm,1.87599,9.769175,6,6
job_111_Ni_fe_-0.951_n4_generated_crystals_cif__gen_0,D:\CGCNN\EARLY_LiM2O4_ALIGNN_HARD640_m2p18_m2p02_20260617\cifs\job_111_Ni_fe_-0.951_n4_generated_crystals_cif__gen_0.cif,-1.0662175416946411,0,0,1,Li1 Ni2 O4,Li(NiO2)2,Ni,1,P1,1.863132,10.00989,6,6
job_096_Al_fe_-0.803_n4_generated_crystals_cif__gen_2,D:\CGCNN\EARLY_LiM2O4_ALIGNN_HARD640_m2p18_m2p02_20260617\cifs\job_096_Al_fe_-0.803_n4_generated_crystals_cif__gen_2.cif,-3.0670223236083984,0,1,0,Li1 Al2 O4,LiAl2O4,Al,156,P3m1,1.851155,10.305437,4,6
job_176_Mn_fe_-0.980_n4_generated_crystals_cif__gen_0,D:\CGCNN\EARLY_LiM2O4_ALIGNN_HARD640_m2p18_m2p02_20260617\cifs\job_176_Mn_fe_-0.980_n4_generated_crystals_cif__gen_0.cif,-2.0098371505737305,0,0,1,Li1 Mn2 O4,LiMn2O4,Mn,44,Imm2,1.92125,10.182718,6,6
job_174_Ti_fe_-1.427_n4_generated_crystals_cif__gen_0,D:\CGCNN\EARLY_LiM2O4_ALIGNN_HARD640_m2p18_m2p02_20260617\cifs\job_174_Ti_fe_-1.427_n4_generated_crystals_cif__gen_0.cif,-3.2186081409454346,0,1,0,Li1 Ti2 O4,LiTi2O4,Ti,8,Cm,1.947775,10.054521,5,6
job_249_Cr_fe_-1.500_n4_generated_crystals_cif__gen_1,D:\CGCNN\EARLY_LiM2O4_ALIGNN_HARD640_m2p18_m2p02_20260617\cifs\job_249_Cr_fe_-1.500_n4_generated_crystals_cif__gen_1.cif,-2.1460623741149902,1,0,0,Li1 Cr2 O4,LiCr2O4,Cr,8,Cm,1.933272,10.736435,6,6
job_102_Ni_fe_-1.495_n4_generated_crystals_cif__gen_2,D:\CGCNN\EARLY_LiM2O4_ALIGNN_HARD640_m2p18_m2p02_20260617\cifs\job_102_Ni_fe_-1.495_n4_generated_crystals_cif__gen_2.cif,-1.052438497543335,0,0,1,Li1 Ni2 O4,Li(NiO2)2,Ni,1,P1,1.864882,9.789349,6,6
job_079_Cr_fe_-0.854_n4_generated_crystals_cif__gen_0,D:\CGCNN\EARLY_LiM2O4_ALIGNN_HARD640_m2p18_m2p02_20260617\cifs\job_079_Cr_fe_-0.854_n4_generated_crystals_cif__gen_0.cif,-2.2454543113708496,0,1,0,Li1 Cr2 O4,LiCr2O4,Cr,8,Cm,1.951927,10.08439,5,6
job_066_Mn_fe_-1.023_n4_generated_crystals_cif__gen_0,D:\CGCNN\EARLY_LiM2O4_ALIGNN_HARD640_m2p18_m2p02_20260617\cifs\job_066_Mn_fe_-1.023_n4_generated_crystals_cif__gen_0.cif,-1.9871506690979004,0,0,1,Li1 Mn2 O4,LiMn2O4,Mn,8,Cm,1.948822,10.918021,6,6
job_214_Cr_fe_-0.857_n4_generated_crystals_cif__gen_0,D:\CGCNN\EARLY_LiM2O4_ALIGNN_HARD640_m2p18_m2p02_20260617\cifs\job_214_Cr_fe_-0.857_n4_generated_crystals_cif__gen_0.cif,-2.1566174030303955,1,0,0,Li1 Cr2 O4,LiCr2O4,Cr,1,P1,1.859468,9.883663,4,6
job_150_Ti_fe_-0.897_n4_generated_crystals_cif__gen_1,D:\CGCNN\EARLY_LiM2O4_ALIGNN_HARD640_m2p18_m2p02_20260617\cifs\job_150_Ti_fe_-0.897_n4_generated_crystals_cif__gen_1.cif,-3.166491746902466,0,1,0,Li1 Ti2 O4,LiTi2O4,Ti,160,R3m,1.756172,11.52378,4,4
job_182_Cr_fe_-1.464_n4_generated_crystals_cif__gen_0,D:\CGCNN\EARLY_LiM2O4_ALIGNN_HARD640_m2p18_m2p02_20260617\cifs\job_182_Cr_fe_-1.464_n4_generated_crystals_cif__gen_0.cif,-2.2057487964630127,0,1,0,Li1 Cr2 O4,LiCr2O4,Cr,6,Pm,1.939352,10.516033,6,6
job_042_Cr_fe_-0.962_n4_generated_crystals_cif__gen_2,D:\CGCNN\EARLY_LiM2O4_ALIGNN_HARD640_m2p18_m2p02_20260617\cifs\job_042_Cr_fe_-0.962_n4_generated_crystals_cif__gen_2.cif,-2.1674489974975586,1,0,0,Li1 Cr2 O4,LiCr2O4,Cr,8,Cm,1.934216,10.334965,6,6
job_217_Ni_fe_-1.483_n4_generated_crystals_cif__gen_3,D:\CGCNN\EARLY_LiM2O4_ALIGNN_HARD640_m2p18_m2p02_20260617\cifs\job_217_Ni_fe_-1.483_n4_generated_crystals_cif__gen_3.cif,-1.0270507335662842,0,0,1,Li1 Ni2 O4,Li(NiO2)2,Ni,12,C2/m,1.877286,9.932751,6,6
job_146_Cr_fe_-1.128_n4_generated_crystals_cif__gen_2,D:\CGCNN\EARLY_LiM2O4_ALIGNN_HARD640_m2p18_m2p02_20260617\cifs\job_146_Cr_fe_-1.128_n4_generated_crystals_cif__gen_2.cif,-2.204536199569702,0,1,0,Li1 Cr2 O4,LiCr2O4,Cr,8,Cm,1.944404,10.092339,5,6
job_000_Ti_fe_-1.422_n4_generated_crystals_cif__gen_3,D:\CGCNN\EARLY_LiM2O4_ALIGNN_HARD640_m2p18_m2p02_20260617\cifs\job_000_Ti_fe_-1.422_n4_generated_crystals_cif__gen_3.cif,-3.20703387260437,0,1,0,Li1 Ti2 O4,LiTi2O4,Ti,1,P1,1.932281,10.166494,5,6
job_233_Mn_fe_-1.136_n4_generated_crystals_cif__gen_0,D:\CGCNN\EARLY_LiM2O4_ALIGNN_HARD640_m2p18_m2p02_20260617\cifs\job_233_Mn_fe_-1.136_n4_generated_crystals_cif__gen_0.cif,-1.902867078781128,0,0,1,Li1 Mn2 O4,LiMn2O4,Mn,1,P1,1.856141,10.23144,6,5
job_216_Cr_fe_-0.890_n4_generated_crystals_cif__gen_2,D:\CGCNN\EARLY_LiM2O4_ALIGNN_HARD640_m2p18_m2p02_20260617\cifs\job_216_Cr_fe_-0.890_n4_generated_crystals_cif__gen_2.cif,-2.163748025894165,1,0,0,Li1 Cr2 O4,LiCr2O4,Cr,8,Cm,1.946467,9.845351,5,6
job_032_Co_fe_-1.386_n4_generated_crystals_cif__gen_0,D:\CGCNN\EARLY_LiM2O4_ALIGNN_HARD640_m2p18_m2p02_20260617\cifs\job_032_Co_fe_-1.386_n4_generated_crystals_cif__gen_0.cif,-1.4978969097137451,0,0,1,Li1 Co2 O4,Li(CoO2)2,Co,1,P1,1.9014,9.875803,6,6
job_080_Mn_fe_-1.081_n4_generated_crystals_cif__gen_1,D:\CGCNN\EARLY_LiM2O4_ALIGNN_HARD640_m2p18_m2p02_20260617\cifs\job_080_Mn_fe_-1.081_n4_generated_crystals_cif__gen_1.cif,-1.927605509757996,0,0,1,Li1 Mn2 O4,LiMn2O4,Mn,1,P1,1.873671,10.046366,6,5
job_015_Ni_fe_-1.349_n4_generated_crystals_cif__gen_2,D:\CGCNN\EARLY_LiM2O4_ALIGNN_HARD640_m2p18_m2p02_20260617\cifs\job_015_Ni_fe_-1.349_n4_generated_crystals_cif__gen_2.cif,-1.0664689540863037,0,0,1,Li1 Ni2 O4,Li(NiO2)2,Ni,1,P1,1.842132,9.840391,6,6
job_195_Mn_fe_-1.284_n4_generated_crystals_cif__gen_0,D:\CGCNN\EARLY_LiM2O4_ALIGNN_HARD640_m2p18_m2p02_20260617\cifs\job_195_Mn_fe_-1.284_n4_generated_crystals_cif__gen_0.cif,-1.953479528427124,0,0,1,Li1 Mn2 O4,LiMn2O4,Mn,5,C2,1.925366,10.543901,6,6
job_162_Mn_fe_-1.493_n4_generated_crystals_cif__gen_3,D:\CGCNN\EARLY_LiM2O4_ALIGNN_HARD640_m2p18_m2p02_20260617\cifs\job_162_Mn_fe_-1.493_n4_generated_crystals_cif__gen_3.cif,-1.8956153392791748,0,0,1,Li1 Mn2 O4,LiMn2O4,Mn,1,P1,1.865314,10.208332,6,5
job_173_Mg_fe_-1.290_n4_generated_crystals_cif__gen_2,D:\CGCNN\EARLY_LiM2O4_ALIGNN_HARD640_m2p18_m2p02_20260617\cifs\job_173_Mg_fe_-1.290_n4_generated_crystals_cif__gen_2.cif,-2.2078213691711426,0,1,0,Li1 Mg2 O4,LiMg2O4,Mg,8,Cm,1.958564,10.456484,6,6
job_135_Co_fe_-0.851_n4_generated_crystals_cif__gen_3,D:\CGCNN\EARLY_LiM2O4_ALIGNN_HARD640_m2p18_m2p02_20260617\cifs\job_135_Co_fe_-0.851_n4_generated_crystals_cif__gen_3.cif,-1.4249773025512695,0,0,1,Li1 Co2 O4,Li(CoO2)2,Co,2,P-1,1.876069,9.931191,6,6
job_035_Ti_fe_-1.046_n4_generated_crystals_cif__gen_2,D:\CGCNN\EARLY_LiM2O4_ALIGNN_HARD640_m2p18_m2p02_20260617\cifs\job_035_Ti_fe_-1.046_n4_generated_crystals_cif__gen_2.cif,-3.215780019760132,0,1,0,Li1 Ti2 O4,LiTi2O4,Ti,1,P1,1.863018,10.135451,6,6
job_126_Cr_fe_-0.901_n4_generated_crystals_cif__gen_0,D:\CGCNN\EARLY_LiM2O4_ALIGNN_HARD640_m2p18_m2p02_20260617\cifs\job_126_Cr_fe_-0.901_n4_generated_crystals_cif__gen_0.cif,-2.23909068107605,0,1,0,Li1 Cr2 O4,LiCr2O4,Cr,8,Cm,1.955185,10.689442,6,6
job_217_Ni_fe_-1.483_n4_generated_crystals_cif__gen_2,D:\CGCNN\EARLY_LiM2O4_ALIGNN_HARD640_m2p18_m2p02_20260617\cifs\job_217_Ni_fe_-1.483_n4_generated_crystals_cif__gen_2.cif,-0.9711276292800904,0,0,1,Li1 Ni2 O4,Li(NiO2)2,Ni,1,P1,1.877966,9.599583,6,6
job_127_Mn_fe_-1.465_n4_generated_crystals_cif__gen_3,D:\CGCNN\EARLY_LiM2O4_ALIGNN_HARD640_m2p18_m2p02_20260617\cifs\job_127_Mn_fe_-1.465_n4_generated_crystals_cif__gen_3.cif,-1.995632886886597,0,0,1,Li1 Mn2 O4,LiMn2O4,Mn,8,Cm,1.929953,10.510256,6,6
job_092_Cr_fe_-1.075_n4_generated_crystals_cif__gen_3,D:\CGCNN\EARLY_LiM2O4_ALIGNN_HARD640_m2p18_m2p02_20260617\cifs\job_092_Cr_fe_-1.075_n4_generated_crystals_cif__gen_3.cif,-2.1069674491882324,1,0,0,Li1 Cr2 O4,LiCr2O4,Cr,8,Cm,1.779661,10.770079,4,5
job_006_Mn_fe_-1.347_n4_generated_crystals_cif__gen_1,D:\CGCNN\EARLY_LiM2O4_ALIGNN_HARD640_m2p18_m2p02_20260617\cifs\job_006_Mn_fe_-1.347_n4_generated_crystals_cif__gen_1.cif,-2.0493369102478027,1,0,0,Li1 Mn2 O4,LiMn2O4,Mn,2,P-1,1.939287,11.261086,6,6
job_117_Ti_fe_-0.811_n4_generated_crystals_cif__gen_2,D:\CGCNN\EARLY_LiM2O4_ALIGNN_HARD640_m2p18_m2p02_20260617\cifs\job_117_Ti_fe_-0.811_n4_generated_crystals_cif__gen_2.cif,-3.223210573196411,0,1,0,Li1 Ti2 O4,LiTi2O4,Ti,8,Cm,2.003415,10.002824,6,6
job_146_Cr_fe_-1.128_n4_generated_crystals_cif__gen_0,D:\CGCNN\EARLY_LiM2O4_ALIGNN_HARD640_m2p18_m2p02_20260617\cifs\job_146_Cr_fe_-1.128_n4_generated_crystals_cif__gen_0.cif,-2.2501983642578125,0,1,0,Li1 Cr2 O4,LiCr2O4,Cr,12,C2/m,1.958711,10.89208,6,6
job_103_Ti_fe_-1.058_n4_generated_crystals_cif__gen_2,D:\CGCNN\EARLY_LiM2O4_ALIGNN_HARD640_m2p18_m2p02_20260617\cifs\job_103_Ti_fe_-1.058_n4_generated_crystals_cif__gen_2.cif,-3.2274155616760254,0,1,0,Li1 Ti2 O4,LiTi2O4,Ti,8,Cm,1.858,11.532272,5,5
job_068_Cr_fe_-1.051_n4_generated_crystals_cif__gen_0,D:\CGCNN\EARLY_LiM2O4_ALIGNN_HARD640_m2p18_m2p02_20260617\cifs\job_068_Cr_fe_-1.051_n4_generated_crystals_cif__gen_0.cif,-2.138373851776123,1,0,0,Li1 Cr2 O4,LiCr2O4,Cr,1,P1,1.864833,9.749067,6,6
job_247_Ni_fe_-1.069_n4_generated_crystals_cif__gen_1,D:\CGCNN\EARLY_LiM2O4_ALIGNN_HARD640_m2p18_m2p02_20260617\cifs\job_247_Ni_fe_-1.069_n4_generated_crystals_cif__gen_1.cif,-1.0687259435653689,0,0,1,Li1 Ni2 O4,Li(NiO2)2,Ni,2,P-1,1.891247,10.297624,6,6
job_184_Co_fe_-1.469_n4_generated_crystals_cif__gen_1,D:\CGCNN\EARLY_LiM2O4_ALIGNN_HARD640_m2p18_m2p02_20260617\cifs\job_184_Co_fe_-1.469_n4_generated_crystals_cif__gen_1.cif,-1.3748714923858645,0,0,1,Li1 Co2 O4,Li(CoO2)2,Co,1,P1,1.801845,9.774086,6,6
job_242_Ti_fe_-1.214_n4_generated_crystals_cif__gen_1,D:\CGCNN\EARLY_LiM2O4_ALIGNN_HARD640_m2p18_m2p02_20260617\cifs\job_242_Ti_fe_-1.214_n4_generated_crystals_cif__gen_1.cif,-3.172513723373413,0,1,0,Li1 Ti2 O4,LiTi2O4,Ti,8,Cm,1.898356,11.522623,4,6
job_193_Co_fe_-1.092_n4_generated_crystals_cif__gen_3,D:\CGCNN\EARLY_LiM2O4_ALIGNN_HARD640_m2p18_m2p02_20260617\cifs\job_193_Co_fe_-1.092_n4_generated_crystals_cif__gen_3.cif,-1.5073931217193604,0,0,1,Li1 Co2 O4,Li(CoO2)2,Co,10,P2/m,1.897501,9.677183,6,6
job_093_Ni_fe_-0.850_n4_generated_crystals_cif__gen_2,D:\CGCNN\EARLY_LiM2O4_ALIGNN_HARD640_m2p18_m2p02_20260617\cifs\job_093_Ni_fe_-0.850_n4_generated_crystals_cif__gen_2.cif,-1.0448346138000488,0,0,1,Li1 Ni2 O4,Li(NiO2)2,Ni,1,P1,1.863419,9.694896,6,6
job_218_Ni_fe_-1.221_n4_generated_crystals_cif__gen_0,D:\CGCNN\EARLY_LiM2O4_ALIGNN_HARD640_m2p18_m2p02_20260617\cifs\job_218_Ni_fe_-1.221_n4_generated_crystals_cif__gen_0.cif,-1.0031559467315674,0,0,1,Li1 Ni2 O4,Li(NiO2)2,Ni,8,Cm,1.865863,9.554118,6,6
job_216_Cr_fe_-0.890_n4_generated_crystals_cif__gen_3,D:\CGCNN\EARLY_LiM2O4_ALIGNN_HARD640_m2p18_m2p02_20260617\cifs\job_216_Cr_fe_-0.890_n4_generated_crystals_cif__gen_3.cif,-2.149548053741455,1,0,0,Li1 Cr2 O4,LiCr2O4,Cr,8,Cm,1.841265,9.935483,6,6
job_075_Co_fe_-0.911_n4_generated_crystals_cif__gen_0,D:\CGCNN\EARLY_LiM2O4_ALIGNN_HARD640_m2p18_m2p02_20260617\cifs\job_075_Co_fe_-0.911_n4_generated_crystals_cif__gen_0.cif,-1.434516429901123,0,0,1,Li1 Co2 O4,Li(CoO2)2,Co,12,C2/m,1.920369,9.973273,6,6
job_181_Mg_fe_-1.158_n4_generated_crystals_cif__gen_3,D:\CGCNN\EARLY_LiM2O4_ALIGNN_HARD640_m2p18_m2p02_20260617\cifs\job_181_Mg_fe_-1.158_n4_generated_crystals_cif__gen_3.cif,-1.8703339099884035,0,0,1,Li1 Mg2 O4,LiMg2O4,Mg,1,P1,1.509131,10.587856,5,5
job_195_Mn_fe_-1.284_n4_generated_crystals_cif__gen_3,D:\CGCNN\EARLY_LiM2O4_ALIGNN_HARD640_m2p18_m2p02_20260617\cifs\job_195_Mn_fe_-1.284_n4_generated_crystals_cif__gen_3.cif,-2.015247106552124,0,0,1,Li1 Mn2 O4,LiMn2O4,Mn,1,P1,1.918419,10.855944,6,6
job_025_Co_fe_-1.096_n4_generated_crystals_cif__gen_0,D:\CGCNN\EARLY_LiM2O4_ALIGNN_HARD640_m2p18_m2p02_20260617\cifs\job_025_Co_fe_-1.096_n4_generated_crystals_cif__gen_0.cif,-1.4963135719299316,0,0,1,Li1 Co2 O4,Li(CoO2)2,Co,8,Cm,1.907621,9.817663,6,6
job_181_Mg_fe_-1.158_n4_generated_crystals_cif__gen_0,D:\CGCNN\EARLY_LiM2O4_ALIGNN_HARD640_m2p18_m2p02_20260617\cifs\job_181_Mg_fe_-1.158_n4_generated_crystals_cif__gen_0.cif,-2.1844799518585205,0,1,0,Li1 Mg2 O4,LiMg2O4,Mg,44,Imm2,1.990819,10.801586,6,6
job_216_Cr_fe_-0.890_n4_generated_crystals_cif__gen_0,D:\CGCNN\EARLY_LiM2O4_ALIGNN_HARD640_m2p18_m2p02_20260617\cifs\job_216_Cr_fe_-0.890_n4_generated_crystals_cif__gen_0.cif,-2.2009010314941406,0,1,0,Li1 Cr2 O4,LiCr2O4,Cr,44,Imm2,1.947882,9.91291,5,6
job_096_Al_fe_-0.803_n4_generated_crystals_cif__gen_3,D:\CGCNN\EARLY_LiM2O4_ALIGNN_HARD640_m2p18_m2p02_20260617\cifs\job_096_Al_fe_-0.803_n4_generated_crystals_cif__gen_3.cif,-3.053614854812622,0,1,0,Li1 Al2 O4,LiAl2O4,Al,8,Cm,1.810509,9.068279,6,6
job_010_Al_fe_-1.346_n4_generated_crystals_cif__gen_2,D:\CGCNN\EARLY_LiM2O4_ALIGNN_HARD640_m2p18_m2p02_20260617\cifs\job_010_Al_fe_-1.346_n4_generated_crystals_cif__gen_2.cif,-3.157589912414551,0,1,0,Li1 Al2 O4,LiAl2O4,Al,8,Cm,1.884803,9.947991,6,6
job_117_Ti_fe_-0.811_n4_generated_crystals_cif__gen_0,D:\CGCNN\EARLY_LiM2O4_ALIGNN_HARD640_m2p18_m2p02_20260617\cifs\job_117_Ti_fe_-0.811_n4_generated_crystals_cif__gen_0.cif,-3.131124258041382,0,1,0,Li1 Ti2 O4,LiTi2O4,Ti,8,Cm,1.858457,10.285678,3,6
job_175_Ni_fe_-1.315_n4_generated_crystals_cif__gen_1,D:\CGCNN\EARLY_LiM2O4_ALIGNN_HARD640_m2p18_m2p02_20260617\cifs\job_175_Ni_fe_-1.315_n4_generated_crystals_cif__gen_1.cif,-1.0511988401412964,0,0,1,Li1 Ni2 O4,Li(NiO2)2,Ni,2,P-1,1.89255,10.102962,6,6
job_065_Mn_fe_-1.024_n4_generated_crystals_cif__gen_2,D:\CGCNN\EARLY_LiM2O4_ALIGNN_HARD640_m2p18_m2p02_20260617\cifs\job_065_Mn_fe_-1.024_n4_generated_crystals_cif__gen_2.cif,-2.008341789245605,0,0,1,Li1 Mn2 O4,LiMn2O4,Mn,1,P1,1.920437,10.820271,5,6
job_104_Ni_fe_-1.453_n4_generated_crystals_cif__gen_2,D:\CGCNN\EARLY_LiM2O4_ALIGNN_HARD640_m2p18_m2p02_20260617\cifs\job_104_Ni_fe_-1.453_n4_generated_crystals_cif__gen_2.cif,-1.062983751296997,0,0,1,Li1 Ni2 O4,Li(NiO2)2,Ni,6,Pm,1.867726,9.926529,6,6
job_075_Co_fe_-0.911_n4_generated_crystals_cif__gen_2,D:\CGCNN\EARLY_LiM2O4_ALIGNN_HARD640_m2p18_m2p02_20260617\cifs\job_075_Co_fe_-0.911_n4_generated_crystals_cif__gen_2.cif,-1.513709545135498,0,0,1,Li1 Co2 O4,Li(CoO2)2,Co,12,C2/m,1.897239,9.75684,6,6
job_144_Co_fe_-1.460_n4_generated_crystals_cif__gen_2,D:\CGCNN\EARLY_LiM2O4_ALIGNN_HARD640_m2p18_m2p02_20260617\cifs\job_144_Co_fe_-1.460_n4_generated_crystals_cif__gen_2.cif,-1.5255531072616575,0,0,1,Li1 Co2 O4,Li(CoO2)2,Co,12,C2/m,1.904736,9.886275,6,6
job_157_Ni_fe_-1.031_n4_generated_crystals_cif__gen_2,D:\CGCNN\EARLY_LiM2O4_ALIGNN_HARD640_m2p18_m2p02_20260617\cifs\job_157_Ni_fe_-1.031_n4_generated_crystals_cif__gen_2.cif,-1.047560691833496,0,0,1,Li1 Ni2 O4,Li(NiO2)2,Ni,1,P1,1.86355,9.686383,6,6
job_186_Ti_fe_-0.814_n4_generated_crystals_cif__gen_2,D:\CGCNN\EARLY_LiM2O4_ALIGNN_HARD640_m2p18_m2p02_20260617\cifs\job_186_Ti_fe_-0.814_n4_generated_crystals_cif__gen_2.cif,-3.2026076316833496,0,1,0,Li1 Ti2 O4,LiTi2O4,Ti,1,P1,1.847958,11.699615,5,5
job_127_Mn_fe_-1.465_n4_generated_crystals_cif__gen_1,D:\CGCNN\EARLY_LiM2O4_ALIGNN_HARD640_m2p18_m2p02_20260617\cifs\job_127_Mn_fe_-1.465_n4_generated_crystals_cif__gen_1.cif,-1.9250675439834597,0,0,1,Li1 Mn2 O4,LiMn2O4,Mn,1,P1,1.86241,11.101544,4,5
job_115_Al_fe_-1.173_n4_generated_crystals_cif__gen_0,D:\CGCNN\EARLY_LiM2O4_ALIGNN_HARD640_m2p18_m2p02_20260617\cifs\job_115_Al_fe_-1.173_n4_generated_crystals_cif__gen_0.cif,-3.1091599464416504,0,1,0,Li1 Al2 O4,LiAl2O4,Al,10,P2/m,1.869144,9.766659,6,6
job_050_Ti_fe_-1.179_n4_generated_crystals_cif__gen_3,D:\CGCNN\EARLY_LiM2O4_ALIGNN_HARD640_m2p18_m2p02_20260617\cifs\job_050_Ti_fe_-1.179_n4_generated_crystals_cif__gen_3.cif,-3.2049505710601807,0,1,0,Li1 Ti2 O4,LiTi2O4,Ti,8,Cm,1.947415,10.22884,5,6
job_040_Ti_fe_-1.018_n4_generated_crystals_cif__gen_1,D:\CGCNN\EARLY_LiM2O4_ALIGNN_HARD640_m2p18_m2p02_20260617\cifs\job_040_Ti_fe_-1.018_n4_generated_crystals_cif__gen_1.cif,-3.216468811035156,0,1,0,Li1 Ti2 O4,LiTi2O4,Ti,8,Cm,1.939488,10.128678,5,6
job_138_Ti_fe_-0.803_n4_generated_crystals_cif__gen_1,D:\CGCNN\EARLY_LiM2O4_ALIGNN_HARD640_m2p18_m2p02_20260617\cifs\job_138_Ti_fe_-0.803_n4_generated_crystals_cif__gen_1.cif,-3.222485303878784,0,1,0,Li1 Ti2 O4,LiTi2O4,Ti,8,Cm,1.995937,10.073854,6,6
job_034_Co_fe_-1.009_n4_generated_crystals_cif__gen_2,D:\CGCNN\EARLY_LiM2O4_ALIGNN_HARD640_m2p18_m2p02_20260617\cifs\job_034_Co_fe_-1.009_n4_generated_crystals_cif__gen_2.cif,-1.4351911544799805,0,0,1,Li1 Co2 O4,Li(CoO2)2,Co,1,P1,1.923142,10.173358,6,6
job_174_Ti_fe_-1.427_n4_generated_crystals_cif__gen_3,D:\CGCNN\EARLY_LiM2O4_ALIGNN_HARD640_m2p18_m2p02_20260617\cifs\job_174_Ti_fe_-1.427_n4_generated_crystals_cif__gen_3.cif,-3.1882665157318115,0,1,0,Li1 Ti2 O4,LiTi2O4,Ti,8,Cm,1.947585,10.710348,6,6
job_123_Ni_fe_-1.305_n4_generated_crystals_cif__gen_1,D:\CGCNN\EARLY_LiM2O4_ALIGNN_HARD640_m2p18_m2p02_20260617\cifs\job_123_Ni_fe_-1.305_n4_generated_crystals_cif__gen_1.cif,-0.929029107093811,0,0,1,Li1 Ni2 O4,Li(NiO2)2,Ni,1,P1,1.842379,9.562936,6,6
job_084_Ni_fe_-1.459_n4_generated_crystals_cif__gen_1,D:\CGCNN\EARLY_LiM2O4_ALIGNN_HARD640_m2p18_m2p02_20260617\cifs\job_084_Ni_fe_-1.459_n4_generated_crystals_cif__gen_1.cif,-1.04414701461792,0,0,1,Li1 Ni2 O4,Li(NiO2)2,Ni,8,Cm,1.878318,10.033916,6,6
job_177_Ni_fe_-1.309_n4_generated_crystals_cif__gen_2,D:\CGCNN\EARLY_LiM2O4_ALIGNN_HARD640_m2p18_m2p02_20260617\cifs\job_177_Ni_fe_-1.309_n4_generated_crystals_cif__gen_2.cif,-1.0617724657058716,0,0,1,Li1 Ni2 O4,Li(NiO2)2,Ni,1,P1,1.860525,9.959238,6,6
job_048_Co_fe_-1.351_n4_generated_crystals_cif__gen_0,D:\CGCNN\EARLY_LiM2O4_ALIGNN_HARD640_m2p18_m2p02_20260617\cifs\job_048_Co_fe_-1.351_n4_generated_crystals_cif__gen_0.cif,-1.3924156427383425,0,0,1,Li1 Co2 O4,Li(CoO2)2,Co,8,Cm,1.888195,9.964427,6,6
job_238_Ti_fe_-0.855_n4_generated_crystals_cif__gen_1,D:\CGCNN\EARLY_LiM2O4_ALIGNN_HARD640_m2p18_m2p02_20260617\cifs\job_238_Ti_fe_-0.855_n4_generated_crystals_cif__gen_1.cif,-3.1493923664093018,0,1,0,Li1 Ti2 O4,LiTi2O4,Ti,10,P2/m,1.971947,11.334676,6,6
job_010_Al_fe_-1.346_n4_generated_crystals_cif__gen_0,D:\CGCNN\EARLY_LiM2O4_ALIGNN_HARD640_m2p18_m2p02_20260617\cifs\job_010_Al_fe_-1.346_n4_generated_crystals_cif__gen_0.cif,-3.161445379257202,0,1,0,Li1 Al2 O4,LiAl2O4,Al,1,P1,1.864131,8.906684,5,6
job_029_Cr_fe_-1.337_n4_generated_crystals_cif__gen_1,D:\CGCNN\EARLY_LiM2O4_ALIGNN_HARD640_m2p18_m2p02_20260617\cifs\job_029_Cr_fe_-1.337_n4_generated_crystals_cif__gen_1.cif,-2.171660184860229,1,0,0,Li1 Cr2 O4,LiCr2O4,Cr,1,P1,1.934655,10.443233,6,6
job_042_Cr_fe_-0.962_n4_generated_crystals_cif__gen_3,D:\CGCNN\EARLY_LiM2O4_ALIGNN_HARD640_m2p18_m2p02_20260617\cifs\job_042_Cr_fe_-0.962_n4_generated_crystals_cif__gen_3.cif,-2.182271242141724,0,1,0,Li1 Cr2 O4,LiCr2O4,Cr,8,Cm,1.96311,10.465212,6,6
job_102_Ni_fe_-1.495_n4_generated_crystals_cif__gen_3,D:\CGCNN\EARLY_LiM2O4_ALIGNN_HARD640_m2p18_m2p02_20260617\cifs\job_102_Ni_fe_-1.495_n4_generated_crystals_cif__gen_3.cif,-1.0729703903198242,0,0,1,Li1 Ni2 O4,Li(NiO2)2,Ni,1,P1,1.868816,9.925603,6,6
job_166_Ni_fe_-0.847_n4_generated_crystals_cif__gen_1,D:\CGCNN\EARLY_LiM2O4_ALIGNN_HARD640_m2p18_m2p02_20260617\cifs\job_166_Ni_fe_-0.847_n4_generated_crystals_cif__gen_1.cif,-1.0404415130615234,0,0,1,Li1 Ni2 O4,Li(NiO2)2,Ni,1,P1,1.868059,9.952686,6,6
job_041_Ni_fe_-1.021_n4_generated_crystals_cif__gen_3,D:\CGCNN\EARLY_LiM2O4_ALIGNN_HARD640_m2p18_m2p02_20260617\cifs\job_041_Ni_fe_-1.021_n4_generated_crystals_cif__gen_3.cif,-1.04009211063385,0,0,1,Li1 Ni2 O4,Li(NiO2)2,Ni,8,Cm,1.877437,9.893349,6,6
