candidate_id,split,model_name,model_package_version,checkpoint_sha256,device,status,error_type,error_message,converged,steps,initial_energy_eV_atom,final_energy_eV_atom,max_force_eV_A,stress_GPa,initial_volume_A3,final_volume_A3,volume_change_fraction,min_interatomic_distance_A,rms_displacement_A,final_space_group_number,final_space_group_symbol,collapsed,relaxed_structure_cluster,merged_candidate_count,model_disagreement_eV_atom,wall_time_seconds,result_sha256
job_000_Ti_fe_-1.422_n4_generated_crystals_cif__gen_0,prospective,CHGNet,0.4.2,131bf40fe7fb7e0a4685589e31019fed2e757e8f4bff5e335330b9854cf9e926,cuda,DONE,,,True,3,-8.513163430350167,-8.513472420828682,0.0519372490642715,0.9937365953862485,78.50202046975818,78.56313475576361,0.0007785058988256655,1.86467740955932,0.004744475835986031,160,R3m,False,CHGNET_0001,1,0.41721315266504533,0.6174458712339401,325335ee4903c505fee39c17e6f6d3989121c5101ed6ab123f8fa95b0d25c9e4
job_000_Ti_fe_-1.422_n4_generated_crystals_cif__gen_0,prospective,MACE-MP,0.3.16,01bfe22100139f424713cf921144e5509cbe353d67aa9fa1be9c6e1e0ed35845,cuda,DONE,,,True,4,-8.09559316448127,-8.096259268163637,0.08829801964329508,0.8804739088896091,78.50202046975818,78.61741762917764,0.0014699896732455198,1.88293911164832,0.009558121484997809,160,R3m,False,MACEMP_0001,1,0.41721315266504533,2.4881562516093254,73096a411dcb469f7e0dfd6a9d176a238d7f660a0a56b498c3eac95b3ebd2b29
job_000_Ti_fe_-1.422_n4_generated_crystals_cif__gen_3,prospective,CHGNet,0.4.2,131bf40fe7fb7e0a4685589e31019fed2e757e8f4bff5e335330b9854cf9e926,cuda,DONE,,,True,6,-8.543393816266741,-8.54446792602539,0.048182106368399875,1.4586088279487013,71.16546053970528,71.48376388369024,0.004472722323034528,1.9236066408803587,0.014635782421226325,44,Imm2,False,CHGNET_0002,41,0.38783691876192883,0.342439291998744,92bf3fd0a8ff95a0d1e5f9d9d7a71c27ce06cfc48ac56dd4529d9e217a7f8ad2
job_000_Ti_fe_-1.422_n4_generated_crystals_cif__gen_3,prospective,MACE-MP,0.3.16,01bfe22100139f424713cf921144e5509cbe353d67aa9fa1be9c6e1e0ed35845,cuda,DONE,,,True,11,-8.152609054190684,-8.156631007263462,0.06609307391563864,1.3640043317763895,71.16546053970528,72.40722391984814,0.017448961486731918,1.9430526729245663,0.04138893244576043,44,Imm2,False,MACEMP_0002,41,0.38783691876192883,0.7202079072594643,9a961b5572795f5baac14886af89c1b4c17846b1b9325c207b5fbb14c6edbe0e
job_001_Ti_fe_-1.307_n4_generated_crystals_cif__gen_0,prospective,CHGNet,0.4.2,131bf40fe7fb7e0a4685589e31019fed2e757e8f4bff5e335330b9854cf9e926,cuda,DONE,,,True,3,-8.54354967389788,-8.545008523123604,0.06270505097303974,0.9661522383082876,75.88912382025059,75.70543399408362,-0.0024205026612516,1.9446041058993015,0.01053445493736285,12,C2/m,False,CHGNET_0003,9,0.4002124518829753,0.312513867393136,babf63f60fdcd722212e5de1ca729dcad1b720c8c3e4c4b765324b2adad8d971
job_001_Ti_fe_-1.307_n4_generated_crystals_cif__gen_0,prospective,MACE-MP,0.3.16,01bfe22100139f424713cf921144e5509cbe353d67aa9fa1be9c6e1e0ed35845,cuda,DONE,,,True,3,-8.143475425986878,-8.144796071240629,0.050547075680314184,0.9513147638939716,75.88912382025059,75.65889818156295,-0.003033710591163863,1.9485995683672634,0.009930173333474294,12,C2/m,False,MACEMP_0003,9,0.4002124518829753,0.24524479173123837,77ed4f3816960a09b2341c86bbf866d8a784f35fa109c98231db0c1132c6436b
job_001_Ti_fe_-1.307_n4_generated_crystals_cif__gen_1,prospective,CHGNet,0.4.2,131bf40fe7fb7e0a4685589e31019fed2e757e8f4bff5e335330b9854cf9e926,cuda,DONE,,,True,3,-8.543408530099052,-8.544675554547991,0.06467447270323134,0.7941510946781024,75.84146624988396,75.67959806252121,-0.0021342966501917138,1.9501724426843714,0.00977143638827637,12,C2/m,False,CHGNET_0003,9,0.4001270846552547,0.31291812285780907,68a47dc98258e2e73fd852a13029e48770eb201d2887a87af3d3c1c9ef8df145
job_001_Ti_fe_-1.307_n4_generated_crystals_cif__gen_1,prospective,MACE-MP,0.3.16,01bfe22100139f424713cf921144e5509cbe353d67aa9fa1be9c6e1e0ed35845,cuda,DONE,,,True,3,-8.143408110830407,-8.144548469892737,0.04825530567769567,0.897355890515521,75.84146624988396,75.63047118482967,-0.002782054138551371,1.9543039078253976,0.009252154505818138,12,C2/m,False,MACEMP_0003,9,0.4001270846552547,0.25001201778650284,515a001ed6e8c48191bf141533750c2129e72c536c991c0fde1ed632b25727c6
job_001_Ti_fe_-1.307_n4_generated_crystals_cif__gen_2,prospective,CHGNet,0.4.2,131bf40fe7fb7e0a4685589e31019fed2e757e8f4bff5e335330b9854cf9e926,cuda,DONE,,,True,5,-8.536328996930804,-8.538710457938057,0.06040013369595003,0.5317096188869114,70.70998672026707,70.36289920593738,-0.0049086066965728925,2.003824254861502,0.022055811993407812,119,I-4m2,False,CHGNET_0002,41,0.38434413954380275,0.4803202599287033,65c0b13dab0fdb7dbe49f0f7d268ca3db53d7268abc4579f773d6fd4318f5735
job_001_Ti_fe_-1.307_n4_generated_crystals_cif__gen_2,prospective,MACE-MP,0.3.16,01bfe22100139f424713cf921144e5509cbe353d67aa9fa1be9c6e1e0ed35845,cuda,DONE,,,True,5,-8.152004687452939,-8.154366318394255,0.051396972566566654,0.6917019457101348,70.70998672026707,70.22277445049231,-0.0068902893689147815,2.0027849817357573,0.021651083290752944,119,I-4m2,False,MACEMP_0002,41,0.38434413954380275,0.3752151485532522,5c5e65e39de3ac4e412a4010b21b956a2ad8f63928634e81b88af9b34d54a18e
job_001_Ti_fe_-1.307_n4_generated_crystals_cif__gen_3,prospective,CHGNet,0.4.2,131bf40fe7fb7e0a4685589e31019fed2e757e8f4bff5e335330b9854cf9e926,cuda,DONE,,,True,4,-8.485491616385323,-8.48724855695452,0.06060537948525776,0.9930290210545036,68.68392194180637,68.9317495944445,0.003608233857817611,1.883548442860906,0.014243214452978215,10,P2/m,False,CHGNET_0004,1,0.40471326923818296,0.39500761590898037,cf5abacfe7e6b32d6e5b8db2ee71fc7c56d40084a5c2ad0cbd485313c8354130
job_001_Ti_fe_-1.307_n4_generated_crystals_cif__gen_3,prospective,MACE-MP,0.3.16,01bfe22100139f424713cf921144e5509cbe353d67aa9fa1be9c6e1e0ed35845,cuda,DONE,,,True,14,-8.079921691291931,-8.082535287716338,0.0190588548755309,1.502666214237757,68.68392194180637,68.81539880975,0.0019142306412702759,1.8850197450353754,0.020632609907256617,10,P2/m,False,MACEMP_0004,1,0.40471326923818296,0.9423866346478462,1f987feb6cb8ec7c827431cc643142069b041f36099d72aa4b3e9436feff6e98
job_002_Ni_fe_-1.402_n4_generated_crystals_cif__gen_0,prospective,CHGNet,0.4.2,131bf40fe7fb7e0a4685589e31019fed2e757e8f4bff5e335330b9854cf9e926,cuda,DONE,,,True,12,-5.888599940708706,-5.893804822649274,0.07240399324349073,0.9202403332663384,69.19520815438318,67.39497196995113,-0.026016775329521402,1.8792874115224705,0.04057411948866457,12,C2/m,False,CHGNET_0005,14,1.105702610819467,0.9822325557470322,1eaad534539e9f6fd372a2e442ca909cf18638c8949383bfb9f27cc8304da6ea
job_002_Ni_fe_-1.402_n4_generated_crystals_cif__gen_0,prospective,MACE-MP,0.3.16,01bfe22100139f424713cf921144e5509cbe353d67aa9fa1be9c6e1e0ed35845,cuda,DONE,,,True,21,-4.779457078423048,-4.788102211829807,0.03654143982666981,1.5542040606535723,69.19520815438318,67.70465093164707,-0.0215413359175175,1.8825103582493152,0.0381709166891718,12,C2/m,False,MACEMP_0005,14,1.105702610819467,1.3166685365140438,deb2b43ef9fa08ddf55ca2901b042e2b802370183f4d0633165a9a49a736b2e8
job_002_Ni_fe_-1.402_n4_generated_crystals_cif__gen_3,prospective,CHGNet,0.4.2,131bf40fe7fb7e0a4685589e31019fed2e757e8f4bff5e335330b9854cf9e926,cuda,DONE,,,True,2,-5.913337162562779,-5.913517543247768,0.07627697148940772,0.899748356903125,68.96254112840101,68.91496388997102,-0.0006898997289181974,1.8785125468717268,0.002306277089316876,10,P2/m,False,CHGNET_0006,22,1.1150511918565673,0.22613310813903809,e22783ceb23c77337118f10cf3361dfd891b6bafdf8ef76f60a4a5f98484bc6f
job_002_Ni_fe_-1.402_n4_generated_crystals_cif__gen_3,prospective,MACE-MP,0.3.16,01bfe22100139f424713cf921144e5509cbe353d67aa9fa1be9c6e1e0ed35845,cuda,DONE,,,True,3,-4.797606480505455,-4.798466351391201,0.07664643899394709,0.8515261811067658,68.96254112840101,68.82790561266378,-0.0019522992270043504,1.870042950700774,0.00766037229184364,10,P2/m,False,MACEMP_0006,22,1.1150511918565673,0.24647188745439053,468a8ad3f58b858a06fe61f9c9ba3c69b9f8c85329e096277319693c35f57015
job_003_Mn_fe_-1.026_n4_generated_crystals_cif__gen_0,prospective,CHGNet,0.4.2,131bf40fe7fb7e0a4685589e31019fed2e757e8f4bff5e335330b9854cf9e926,cuda,DONE,,,True,9,-7.655138833182199,-7.660219464983259,0.08100599135026051,0.7226169263319755,77.45219533636187,77.6248094920572,0.00222865413879747,1.912791422100322,0.025729368989001154,156,P3m1,False,CHGNET_0007,1,0.8728257857558743,0.6573085598647594,e36227d15696b689a0a90d9b28d3b5d6bd655d4c932db40686999bac85d67f59
job_003_Mn_fe_-1.026_n4_generated_crystals_cif__gen_0,prospective,MACE-MP,0.3.16,01bfe22100139f424713cf921144e5509cbe353d67aa9fa1be9c6e1e0ed35845,cuda,DONE,,,True,5,-6.785576101377571,-6.787393679227384,0.09552904392354139,0.7166468901482099,77.45219533636187,77.48963875391242,0.000483439073456049,1.9315791006724126,0.013871838956804834,156,P3m1,False,MACEMP_0007,1,0.8728257857558743,0.32022700645029545,4de1d1be6e5c5d66881722f666ca1deca3914db6707ed1527bab33e364953e28
job_004_Mg_fe_-1.439_n4_generated_crystals_cif__gen_1,prospective,CHGNet,0.4.2,131bf40fe7fb7e0a4685589e31019fed2e757e8f4bff5e335330b9854cf9e926,cuda,DONE,,,True,18,-5.467862810407366,-5.487454005650112,0.06966840629610113,0.49817299045212776,74.42773181656051,72.83312923358524,-0.02142484453114102,1.9497703348239228,0.12448592185214237,160,R3m,False,CHGNET_0008,1,0.42773643370539105,1.542958039790392,95fc6bf876d341e5e46cb562732d19cce701dbc8137d4820b43becb4fc04baf5
job_004_Mg_fe_-1.439_n4_generated_crystals_cif__gen_1,prospective,MACE-MP,0.3.16,01bfe22100139f424713cf921144e5509cbe353d67aa9fa1be9c6e1e0ed35845,cuda,DONE,,,True,17,-5.031718620459976,-5.059717571944721,0.07816127609557619,0.7781719645997096,74.42773181656051,74.41785915566352,-0.00013264761206643882,1.90374431853118,0.12409832795341884,160,R3m,False,MACEMP_0008,1,0.42773643370539105,1.1145585626363754,dbbf4dc004071264bcb2b8aea3c6475f0232d409d002cd9635a2e06d6f49edc9
job_005_Al_fe_-1.478_n4_generated_crystals_cif__gen_0,prospective,CHGNet,0.4.2,131bf40fe7fb7e0a4685589e31019fed2e757e8f4bff5e335330b9854cf9e926,cuda,DONE,,,True,8,-7.018291473388672,-7.021498543875558,0.09028028752918626,0.4816523533633536,78.43992443476597,78.43900342010868,-1.174165661088633e-05,1.8119771313118616,0.02323256530028624,12,C2/m,False,CHGNET_0009,1,0.4110333540558475,0.7144156768918037,5ce1b0eb73deb5fadc42f77fa700d9a2110fc7a204d445fd0c9decce2e44bd1a
job_005_Al_fe_-1.478_n4_generated_crystals_cif__gen_0,prospective,MACE-MP,0.3.16,01bfe22100139f424713cf921144e5509cbe353d67aa9fa1be9c6e1e0ed35845,cuda,DONE,,,True,9,-6.607558442383076,-6.610465189819711,0.05771748365946908,1.1414854726353156,78.43992443476597,78.35273925459471,-0.0011114898541719764,1.8153921414116154,0.018023583047139597,12,C2/m,False,MACEMP_0009,1,0.4110333540558475,0.6088231168687344,982734a8bcf488b2322cc9a62b1fe099f04051418689cfe14dab1bcad8af4e25
job_005_Al_fe_-1.478_n4_generated_crystals_cif__gen_2,prospective,CHGNet,0.4.2,131bf40fe7fb7e0a4685589e31019fed2e757e8f4bff5e335330b9854cf9e926,cuda,DONE,,,True,15,-6.825837816510882,-6.834402356828962,0.07193373833203869,1.5474789404583924,70.3754403186317,71.72555191467407,0.019184414192360277,1.7161583074500808,0.019467019502727383,166,R-3m,False,CHGNET_0010,2,0.3730463635707473,1.2801978457719088,cd4ce2921e6f334658290651eb91931919d5531bde2c9f6e83235225ab782053
job_005_Al_fe_-1.478_n4_generated_crystals_cif__gen_2,prospective,MACE-MP,0.3.16,01bfe22100139f424713cf921144e5509cbe353d67aa9fa1be9c6e1e0ed35845,cuda,DONE,,,True,12,-6.4535829382961225,-6.4613559932582145,0.08744131647695544,0.5438372655027552,70.3754403186317,70.60284647512103,0.0032313283648346403,1.7531753718425278,0.029006655416271974,166,R-3m,False,MACEMP_0010,2,0.3730463635707473,0.7923313826322556,d84bde75c1d4c19bad1d58f30659acd36792e6153ce50fa5965c108110f83635
job_006_Mn_fe_-1.347_n4_generated_crystals_cif__gen_0,prospective,CHGNet,0.4.2,131bf40fe7fb7e0a4685589e31019fed2e757e8f4bff5e335330b9854cf9e926,cuda,DONE,,,True,9,-7.658291952950614,-7.663602556501116,0.09509952078348889,1.2325083146266285,78.06297120626716,77.38948794930454,-0.008627435601740951,1.9503212636873646,0.018803473781426237,166,R-3m,False,CHGNET_0011,1,0.8652217922567909,0.8109770659357309,c4715c406e5d71e8bd163126f126fcd628b1770c8db82f084e14e162670fd1ce
job_006_Mn_fe_-1.347_n4_generated_crystals_cif__gen_0,prospective,MACE-MP,0.3.16,01bfe22100139f424713cf921144e5509cbe353d67aa9fa1be9c6e1e0ed35845,cuda,DONE,,,True,15,-6.791212810427411,-6.7983807642443255,0.04897291790511902,1.356893180432218,78.06297120626716,76.5724013968004,-0.01909445395728282,1.9444826297101185,0.017609235947244832,166,R-3m,False,MACEMP_0011,1,0.8652217922567909,0.9487306363880634,61257c906deab97c176ea1bc91d17c55e5e590947b4ccbe0fb7df13e4940d310
job_006_Mn_fe_-1.347_n4_generated_crystals_cif__gen_1,development_calibration,CHGNet,0.4.2,131bf40fe7fb7e0a4685589e31019fed2e757e8f4bff5e335330b9854cf9e926,cuda,DONE,,,True,30,-7.682035173688616,-7.710149492536273,0.09705651689787628,0.9846094535211762,78.82760084859551,75.34375841720369,-0.04419571817342571,1.907360281394705,0.1069854551350525,1,P1,False,CHGNET_0012,15,0.8688955870808286,2.3533701319247484,7af9b0b32fe3c44f8cb2b12d7ea9874fe33492d8d07e0bd679bd884310d19903
job_006_Mn_fe_-1.347_n4_generated_crystals_cif__gen_1,development_calibration,MACE-MP,0.3.16,01bfe22100139f424713cf921144e5509cbe353d67aa9fa1be9c6e1e0ed35845,cuda,DONE,,,True,20,-6.823247602450486,-6.841253905455444,0.03199489673615288,0.9499203503632822,78.82760084859551,76.29639484573248,-0.03211065636419319,1.9321707695871384,0.0553163653574993,2,P-1,False,MACEMP_0012,15,0.8688955870808286,1.292225532233715,03ef01e54f51b87b7975ac146c51cec405632d5842d30741848a8e7b1b7842a1
job_006_Mn_fe_-1.347_n4_generated_crystals_cif__gen_2,prospective,CHGNet,0.4.2,131bf40fe7fb7e0a4685589e31019fed2e757e8f4bff5e335330b9854cf9e926,cuda,DONE,,,True,9,-7.710212707519531,-7.711910247802734,0.0863337548130783,0.4643202141650909,77.0477241917888,76.87553079740411,-0.0022348926745203723,1.9062412806713906,0.014327116668865004,1,P1,False,CHGNET_0012,15,0.8662655653077636,0.8020435161888599,440e65ae702e6fee90aa5e9c87bc61b43bf34d598ce6b0ad14b6380bd64ce071
job_006_Mn_fe_-1.347_n4_generated_crystals_cif__gen_2,prospective,MACE-MP,0.3.16,01bfe22100139f424713cf921144e5509cbe353d67aa9fa1be9c6e1e0ed35845,cuda,DONE,,,True,9,-6.843728026021168,-6.845644682494971,0.0846086331683214,0.5950243564326586,77.0477241917888,76.85272541791635,-0.002530882980879001,1.9104671953797812,0.014674494654078309,1,P1,False,MACEMP_0012,15,0.8662655653077636,0.5362600162625313,0c773f620e0b9deddce5aa0d27364906315dd339628cabd215463832ab0544a5
job_006_Mn_fe_-1.347_n4_generated_crystals_cif__gen_3,prospective,CHGNet,0.4.2,131bf40fe7fb7e0a4685589e31019fed2e757e8f4bff5e335330b9854cf9e926,cuda,DONE,,,True,2,-7.721979413713727,-7.722194671630859,0.08566126619873028,0.9039734351381573,74.97363873211631,75.01276798155922,0.000521906767560143,1.9202798529146141,0.0023732353014986603,2,P-1,False,CHGNET_0013,35,0.8684019449864389,0.19849383272230625,ddf999ab6084ab7c6efbfc69424c49ab97a1e5debd0bbcd4829fd227a0fe2629
job_006_Mn_fe_-1.347_n4_generated_crystals_cif__gen_3,prospective,MACE-MP,0.3.16,01bfe22100139f424713cf921144e5509cbe353d67aa9fa1be9c6e1e0ed35845,cuda,DONE,,,True,5,-6.852961812729812,-6.8537927266444205,0.05039357615389769,1.1551638030914122,74.97363873211631,75.23235703052316,0.0034507902081590824,1.9178649918233779,0.010305320395210106,2,P-1,False,MACEMP_0013,35,0.8684019449864389,0.3611679710447788,b6881b5fd79b7b261acaa0885c7b6a26bd01f5a3b244ce39a781beb56fe31532
job_007_Mg_fe_-1.079_n4_generated_crystals_cif__gen_0,prospective,CHGNet,0.4.2,131bf40fe7fb7e0a4685589e31019fed2e757e8f4bff5e335330b9854cf9e926,cuda,DONE,,,True,0,-5.445326668875558,-5.445326668875558,0.009657020807917362,1.4981207813536048,72.72282388637984,72.72282388637984,0.0,2.073700798946883,0.0,123,P4/mmm,False,CHGNET_0014,3,0.3621863422436684,0.0757865272462368,e29fc3b8b9fdea960d75bee5c5fe4199e864abe8822554c0b135fc13245fcdae
job_007_Mg_fe_-1.079_n4_generated_crystals_cif__gen_0,prospective,MACE-MP,0.3.16,01bfe22100139f424713cf921144e5509cbe353d67aa9fa1be9c6e1e0ed35845,cuda,DONE,,,True,7,-5.080806844769643,-5.08314032663189,0.004487620975802736,1.5270141077025117,72.72282388637984,71.52534615349832,-0.01646632609801335,2.0705345914271485,0.001356937122219395,123,P4/mmm,False,MACEMP_0014,3,0.3621863422436684,0.47442867793142796,809b6b5d2832302b6b207958dc9012fb6de89e5b4f7c5d8a1d8c56fb822aede8
job_008_Mg_fe_-1.361_n4_generated_crystals_cif__gen_1,prospective,CHGNet,0.4.2,131bf40fe7fb7e0a4685589e31019fed2e757e8f4bff5e335330b9854cf9e926,cuda,DONE,,,True,0,-5.45165034702846,-5.45165034702846,0.04503786402994334,1.2086675211551587,73.22053237909483,73.22053237909483,0.0,2.014693506317843,0.0,139,I4/mmm,False,CHGNET_0015,8,0.36490631900703274,0.07215911336243153,ee3f298714b0967e49ce72c5ce70b51a9699a0fe15f3bbe879cfc3c5ce28e5f3
job_008_Mg_fe_-1.361_n4_generated_crystals_cif__gen_1,prospective,MACE-MP,0.3.16,01bfe22100139f424713cf921144e5509cbe353d67aa9fa1be9c6e1e0ed35845,cuda,DONE,,,True,5,-5.085759299079682,-5.086744028021427,0.03708160021941197,1.512354387396104,73.22053237909483,72.6778351536322,-0.007411817530263876,1.9977612666809907,0.006413031601870437,139,I4/mmm,False,MACEMP_0015,8,0.36490631900703274,0.3323531150817871,b2a86a8d6e839639cc3c4a3126e01475bd4ab7b59c586663d1f8a1b3bcac5850
job_009_Ti_fe_-1.009_n4_generated_crystals_cif__gen_1,prospective,CHGNet,0.4.2,131bf40fe7fb7e0a4685589e31019fed2e757e8f4bff5e335330b9854cf9e926,cuda,DONE,,,True,0,-8.531644003731865,-8.531644003731865,0.08910088340557468,0.810925321513144,76.66601071586938,76.66601071586938,0.0,1.9898429670577942,0.0,10,P2/m,False,CHGNET_0016,11,0.4091786797425794,0.06726199388504028,aa9716541192f737ebe740d4d7a45ca0fe24a339650bfa6c11ad3bfa52e1c057
job_009_Ti_fe_-1.009_n4_generated_crystals_cif__gen_1,prospective,MACE-MP,0.3.16,01bfe22100139f424713cf921144e5509cbe353d67aa9fa1be9c6e1e0ed35845,cuda,DONE,,,True,1,-8.122403591689329,-8.122465323989285,0.07217419202660248,1.3456525169116267,76.66601071586938,76.64260304456852,-0.00030532006403216627,1.9896649168701683,0.0006215899124139864,10,P2/m,False,MACEMP_0016,11,0.4091786797425794,0.1089346595108509,42b854a0659af4a6ceb60de0c2f291b72cbb4ffa9f04c3bc0a5fd5e8c73d1637
job_009_Ti_fe_-1.009_n4_generated_crystals_cif__gen_3,prospective,CHGNet,0.4.2,131bf40fe7fb7e0a4685589e31019fed2e757e8f4bff5e335330b9854cf9e926,cuda,DONE,,,True,6,-8.36944307599749,-8.370831625802177,0.06568782180706692,0.37644625649275304,78.54927978351373,79.26109235766377,0.009061987278710104,1.829369303429707,0.013688693015842203,187,P-6m2,False,CHGNET_0017,1,0.40276422057682204,0.5242800880223513,d5f98dfd28ff4096d7c4cfb1d5c6d36aa505bc0907660828e3268242503e3fa7
job_009_Ti_fe_-1.009_n4_generated_crystals_cif__gen_3,prospective,MACE-MP,0.3.16,01bfe22100139f424713cf921144e5509cbe353d67aa9fa1be9c6e1e0ed35845,cuda,DONE,,,True,9,-7.966161598325032,-7.968067405225355,0.09736773604345297,0.4757112286817465,78.54927978351373,78.75193062643125,0.002579919809271747,1.8269352260729974,0.02059590221452179,187,P-6m2,False,MACEMP_0017,1,0.40276422057682204,0.6020320393145084,c54a9ffa72d5c6f4477339f9ec429e6bdd4eb142849d86a91362698f09b01e60
job_010_Al_fe_-1.346_n4_generated_crystals_cif__gen_0,prospective,CHGNet,0.4.2,131bf40fe7fb7e0a4685589e31019fed2e757e8f4bff5e335330b9854cf9e926,cuda,DONE,,,True,10,-7.037203107561384,-7.040506090436663,0.06798517794471813,1.4544409734075165,62.346788637348304,63.45659073694072,0.017800469340093494,1.865931117268918,0.027877756110807946,44,Imm2,False,CHGNET_0018,9,0.40179411910794816,0.9005244448781013,f1d403ad0bedeedd415ca4a628c1fd0c3f86f3c30156d2c14fcd1b3d9b27be6a
job_010_Al_fe_-1.346_n4_generated_crystals_cif__gen_0,prospective,MACE-MP,0.3.16,01bfe22100139f424713cf921144e5509cbe353d67aa9fa1be9c6e1e0ed35845,cuda,DONE,,,True,3,-6.637549920750275,-6.638711971328715,0.09947976657445085,1.5735644712797237,62.346788637348304,62.54144298813298,0.003122123128376675,1.8691870393316943,0.008102091656428057,44,Imm2,False,MACEMP_0018,9,0.40179411910794816,0.23915005661547184,07c0059ed757db0dc2f57e86e5224e4fb82ceb854bb6b1dfcb5aa87d1c757d1b
job_010_Al_fe_-1.346_n4_generated_crystals_cif__gen_2,prospective,CHGNet,0.4.2,131bf40fe7fb7e0a4685589e31019fed2e757e8f4bff5e335330b9854cf9e926,cuda,DONE,,,True,13,-7.021320343017578,-7.024762834821429,0.07486595284604078,1.404732757494995,69.6359367568145,69.91602481603378,0.004022176942882538,1.8693687057225405,0.020786993220747,12,C2/m,False,CHGNET_0019,8,0.3860040554075068,1.0531074404716492,d98ad74bb917d6fa5f7ce219c4108f38f17fcecc557ba78027d8a1ab2ad1d40b
job_010_Al_fe_-1.346_n4_generated_crystals_cif__gen_2,prospective,MACE-MP,0.3.16,01bfe22100139f424713cf921144e5509cbe353d67aa9fa1be9c6e1e0ed35845,cuda,DONE,,,True,8,-6.636660952830321,-6.638758779413922,0.0954653380940298,1.4302700563018582,69.6359367568145,69.35184039232072,-0.00407973781534543,1.8728200338624088,0.015496235915333775,12,C2/m,False,MACEMP_0019,8,0.3860040554075068,0.5213592499494553,002b64f78f6d5b7a88de1761db29e55eb29b9cbbd0f08b1cbca805c1069fb402
job_010_Al_fe_-1.346_n4_generated_crystals_cif__gen_3,prospective,CHGNet,0.4.2,131bf40fe7fb7e0a4685589e31019fed2e757e8f4bff5e335330b9854cf9e926,cuda,DONE,,,True,13,-7.021319253104074,-7.025087084089007,0.08426291534279716,1.4208801349484128,69.08915858818196,69.61529848384902,0.007615375645305011,1.8697272922639272,0.021763944175540072,12,C2/m,False,CHGNET_0019,8,0.384712939454249,1.1276694554835558,0775aae9a87fec86c2b2a47aecbcd5e95f4046894d8b20276c26429d1e14eb4b
job_010_Al_fe_-1.346_n4_generated_crystals_cif__gen_3,prospective,MACE-MP,0.3.16,01bfe22100139f424713cf921144e5509cbe353d67aa9fa1be9c6e1e0ed35845,cuda,DONE,,,True,9,-6.637802519753988,-6.640374144634758,0.0860344482213724,0.9580813198351343,69.08915858818196,69.00076130098792,-0.0012794668367717144,1.8740142621939946,0.03282034098440549,12,C2/m,False,MACEMP_0019,8,0.384712939454249,0.5997075214982033,0dcbf3f8fb59ccd262db2753313124e5f76cc7d68c10f4579bffe79bedbd292c
job_011_Mg_fe_-1.305_n4_generated_crystals_cif__gen_0,development_calibration,CHGNet,0.4.2,131bf40fe7fb7e0a4685589e31019fed2e757e8f4bff5e335330b9854cf9e926,cuda,DONE,,,True,14,-5.452515738351004,-5.4600982666015625,0.08383186485279583,1.1429377900728186,76.21996764978414,77.54625895192055,0.017400837904188782,2.030740090439477,0.05184626494315133,119,I-4m2,False,CHGNET_0020,15,0.39571414584817965,1.1952773295342922,b6b2175d06ccf31f14043c0e2dd8482ff8689edecd081aea11bdcd8eae345169
job_011_Mg_fe_-1.305_n4_generated_crystals_cif__gen_0,development_calibration,MACE-MP,0.3.16,01bfe22100139f424713cf921144e5509cbe353d67aa9fa1be9c6e1e0ed35845,cuda,DONE,,,True,4,-5.063712388583192,-5.064384120753383,0.058889290790042445,1.4199739749878784,76.21996764978414,76.06483642509363,-0.002035309505814875,2.0305606353589836,0.005362605489922359,119,I-4m2,False,MACEMP_0020,15,0.39571414584817965,0.28370469249784946,42468220146c36d04c66741dc1686a9c3ad18554bdcc84dd40aa4d427a427559
job_011_Mg_fe_-1.305_n4_generated_crystals_cif__gen_2,prospective,CHGNet,0.4.2,131bf40fe7fb7e0a4685589e31019fed2e757e8f4bff5e335330b9854cf9e926,cuda,DONE,,,True,15,-5.4516160147530695,-5.461197444370815,0.07292623936980556,1.2828033158743644,77.17633384665369,77.46198768590956,0.0037013139264097106,2.033876509064546,0.06997766145432523,119,I-4m2,False,CHGNET_0020,15,0.394811254066628,1.09692363999784,edab280ecb81c42c767ca5db4f8cd0b854202d8375d5697ebc749470a9f0e761
job_011_Mg_fe_-1.305_n4_generated_crystals_cif__gen_2,prospective,MACE-MP,0.3.16,01bfe22100139f424713cf921144e5509cbe353d67aa9fa1be9c6e1e0ed35845,cuda,DONE,,,True,12,-5.0622418808422625,-5.066386190304187,0.02810428503847693,1.2973340482760332,77.17633384665369,75.07016259643792,-0.027290377052642145,2.0240847130688326,0.010191588745049935,119,I-4m2,False,MACEMP_0020,15,0.394811254066628,0.8063284251838923,39069d7b8a66cf52194e7393df1a39526a01bc25703fe888bd5233806ec837b2
job_012_Cr_fe_-1.495_n4_generated_crystals_cif__gen_0,prospective,CHGNet,0.4.2,131bf40fe7fb7e0a4685589e31019fed2e757e8f4bff5e335330b9854cf9e926,cuda,DONE,,,True,10,-8.066543579101562,-8.068981170654297,0.09490882586925775,0.7024918679952827,78.94321470368986,78.9866112849955,0.000549718952648881,1.8844750059170468,0.027571758972389004,6,Pm,False,CHGNET_0021,1,0.9797574228890102,0.4724260214716196,47ee96a82fbaef97e348b40c0113b1adb15aeaaee397bdc8573cc707a152dd9f
job_012_Cr_fe_-1.495_n4_generated_crystals_cif__gen_0,prospective,MACE-MP,0.3.16,01bfe22100139f424713cf921144e5509cbe353d67aa9fa1be9c6e1e0ed35845,cuda,DONE,,,True,8,-7.085292558690746,-7.089223747765287,0.08414875893158065,1.0985788096816762,78.94321470368986,79.14413289929186,0.002545097718102074,1.8806240847003568,0.03966281133993163,6,Pm,False,MACEMP_0021,1,0.9797574228890102,0.23621421679854393,bb1b42b2299f160c3180d0a1292db93602e16c48a109247d0a7ff12011be5621
job_012_Cr_fe_-1.495_n4_generated_crystals_cif__gen_3,prospective,CHGNet,0.4.2,131bf40fe7fb7e0a4685589e31019fed2e757e8f4bff5e335330b9854cf9e926,cuda,DONE,,,True,11,-8.030440194266182,-8.034891401018415,0.034100590577729656,0.09704373753093526,68.81247229875096,70.77902317582515,0.028578407538336403,1.9173109616217052,0.052334548817473174,119,I-4m2,False,CHGNET_0022,15,0.9576311121582535,0.6494668759405613,9af979c3c0ca7592287e617be6434d8e1a5e511198337807cd83f7090c5951bf
job_012_Cr_fe_-1.495_n4_generated_crystals_cif__gen_3,prospective,MACE-MP,0.3.16,01bfe22100139f424713cf921144e5509cbe353d67aa9fa1be9c6e1e0ed35845,cuda,DONE,,,True,5,-7.075994909120425,-7.0772602888601615,0.09349068662387534,1.1590132312689447,68.81247229875096,69.06066745157334,0.003606833827228817,1.9686132059425772,0.01383962859207325,119,I-4m2,False,MACEMP_0022,15,0.9576311121582535,0.34141287766397,ebf5816d913a1901bb5391dd7d10955207a0124cf0817a42f3b00f539482b7cc
job_013_Cr_fe_-1.388_n4_generated_crystals_cif__gen_0,prospective,CHGNet,0.4.2,131bf40fe7fb7e0a4685589e31019fed2e757e8f4bff5e335330b9854cf9e926,cuda,DONE,,,True,4,-8.081148420061384,-8.08183833530971,0.06002844998038532,0.3554246065774284,75.03409698602297,74.86907921513385,-0.002199237113759911,1.9433477388159717,0.009278265587604214,10,P2/m,False,CHGNET_0023,20,0.9787143632350679,0.36383060179650784,7d3f5cb473ad9438ea9dd765f058b08308ecb32f0a96adbeaa423a5c443fb2af
job_013_Cr_fe_-1.388_n4_generated_crystals_cif__gen_0,prospective,MACE-MP,0.3.16,01bfe22100139f424713cf921144e5509cbe353d67aa9fa1be9c6e1e0ed35845,cuda,DONE,,,True,6,-7.10197675177167,-7.103123972074642,0.09280828345870415,1.0569661864514999,75.03409698602297,74.83490234755921,-0.002654721606110244,1.9347646107352858,0.012624681842264058,10,P2/m,False,MACEMP_0023,20,0.9787143632350679,0.4079623632133007,a92742872f0842d83247f30029c11514d89f8b006a23e815b53c6e394a856fc6
job_013_Cr_fe_-1.388_n4_generated_crystals_cif__gen_1,prospective,CHGNet,0.4.2,131bf40fe7fb7e0a4685589e31019fed2e757e8f4bff5e335330b9854cf9e926,cuda,DONE,,,True,6,-8.08102525983538,-8.083654131208148,0.09754686109873474,0.5874882465985076,74.31175378826751,73.97513797569772,-0.004529778876285029,1.9587188773306217,0.01985331319679381,12,C2/m,False,CHGNET_0024,12,0.9723662733263874,0.528650900349021,2cae97dea41ad9e1bfcb416c9ea20b6103dc762fb4115d2c5b87c761dbb9c62a
job_013_Cr_fe_-1.388_n4_generated_crystals_cif__gen_1,prospective,MACE-MP,0.3.16,01bfe22100139f424713cf921144e5509cbe353d67aa9fa1be9c6e1e0ed35845,cuda,DONE,,,True,3,-7.108860960924398,-7.11128785788176,0.08995130160585593,1.3534508372305436,74.31175378826751,73.99595504220066,-0.004249647329904738,1.9637163308674328,0.012967329772818748,12,C2/m,False,MACEMP_0024,12,0.9723662733263874,0.20304079726338387,8cdc17951f69feeb427c77d6bdc45b5cd436a05311d955ac18c5fc47ecae15c1
job_013_Cr_fe_-1.388_n4_generated_crystals_cif__gen_2,prospective,CHGNet,0.4.2,131bf40fe7fb7e0a4685589e31019fed2e757e8f4bff5e335330b9854cf9e926,cuda,DONE,,,True,10,-8.030865805489677,-8.033306121826172,0.07093144287383589,0.7939309289407575,70.35173309364464,70.33037819685339,-0.000303544715278381,1.7744301839727257,0.01991923124452708,8,Cm,False,CHGNET_0025,12,0.9578240587644569,0.8453100323677063,10389f3e09ec314fee9460d90bce54493d03e50220ddc7062898357971f97967
job_013_Cr_fe_-1.388_n4_generated_crystals_cif__gen_2,prospective,MACE-MP,0.3.16,01bfe22100139f424713cf921144e5509cbe353d67aa9fa1be9c6e1e0ed35845,cuda,DONE,,,True,15,-7.068798316063912,-7.075482063061715,0.09029205597519274,0.7547098745117562,70.35173309364464,69.39605042529698,-0.013584351462608057,1.8402545279003992,0.04697738612056894,8,Cm,False,MACEMP_0025,12,0.9578240587644569,0.9420962333679199,41e491e06f10d1a4dc163cf7181e408bab233e5b5e566578a8b283141ac2e1fb
job_013_Cr_fe_-1.388_n4_generated_crystals_cif__gen_3,prospective,CHGNet,0.4.2,131bf40fe7fb7e0a4685589e31019fed2e757e8f4bff5e335330b9854cf9e926,cuda,DONE,,,True,3,-8.080926077706474,-8.08136967250279,0.06388465511614679,0.8533326296909657,75.54992529116535,75.3986100235932,-0.002002851319693355,1.9332769598604655,0.005019471081579343,10,P2/m,False,CHGNET_0023,20,0.9778616251516707,0.27973546646535397,6c00936f14828fca965572939e12999fba9363fae35b88fc27df7442ad3380d9
job_013_Cr_fe_-1.388_n4_generated_crystals_cif__gen_3,prospective,MACE-MP,0.3.16,01bfe22100139f424713cf921144e5509cbe353d67aa9fa1be9c6e1e0ed35845,cuda,DONE,,,True,7,-7.102041525374793,-7.103508047351119,0.0977500655428751,0.7108126718491063,75.54992529116535,75.25944703295828,-0.0038448516935998267,1.9199820404043177,0.013726287954544286,10,P2/m,False,MACEMP_0023,20,0.9778616251516707,0.4457689691334963,e9764907c79f7176dff46bfd87b573aada768261adae4d2f5f8ba5d73f64d150
job_014_Al_fe_-1.262_n4_generated_crystals_cif__gen_1,prospective,CHGNet,0.4.2,131bf40fe7fb7e0a4685589e31019fed2e757e8f4bff5e335330b9854cf9e926,cuda,DONE,,,True,14,-7.027381896972656,-7.0389524187360495,0.0671934986040645,0.990840046898726,61.38447913013637,64.11886175491613,0.044545179229798615,1.8981620221266668,0.034679909025708375,119,I-4m2,False,CHGNET_0018,9,0.40244197868454545,1.1977550107985735,fa0a13408be36ca5f9c81dc9c6c9507b07bd5cafe59ac7ce4bc838dbde0856ed
job_014_Al_fe_-1.262_n4_generated_crystals_cif__gen_1,prospective,MACE-MP,0.3.16,01bfe22100139f424713cf921144e5509cbe353d67aa9fa1be9c6e1e0ed35845,cuda,DONE,,,True,20,-6.628874641617522,-6.636510440051504,0.01955230171726477,1.033746175781103,61.38447913013637,62.8733669631781,0.024255118788012453,1.880484658930214,0.006680616196238767,119,I-4m2,False,MACEMP_0018,9,0.40244197868454545,1.279728339985013,b356811ff587bbe94d61f6920b321a3e41b62d866fc7fa549c83caff2112d28f
job_015_Ni_fe_-1.349_n4_generated_crystals_cif__gen_0,prospective,CHGNet,0.4.2,131bf40fe7fb7e0a4685589e31019fed2e757e8f4bff5e335330b9854cf9e926,cuda,DONE,,,True,5,-5.892914908272879,-5.894733973911831,0.06726537903746406,1.447480721978041,70.36181249708817,70.06775463308087,-0.004179225258295727,1.872608943748768,0.017180385804341218,2,P-1,False,CHGNET_0005,14,1.1095493274890327,0.4438310880213976,57f2e1bf92d8b5238bab68527dfaca653a67519ab844de6d03ed578b7c65ff26
job_015_Ni_fe_-1.349_n4_generated_crystals_cif__gen_0,prospective,MACE-MP,0.3.16,01bfe22100139f424713cf921144e5509cbe353d67aa9fa1be9c6e1e0ed35845,cuda,DONE,,,True,4,-4.783061563620956,-4.785184646422798,0.08185473826584348,1.4746248566320301,70.36181249708817,70.03636964552813,-0.0046252766949900215,1.8682343662554057,0.015071636689869357,2,P-1,False,MACEMP_0005,14,1.1095493274890327,0.27848613262176514,58205a39f99708f5ab329fd16ed50fcbdd7f61dfafbb6360cd17d1cd21e9037b
job_015_Ni_fe_-1.349_n4_generated_crystals_cif__gen_1,prospective,CHGNet,0.4.2,131bf40fe7fb7e0a4685589e31019fed2e757e8f4bff5e335330b9854cf9e926,cuda,DONE,,,True,4,-5.911617279052734,-5.912819453648159,0.08220724388880787,1.2303118051474107,69.05869896086796,69.10541340297027,0.0006764454414176502,1.8668792187431869,0.012113474011262847,2,P-1,False,CHGNET_0006,22,1.1170880217589234,0.359171099960804,4de902165453264cfd3847ec19ad0c699bfc51bef4406a1c1360b37b1dfce09d
job_015_Ni_fe_-1.349_n4_generated_crystals_cif__gen_1,prospective,MACE-MP,0.3.16,01bfe22100139f424713cf921144e5509cbe353d67aa9fa1be9c6e1e0ed35845,cuda,DONE,,,True,4,-4.794749939398764,-4.7957314318892355,0.09695053010180231,0.9310551139398657,69.05869896086796,69.00561667632287,-0.0007686545698633029,1.8590455593150361,0.010633767038591086,2,P-1,False,MACEMP_0006,22,1.1170880217589234,0.2773670945316553,6c2a62a63fa0463d6ddda0d9c89e5d47793cd6c0689224ddd40aa959a250cd44
job_015_Ni_fe_-1.349_n4_generated_crystals_cif__gen_2,prospective,CHGNet,0.4.2,131bf40fe7fb7e0a4685589e31019fed2e757e8f4bff5e335330b9854cf9e926,cuda,DONE,,,True,17,-5.8962587629045755,-5.902560097830636,0.06761115639261231,1.2096533055968866,68.8827381106172,68.89285792761603,0.00014691368659858206,1.858826998359241,0.028627308921012923,2,P-1,False,CHGNET_0026,30,1.1070435591022365,1.4099116940051317,4a8f73f507471eb0412438d753d1e2f2efb03603e5642da0f6de9526c35650e1
job_015_Ni_fe_-1.349_n4_generated_crystals_cif__gen_2,prospective,MACE-MP,0.3.16,01bfe22100139f424713cf921144e5509cbe353d67aa9fa1be9c6e1e0ed35845,cuda,DONE,,,True,3,-4.794606934493075,-4.7955165387284,0.07035389005097473,0.8519433896036812,68.8827381106172,68.9513266103511,0.000995728416367081,1.8448094302516216,0.007986050700891211,2,P-1,False,MACEMP_0026,30,1.1070435591022365,0.19597845897078514,3eb3e99e91d0b7b5df4635edc505018e8386b4d7ab375ad5f5d8947c2c872af5
job_015_Ni_fe_-1.349_n4_generated_crystals_cif__gen_3,prospective,CHGNet,0.4.2,131bf40fe7fb7e0a4685589e31019fed2e757e8f4bff5e335330b9854cf9e926,cuda,DONE,,,True,11,-5.896887098039899,-5.901765005929129,0.0631802834433068,1.365177830364334,70.06543225275928,67.84012783804869,-0.03176037516878316,1.8733917246983138,0.03369561188749071,12,C2/m,False,CHGNET_0026,30,1.1049525301301477,0.9333007819950581,a2d326b0dce6343c422ff34eedd823d1e34648ea9b9671b0c86f53f44c2ab565
job_015_Ni_fe_-1.349_n4_generated_crystals_cif__gen_3,prospective,MACE-MP,0.3.16,01bfe22100139f424713cf921144e5509cbe353d67aa9fa1be9c6e1e0ed35845,cuda,DONE,,,True,10,-4.79009277965204,-4.796812475798982,0.09968040732518967,1.2378495172065929,70.06543225275928,67.60784828842375,-0.03507555559594433,1.8762060030680685,0.032521500541468906,12,C2/m,False,MACEMP_0026,30,1.1049525301301477,0.6422626711428165,42adf9ca35a6d635e62218976a1cc2e8c2f7589bdc8b10d6dff09213d2d58f8a
job_016_Cr_fe_-1.264_n4_generated_crystals_cif__gen_1,prospective,CHGNet,0.4.2,131bf40fe7fb7e0a4685589e31019fed2e757e8f4bff5e335330b9854cf9e926,cuda,DONE,,,True,4,-8.081008911132812,-8.081897735595703,0.0681986366796393,0.18271879829484655,74.69471154735858,74.64307816246551,-0.0006912589100813715,1.9344905210951966,0.011186998052577833,10,P2/m,False,CHGNET_0023,20,0.9781829201102541,0.35816484317183495,f8a4dedf252b60dd7d0c41356b881329f228a66609bf9c2b325509a1cf424339
job_016_Cr_fe_-1.264_n4_generated_crystals_cif__gen_1,prospective,MACE-MP,0.3.16,01bfe22100139f424713cf921144e5509cbe353d67aa9fa1be9c6e1e0ed35845,cuda,DONE,,,True,7,-7.101679670625364,-7.103714815485449,0.09529283807033437,0.8014537031537801,74.69471154735858,74.62137526166268,-0.0009818136274534206,1.9144392509704042,0.028645826214473667,10,P2/m,False,MACEMP_0023,20,0.9781829201102541,0.44374593533575535,2cabd2e77ea6165cc71aaa9c6e5d625a3bf235c159d3d3670d353bbbc94b9702
job_016_Cr_fe_-1.264_n4_generated_crystals_cif__gen_2,prospective,CHGNet,0.4.2,131bf40fe7fb7e0a4685589e31019fed2e757e8f4bff5e335330b9854cf9e926,cuda,DONE,,,True,2,-8.031958443777901,-8.032071794782366,0.09143272223820267,1.2565336862188,70.02955109705083,70.07205201577993,0.0006068997739283599,1.947699697460218,0.0015481487125741295,44,Imm2,False,CHGNET_0022,15,0.9535605280867889,0.20734559372067451,dd8eb136e99d969c01a9b4a34279a046d4aad73e0b8e5dd8da9c5e87cedb50d3
job_016_Cr_fe_-1.264_n4_generated_crystals_cif__gen_2,prospective,MACE-MP,0.3.16,01bfe22100139f424713cf921144e5509cbe353d67aa9fa1be9c6e1e0ed35845,cuda,DONE,,,True,4,-7.0777020787913925,-7.078511266695577,0.06581839135126603,1.1572225546236414,70.02955109705083,69.99790187814565,-0.00045194090793632125,1.9528846714574466,0.009382527319427465,44,Imm2,False,MACEMP_0022,15,0.9535605280867889,0.2573489844799042,791ad111a0fa2ca42edfe2b236fe3bdce6ce72b9f25f695ea323bdfe8ada0a99
job_016_Cr_fe_-1.264_n4_generated_crystals_cif__gen_3,prospective,CHGNet,0.4.2,131bf40fe7fb7e0a4685589e31019fed2e757e8f4bff5e335330b9854cf9e926,cuda,DONE,,,True,3,-8.070213317871094,-8.070836203438896,0.08909007604546045,0.5801594357849305,73.11810494572018,73.21690694449141,0.0013512658574039715,1.9433839488652875,0.006747570971472243,12,C2/m,False,CHGNET_0027,14,0.9774272616362252,0.2966317515820265,afe0a5888299d465455bf74eba5533c7ea0ad0497275d2b6dfc8bee26594b271
job_016_Cr_fe_-1.264_n4_generated_crystals_cif__gen_3,prospective,MACE-MP,0.3.16,01bfe22100139f424713cf921144e5509cbe353d67aa9fa1be9c6e1e0ed35845,cuda,DONE,,,True,2,-7.093002578053155,-7.093408941802671,0.09585760732703812,0.8649540877742925,73.11810494572018,73.11201340535509,-8.331097160696466e-05,1.9432271059084023,0.003768563783483463,12,C2/m,False,MACEMP_0027,14,0.9774272616362252,0.1628902554512024,c3353c78a19d2ad7b040a3150b32fd19669ccb5b18283295959f6e4d68ffe37f
job_017_Mn_fe_-1.234_n4_generated_crystals_cif__gen_0,prospective,CHGNet,0.4.2,131bf40fe7fb7e0a4685589e31019fed2e757e8f4bff5e335330b9854cf9e926,cuda,DONE,,,True,2,-7.722018105643136,-7.722322736467634,0.09724921083835576,1.0081274964064872,74.94891463999043,75.01645796080943,0.0009011914467800253,1.918599913375884,0.0028964430671678592,2,P-1,False,CHGNET_0013,35,0.8683384128920331,0.2016469854861498,119a8fe73cdf896a0fd945fa443347854e01f6cace23712d1793e2c70d0e993a
job_017_Mn_fe_-1.234_n4_generated_crystals_cif__gen_0,prospective,MACE-MP,0.3.16,01bfe22100139f424713cf921144e5509cbe353d67aa9fa1be9c6e1e0ed35845,cuda,DONE,,,True,4,-6.853228733721468,-6.853984323575601,0.042756778024669796,1.3260254328519478,74.94891463999043,75.21429793645748,0.0035408557647804706,1.9155072832075175,0.008133621290753923,2,P-1,False,MACEMP_0013,35,0.8683384128920331,0.2695776931941509,9eee29ab9210a315871e8e0848f0350c1bf03aa90f0d308e8c14164ecd3dd83e
job_017_Mn_fe_-1.234_n4_generated_crystals_cif__gen_1,prospective,CHGNet,0.4.2,131bf40fe7fb7e0a4685589e31019fed2e757e8f4bff5e335330b9854cf9e926,cuda,DONE,,,True,10,-7.693503243582589,-7.697024209158761,0.08334950469948073,0.9986425385887527,73.3694893557062,74.26927549846728,0.012263764552030487,1.9187771596995726,0.020855963003375336,1,P1,False,CHGNET_0028,9,0.8686215463089706,0.8341331575065851,861bb15a8a22a21ed6e971b261efab9f12656c5ac2393fba7268e08e63d55dd6
job_017_Mn_fe_-1.234_n4_generated_crystals_cif__gen_1,prospective,MACE-MP,0.3.16,01bfe22100139f424713cf921144e5509cbe353d67aa9fa1be9c6e1e0ed35845,cuda,DONE,,,True,12,-6.8240806399810845,-6.828402662849791,0.09468980730582478,0.7421091862252606,73.3694893557062,74.50142364126398,0.0154278610291263,1.9133070878203475,0.02460201917964828,1,P1,False,MACEMP_0028,9,0.8686215463089706,0.7706239521503448,b191f18e3773f3f02a691169f12d61dd7b2901d0268a90b1cf549451fd95259c
job_017_Mn_fe_-1.234_n4_generated_crystals_cif__gen_2,prospective,CHGNet,0.4.2,131bf40fe7fb7e0a4685589e31019fed2e757e8f4bff5e335330b9854cf9e926,cuda,DONE,,,True,13,-7.65644291469029,-7.669094085693359,0.07255214246044167,1.2249012190959057,69.74885663587473,69.4569950248512,-0.00418446445003684,1.930586291590194,0.03487305688668117,10,P2/m,False,CHGNET_0029,1,0.8773969563613582,1.1951466407626867,287c46a663e74da19a7e3742088f2a562cc1a38a11e41f65703b086a7c866016
job_017_Mn_fe_-1.234_n4_generated_crystals_cif__gen_2,prospective,MACE-MP,0.3.16,01bfe22100139f424713cf921144e5509cbe353d67aa9fa1be9c6e1e0ed35845,cuda,DONE,,,True,11,-6.7875343620413275,-6.791697129332001,0.0557499130096678,1.5336253880796442,69.74885663587473,69.3352886932071,-0.0059293866969987175,1.9291025324471969,0.023133022523453072,10,P2/m,False,MACEMP_0029,3,0.8773969563613582,0.6556676682084799,aec4bdb2763cef0d7c93f35349596005a8c2d56fcef25986a5e543c22b9f7b5f
job_017_Mn_fe_-1.234_n4_generated_crystals_cif__gen_3,prospective,CHGNet,0.4.2,131bf40fe7fb7e0a4685589e31019fed2e757e8f4bff5e335330b9854cf9e926,cuda,DONE,,,True,4,-7.672154017857143,-7.673829759870257,0.07648939201014628,1.3366119414529234,70.39245956847022,70.72157578112419,0.004675446982127962,1.8986429694062033,0.013024044760291736,1,P1,False,CHGNET_0030,7,0.8764814340103904,0.3502157926559448,8da20b9f28c7738711986b468cb9933d955dafda8b4c81bebd2a544579a1a427
job_017_Mn_fe_-1.234_n4_generated_crystals_cif__gen_3,prospective,MACE-MP,0.3.16,01bfe22100139f424713cf921144e5509cbe353d67aa9fa1be9c6e1e0ed35845,cuda,DONE,,,True,9,-6.794884241217424,-6.797348325859867,0.09581074877809925,1.1836230411105784,70.39245956847022,70.86287699857431,0.006682781550579664,1.8957447418961553,0.02072600700579657,1,P1,False,MACEMP_0030,7,0.8764814340103904,0.5459337588399649,030032a2d7d3a1aac40bcbbe7ea6869bbc7d6c0bb432db94851659f306a4cdbc
job_018_Co_fe_-0.907_n4_generated_crystals_cif__gen_0,prospective,CHGNet,0.4.2,131bf40fe7fb7e0a4685589e31019fed2e757e8f4bff5e335330b9854cf9e926,cuda,DONE,,,True,4,-6.538302285330636,-6.541190011160714,0.06909105576568347,1.2557452377226084,69.24598986402619,68.68892007594825,-0.0080447949285124,1.8928166342781136,0.016841115150865713,12,C2/m,False,CHGNET_0031,25,0.8433072721648047,0.34752303175628185,4e3333961878441a5bb6d9f8324524a7abefe9943430f2fe8cf49b3a9be5b8e9
job_018_Co_fe_-0.907_n4_generated_crystals_cif__gen_0,prospective,MACE-MP,0.3.16,01bfe22100139f424713cf921144e5509cbe353d67aa9fa1be9c6e1e0ed35845,cuda,DONE,,,True,9,-5.694940751775057,-5.69788273899591,0.09128466709835147,1.2368747449443975,69.24598986402619,68.384025930657,-0.012447853443380064,1.893045730274733,0.016875815992100505,12,C2/m,False,MACEMP_0031,25,0.8433072721648047,0.5635311305522919,4b732404d1cbd4222b2f35e824d164ff16254cd701c4eef68ffc866aecf8b560
job_018_Co_fe_-0.907_n4_generated_crystals_cif__gen_3,prospective,CHGNet,0.4.2,131bf40fe7fb7e0a4685589e31019fed2e757e8f4bff5e335330b9854cf9e926,cuda,DONE,,,True,16,-6.501731872558594,-6.517456599644253,0.07954054603339654,1.4807485035017698,69.3931541114745,67.66781673053733,-0.024863221783600786,1.8791236924996153,0.0375977865641143,164,P-3m1,False,CHGNET_0032,1,0.8723192266733042,0.9944918528199196,bf90d4d8bccb6ce4031d6c4c414ed37cda4bd0c8525fddd308057a2ddc00721a
job_018_Co_fe_-0.907_n4_generated_crystals_cif__gen_3,prospective,MACE-MP,0.3.16,01bfe22100139f424713cf921144e5509cbe353d67aa9fa1be9c6e1e0ed35845,cuda,DONE,,,True,12,-5.639813779819225,-5.645137372970948,0.0757689065774135,0.26185627291137537,69.3931541114745,67.23220057328264,-0.031140730895737434,1.8753566797471364,0.04322710980330007,164,P-3m1,False,MACEMP_0032,1,0.8723192266733042,0.6625632587820292,504e9054ab459d81226431d8f0f78b3869bac7a914b0a865df76414cc6ee1e17
job_019_Mg_fe_-1.315_n4_generated_crystals_cif__gen_0,prospective,CHGNet,0.4.2,131bf40fe7fb7e0a4685589e31019fed2e757e8f4bff5e335330b9854cf9e926,cuda,DONE,,,True,40,-5.349021366664341,-5.404059273856027,0.05355923923147799,1.048998046245498,83.89070003042943,89.65699015666502,0.06873574930408255,1.6232383349325714,0.06922977000889605,2,P-1,False,CHGNET_0033,1,0.14954260165291,3.3328596521168947,b12153368414ab8b6f71f21f2e70bf2be76c2939da65376140ef31311bedcee2
job_019_Mg_fe_-1.315_n4_generated_crystals_cif__gen_0,prospective,MACE-MP,0.3.16,01bfe22100139f424713cf921144e5509cbe353d67aa9fa1be9c6e1e0ed35845,cuda,DONE,,,True,41,-4.985127083575164,-5.254516672203117,0.08269892649646379,0.8099064765734287,83.89070003042943,83.57380585083634,-0.0037774649571185037,1.4925660733780082,0.33920481315338386,12,C2/m,False,MACEMP_0033,1,0.14954260165291,2.535972625017166,1efc8257e82c62c998427b36afc324d15e383f371a8cac2268c3e32328f1760c
job_020_Mn_fe_-0.989_n4_generated_crystals_cif__gen_0,prospective,CHGNet,0.4.2,131bf40fe7fb7e0a4685589e31019fed2e757e8f4bff5e335330b9854cf9e926,cuda,DONE,,,True,11,-7.719274248395648,-7.722205025809152,0.09695011160361568,0.5672929456180635,76.89068944991189,76.04060817995081,-0.011055711374715171,1.9266695529587536,0.02703212217632778,2,P-1,False,CHGNET_0013,35,0.8691903674259356,0.9281164966523647,f170705accebbd93506a6c404dc5b2abb89b6b72db44e9efec1b79ac3120c993
job_020_Mn_fe_-0.989_n4_generated_crystals_cif__gen_0,prospective,MACE-MP,0.3.16,01bfe22100139f424713cf921144e5509cbe353d67aa9fa1be9c6e1e0ed35845,cuda,DONE,,,True,10,-6.85012544256295,-6.853014658383216,0.07701594095253066,1.2486190126440369,76.89068944991189,76.5220504385959,-0.00479432573635763,1.9167394165904266,0.01783295960516732,2,P-1,False,MACEMP_0013,35,0.8691903674259356,0.6373613718897104,10374cadc189bd9a10c6e1f3845de5eea84c0b91e5f5b8faaf0b1326a49f81e8
job_020_Mn_fe_-0.989_n4_generated_crystals_cif__gen_1,prospective,CHGNet,0.4.2,131bf40fe7fb7e0a4685589e31019fed2e757e8f4bff5e335330b9854cf9e926,cuda,DONE,,,True,2,-7.722319466727121,-7.722480228969029,0.09077374226600457,0.822167949478662,75.33690798076731,75.37652149432853,0.0005258181497351799,1.9170359886744426,0.0021272663174618984,2,P-1,False,CHGNET_0013,35,0.8684948059556952,0.19512735307216644,cfd9ec8de98ad6ad4dc1327cd0f3edea0bca4a2d0d655bfae3eab287d69cd1f4
job_020_Mn_fe_-0.989_n4_generated_crystals_cif__gen_1,prospective,MACE-MP,0.3.16,01bfe22100139f424713cf921144e5509cbe353d67aa9fa1be9c6e1e0ed35845,cuda,DONE,,,True,2,-6.853720003839255,-6.8539854230133335,0.09919615223142393,1.2325666890069449,75.33690798076731,75.3910211055266,0.0007182817321507162,1.9152881679691707,0.0026543543059467955,2,P-1,False,MACEMP_0013,35,0.8684948059556952,0.15553052350878716,eabb6b8bc40466231f03e4c6cd6c8a5fea82e0670937169f785c91f80d83d1f4
job_020_Mn_fe_-0.989_n4_generated_crystals_cif__gen_3,prospective,CHGNet,0.4.2,131bf40fe7fb7e0a4685589e31019fed2e757e8f4bff5e335330b9854cf9e926,cuda,DONE,,,True,9,-7.712364196777344,-7.714024135044643,0.054961812468337645,0.5288170245790158,81.55683193122944,81.31138476886404,-0.003009523010559789,1.923409042973478,0.013646749192970334,1,P1,False,CHGNET_0034,9,0.8702833143672963,0.7480012327432632,9018b40be52cd21076e3941252077389f581753cbba0cfea64dd335f071fece6
job_020_Mn_fe_-0.989_n4_generated_crystals_cif__gen_3,prospective,MACE-MP,0.3.16,01bfe22100139f424713cf921144e5509cbe353d67aa9fa1be9c6e1e0ed35845,cuda,DONE,,,True,7,-6.841840606275389,-6.843740820677347,0.07531266081544413,0.7777300994399634,81.55683193122944,81.36186119894846,-0.002390611891906036,1.9187121691012912,0.012405081576737477,1,P1,False,MACEMP_0034,9,0.8702833143672963,0.44485345110297203,bc7c3df0fa3969af9ed888031d1ae2790a56eef4b7a39ba97feb6ca07f017ce0
job_021_Mg_fe_-1.413_n4_generated_crystals_cif__gen_0,prospective,CHGNet,0.4.2,131bf40fe7fb7e0a4685589e31019fed2e757e8f4bff5e335330b9854cf9e926,cuda,DONE,,,True,7,-5.442507607596261,-5.445556640625,0.012867121938465637,1.4060186865525608,74.39350303155487,72.80557586994318,-0.021344970957183573,2.085256270128668,0.001465642036276641,123,P4/mmm,False,CHGNET_0014,3,0.3620807468318299,0.604536285623908,b651ba82b014ea16b39e5e99dca306ebfd0f4c74291eab82b775c6ec9be0584d
job_021_Mg_fe_-1.413_n4_generated_crystals_cif__gen_0,prospective,MACE-MP,0.3.16,01bfe22100139f424713cf921144e5509cbe353d67aa9fa1be9c6e1e0ed35845,cuda,DONE,,,True,8,-5.076400646687705,-5.08347589379317,0.007706540399793564,1.4424354445496377,74.39350303155487,71.58849611569487,-0.037704998441466464,2.0695016858990156,0.0016488877513525391,123,P4/mmm,False,MACEMP_0014,3,0.3620807468318299,0.5036784149706364,0ba8ad4c9c2e661dcd16a55874352ccc5521d15adfc3f8036fa83fe344594366
job_021_Mg_fe_-1.413_n4_generated_crystals_cif__gen_3,prospective,CHGNet,0.4.2,131bf40fe7fb7e0a4685589e31019fed2e757e8f4bff5e335330b9854cf9e926,cuda,DONE,,,True,7,-5.449878692626953,-5.451449257986886,0.014493250561709846,1.269021582338172,70.99624547305541,72.0234488748631,0.014468418646131687,1.9956757326994088,0.00702347225208771,139,I4/mmm,False,CHGNET_0015,8,0.3646795592567118,0.5966718941926956,fe2c0b3635a6d6e1e85d34a87444c170a0a234ce7ce7b7f27d1f29bfcb1c37fb
job_021_Mg_fe_-1.413_n4_generated_crystals_cif__gen_3,prospective,MACE-MP,0.3.16,01bfe22100139f424713cf921144e5509cbe353d67aa9fa1be9c6e1e0ed35845,cuda,DONE,,,True,3,-5.086657213235789,-5.0867696987301745,0.016754510910408648,1.504220348565701,70.99624547305541,71.07032575975316,0.0010434394974572214,1.97311505245719,0.0012443491008543536,139,I4/mmm,False,MACEMP_0015,8,0.3646795592567118,0.21053597517311573,8a1e1bd7b52e06ca8741aa6872c339668b34702077c712b119dec5c8dadd2921
job_022_Al_fe_-1.445_n4_generated_crystals_cif__gen_2,prospective,CHGNet,0.4.2,131bf40fe7fb7e0a4685589e31019fed2e757e8f4bff5e335330b9854cf9e926,cuda,DONE,,,True,7,-7.004224504743304,-7.007609776088169,0.09303478126333536,1.2315441662621052,77.19923910837326,77.46283700535137,0.003414514184629125,1.7914860990803625,0.017370645150235568,8,Cm,False,CHGNET_0035,2,0.4012098034178919,0.5780039634555578,c1ee3329bf7a4309e306f4eae5729859f9b1a16dac27b561762e17e7ae01efb7
job_022_Al_fe_-1.445_n4_generated_crystals_cif__gen_2,prospective,MACE-MP,0.3.16,01bfe22100139f424713cf921144e5509cbe353d67aa9fa1be9c6e1e0ed35845,cuda,DONE,,,True,9,-6.602378911131676,-6.606399972670277,0.07784689235201567,1.0104201316685162,77.19923910837326,77.43513121171262,0.0030556273101112197,1.7897558780692249,0.02243725944203648,8,Cm,False,MACEMP_0035,2,0.4012098034178919,0.5724815148860216,b5b67972d032b5ac5039c6f98f0862466a306782b251751c1279fd05e93a98c4
job_023_Co_fe_-0.919_n4_generated_crystals_cif__gen_0,prospective,CHGNet,0.4.2,131bf40fe7fb7e0a4685589e31019fed2e757e8f4bff5e335330b9854cf9e926,cuda,DONE,,,True,10,-6.534647260393415,-6.536884852818081,0.09158956756768635,1.1696041806200133,68.26321120910994,67.70131973885292,-0.008231248725404816,1.8927856457740955,0.017458910711771507,12,C2/m,False,CHGNET_0036,18,0.8442614119607788,0.8423214815557003,6faf29a048f39d1b254e46a1cb527a55f3f7ada229ef5000aa533d52e864dea8
job_023_Co_fe_-0.919_n4_generated_crystals_cif__gen_0,prospective,MACE-MP,0.3.16,01bfe22100139f424713cf921144e5509cbe353d67aa9fa1be9c6e1e0ed35845,cuda,DONE,,,True,10,-5.689501233038998,-5.692623440857302,0.0878668580210577,1.312416728934789,68.26321120910994,67.61433221982254,-0.009505544462297455,1.8936489324879422,0.020340123686795133,12,C2/m,False,MACEMP_0036,18,0.8442614119607788,0.6245644129812717,9643b620704d03f93d1487c595953ffd5cca5bcf2e868b0b33147408d8b342b4
job_023_Co_fe_-0.919_n4_generated_crystals_cif__gen_1,prospective,CHGNet,0.4.2,131bf40fe7fb7e0a4685589e31019fed2e757e8f4bff5e335330b9854cf9e926,cuda,DONE,,,True,12,-6.531767163957868,-6.541052137102399,0.08165532776981177,0.9682409404372975,70.18911710707977,68.89616748745311,-0.018420941492313436,1.8866358693364162,0.03381637875879946,12,C2/m,False,CHGNET_0031,25,0.8427507363071021,1.0184310153126717,d23b6a7c483a54b9718c902d7f46997913749a6c8ebd60b321ec0b955b2de458
job_023_Co_fe_-0.919_n4_generated_crystals_cif__gen_1,prospective,MACE-MP,0.3.16,01bfe22100139f424713cf921144e5509cbe353d67aa9fa1be9c6e1e0ed35845,cuda,DONE,,,True,18,-5.689413944611506,-5.698301400795297,0.012644021089991325,1.4664204178215745,70.18911710707977,68.2018984086224,-0.028312347844833163,1.8937060638908416,0.023547910434563456,12,C2/m,False,MACEMP_0031,25,0.8427507363071021,1.1085888165980577,be8c1f693fcd1f54448271a5822c10ffa1177154e9ee6e9749e51faa0ece5d9a
job_023_Co_fe_-0.919_n4_generated_crystals_cif__gen_2,prospective,CHGNet,0.4.2,131bf40fe7fb7e0a4685589e31019fed2e757e8f4bff5e335330b9854cf9e926,cuda,DONE,,,True,10,-6.5347393580845425,-6.540499005998884,0.09478433248393144,1.3434341696312677,69.14391090047505,68.12499256488235,-0.014736197624969805,1.8705620197725672,0.027542399355598872,12,C2/m,False,CHGNET_0031,25,0.8419200836739753,0.8332250230014324,4640ed7829e31a869d082f458c77be32325f2c9b4bce02c92c28ebdc79bf7b22
job_023_Co_fe_-0.919_n4_generated_crystals_cif__gen_2,prospective,MACE-MP,0.3.16,01bfe22100139f424713cf921144e5509cbe353d67aa9fa1be9c6e1e0ed35845,cuda,DONE,,,True,20,-5.691973913102264,-5.698578922324908,0.04204805328006166,1.5150509807096724,69.14391090047505,67.18220996556686,-0.02837127534963768,1.8962746346846873,0.012715461856696282,12,C2/m,False,MACEMP_0031,25,0.8419200836739753,1.2432432509958744,0941ec0971cb4468147d08be2345b7805ea65fcfd9f4d46a483a6249fbe6ec53
job_023_Co_fe_-0.919_n4_generated_crystals_cif__gen_3,prospective,CHGNet,0.4.2,131bf40fe7fb7e0a4685589e31019fed2e757e8f4bff5e335330b9854cf9e926,cuda,DONE,,,True,10,-6.535368783133371,-6.540804181780134,0.08656568633113527,1.0857226760491794,69.10910735094414,68.0925710481047,-0.014709151106197194,1.8839162202958022,0.02634395193307045,12,C2/m,False,CHGNET_0031,25,0.8430775251038085,0.840202821418643,687bb6b91abac3df1fdbce2efe727316fbe726ed3257bb0f212a0015ea2c0a79
job_023_Co_fe_-0.919_n4_generated_crystals_cif__gen_3,prospective,MACE-MP,0.3.16,01bfe22100139f424713cf921144e5509cbe353d67aa9fa1be9c6e1e0ed35845,cuda,DONE,,,True,12,-5.692682695071517,-5.697726656676325,0.09315569251205902,1.601635456715638,69.10910735094414,67.80153298449405,-0.018920434897387484,1.895443377258417,0.01956413018185244,12,C2/m,False,MACEMP_0031,25,0.8430775251038085,0.7199553828686476,e1dd8302de0e4b3172f3cd4f65dd9f67fbda8a5e56f0bb5c69fd1dbb12fcee44
job_024_Mg_fe_-0.880_n4_generated_crystals_cif__gen_0,prospective,CHGNet,0.4.2,131bf40fe7fb7e0a4685589e31019fed2e757e8f4bff5e335330b9854cf9e926,cuda,DONE,,,True,14,-5.4545407976422995,-5.4610394069126675,0.05297527780625239,1.344446141187129,76.66559056831352,77.65932567644487,0.012961944214671783,2.0247136378261366,0.049437279631561415,119,I-4m2,False,CHGNET_0020,15,0.3955167579279628,1.1172713357955217,9715e6463dc7ca8acf92a0261423945363cd76edad5a37bed0b4e8c3435c3ee3
job_024_Mg_fe_-0.880_n4_generated_crystals_cif__gen_0,prospective,MACE-MP,0.3.16,01bfe22100139f424713cf921144e5509cbe353d67aa9fa1be9c6e1e0ed35845,cuda,DONE,,,True,5,-5.064793536968374,-5.065522648984705,0.024418089133841973,1.428731571743008,76.66559056831352,76.47339409573519,-0.0025069456995452377,2.0283150699948713,0.0035799067560585863,119,I-4m2,False,MACEMP_0020,15,0.3955167579279628,0.3252585642039776,384f133e9fe1b4d1131b760b760875bb9befbfda0045b7da07cc91722a4f3442
job_024_Mg_fe_-0.880_n4_generated_crystals_cif__gen_3,prospective,CHGNet,0.4.2,131bf40fe7fb7e0a4685589e31019fed2e757e8f4bff5e335330b9854cf9e926,cuda,DONE,,,True,18,-5.419719696044922,-5.459417070661273,0.09171597343168585,1.291701264535396,76.7107435880887,81.78595028483537,0.06616031157250735,1.973986190455469,0.11683649875391738,8,Cm,False,CHGNET_0037,1,0.3977456737249012,1.4425479639321566,a7d3b01795c1af525590e53db76f1734a9d199102ff45482562dee39274a3e83
job_024_Mg_fe_-0.880_n4_generated_crystals_cif__gen_3,prospective,MACE-MP,0.3.16,01bfe22100139f424713cf921144e5509cbe353d67aa9fa1be9c6e1e0ed35845,cuda,DONE,,,True,18,-5.0385253111833395,-5.061671396936371,0.06853640526931386,1.2033107272000727,76.7107435880887,80.63993864300552,0.05122092253485766,1.9102059025812994,0.07805776637675457,8,Cm,False,MACEMP_0037,1,0.3977456737249012,1.057898037135601,e3e8f7e08de4a6b5b9598a0c17cbc0809cefb1c6570d763d894e0a1f48acb8c2
job_025_Co_fe_-1.096_n4_generated_crystals_cif__gen_0,prospective,CHGNet,0.4.2,131bf40fe7fb7e0a4685589e31019fed2e757e8f4bff5e335330b9854cf9e926,cuda,DONE,,,True,4,-6.538744245256696,-6.541100638253348,0.07729628846155376,1.4954320884215695,68.72363883931902,68.22873814084467,-0.007201316851563555,1.8936557907052889,0.014764746047004052,12,C2/m,False,CHGNET_0031,25,0.8428754252164481,0.34830670803785324,9e98958c54c1001e7912d1ea0c992fdf0f16827c6f1f51704e85206dad043693
job_025_Co_fe_-1.096_n4_generated_crystals_cif__gen_0,prospective,MACE-MP,0.3.16,01bfe22100139f424713cf921144e5509cbe353d67aa9fa1be9c6e1e0ed35845,cuda,DONE,,,True,11,-5.695528235328534,-5.6982252130369,0.09101808405472131,1.0948314188758277,68.72363883931902,67.72243476067501,-0.014568554511278142,1.8934387857836346,0.014400410065437701,12,C2/m,False,MACEMP_0031,25,0.8428754252164481,0.6725726407021284,56df3f0855d33dd1c06fc2bb7adeb87d4c67362a7c05a34d41e65694ac449b51
job_025_Co_fe_-1.096_n4_generated_crystals_cif__gen_1,prospective,CHGNet,0.4.2,131bf40fe7fb7e0a4685589e31019fed2e757e8f4bff5e335330b9854cf9e926,cuda,DONE,,,True,10,-6.535010746547154,-6.5406341552734375,0.09268816968512475,1.2726810636722177,69.21370162471756,68.15884230266633,-0.015240614174499179,1.8808109473938428,0.025953829395431557,12,C2/m,False,CHGNET_0031,25,0.8418695559366736,0.8455252032727003,fd5b186b04fed80164a31d054391b05572f56de2ef0c720810a619faa9b2f0c5
job_025_Co_fe_-1.096_n4_generated_crystals_cif__gen_1,prospective,MACE-MP,0.3.16,01bfe22100139f424713cf921144e5509cbe353d67aa9fa1be9c6e1e0ed35845,cuda,DONE,,,True,20,-5.6923485296372025,-5.698764599336764,0.03960028289914023,1.3975707237494328,69.21370162471756,67.13927725420514,-0.02997129646034713,1.8970931088965441,0.00818420143267737,12,C2/m,False,MACEMP_0031,25,0.8418695559366736,1.2396326139569283,2c7d7cc71383fea7356b27d2c95230c8156e2ec2a239af961aa3c15fddd3eda5
job_025_Co_fe_-1.096_n4_generated_crystals_cif__gen_2,prospective,CHGNet,0.4.2,131bf40fe7fb7e0a4685589e31019fed2e757e8f4bff5e335330b9854cf9e926,cuda,DONE,,,True,15,-6.522954668317523,-6.531350272042411,0.06900164514615345,0.8127700582198844,73.47771060182798,71.05320055783662,-0.03299653764567678,1.8769404049910972,0.0554797884201794,10,P2/m,False,CHGNET_0038,18,0.844306748110383,1.3549444358795881,c4802eabd8784d512d879c72bfb692252496f455088762cf9b1e58f99b3e56eb
job_025_Co_fe_-1.096_n4_generated_crystals_cif__gen_2,prospective,MACE-MP,0.3.16,01bfe22100139f424713cf921144e5509cbe353d67aa9fa1be9c6e1e0ed35845,cuda,DONE,,,True,20,-5.676385735946485,-5.687043523932028,0.049631989483642176,1.3935967194564287,73.47771060182798,70.95421708909196,-0.03434366003060041,1.8829006899366194,0.03985683999131126,10,P2/m,False,MACEMP_0038,18,0.844306748110383,1.2199314460158348,695336827e399cecd33819ae627f2776287325e1eb0e8919040480db205a5d48
job_025_Co_fe_-1.096_n4_generated_crystals_cif__gen_3,prospective,CHGNet,0.4.2,131bf40fe7fb7e0a4685589e31019fed2e757e8f4bff5e335330b9854cf9e926,cuda,DONE,,,True,23,-6.4576841081891745,-6.466185978480747,0.09747533137389626,0.5143020145435032,75.07003510047565,75.3172602053482,0.0032932594815182625,1.7434568109047963,0.06748395269269682,8,Cm,False,CHGNET_0039,1,0.866760333777636,1.9365748967975378,1e089f864d8b4b14aff06885ce12d0e6d61fbd3522e453630d40179e8c36ff82
job_025_Co_fe_-1.096_n4_generated_crystals_cif__gen_3,prospective,MACE-MP,0.3.16,01bfe22100139f424713cf921144e5509cbe353d67aa9fa1be9c6e1e0ed35845,cuda,DONE,,,True,13,-5.589017861237946,-5.599425644703111,0.09637492950290492,0.6030398178943844,75.07003510047565,74.39895524236121,-0.008939383832926806,1.7516309680393918,0.04543463867360008,8,Cm,False,MACEMP_0039,1,0.866760333777636,0.5338534209877253,69fbd09083b162d297521420b77e73ccf27aa0d9291f8975c12ab7d0b530e161
job_026_Ti_fe_-1.451_n4_generated_crystals_cif__gen_0,prospective,CHGNet,0.4.2,131bf40fe7fb7e0a4685589e31019fed2e757e8f4bff5e335330b9854cf9e926,cuda,DONE,,,True,4,-8.537611825125557,-8.538670676095146,0.07433135528561635,0.9194263691204783,71.36946997353137,71.01915218882145,-0.00490851038742246,2.0030992671088654,0.00931079118639626,119,I-4m2,False,CHGNET_0002,41,0.38464611220966916,0.3539643194526434,5e14d61128cbbc1c8ebdd4e77d374e243b51e8ce5fc1197078659a4a0c25556b
job_026_Ti_fe_-1.451_n4_generated_crystals_cif__gen_0,prospective,MACE-MP,0.3.16,01bfe22100139f424713cf921144e5509cbe353d67aa9fa1be9c6e1e0ed35845,cuda,DONE,,,True,4,-8.152807863327345,-8.154024563885477,0.05657435013568719,1.3920627460224646,71.36946997353137,70.95654529566158,-0.0057857327232908595,2.0040451341987047,0.008757555280190983,119,I-4m2,False,MACEMP_0002,41,0.38464611220966916,0.2257650326937437,4555d5adfa6af49528ac977a57b59f07e22c3c60a8aec78238959effb05d0d1b
job_026_Ti_fe_-1.451_n4_generated_crystals_cif__gen_2,prospective,CHGNet,0.4.2,131bf40fe7fb7e0a4685589e31019fed2e757e8f4bff5e335330b9854cf9e926,cuda,DONE,,,True,4,-8.544090270996094,-8.544991629464286,0.03504153096591581,0.8107719291864816,71.78993208879572,71.63221861239407,-0.0021968745729774586,1.9486500863655192,0.010415683113919456,44,Imm2,False,CHGNET_0002,41,0.388353204296747,0.3528798520565033,8c3ed4df7d0f9fd64a84bb35f4c13cbb5fd4e2adbed29c2e1c5a02c95c2f2f05
job_026_Ti_fe_-1.451_n4_generated_crystals_cif__gen_2,prospective,MACE-MP,0.3.16,01bfe22100139f424713cf921144e5509cbe353d67aa9fa1be9c6e1e0ed35845,cuda,DONE,,,True,4,-8.154881055946811,-8.15663842516754,0.06849036197470193,0.8365713326062354,71.78993208879572,71.69821612548321,-0.001277560246178644,1.9480569725096517,0.015699386051606038,44,Imm2,False,MACEMP_0002,41,0.388353204296747,0.2395881824195385,bc442f4636b0c8e01190af73c37781a94369e3e383c29fc318f3663cb1cf3c64
job_026_Ti_fe_-1.451_n4_generated_crystals_cif__gen_3,prospective,CHGNet,0.4.2,131bf40fe7fb7e0a4685589e31019fed2e757e8f4bff5e335330b9854cf9e926,cuda,DONE,,,True,3,-8.531578063964844,-8.53250503540039,0.07604479341226705,0.6297650295450568,75.79372624733392,75.65614418442594,-0.0018152170333863848,1.9305629908841313,0.008138521464826014,12,C2/m,False,CHGNET_0040,9,0.40143711054861697,0.266845827922225,bf9d3d3a485b72ae688bd81b1fd9a705e216f1bd560ff31ebc86e2a61fb35630
job_026_Ti_fe_-1.451_n4_generated_crystals_cif__gen_3,prospective,MACE-MP,0.3.16,01bfe22100139f424713cf921144e5509cbe353d67aa9fa1be9c6e1e0ed35845,cuda,DONE,,,True,9,-8.128876202643394,-8.131067924851774,0.07850851230089108,1.3352556968712856,75.79372624733392,75.51461315695715,-0.003682535536858933,1.9466974469836238,0.02476320958590957,12,C2/m,False,MACEMP_0040,9,0.40143711054861697,0.5521003566682339,14f353ab6dadc10cc4728d28c9bbe22ff3265ab71d3247ae92baaeadc825c80c
job_027_Ti_fe_-1.340_n4_generated_crystals_cif__gen_0,prospective,CHGNet,0.4.2,131bf40fe7fb7e0a4685589e31019fed2e757e8f4bff5e335330b9854cf9e926,cuda,DONE,,,True,3,-8.544726235525948,-8.545211791992188,0.08411849039001168,0.6047191065733051,71.51144049699741,71.51366316716667,3.1081322845905035e-05,1.9445813872814817,0.005748921155696474,44,Imm2,False,CHGNET_0002,41,0.3885624479336123,0.2654844596982002,8c9112ec96653ed14521b16ba6728685980259d8fe2898a442ee2b7bdabe5445
job_027_Ti_fe_-1.340_n4_generated_crystals_cif__gen_0,prospective,MACE-MP,0.3.16,01bfe22100139f424713cf921144e5509cbe353d67aa9fa1be9c6e1e0ed35845,cuda,DONE,,,True,4,-8.15511377636138,-8.156649344058575,0.059035418006318965,1.055350670123472,71.51144049699741,71.62414066767732,0.0015759739965612862,1.9387022578459103,0.013880568693366839,44,Imm2,False,MACEMP_0002,41,0.3885624479336123,0.25990624353289604,26797a0edb42c609467f46630c4c7c01c3b8b6116dae919ad0d7f647142866a9
job_027_Ti_fe_-1.340_n4_generated_crystals_cif__gen_2,prospective,CHGNet,0.4.2,131bf40fe7fb7e0a4685589e31019fed2e757e8f4bff5e335330b9854cf9e926,cuda,DONE,,,True,1,-8.544440133231026,-8.544506072998047,0.0977649737794628,1.5476156207805938,71.34760222250077,71.36078360423741,0.00018474876976992682,1.9500263102890545,0.0007193758552884614,44,Imm2,False,CHGNET_0002,41,0.38798809474600127,0.12827838957309723,43d0de9b588b7e25e4c2ce79143c35a184019d76e680a4ff2513a345b09e98f2
job_027_Ti_fe_-1.340_n4_generated_crystals_cif__gen_2,prospective,MACE-MP,0.3.16,01bfe22100139f424713cf921144e5509cbe353d67aa9fa1be9c6e1e0ed35845,cuda,DONE,,,True,5,-8.154917305537369,-8.156517978252046,0.06026349731131637,1.3518965839111388,71.34760222250077,71.69670451160036,0.004892978575662621,1.9365436637801576,0.017752946383290284,44,Imm2,False,MACEMP_0002,41,0.38798809474600127,0.30396895855665207,a8cea5611080db42d4d658afdfec71e0c8a1e7fe8461e0cc38c826658891251e
job_027_Ti_fe_-1.340_n4_generated_crystals_cif__gen_3,prospective,CHGNet,0.4.2,131bf40fe7fb7e0a4685589e31019fed2e757e8f4bff5e335330b9854cf9e926,cuda,DONE,,,True,15,-8.521512167794365,-8.53042984008789,0.06778454879542846,0.5597451254781644,70.97539012881995,71.64777869360037,0.009473545176152509,1.8709047256974043,0.03456244035577152,8,Cm,False,CHGNET_0041,5,0.39481020076537554,1.2417453546077013,5eb767108419e4fd2b01b0f09b5e368a608ecbe382c845f93ea726de4adeb35a
job_027_Ti_fe_-1.340_n4_generated_crystals_cif__gen_3,prospective,MACE-MP,0.3.16,01bfe22100139f424713cf921144e5509cbe353d67aa9fa1be9c6e1e0ed35845,cuda,DONE,,,True,20,-8.126949600112628,-8.135619639322515,0.06928958218671726,1.4915298198392328,70.97539012881995,71.21803613402675,0.003418734363649145,1.8978704250198457,0.02937137723208554,8,Cm,False,MACEMP_0041,5,0.39481020076537554,1.2214089911431074,22eb85bb2040658e6be5a14e8e5abb80fb595170d0a624ae68d22d1d2182e3d4
job_028_Co_fe_-0.810_n4_generated_crystals_cif__gen_0,prospective,CHGNet,0.4.2,131bf40fe7fb7e0a4685589e31019fed2e757e8f4bff5e335330b9854cf9e926,cuda,DONE,,,True,10,-6.535103934151786,-6.540840148925781,0.09490405420817326,1.0967969156483173,69.53353481732427,68.45074553346952,-0.015572188106061535,1.8808939681976338,0.026663250762913444,12,C2/m,False,CHGNET_0031,25,0.8420696958404994,0.8534425459802151,44c25b0eb6219d7ef01ddfdb34f29ce47e6b5a308aabf7c9764df450116e90c9
job_028_Co_fe_-0.810_n4_generated_crystals_cif__gen_0,prospective,MACE-MP,0.3.16,01bfe22100139f424713cf921144e5509cbe353d67aa9fa1be9c6e1e0ed35845,cuda,DONE,,,True,20,-5.692362615749709,-5.698770453085282,0.04076259558366384,1.3685400452221892,69.53353481732427,67.40707629417373,-0.030581769339601106,1.8970394277886276,0.009014060894956835,12,C2/m,False,MACEMP_0031,25,0.8420696958404994,1.2364963721483946,82bc31064dece743ba9e8f84465b3686bcb52777eb414890566a9f4e0132012a
job_028_Co_fe_-0.810_n4_generated_crystals_cif__gen_1,prospective,CHGNet,0.4.2,131bf40fe7fb7e0a4685589e31019fed2e757e8f4bff5e335330b9854cf9e926,cuda,DONE,,,True,5,-6.458555494035993,-6.466855730329241,0.06373818060503311,0.6888379365289217,67.1091250222495,66.3922110113545,-0.010682809687316164,1.8608629595897905,0.03797849609720658,119,I-4m2,False,CHGNET_0042,12,0.8809347913829271,0.43743240647017956,3e5e547b3edc91e24360b4bd0c03a628b3022ffe8c684e71a0db2abc3e06ed0a
job_028_Co_fe_-0.810_n4_generated_crystals_cif__gen_1,prospective,MACE-MP,0.3.16,01bfe22100139f424713cf921144e5509cbe353d67aa9fa1be9c6e1e0ed35845,cuda,DONE,,,True,6,-5.581579983494789,-5.585920938946314,0.06418421451754665,1.1922094981249434,67.1091250222495,66.13106852818173,-0.014574120788246048,1.86941032692446,0.027511800551648622,119,I-4m2,False,MACEMP_0042,12,0.8809347913829271,0.3847808111459017,31cd46c0f0bfd45d7de715f1674c2efb02442182667e0d97e9cd2c8675d98649
job_028_Co_fe_-0.810_n4_generated_crystals_cif__gen_3,prospective,CHGNet,0.4.2,131bf40fe7fb7e0a4685589e31019fed2e757e8f4bff5e335330b9854cf9e926,cuda,DONE,,,True,4,-6.536218915666852,-6.537255968366351,0.052945302605741804,1.1558099876876378,68.11333333466023,67.81303690541424,-0.004408775999414805,1.8931466956147214,0.010984509777586445,12,C2/m,False,CHGNET_0036,18,0.844330242103096,0.35294350422918797,ba3e6ca7c5ae21e9a823a0fd33ba599aa72e3680021aefa57ef13a0db57035c7
job_028_Co_fe_-0.810_n4_generated_crystals_cif__gen_3,prospective,MACE-MP,0.3.16,01bfe22100139f424713cf921144e5509cbe353d67aa9fa1be9c6e1e0ed35845,cuda,DONE,,,True,4,-5.691557778677948,-5.692925726263255,0.044743661670583856,1.2584860889240654,68.11333333466023,67.75563883370157,-0.005251460814598596,1.8942948002608393,0.012070952230678661,12,C2/m,False,MACEMP_0036,18,0.844330242103096,0.25031184405088425,b91a2e5488a2a48336a505a4eddab1ec6ed92b16691e6ce1e7baf31e6735cd81
job_029_Cr_fe_-1.337_n4_generated_crystals_cif__gen_1,prospective,CHGNet,0.4.2,131bf40fe7fb7e0a4685589e31019fed2e757e8f4bff5e335330b9854cf9e926,cuda,DONE,,,True,9,-8.06619153703962,-8.06912612915039,0.07647488034290188,1.44117477536609,73.10262970028184,73.55579117147923,0.006198976330336281,1.942314539892322,0.017398946063043298,12,C2/m,False,CHGNET_0027,14,0.976685615277729,0.7408298682421446,521b11e9a8b35f06cdf5cfcab23b9cee3d90bd2a62f38e540cc082c9adb32da4
job_029_Cr_fe_-1.337_n4_generated_crystals_cif__gen_1,prospective,MACE-MP,0.3.16,01bfe22100139f424713cf921144e5509cbe353d67aa9fa1be9c6e1e0ed35845,cuda,DONE,,,True,3,-7.091183057545587,-7.092440513872662,0.05823909612286396,0.8907811187755252,73.10262970028184,73.26331018271559,0.0021980123436398102,1.9498035674318974,0.010629232706884347,12,C2/m,False,MACEMP_0027,14,0.976685615277729,0.1995681282132864,cda7b1d8488868de758becf39997a3714e1f04bcde54fc3aa1e86d8f0317d10e
job_029_Cr_fe_-1.337_n4_generated_crystals_cif__gen_2,development_calibration,CHGNet,0.4.2,131bf40fe7fb7e0a4685589e31019fed2e757e8f4bff5e335330b9854cf9e926,cuda,DONE,,,True,13,-8.052828107561384,-8.058769226074219,0.08482155562541313,1.1749817156984093,71.30359793915416,74.18608160329998,0.04042550092080277,1.8782776383236905,0.02781627151719863,2,P-1,False,CHGNET_0043,3,0.9935618599914209,1.0824314914643764,768989fd9bdfe89cdb3b23b4c785e0ddc2df4a46418abbb2ac56ab84da054878
job_029_Cr_fe_-1.337_n4_generated_crystals_cif__gen_2,development_calibration,MACE-MP,0.3.16,01bfe22100139f424713cf921144e5509cbe353d67aa9fa1be9c6e1e0ed35845,cuda,DONE,,,True,16,-7.0598321896298035,-7.065207366082798,0.07154091911329435,1.2140138800284848,71.30359793915416,72.51812488255452,0.017033178948932637,1.9005450849589949,0.024706241291628593,2,P-1,False,MACEMP_0043,3,0.9935618599914209,1.0057492479681969,fe829d573c258b501df19f3e58d9eb308dfdf0e798c0976f63f70a228971c4b4
job_029_Cr_fe_-1.337_n4_generated_crystals_cif__gen_3,prospective,CHGNet,0.4.2,131bf40fe7fb7e0a4685589e31019fed2e757e8f4bff5e335330b9854cf9e926,cuda,DONE,,,True,9,-8.06976590837751,-8.071099417550224,0.08685263304124577,1.0301414588902822,72.87931944653032,73.22205746920409,0.004702815905480939,1.9292084478726763,0.014905066235983313,12,C2/m,False,CHGNET_0027,14,0.9774335051008558,0.7730656117200851,2b361e6922a76b12a4038f5d01273292369d4c3757345aea9c17ca90eb13b858
job_029_Cr_fe_-1.337_n4_generated_crystals_cif__gen_3,prospective,MACE-MP,0.3.16,01bfe22100139f424713cf921144e5509cbe353d67aa9fa1be9c6e1e0ed35845,cuda,DONE,,,True,3,-7.092899980397916,-7.093665912449368,0.04499665711511011,1.2698061347836036,72.87931944653032,72.89742861378335,0.0002484815636392135,1.93888922899777,0.008195918492396684,12,C2/m,False,MACEMP_0027,14,0.9774335051008558,0.2126668244600296,b7337ee6f659cb838bdb80ffd9244ce254050e9a5ffdc7fae99fb7d2c508fe73
job_030_Mn_fe_-1.234_n4_generated_crystals_cif__gen_0,prospective,CHGNet,0.4.2,131bf40fe7fb7e0a4685589e31019fed2e757e8f4bff5e335330b9854cf9e926,cuda,DONE,,,True,2,-7.723567962646484,-7.723721095493862,0.07661852190018206,0.5049591087636897,76.06720449844332,76.07087974517196,4.83157854016536e-05,1.9346952821195593,0.0022347880299813236,10,P2/m,False,CHGNET_0013,35,0.8684665546738923,0.19714369997382164,da88959356c2a99106244e032cc94764fa6a5177a6665b645f9746ac239fc16c
job_030_Mn_fe_-1.234_n4_generated_crystals_cif__gen_0,prospective,MACE-MP,0.3.16,01bfe22100139f424713cf921144e5509cbe353d67aa9fa1be9c6e1e0ed35845,cuda,DONE,,,True,3,-6.854723708737102,-6.85525454081997,0.06745632337782484,1.1827176401481583,76.06720449844332,76.14077199721085,0.000967138193819661,1.9309920451770208,0.005909014533872068,10,P2/m,False,MACEMP_0013,35,0.8684665546738923,0.1959560625255108,3f33a64a0499f4c9aee79b6ee18383280ee568699c8d3a813cf7e9eb32e36f27
job_030_Mn_fe_-1.234_n4_generated_crystals_cif__gen_1,prospective,CHGNet,0.4.2,131bf40fe7fb7e0a4685589e31019fed2e757e8f4bff5e335330b9854cf9e926,cuda,DONE,,,True,10,-7.671236310686384,-7.674539293561663,0.09431632774421729,0.7120916462365258,71.81398668866181,71.66161595011484,-0.002121741816222489,1.9009765766419158,0.029738023902934268,1,P1,False,CHGNET_0030,7,0.8771032807465229,0.8372027408331633,aecd53eea4aaaaa4a29a7c8570b3c5b4204befbeb89745f59d067ad2c88ce962
job_030_Mn_fe_-1.234_n4_generated_crystals_cif__gen_1,prospective,MACE-MP,0.3.16,01bfe22100139f424713cf921144e5509cbe353d67aa9fa1be9c6e1e0ed35845,cuda,DONE,,,True,11,-6.79453830986546,-6.79743601281514,0.07984471582664117,0.6461302750527252,71.81398668866181,71.47602193369157,-0.004706113259460687,1.8922251140184134,0.025288999662994867,1,P1,False,MACEMP_0030,7,0.8771032807465229,0.6819370668381453,2a655e831084e1249dbd9ec78689dbff8e17698b313b69502d675ad783937da2
job_030_Mn_fe_-1.234_n4_generated_crystals_cif__gen_2,prospective,CHGNet,0.4.2,131bf40fe7fb7e0a4685589e31019fed2e757e8f4bff5e335330b9854cf9e926,cuda,DONE,,,True,3,-7.721302577427456,-7.72211674281529,0.07179231492092882,1.0224317785107457,74.27728285544187,74.5026986189478,0.003034787418713769,1.9210717642547548,0.006778198868016675,2,P-1,False,CHGNET_0013,35,0.868648392802152,0.2638680376112461,88cd5530e8709741ecacf684b5d0fb735d5b834e356f5ab34672c2d8e4a40435
job_030_Mn_fe_-1.234_n4_generated_crystals_cif__gen_2,prospective,MACE-MP,0.3.16,01bfe22100139f424713cf921144e5509cbe353d67aa9fa1be9c6e1e0ed35845,cuda,DONE,,,True,4,-6.852468470237078,-6.853468350013138,0.0897916479762858,1.0858875538582153,74.27728285544187,74.70503059186336,0.005758796229177854,1.9175180685748148,0.008543981267102348,2,P-1,False,MACEMP_0013,35,0.868648392802152,0.25248887948691845,19fc22d1e835e5529f549e6a64bd1b10f9506f17243baffcbb384038e774cbc7
job_030_Mn_fe_-1.234_n4_generated_crystals_cif__gen_3,prospective,CHGNet,0.4.2,131bf40fe7fb7e0a4685589e31019fed2e757e8f4bff5e335330b9854cf9e926,cuda,DONE,,,True,3,-7.654142107282366,-7.654568263462612,0.09993882310261934,1.3072153763911916,68.38784736645448,68.41304321473046,0.0003684258131562146,1.885742260081502,0.005134028346882444,10,P2/m,False,CHGNET_0044,2,0.8688959110212835,0.26449337415397167,debf63c79a7703fd68245b2f8d31626c4ad14aec97ce6dd305945bc29d817814
job_030_Mn_fe_-1.234_n4_generated_crystals_cif__gen_3,prospective,MACE-MP,0.3.16,01bfe22100139f424713cf921144e5509cbe353d67aa9fa1be9c6e1e0ed35845,cuda,DONE,,,True,3,-6.785234606356478,-6.7856723524413285,0.06552835811335017,1.2496097227129523,68.38784736645448,68.30664097463985,-0.001187438922875983,1.888798319927134,0.004986646629192843,10,P2/m,False,MACEMP_0029,3,0.8688959110212835,0.1966861654073,fc16c23ca847bf2e82d8eac6d580a00a21dfb144fdb6e42be000428bf29108dc
job_031_Al_fe_-1.055_n4_generated_crystals_cif__gen_0,prospective,CHGNet,0.4.2,131bf40fe7fb7e0a4685589e31019fed2e757e8f4bff5e335330b9854cf9e926,cuda,DONE,,,True,3,-7.006121499197824,-7.007463727678571,0.07743372187635979,1.3120224651030206,78.20889207841785,78.30036225309699,0.001169562338096064,1.7929171818240701,0.010518738371039898,8,Cm,False,CHGNET_0035,2,0.4003124296752487,0.26223380863666534,22412ad35be6a4f8d3d7a477ac517d56423c5c271503921285bccb36628f461b
job_031_Al_fe_-1.055_n4_generated_crystals_cif__gen_0,prospective,MACE-MP,0.3.16,01bfe22100139f424713cf921144e5509cbe353d67aa9fa1be9c6e1e0ed35845,cuda,DONE,,,True,8,-6.605623177419175,-6.6071512980033225,0.08752254200554044,0.9065781626664496,78.20889207841785,78.32431963606707,0.001475887902023798,1.7895274696458148,0.014905674247288565,8,Cm,False,MACEMP_0035,2,0.4003124296752487,0.45427653938531876,f69a4591e4ba14c31c20c0274ef802161ddaccd10f3da2e3405d716b3a10b06b
job_031_Al_fe_-1.055_n4_generated_crystals_cif__gen_1,prospective,CHGNet,0.4.2,131bf40fe7fb7e0a4685589e31019fed2e757e8f4bff5e335330b9854cf9e926,cuda,DONE,,,True,12,-7.035869598388672,-7.040119716099331,0.0804167723610949,1.3826293410230344,68.76888183829993,69.03577220491488,0.0038809758059248356,1.8823500155733972,0.023290483231128284,12,C2/m,False,CHGNET_0045,5,0.37352890273011496,0.9981796238571405,ebbd3d1d3872548701b4556de0939f754d723372e5fc08e2f933a10fd7f8e162
job_031_Al_fe_-1.055_n4_generated_crystals_cif__gen_1,prospective,MACE-MP,0.3.16,01bfe22100139f424713cf921144e5509cbe353d67aa9fa1be9c6e1e0ed35845,cuda,DONE,,,True,7,-6.663909675433733,-6.666590813369216,0.09399133826624963,1.4685596919219606,68.76888183829993,68.56489455088364,-0.002966273145111553,1.8964341379542193,0.031851276577854,12,C2/m,False,MACEMP_0044,5,0.37352890273011496,0.4314722381532192,06ccf33b10b1bd6640a1ee7250acc359c8d1193bd2488874581355e90a7ee47c
job_032_Co_fe_-1.386_n4_generated_crystals_cif__gen_0,prospective,CHGNet,0.4.2,131bf40fe7fb7e0a4685589e31019fed2e757e8f4bff5e335330b9854cf9e926,cuda,DONE,,,True,4,-6.535990033830915,-6.538534436907087,0.09995832611084168,1.2690369514137034,69.1306178097595,68.56830646616629,-0.00813404192539735,1.8871014105027029,0.015140407873179837,10,P2/m,False,CHGNET_0038,18,0.8453051318795843,0.34762319922447205,bc354b817fb3a036726b951265fd0e138d8744a6d056d5170a950c1622b3550c
job_032_Co_fe_-1.386_n4_generated_crystals_cif__gen_0,prospective,MACE-MP,0.3.16,01bfe22100139f424713cf921144e5509cbe353d67aa9fa1be9c6e1e0ed35845,cuda,DONE,,,True,9,-5.690462262018864,-5.6932293050275025,0.09016439637790177,0.5926732506099602,69.1306178097595,67.67477732130968,-0.02105927206460312,1.8864047282761127,0.015394883357717683,10,P2/m,False,MACEMP_0038,18,0.8453051318795843,0.5508794989436865,185a391cfdfda0a2e083c137f6142ac893eb5459bc5bb60646522e1100170606
job_032_Co_fe_-1.386_n4_generated_crystals_cif__gen_1,prospective,CHGNet,0.4.2,131bf40fe7fb7e0a4685589e31019fed2e757e8f4bff5e335330b9854cf9e926,cuda,DONE,,,True,5,-6.461043766566685,-6.466927119663784,0.047654067712650294,0.9783127581974091,67.52510698027932,66.85645491680381,-0.009902273293262431,1.8525199145199858,0.03212689311839027,119,I-4m2,False,CHGNET_0042,12,0.8816451670517367,0.43027118034660816,6ed6adad09299df5f758538925b40a0b138427938e12dc06b1a72e59dceda657
job_032_Co_fe_-1.386_n4_generated_crystals_cif__gen_1,prospective,MACE-MP,0.3.16,01bfe22100139f424713cf921144e5509cbe353d67aa9fa1be9c6e1e0ed35845,cuda,DONE,,,True,10,-5.581838677827634,-5.585281952612047,0.09931035749884565,0.8019871296090056,67.52510698027932,66.28889309863308,-0.018307470168203888,1.8600432910709286,0.022859417865388264,119,I-4m2,False,MACEMP_0042,12,0.8816451670517367,0.6262639127671719,7701a48820d4c1f46ebce552770bb6117e16797f6d72e74dbd6617cc9a76c15f
job_032_Co_fe_-1.386_n4_generated_crystals_cif__gen_2,prospective,CHGNet,0.4.2,131bf40fe7fb7e0a4685589e31019fed2e757e8f4bff5e335330b9854cf9e926,cuda,DONE,,,True,5,-6.460826328822544,-6.46644537789481,0.0772839236986355,1.182157432613975,68.09547566069895,67.4012089721682,-0.01019548922736202,1.8485565681729912,0.03009049494732682,44,Imm2,False,CHGNET_0042,12,0.8796876363617523,0.4316527284681797,b87fa6ff9e598ada039ea39e4087708b6f07ff065f1fe0fc19a5df74a1a97146
job_032_Co_fe_-1.386_n4_generated_crystals_cif__gen_2,prospective,MACE-MP,0.3.16,01bfe22100139f424713cf921144e5509cbe353d67aa9fa1be9c6e1e0ed35845,cuda,DONE,,,True,12,-5.580881589076057,-5.586757741533058,0.07521559069570942,0.7243556497826119,68.09547566069895,65.19136388946282,-0.04264764645608066,1.8483508536360955,0.013679177277409194,44,Imm2,False,MACEMP_0042,12,0.8796876363617523,0.7319609392434359,cb9b562bf1e9b2d2205f1d2331f593abb462ea5c4b36c3ba0461ac8fc483d890
job_032_Co_fe_-1.386_n4_generated_crystals_cif__gen_3,prospective,CHGNet,0.4.2,131bf40fe7fb7e0a4685589e31019fed2e757e8f4bff5e335330b9854cf9e926,cuda,DONE,,,True,11,-6.5335829598563055,-6.538629804338727,0.08750014430080036,0.9649099544409442,69.4216925007141,68.40984696047282,-0.014575351072445786,1.8807159767656454,0.02102472328227319,10,P2/m,False,CHGNET_0038,18,0.8463590896169313,1.038419159129262,9c1f06543ec6392a8c634e87bf3f506375c50b50071d68dec055675abcc41f4a
job_032_Co_fe_-1.386_n4_generated_crystals_cif__gen_3,prospective,MACE-MP,0.3.16,01bfe22100139f424713cf921144e5509cbe353d67aa9fa1be9c6e1e0ed35845,cuda,DONE,,,True,10,-5.688730399344324,-5.692270714721796,0.0971930255016123,1.413173265989548,69.4216925007141,68.48660984838249,-0.013469603212598047,1.8877335541969047,0.017864305873375265,10,P2/m,False,MACEMP_0038,18,0.8463590896169313,0.610428411513567,c2a244b8b27713cd4aea61025915d5e217b27d9404eebc5338371c3acc4c755b
job_033_Co_fe_-1.353_n4_generated_crystals_cif__gen_2,prospective,CHGNet,0.4.2,131bf40fe7fb7e0a4685589e31019fed2e757e8f4bff5e335330b9854cf9e926,cuda,DONE,,,True,10,-6.535700116838727,-6.540770394461496,0.09861418032073224,1.1645705845620034,70.08939205270676,69.01437785634295,-0.01533775889446165,1.8865554488273184,0.024089265288057455,12,C2/m,False,CHGNET_0031,25,0.8433497095101448,0.8406692072749138,0383578bcca6d84736922037a1d27be8da4688a89055056b7d7cea8894959cc3
job_033_Co_fe_-1.353_n4_generated_crystals_cif__gen_2,prospective,MACE-MP,0.3.16,01bfe22100139f424713cf921144e5509cbe353d67aa9fa1be9c6e1e0ed35845,cuda,DONE,,,True,12,-5.692441111590652,-5.697420684951351,0.09788635563795466,1.6311693900607303,70.08939205270676,68.66234170399929,-0.020360432683370067,1.8956500931653304,0.01776560511543135,12,C2/m,False,MACEMP_0031,25,0.8433497095101448,0.7228360082954168,252d3c81517af38f057640533caaa6c75436e53cfa5167ea5e53187731b22885
job_034_Co_fe_-1.009_n4_generated_crystals_cif__gen_0,prospective,CHGNet,0.4.2,131bf40fe7fb7e0a4685589e31019fed2e757e8f4bff5e335330b9854cf9e926,cuda,DONE,,,True,7,-6.539009639195034,-6.541083199637277,0.09838216657025749,0.9942827198177513,68.20042191890965,67.62694446416951,-0.00840870831300733,1.8787900691000237,0.018055674732099652,12,C2/m,False,CHGNET_0031,25,0.8432397043042226,0.5947311613708735,fa61efcf807260009ecdc3002bc6889ebeff0c2142e0d3579af1ce67e3494996
job_034_Co_fe_-1.009_n4_generated_crystals_cif__gen_0,prospective,MACE-MP,0.3.16,01bfe22100139f424713cf921144e5509cbe353d67aa9fa1be9c6e1e0ed35845,cuda,DONE,,,True,5,-5.695954940306543,-5.697843495333054,0.08612606988834079,1.6422279609798756,68.20042191890965,67.55466569254303,-0.009468507792142922,1.8921442524761265,0.01429943269700498,12,C2/m,False,MACEMP_0031,25,0.8432397043042226,0.3116616178303957,ededdbf61ff6ed4c986fa92e24ca9d28a9079977644bb0dc9fe73c11c4c3d719
job_034_Co_fe_-1.009_n4_generated_crystals_cif__gen_1,prospective,CHGNet,0.4.2,131bf40fe7fb7e0a4685589e31019fed2e757e8f4bff5e335330b9854cf9e926,cuda,DONE,,,True,10,-6.536621638706753,-6.541096278599331,0.09588476833043946,0.8919666806115121,69.47707463590496,68.51404905368554,-0.01386105542391003,1.8870773809561556,0.023432063762085353,12,C2/m,False,CHGNET_0031,25,0.8432183664041846,0.8375697582960129,83fa3c4bd5509c3c90fd7bb2c455581c36eacb3227de9ee4586941f53947e746
job_034_Co_fe_-1.009_n4_generated_crystals_cif__gen_1,prospective,MACE-MP,0.3.16,01bfe22100139f424713cf921144e5509cbe353d67aa9fa1be9c6e1e0ed35845,cuda,DONE,,,True,12,-5.693492695123203,-5.697877912195146,0.08742870776953217,1.2591602627515637,69.47707463590496,68.19862794469468,-0.018400986194510693,1.8939460881346322,0.018054431476792365,12,C2/m,False,MACEMP_0031,25,0.8432183664041846,0.7435195799916983,3f682bb0850d64e697efce991f3de97de6dc4401d5911f57363ad58bfa07993a
job_034_Co_fe_-1.009_n4_generated_crystals_cif__gen_2,prospective,CHGNet,0.4.2,131bf40fe7fb7e0a4685589e31019fed2e757e8f4bff5e335330b9854cf9e926,cuda,DONE,,,True,20,-6.528444017682757,-6.541521344866071,0.036879300382120256,1.243987372690976,71.2135045152998,68.41946134332004,-0.03923473772280761,1.8733266866104081,0.02444086017502617,12,C2/m,False,CHGNET_0031,25,0.8428204907668979,1.6548037976026535,7e6dd2fdbff022e5fe35e768ee75cac2ab51f26d989b507895489fc7d8226b77
job_034_Co_fe_-1.009_n4_generated_crystals_cif__gen_2,prospective,MACE-MP,0.3.16,01bfe22100139f424713cf921144e5509cbe353d67aa9fa1be9c6e1e0ed35845,cuda,DONE,,,True,22,-5.686695382312254,-5.698700854099173,0.0305997409470776,1.0971046876699795,71.2135045152998,67.62669938342596,-0.05036692346889404,1.895503022633194,0.014388859812998454,12,C2/m,False,MACEMP_0031,25,0.8428204907668979,1.3699474837630987,2c1c4a8e35c635ea801431c59b82e949587536185a741cb03bbfb59e558419a6
job_034_Co_fe_-1.009_n4_generated_crystals_cif__gen_3,prospective,CHGNet,0.4.2,131bf40fe7fb7e0a4685589e31019fed2e757e8f4bff5e335330b9854cf9e926,cuda,DONE,,,True,4,-6.536006382533482,-6.5408750261579245,0.09428414863354573,1.520503079400013,69.40748085178066,68.67911696569921,-0.010494025674795404,1.8941888554096478,0.022579421061103232,12,C2/m,False,CHGNET_0031,25,0.8434483328944857,0.36089979484677315,a1b3d9f07fe2f14c4d9eee2f8f9433408ec35b837b80248cb2bd91321338f4fc
job_034_Co_fe_-1.009_n4_generated_crystals_cif__gen_3,prospective,MACE-MP,0.3.16,01bfe22100139f424713cf921144e5509cbe353d67aa9fa1be9c6e1e0ed35845,cuda,DONE,,,True,6,-5.693027962719102,-5.697426693263439,0.10023152350220013,1.4762445095308177,69.40748085178066,68.42368784444119,-0.014174163869170808,1.8929267389344713,0.023797675561778493,12,C2/m,False,MACEMP_0031,25,0.8434483328944857,0.3801058754324913,0929932a48e59e12ee3d5e7fa686c8fbbd49a3f2511e4379d7b993d2ccc6ee57
job_035_Ti_fe_-1.046_n4_generated_crystals_cif__gen_0,prospective,CHGNet,0.4.2,131bf40fe7fb7e0a4685589e31019fed2e757e8f4bff5e335330b9854cf9e926,cuda,DONE,,,True,3,-8.532335553850446,-8.532826559884208,0.08771940906670546,0.5106325731532274,75.59669058292887,75.54065231781519,-0.0007412793428068776,1.9269977129927385,0.006053226049318471,12,C2/m,False,CHGNET_0040,9,0.4013768992404785,0.27085638605058193,dc6eeb1d2db9303b594de7eca8a96bc5ddbb0e2012d9870db7d4af1b62671c2a
job_035_Ti_fe_-1.046_n4_generated_crystals_cif__gen_0,prospective,MACE-MP,0.3.16,01bfe22100139f424713cf921144e5509cbe353d67aa9fa1be9c6e1e0ed35845,cuda,DONE,,,True,7,-8.129547784481257,-8.13144966064373,0.07859227272698516,0.7258997115678846,75.59669058292887,75.48080384501353,-0.001532960464561861,1.9525450127146249,0.028516347439961447,12,C2/m,False,MACEMP_0040,9,0.4013768992404785,0.2939929347485304,e6a3b64d16c37affccbe76617217cf7d3891d6e34da6478b01821bbc9cc619fb
job_035_Ti_fe_-1.046_n4_generated_crystals_cif__gen_1,prospective,CHGNet,0.4.2,131bf40fe7fb7e0a4685589e31019fed2e757e8f4bff5e335330b9854cf9e926,cuda,DONE,,,True,7,-8.542382376534599,-8.543534415108818,0.06947721123334905,1.4917402275788803,71.6990489434948,71.79063842094189,0.001277415513827318,1.9170733076661597,0.01366134471655096,44,Imm2,False,CHGNET_0002,41,0.38754515413729784,0.38729560002684593,4a158738cc914d5bad52e26500add5e67d1ca469a9a262590495e059766534a6
job_035_Ti_fe_-1.046_n4_generated_crystals_cif__gen_1,prospective,MACE-MP,0.3.16,01bfe22100139f424713cf921144e5509cbe353d67aa9fa1be9c6e1e0ed35845,cuda,DONE,,,True,10,-8.152648729486637,-8.15598926097152,0.051584939393079864,1.330627586598177,71.6990489434948,72.48117601786606,0.010908472091277543,1.9374084882395126,0.03500877721258655,44,Imm2,False,MACEMP_0002,41,0.38754515413729784,0.5813435576856136,1a73ba7d1cbaa9393bf458759aa21503e3bb63be6206abb6d40e51715c5db741
job_035_Ti_fe_-1.046_n4_generated_crystals_cif__gen_2,prospective,CHGNet,0.4.2,131bf40fe7fb7e0a4685589e31019fed2e757e8f4bff5e335330b9854cf9e926,cuda,DONE,,,True,10,-8.539911542619977,-8.542598724365234,0.08126254112046848,0.8756897105163565,70.94815936019887,71.34623403645546,0.005610782292963856,1.8682746131923662,0.020612638833628676,8,Cm,False,CHGNET_0046,5,0.38713380420324306,0.6684839203953743,3d7d393e26aa04d04b970ab915ce0ca35299843de7770b243508e5c75bdeda90
job_035_Ti_fe_-1.046_n4_generated_crystals_cif__gen_2,prospective,MACE-MP,0.3.16,01bfe22100139f424713cf921144e5509cbe353d67aa9fa1be9c6e1e0ed35845,cuda,DONE,,,True,11,-8.15265049332823,-8.155464920161991,0.09264165566396267,0.6574062786180769,70.94815936019887,71.7235397309668,0.010928829976143417,1.8522781407461213,0.02858857170377598,8,Cm,False,MACEMP_0045,5,0.38713380420324306,0.6633857004344463,837c05cda10eec2c60185eeca325433ddd9c340f87421667464cc170d19bc3a6
job_036_Mg_fe_-1.056_n4_generated_crystals_cif__gen_1,prospective,CHGNet,0.4.2,131bf40fe7fb7e0a4685589e31019fed2e757e8f4bff5e335330b9854cf9e926,cuda,DONE,,,True,2,-5.445398603166852,-5.44550051007952,0.01706530512568343,1.4871390546363061,72.9325259351585,72.85121596379678,-0.0011148656970143556,2.084405699795021,0.0004355619308992194,123,P4/mmm,False,CHGNET_0014,3,0.36204696650815826,0.2052765991538763,37e219a6ffd01bdce5c965891e8c9d7210a325830a9b7f5b5432fa89b07c9ad0
job_036_Mg_fe_-1.056_n4_generated_crystals_cif__gen_1,prospective,MACE-MP,0.3.16,01bfe22100139f424713cf921144e5509cbe353d67aa9fa1be9c6e1e0ed35845,cuda,DONE,,,True,7,-5.0810319820208045,-5.083453543571362,0.010841660779998989,1.475730382836596,72.9325259351585,71.60743913241208,-0.018168667350483614,2.06961772966111,0.0031888957704600063,123,P4/mmm,False,MACEMP_0014,3,0.36204696650815826,0.4502100385725498,7b4af00a418f2ff142d03a3dadc119e7f4bdf6212811b917942e998f9d282507
job_038_Ni_fe_-1.176_n4_generated_crystals_cif__gen_0,prospective,CHGNet,0.4.2,131bf40fe7fb7e0a4685589e31019fed2e757e8f4bff5e335330b9854cf9e926,cuda,DONE,,,True,3,-5.912760053362165,-5.913080487932477,0.0971749807527538,0.5405970106344107,69.06052148520128,69.04912983671916,-0.00016495167191232785,1.870889143287579,0.00450737773369754,2,P-1,False,CHGNET_0006,22,1.1170245363592288,0.2630713041871786,d4d223870e07f58055988d1bcd12b246411a76f61bc6151e8dfbfcd038a61ad2
job_038_Ni_fe_-1.176_n4_generated_crystals_cif__gen_0,prospective,MACE-MP,0.3.16,01bfe22100139f424713cf921144e5509cbe353d67aa9fa1be9c6e1e0ed35845,cuda,DONE,,,True,4,-4.795249213189881,-4.796055951573249,0.09243022727938699,0.9230121579692624,69.06052148520128,68.95798205972676,-0.0014847762986627266,1.8602173833634634,0.00889015797186468,2,P-1,False,MACEMP_0006,22,1.1170245363592288,0.2434342410415411,a29e3f507f11fdf30cf195511f3c7e755c0f6efc68011fe5e183b38c9f68f204
job_038_Ni_fe_-1.176_n4_generated_crystals_cif__gen_1,prospective,CHGNet,0.4.2,131bf40fe7fb7e0a4685589e31019fed2e757e8f4bff5e335330b9854cf9e926,cuda,DONE,,,True,3,-5.836919512067523,-5.837860652378628,0.047880727646877425,0.854816193122719,76.42040827239629,76.27823634537478,-0.0018603921417790215,1.8735831410862935,0.008678113647357965,12,C2/m,False,CHGNET_0047,1,1.1320130069207899,0.2568247001618147,abed2ee0c924c30b7db53f6baae820ae14c84524e1a63a477ac6f9dee28a7db6
job_038_Ni_fe_-1.176_n4_generated_crystals_cif__gen_1,prospective,MACE-MP,0.3.16,01bfe22100139f424713cf921144e5509cbe353d67aa9fa1be9c6e1e0ed35845,cuda,DONE,,,True,8,-4.704139779004747,-4.705847645457838,0.09763928321952355,1.254299284629096,76.42040827239629,75.89015439198864,-0.006938642339067047,1.8454342051290626,0.013785160185984352,12,C2/m,False,MACEMP_0046,1,1.1320130069207899,0.454617066308856,9f51fd41d41ab5ce5d034192927e3d387c58cdb61ae5bf313130884c6cd78a79
job_038_Ni_fe_-1.176_n4_generated_crystals_cif__gen_2,prospective,CHGNet,0.4.2,131bf40fe7fb7e0a4685589e31019fed2e757e8f4bff5e335330b9854cf9e926,cuda,DONE,,,True,15,-5.839963640485491,-5.849694933210101,0.07847465568734745,1.0082188901808848,73.84699353498664,70.8143998850762,-0.04106590539090371,1.88981675209354,0.04464000539159979,160,R3m,False,CHGNET_0048,2,1.1332561969914066,1.2115384954959154,8b30daa73bcfdc5bd194d7d6f5daecda25c0fb11e4ac5d524c4e0eaab93dd289
job_038_Ni_fe_-1.176_n4_generated_crystals_cif__gen_2,prospective,MACE-MP,0.3.16,01bfe22100139f424713cf921144e5509cbe353d67aa9fa1be9c6e1e0ed35845,cuda,DONE,,,True,15,-4.707834706050468,-4.716438736218694,0.09071243512835611,0.3424160674193624,73.84699353498664,69.23208315266263,-0.06249286750093075,1.8401928708903565,0.031730708445846606,160,R3m,False,MACEMP_0047,2,1.1332561969914066,0.9389645922929049,ce0630952f9e4a3aa54efc1f941832413399a4695fefb0685729be45afb9758e
job_038_Ni_fe_-1.176_n4_generated_crystals_cif__gen_3,prospective,CHGNet,0.4.2,131bf40fe7fb7e0a4685589e31019fed2e757e8f4bff5e335330b9854cf9e926,cuda,DONE,,,True,12,-5.899078914097378,-5.903257642473493,0.09457146945627914,0.5170967615574212,70.33109546528686,69.15765664579588,-0.016684495125916965,1.854117430858233,0.038328812139730974,2,P-1,False,CHGNET_0026,30,1.1078312485969048,0.9974118564277887,280ef8791fc0df9e9b680430f1b0bd072e29aabcbd4d73f8c5b6f4eda7b70ab7
job_038_Ni_fe_-1.176_n4_generated_crystals_cif__gen_3,prospective,MACE-MP,0.3.16,01bfe22100139f424713cf921144e5509cbe353d67aa9fa1be9c6e1e0ed35845,cuda,DONE,,,True,10,-4.790311007589514,-4.795426393876588,0.09979054586231279,0.5009939752345276,70.33109546528686,68.36054442348969,-0.02801820487453921,1.8655215888935217,0.034173837204128664,2,P-1,False,MACEMP_0026,30,1.1078312485969048,0.5632539186626673,47347eecd97862da92ff3a521494982bf8b283edf6b88d02ee0dfe66361121a2
job_039_Co_fe_-0.807_n4_generated_crystals_cif__gen_0,prospective,CHGNet,0.4.2,131bf40fe7fb7e0a4685589e31019fed2e757e8f4bff5e335330b9854cf9e926,cuda,DONE,,,True,10,-6.533717564174107,-6.536642347063337,0.09873171634765866,1.1379678339246546,69.25248777362293,68.47624206414412,-0.011208921649374592,1.888960497150787,0.01777920309738776,12,C2/m,False,CHGNET_0036,18,0.8444501413766448,0.864647600799799,123a2ba59b766a4a012b5c90ddc2d675c86d41584eb1339ceab2ca9f6fe8caf6
job_039_Co_fe_-0.807_n4_generated_crystals_cif__gen_0,prospective,MACE-MP,0.3.16,01bfe22100139f424713cf921144e5509cbe353d67aa9fa1be9c6e1e0ed35845,cuda,DONE,,,True,10,-5.688758852779392,-5.692192205686692,0.08312066712253376,1.3563018971631406,69.25248777362293,68.39522100656204,-0.012378858790794367,1.8893158710676832,0.01883639555861875,12,C2/m,False,MACEMP_0036,18,0.8444501413766448,0.5778586249798536,79936ed80b03aad6f3bc3a64f6a01b30b34ad1890b53ed7c84926652e5933b2c
job_039_Co_fe_-0.807_n4_generated_crystals_cif__gen_3,prospective,CHGNet,0.4.2,131bf40fe7fb7e0a4685589e31019fed2e757e8f4bff5e335330b9854cf9e926,cuda,DONE,,,True,14,-6.4650775364467075,-6.468390328543527,0.09678106949464894,0.7184066203151723,83.39087738952547,83.09461095103842,-0.003552743990246854,1.8017744811125425,0.024791402237880216,12,C2/m,False,CHGNET_0049,1,0.8685504425089325,1.173595605418086,39ac84a3d044a29d967f849b0b160cfd7e53e6072e3c6aee291151fe9c371d8e
job_039_Co_fe_-0.807_n4_generated_crystals_cif__gen_3,prospective,MACE-MP,0.3.16,01bfe22100139f424713cf921144e5509cbe353d67aa9fa1be9c6e1e0ed35845,cuda,DONE,,,True,12,-5.595944485640315,-5.599839886034594,0.09559130309714069,1.0007592817346198,83.39087738952547,83.02044460228305,-0.004442126031509397,1.7898998299226985,0.022302725858817755,12,C2/m,False,MACEMP_0048,1,0.8685504425089325,0.6864676512777805,ec128d81c47234b3598ce5851723f3113bcdf73e9c74e3beee05c03b0ec57ff3
job_040_Ti_fe_-1.018_n4_generated_crystals_cif__gen_1,prospective,CHGNet,0.4.2,131bf40fe7fb7e0a4685589e31019fed2e757e8f4bff5e335330b9854cf9e926,cuda,DONE,,,True,5,-8.543731689453125,-8.544910430908203,0.04524910286058997,1.4596498962980442,70.90074944069111,71.2471166876425,0.004885240983822481,1.9314710482238808,0.01236495696714197,44,Imm2,False,CHGNET_0002,41,0.3882518757079687,0.41927281953394413,92caceee39cce221d216647fd239b41a89d6e1107bd90a4de2b0c9071c24cf8f
job_040_Ti_fe_-1.018_n4_generated_crystals_cif__gen_1,prospective,MACE-MP,0.3.16,01bfe22100139f424713cf921144e5509cbe353d67aa9fa1be9c6e1e0ed35845,cuda,DONE,,,True,10,-8.154132835268978,-8.156658555200234,0.09618102513630136,1.105284372285913,70.90074944069111,71.65545269281479,0.010644503169250585,1.9251737402704316,0.01999480413895296,44,Imm2,False,MACEMP_0002,41,0.3882518757079687,0.6196964401751757,ee7fc6c189b57cb121f0577c480e01ed8b4c2225192df1f325a2b51ed35d3f6d
job_041_Ni_fe_-1.021_n4_generated_crystals_cif__gen_0,prospective,CHGNet,0.4.2,131bf40fe7fb7e0a4685589e31019fed2e757e8f4bff5e335330b9854cf9e926,cuda,DONE,,,True,13,-5.899199349539621,-5.903034755161831,0.03303771865427868,1.445403509352098,70.31929813603443,69.74893242611937,-0.008111083657457385,1.8564621802767756,0.02877712790532799,2,P-1,False,CHGNET_0026,30,1.1070580637082683,1.1020703334361315,ee40346617a1ed3126b2c36217dc179c6d1e2f95608f039c3a7cc4fc0e891a4b
job_041_Ni_fe_-1.021_n4_generated_crystals_cif__gen_0,prospective,MACE-MP,0.3.16,01bfe22100139f424713cf921144e5509cbe353d67aa9fa1be9c6e1e0ed35845,cuda,DONE,,,True,9,-4.793690466748759,-4.795976691453562,0.10033855022755943,0.34045696891700655,70.31929813603443,69.14238938245528,-0.01673663965334804,1.8502022130399711,0.023723908794155518,2,P-1,False,MACEMP_0026,30,1.1070580637082683,0.552398931235075,726c588f078ad416aaff2bb94fb93ce65fdf0d80cc1b55dcedfbde85102f3ba8
job_041_Ni_fe_-1.021_n4_generated_crystals_cif__gen_1,prospective,CHGNet,0.4.2,131bf40fe7fb7e0a4685589e31019fed2e757e8f4bff5e335330b9854cf9e926,cuda,DONE,,,True,5,-5.899023328508649,-5.900191715785435,0.09718337839325732,1.3576638445727527,68.0279139540477,68.04552145930461,0.0002588276522605959,1.8645247066437562,0.01250110483642235,12,C2/m,False,CHGNET_0026,30,1.1036926342716997,0.4481796473264694,5a9d78de84d162d87e134ed10fa2861e6e13b9a9cc3ea7ec6ce620e3c31189e5
job_041_Ni_fe_-1.021_n4_generated_crystals_cif__gen_1,prospective,MACE-MP,0.3.16,01bfe22100139f424713cf921144e5509cbe353d67aa9fa1be9c6e1e0ed35845,cuda,DONE,,,True,9,-4.793066766798143,-4.796499081513735,0.04556120513860579,1.5010010482265463,68.0279139540477,67.37624125073908,-0.009579489733417712,1.8825495940157455,0.03629765393764129,12,C2/m,False,MACEMP_0026,30,1.1036926342716997,0.5213924124836922,9b951630127dfeea538c1ebfb2f28f960f4a3ef2d3df5237279b7f68ab1e2b2a
job_041_Ni_fe_-1.021_n4_generated_crystals_cif__gen_3,prospective,CHGNet,0.4.2,131bf40fe7fb7e0a4685589e31019fed2e757e8f4bff5e335330b9854cf9e926,cuda,DONE,,,True,14,-5.888942173549107,-5.894106183733259,0.09901093392349765,0.9852145176112702,69.25344584167519,67.1036357776266,-0.031042643985736307,1.8872348360397169,0.047169942147423975,12,C2/m,False,CHGNET_0005,14,1.1057606490328853,1.2058326713740826,c013b671685eb2ea76e99bc29ec2ee122b55d5a227374dddb128d6c5430ab649
job_041_Ni_fe_-1.021_n4_generated_crystals_cif__gen_3,prospective,MACE-MP,0.3.16,01bfe22100139f424713cf921144e5509cbe353d67aa9fa1be9c6e1e0ed35845,cuda,DONE,,,True,15,-4.7806386055091314,-4.788345534700373,0.08657512846461941,1.1205865619353899,69.25344584167519,67.59122513085079,-0.024001992834039032,1.889542957025915,0.04718534170486719,12,C2/m,False,MACEMP_0005,14,1.1057606490328853,0.9294244833290577,299524eca0fc4d478d5d738bd130c69b9479f19f3724bcd5ae03d189d7841006
job_042_Cr_fe_-0.962_n4_generated_crystals_cif__gen_0,prospective,CHGNet,0.4.2,131bf40fe7fb7e0a4685589e31019fed2e757e8f4bff5e335330b9854cf9e926,cuda,DONE,,,True,3,-8.02829360961914,-8.029094696044922,0.08251673456150962,1.1577590252079355,68.98833473767587,69.02894555604975,0.0005886621053878827,1.8754056570728244,0.007679324643400678,8,Cm,False,CHGNET_0050,15,0.9509899301366493,0.27658197470009327,97701e6947111b599007c1c0ec22540db4cef48db03c3a521174ebbcb0753aea
job_042_Cr_fe_-0.962_n4_generated_crystals_cif__gen_0,prospective,MACE-MP,0.3.16,01bfe22100139f424713cf921144e5509cbe353d67aa9fa1be9c6e1e0ed35845,cuda,DONE,,,True,5,-7.075968850527092,-7.0781047659082725,0.08562051231743019,1.504334311457711,68.98833473767587,68.72618370593958,-0.003799932738384082,1.8845352472387582,0.01933626874594498,8,Cm,False,MACEMP_0049,15,0.9509899301366493,0.2796950675547123,c4d1048d3cf4b8dfde30f75036fe8cedf510aea19db48325b79d6f109d14304e
job_042_Cr_fe_-0.962_n4_generated_crystals_cif__gen_1,prospective,CHGNet,0.4.2,131bf40fe7fb7e0a4685589e31019fed2e757e8f4bff5e335330b9854cf9e926,cuda,DONE,,,True,15,-8.030225481305804,-8.033247811453682,0.08757427742129438,1.0075773431881947,69.7729822845674,70.12514049994469,0.005047200275043684,1.7748744833355758,0.022764684008495902,8,Cm,False,CHGNET_0025,12,0.9579679847462756,0.9151180367916822,0d7fc14df33479298c24e488b72a4641c7c2f659ac6efa2857dd46a3f0797e53
job_042_Cr_fe_-0.962_n4_generated_crystals_cif__gen_1,prospective,MACE-MP,0.3.16,01bfe22100139f424713cf921144e5509cbe353d67aa9fa1be9c6e1e0ed35845,cuda,DONE,,,True,18,-7.064998329167865,-7.075279826707407,0.08271246598953813,0.8721910645414387,69.7729822845674,69.34953046948269,-0.00606899406073369,1.858753214750206,0.05249243364742219,8,Cm,False,MACEMP_0025,12,0.9579679847462756,1.0971126090735197,101d25156f26985cbacb1daea4b6d1f384926893284ad748b8e6223e9c4ef277
job_042_Cr_fe_-0.962_n4_generated_crystals_cif__gen_2,prospective,CHGNet,0.4.2,131bf40fe7fb7e0a4685589e31019fed2e757e8f4bff5e335330b9854cf9e926,cuda,DONE,,,True,8,-8.068758283342634,-8.070613861083984,0.09947496878533692,0.6233542598694088,72.34475787692877,73.08868180486388,0.010283038464247163,1.9373405561065247,0.019753816100822323,12,C2/m,False,CHGNET_0027,14,0.977449603828183,0.8301717508584261,61c4267f16646d4b1e393830c9b30f619e0553ca9558a3546eb391d1349342a0
job_042_Cr_fe_-0.962_n4_generated_crystals_cif__gen_2,prospective,MACE-MP,0.3.16,01bfe22100139f424713cf921144e5509cbe353d67aa9fa1be9c6e1e0ed35845,cuda,DONE,,,True,3,-7.092536472587339,-7.093164257255801,0.058776410977679855,1.5110898185727966,72.34475787692877,72.50644721630154,0.0022349834890293963,1.9420391973923403,0.006355305194317857,12,C2/m,False,MACEMP_0027,14,0.977449603828183,0.20481573604047298,ed3929310c843e76acb70fd08388dc926de326584570697c968365d97eb3ada5
job_042_Cr_fe_-0.962_n4_generated_crystals_cif__gen_3,prospective,CHGNet,0.4.2,131bf40fe7fb7e0a4685589e31019fed2e757e8f4bff5e335330b9854cf9e926,cuda,DONE,,,True,3,-8.082430158342634,-8.08297838483538,0.09666610882902602,0.532667239124692,73.25648391317989,73.25009367151948,-8.72310725148484e-05,1.9597897740612387,0.006364502683306389,12,C2/m,False,CHGNET_0024,12,0.9720563979320938,0.267683781683445,c8e846bbf4ef98ec46b2b24d29733dde0657bda93a522a323f1323fa1833fac7
job_042_Cr_fe_-0.962_n4_generated_crystals_cif__gen_3,prospective,MACE-MP,0.3.16,01bfe22100139f424713cf921144e5509cbe353d67aa9fa1be9c6e1e0ed35845,cuda,DONE,,,True,3,-7.1104673634965065,-7.1109219869032865,0.04762393515081382,0.7651063720322206,73.25648391317989,73.1767062792385,-0.0010890180592879606,1.960084734519087,0.005682384601443659,12,C2/m,False,MACEMP_0024,12,0.9720563979320938,0.18978758342564106,cd89cafbdb83ead44969788bd4b26c9cc6fcb1ce681f80892b0af9a43523f4fa
job_043_Mn_fe_-1.340_n4_generated_crystals_cif__gen_1,prospective,CHGNet,0.4.2,131bf40fe7fb7e0a4685589e31019fed2e757e8f4bff5e335330b9854cf9e926,cuda,DONE,,,True,3,-7.723102569580078,-7.723809378487723,0.06077073806974883,0.44259725691969437,76.75367796658087,76.61323169147299,-0.001829831205861332,1.930487465881877,0.007010235482692672,10,P2/m,False,CHGNET_0013,35,0.8682804013906775,0.26368237286806107,f6a4f11b79c95c66f8b918dcbecd3f8b4b76fdf5dd79150fe16c2f1123a3aeb0
job_043_Mn_fe_-1.340_n4_generated_crystals_cif__gen_1,prospective,MACE-MP,0.3.16,01bfe22100139f424713cf921144e5509cbe353d67aa9fa1be9c6e1e0ed35845,cuda,DONE,,,True,3,-6.854555851822396,-6.855528977097046,0.05574301388122111,0.32212824546344,76.75367796658087,76.65622904010054,-0.0012696320106347914,1.9285233201229803,0.008934134258649062,10,P2/m,False,MACEMP_0013,35,0.8682804013906775,0.1939468178898096,182cee1204df037bbf4d54b5f7f181a55a18ab0525a85da638b5154e8633f314
job_043_Mn_fe_-1.340_n4_generated_crystals_cif__gen_3,prospective,CHGNet,0.4.2,131bf40fe7fb7e0a4685589e31019fed2e757e8f4bff5e335330b9854cf9e926,cuda,DONE,,,True,0,-7.723763057163784,-7.723763057163784,0.0935560033153773,0.5962000130848378,76.43099087801902,76.43099087801902,0.0,1.93104649360016,0.0,10,P2/m,False,CHGNET_0013,35,0.8683593027809948,0.058327777311205864,9e582c41c2d9a10e747eec7855d8ca34f8d8839393f86a1342d6739700c0e603
job_043_Mn_fe_-1.340_n4_generated_crystals_cif__gen_3,prospective,MACE-MP,0.3.16,01bfe22100139f424713cf921144e5509cbe353d67aa9fa1be9c6e1e0ed35845,cuda,DONE,,,True,2,-6.8552047179716835,-6.855403754382789,0.09558227282387764,0.45937869634916356,76.43099087801902,76.43813280624265,9.34428317831415e-05,1.9290125467574544,0.002663505628217482,10,P2/m,False,MACEMP_0013,35,0.8683593027809948,0.1428690403699875,5e1a83730fd8879031ce3002079a1fa61e99c19d4c9d7826d549e5674d67157d
job_044_Mn_fe_-0.936_n4_generated_crystals_cif__gen_0,prospective,CHGNet,0.4.2,131bf40fe7fb7e0a4685589e31019fed2e757e8f4bff5e335330b9854cf9e926,cuda,DONE,,,True,8,-7.6830324445452005,-7.685879298618862,0.09993544472787855,0.7931230825822448,76.60414357365546,76.50574597907557,-0.0012844944149174031,1.946044993113346,0.024486890442142677,12,C2/m,False,CHGNET_0028,9,0.864550844210644,0.673208873718977,018c9135b7f5453860e28f263ecf0619505f04bfbedaee065c4216b234a178dd
job_044_Mn_fe_-0.936_n4_generated_crystals_cif__gen_0,prospective,MACE-MP,0.3.16,01bfe22100139f424713cf921144e5509cbe353d67aa9fa1be9c6e1e0ed35845,cuda,DONE,,,True,6,-6.818668249062912,-6.821328454408218,0.08980864300786057,1.0734598482569315,76.60414357365546,76.29435372992873,-0.004044035077931052,1.92480682698629,0.01872884747702571,12,C2/m,False,MACEMP_0028,9,0.864550844210644,0.3231835886836052,1f88c9ef2e0cb05f3d82aab2e06ae974faed0ea8f081ff287f440a46b229bb71
job_044_Mn_fe_-0.936_n4_generated_crystals_cif__gen_1,development_calibration,CHGNet,0.4.2,131bf40fe7fb7e0a4685589e31019fed2e757e8f4bff5e335330b9854cf9e926,cuda,DONE,,,True,2,-7.723016466413226,-7.723221370152065,0.07372760298918324,1.4813643110233032,75.0287513763446,75.10724183872092,0.0010461384594102618,1.9286894660594243,0.002022999163272138,10,P2/m,False,CHGNET_0013,35,0.8680473279943355,0.16676212847232819,a2f15eb4eae55c5a4ee0e279e80ad9456fd7ea92c6a3c489889236de9745e7f7
job_044_Mn_fe_-0.936_n4_generated_crystals_cif__gen_1,development_calibration,MACE-MP,0.3.16,01bfe22100139f424713cf921144e5509cbe353d67aa9fa1be9c6e1e0ed35845,cuda,DONE,,,True,5,-6.854126513920922,-6.85517404215773,0.044702854319576234,1.2026395556623402,75.0287513763446,75.53556969762178,0.006754988080968749,1.9281584297614796,0.009177308769560268,10,P2/m,False,MACEMP_0013,35,0.8680473279943355,0.26951346918940544,cc1815162a5cf5e8632a53d7156473d6f36742055c4bf94756e2040715c5e036
job_044_Mn_fe_-0.936_n4_generated_crystals_cif__gen_2,prospective,CHGNet,0.4.2,131bf40fe7fb7e0a4685589e31019fed2e757e8f4bff5e335330b9854cf9e926,cuda,DONE,,,True,11,-7.720852988106864,-7.723227909633091,0.0973702361616285,0.6261932116272703,74.39121006557353,75.49787722347946,0.014876316125661093,1.9254407414257233,0.025749451436823535,10,P2/m,False,CHGNET_0013,35,0.8680097553223556,0.621146559715271,ab820c1b65eef65dfe4222bc80c920353b5077ec730d9d2ccadac6f40e487168
job_044_Mn_fe_-0.936_n4_generated_crystals_cif__gen_2,prospective,MACE-MP,0.3.16,01bfe22100139f424713cf921144e5509cbe353d67aa9fa1be9c6e1e0ed35845,cuda,DONE,,,True,12,-6.8519184712882515,-6.855218154310736,0.0838494953558332,0.322212791912623,74.39121006557353,75.67930760129319,0.017315184610980694,1.9259464226451772,0.02556140507132443,10,P2/m,False,MACEMP_0013,35,0.8680097553223556,0.5569648370146751,a96f4e09ced73204b40fdfc55932e28bbbe889b6f203a60a9e5d5e31d9afb556
job_044_Mn_fe_-0.936_n4_generated_crystals_cif__gen_3,prospective,CHGNet,0.4.2,131bf40fe7fb7e0a4685589e31019fed2e757e8f4bff5e335330b9854cf9e926,cuda,DONE,,,True,4,-7.713208334786551,-7.714377267020089,0.09454686120764173,0.7800045321159473,80.39073743531131,80.50719899513554,0.0014486937617401718,1.9034060091055902,0.010513322055084845,1,P1,False,CHGNET_0034,9,0.8703753639179235,0.3414159584790468,467adeceb773d9e2a8e7012085e30b5c92014b22d59a0227472c0b2f696cc84e
job_044_Mn_fe_-0.936_n4_generated_crystals_cif__gen_3,prospective,MACE-MP,0.3.16,01bfe22100139f424713cf921144e5509cbe353d67aa9fa1be9c6e1e0ed35845,cuda,DONE,,,True,7,-6.842719418951369,-6.844001903102166,0.050151609563851465,1.2859946937678974,80.39073743531131,80.52678639510752,0.0016923462097320208,1.910951213051633,0.009924792267618148,1,P1,False,MACEMP_0034,9,0.8703753639179235,0.39335393346846104,b3d30ec0bea508d8db8edecda30242fb213216e8206553e63dded4f8c4cddb90
job_045_Al_fe_-1.313_n4_generated_crystals_cif__gen_0,prospective,CHGNet,0.4.2,131bf40fe7fb7e0a4685589e31019fed2e757e8f4bff5e335330b9854cf9e926,cuda,DONE,,,True,4,-7.036534990583148,-7.037830352783203,0.055499204453338,1.63937482106153,63.41624155079681,63.28779115151449,-0.0020255126469365115,1.8761707261495852,0.013185719222831621,119,I-4m2,False,CHGNET_0018,9,0.40103868412431076,0.3304081652313471,5b3725ba5b5612601aaaef1de2f98599757e35137a4c4e4014fa8ef2ce86f8d6
job_045_Al_fe_-1.313_n4_generated_crystals_cif__gen_0,prospective,MACE-MP,0.3.16,01bfe22100139f424713cf921144e5509cbe353d67aa9fa1be9c6e1e0ed35845,cuda,DONE,,,True,0,-6.636791668658892,-6.636791668658892,0.06796001605412291,1.6843616984528864,63.41624155079681,63.41624155079681,0.0,1.8958975645049747,0.0,119,I-4m2,False,MACEMP_0018,9,0.40103868412431076,0.05495447851717472,804e11d78b93a7626778ac981f60c5f76df012ab245943a6092414bac57e85bf
job_045_Al_fe_-1.313_n4_generated_crystals_cif__gen_1,prospective,CHGNet,0.4.2,131bf40fe7fb7e0a4685589e31019fed2e757e8f4bff5e335330b9854cf9e926,cuda,DONE,,,True,13,-7.012169974190848,-7.016518184116909,0.09856567774171186,0.532564243936483,62.836617938030884,63.12326861195671,0.004561841221443874,1.8353059946104295,0.04213600473772786,8,Cm,False,CHGNET_0051,1,0.3987670382691064,1.055602079257369,bfc753cecceb8117d2a4936ed265e295771f0fe855e484d191e7e9cc068165d7
job_045_Al_fe_-1.313_n4_generated_crystals_cif__gen_1,prospective,MACE-MP,0.3.16,01bfe22100139f424713cf921144e5509cbe353d67aa9fa1be9c6e1e0ed35845,cuda,DONE,,,True,4,-6.616391695971521,-6.617751145847802,0.09271499679824832,0.2936535063413314,62.836617938030884,62.844221280184556,0.00012100177258389522,1.839751332847184,0.014888006337231209,8,Cm,False,MACEMP_0050,1,0.3987670382691064,0.24163349531590939,dc92190a2d1f9e12bea7cf4e17af8bb70655e1252c2765d6f56d6b2ab01b42a6
job_045_Al_fe_-1.313_n4_generated_crystals_cif__gen_3,prospective,CHGNet,0.4.2,131bf40fe7fb7e0a4685589e31019fed2e757e8f4bff5e335330b9854cf9e926,cuda,DONE,,,True,14,-6.997289930071149,-7.002257755824497,0.07808226742298202,0.663140842240482,62.744891665369074,63.96955386900559,0.019518118067170853,1.8206231882821091,0.031763676639344283,8,Cm,False,CHGNET_0052,2,0.37493316352810524,1.1817458234727383,a97bf7c8f847473189bb1796f6d4846da21a9535fa11c21d57f5ea0494902586
job_045_Al_fe_-1.313_n4_generated_crystals_cif__gen_3,prospective,MACE-MP,0.3.16,01bfe22100139f424713cf921144e5509cbe353d67aa9fa1be9c6e1e0ed35845,cuda,DONE,,,True,17,-6.621099336374755,-6.627324592296392,0.06597124193219181,1.1276074388430697,62.744891665369074,63.304816478143046,0.008923831054807874,1.8622890165570996,0.023232677407978457,8,Cm,False,MACEMP_0051,2,0.37493316352810524,0.9778461456298828,cda814ffda43f7a3588d01a915e40176dabc96965212e7f1ca8e5c57822a9fde
job_046_Ni_fe_-0.861_n4_generated_crystals_cif__gen_0,prospective,CHGNet,0.4.2,131bf40fe7fb7e0a4685589e31019fed2e757e8f4bff5e335330b9854cf9e926,cuda,DONE,,,True,5,-5.834752764020648,-5.835185459681919,0.031458579959463794,1.4325439203477877,67.75606192197775,67.62482903315447,-0.0019368435103916948,1.8826971017641034,0.004434469587378892,119,I-4m2,False,CHGNET_0053,7,1.1361388588245527,0.4277389384806156,d24ece31e8d8218d42bc045aa8a91f82bf1a99d75ae6301b22669dca2a6b6bb2
job_046_Ni_fe_-0.861_n4_generated_crystals_cif__gen_0,prospective,MACE-MP,0.3.16,01bfe22100139f424713cf921144e5509cbe353d67aa9fa1be9c6e1e0ed35845,cuda,DONE,,,True,12,-4.693101253493496,-4.699046600857367,0.04261804329166494,1.4795418704566334,67.75606192197775,68.44657056861648,0.010191097697411333,1.8561941389789074,0.008972309382605887,119,I-4m2,False,MACEMP_0052,7,1.1361388588245527,0.6503777205944061,798ed603101b0dd12d46222dfef7b8ad169a999296c6c6ee1ec896e433125f6c
job_046_Ni_fe_-0.861_n4_generated_crystals_cif__gen_1,prospective,CHGNet,0.4.2,131bf40fe7fb7e0a4685589e31019fed2e757e8f4bff5e335330b9854cf9e926,cuda,DONE,,,True,2,-5.90331050327846,-5.903476715087891,0.08310722859704595,1.5556982623668354,69.55483366492196,69.6047078107316,0.0007170478769298327,1.8691107479263294,0.0018301586204843038,10,P2/m,False,CHGNET_0054,2,1.1160657023755975,0.20103725418448448,860edb00cc6943301f197d39d40af83529f4b836bcfc5401530c7c91a09511da
job_046_Ni_fe_-0.861_n4_generated_crystals_cif__gen_1,prospective,MACE-MP,0.3.16,01bfe22100139f424713cf921144e5509cbe353d67aa9fa1be9c6e1e0ed35845,cuda,DONE,,,True,0,-4.787411012712293,-4.787411012712293,0.09308349548227711,1.001117137230214,69.55483366492196,69.55483366492196,0.0,1.8661874736013673,0.0,10,P2/m,False,MACEMP_0053,2,1.1160657023755975,0.05116034112870693,d7666723ee32c15164ce2d07379f1c48f1e989aca406e3132b27c594c95eecbd
job_046_Ni_fe_-0.861_n4_generated_crystals_cif__gen_2,prospective,CHGNet,0.4.2,131bf40fe7fb7e0a4685589e31019fed2e757e8f4bff5e335330b9854cf9e926,cuda,DONE,,,True,10,-5.8986004420689175,-5.902919769287109,0.09203890813656276,0.9755334175626039,70.09589145476774,69.12193535336685,-0.013894624651850984,1.8570796209213882,0.041371768764425686,2,P-1,False,CHGNET_0026,30,1.1073722750287995,0.7879805974662304,455cb7a74e1d7c8dfe5abae0a216889f5fafd1e08f3fc684085f176f600e5c4f
job_046_Ni_fe_-0.861_n4_generated_crystals_cif__gen_2,prospective,MACE-MP,0.3.16,01bfe22100139f424713cf921144e5509cbe353d67aa9fa1be9c6e1e0ed35845,cuda,DONE,,,True,4,-4.794473795527364,-4.79554749425831,0.07035913218344461,1.3838303883446903,70.09589145476774,69.77443906932623,-0.004585894818798786,1.8545750787662667,0.009983039523056377,2,P-1,False,MACEMP_0026,30,1.1073722750287995,0.2542497217655182,41baf8a9e41f99def636d7d99f20f1e7f3ae0063e5435860c3dc20c41bdb0cbd
job_046_Ni_fe_-0.861_n4_generated_crystals_cif__gen_3,prospective,CHGNet,0.4.2,131bf40fe7fb7e0a4685589e31019fed2e757e8f4bff5e335330b9854cf9e926,cuda,DONE,,,True,7,-5.897463117327009,-5.900162833077567,0.09875887142625205,1.3671756609690857,69.83174963048795,69.51761869857768,-0.004498396983785735,1.8575146063480823,0.03074369242424249,5,C2,False,CHGNET_0026,30,1.1080980472637663,0.5828966964036226,c15cb5819f15b58e8f8680fdbe72606cb53a2f876fd8c78cac0de1137ad9080d
job_046_Ni_fe_-0.861_n4_generated_crystals_cif__gen_3,prospective,MACE-MP,0.3.16,01bfe22100139f424713cf921144e5509cbe353d67aa9fa1be9c6e1e0ed35845,cuda,DONE,,,True,4,-4.791080974925554,-4.792064785813801,0.07952443983917079,1.4278293273960523,69.83174963048795,69.54646351672064,-0.0040853353277970905,1.8602762521242493,0.009458762209376047,5,C2,False,MACEMP_0026,30,1.1080980472637663,0.1908730324357748,867a0b732c3172af635de169a6673c414ed0e07090a577734073cd0bfa3b08e5
job_047_Mg_fe_-0.887_n4_generated_crystals_cif__gen_3,prospective,CHGNet,0.4.2,131bf40fe7fb7e0a4685589e31019fed2e757e8f4bff5e335330b9854cf9e926,cuda,DONE,,,True,13,-5.45636967250279,-5.461524963378906,0.03282339382218727,1.3675042309139407,77.44521717627396,78.05689368131787,0.007898183094401823,2.0250408621880913,0.0405105595720736,119,I-4m2,False,CHGNET_0020,15,0.3945944873618217,0.9698946215212345,0dcd25a3509356d151c9ad44c11976eb38c12f43f9f65e785c45e56adc026492
job_047_Mg_fe_-0.887_n4_generated_crystals_cif__gen_3,prospective,MACE-MP,0.3.16,01bfe22100139f424713cf921144e5509cbe353d67aa9fa1be9c6e1e0ed35845,cuda,DONE,,,True,7,-5.065479160496028,-5.066930476017085,0.018950760711003937,1.4296879376976404,77.44521717627396,77.09749621911728,-0.00448989582358883,2.0362010430297746,0.0072595008991510656,119,I-4m2,False,MACEMP_0020,15,0.3945944873618217,0.3966930117458105,5e52f5c1d75e3b58ce3e5d8544b4ff73ba5f7084860750cd25152669d0e3c451
job_048_Co_fe_-1.351_n4_generated_crystals_cif__gen_0,prospective,CHGNet,0.4.2,131bf40fe7fb7e0a4685589e31019fed2e757e8f4bff5e335330b9854cf9e926,cuda,DONE,,,True,18,-6.499486650739398,-6.5153928484235495,0.0802309662951491,0.578683370373036,69.75098938904353,67.81223214803896,-0.027795408466408156,1.8715683589169256,0.03861730470500632,156,P3m1,False,CHGNET_0055,1,0.8749310769296743,1.4497335888445377,2311925a3e9b04ab910b3f0ab48989755530df29b0bd7ec9ea032d8f050258b8
job_048_Co_fe_-1.351_n4_generated_crystals_cif__gen_0,prospective,MACE-MP,0.3.16,01bfe22100139f424713cf921144e5509cbe353d67aa9fa1be9c6e1e0ed35845,cuda,DONE,,,True,5,-5.637426724015131,-5.640461771493875,0.06908114545439151,1.3848794477575501,69.75098938904353,69.05603797476444,-0.009963319809026983,1.8728414117882448,0.020249306410362974,156,P3m1,False,MACEMP_0054,1,0.8749310769296743,0.1807595957070589,24176eff592c586ed4ac664f9087eb94a5fb7170cd765e318588a0338795df59
job_048_Co_fe_-1.351_n4_generated_crystals_cif__gen_1,prospective,CHGNet,0.4.2,131bf40fe7fb7e0a4685589e31019fed2e757e8f4bff5e335330b9854cf9e926,cuda,DONE,,,True,4,-6.536412920270648,-6.539308275495257,0.09587568178636464,0.27235184365106063,68.48281182701768,68.02837327750399,-0.006635804479839025,1.8839850712712383,0.019098472865734583,10,P2/m,False,CHGNET_0038,18,0.8461227732424028,0.1723147388547659,dce8eef582f21f062e359e14d4a00abbae166e4c86e8db2f605f4fada22792b2
job_048_Co_fe_-1.351_n4_generated_crystals_cif__gen_1,prospective,MACE-MP,0.3.16,01bfe22100139f424713cf921144e5509cbe353d67aa9fa1be9c6e1e0ed35845,cuda,DONE,,,True,4,-5.69086044166025,-5.693185502252854,0.054967249333672336,1.1448790030503235,68.48281182701768,68.02424537905752,-0.006696080895721268,1.8916123452535663,0.015540226129098741,10,P2/m,False,MACEMP_0038,18,0.8461227732424028,0.22113356739282608,2b70e9c76b92b6b30d1454bcefb3fac96ef54a9447babfd60078e3493a301d1a
job_048_Co_fe_-1.351_n4_generated_crystals_cif__gen_3,prospective,CHGNet,0.4.2,131bf40fe7fb7e0a4685589e31019fed2e757e8f4bff5e335330b9854cf9e926,cuda,DONE,,,True,25,-6.4343076433454245,-6.443551199776786,0.0643601795195982,0.9275175159232762,71.378158857919,71.29986997868983,-0.0010968184173119067,1.7035823195734328,0.033130374666676,156,P3m1,False,CHGNET_0056,1,0.8778973137635138,1.9907175078988075,06605d1f51f92d679627dffd5f0de7605d632a8515a4e9b82192f316a819a805
job_048_Co_fe_-1.351_n4_generated_crystals_cif__gen_3,prospective,MACE-MP,0.3.16,01bfe22100139f424713cf921144e5509cbe353d67aa9fa1be9c6e1e0ed35845,cuda,DONE,,,True,18,-5.557881424817732,-5.565653886013272,0.08749772601579983,1.4518244614301332,71.378158857919,71.89059638503225,0.007179192281118851,1.7369246171147807,0.03765570709348588,156,P3m1,False,MACEMP_0055,1,0.8778973137635138,1.1022023670375347,a007995ae3ad997a92a9c90d6e361ef36bc48b27fb6f3db411c1ee17a3f9374d
job_049_Al_fe_-1.223_n4_generated_crystals_cif__gen_1,prospective,CHGNet,0.4.2,131bf40fe7fb7e0a4685589e31019fed2e757e8f4bff5e335330b9854cf9e926,cuda,DONE,,,True,8,-7.022199358258929,-7.025519234793527,0.0723544879290781,1.0484431181687879,68.56303229758464,69.64529378654483,0.01578491284141048,1.8674697659410733,0.024811279943874623,12,C2/m,False,CHGNET_0019,8,0.38654848025086697,0.60640505887568,35e35735d523df4a0a4a21fa9a155aad2716c67aa6f0428e4a9b439ac8e219b0
job_049_Al_fe_-1.223_n4_generated_crystals_cif__gen_1,prospective,MACE-MP,0.3.16,01bfe22100139f424713cf921144e5509cbe353d67aa9fa1be9c6e1e0ed35845,cuda,DONE,,,True,2,-6.638711143777164,-6.63897075454266,0.09810586266050321,1.1636115870155805,68.56303229758464,68.54607444897503,-0.00024733224364992257,1.8713167380345435,0.002735420271928364,12,C2/m,False,MACEMP_0019,8,0.38654848025086697,0.14604880847036839,dcd5a2412ed98800c1ffd21436b70a41acbeaf547e096369dfd0bedc6acc1f73
job_049_Al_fe_-1.223_n4_generated_crystals_cif__gen_2,prospective,CHGNet,0.4.2,131bf40fe7fb7e0a4685589e31019fed2e757e8f4bff5e335330b9854cf9e926,cuda,DONE,,,True,27,-6.807432447160993,-6.819383893694196,0.09194905000757454,1.0210637069669661,76.60455272950175,75.8082105573011,-0.01039549405128204,1.706364432595556,0.08541993148143476,160,R3m,False,CHGNET_0057,1,0.37485259831758366,2.2333081159740686,d485a85707cda14e84c75bae03d7a032c9def10a17247280809c7e7f460d3c18
job_049_Al_fe_-1.223_n4_generated_crystals_cif__gen_2,prospective,MACE-MP,0.3.16,01bfe22100139f424713cf921144e5509cbe353d67aa9fa1be9c6e1e0ed35845,cuda,DONE,,,True,16,-6.439294470836141,-6.4445312953766125,0.07716143707815384,1.0776588845005328,76.60455272950175,75.89132030540559,-0.009310574876856936,1.7038399161835325,0.03349711419594474,160,R3m,False,MACEMP_0056,1,0.37485259831758366,0.9879403952509165,26ee99e6335960fd7f6bb1dbd61240fb91aec1908d8480af6762feb4e6e1a6ae
job_049_Al_fe_-1.223_n4_generated_crystals_cif__gen_3,prospective,CHGNet,0.4.2,131bf40fe7fb7e0a4685589e31019fed2e757e8f4bff5e335330b9854cf9e926,cuda,DONE,,,True,11,-7.0199786594935825,-7.024156842912946,0.0856024887548936,1.4343476231150025,70.43125225512149,70.41268613992591,-0.0002636062060679123,1.8671287906620293,0.022511202620940658,12,C2/m,False,CHGNET_0019,8,0.3848259294427985,1.0525903943926096,a70bc764d85589dbe5a470ed7e79a474911c1444f2ef7292590a8d32e92ad399
job_049_Al_fe_-1.223_n4_generated_crystals_cif__gen_3,prospective,MACE-MP,0.3.16,01bfe22100139f424713cf921144e5509cbe353d67aa9fa1be9c6e1e0ed35845,cuda,DONE,,,True,11,-6.635818842610801,-6.639330913470148,0.0867652202459237,1.1754079453181543,70.43125225512149,69.9495093911457,-0.0068399020115500475,1.8768136467729186,0.022844717409292083,12,C2/m,False,MACEMP_0019,8,0.3848259294427985,0.6095830369740725,40886485ab06624a0426ab8d1c727178e26fe37b1b9f8085d0beb77ec5524ad6
job_050_Ti_fe_-1.179_n4_generated_crystals_cif__gen_0,prospective,CHGNet,0.4.2,131bf40fe7fb7e0a4685589e31019fed2e757e8f4bff5e335330b9854cf9e926,cuda,DONE,,,True,2,-8.460535866873604,-8.460626874651227,0.03825004603447826,1.605885605478689,66.3667918907555,66.41279645519435,0.0006931865037953511,1.8802838649746323,0.0010308115255647482,139,I4/mmm,False,CHGNET_0058,5,0.3890531695654964,0.20254211500287056,b223f925d474534c294f32bbef10ecc4bdbbbb377b9c66d3f6d845e623020fa3
job_050_Ti_fe_-1.179_n4_generated_crystals_cif__gen_0,prospective,MACE-MP,0.3.16,01bfe22100139f424713cf921144e5509cbe353d67aa9fa1be9c6e1e0ed35845,cuda,DONE,,,True,0,-8.071573705085731,-8.071573705085731,0.09199501996207624,0.6902808743412094,66.3667918907555,66.3667918907555,0.0,1.8779504674400238,0.0,139,I4/mmm,False,MACEMP_0057,5,0.3890531695654964,0.04904693737626076,118cfe456324cee2e1d349d687f65d18ac6d02aad06e87fca1a518c43cf2ec50
job_050_Ti_fe_-1.179_n4_generated_crystals_cif__gen_1,prospective,CHGNet,0.4.2,131bf40fe7fb7e0a4685589e31019fed2e757e8f4bff5e335330b9854cf9e926,cuda,DONE,,,True,5,-8.458854675292969,-8.460738045828682,0.04121269019362083,0.4997335857794447,65.93932282431791,66.59669414372154,0.009969336827359454,1.889748384069206,0.009438644123779079,139,I4/mmm,False,CHGNET_0058,5,0.38900834401288087,0.4327897485345602,d53a915c5fda27f78d7db66a067fc88cb5895a75baed0936c55b9cd1a34275c8
job_050_Ti_fe_-1.179_n4_generated_crystals_cif__gen_1,prospective,MACE-MP,0.3.16,01bfe22100139f424713cf921144e5509cbe353d67aa9fa1be9c6e1e0ed35845,cuda,DONE,,,True,4,-8.070614289858703,-8.071729701815801,0.038349530157359896,1.031083356356903,65.93932282431791,66.27746774355255,0.005128122412411784,1.8815143006071533,0.009215737107864793,139,I4/mmm,False,MACEMP_0057,5,0.38900834401288087,0.24236970394849777,199b5144f3735107b3e74481c60297ef615cad572a16c25b3ac05e61d5af7199
job_050_Ti_fe_-1.179_n4_generated_crystals_cif__gen_2,prospective,CHGNet,0.4.2,131bf40fe7fb7e0a4685589e31019fed2e757e8f4bff5e335330b9854cf9e926,cuda,DONE,,,True,3,-8.544051034109932,-8.544779641287667,0.09592817022717505,1.5242183668918132,70.53804900293423,70.6515907053354,0.0016096518688295536,1.944123085802489,0.006622156396818496,44,Imm2,False,CHGNET_0002,41,0.3881561009638581,0.26145663671195507,75d6293d65ba152defcf474eb8c2d2c4bd9ccb28bdeb587929a80f06a3b2fc80
job_050_Ti_fe_-1.179_n4_generated_crystals_cif__gen_2,prospective,MACE-MP,0.3.16,01bfe22100139f424713cf921144e5509cbe353d67aa9fa1be9c6e1e0ed35845,cuda,DONE,,,True,4,-8.15535054488679,-8.156623540323809,0.0626066803690368,1.574382471298853,70.53804900293423,70.84412189178919,0.004339117585208774,1.9492404908834626,0.009991173760855213,44,Imm2,False,MACEMP_0002,41,0.3881561009638581,0.2431484330445528,5f47e02037374f86e3fec3df5989c4ec273803fcd94ccffd662ef50c12fe97bb
job_050_Ti_fe_-1.179_n4_generated_crystals_cif__gen_3,prospective,CHGNet,0.4.2,131bf40fe7fb7e0a4685589e31019fed2e757e8f4bff5e335330b9854cf9e926,cuda,DONE,,,True,4,-8.543663024902344,-8.54467282976423,0.07850505640078416,0.8228130776151654,71.60187743839975,71.49877209057273,-0.0014399810663585644,1.9363526087040819,0.010778419320093548,44,Imm2,False,CHGNET_0002,41,0.38833119542323224,0.34906369633972645,217316553dfb6d94da4774edd1a640d0386182189d74fdc95594875cdd6c072a
job_050_Ti_fe_-1.179_n4_generated_crystals_cif__gen_3,prospective,MACE-MP,0.3.16,01bfe22100139f424713cf921144e5509cbe353d67aa9fa1be9c6e1e0ed35845,cuda,DONE,,,True,4,-8.1543957074005,-8.156341634340997,0.08661960193552277,1.3611243697702693,71.60187743839975,71.55066114977068,-0.000715292537868728,1.9334185576982255,0.016001675411458097,44,Imm2,False,MACEMP_0002,41,0.38833119542323224,0.24235163256525993,04557fe8c7272072aa0354e6cef3d28901de18b67675f5ff5369d35ef55dcf15
job_051_Co_fe_-1.402_n4_generated_crystals_cif__gen_0,prospective,CHGNet,0.4.2,131bf40fe7fb7e0a4685589e31019fed2e757e8f4bff5e335330b9854cf9e926,cuda,DONE,,,True,4,-6.53857912336077,-6.541133335658482,0.05466360496935863,1.4055480645697849,69.03627214798128,68.53415728625956,-0.007273203579785226,1.8886875223205057,0.015933043253150078,12,C2/m,False,CHGNET_0031,25,0.8434425227592346,0.33869626745581627,0afa286cddb9b3cad00a4d6c90c60c92cd947df919fc96f3a2759086c7513bc4
job_051_Co_fe_-1.402_n4_generated_crystals_cif__gen_0,prospective,MACE-MP,0.3.16,01bfe22100139f424713cf921144e5509cbe353d67aa9fa1be9c6e1e0ed35845,cuda,DONE,,,True,9,-5.695141662342272,-5.697690812899247,0.09273134399375098,1.5144300798013448,69.03627214798128,68.23827770828068,-0.011559060402190902,1.8932805729546762,0.015288778478793187,12,C2/m,False,MACEMP_0031,25,0.8434425227592346,0.5514086596667767,a3ab916e8e3fbc82ad22d612c312c2aa634c76198cc58dccc18bc19ef5ef2e26
job_051_Co_fe_-1.402_n4_generated_crystals_cif__gen_1,prospective,CHGNet,0.4.2,131bf40fe7fb7e0a4685589e31019fed2e757e8f4bff5e335330b9854cf9e926,cuda,DONE,,,True,4,-6.533587319510324,-6.537409101213727,0.07098819289218966,1.0866650391221728,69.29406620750416,68.68164966459719,-0.008837936297071414,1.9014036144575917,0.021694609246366764,12,C2/m,False,CHGNET_0036,18,0.8443949579543579,0.3479353468865156,3a9fa7f1bdc96d42691009f9fd9d90e4fc8f2140bd376d61783c61aa05b4a849
job_051_Co_fe_-1.402_n4_generated_crystals_cif__gen_1,prospective,MACE-MP,0.3.16,01bfe22100139f424713cf921144e5509cbe353d67aa9fa1be9c6e1e0ed35845,cuda,DONE,,,True,10,-5.688255912482011,-5.6930141432593695,0.08691967722983379,0.6685491633653516,69.29406620750416,68.4083883374944,-0.012781438851597438,1.8949406306592855,0.02564754055956347,12,C2/m,False,MACEMP_0036,18,0.8443949579543579,0.611639691516757,6f6962394560147a6dfae7d486d64606467d3b7e53cbf56dbdcc8ff14c92b51f
job_051_Co_fe_-1.402_n4_generated_crystals_cif__gen_2,prospective,CHGNet,0.4.2,131bf40fe7fb7e0a4685589e31019fed2e757e8f4bff5e335330b9854cf9e926,cuda,DONE,,,True,19,-6.530384063720703,-6.539195469447544,0.04790669704338357,1.46678741434627,69.86283729414949,67.82551412630596,-0.029161758192923215,1.8798428686315325,0.01659084262002144,10,P2/m,False,CHGNET_0038,18,0.8459234977371404,1.589492293074727,cb2980e609979e3af9590e9cfd7e5e26c2cd42295a7020dbab899961bc1e3dc6
job_051_Co_fe_-1.402_n4_generated_crystals_cif__gen_2,prospective,MACE-MP,0.3.16,01bfe22100139f424713cf921144e5509cbe353d67aa9fa1be9c6e1e0ed35845,cuda,DONE,,,True,20,-5.686609570364538,-5.693271971710404,0.04011037100739867,1.2678201617283529,69.86283729414949,67.56974002836185,-0.032822847662668075,1.8896706490534854,0.013855793698597806,10,P2/m,False,MACEMP_0038,18,0.8459234977371404,1.2368770986795425,84f1c8e2d6164726a8f01fd7ab6e8782f0988164b2c84d0c36636a423b4400f7
job_052_Ti_fe_-1.107_n4_generated_crystals_cif__gen_0,prospective,CHGNet,0.4.2,131bf40fe7fb7e0a4685589e31019fed2e757e8f4bff5e335330b9854cf9e926,cuda,DONE,,,True,4,-8.542938232421875,-8.543932233537946,0.02112902443632986,1.3211418478231645,72.13264999395906,71.98096498571485,-0.0021028619946296123,1.9374419265160578,0.009210607432507855,44,Imm2,False,CHGNET_0002,41,0.3883009309898675,0.3448775466531515,1dbed5aab7551faeeb94a48a704aee47f6ebaee640acb2a7bafbd57fdca8ebf5
job_052_Ti_fe_-1.107_n4_generated_crystals_cif__gen_0,prospective,MACE-MP,0.3.16,01bfe22100139f424713cf921144e5509cbe353d67aa9fa1be9c6e1e0ed35845,cuda,DONE,,,True,5,-8.154213838972982,-8.155631302548079,0.07099482860462909,1.54464835471367,72.13264999395906,72.05802486699456,-0.0010345540746216075,1.9204436570703867,0.01473431958879873,44,Imm2,False,MACEMP_0002,41,0.3883009309898675,0.32503282092511654,eaa611449a79898d3d446c8fb067f87d49ea5e4d669555abca70eb67c03ff1b1
job_052_Ti_fe_-1.107_n4_generated_crystals_cif__gen_2,prospective,CHGNet,0.4.2,131bf40fe7fb7e0a4685589e31019fed2e757e8f4bff5e335330b9854cf9e926,cuda,DONE,,,True,21,-8.381190163748604,-8.394710540771484,0.04939528322333245,0.4948033206418763,79.53497023237347,83.14445082481889,0.04538230896296036,1.6979545406085472,0.022711382762792963,166,R-3m,False,CHGNET_0059,1,0.383581818755399,1.7414678521454334,bba8c2c8b505e56405f2a2d55b7c649d9f93a791286d73e7d73b1bcf689fb0e5
job_052_Ti_fe_-1.107_n4_generated_crystals_cif__gen_2,prospective,MACE-MP,0.3.16,01bfe22100139f424713cf921144e5509cbe353d67aa9fa1be9c6e1e0ed35845,cuda,DONE,,,True,28,-7.990028338948024,-8.011128722016085,0.046175899293525176,0.3979951991994579,79.53497023237347,84.02748254034653,0.05648474243276258,1.6916694693382774,0.02196523768288811,166,R-3m,False,MACEMP_0058,1,0.383581818755399,1.7374109383672476,5b29ea921318ed890e12f6e8e94412292a3e60b2a2a3bb1e14a36cb3e049f96f
job_052_Ti_fe_-1.107_n4_generated_crystals_cif__gen_3,prospective,CHGNet,0.4.2,131bf40fe7fb7e0a4685589e31019fed2e757e8f4bff5e335330b9854cf9e926,cuda,DONE,,,True,3,-8.543479919433594,-8.54452896118164,0.08741050532251862,0.7050353753885605,76.09259865275821,75.93648181950684,-0.0020516690981181585,1.9583942455303665,0.008619850833066203,12,C2/m,False,CHGNET_0003,9,0.4000946242291157,0.273211482912302,79f5fd87679a92768c3bd9172054494067c8cb6632083c798e12b40e50577554
job_052_Ti_fe_-1.107_n4_generated_crystals_cif__gen_3,prospective,MACE-MP,0.3.16,01bfe22100139f424713cf921144e5509cbe353d67aa9fa1be9c6e1e0ed35845,cuda,DONE,,,True,3,-8.14348921475912,-8.144434336952525,0.055764156077693146,0.6873459859241013,76.09259865275821,75.89564142407019,-0.0025883887812376827,1.9612501072067017,0.008069768729922589,12,C2/m,False,MACEMP_0003,9,0.4000946242291157,0.18983951583504677,f5a57c2474a55b4cc248ec5c41b49422fee8198308e2ba20e824366c74577fdc
job_053_Co_fe_-0.977_n4_generated_crystals_cif__gen_1,prospective,CHGNet,0.4.2,131bf40fe7fb7e0a4685589e31019fed2e757e8f4bff5e335330b9854cf9e926,cuda,DONE,,,True,11,-6.535092490059989,-6.541021619524274,0.08507188957727935,0.909299715095728,70.07302111432753,68.92525088020571,-0.016379631074407097,1.8865033785916074,0.025611926458589226,12,C2/m,False,CHGNET_0031,25,0.8429215357213264,0.9355498477816582,fefa2e32d754a8d2c928b9418888c1ae78e596d20642811a8e6c9c71ffd55979
job_053_Co_fe_-0.977_n4_generated_crystals_cif__gen_1,prospective,MACE-MP,0.3.16,01bfe22100139f424713cf921144e5509cbe353d67aa9fa1be9c6e1e0ed35845,cuda,DONE,,,True,17,-5.692034213528991,-5.698100083802948,0.0260826603658972,1.5093263934626002,70.07302111432753,68.34443829090013,-0.024668307373348908,1.8983154397474302,0.012879783475226749,12,C2/m,False,MACEMP_0031,25,0.8429215357213264,1.052101168781519,c691495fdaf9463d6a0a245e760143e1c6a3d732636f00ab9ecf82e4d2edb45c
job_053_Co_fe_-0.977_n4_generated_crystals_cif__gen_2,prospective,CHGNet,0.4.2,131bf40fe7fb7e0a4685589e31019fed2e757e8f4bff5e335330b9854cf9e926,cuda,DONE,,,True,5,-6.456729343959263,-6.466485704694476,0.09144701820357432,0.44005419716939315,68.22126237996595,67.49776394853737,-0.010605175075755313,1.8535808943400607,0.04142681968158022,119,I-4m2,False,CHGNET_0042,12,0.8811612622193437,0.44049794413149357,44a42328cc7b5cf469da081625335e55124784d907a757f73e98e7d11c481cb4
job_053_Co_fe_-0.977_n4_generated_crystals_cif__gen_2,prospective,MACE-MP,0.3.16,01bfe22100139f424713cf921144e5509cbe353d67aa9fa1be9c6e1e0ed35845,cuda,DONE,,,True,6,-5.57903323543315,-5.585324442475132,0.08702128330030381,1.3761394951024004,68.22126237996595,66.94001240222548,-0.018780801366653166,1.860750186059498,0.031471740133917424,119,I-4m2,False,MACEMP_0042,12,0.8811612622193437,0.37031046487390995,4d4664763fa1bf4cd51722326eef80b803c629bf39302d1be05b77e21bcd68cb
job_053_Co_fe_-0.977_n4_generated_crystals_cif__gen_3,prospective,CHGNet,0.4.2,131bf40fe7fb7e0a4685589e31019fed2e757e8f4bff5e335330b9854cf9e926,cuda,DONE,,,True,7,-6.535645621163504,-6.5384995596749445,0.09856024019736709,1.4504485949131751,68.61435719733507,68.03745298762448,-0.008407922675008228,1.8879421679777422,0.01631215876780458,10,P2/m,False,CHGNET_0038,18,0.8458606432968008,0.5937539599835873,002c2845aa4d3c335c49a0c5a66b1abdd6e8fef75762f62aa4e53bc71898cc73
job_053_Co_fe_-0.977_n4_generated_crystals_cif__gen_3,prospective,MACE-MP,0.3.16,01bfe22100139f424713cf921144e5509cbe353d67aa9fa1be9c6e1e0ed35845,cuda,DONE,,,True,9,-5.690376330850055,-5.692638916378144,0.09819378173221444,1.4829969500829159,68.61435719733507,67.88653511295941,-0.010607431361375874,1.891611684615482,0.014344255622914866,10,P2/m,False,MACEMP_0038,18,0.8458606432968008,0.4201274812221527,8b8133e0ea488837b5fe86b1d1bff3836dbc003fff214a236c3306a4c17adee5
job_054_Al_fe_-0.872_n4_generated_crystals_cif__gen_2,prospective,CHGNet,0.4.2,131bf40fe7fb7e0a4685589e31019fed2e757e8f4bff5e335330b9854cf9e926,cuda,DONE,,,True,10,-7.0188108171735495,-7.022248949323382,0.09597472936860456,0.9292878692887312,70.91224405523086,69.69226075151497,-0.01720412772109836,1.8516331001038366,0.031661054315396286,25,Pmm2,False,CHGNET_0060,1,0.3668630797547552,0.8345980402082205,b312a390f4e1305cb076faefb24e6a4a759bcac5a3a11fb4a3c888f82b7f89a2
job_054_Al_fe_-0.872_n4_generated_crystals_cif__gen_2,prospective,MACE-MP,0.3.16,01bfe22100139f424713cf921144e5509cbe353d67aa9fa1be9c6e1e0ed35845,cuda,DONE,,,True,12,-6.65178078754558,-6.655385869568627,0.09174101384378347,0.681503990344067,70.91224405523086,69.55006091020799,-0.019209420928237964,1.8484638081626426,0.029520605283609686,25,Pmm2,False,MACEMP_0059,1,0.3668630797547552,0.7449462730437517,f2bf89130d296bae12f98333e1c5d1a939cde76e2c7e9448b38a3ef873c3f521
job_055_Al_fe_-1.247_n4_generated_crystals_cif__gen_2,prospective,CHGNet,0.4.2,131bf40fe7fb7e0a4685589e31019fed2e757e8f4bff5e335330b9854cf9e926,cuda,DONE,,,True,3,-7.040919712611607,-7.041661943708148,0.04292971373839772,1.174472671026805,63.75776060458271,63.67433368630234,-0.001308498251652357,1.8679243665464496,0.007514733712843608,44,Imm2,False,CHGNET_0018,9,0.4017671544529362,0.25980521366000175,9671a651220500da5a0a82757f66b9a4530e858c94e5ad560ed338a059f3f206
job_055_Al_fe_-1.247_n4_generated_crystals_cif__gen_2,prospective,MACE-MP,0.3.16,01bfe22100139f424713cf921144e5509cbe353d67aa9fa1be9c6e1e0ed35845,cuda,DONE,,,True,4,-6.638692738047402,-6.639894789255211,0.06896976918806182,1.2883703656690104,63.75776060458271,63.59298724891367,-0.00258436548126173,1.8717633546430197,0.013327650004040365,44,Imm2,False,MACEMP_0018,9,0.4017671544529362,0.24851660430431366,ffdb639b7bb0785a30533d29dd936c126f7b8907204010da2b03af3751455dbe
job_056_Ni_fe_-1.143_n4_generated_crystals_cif__gen_3,prospective,CHGNet,0.4.2,131bf40fe7fb7e0a4685589e31019fed2e757e8f4bff5e335330b9854cf9e926,cuda,DONE,,,True,11,-5.817931583949497,-5.822586604527065,0.08152576521799548,1.4307648379442883,66.67317209198171,65.86121983682025,-0.012178095472063277,1.8595755445514988,0.024668498325831574,1,P1,False,CHGNET_0061,10,1.1180063091213555,0.7952093034982681,ea344ab40a331dc181513c4c1237c271661290c789c996ecb23331db37fb8cd7
job_056_Ni_fe_-1.143_n4_generated_crystals_cif__gen_3,prospective,MACE-MP,0.3.16,01bfe22100139f424713cf921144e5509cbe353d67aa9fa1be9c6e1e0ed35845,cuda,DONE,,,True,18,-4.697409198742834,-4.70458029540571,0.09420459890690525,0.973933710449539,66.67317209198171,65.10678527078773,-0.02349350978881004,1.8163465666340797,0.0632152652412489,1,P1,False,MACEMP_0060,10,1.1180063091213555,1.0918073691427708,39a170ad7b96eaeab2b0b348ea966b10ca9344fa26249183b56388b99fa22343
job_057_Mn_fe_-0.971_n4_generated_crystals_cif__gen_0,prospective,CHGNet,0.4.2,131bf40fe7fb7e0a4685589e31019fed2e757e8f4bff5e335330b9854cf9e926,cuda,DONE,,,True,4,-7.7007326398577005,-7.701993124825614,0.08374122776862312,1.0014504537669002,81.7617927910067,81.94287886595849,0.002214800688320029,1.9416048050700754,0.01329979623070852,10,P2/m,False,CHGNET_0062,1,0.8668807378539807,0.3449084274470806,ba57ea558b8a6f340de63bdb1771286a0b0b526b708885d56d8c2f28ea606c66
job_057_Mn_fe_-0.971_n4_generated_crystals_cif__gen_0,prospective,MACE-MP,0.3.16,01bfe22100139f424713cf921144e5509cbe353d67aa9fa1be9c6e1e0ed35845,cuda,DONE,,,True,3,-6.833241274261108,-6.835112386971633,0.08367092981022192,1.0041559798983766,81.7617927910067,81.88724567485792,0.0015343705118098239,1.937511641849138,0.012213348369994523,10,P2/m,False,MACEMP_0061,1,0.8668807378539807,0.19419600069522858,820ab960b27ff9f20e111537a8ea51abe42ec9378ff230c51f5cb929e5fb614e
job_057_Mn_fe_-0.971_n4_generated_crystals_cif__gen_1,prospective,CHGNet,0.4.2,131bf40fe7fb7e0a4685589e31019fed2e757e8f4bff5e335330b9854cf9e926,cuda,DONE,,,True,9,-7.72034672328404,-7.723024640764509,0.08553788641645309,0.5010128374959424,73.71056921586549,75.28687834037967,0.021385116697415274,1.9250356087406564,0.016998738394395793,10,P2/m,False,CHGNET_0013,35,0.8680080879754426,0.7059476636350155,f662d16ee37bb9bd5377021c3a6a14678ce131f57e9151987965f1c00c19332a
job_057_Mn_fe_-0.971_n4_generated_crystals_cif__gen_1,prospective,MACE-MP,0.3.16,01bfe22100139f424713cf921144e5509cbe353d67aa9fa1be9c6e1e0ed35845,cuda,DONE,,,True,12,-6.851317058036469,-6.855016552789066,0.09037283268361172,0.3705526311185297,73.71056921586549,75.80413958828211,0.028402580453360526,1.9268563446120843,0.018868358192338112,10,P2/m,False,MACEMP_0013,35,0.8680080879754426,0.7231953721493483,2330392d56e14f4e66573b6cb313d956986e2d60b6b47e5fa76a45ea60f131d4
job_058_Cr_fe_-1.423_n4_generated_crystals_cif__gen_0,development_calibration,CHGNet,0.4.2,131bf40fe7fb7e0a4685589e31019fed2e757e8f4bff5e335330b9854cf9e926,cuda,DONE,,,True,6,-7.792076110839844,-7.7973447527204245,0.07451971834239772,0.909181089706918,79.25534128993425,79.86233815333838,0.007658750230897349,1.7141092167871064,0.025667406533800955,166,R-3m,False,CHGNET_0063,1,1.0023737842889666,0.49888876266777515,d5fb1e392ba823e3bbc305ed635847e9d14b6aecc07811b3ca335184ab83f367
job_058_Cr_fe_-1.423_n4_generated_crystals_cif__gen_0,development_calibration,MACE-MP,0.3.16,01bfe22100139f424713cf921144e5509cbe353d67aa9fa1be9c6e1e0ed35845,cuda,DONE,,,True,28,-6.78622286662896,-6.794970968431458,0.06315166583031963,0.9418591465883605,79.25534128993425,80.9219486415729,0.021028328495133364,1.6869483298562127,0.02989452374619205,166,R-3m,False,MACEMP_0062,1,1.0023737842889666,1.6022082790732384,642624a965070c5c1c70a9be3a3e1f310447f015ee0ebce790adb44ca703de0b
job_058_Cr_fe_-1.423_n4_generated_crystals_cif__gen_1,prospective,CHGNet,0.4.2,131bf40fe7fb7e0a4685589e31019fed2e757e8f4bff5e335330b9854cf9e926,cuda,DONE,,,True,3,-8.081441606794085,-8.083681379045759,0.09232682362924527,1.118014819705318,74.88115429877186,74.59627738303308,-0.003804387344272686,1.9690383214652425,0.01265989843932967,12,C2/m,False,CHGNET_0024,12,0.9723758303450944,0.1282574087381363,dd0fb658729ac11709e0c6ceaf1e8246f91434d63e3c3fdf16e2140ee5adabaf
job_058_Cr_fe_-1.423_n4_generated_crystals_cif__gen_1,prospective,MACE-MP,0.3.16,01bfe22100139f424713cf921144e5509cbe353d67aa9fa1be9c6e1e0ed35845,cuda,DONE,,,True,6,-7.108619744217887,-7.111305548700664,0.09752748125809463,0.8095039737759812,74.88115429877186,74.34342481813505,-0.0071811056556539965,1.961172450803569,0.018568351097606704,12,C2/m,False,MACEMP_0024,12,0.9723758303450944,0.3197904471307993,21bbd87bbcadb1ba0467dcc2ab87109c9fbbcfab33c38b3fb9e83da2a1c0c81b
job_058_Cr_fe_-1.423_n4_generated_crystals_cif__gen_2,prospective,CHGNet,0.4.2,131bf40fe7fb7e0a4685589e31019fed2e757e8f4bff5e335330b9854cf9e926,cuda,DONE,,,True,3,-8.03240694318499,-8.033467973981585,0.0896628997562205,1.0247108781191538,70.37107687023911,70.34419116952063,-0.00038205612183617177,1.7749869552925372,0.00953382164720411,8,Cm,False,CHGNET_0025,12,0.9581731856284597,0.2703758627176285,5b7a9f4398213fa13a0b699fc4514a586dc19e759658dd65f02a7bd370b36e7e
job_058_Cr_fe_-1.423_n4_generated_crystals_cif__gen_2,prospective,MACE-MP,0.3.16,01bfe22100139f424713cf921144e5509cbe353d67aa9fa1be9c6e1e0ed35845,cuda,DONE,,,True,15,-7.067975975292589,-7.075294788353125,0.08024986335245686,0.9006204995633865,70.37107687023911,69.14523941728993,-0.017419620495641497,1.8396007057387214,0.05200184602529462,8,Cm,False,MACEMP_0025,12,0.9581731856284597,0.691940825432539,204901a8ad2ebd348f0aaa2142c8b57c17485baa50e6e7d937e489c44d413c15
job_058_Cr_fe_-1.423_n4_generated_crystals_cif__gen_3,prospective,CHGNet,0.4.2,131bf40fe7fb7e0a4685589e31019fed2e757e8f4bff5e335330b9854cf9e926,cuda,DONE,,,True,9,-8.015424455915179,-8.01992688860212,0.07214651134810526,1.0424969272957312,78.98718942382096,78.90673689459479,-0.0010185516134078032,1.7951959746039279,0.024391291160228076,8,Cm,False,CHGNET_0064,6,0.9719173005756296,0.7256522551178932,eda6146ab67e7b280c1fa42a169a8d019d3620a2712ae22deeb8d82aca4b1585
job_058_Cr_fe_-1.423_n4_generated_crystals_cif__gen_3,prospective,MACE-MP,0.3.16,01bfe22100139f424713cf921144e5509cbe353d67aa9fa1be9c6e1e0ed35845,cuda,DONE,,,True,9,-7.045569922299215,-7.04800958802649,0.05679003913856409,1.0665559260723616,78.98718942382096,78.86897772231224,-0.001496593338375929,1.8126101515443003,0.01723186018054167,8,Cm,False,MACEMP_0063,6,0.9719173005756296,0.557964876294136,60cd00bc89a7e1cdfad24f124f661c960585b90ba87de8cfa72486d4416cc7e2
job_059_Ti_fe_-1.388_n4_generated_crystals_cif__gen_2,prospective,CHGNet,0.4.2,131bf40fe7fb7e0a4685589e31019fed2e757e8f4bff5e335330b9854cf9e926,cuda,DONE,,,True,8,-8.530923025948661,-8.532796042306083,0.08473541942833895,0.6207490896560987,76.3692293984317,75.92461873892516,-0.005821856040826634,1.9265360712856705,0.027853133453673466,12,C2/m,False,CHGNET_0040,9,0.40183882725084175,0.6680914629250765,1aa1a778935dc2ee35eaececc11f09574f88c4fe6cd44ac2e548ae670e4e3ebd
job_059_Ti_fe_-1.388_n4_generated_crystals_cif__gen_2,prospective,MACE-MP,0.3.16,01bfe22100139f424713cf921144e5509cbe353d67aa9fa1be9c6e1e0ed35845,cuda,DONE,,,True,8,-8.128439874472322,-8.130957215055242,0.09963639795827237,0.6527857886946047,76.3692293984317,75.81435516353594,-0.0072656780651915165,1.9591549710371052,0.034398522235780306,12,C2/m,False,MACEMP_0040,9,0.40183882725084175,0.4645070247352123,2ea75bc565e81975e18cfe3d79ccc6d974a824312fde581ff80b64b71fb7b3fb
job_060_Ti_fe_-1.204_n4_generated_crystals_cif__gen_0,prospective,CHGNet,0.4.2,131bf40fe7fb7e0a4685589e31019fed2e757e8f4bff5e335330b9854cf9e926,cuda,DONE,,,True,4,-8.543246132986885,-8.545083182198661,0.09032724544544339,1.1538284960515335,71.13950031779217,71.07623818125924,-0.0008892687782501296,1.9499492532061888,0.015423302146400673,44,Imm2,False,CHGNET_0002,41,0.3878366771261774,0.49612192809581757,4a154a8c243693fddd280b4f38c6092fb0bdbc6e0a9a81080905c63c9c7b0e02
job_060_Ti_fe_-1.204_n4_generated_crystals_cif__gen_0,prospective,MACE-MP,0.3.16,01bfe22100139f424713cf921144e5509cbe353d67aa9fa1be9c6e1e0ed35845,cuda,DONE,,,True,5,-8.152787141662978,-8.157246505072484,0.07553365866791897,1.0240561571566373,71.13950031779217,71.17158021843652,0.00045094357566521914,1.948046039965507,0.033457872618253885,44,Imm2,False,MACEMP_0002,41,0.3878366771261774,0.2911613807082176,482bc6597db54afc26371f895e07e8d5fe7a44b98f73500dcf504fcac573f99c
job_060_Ti_fe_-1.204_n4_generated_crystals_cif__gen_1,prospective,CHGNet,0.4.2,131bf40fe7fb7e0a4685589e31019fed2e757e8f4bff5e335330b9854cf9e926,cuda,DONE,,,True,5,-8.54119873046875,-8.543743133544922,0.07695477791208301,1.0887695579696908,72.59040695571755,72.02191460503086,-0.007831507970929241,1.9238022558358352,0.020051249227630654,44,Imm2,False,CHGNET_0002,41,0.3883380046992233,0.41291963681578636,d93276632a1f880018b72555f1ca05bedead8cf600c1a6549bb34393ad022849
job_060_Ti_fe_-1.204_n4_generated_crystals_cif__gen_1,prospective,MACE-MP,0.3.16,01bfe22100139f424713cf921144e5509cbe353d67aa9fa1be9c6e1e0ed35845,cuda,DONE,,,True,4,-8.152414363998064,-8.155405128845699,0.06779697767630029,1.3203236010503625,72.59040695571755,72.21465471210567,-0.0051763347165294515,1.9344002901126458,0.01812060229290637,44,Imm2,False,MACEMP_0002,41,0.3883380046992233,0.24596667289733887,612b5d9eca559e2037d953b4e56bb57fd12f8b06a3fa5e62dc9cebaa6913375c
job_060_Ti_fe_-1.204_n4_generated_crystals_cif__gen_3,prospective,CHGNet,0.4.2,131bf40fe7fb7e0a4685589e31019fed2e757e8f4bff5e335330b9854cf9e926,cuda,DONE,,,True,6,-8.540937151227679,-8.542579650878906,0.09256887047396198,1.0311809604892068,72.05378069994312,71.83933666357872,-0.0029761663341083544,1.865887710615883,0.019671574536665022,8,Cm,False,CHGNET_0046,5,0.387046240837849,0.49314876459538937,2b5effe0c607bbae8011ba64fb3f9ed558193569f60e6415e0d63862b76a47e0
job_060_Ti_fe_-1.204_n4_generated_crystals_cif__gen_3,prospective,MACE-MP,0.3.16,01bfe22100139f424713cf921144e5509cbe353d67aa9fa1be9c6e1e0ed35845,cuda,DONE,,,True,8,-8.15392105764342,-8.155533410041057,0.06717891343509991,0.9237392179491416,72.05378069994312,71.93732723088482,-0.0016162020636120156,1.8530674291287401,0.026777031221733465,8,Cm,False,MACEMP_0045,5,0.387046240837849,0.4821561723947525,6a3e3451f33e1dbdd154a8e9d9c9ee5582f079cc75390d87478f87a7f27f320f
job_061_Mn_fe_-1.231_n4_generated_crystals_cif__gen_0,prospective,CHGNet,0.4.2,131bf40fe7fb7e0a4685589e31019fed2e757e8f4bff5e335330b9854cf9e926,cuda,DONE,,,True,1,-7.7220458984375,-7.722112383161273,0.09797153303439028,0.8836564871788108,75.57135271149619,75.57375555601496,3.1795706078474595e-05,1.923348546921703,0.0007527941417630315,2,P-1,False,CHGNET_0013,35,0.8684269114476955,0.11782089434564114,d374db799fc20faf8af51f296669e159239889dfa561d0b07424f326a0e8c760
job_061_Mn_fe_-1.231_n4_generated_crystals_cif__gen_0,prospective,MACE-MP,0.3.16,01bfe22100139f424713cf921144e5509cbe353d67aa9fa1be9c6e1e0ed35845,cuda,DONE,,,True,4,-6.853122406801398,-6.853685471713577,0.04766140027757336,1.1324210206315526,75.57135271149619,75.6358887590868,0.0008539750219502817,1.9182368552908513,0.007295962348647882,2,P-1,False,MACEMP_0013,35,0.8684269114476955,0.24819429218769073,77f83b9cbaf93adba0f048c63db63e2ed21e6348abfada6b2f91cf1f0f7a9772
job_061_Mn_fe_-1.231_n4_generated_crystals_cif__gen_2,prospective,CHGNet,0.4.2,131bf40fe7fb7e0a4685589e31019fed2e757e8f4bff5e335330b9854cf9e926,cuda,DONE,,,True,3,-7.714639391217913,-7.715054103306362,0.0949999595938069,1.334769890604043,75.35346211201725,75.43215675781558,0.0010443401483177794,1.927596981426682,0.004713519745435158,8,Cm,False,CHGNET_0012,15,0.8657711973734656,0.25864171981811523,ed4adc5fa1ce235498a0f1c823fa9cbac81b81d1ef3a9edb1bdf5a6125864538
job_061_Mn_fe_-1.231_n4_generated_crystals_cif__gen_2,prospective,MACE-MP,0.3.16,01bfe22100139f424713cf921144e5509cbe353d67aa9fa1be9c6e1e0ed35845,cuda,DONE,,,True,6,-6.84807354271019,-6.849282905932896,0.06202004435442761,1.2775583125906051,75.35346211201725,75.76274269777137,0.005431476859625972,1.9245792767656136,0.014839165408466184,8,Cm,False,MACEMP_0012,15,0.8657711973734656,0.3668644204735756,c30c42b9e97dcbe05d16ce78a0e847c1b8501eea7d51875d545a632820a0a2fc
job_061_Mn_fe_-1.231_n4_generated_crystals_cif__gen_3,prospective,CHGNet,0.4.2,131bf40fe7fb7e0a4685589e31019fed2e757e8f4bff5e335330b9854cf9e926,cuda,DONE,,,True,9,-7.666227613176618,-7.6685992649623325,0.08193804797127321,0.6500980180443996,71.68303838933896,71.90447351339364,0.0030890867495316776,1.8704980751694447,0.01668039617984232,1,P1,False,CHGNET_0065,10,0.8665782312844854,0.7681671995669603,4d3c7e364eb7780dd8b0ddd7925ad999c06219e45e3a44426cf42fcf9c86a165
job_061_Mn_fe_-1.231_n4_generated_crystals_cif__gen_3,prospective,MACE-MP,0.3.16,01bfe22100139f424713cf921144e5509cbe353d67aa9fa1be9c6e1e0ed35845,cuda,DONE,,,True,8,-6.799241998395968,-6.802021033677847,0.09232276506387878,0.7521099275316424,71.68303838933896,71.86642823792768,0.0025583436850522556,1.8765070087063096,0.019206060991649395,1,P1,False,MACEMP_0064,10,0.8665782312844854,0.45279014110565186,468ea7336310c58c436ab01eeb71287fe4ce5fcc4a03c5f85c41b37810d4abaa
job_062_Mg_fe_-0.803_n4_generated_crystals_cif__gen_0,prospective,CHGNet,0.4.2,131bf40fe7fb7e0a4685589e31019fed2e757e8f4bff5e335330b9854cf9e926,cuda,DONE,,,True,14,-5.4588116237095425,-5.469072614397321,0.09363794403651868,1.0131621369647759,77.50349064315034,78.83749620829585,0.01721219978707378,1.9994407319340162,0.07904813369527164,8,Cm,False,CHGNET_0020,15,0.39904950154533925,1.186874520033598,3c8aa880860a792fa590659a28b4a7dee1948a8130d64bfce239b0a9a4e9ad10
job_062_Mg_fe_-0.803_n4_generated_crystals_cif__gen_0,prospective,MACE-MP,0.3.16,01bfe22100139f424713cf921144e5509cbe353d67aa9fa1be9c6e1e0ed35845,cuda,DONE,,,True,8,-5.067696465645757,-5.070023112851982,0.09365514781499418,1.319100189774232,77.50349064315034,77.20500496806115,-0.003851254603015386,2.0171172987968182,0.026105252498346644,44,Imm2,False,MACEMP_0020,15,0.39904950154533925,0.4864527992904186,f0307da594209b204fd5b83726fea11565dd828becf5a26f205265f6fed14e90
job_062_Mg_fe_-0.803_n4_generated_crystals_cif__gen_1,prospective,CHGNet,0.4.2,131bf40fe7fb7e0a4685589e31019fed2e757e8f4bff5e335330b9854cf9e926,cuda,DONE,,,True,6,-5.451476505824497,-5.458400181361607,0.067378739675113,1.2409919697127783,80.31797244208072,79.5470024370511,-0.009598972453962018,2.0199242839324647,0.04406346022313761,12,C2/m,False,CHGNET_0066,1,0.42945935719208084,0.4934396557509899,d0a9aad36442aaba3ca93669df50bfc711cd25ad10067fc3fd9e8b9a817722de
job_062_Mg_fe_-0.803_n4_generated_crystals_cif__gen_1,prospective,MACE-MP,0.3.16,01bfe22100139f424713cf921144e5509cbe353d67aa9fa1be9c6e1e0ed35845,cuda,DONE,,,True,5,-5.019785438925771,-5.028940824169526,0.076984775670226,1.2867789925869735,80.31797244208072,79.53241975589334,-0.009780534322549772,2.0055232722969616,0.04372749215709051,12,C2/m,False,MACEMP_0065,1,0.42945935719208084,0.3071609605103731,de1e6136e4f073ee1b02e9e311116fe925c14888760cb8c27c93c50bd60a3ab2
job_065_Mn_fe_-1.024_n4_generated_crystals_cif__gen_0,prospective,CHGNet,0.4.2,131bf40fe7fb7e0a4685589e31019fed2e757e8f4bff5e335330b9854cf9e926,cuda,DONE,,,True,14,-7.715488978794643,-7.722109658377511,0.08180919167220406,0.9336984955375814,72.92105670192849,75.39433373384745,0.03391718584151482,1.9268891853890322,0.028236540504583463,2,P-1,False,CHGNET_0013,35,0.8689756628786682,1.1435774751007557,c374eec14881a3c313cebb97bb1e46d2393799ddec6e5d345f428ebeea3596d3
job_065_Mn_fe_-1.024_n4_generated_crystals_cif__gen_0,prospective,MACE-MP,0.3.16,01bfe22100139f424713cf921144e5509cbe353d67aa9fa1be9c6e1e0ed35845,cuda,DONE,,,True,12,-6.846061945268249,-6.853133995498843,0.08799357532924862,1.131820196829809,72.92105670192849,75.45395125920163,0.03473474839546786,1.9207596058392125,0.026075208660242145,2,P-1,False,MACEMP_0013,35,0.8689756628786682,0.7210018821060658,6d0b040f17c82f5c410bdce9227309805729546ea952c27f361f237f3e65bbea
job_065_Mn_fe_-1.024_n4_generated_crystals_cif__gen_1,prospective,CHGNet,0.4.2,131bf40fe7fb7e0a4685589e31019fed2e757e8f4bff5e335330b9854cf9e926,cuda,DONE,,,True,18,-7.701988220214844,-7.713387080601284,0.09777775085262,0.9547201081493246,82.04561102217365,80.66644182109893,-0.01680978645770559,1.908857657885334,0.08140606736048094,1,P1,False,CHGNET_0034,9,0.8697411449295966,1.4930959064513445,ee5e0696c3a3d753e9d38b798998099a5ae2f7dfe6b09b7d937be454322a225d
job_065_Mn_fe_-1.024_n4_generated_crystals_cif__gen_1,prospective,MACE-MP,0.3.16,01bfe22100139f424713cf921144e5509cbe353d67aa9fa1be9c6e1e0ed35845,cuda,DONE,,,True,19,-6.832903242668793,-6.843645935671687,0.09886718030574292,1.0511288865562392,82.04561102217365,80.81391130128333,-0.015012377938869115,1.910503198647367,0.08321342990270682,1,P1,False,MACEMP_0034,9,0.8697411449295966,1.1674136389046907,cc1f10f98e3da046c95f62e1cb38086e6ff353de60ea8758f3ec19d6ceb276c3
job_065_Mn_fe_-1.024_n4_generated_crystals_cif__gen_2,prospective,CHGNet,0.4.2,131bf40fe7fb7e0a4685589e31019fed2e757e8f4bff5e335330b9854cf9e926,cuda,DONE,,,True,8,-7.7103778294154575,-7.711972372872489,0.09648761268596512,0.43725512294003427,75.74189960330185,75.9434677369301,0.0026612500436873354,1.907961748878948,0.014280571747302668,1,P1,False,CHGNET_0012,15,0.8660254478348861,0.667549142614007,fabb9e5b1103f52f4af971c4ae77ff64ddeaecafba897fe8656fb7e0a09925c8
job_065_Mn_fe_-1.024_n4_generated_crystals_cif__gen_2,prospective,MACE-MP,0.3.16,01bfe22100139f424713cf921144e5509cbe353d67aa9fa1be9c6e1e0ed35845,cuda,DONE,,,True,8,-6.8445223725575275,-6.845946925037603,0.09392581824102433,0.6111980853733933,75.74189960330185,75.93357743242962,0.002530671004182361,1.9100412408280703,0.013229909750045336,1,P1,False,MACEMP_0012,15,0.8660254478348861,0.48180440813302994,1916baa189cccbdcf7481c07c97456fa3750f5e2ef3b3bdd3de6c1ae00ab9575
job_066_Mn_fe_-1.023_n4_generated_crystals_cif__gen_0,prospective,CHGNet,0.4.2,131bf40fe7fb7e0a4685589e31019fed2e757e8f4bff5e335330b9854cf9e926,cuda,DONE,,,True,12,-7.678310394287109,-7.682066236223493,0.07392524932235005,1.0471408501425745,76.42614841112136,76.72109148678847,0.0038591906278007126,1.9279992268226525,0.0257094828236338,12,C2/m,False,CHGNET_0067,2,0.8666748319847208,0.9963955841958523,c6531b03f20b0e41566313f971f3ef5fd79fa1fadad186264eff965109b5c946
job_066_Mn_fe_-1.023_n4_generated_crystals_cif__gen_0,prospective,MACE-MP,0.3.16,01bfe22100139f424713cf921144e5509cbe353d67aa9fa1be9c6e1e0ed35845,cuda,DONE,,,True,8,-6.813340978843504,-6.815391404238772,0.0801626853521964,1.4415345192068039,76.42614841112136,76.30289015683184,-0.001612775952367529,1.9320980875121212,0.010391247091593286,12,C2/m,False,MACEMP_0066,2,0.8666748319847208,0.47634099423885345,ddeb4892301d8d260887b7341ae975a295d273709f0eac20607ec6d5f3851ae1
job_066_Mn_fe_-1.023_n4_generated_crystals_cif__gen_1,prospective,CHGNet,0.4.2,131bf40fe7fb7e0a4685589e31019fed2e757e8f4bff5e335330b9854cf9e926,cuda,DONE,,,True,17,-7.654886518205915,-7.663988385881696,0.07508506402076966,0.8035386155412546,69.24564997751236,71.16793064146671,0.027760309341866574,1.8564956500487297,0.026538005191164026,8,Cm,False,CHGNET_0065,10,0.8645033816318701,1.3929783068597317,603b988e9114842a3cfdd14d1d74ce08ca146965790c1dbba0e827b4f0ca8aae
job_066_Mn_fe_-1.023_n4_generated_crystals_cif__gen_1,prospective,MACE-MP,0.3.16,01bfe22100139f424713cf921144e5509cbe353d67aa9fa1be9c6e1e0ed35845,cuda,DONE,,,True,15,-6.7906753758122,-6.799485004249826,0.08553007191163474,1.158960969655529,69.24564997751236,70.7056201482373,0.021083926155636812,1.8564867981897768,0.023789727824451913,8,Cm,False,MACEMP_0064,10,0.8645033816318701,0.9094023108482361,3b3e3b26eba44850e071ff5129c8deb6da731b4e52fb981a89e00ad76094b08c
job_066_Mn_fe_-1.023_n4_generated_crystals_cif__gen_2,prospective,CHGNet,0.4.2,131bf40fe7fb7e0a4685589e31019fed2e757e8f4bff5e335330b9854cf9e926,cuda,DONE,,,True,3,-7.713526044573102,-7.714621952601841,0.09488728570116381,0.9236556999637887,81.41510850642086,81.25009296638186,-0.002026841738176799,1.9158431799110844,0.009500462881970633,1,P1,False,CHGNET_0034,9,0.8704859681815265,0.264209458604455,1c0bf42210c3108770b8dfa4b2eb1fd5c9445a367df8bf1091eea1dc6faeb40b
job_066_Mn_fe_-1.023_n4_generated_crystals_cif__gen_2,prospective,MACE-MP,0.3.16,01bfe22100139f424713cf921144e5509cbe353d67aa9fa1be9c6e1e0ed35845,cuda,DONE,,,True,3,-6.842685180807102,-6.844135984420315,0.09477663769706596,1.1698690276050538,81.41510850642086,81.21393730019821,-0.002470932114606028,1.911560202765378,0.0110204445105252,1,P1,False,MACEMP_0034,9,0.8704859681815265,0.1935476940125227,f6b631c12340e8b61913fcb3c327357d398a6d8336dda021032becc566764ee4
job_066_Mn_fe_-1.023_n4_generated_crystals_cif__gen_3,prospective,CHGNet,0.4.2,131bf40fe7fb7e0a4685589e31019fed2e757e8f4bff5e335330b9854cf9e926,cuda,DONE,,,True,1,-7.7233717782156805,-7.723421369280134,0.08866527009207065,0.4338071529124519,75.6556650408977,75.66215225301893,8.574654809678783e-05,1.9298416492995785,0.0007042527694292121,10,P2/m,False,CHGNET_0013,35,0.868210715844989,0.12179012410342693,e8deb89243ded28a85e6cb8e068dd524d67af6498dd9ab3cc6e5136e4282c0fd
job_066_Mn_fe_-1.023_n4_generated_crystals_cif__gen_3,prospective,MACE-MP,0.3.16,01bfe22100139f424713cf921144e5509cbe353d67aa9fa1be9c6e1e0ed35845,cuda,DONE,,,True,3,-6.8548221360112525,-6.855210653435145,0.06847920478596049,0.9639212059346692,75.6556650408977,75.75536667193715,0.0013178343087136835,1.9287748869857801,0.004799063558984745,10,P2/m,False,MACEMP_0013,35,0.868210715844989,0.19058235920965672,3f4bd994e0253ece2d4c943f7fd63a5e3b103dbbe47c116c8345292ea1020ae4
job_067_Mg_fe_-0.974_n4_generated_crystals_cif__gen_1,prospective,CHGNet,0.4.2,131bf40fe7fb7e0a4685589e31019fed2e757e8f4bff5e335330b9854cf9e926,cuda,DONE,,,True,14,-5.453634534563337,-5.461346762520926,0.060460220071982575,1.0666058589102092,77.02852792711678,77.99582724636576,0.01255767629577731,2.0301359876464944,0.04719319158119696,119,I-4m2,False,CHGNET_0020,15,0.39489933638238295,1.1866493877023458,b1f792b154061b67c7b583ee86b390389ec71d44c324ffff3dd1e8498b848d0e
job_067_Mg_fe_-0.974_n4_generated_crystals_cif__gen_1,prospective,MACE-MP,0.3.16,01bfe22100139f424713cf921144e5509cbe353d67aa9fa1be9c6e1e0ed35845,cuda,DONE,,,True,9,-5.063105777588943,-5.066447426138543,0.016014688382514387,1.4535678034079,77.02852792711678,76.41787036260533,-0.007927680574257523,2.028461189036714,0.024830064961707688,119,I-4m2,False,MACEMP_0020,15,0.39489933638238295,0.5397030524909496,2e644da9418a30e2fada7146c5d1fc758f5a606a5eff270ef7d18d5b8569a83c
job_068_Cr_fe_-1.051_n4_generated_crystals_cif__gen_0,prospective,CHGNet,0.4.2,131bf40fe7fb7e0a4685589e31019fed2e757e8f4bff5e335330b9854cf9e926,cuda,DONE,,,True,12,-8.023768288748604,-8.029300689697266,0.08250928975081749,1.328503485788362,68.24347010143961,69.56520985818726,0.01936800333838473,1.8439127873325665,0.06226502558724224,8,Cm,False,CHGNET_0050,15,0.9526933005760441,0.9731037672609091,328c2b7df0359db55554dfe13482d826b1933ddfadc090a425d3ff63880e4da7
job_068_Cr_fe_-1.051_n4_generated_crystals_cif__gen_0,prospective,MACE-MP,0.3.16,01bfe22100139f424713cf921144e5509cbe353d67aa9fa1be9c6e1e0ed35845,cuda,DONE,,,True,3,-7.075916657135786,-7.076607389121222,0.09202729154786937,1.373838661172102,68.24347010143961,68.28781813931066,0.0006498502758598423,1.8712959748857305,0.006680505167701806,8,Cm,False,MACEMP_0049,15,0.9526933005760441,0.19444404542446136,94b2d1fec5c471cbdcf3dcf37eed5af07a24ae00a3cbb8e80306c81df864b31c
job_068_Cr_fe_-1.051_n4_generated_crystals_cif__gen_1,prospective,CHGNet,0.4.2,131bf40fe7fb7e0a4685589e31019fed2e757e8f4bff5e335330b9854cf9e926,cuda,DONE,,,True,10,-8.029767717633929,-8.03374753679548,0.05496084007248534,0.42013982946037304,70.39437048563593,70.2909589185147,-0.001469031776373808,1.782946155418425,0.027712833410025166,8,Cm,False,CHGNET_0025,12,0.9583365748139414,0.8346764296293259,3492110033ff334f68e7decbec15215ec230c722c363a4516085413cd6b922be
job_068_Cr_fe_-1.051_n4_generated_crystals_cif__gen_1,prospective,MACE-MP,0.3.16,01bfe22100139f424713cf921144e5509cbe353d67aa9fa1be9c6e1e0ed35845,cuda,DONE,,,True,13,-7.0708514548593095,-7.075410961981538,0.0720277639825683,1.2388125742671605,70.39437048563593,69.17807543923013,-0.017278299926753227,1.839629621274071,0.03521159276547896,8,Cm,False,MACEMP_0025,12,0.9583365748139414,0.7798698004335165,08b87fdbb220319d7c4b4e1ee570ef54a76e07cc86f8ce09d186add371ba88e1
job_068_Cr_fe_-1.051_n4_generated_crystals_cif__gen_3,prospective,CHGNet,0.4.2,131bf40fe7fb7e0a4685589e31019fed2e757e8f4bff5e335330b9854cf9e926,cuda,DONE,,,True,4,-8.057055337088448,-8.059442792619977,0.07983939695804783,1.4567147013002049,75.94305944280688,76.03907186002031,0.0012642684916550628,1.887260195624093,0.017515704547978236,10,P2/m,False,CHGNET_0068,4,0.9753051059452709,0.34850503131747246,d5e4a309c7c45b75421ec6dcc1f7d3d959d4eb2d5f2615cfbc0c4f02c7e16f39
job_068_Cr_fe_-1.051_n4_generated_crystals_cif__gen_3,prospective,MACE-MP,0.3.16,01bfe22100139f424713cf921144e5509cbe353d67aa9fa1be9c6e1e0ed35845,cuda,DONE,,,True,11,-7.078279133327387,-7.084137686674707,0.09374786461137602,1.3512779878766485,75.94305944280688,76.45828498626409,0.00678436643502911,1.8365863528717161,0.04521643643688689,10,P2/m,False,MACEMP_0067,4,0.9753051059452709,0.6672337763011456,68da0d435505a8689345090ca2d5e6bb7213f74c9c41f291db0f9f7f560323c1
job_069_Mn_fe_-1.295_n4_generated_crystals_cif__gen_0,prospective,CHGNet,0.4.2,131bf40fe7fb7e0a4685589e31019fed2e757e8f4bff5e335330b9854cf9e926,cuda,DONE,,,True,10,-7.660428183419364,-7.663071768624442,0.07792342237590652,0.834517523918252,71.69742830877371,71.49288189514552,-0.002852911442615347,1.8734406118064866,0.02142326934247814,8,Cm,False,CHGNET_0065,10,0.8637787685665357,0.8300398234277964,b281a56253b1ce4b6be1295851622d15521d256b27a294880d629cb8d180093b
job_069_Mn_fe_-1.295_n4_generated_crystals_cif__gen_0,prospective,MACE-MP,0.3.16,01bfe22100139f424713cf921144e5509cbe353d67aa9fa1be9c6e1e0ed35845,cuda,DONE,,,True,9,-6.7978402388609664,-6.799293000057906,0.08682266315713166,0.772566175772909,71.69742830877371,71.40015986226997,-0.0041461521496072296,1.8776652860127059,0.015885789007537135,8,Cm,False,MACEMP_0064,10,0.8637787685665357,0.5420235879719257,2b053b22c54c7c7a6e5378609669ab20fa78354a6214fd3c50be8669a898b363
job_069_Mn_fe_-1.295_n4_generated_crystals_cif__gen_1,prospective,CHGNet,0.4.2,131bf40fe7fb7e0a4685589e31019fed2e757e8f4bff5e335330b9854cf9e926,cuda,DONE,,,True,12,-7.655485970633371,-7.659528459821429,0.0812276553343053,0.5904554107655954,78.1389108890752,78.6887860324603,0.007037148804974969,1.8897598540507479,0.03200335974928525,8,Cm,False,CHGNET_0069,5,0.8603489338101449,0.9849405437707901,505fab053c0baec157f115191ff05c608e4e8d99d76d69884a92affbd7cb0851
job_069_Mn_fe_-1.295_n4_generated_crystals_cif__gen_1,prospective,MACE-MP,0.3.16,01bfe22100139f424713cf921144e5509cbe353d67aa9fa1be9c6e1e0ed35845,cuda,DONE,,,True,9,-6.7961510638105125,-6.799179526011284,0.09762181370562732,0.4368607845863517,78.1389108890752,78.74316683309517,0.007733099132617216,1.8746758879659717,0.028942165062678528,8,Cm,False,MACEMP_0068,6,0.8603489338101449,0.5377877093851566,658ff5e62305b3fd1df8ce2d64d2d155155887f4a4d6091325fe216be28f26d0
job_069_Mn_fe_-1.295_n4_generated_crystals_cif__gen_2,prospective,CHGNet,0.4.2,131bf40fe7fb7e0a4685589e31019fed2e757e8f4bff5e335330b9854cf9e926,cuda,DONE,,,True,3,-7.677542005266462,-7.678003583635602,0.04718335973332189,1.4205154551367754,70.89192839436883,71.08340181742929,0.0027009199410588103,1.909452972439734,0.004114708102713958,44,Imm2,False,CHGNET_0070,8,0.8659504818628783,0.41075239330530167,dd20074739a1c015c1a6d703385235106d4c334bc63ff60d5ffd2008a683b98c
job_069_Mn_fe_-1.295_n4_generated_crystals_cif__gen_2,prospective,MACE-MP,0.3.16,01bfe22100139f424713cf921144e5509cbe353d67aa9fa1be9c6e1e0ed35845,cuda,DONE,,,True,1,-6.811993608069171,-6.812053101772724,0.09350198556887472,1.2657928949827635,70.89192839436883,70.9026730609144,0.00015156403259042328,1.903997013339894,0.0007132129595249276,44,Imm2,False,MACEMP_0069,8,0.8659504818628783,0.09464539401233196,ad20f107308d782449b257818c2d559f4d323f41e312f9911ef8ac0c189de7b1
job_069_Mn_fe_-1.295_n4_generated_crystals_cif__gen_3,prospective,CHGNet,0.4.2,131bf40fe7fb7e0a4685589e31019fed2e757e8f4bff5e335330b9854cf9e926,cuda,DONE,,,True,9,-7.71075439453125,-7.712635585239956,0.09598061974736953,0.29960052445191243,76.3887031072154,76.57201799656661,0.0023997643878561625,1.908254280956328,0.0155617009046953,1,P1,False,CHGNET_0012,15,0.8663276775963427,0.7376069873571396,a11616d76f492117a7f41a1e58fcecbca6f1fc6920403f8b67b6642f39a8e662
job_069_Mn_fe_-1.295_n4_generated_crystals_cif__gen_3,prospective,MACE-MP,0.3.16,01bfe22100139f424713cf921144e5509cbe353d67aa9fa1be9c6e1e0ed35845,cuda,DONE,,,True,9,-6.844379744339008,-6.846307907643613,0.08925204265688515,0.5294631227256997,76.3887031072154,76.57723409087367,0.002468047970308529,1.9124790511576213,0.01519182857388615,1,P1,False,MACEMP_0012,15,0.8663276775963427,0.46330773644149303,b92e6ec8db33dc15687ea7c1b2ea02aa25e2a12967cca6a0d17e8a23f88e5b21
job_070_Ni_fe_-1.182_n4_generated_crystals_cif__gen_1,prospective,CHGNet,0.4.2,131bf40fe7fb7e0a4685589e31019fed2e757e8f4bff5e335330b9854cf9e926,cuda,DONE,,,True,3,-5.9131671360560825,-5.913605826241629,0.0751476115861446,0.6142905340926942,68.14875706109828,68.26806576424359,0.001750709892454072,1.8727783818562398,0.005198269205625371,10,P2/m,False,CHGNET_0006,22,1.1159286482720523,0.26143518276512623,dcc1ec18e281ea278e1f19b4c049f42d1a27c0a5196ab730acf0a511972dc06b
job_070_Ni_fe_-1.182_n4_generated_crystals_cif__gen_1,prospective,MACE-MP,0.3.16,01bfe22100139f424713cf921144e5509cbe353d67aa9fa1be9c6e1e0ed35845,cuda,DONE,,,True,5,-4.796243851817816,-4.797677177969577,0.09626411469583764,0.5543311602257757,68.14875706109828,68.33340840916813,0.0027095336148874605,1.8667970866151666,0.015561038352886513,10,P2/m,False,MACEMP_0006,22,1.1159286482720523,0.3056022562086582,c78f5d9f1eb7016d89170e1407c936ff995b93f644ad5c1d120b88a5fec27a4b
job_070_Ni_fe_-1.182_n4_generated_crystals_cif__gen_2,prospective,CHGNet,0.4.2,131bf40fe7fb7e0a4685589e31019fed2e757e8f4bff5e335330b9854cf9e926,cuda,DONE,,,True,1,-5.912593296595982,-5.9126385280064175,0.09369730339402553,1.5345174380697333,70.07820297576717,70.05930388641528,-0.00026968570182128726,1.8726526262128245,0.0005183986643415892,10,P2/m,False,CHGNET_0006,22,1.1143391116305077,0.12059223093092442,e39bfac927fe97766e57669a390e6f2f99b85ad498b1d5ca14a2cafb103c9d74
job_070_Ni_fe_-1.182_n4_generated_crystals_cif__gen_2,prospective,MACE-MP,0.3.16,01bfe22100139f424713cf921144e5509cbe353d67aa9fa1be9c6e1e0ed35845,cuda,DONE,,,True,4,-4.797514984944127,-4.79829941637591,0.04383513711405154,1.248742683075138,70.07820297576717,69.74409882411827,-0.0047675901701479395,1.8591960089915436,0.007939786258302455,10,P2/m,False,MACEMP_0006,22,1.1143391116305077,0.2448880337178707,e41663fa08be8ba3aaac34f44fca7bd332851313546655b9d06a528ad48825b2
job_070_Ni_fe_-1.182_n4_generated_crystals_cif__gen_3,prospective,CHGNet,0.4.2,131bf40fe7fb7e0a4685589e31019fed2e757e8f4bff5e335330b9854cf9e926,cuda,DONE,,,True,10,-5.896487644740513,-5.902390616280692,0.09628013311072522,1.2238200120929905,70.57141665062355,69.19876999374945,-0.01945046198618383,1.8542873105475985,0.05060843711260896,2,P-1,False,CHGNET_0026,30,1.1065760011740355,0.8321859333664179,0556d88d1373dbd129472127c8135b30541c9784b70d7b1d2a8c957254c5ee16
job_070_Ni_fe_-1.182_n4_generated_crystals_cif__gen_3,prospective,MACE-MP,0.3.16,01bfe22100139f424713cf921144e5509cbe353d67aa9fa1be9c6e1e0ed35845,cuda,DONE,,,True,9,-4.792327823114809,-4.795814615106656,0.09150283669285893,0.6642322403158937,70.57141665062355,69.12495500161297,-0.020496423589901003,1.8512677133925328,0.024661762480220055,2,P-1,False,MACEMP_0026,30,1.1065760011740355,0.5436285734176636,11e789923a730f86635604e6f024f4f4e330d302ff929c869abbf1f5b2ca9c6d
job_071_Ti_fe_-0.887_n4_generated_crystals_cif__gen_2,prospective,CHGNet,0.4.2,131bf40fe7fb7e0a4685589e31019fed2e757e8f4bff5e335330b9854cf9e926,cuda,DONE,,,True,18,-8.414923531668526,-8.434890747070312,0.09328078313559929,0.266434973392974,77.72202859013761,79.60541409321569,0.02423232559986288,1.743865206774714,0.059351453194310635,160,R3m,False,CHGNET_0071,1,0.41523678534096575,1.5044576805084944,8811ead3234db4c8cf2893fa03098bbfb7fa0a55563e66d480033071ea703c28
job_071_Ti_fe_-0.887_n4_generated_crystals_cif__gen_2,prospective,MACE-MP,0.3.16,01bfe22100139f424713cf921144e5509cbe353d67aa9fa1be9c6e1e0ed35845,cuda,DONE,,,True,11,-8.005811273873569,-8.019653961729347,0.08910246506325338,0.9220820275952419,77.72202859013761,79.44558206076653,0.022175868307786617,1.769314744532568,0.04204161178595805,160,R3m,False,MACEMP_0070,1,0.41523678534096575,0.6071594785898924,127033c84ca6bef796c8068865ee213a14345768b946b29f88ee0a2a549358ea
job_071_Ti_fe_-0.887_n4_generated_crystals_cif__gen_3,prospective,CHGNet,0.4.2,131bf40fe7fb7e0a4685589e31019fed2e757e8f4bff5e335330b9854cf9e926,cuda,DONE,,,True,10,-8.535909380231585,-8.537691388811384,0.06050905319258885,1.469094864676532,69.60667268045208,70.17554621338242,0.008172686770159254,1.976762039540798,0.02515622429106468,119,I-4m2,False,CHGNET_0002,41,0.38529518502472904,0.815616175532341,aea9df8a0f643cbe67644b8631a17ec83b84af3b922839bc124cb2d80b20c1f2
job_071_Ti_fe_-0.887_n4_generated_crystals_cif__gen_3,prospective,MACE-MP,0.3.16,01bfe22100139f424713cf921144e5509cbe353d67aa9fa1be9c6e1e0ed35845,cuda,DONE,,,True,5,-8.150986744356532,-8.152396203786655,0.04661766885442109,1.4990462750415547,69.60667268045208,69.68489975412471,0.001123844462897372,1.9957398242390585,0.01398021601061577,119,I-4m2,False,MACEMP_0002,41,0.38529518502472904,0.2980816476047039,35b473035a1ed39a12b680110d352ccd7851858bd43f6335d8ed954dc261a9bf
job_072_Co_fe_-0.820_n4_generated_crystals_cif__gen_0,prospective,CHGNet,0.4.2,131bf40fe7fb7e0a4685589e31019fed2e757e8f4bff5e335330b9854cf9e926,cuda,DONE,,,True,5,-6.460225786481585,-6.465375627790179,0.0875086311519478,0.6101879608189362,67.47834608987695,66.9517072396228,-0.00780456073349356,1.8539840581792895,0.029213088895569308,44,Imm2,False,CHGNET_0042,12,0.8789501105171285,0.419852152466774,e4a13d821b5aa8ade2a0af1e1380d55bc3924ea2ab34e778f3a2a497035f2010
job_072_Co_fe_-0.820_n4_generated_crystals_cif__gen_0,prospective,MACE-MP,0.3.16,01bfe22100139f424713cf921144e5509cbe353d67aa9fa1be9c6e1e0ed35845,cuda,DONE,,,True,13,-5.582824515717559,-5.58642551727305,0.0915229211895833,0.7767536376345466,67.47834608987695,66.34695600929065,-0.01676671326649526,1.8260802156235074,0.024743403095549923,44,Imm2,False,MACEMP_0042,12,0.8789501105171285,0.7061891369521618,569c88dc144544d99e659b9e3701e2483a5eac4b8334b841091138c74bce792d
job_072_Co_fe_-0.820_n4_generated_crystals_cif__gen_1,prospective,CHGNet,0.4.2,131bf40fe7fb7e0a4685589e31019fed2e757e8f4bff5e335330b9854cf9e926,cuda,DONE,,,True,11,-6.5309889657156805,-6.536760602678571,0.09005661114539004,1.4836968293602573,70.35873103655224,69.206752762802,-0.016372925673599492,1.8821042390652887,0.023124019396925554,12,C2/m,False,CHGNET_0036,18,0.8436633012138337,0.905457578599453,012377d71a1a3a076d839379a4bdfed30c319207a37c734d796c0dbedda178c9
job_072_Co_fe_-0.820_n4_generated_crystals_cif__gen_1,prospective,MACE-MP,0.3.16,01bfe22100139f424713cf921144e5509cbe353d67aa9fa1be9c6e1e0ed35845,cuda,DONE,,,True,18,-5.686411101290516,-5.6930973014647375,0.030155097757714355,1.4227054077828352,70.35873103655224,68.5554066730453,-0.025630427623404617,1.8931383365323025,0.014660607326124023,12,C2/m,False,MACEMP_0036,18,0.8436633012138337,1.0812802594155073,cf2cacc63ae28b44a1169408f8ef7524fcbed5874299ed03b5f0768ced16987a
job_072_Co_fe_-0.820_n4_generated_crystals_cif__gen_2,prospective,CHGNet,0.4.2,131bf40fe7fb7e0a4685589e31019fed2e757e8f4bff5e335330b9854cf9e926,cuda,DONE,,,True,15,-6.529380798339844,-6.535792759486607,0.059093307510321755,1.5550424654060555,70.8655364954419,69.48896902888218,-0.019425062373559565,1.8942900396736415,0.0154728352455937,12,C2/m,False,CHGNET_0036,18,0.8442213852826042,1.2343385051935911,f651f6ed7673a3c8454de1822aa12f5c0ab75c99cedca0f75502e5a70b92a99f
job_072_Co_fe_-0.820_n4_generated_crystals_cif__gen_2,prospective,MACE-MP,0.3.16,01bfe22100139f424713cf921144e5509cbe353d67aa9fa1be9c6e1e0ed35845,cuda,DONE,,,True,18,-5.68441574530636,-5.691571374204003,0.023486352001536284,1.5289460083887056,70.8655364954419,68.87922497686012,-0.02802930192604336,1.891309371891685,0.014381240934330007,12,C2/m,False,MACEMP_0036,18,0.8442213852826042,1.057610098272562,d33bb9851c55d4308b31010d07135eec268fc89fdcb86b696dfe93f819e1b0ea
job_072_Co_fe_-0.820_n4_generated_crystals_cif__gen_3,prospective,CHGNet,0.4.2,131bf40fe7fb7e0a4685589e31019fed2e757e8f4bff5e335330b9854cf9e926,cuda,DONE,,,True,11,-6.526247841971261,-6.531358991350446,0.09325503061725765,1.1844133293947607,73.45819988936113,72.36903494852014,-0.01482700287349037,1.8792727617976797,0.021494617040248066,8,Cm,False,CHGNET_0072,2,0.8452314905977643,0.9153180625289679,666a7a3f0b03ebd6b8a04c7bd9c4f441317979ab7abe29035bf4905d70c7cc33
job_072_Co_fe_-0.820_n4_generated_crystals_cif__gen_3,prospective,MACE-MP,0.3.16,01bfe22100139f424713cf921144e5509cbe353d67aa9fa1be9c6e1e0ed35845,cuda,DONE,,,True,10,-5.681304329551627,-5.686127500752682,0.07669110139409636,0.6147918069907592,73.45819988936113,71.19907782149292,-0.030753844652751883,1.8770388717088993,0.02328700123069839,8,Cm,False,MACEMP_0071,2,0.8452314905977643,0.6041946895420551,97b0268f54e7c7383ddb6752a1a70857826461899c819e07e3945410817a6ab5
job_073_Cr_fe_-1.375_n4_generated_crystals_cif__gen_0,development_calibration,CHGNet,0.4.2,131bf40fe7fb7e0a4685589e31019fed2e757e8f4bff5e335330b9854cf9e926,cuda,DONE,,,True,2,-8.046306610107422,-8.046575273786273,0.07409292168650178,1.0943137654497233,76.1919698201367,76.2578146155977,0.0008641959988227033,1.9303345980505997,0.0028059721921317934,187,P-6m2,False,CHGNET_0073,1,0.9995403142447508,0.18805587850511074,50315869e00f1f68eb2005b03a83f256ec6e25ccadc801acc73c67fd85db5571
job_073_Cr_fe_-1.375_n4_generated_crystals_cif__gen_0,development_calibration,MACE-MP,0.3.16,01bfe22100139f424713cf921144e5509cbe353d67aa9fa1be9c6e1e0ed35845,cuda,DONE,,,True,4,-7.0464438738644,-7.047034959541522,0.06747593065420417,1.3911529193020855,76.1919698201367,76.49724424654703,0.004006648300745708,1.933180467493609,0.0059210127053188925,187,P-6m2,False,MACEMP_0072,1,0.9995403142447508,0.2468102965503931,d0b1b6f981f5ef1996e5c1f697244732a17527e0ba05a0904e74f34e9671fba6
job_073_Cr_fe_-1.375_n4_generated_crystals_cif__gen_1,prospective,CHGNet,0.4.2,131bf40fe7fb7e0a4685589e31019fed2e757e8f4bff5e335330b9854cf9e926,cuda,DONE,,,True,3,-8.081257956368583,-8.081902640206474,0.09737476603817924,0.6176603531172712,73.89932922324668,74.01382793212045,0.00154938766125845,1.9396867943724598,0.006554773933816519,10,P2/m,False,CHGNET_0023,20,0.978684034550156,0.25718146562576294,fbe0f72d1ade326849b7761523ac67f621a7c79ce1744cd8c7258786db8470f8
job_073_Cr_fe_-1.375_n4_generated_crystals_cif__gen_1,prospective,MACE-MP,0.3.16,01bfe22100139f424713cf921144e5509cbe353d67aa9fa1be9c6e1e0ed35845,cuda,DONE,,,True,6,-7.101777222287837,-7.103218605656318,0.09881550666357986,0.3388569366226437,73.89932922324668,74.15533081587637,0.003464193725714493,1.934642154520539,0.01944002244552645,10,P2/m,False,MACEMP_0023,20,0.978684034550156,0.3414382841438055,202bcd7a01a79f30f8b49fe3445f6bd5cf6e5500855f77bfc9b4af5cb65eabb7
job_073_Cr_fe_-1.375_n4_generated_crystals_cif__gen_2,prospective,CHGNet,0.4.2,131bf40fe7fb7e0a4685589e31019fed2e757e8f4bff5e335330b9854cf9e926,cuda,DONE,,,True,8,-8.069069998604911,-8.07141385759626,0.09917375874698338,0.4248463477167834,75.00539043803413,74.76706262085627,-0.003177475855882017,1.9457125711670074,0.018079725342831324,12,C2/m,False,CHGNET_0027,14,0.9767449916206772,0.6515338215976954,3eedb43d25e3e54a3cdf50bc4c8944295b8965555a5df9d7302cf424fc43d8b5
job_073_Cr_fe_-1.375_n4_generated_crystals_cif__gen_2,prospective,MACE-MP,0.3.16,01bfe22100139f424713cf921144e5509cbe353d67aa9fa1be9c6e1e0ed35845,cuda,DONE,,,True,3,-7.091725632985691,-7.094668865975583,0.09001048812748082,0.8792167650307393,75.00539043803413,74.72530574495512,-0.0037341941884883045,1.9525475664485505,0.015142476146804563,12,C2/m,False,MACEMP_0027,14,0.9767449916206772,0.2034825999289751,1b542759b5cb9efbb602da80873edfb5655444ec3a49b5e013310e2beff274a9
job_073_Cr_fe_-1.375_n4_generated_crystals_cif__gen_3,prospective,CHGNet,0.4.2,131bf40fe7fb7e0a4685589e31019fed2e757e8f4bff5e335330b9854cf9e926,cuda,DONE,,,True,12,-8.026532854352679,-8.02936063494001,0.08486638312925215,0.7818581470750576,68.18268959028352,69.23563609192048,0.015443017985418583,1.854098541718537,0.03350028241904278,8,Cm,False,CHGNET_0050,15,0.9527367311631707,0.9814061131328344,d4a465df9c513d4ac8b291925f4b7953c89d20cb1e0567eefce87fd7d02c1290
job_073_Cr_fe_-1.375_n4_generated_crystals_cif__gen_3,prospective,MACE-MP,0.3.16,01bfe22100139f424713cf921144e5509cbe353d67aa9fa1be9c6e1e0ed35845,cuda,DONE,,,True,4,-7.075612633280675,-7.07662390377684,0.0921191659598683,1.0229611884145016,68.18268959028352,68.30114669323163,0.0017373486387810555,1.8769871855694134,0.011003570615232959,8,Cm,False,MACEMP_0049,15,0.9527367311631707,0.24130852706730366,13843e096158a54223ac89f25923e3f8e22a99e93e805bd7911180c2f82679eb
job_074_Mn_fe_-0.891_n4_generated_crystals_cif__gen_1,prospective,CHGNet,0.4.2,131bf40fe7fb7e0a4685589e31019fed2e757e8f4bff5e335330b9854cf9e926,cuda,DONE,,,True,7,-7.709825788225446,-7.711929866245815,0.08242844215909462,0.8177208403272155,75.34544795476612,75.56327163608385,0.0028909998842732154,1.9115018457148978,0.01325360710624659,1,P1,False,CHGNET_0012,15,0.8657318904359474,0.573662843555212,4741876dbea0b99f1ec45c62b14268874b25815a5ac7ce1a93aa7db5807bfc74
job_074_Mn_fe_-0.891_n4_generated_crystals_cif__gen_1,prospective,MACE-MP,0.3.16,01bfe22100139f424713cf921144e5509cbe353d67aa9fa1be9c6e1e0ed35845,cuda,DONE,,,True,6,-6.844466133898101,-6.846197975809868,0.09775511445224884,0.7395488872444548,75.34544795476612,75.5487017515882,0.0026976254351041007,1.9123921770781127,0.012278915473291251,1,P1,False,MACEMP_0012,15,0.8657318904359474,0.3654897529631853,874e5268787e906cd06ce75f304401de218b3caffc17af2b843db7133bbcd36e
job_074_Mn_fe_-0.891_n4_generated_crystals_cif__gen_2,prospective,CHGNet,0.4.2,131bf40fe7fb7e0a4685589e31019fed2e757e8f4bff5e335330b9854cf9e926,cuda,DONE,,,True,15,-7.656838008335659,-7.670628683907645,0.09905008360212433,1.2999738559580594,77.90995225349819,78.61697934100803,0.009074926463943367,1.910239739184214,0.05428173597950342,1,P1,False,CHGNET_0074,2,0.87759731447718,1.1536770854145288,3fa1d87da1e8be441e19f2938d94529fe85802bb00618a31a19c1d726b74f2da
job_074_Mn_fe_-0.891_n4_generated_crystals_cif__gen_2,prospective,MACE-MP,0.3.16,01bfe22100139f424713cf921144e5509cbe353d67aa9fa1be9c6e1e0ed35845,cuda,DONE,,,True,18,-6.780978660257076,-6.793031369430465,0.09157862200550716,1.2003200832039553,77.90995225349819,78.4323288151369,0.006704875905186425,1.8979342024298065,0.041521008015357505,1,P1,False,MACEMP_0073,2,0.87759731447718,1.093961102887988,f713570ca1f81d902dccbd29f256a33e0bf64f2533549d84a2ac15e5b3beebc3
job_074_Mn_fe_-0.891_n4_generated_crystals_cif__gen_3,prospective,CHGNet,0.4.2,131bf40fe7fb7e0a4685589e31019fed2e757e8f4bff5e335330b9854cf9e926,cuda,DONE,,,True,4,-7.720547267368862,-7.721887860979352,0.0900188539210336,0.8979095141622438,73.93804569285764,74.36035556754071,0.005711672126652578,1.9244770569600835,0.011947405465205528,2,P-1,False,CHGNET_0013,35,0.868062228855206,0.3391468245536089,5d7340200f50ab3fb7a955879ed4f63b9ca71f099a9fc4062712cea5bf355dce
job_074_Mn_fe_-0.891_n4_generated_crystals_cif__gen_3,prospective,MACE-MP,0.3.16,01bfe22100139f424713cf921144e5509cbe353d67aa9fa1be9c6e1e0ed35845,cuda,DONE,,,True,9,-6.8515892407811325,-6.853825632124146,0.06465151540382606,0.5674553758447326,73.93804569285764,75.34100830115018,0.01897484028886187,1.9154397842075166,0.011158827207919874,2,P-1,False,MACEMP_0013,35,0.868062228855206,0.5493134893476963,a531cbef6e85a22a28e1ecfe5cb2d5496103de563f058361398441d476eab7eb
job_075_Co_fe_-0.911_n4_generated_crystals_cif__gen_0,prospective,CHGNet,0.4.2,131bf40fe7fb7e0a4685589e31019fed2e757e8f4bff5e335330b9854cf9e926,cuda,DONE,,,True,11,-6.5326739719935825,-6.5405104500906805,0.09786179687090217,1.4838062034608834,69.81290947524838,68.52889682643372,-0.01839219506056955,1.8827055011292597,0.028841590299879854,12,C2/m,False,CHGNET_0031,25,0.8418178399439542,0.8691116701811552,bd55430909d8349b01f8ea774266015f3ac059659ffabe7b96e96e69eedf21e0
job_075_Co_fe_-0.911_n4_generated_crystals_cif__gen_0,prospective,MACE-MP,0.3.16,01bfe22100139f424713cf921144e5509cbe353d67aa9fa1be9c6e1e0ed35845,cuda,DONE,,,True,20,-5.690449315419682,-5.698692610146726,0.041332158053421886,1.4776970922878694,69.81290947524838,67.39055683308158,-0.034697775244929785,1.8972604380610225,0.012078571550211671,12,C2/m,False,MACEMP_0031,25,0.8418178399439542,1.2198351845145226,4b1948f29687702bee8d74829564ea12a62eeee8b0a629ef80a05b0f7c93b1b0
job_075_Co_fe_-0.911_n4_generated_crystals_cif__gen_1,prospective,CHGNet,0.4.2,131bf40fe7fb7e0a4685589e31019fed2e757e8f4bff5e335330b9854cf9e926,cuda,DONE,,,True,31,-6.401343754359654,-6.427655901227679,0.09992798453221044,0.5359793495088637,69.74505736474187,69.6825371328228,-0.0008964109326358161,1.7044302091935113,0.05904232377410925,160,R3m,False,CHGNET_0075,1,0.8879472478419119,2.5636396165937185,c4aef7541772d85f3abd8ff9928ad2db053f1d69f2aa7ce27995b128cf92dfd2
job_075_Co_fe_-0.911_n4_generated_crystals_cif__gen_1,prospective,MACE-MP,0.3.16,01bfe22100139f424713cf921144e5509cbe353d67aa9fa1be9c6e1e0ed35845,cuda,DONE,,,True,21,-5.522416612727012,-5.539708653385767,0.09876061297498558,0.5915048714581115,69.74505736474187,70.0372178714193,0.004188977939318939,1.7251858849716486,0.06862037183528825,160,R3m,False,MACEMP_0074,1,0.8879472478419119,1.2572592664510012,45173fafd14941c4f9011be1a819f4ca882b3a1fb9c170c44aa460a218efe5f6
job_075_Co_fe_-0.911_n4_generated_crystals_cif__gen_2,prospective,CHGNet,0.4.2,131bf40fe7fb7e0a4685589e31019fed2e757e8f4bff5e335330b9854cf9e926,cuda,DONE,,,True,4,-6.535463060651507,-6.536782400948661,0.08063536231468972,1.1361711442307407,68.29788071134435,67.9535901151652,-0.005041014341781169,1.8989478467866843,0.012150571405507873,12,C2/m,False,CHGNET_0036,18,0.8445019909284435,0.34470838494598866,67cba3e4d0d42b855027683925352213336f90350fa9ef352f1df447f67e3163
job_075_Co_fe_-0.911_n4_generated_crystals_cif__gen_2,prospective,MACE-MP,0.3.16,01bfe22100139f424713cf921144e5509cbe353d67aa9fa1be9c6e1e0ed35845,cuda,DONE,,,True,5,-5.690757260359087,-5.692280410020217,0.09239790550265137,0.9306853364333253,68.29788071134435,67.75127580240424,-0.008003248464623525,1.8928909416723043,0.015186078959827914,12,C2/m,False,MACEMP_0036,18,0.8445019909284435,0.3005365617573261,250f14f080276d05105549a190c71221e26c19023ca5627331d7e6fce41de2f5
job_075_Co_fe_-0.911_n4_generated_crystals_cif__gen_3,prospective,CHGNet,0.4.2,131bf40fe7fb7e0a4685589e31019fed2e757e8f4bff5e335330b9854cf9e926,cuda,DONE,,,True,11,-6.533443995884487,-6.5408428737095425,0.08751222616304076,1.056669975400671,69.89015494186356,68.65762885447047,-0.01763518893924798,1.886203756832354,0.029059675754010743,12,C2/m,False,CHGNET_0031,25,0.8434244132155451,1.0258842669427395,49af9af774b698cc9cd8e96e5f235c2e892c0a967a52f486ec750217c23bab96
job_075_Co_fe_-0.911_n4_generated_crystals_cif__gen_3,prospective,MACE-MP,0.3.16,01bfe22100139f424713cf921144e5509cbe353d67aa9fa1be9c6e1e0ed35845,cuda,DONE,,,True,12,-5.69080390509923,-5.6974184604939975,0.100387115710288,1.5426472014547215,69.89015494186356,68.36712092841641,-0.02179182482445552,1.895631396789019,0.024000801024842738,12,C2/m,False,MACEMP_0031,25,0.8434244132155451,0.7201932705938816,f6bede26b35a373ec16749424c648f5226b61a38b0f8460daeb522201c853440
job_076_Mg_fe_-1.074_n4_generated_crystals_cif__gen_0,prospective,CHGNet,0.4.2,131bf40fe7fb7e0a4685589e31019fed2e757e8f4bff5e335330b9854cf9e926,cuda,DONE,,,True,13,-5.455225263323102,-5.461098807198661,0.053566901956236014,1.375660435162677,76.91469229415402,77.89553218259375,0.012752308553593217,2.023580596004956,0.049584593903419696,119,I-4m2,False,CHGNET_0020,15,0.39532195347306764,1.087531678378582,1ef29c24a36a14e642fa4bcbc2c945e1628dcf52b3e817de17866a182c455914
job_076_Mg_fe_-1.074_n4_generated_crystals_cif__gen_0,prospective,MACE-MP,0.3.16,01bfe22100139f424713cf921144e5509cbe353d67aa9fa1be9c6e1e0ed35845,cuda,DONE,,,True,3,-5.065327288489285,-5.065776853725593,0.09363952754996868,1.2535783744444098,76.91469229415402,76.84110842415551,-0.0009566945898593637,2.0472287669597424,0.004084527348790113,119,I-4m2,False,MACEMP_0020,15,0.39532195347306764,0.1884483601897955,611c21505415cfc2c37c138a0f4fe34d828bec80149056e67deb9cb72680f47f
job_077_Ni_fe_-1.238_n4_generated_crystals_cif__gen_0,prospective,CHGNet,0.4.2,131bf40fe7fb7e0a4685589e31019fed2e757e8f4bff5e335330b9854cf9e926,cuda,DONE,,,True,12,-5.815858568464007,-5.818719591413226,0.06854239152332406,0.688037028636547,67.29110003528913,67.1501279291892,-0.0020949591554605407,1.8862981810196666,0.027244415035127215,8,Cm,False,CHGNET_0076,9,1.1181268677664544,0.9977388549596071,da822493fdd74fce0f9457a18f9f0777bc2a7b2e7bacf598e95dde67018a5b46
job_077_Ni_fe_-1.238_n4_generated_crystals_cif__gen_0,prospective,MACE-MP,0.3.16,01bfe22100139f424713cf921144e5509cbe353d67aa9fa1be9c6e1e0ed35845,cuda,DONE,,,True,16,-4.696120563494601,-4.700592723646771,0.09247216280841132,0.9309614023048298,67.29110003528913,67.04706010325825,-0.003626630147269161,1.77457919808151,0.06659170559864067,8,Cm,False,MACEMP_0075,9,1.1181268677664544,0.9694731198251247,a28a632b7b0039e2b5d33d65bf35b96f400ee18e971d8a95bb0af7f525daa8ac
job_077_Ni_fe_-1.238_n4_generated_crystals_cif__gen_1,prospective,CHGNet,0.4.2,131bf40fe7fb7e0a4685589e31019fed2e757e8f4bff5e335330b9854cf9e926,cuda,DONE,,,True,2,-5.913519723074777,-5.9137099129813055,0.09210156977635676,0.43570594250862166,68.50660175952542,68.52357145505611,0.0002477089082635331,1.8736369744227672,0.0025346449853049786,10,P2/m,False,CHGNET_0006,22,1.115397625538587,0.1941607240587473,a33c7713a7016c2bb8711bb073eb090b932f83f07f20b925363063db773e47ae
job_077_Ni_fe_-1.238_n4_generated_crystals_cif__gen_1,prospective,MACE-MP,0.3.16,01bfe22100139f424713cf921144e5509cbe353d67aa9fa1be9c6e1e0ed35845,cuda,DONE,,,True,0,-4.798312287442719,-4.798312287442719,0.09337529178073468,0.4557974432907661,68.50660175952542,68.50660175952542,0.0,1.8703767147499837,0.0,10,P2/m,False,MACEMP_0006,22,1.115397625538587,0.04849342070519924,f64debcb333ea479e8cb550b24e456dcc9f584a27cc2fcd8463ea0a10382f919
job_077_Ni_fe_-1.238_n4_generated_crystals_cif__gen_3,prospective,CHGNet,0.4.2,131bf40fe7fb7e0a4685589e31019fed2e757e8f4bff5e335330b9854cf9e926,cuda,DONE,,,True,4,-5.912294660295759,-5.913015638078962,0.08049485583043753,0.675063663709007,68.42005191530467,68.44532917445225,0.0003694422678730547,1.867839628635334,0.009623987231606124,2,P-1,False,CHGNET_0006,22,1.1169512860983009,0.34743132069706917,7a869e3d5ed7570fb277d5cbaf4fa6c9bea9a8039c84730a675b8bd39e27bbbc
job_077_Ni_fe_-1.238_n4_generated_crystals_cif__gen_3,prospective,MACE-MP,0.3.16,01bfe22100139f424713cf921144e5509cbe353d67aa9fa1be9c6e1e0ed35845,cuda,DONE,,,True,4,-4.79536733544358,-4.796064351980661,0.08819151289947508,0.27779976706728543,68.42005191530467,68.36902122444963,-0.0007458440826413337,1.8589951474966944,0.00887457999775348,2,P-1,False,MACEMP_0006,22,1.1169512860983009,0.2269488386809826,ef603ff44aa93b9fccd70a34d5aca472287d51ab4535b19483502774c16968d8
job_078_Ni_fe_-1.122_n4_generated_crystals_cif__gen_0,prospective,CHGNet,0.4.2,131bf40fe7fb7e0a4685589e31019fed2e757e8f4bff5e335330b9854cf9e926,cuda,DONE,,,True,3,-5.83503178187779,-5.83556147984096,0.08988661676556287,1.6580046772490769,67.24810557132184,67.23124892084786,-0.0002506635738028784,1.8834488385641628,0.0049742231634635715,119,I-4m2,False,CHGNET_0053,7,1.1379730785931903,0.26528565771877766,053801a6f73a2b60ab1c1557deb900873a7cd8ceb89564c149cbbb0d0f9afd04
job_078_Ni_fe_-1.122_n4_generated_crystals_cif__gen_0,prospective,MACE-MP,0.3.16,01bfe22100139f424713cf921144e5509cbe353d67aa9fa1be9c6e1e0ed35845,cuda,DONE,,,True,9,-4.69436477480515,-4.69758840124777,0.04590677183403525,1.5640787597392056,67.24810557132184,67.83863617047611,0.00878137152172953,1.8573300635067216,0.0072969750430035675,119,I-4m2,False,MACEMP_0052,7,1.1379730785931903,0.5276872254908085,7b7a0e1745fb075ac26e4f5a2aac712538a1cc3b5d2e51da923e2535cf762c60
job_078_Ni_fe_-1.122_n4_generated_crystals_cif__gen_1,prospective,CHGNet,0.4.2,131bf40fe7fb7e0a4685589e31019fed2e757e8f4bff5e335330b9854cf9e926,cuda,DONE,,,True,3,-5.891385759626116,-5.89226313999721,0.09032227219288944,1.0266131369483926,69.53371702364709,69.59536732900222,0.0008866246188761195,1.8567664350966162,0.0071908876135547825,2,P-1,False,CHGNET_0005,14,1.1088775517011253,0.22380008548498154,e6bb347bbb01d5e962c0d42371463568bf7e18e2df6746f7094c70ffc82334d0
job_078_Ni_fe_-1.122_n4_generated_crystals_cif__gen_1,prospective,MACE-MP,0.3.16,01bfe22100139f424713cf921144e5509cbe353d67aa9fa1be9c6e1e0ed35845,cuda,DONE,,,True,0,-4.783385588296085,-4.783385588296085,0.09735806678010114,1.1925008239242316,69.53371702364709,69.53371702364709,0.0,1.8436697582232495,0.0,2,P-1,False,MACEMP_0005,14,1.1088775517011253,0.04592779278755188,edbc175df9611a3a33f9b43e0925e2ff95ea7944698579dbb0f4813cb40b9e72
job_078_Ni_fe_-1.122_n4_generated_crystals_cif__gen_2,prospective,CHGNet,0.4.2,131bf40fe7fb7e0a4685589e31019fed2e757e8f4bff5e335330b9854cf9e926,cuda,DONE,,,True,23,-5.893992832728794,-5.9019268580845425,0.055037480497017295,1.1782601036450073,70.95263007595265,67.88159582383136,-0.043282881111437965,1.8667992472253343,0.028227046101113627,12,C2/m,False,CHGNET_0026,30,1.1045834800041767,1.5385895483195782,1c544e04f70378f23973fcd784f8a5c00319f783df579997e6b8351a69d4d043
job_078_Ni_fe_-1.122_n4_generated_crystals_cif__gen_2,prospective,MACE-MP,0.3.16,01bfe22100139f424713cf921144e5509cbe353d67aa9fa1be9c6e1e0ed35845,cuda,DONE,,,True,22,-4.786208382714809,-4.797343378080366,0.03911988088208612,1.1002917779021553,70.95263007595265,67.51997817006772,-0.04837948786691049,1.8767766680642868,0.028015388430107296,12,C2/m,False,MACEMP_0026,30,1.1045834800041767,1.227477429434657,059da438637d08eaa52bcacb94dbb2498291c39eb84f1437db66fb22c80f9683
job_078_Ni_fe_-1.122_n4_generated_crystals_cif__gen_3,prospective,CHGNet,0.4.2,131bf40fe7fb7e0a4685589e31019fed2e757e8f4bff5e335330b9854cf9e926,cuda,DONE,,,True,3,-5.91167231968471,-5.912653241838727,0.08871376707506085,1.130869260815397,67.6687530070645,67.86522933156047,0.002903501479855297,1.8648107492072568,0.00790940215921693,2,P-1,False,CHGNET_0006,22,1.1168130665035951,0.2737569957971573,41e5a2fc4834390637938e7e027920fdfde03ae943c333707aff3f3c84019c1c
job_078_Ni_fe_-1.122_n4_generated_crystals_cif__gen_3,prospective,MACE-MP,0.3.16,01bfe22100139f424713cf921144e5509cbe353d67aa9fa1be9c6e1e0ed35845,cuda,DONE,,,True,3,-4.795005640355238,-4.795840175335132,0.0908752684330071,0.8986776155709899,67.6687530070645,67.81939502866196,0.0022261681337873984,1.8593066584775504,0.007276772319982523,2,P-1,False,MACEMP_0006,22,1.1168130665035951,0.18973120488226414,4356ecab3012f8b57410f429911f8f50ee7dcb137be778b384a16a2d33603099
job_079_Cr_fe_-0.854_n4_generated_crystals_cif__gen_0,prospective,CHGNet,0.4.2,131bf40fe7fb7e0a4685589e31019fed2e757e8f4bff5e335330b9854cf9e926,cuda,DONE,,,True,0,-8.03237806047712,-8.03237806047712,0.05585151969387938,1.171563066285797,70.59072882106707,70.59072882106707,0.0,1.9519270467092897,0.0,44,Imm2,False,CHGNET_0022,15,0.9536310981746441,0.06048915907740593,7f79a1c143e92a9f5cf57b8120b8699e00c1750839490d8eb782f4dbb84c9067
job_079_Cr_fe_-0.854_n4_generated_crystals_cif__gen_0,prospective,MACE-MP,0.3.16,01bfe22100139f424713cf921144e5509cbe353d67aa9fa1be9c6e1e0ed35845,cuda,DONE,,,True,4,-7.077584812536592,-7.078746962302476,0.07999915381050107,1.1235673468744332,70.59072882106707,70.29860875834335,-0.004138221372727124,1.9548762313021981,0.010390783957861558,44,Imm2,False,MACEMP_0022,15,0.9536310981746441,0.246165094897151,db68086e62fe035231b414e10a7216af080a915d17082b64e3fc4cd2850edfbc
job_079_Cr_fe_-0.854_n4_generated_crystals_cif__gen_1,prospective,CHGNet,0.4.2,131bf40fe7fb7e0a4685589e31019fed2e757e8f4bff5e335330b9854cf9e926,cuda,DONE,,,True,11,-8.037420000348773,-8.041722978864398,0.09435179695380363,0.780284383583511,73.40525170738749,74.82194836897868,0.019299663561382685,1.8937448316413985,0.023056980810677537,25,Pmm2,False,CHGNET_0077,1,0.9322434879569377,0.916530841961503,339ca9acaf4088d0a83399fb7e3b0994e0a2c0e92312ed4f8dd59020a51accfe
job_079_Cr_fe_-0.854_n4_generated_crystals_cif__gen_1,prospective,MACE-MP,0.3.16,01bfe22100139f424713cf921144e5509cbe353d67aa9fa1be9c6e1e0ed35845,cuda,DONE,,,True,9,-7.106358450935479,-7.10947949090746,0.0932240689268044,1.0155373897750768,73.40525170738749,74.53739948424324,0.01542325311230841,1.9084259744982797,0.013094309613770753,25,Pmm2,False,MACEMP_0076,1,0.9322434879569377,0.5296638011932373,79747e57ccdb189770da74397f52eb5683a13169ba7b3f76cd4f590370723892
job_079_Cr_fe_-0.854_n4_generated_crystals_cif__gen_2,prospective,CHGNet,0.4.2,131bf40fe7fb7e0a4685589e31019fed2e757e8f4bff5e335330b9854cf9e926,cuda,DONE,,,True,3,-8.058231353759766,-8.060589926583427,0.09560341176908424,1.2159417195255857,75.435804740328,75.11602730802194,-0.004239067024032206,1.936858893256499,0.012326095631618333,166,R-3m,False,CHGNET_0043,3,0.9947972042516557,0.27241452783346176,c903ec47edf2a8abcbe1d6b9f911f8ea6acb195680e58fa3652fde010f980957
job_079_Cr_fe_-0.854_n4_generated_crystals_cif__gen_2,prospective,MACE-MP,0.3.16,01bfe22100139f424713cf921144e5509cbe353d67aa9fa1be9c6e1e0ed35845,cuda,DONE,,,True,8,-7.063261361866313,-7.065792722331771,0.08021199642924409,1.0935171586725856,75.435804740328,74.79162253312306,-0.008539475510633165,1.9390987849263506,0.013879166164721776,166,R-3m,False,MACEMP_0043,3,0.9947972042516557,0.3368507493287325,bb646552a9582eaed4de2eb298f4fc690e2989c86b26adae40457a07ab8ba9c0
job_080_Mn_fe_-1.081_n4_generated_crystals_cif__gen_0,prospective,CHGNet,0.4.2,131bf40fe7fb7e0a4685589e31019fed2e757e8f4bff5e335330b9854cf9e926,cuda,DONE,,,True,3,-7.713255201067243,-7.714566911969866,0.09011291973627854,0.6406109712261074,80.86550540655861,80.93794930052916,0.0008958565658661044,1.9230871846623527,0.0112700657860597,1,P1,False,CHGNET_0034,9,0.8705169268630826,0.25751623697578907,1bde94c6099be25de24e7d584553ba29293efcad6142e9b26bcae18858d7895d
job_080_Mn_fe_-1.081_n4_generated_crystals_cif__gen_0,prospective,MACE-MP,0.3.16,01bfe22100139f424713cf921144e5509cbe353d67aa9fa1be9c6e1e0ed35845,cuda,DONE,,,True,5,-6.842725785306706,-6.844049985106784,0.09320206480502313,1.0868506068206565,80.86550540655861,80.9347165648853,0.0008558798708884208,1.9166272947047727,0.011131659467059808,1,P1,False,MACEMP_0034,9,0.8705169268630826,0.2958246413618326,284d9f04b32df521f2b30bdf434e2e370dcd445674bce5082235fbbef18ec972
job_080_Mn_fe_-1.081_n4_generated_crystals_cif__gen_1,prospective,CHGNet,0.4.2,131bf40fe7fb7e0a4685589e31019fed2e757e8f4bff5e335330b9854cf9e926,cuda,DONE,,,True,10,-7.671974182128906,-7.676390511648996,0.09816174554210727,0.6042479996439711,70.3245638837968,72.01255848159816,0.024002915973863503,1.903334037993328,0.03753743978292629,1,P1,False,CHGNET_0030,7,0.8777095604036287,0.8454188071191311,bd4b0703fa2cabc1838b8e8f86183105525a551786d12efc3251b6662be485cb
job_080_Mn_fe_-1.081_n4_generated_crystals_cif__gen_1,prospective,MACE-MP,0.3.16,01bfe22100139f424713cf921144e5509cbe353d67aa9fa1be9c6e1e0ed35845,cuda,DONE,,,True,13,-6.793768774663119,-6.798680951245367,0.09376805863739208,0.9497146651604177,70.3245638837968,71.94886484199257,0.023097206274606208,1.8903372162279988,0.03893804785048477,1,P1,False,MACEMP_0030,7,0.8777095604036287,0.7944148052483797,a6d24d8c514d31609461911c110f4ece839b6d47977ed92c3c473d4055129365
job_080_Mn_fe_-1.081_n4_generated_crystals_cif__gen_2,prospective,CHGNet,0.4.2,131bf40fe7fb7e0a4685589e31019fed2e757e8f4bff5e335330b9854cf9e926,cuda,DONE,,,True,3,-7.719039372035435,-7.719636099679129,0.09971834491504417,0.7368420502365312,77.23740197873403,77.2256555601655,-0.0001520820000102674,1.9291949765472898,0.00656254511993147,1,P1,False,CHGNET_0013,35,0.8698334620642143,0.26753463223576546,fa58dcbca819db070bc51f954a5fd4d816ff2e1671414f1608dd1e764d8c2e73
job_080_Mn_fe_-1.081_n4_generated_crystals_cif__gen_2,prospective,MACE-MP,0.3.16,01bfe22100139f424713cf921144e5509cbe353d67aa9fa1be9c6e1e0ed35845,cuda,DONE,,,True,3,-6.84911242757724,-6.849802637614915,0.08893137778910203,0.8534907236658978,77.23740197873403,77.23939068967539,2.574802997523662e-05,1.924660193343033,0.00685286296055136,1,P1,False,MACEMP_0013,35,0.8698334620642143,0.1888878121972084,e5a4ec812243654158b4208fe9170fd2a94c34c8d89d97035ced19e266ebe4e1
job_080_Mn_fe_-1.081_n4_generated_crystals_cif__gen_3,prospective,CHGNet,0.4.2,131bf40fe7fb7e0a4685589e31019fed2e757e8f4bff5e335330b9854cf9e926,cuda,DONE,,,True,9,-7.656120300292969,-7.660411834716797,0.06676539510158198,0.2099899918070653,78.23988839499687,78.02684386162758,-0.002722965711476011,1.9318579421217381,0.024466762242856897,156,P3m1,False,CHGNET_0078,1,0.8719709714424742,0.7275537382811308,2da919a578b64af862c6536ee578da3df666b5e0678ae077b33188f371df6a3a
job_080_Mn_fe_-1.081_n4_generated_crystals_cif__gen_3,prospective,MACE-MP,0.3.16,01bfe22100139f424713cf921144e5509cbe353d67aa9fa1be9c6e1e0ed35845,cuda,DONE,,,True,3,-6.786238134823978,-6.788440863274323,0.09524507200753154,0.8197415152020202,78.23988839499687,78.01250421479878,-0.002906243667553987,1.9466835440065364,0.013956739205802317,156,P3m1,False,MACEMP_0077,1,0.8719709714424742,0.18821135349571705,0323e9138ff5ae3399ef78ce1e8e091d11343365a71b5bc9b7255bfc7c079013
job_081_Al_fe_-1.486_n4_generated_crystals_cif__gen_3,prospective,CHGNet,0.4.2,131bf40fe7fb7e0a4685589e31019fed2e757e8f4bff5e335330b9854cf9e926,cuda,DONE,,,True,7,-7.022654942103794,-7.025173187255859,0.09985235859917906,1.4445779064888453,69.72346529719742,69.679312243491,-0.0006332595994508194,1.8574244926329213,0.01970640954162692,12,C2/m,False,CHGNET_0019,8,0.3848577215379718,0.5795319490134716,28f7b5e3721ca01bbab63130537978e8c2380e467ba493871b7eba4554b5c111
job_081_Al_fe_-1.486_n4_generated_crystals_cif__gen_3,prospective,MACE-MP,0.3.16,01bfe22100139f424713cf921144e5509cbe353d67aa9fa1be9c6e1e0ed35845,cuda,DONE,,,True,8,-6.637247254477771,-6.6403154657178876,0.08891054101523255,1.5732862083126293,69.72346529719742,68.96633607779208,-0.010859030258723812,1.8732362028684675,0.026213803146839146,12,C2/m,False,MACEMP_0019,8,0.3848577215379718,0.3249282203614712,15decf6cb6a7afd13591b2ee4744d7dad059eb6e62b140534911f5175d33aebf
job_082_Co_fe_-0.885_n4_generated_crystals_cif__gen_0,prospective,CHGNet,0.4.2,131bf40fe7fb7e0a4685589e31019fed2e757e8f4bff5e335330b9854cf9e926,cuda,DONE,,,True,10,-6.535003117152622,-6.540853227887835,0.09948542398795346,1.160224568116115,69.62678659296942,68.55097268852523,-0.015451149723931357,1.8778321950668266,0.027501397705688758,12,C2/m,False,CHGNET_0031,25,0.8422144512363285,0.7529256492853165,cca754f60408fec7d660004e3e7c59071559a15e6ef4b3912e302df7e0415797
job_082_Co_fe_-0.885_n4_generated_crystals_cif__gen_0,prospective,MACE-MP,0.3.16,01bfe22100139f424713cf921144e5509cbe353d67aa9fa1be9c6e1e0ed35845,cuda,DONE,,,True,19,-5.692208158746191,-5.6986387766515065,0.01384586427076513,1.3425157117715363,69.62678659296942,67.62115878232784,-0.02880540534444398,1.8941387183086316,0.012882858412278354,12,C2/m,False,MACEMP_0031,25,0.8422144512363285,0.8190809953957796,62a899744db7fc8a77eb8055a5aea66724b54bd80775f1e5244c5682cac0a551
job_082_Co_fe_-0.885_n4_generated_crystals_cif__gen_1,prospective,CHGNet,0.4.2,131bf40fe7fb7e0a4685589e31019fed2e757e8f4bff5e335330b9854cf9e926,cuda,DONE,,,True,8,-6.4553713117327005,-6.464359828404018,0.10036345097626778,0.788938068393622,69.33377750655335,68.01649165999262,-0.01899919337924738,1.8248421905848349,0.05126713081784752,44,Imm2,False,CHGNET_0042,12,0.8781104428525373,0.6531890165060759,16da4d6cd06e8a99292a1568ad2c7a4ddfb644010ba4a3d64a38770ef49fc5a3
job_082_Co_fe_-0.885_n4_generated_crystals_cif__gen_1,prospective,MACE-MP,0.3.16,01bfe22100139f424713cf921144e5509cbe353d67aa9fa1be9c6e1e0ed35845,cuda,DONE,,,True,17,-5.5736949668115505,-5.586249385551481,0.0656194945991803,1.6997521503551705,69.33377750655335,64.5778401622987,-0.06859481071552931,1.834883613778776,0.04182478872901592,8,Cm,False,MACEMP_0042,12,0.8781104428525373,1.0449654050171375,96263ed31bbabb99a149e2c3b8521a127c493ab0a48696c250f8bda1f19400c1
job_083_Cr_fe_-0.935_n4_generated_crystals_cif__gen_1,development_calibration,CHGNet,0.4.2,131bf40fe7fb7e0a4685589e31019fed2e757e8f4bff5e335330b9854cf9e926,cuda,DONE,,,True,3,-8.059151785714286,-8.059890747070312,0.08092378839743794,0.6786835286396197,73.2227547354976,73.24396474241243,0.0002896641486849205,1.9338733643652268,0.008273179655412488,166,R-3m,False,CHGNET_0043,3,0.992791998830362,0.27959045954048634,4cd8355a0788e528b5634d5c085360121fe99870195e60550c3855e8defb2c99
job_083_Cr_fe_-0.935_n4_generated_crystals_cif__gen_1,development_calibration,MACE-MP,0.3.16,01bfe22100139f424713cf921144e5509cbe353d67aa9fa1be9c6e1e0ed35845,cuda,DONE,,,True,3,-7.066361044538857,-7.0670987482399505,0.09321093337279757,0.2857484754860934,73.2227547354976,73.17210025806672,-0.0006917860112455321,1.935512366963776,0.008024567642418358,166,R-3m,False,MACEMP_0043,3,0.992791998830362,0.18698973953723907,bd11dedb9b6696bdcee7a832b2fc8df03c2076960105970833f71fde84e0f44a
job_083_Cr_fe_-0.935_n4_generated_crystals_cif__gen_2,prospective,CHGNet,0.4.2,131bf40fe7fb7e0a4685589e31019fed2e757e8f4bff5e335330b9854cf9e926,cuda,DONE,,,True,12,-8.02615247453962,-8.029584067208427,0.09765250001193809,0.7479329272329676,68.49875949351251,69.36453745660742,0.012639323244633571,1.8426251251384747,0.037678108129947055,8,Cm,False,CHGNET_0050,15,0.9518382881659662,1.0019676834344864,2808d0b516c2b00348cd463bb336edac9054b7e9a9a17a3b447b7e49686585c8
job_083_Cr_fe_-0.935_n4_generated_crystals_cif__gen_2,prospective,MACE-MP,0.3.16,01bfe22100139f424713cf921144e5509cbe353d67aa9fa1be9c6e1e0ed35845,cuda,DONE,,,True,10,-7.076171444812288,-7.077745779042461,0.09504709809156806,0.9841589775010594,68.49875949351251,68.56060783452104,0.0009029118405332603,1.8786622940687367,0.02349593614005583,8,Cm,False,MACEMP_0049,15,0.9518382881659662,0.5878701228648424,d8db999aada9891828ee683bc74ee97e8915a4b7bafaa44e2e3ec12ba2d9615d
job_084_Ni_fe_-1.459_n4_generated_crystals_cif__gen_0,prospective,CHGNet,0.4.2,131bf40fe7fb7e0a4685589e31019fed2e757e8f4bff5e335330b9854cf9e926,cuda,DONE,,,True,3,-5.913482666015625,-5.913818359375,0.06515426298243326,0.42073068088595866,69.08541649199842,69.07910802171041,-9.131406609863557e-05,1.8751449840659533,0.00502370827690937,10,P2/m,False,CHGNET_0006,22,1.1157699320137295,0.2663282733410597,61fa47066d733a223bb521f33a2e4b36194162c92d6003fd63ded91f7c41ddc7
job_084_Ni_fe_-1.459_n4_generated_crystals_cif__gen_0,prospective,MACE-MP,0.3.16,01bfe22100139f424713cf921144e5509cbe353d67aa9fa1be9c6e1e0ed35845,cuda,DONE,,,True,5,-4.797233371679121,-4.7980484273612705,0.08769498729602006,0.29329861687287806,69.08541649199842,68.97616407075074,-0.0015814107635918617,1.8687744357953648,0.0115187172745801,10,P2/m,False,MACEMP_0006,22,1.1157699320137295,0.2942203003913164,96de5846224551fa318f213bad24a1f6897b0d6ed43faf2aa1cb864eb367bdd5
job_084_Ni_fe_-1.459_n4_generated_crystals_cif__gen_1,prospective,CHGNet,0.4.2,131bf40fe7fb7e0a4685589e31019fed2e757e8f4bff5e335330b9854cf9e926,cuda,DONE,,,True,17,-5.887640816824777,-5.894413539341518,0.0912237400253223,1.294871173667321,70.23741047669876,66.56902866718521,-0.052228317994874485,1.8770792595200083,0.04090296143783414,12,C2/m,False,CHGNET_0005,14,1.1058956577509633,1.5672906879335642,6a465dd5d266b59f082cf44605f53293f090e0e8e0629fac55afbf5b2f1948b2
job_084_Ni_fe_-1.459_n4_generated_crystals_cif__gen_1,prospective,MACE-MP,0.3.16,01bfe22100139f424713cf921144e5509cbe353d67aa9fa1be9c6e1e0ed35845,cuda,DONE,,,True,16,-4.77863698279498,-4.788517881590555,0.08977185249048153,0.7508110549935535,70.23741047669876,67.56454635835527,-0.03805470760101848,1.8897478862931798,0.04385020198567309,12,C2/m,False,MACEMP_0005,14,1.1058956577509633,0.9527414310723543,739ef4d99204df4a504651db89e90beb17e11cedd61e8e5cdd8ca4310775e472
job_084_Ni_fe_-1.459_n4_generated_crystals_cif__gen_3,prospective,CHGNet,0.4.2,131bf40fe7fb7e0a4685589e31019fed2e757e8f4bff5e335330b9854cf9e926,cuda,DONE,,,True,9,-5.911279950823102,-5.912994929722378,0.08921993936397113,0.4943870126735996,67.74494528924093,68.14097754153556,0.0058459306536267075,1.8713967686740633,0.017481577653846364,2,P-1,False,CHGNET_0006,22,1.1170320391350792,0.7725611366331577,f580b566e25bda2603cd3264d672b109976d6fb1a3b0b62fe509cdde24bc2b13
job_084_Ni_fe_-1.459_n4_generated_crystals_cif__gen_3,prospective,MACE-MP,0.3.16,01bfe22100139f424713cf921144e5509cbe353d67aa9fa1be9c6e1e0ed35845,cuda,DONE,,,True,3,-4.795074750037986,-4.795962890587298,0.09830600850785592,0.9110018673041906,67.74494528924093,67.87815316119452,0.0019663145550541383,1.8607434707121004,0.007705138268433184,2,P-1,False,MACEMP_0006,22,1.1170320391350792,0.18537992984056473,9941d6784c054d60793843773df32543d35072e9dc6c69d52b96c9a8d2b941d0
job_085_Mg_fe_-0.837_n4_generated_crystals_cif__gen_2,prospective,CHGNet,0.4.2,131bf40fe7fb7e0a4685589e31019fed2e757e8f4bff5e335330b9854cf9e926,cuda,DONE,,,True,27,-5.432414463588169,-5.474423544747489,0.10057885062596808,1.008059007031061,73.65184618447203,69.78804415551397,-0.05246035543061056,1.8494763654535904,0.11765282206841626,123,P4/mmm,False,CHGNET_0079,1,0.2848564206220914,2.045535111799836,956e5ae7f0fac13a5180ae8c4f5202a8de8b060c6ddcedd9a565b7019414f7ee
job_085_Mg_fe_-0.837_n4_generated_crystals_cif__gen_2,prospective,MACE-MP,0.3.16,01bfe22100139f424713cf921144e5509cbe353d67aa9fa1be9c6e1e0ed35845,cuda,DONE,,,True,38,-5.063093410807783,-5.189567124125397,0.08213396652723563,0.5794993545670353,73.65184618447203,70.25795368034545,-0.04608020952558434,1.4842265008938467,0.15482723398989479,99,P4mm,False,MACEMP_0078,1,0.2848564206220914,1.88603132404387,92258a12a1f5be575010487c1e8a31acd70234400126a5375e0e937e5dde54d5
job_086_Mn_fe_-0.988_n4_generated_crystals_cif__gen_0,prospective,CHGNet,0.4.2,131bf40fe7fb7e0a4685589e31019fed2e757e8f4bff5e335330b9854cf9e926,cuda,DONE,,,True,9,-7.661245618547712,-7.663759504045759,0.06713112787515114,0.3780275180041583,71.61136145290308,71.47457184193675,-0.001910166322648288,1.8674752627111302,0.018645457859493456,8,Cm,False,CHGNET_0065,10,0.8641883562415602,0.6364354230463505,fd985466c56221c9d249118aa50b0905690a5e49439de2f14df41eda7e9b9654
job_086_Mn_fe_-0.988_n4_generated_crystals_cif__gen_0,prospective,MACE-MP,0.3.16,01bfe22100139f424713cf921144e5509cbe353d67aa9fa1be9c6e1e0ed35845,cuda,DONE,,,True,4,-6.797945923310679,-6.7995711478041985,0.07790069563482699,0.737696672389056,71.61136145290308,71.4469711496446,-0.0022955896930768604,1.8727743369172427,0.0154537196099967,8,Cm,False,MACEMP_0064,10,0.8641883562415602,0.24503046832978725,43fc6c306f26788c5e4207d0650adbe7db0d9c6ceb4aba475591e6817f3d69ea
job_086_Mn_fe_-0.988_n4_generated_crystals_cif__gen_1,prospective,CHGNet,0.4.2,131bf40fe7fb7e0a4685589e31019fed2e757e8f4bff5e335330b9854cf9e926,cuda,DONE,,,True,3,-7.721753801618304,-7.722257886614118,0.06632474351505994,1.1100107394614769,74.24618156631026,74.41265775079705,0.002242218804722196,1.928701521061311,0.00477428056099226,10,P2/m,False,CHGNET_0013,35,0.8679951604826783,0.2340455949306488,48b8caa8d06f0eba3fa824b006b93c44c25cdff7a3178d3f2c0768f78ccf43d5
job_086_Mn_fe_-0.988_n4_generated_crystals_cif__gen_1,prospective,MACE-MP,0.3.16,01bfe22100139f424713cf921144e5509cbe353d67aa9fa1be9c6e1e0ed35845,cuda,DONE,,,True,4,-6.853037248486368,-6.85426272613144,0.08316439984854064,1.3006311339298349,74.24618156631026,74.63381336214933,0.005220898740669444,1.9265306604776717,0.009880594978392318,10,P2/m,False,MACEMP_0013,35,0.8679951604826783,0.23773327469825745,ac343ff02d8e0df53f09a6e34f68cfb0e08e516ce0635bdbd944359c9898671f
job_086_Mn_fe_-0.988_n4_generated_crystals_cif__gen_2,development_calibration,CHGNet,0.4.2,131bf40fe7fb7e0a4685589e31019fed2e757e8f4bff5e335330b9854cf9e926,cuda,DONE,,,True,3,-7.716799054827009,-7.717262813023159,0.06639050678930415,0.340329040904793,77.08719459683232,77.01223425713387,-0.0009724097509384855,1.9225432198576446,0.005791204111038677,8,Cm,False,CHGNET_0012,15,0.8658769000829709,0.2570749316364527,5ef270675ce2e7d0953d0fce800078ed415135b3c8783ef8a6fe44d245297bed
job_086_Mn_fe_-0.988_n4_generated_crystals_cif__gen_2,development_calibration,MACE-MP,0.3.16,01bfe22100139f424713cf921144e5509cbe353d67aa9fa1be9c6e1e0ed35845,cuda,DONE,,,True,3,-6.8509479681047125,-6.851385912940188,0.062161933521466685,0.30740686259822375,77.08719459683232,77.03210679596624,-0.000714616755145725,1.9216419247706178,0.00569353286839298,8,Cm,False,MACEMP_0012,15,0.8658769000829709,0.18281891383230686,d27ae7f98d3d20579ce3d42c53f14886800ebe521604d69304b01b2edd38b0ed
job_086_Mn_fe_-0.988_n4_generated_crystals_cif__gen_3,prospective,CHGNet,0.4.2,131bf40fe7fb7e0a4685589e31019fed2e757e8f4bff5e335330b9854cf9e926,cuda,DONE,,,True,15,-7.675683157784598,-7.680098942347935,0.04159932186590501,1.4595700666338765,75.26944890805547,76.12992534472076,0.011431948142949677,1.9106524201227297,0.024137013145682736,25,Pmm2,False,CHGNET_0080,1,0.865432219914771,1.179991727694869,74b6a88977d053b866c63eaef58b62508fd9ca1e8c505e5641d97b620057da8b
job_086_Mn_fe_-0.988_n4_generated_crystals_cif__gen_3,prospective,MACE-MP,0.3.16,01bfe22100139f424713cf921144e5509cbe353d67aa9fa1be9c6e1e0ed35845,cuda,DONE,,,True,12,-6.80922501188323,-6.814666722433164,0.0947495543981777,0.8407598064644408,75.26944890805547,77.4984762983277,0.029613972502908537,1.912184123726571,0.04910673371799247,25,Pmm2,False,MACEMP_0079,1,0.865432219914771,0.6647399943321943,302ceb120e8fb3319367f2cf60f8ad8797db5401ff6c3530db4063c8191d863b
job_087_Cr_fe_-1.452_n4_generated_crystals_cif__gen_0,prospective,CHGNet,0.4.2,131bf40fe7fb7e0a4685589e31019fed2e757e8f4bff5e335330b9854cf9e926,cuda,DONE,,,True,2,-8.081201825823102,-8.081498282296318,0.09528095029694107,1.313483571778779,74.49139345822714,74.55105340494252,0.0008008971767838879,1.934960270828692,0.002933933186276414,10,P2/m,False,CHGNET_0023,20,0.9784234900693667,0.18420184962451458,e60b86319c7c71da8ba4e1693c6dc6326b95d347841d9618937dfa5b3e675b71
job_087_Cr_fe_-1.452_n4_generated_crystals_cif__gen_0,prospective,MACE-MP,0.3.16,01bfe22100139f424713cf921144e5509cbe353d67aa9fa1be9c6e1e0ed35845,cuda,DONE,,,True,3,-7.1025147722202036,-7.103074792226951,0.0858706073039207,1.367414343317452,74.49139345822714,74.62740155740552,0.001825822995976667,1.93412772263289,0.005600832053586909,10,P2/m,False,MACEMP_0023,20,0.9784234900693667,0.18643773160874844,74d93cce9ff1a46d0d8765c05b286ec4164bc22c7a7da745fb89d192e3a5154b
job_087_Cr_fe_-1.452_n4_generated_crystals_cif__gen_2,prospective,CHGNet,0.4.2,131bf40fe7fb7e0a4685589e31019fed2e757e8f4bff5e335330b9854cf9e926,cuda,DONE,,,True,11,-8.054494040352958,-8.059325081961495,0.09043474535856894,1.3157769959624397,74.46811441087327,75.65787319400272,0.015976754514892555,1.8838991142807566,0.026482302688453734,10,P2/m,False,CHGNET_0068,4,0.9749486825587823,0.9087397251278162,c3f2369df9efc80a864a86adf044c92dd5ddb3df62a0d18edfa8c90089a44078
job_087_Cr_fe_-1.452_n4_generated_crystals_cif__gen_2,prospective,MACE-MP,0.3.16,01bfe22100139f424713cf921144e5509cbe353d67aa9fa1be9c6e1e0ed35845,cuda,DONE,,,True,15,-7.076491790237555,-7.0843763994027125,0.09526465664862474,1.0041020806716443,74.46811441087327,76.94183630620964,0.03321853809387143,1.8393770905385392,0.04735130451833731,10,P2/m,False,MACEMP_0067,4,0.9749486825587823,0.890335263684392,80fed03e275f1ced5d8e5706e99a3de0cb74ac02582cab78144a845001bf506c
job_087_Cr_fe_-1.452_n4_generated_crystals_cif__gen_3,prospective,CHGNet,0.4.2,131bf40fe7fb7e0a4685589e31019fed2e757e8f4bff5e335330b9854cf9e926,cuda,DONE,,,True,9,-8.031514304024833,-8.033642905099052,0.08759694168021508,1.1567536936895613,70.8911846411662,70.57380757826265,-0.004476960915663186,1.7768318058434078,0.018393088962981682,8,Cm,False,CHGNET_0025,12,0.9584675755690988,0.7597034834325314,41d8eba58e21064414a1709c55b98655475ceda021b7b51ef3f49af8bb7b61e2
job_087_Cr_fe_-1.452_n4_generated_crystals_cif__gen_3,prospective,MACE-MP,0.3.16,01bfe22100139f424713cf921144e5509cbe353d67aa9fa1be9c6e1e0ed35845,cuda,DONE,,,True,13,-7.068160954845256,-7.075175329529953,0.0968900359981733,0.7861849607203203,70.8911846411662,69.38708913692108,-0.021216961063050266,1.839586684151498,0.04406229705708897,8,Cm,False,MACEMP_0025,12,0.9584675755690988,0.5015286952257156,24715227176e8215985e039ff35085d47425f4456b4d55af13b6e4890e1a0eb3
job_088_Cr_fe_-1.127_n4_generated_crystals_cif__gen_0,prospective,CHGNet,0.4.2,131bf40fe7fb7e0a4685589e31019fed2e757e8f4bff5e335330b9854cf9e926,cuda,DONE,,,True,8,-8.078689575195312,-8.081428527832031,0.09462990042882154,0.6160075806403474,72.09138526835919,73.35393152986289,0.017513136372728777,1.927732057891545,0.025164280002352032,10,P2/m,False,CHGNET_0023,20,0.9788808628509775,0.3939505089074373,22f3b34e3b7463f27bbdad00ddec4f9a55cff70ffca0caffb88501207f2f2fd5
job_088_Cr_fe_-1.127_n4_generated_crystals_cif__gen_0,prospective,MACE-MP,0.3.16,01bfe22100139f424713cf921144e5509cbe353d67aa9fa1be9c6e1e0ed35845,cuda,DONE,,,True,11,-7.099028122894509,-7.102547664981054,0.07901394194145825,1.4329192813294611,72.09138526835919,73.41986968938201,0.018427783237588757,1.9185425221619425,0.02804631295427979,10,P2/m,False,MACEMP_0023,20,0.9788808628509775,0.5184875968843699,ce8e3b32a88f0b09e2ea12eee5989a500e570aaef8ec3106566d71cf874e21d7
job_088_Cr_fe_-1.127_n4_generated_crystals_cif__gen_1,prospective,CHGNet,0.4.2,131bf40fe7fb7e0a4685589e31019fed2e757e8f4bff5e335330b9854cf9e926,cuda,DONE,,,True,3,-8.081370217459542,-8.081708090645927,0.07918179627312028,0.9807579333501515,73.43561425314395,73.57988986421431,0.001964654514538644,1.93670807331938,0.0039896864343810425,10,P2/m,False,CHGNET_0023,20,0.9787117180714553,0.25513914600014687,9cd912775b179658019289e825906455805fbbe54ad4090e16ba0ef6cefcd416
job_088_Cr_fe_-1.127_n4_generated_crystals_cif__gen_1,prospective,MACE-MP,0.3.16,01bfe22100139f424713cf921144e5509cbe353d67aa9fa1be9c6e1e0ed35845,cuda,DONE,,,True,5,-7.101909612194177,-7.102996372574472,0.09210899163582238,0.6289663453422768,73.43561425314395,73.7453005185716,0.004217112753494678,1.9297740208844858,0.012973507998293896,10,P2/m,False,MACEMP_0023,20,0.9787117180714553,0.27810115180909634,b4d2cfcbb1e2eb33535cac3a4483452d890c1bfe0e7dc70936d630e530cb7c82
job_088_Cr_fe_-1.127_n4_generated_crystals_cif__gen_2,prospective,CHGNet,0.4.2,131bf40fe7fb7e0a4685589e31019fed2e757e8f4bff5e335330b9854cf9e926,cuda,DONE,,,True,9,-8.069681440080915,-8.071492876325335,0.07870671843503178,0.825175438817229,74.5784248232613,74.45659636507109,-0.0016335616966827171,1.937626220471792,0.01889644201608734,12,C2/m,False,CHGNET_0027,14,0.9767281261505314,0.7388098537921906,a5a25c4b12645c7f04f04d2d26e3f5647c664f2bbdf49c98fa406549c3818d21
job_088_Cr_fe_-1.127_n4_generated_crystals_cif__gen_2,prospective,MACE-MP,0.3.16,01bfe22100139f424713cf921144e5509cbe353d67aa9fa1be9c6e1e0ed35845,cuda,DONE,,,True,3,-7.0932425502335406,-7.094764750174804,0.062281109445786596,0.7214354658054727,74.5784248232613,74.38241459578677,-0.0026282430600946816,1.9608857094652794,0.011025556000811289,12,C2/m,False,MACEMP_0027,14,0.9767281261505314,0.18850266374647617,a89ee0b7d2b896d763ba258ac9c17eed79ac6b59aaa82b4754973504f5c74852
job_088_Cr_fe_-1.127_n4_generated_crystals_cif__gen_3,prospective,CHGNet,0.4.2,131bf40fe7fb7e0a4685589e31019fed2e757e8f4bff5e335330b9854cf9e926,cuda,DONE,,,True,9,-8.026464189801898,-8.028807503836495,0.09960642300142628,0.8929733550588164,68.93922650176913,69.12925317976206,0.0027564376282644965,1.8620608583423,0.02121409136132111,8,Cm,False,CHGNET_0050,15,0.9512311430368392,0.74350206553936,264589a87a603c1b08af1fd1b42d52142961b56e503673b7ff14e1a07e7e1b8f
job_088_Cr_fe_-1.127_n4_generated_crystals_cif__gen_3,prospective,MACE-MP,0.3.16,01bfe22100139f424713cf921144e5509cbe353d67aa9fa1be9c6e1e0ed35845,cuda,DONE,,,True,9,-7.073623628209519,-7.077576360799656,0.08001346586084429,1.156917049488322,68.93922650176913,68.48880121764381,-0.006533657352737476,1.8724282252411562,0.041897203036901275,8,Cm,False,MACEMP_0049,15,0.9512311430368392,0.5369464680552483,ce8e26c30c1a626c742fd6fb0a4f97b5c6728e3bff9a897ff6e0e7e277f5187f
job_089_Ni_fe_-1.410_n4_generated_crystals_cif__gen_0,prospective,CHGNet,0.4.2,131bf40fe7fb7e0a4685589e31019fed2e757e8f4bff5e335330b9854cf9e926,cuda,DONE,,,True,4,-5.897575378417969,-5.902083260672433,0.09075313736857647,1.1484113445697046,67.82964766862382,68.20329043035154,0.005508546403677705,1.8680159309724078,0.023009137402242235,2,P-1,False,CHGNET_0026,30,1.1065580885272341,0.34049266017973423,c64c7f8cf3d37d11d8a36cf19061ef4bb429ee5140f687a81e89613b338fbef0
job_089_Ni_fe_-1.410_n4_generated_crystals_cif__gen_0,prospective,MACE-MP,0.3.16,01bfe22100139f424713cf921144e5509cbe353d67aa9fa1be9c6e1e0ed35845,cuda,DONE,,,True,3,-4.7939107689280815,-4.795525172145199,0.07150087248354632,1.3662619716042599,67.82964766862382,68.04278896312552,0.0031423028399466535,1.8445904792836272,0.010556307307415112,2,P-1,False,MACEMP_0026,30,1.1065580885272341,0.201148372143507,84f4e7d372b30642ecb58fd4da4a597651b53ed0b4053dfb453ecd8f5e48bd99
job_089_Ni_fe_-1.410_n4_generated_crystals_cif__gen_1,prospective,CHGNet,0.4.2,131bf40fe7fb7e0a4685589e31019fed2e757e8f4bff5e335330b9854cf9e926,cuda,DONE,,,True,1,-5.91331536429269,-5.913364955357143,0.09399580141193319,1.0051088159935042,69.6426338911539,69.63158920236941,-0.0001585909114487638,1.8748792387147184,0.0006569340255706146,10,P2/m,False,CHGNET_0006,22,1.1156728802944382,0.11803792417049408,c3f0a18e3577beb3431a46a59a5962fbb6d60654b1705e417093aef7383680ed
job_089_Ni_fe_-1.410_n4_generated_crystals_cif__gen_1,prospective,MACE-MP,0.3.16,01bfe22100139f424713cf921144e5509cbe353d67aa9fa1be9c6e1e0ed35845,cuda,DONE,,,True,3,-4.797272490689608,-4.797692075062705,0.09500926007700243,1.101950511836238,69.6426338911539,69.52563496617229,-0.0016799899493243897,1.8698466363565338,0.004663120573827348,10,P2/m,False,MACEMP_0006,22,1.1156728802944382,0.18872033432126045,2e9f0d541b1d235f065568795972ed1a3788dccbba4a170e1340da21c6760f38
job_089_Ni_fe_-1.410_n4_generated_crystals_cif__gen_2,prospective,CHGNet,0.4.2,131bf40fe7fb7e0a4685589e31019fed2e757e8f4bff5e335330b9854cf9e926,cuda,DONE,,,True,10,-5.643865312848773,-5.646975381033761,0.0892088241500666,0.9954853126744991,78.23395243728415,78.05178694662433,-0.002328471015264677,1.8817749482771398,0.025057447707348468,160,R3m,False,CHGNET_0081,1,1.0953475613767836,0.5711213517934084,ec943b63f89f9fd64078a0beb6ef0dfd6c8b2c7cc830c15716394052f07dacd4
job_089_Ni_fe_-1.410_n4_generated_crystals_cif__gen_2,prospective,MACE-MP,0.3.16,01bfe22100139f424713cf921144e5509cbe353d67aa9fa1be9c6e1e0ed35845,cuda,DONE,,,True,4,-4.550217368282955,-4.551627819656978,0.08290065176393607,0.7367981813159529,78.23395243728415,78.12956371538846,-0.0013343148165673169,1.8725087824245652,0.013553643408987688,160,R3m,False,MACEMP_0080,1,1.0953475613767836,0.21830560825765133,4314465169f8ea0da753d18015e27584977a74de1bb8045e1f3be19d93e1de80
job_089_Ni_fe_-1.410_n4_generated_crystals_cif__gen_3,prospective,CHGNet,0.4.2,131bf40fe7fb7e0a4685589e31019fed2e757e8f4bff5e335330b9854cf9e926,cuda,DONE,,,True,15,-5.813657488141741,-5.821263994489398,0.1009919477777248,1.144948229288079,66.89524839925312,64.40925472506257,-0.03716248513427012,1.8430284553471186,0.05772302303610214,1,P1,False,CHGNET_0061,10,1.1156192653795651,1.264377186074853,587c0bfa110a830cbaab60b486c25938bf791f00540c3ffb37f80f096ce9fad8
job_089_Ni_fe_-1.410_n4_generated_crystals_cif__gen_3,prospective,MACE-MP,0.3.16,01bfe22100139f424713cf921144e5509cbe353d67aa9fa1be9c6e1e0ed35845,cuda,DONE,,,True,22,-4.691896752663458,-4.7056447291098324,0.08317788750357671,0.8254244332324122,66.89524839925312,65.1445743412954,-0.026170379807981536,1.8110979548850874,0.10686743980803937,1,P1,False,MACEMP_0060,10,1.1156192653795651,1.2925474606454372,c7efb6f67ce479d0a24ed044dfd42b790e25d9a782ff32f6e1c0934f96800214
job_090_Al_fe_-0.837_n4_generated_crystals_cif__gen_1,prospective,CHGNet,0.4.2,131bf40fe7fb7e0a4685589e31019fed2e757e8f4bff5e335330b9854cf9e926,cuda,DONE,,,True,8,-7.021609170096261,-7.025292532784598,0.09028675992344387,1.1244111155913876,69.34546965758693,70.08367357429434,0.010645308487382099,1.8676890098338625,0.03150290405840911,12,C2/m,False,CHGNET_0019,8,0.3852733255956675,0.679803553968668,915e9c6664e7bc711499c948c173191b04d28d39bdb348a9865345cd185c05f6
job_090_Al_fe_-0.837_n4_generated_crystals_cif__gen_1,prospective,MACE-MP,0.3.16,01bfe22100139f424713cf921144e5509cbe353d67aa9fa1be9c6e1e0ed35845,cuda,DONE,,,True,8,-6.637727809430286,-6.640019207188931,0.06984687108564509,1.0495853690622197,69.34546965758693,69.1688815337319,-0.002546498347000603,1.8748584660494585,0.029152982956798683,12,C2/m,False,MACEMP_0019,8,0.3852733255956675,0.4840511064976454,af91c017c69192ac8035cf9a4158d36d5882461487b6d7352635bb9dcb7c3823
job_090_Al_fe_-0.837_n4_generated_crystals_cif__gen_2,prospective,CHGNet,0.4.2,131bf40fe7fb7e0a4685589e31019fed2e757e8f4bff5e335330b9854cf9e926,cuda,DONE,,,True,13,-7.0343731471470425,-7.04053224836077,0.09403078822109746,0.8317751138290197,68.26665577078667,68.90419769453038,0.0093389945141642,1.8657566507884482,0.05814476314513131,12,C2/m,False,CHGNET_0045,5,0.3753900835502506,0.9976357091218233,5124912d32d858641edf0bb65da182c71ae68c7aa45babd4480887e32ce6e63b
job_090_Al_fe_-0.837_n4_generated_crystals_cif__gen_2,prospective,MACE-MP,0.3.16,01bfe22100139f424713cf921144e5509cbe353d67aa9fa1be9c6e1e0ed35845,cuda,DONE,,,True,8,-6.660383038339932,-6.665142164810519,0.09650871086397646,1.5522887916287553,68.26665577078667,67.89901681088115,-0.005385337186281869,1.89308419496586,0.043091521676007466,12,C2/m,False,MACEMP_0044,5,0.3753900835502506,0.4062123019248247,568baeb84de6aeb594cec6a890a4783ce9063a848d6a94ab03c5ac821e4f672d
job_090_Al_fe_-0.837_n4_generated_crystals_cif__gen_3,prospective,CHGNet,0.4.2,131bf40fe7fb7e0a4685589e31019fed2e757e8f4bff5e335330b9854cf9e926,cuda,DONE,,,True,10,-7.037039075578962,-7.0386232648577005,0.01661885506941555,1.3211243897470755,63.18986876425821,63.44643172904234,0.004060191448431283,1.880907836246562,0.012891331089264955,119,I-4m2,False,CHGNET_0018,9,0.4016715626018499,0.5835871193557978,f1a811a3ab3adaf59719ce40979124322883555406ad4410bc80d4807026b71a
job_090_Al_fe_-0.837_n4_generated_crystals_cif__gen_3,prospective,MACE-MP,0.3.16,01bfe22100139f424713cf921144e5509cbe353d67aa9fa1be9c6e1e0ed35845,cuda,DONE,,,True,2,-6.636817043101138,-6.636951702255851,0.07971691592994558,0.42278901746133185,63.18986876425821,63.190131350902405,4.155518112725076e-06,1.883402189212941,0.002129193732008607,119,I-4m2,False,MACEMP_0018,9,0.4016715626018499,0.1360524706542492,886724c2b66b7cec0e01db89a6baa017cb9b55bbfe8cc2b09a6db6dfd8e0bf02
job_091_Ni_fe_-1.314_n4_generated_crystals_cif__gen_0,prospective,CHGNet,0.4.2,131bf40fe7fb7e0a4685589e31019fed2e757e8f4bff5e335330b9854cf9e926,cuda,DONE,,,True,9,-5.892150333949497,-5.894489833286831,0.0896937562579912,1.3999778937971072,69.97372489251084,69.51057595762704,-0.006618897816219826,1.8570980053289756,0.030443543739085865,2,P-1,False,CHGNET_0005,14,1.1090383089716518,0.7629958186298609,cb037a12ba83101acb1c2e42cc75781a35e607634b4798abed1421719b1f9e44
job_091_Ni_fe_-1.314_n4_generated_crystals_cif__gen_0,prospective,MACE-MP,0.3.16,01bfe22100139f424713cf921144e5509cbe353d67aa9fa1be9c6e1e0ed35845,cuda,DONE,,,True,4,-4.784219795706887,-4.785451524315179,0.0681770249487957,1.3714263082058726,69.97372489251084,69.78309838977039,-0.0027242583274406096,1.862347223194381,0.012807685748249127,2,P-1,False,MACEMP_0005,14,1.1090383089716518,0.22951600886881351,0b93c9a24fd59d345309ca4f44127e5bdd9b899e03ced39dcd5e4470092a48bd
job_091_Ni_fe_-1.314_n4_generated_crystals_cif__gen_1,prospective,CHGNet,0.4.2,131bf40fe7fb7e0a4685589e31019fed2e757e8f4bff5e335330b9854cf9e926,cuda,DONE,,,True,3,-5.913263593401227,-5.9136554173060825,0.06592448479468387,0.7633490052768784,68.11556693733574,68.21920830893359,0.0015215519191551508,1.8726517465244774,0.004993218857479628,10,P2/m,False,CHGNET_0006,22,1.1157141619351485,0.2553138714283705,278b3914e0f1d70b9c332ae6708ca91a8845de47ed839bb62bd51b6d00449e83
job_091_Ni_fe_-1.314_n4_generated_crystals_cif__gen_1,prospective,MACE-MP,0.3.16,01bfe22100139f424713cf921144e5509cbe353d67aa9fa1be9c6e1e0ed35845,cuda,DONE,,,True,5,-4.796941372567368,-4.797941255370934,0.08799216950355233,0.48138467704927146,68.11556693733574,68.28359350202757,0.0024667865547740586,1.8671561581293004,0.012634752982604556,10,P2/m,False,MACEMP_0006,22,1.1157141619351485,0.29253930412232876,66441f3cb19a0ede2cfff033ca5a67c6f4970252b9f0e9958b118e73e0bfdb96
job_091_Ni_fe_-1.314_n4_generated_crystals_cif__gen_2,prospective,CHGNet,0.4.2,131bf40fe7fb7e0a4685589e31019fed2e757e8f4bff5e335330b9854cf9e926,cuda,DONE,,,True,10,-5.816158294677734,-5.818668365478516,0.09163535507496304,0.7939107103996459,67.02882304021249,67.00636458780092,-0.00033505664269384283,1.8862742279576186,0.02212324157571048,8,Cm,False,CHGNET_0076,9,1.117802575579189,0.821794668212533,9de26841a888084fa111d9a70308fef05e007802019cf1991d72ea72604a3e9a
job_091_Ni_fe_-1.314_n4_generated_crystals_cif__gen_2,prospective,MACE-MP,0.3.16,01bfe22100139f424713cf921144e5509cbe353d67aa9fa1be9c6e1e0ed35845,cuda,DONE,,,True,16,-4.695809535056241,-4.700865789899327,0.08278261168213892,0.8942009540204887,67.02882304021249,67.17387931887392,0.002164088105417017,1.7720570944026548,0.07352971754866446,8,Cm,False,MACEMP_0075,9,1.117802575579189,0.9443826507776976,2aa2d95fd4242a026aa7f6e51e518bf64257346ed14e4b671bfd8454b06a8241
job_091_Ni_fe_-1.314_n4_generated_crystals_cif__gen_3,prospective,CHGNet,0.4.2,131bf40fe7fb7e0a4685589e31019fed2e757e8f4bff5e335330b9854cf9e926,cuda,DONE,,,True,3,-5.902853829520089,-5.903539930071149,0.0731729652089408,1.3519604254073614,71.21635177353981,71.06307891379328,-0.0021522144272979604,1.8760140977657631,0.006526183891371443,10,P2/m,False,CHGNET_0054,2,1.1160658321528718,0.2620476558804512,84dec38049c9699afa38991f28224c6768254a4b7135395f987499a5b87a7293
job_091_Ni_fe_-1.314_n4_generated_crystals_cif__gen_3,prospective,MACE-MP,0.3.16,01bfe22100139f424713cf921144e5509cbe353d67aa9fa1be9c6e1e0ed35845,cuda,DONE,,,True,4,-4.786645265215483,-4.7874740979182775,0.053889635816508866,1.2931938496418356,71.21635177353981,70.90149123993189,-0.004421183137956142,1.8695443859372265,0.008167431947683879,10,P2/m,False,MACEMP_0053,2,1.1160658321528718,0.2403582353144884,c6d65ca0cf3eabe456da01b880a84e57a32c765d32778496012cd3cd517a0b32
job_092_Cr_fe_-1.075_n4_generated_crystals_cif__gen_1,development_calibration,CHGNet,0.4.2,131bf40fe7fb7e0a4685589e31019fed2e757e8f4bff5e335330b9854cf9e926,cuda,DONE,,,True,3,-7.890819549560547,-7.891412462506976,0.08983624803920186,1.4565956282684183,64.5627860871099,64.64026962164301,0.0012001268722909852,1.8709152832639921,0.005500052338149216,139,I4/mmm,False,CHGNET_0082,1,0.9535521791015391,0.12735460326075554,0fbc637314db29e38b583c00d34e2d7f828fc1a93240533af0b02a94572de11f
job_092_Cr_fe_-1.075_n4_generated_crystals_cif__gen_1,development_calibration,MACE-MP,0.3.16,01bfe22100139f424713cf921144e5509cbe353d67aa9fa1be9c6e1e0ed35845,cuda,DONE,,,True,3,-6.937267743366717,-6.937860283405437,0.09117269133519317,1.6776908854252945,64.5627860871099,64.42615832223203,-0.0021161999529191178,1.8712650078777844,0.005238187709966349,139,I4/mmm,False,MACEMP_0081,1,0.9535521791015391,0.17179655469954014,3133faf326d14a7c244d0646613ebed4190da7090995ca6c0da35e2710089b41
job_092_Cr_fe_-1.075_n4_generated_crystals_cif__gen_2,prospective,CHGNet,0.4.2,131bf40fe7fb7e0a4685589e31019fed2e757e8f4bff5e335330b9854cf9e926,cuda,DONE,,,True,13,-8.022139413016182,-8.029425484793526,0.09859974318190905,1.005038312224683,67.52561993099177,69.06469936494379,0.02279252579280122,1.8670342238164557,0.04466197291094198,8,Cm,False,CHGNET_0050,15,0.9511521778931105,0.9809995293617249,0ebb72bec5f20b5faf1b4075c81e0e6b395cfa23baa075444238b82fb0487c43
job_092_Cr_fe_-1.075_n4_generated_crystals_cif__gen_2,prospective,MACE-MP,0.3.16,01bfe22100139f424713cf921144e5509cbe353d67aa9fa1be9c6e1e0ed35845,cuda,DONE,,,True,12,-7.075865326376659,-7.078273306900416,0.06290648697950238,0.9236364923305073,67.52561993099177,68.41860174706746,0.01322434087962887,1.874149758492465,0.019858464460067282,8,Cm,False,MACEMP_0049,15,0.9511521778931105,0.6657137963920832,f418bfc57d20e2cd176c8e9643ce85fefdf28523a65ec6ba7160f091b30486fa
job_092_Cr_fe_-1.075_n4_generated_crystals_cif__gen_3,prospective,CHGNet,0.4.2,131bf40fe7fb7e0a4685589e31019fed2e757e8f4bff5e335330b9854cf9e926,cuda,DONE,,,True,7,-7.960015978131976,-7.962369646344866,0.05833171799354114,0.5261430292580469,75.3905537991381,75.18222588753176,-0.002763315841416869,1.7598577822450774,0.013702432318745838,156,P3m1,False,CHGNET_0083,1,0.9545962227049278,0.5789878759533167,077cb892260eb4a189f0125ba22ced3ad82ce2ce03bab7e089765183e1eca3be
job_092_Cr_fe_-1.075_n4_generated_crystals_cif__gen_3,prospective,MACE-MP,0.3.16,01bfe22100139f424713cf921144e5509cbe353d67aa9fa1be9c6e1e0ed35845,cuda,DONE,,,True,8,-7.0040002056119395,-7.0077734236399385,0.0973226261146083,0.7963880120763274,75.3905537991381,75.08071905680194,-0.004109728961026793,1.7659994067399665,0.02263657145550188,156,P3m1,False,MACEMP_0082,1,0.9545962227049278,0.4619896914809942,2fd39614daf9c586327fe256c8c838266a47349a1dd3aed4ec0b242fdc842505
job_093_Ni_fe_-0.850_n4_generated_crystals_cif__gen_1,prospective,CHGNet,0.4.2,131bf40fe7fb7e0a4685589e31019fed2e757e8f4bff5e335330b9854cf9e926,cuda,DONE,,,True,14,-5.896632058279855,-5.903381892613003,0.0911454153059409,0.6848797281151306,69.8046004226463,68.56808905268625,-0.017713895108249944,1.870831284124392,0.04899214838171304,2,P-1,False,CHGNET_0026,30,1.108190631290027,1.1473220996558666,ee0b60956c7128dfb3e34c68d016fe6e4316fa1c5805a0e29265cf7027b9d40e
job_093_Ni_fe_-0.850_n4_generated_crystals_cif__gen_1,prospective,MACE-MP,0.3.16,01bfe22100139f424713cf921144e5509cbe353d67aa9fa1be9c6e1e0ed35845,cuda,DONE,,,True,4,-4.794040550360234,-4.795191261322976,0.06844349651752385,1.4243200472406927,69.8046004226463,69.55648439972119,-0.0035544365474889927,1.8501908067921655,0.01007975187232115,2,P-1,False,MACEMP_0026,30,1.108190631290027,0.22870373539626598,dd0cd036b16ea90a54f5c93c709fdae8e9ac8ffe12783bab89bb3ea7e16900b0
job_093_Ni_fe_-0.850_n4_generated_crystals_cif__gen_2,prospective,CHGNet,0.4.2,131bf40fe7fb7e0a4685589e31019fed2e757e8f4bff5e335330b9854cf9e926,cuda,DONE,,,True,4,-5.911887577601841,-5.913290296282087,0.08752745150805363,0.8997508189394966,67.86427068580046,68.13278023409106,0.0039565672124253215,1.8690705363645508,0.012921024773935563,2,P-1,False,CHGNET_0006,22,1.1169798051420816,0.28220025822520256,8cdecc9b3f0db304122047391e460c310184fe6f40fad84e3f4bfbe7fcbfb365
job_093_Ni_fe_-0.850_n4_generated_crystals_cif__gen_2,prospective,MACE-MP,0.3.16,01bfe22100139f424713cf921144e5509cbe353d67aa9fa1be9c6e1e0ed35845,cuda,DONE,,,True,5,-4.794982407398949,-4.796310491140005,0.08912109181723361,0.1485920451115435,67.86427068580046,68.10548820999472,0.003554411205729302,1.8591494339573438,0.01621667339963345,2,P-1,False,MACEMP_0006,22,1.1169798051420816,0.2748426888138056,1331c26dd6262883494a30e1067232015c1567afc7099f25a8a5a79f64586946
job_093_Ni_fe_-0.850_n4_generated_crystals_cif__gen_3,prospective,CHGNet,0.4.2,131bf40fe7fb7e0a4685589e31019fed2e757e8f4bff5e335330b9854cf9e926,cuda,DONE,,,True,12,-5.8896010262625555,-5.89482171194894,0.08341610878017576,0.7154547133128717,71.79598408045783,69.72185369484725,-0.028889225660396423,1.8714158300577108,0.04315000445590883,2,P-1,False,CHGNET_0005,14,1.1100336625285259,0.9855420086532831,c53eccd360ff4771e873d3393c5913e062f92ee139903e1a67683e384043168c
job_093_Ni_fe_-0.850_n4_generated_crystals_cif__gen_3,prospective,MACE-MP,0.3.16,01bfe22100139f424713cf921144e5509cbe353d67aa9fa1be9c6e1e0ed35845,cuda,DONE,,,True,10,-4.780243111196238,-4.784788049420414,0.08503935004800811,1.235628324547342,71.79598408045783,70.90832909847468,-0.012363574277196365,1.860592297434447,0.02386705859463601,2,P-1,False,MACEMP_0005,14,1.1100336625285259,0.5987266693264246,e2f1e1a423317620f57476bbf4291d5489338f8a8861ffad4330e75ef4e395ce
job_094_Cr_fe_-0.989_n4_generated_crystals_cif__gen_0,prospective,CHGNet,0.4.2,131bf40fe7fb7e0a4685589e31019fed2e757e8f4bff5e335330b9854cf9e926,cuda,DONE,,,True,11,-7.953548976353237,-7.962862832205636,0.07010935866136715,1.237602044057834,75.38352078311404,74.9752727353113,-0.005415613963923427,1.756888386879014,0.022163489503888908,156,P3m1,False,CHGNET_0084,2,0.9530544069597715,0.9210569057613611,0639345fe501ab2b46c067fc0ba13dce03a864ab5af982bfde17dacc9ef6e4d1
job_094_Cr_fe_-0.989_n4_generated_crystals_cif__gen_0,prospective,MACE-MP,0.3.16,01bfe22100139f424713cf921144e5509cbe353d67aa9fa1be9c6e1e0ed35845,cuda,DONE,,,True,14,-7.002113886317096,-7.009808425245865,0.04228438963815312,0.12027924237171712,75.38352078311404,74.70282052719695,-0.009029828387500438,1.767815907600447,0.031965842919477544,156,P3m1,False,MACEMP_0083,2,0.9530544069597715,0.8352695871144533,116a2a69b58b401d26fdfbcc5f43b6bd10715bccb78fbf3f6815e936b8684baf
job_094_Cr_fe_-0.989_n4_generated_crystals_cif__gen_1,prospective,CHGNet,0.4.2,131bf40fe7fb7e0a4685589e31019fed2e757e8f4bff5e335330b9854cf9e926,cuda,DONE,,,True,9,-8.03222165788923,-8.03368159702846,0.07340888587825459,1.2897007480727845,70.55713035431337,70.36328134257421,-0.0027474049860831684,1.774530136478251,0.015871107348445244,8,Cm,False,CHGNET_0025,12,0.9580670928147574,0.6842510178685188,3b272ffc6c7d94112eedc82d8e058bf104cdd9de23c5feda847a73e4f8f590f9
job_094_Cr_fe_-0.989_n4_generated_crystals_cif__gen_1,prospective,MACE-MP,0.3.16,01bfe22100139f424713cf921144e5509cbe353d67aa9fa1be9c6e1e0ed35845,cuda,DONE,,,True,16,-7.065376935081827,-7.075614504213703,0.06480479851261334,1.07901492611726,70.55713035431337,68.70062704989463,-0.0263120579748074,1.837850244527584,0.07071190357302543,8,Cm,False,MACEMP_0025,12,0.9580670928147574,0.8037670291960239,c1ac51a1ad5e4258f1e0128cb56676ebd2321c5a8615ee371e298f816e1e4c88
job_094_Cr_fe_-0.989_n4_generated_crystals_cif__gen_2,prospective,CHGNet,0.4.2,131bf40fe7fb7e0a4685589e31019fed2e757e8f4bff5e335330b9854cf9e926,cuda,DONE,,,True,6,-8.07992172241211,-8.083014351981026,0.09642776941933989,1.0837802039592057,72.1588314690457,72.8241062844998,0.009219589645648618,1.921505018052309,0.027733862384605595,12,C2/m,False,CHGNET_0024,12,0.9728209511630919,0.5102861616760492,c9ebc215fd4357a70cdd560ff8ff014ffdff54d8f3a2c15a5d005a63d7027e29
job_094_Cr_fe_-0.989_n4_generated_crystals_cif__gen_2,prospective,MACE-MP,0.3.16,01bfe22100139f424713cf921144e5509cbe353d67aa9fa1be9c6e1e0ed35845,cuda,DONE,,,True,6,-7.109094978669324,-7.110193400817934,0.05668138273204083,1.3825332940112312,72.1588314690457,72.54214163525451,0.005312034000623189,1.9435119014416955,0.012800885186523244,12,C2/m,False,MACEMP_0024,12,0.9728209511630919,0.31761253997683525,f154ddf32ed86930824e8ec819bed97295f0136de026c4393b1683ad6072d43d
job_095_Ni_fe_-1.001_n4_generated_crystals_cif__gen_0,prospective,CHGNet,0.4.2,131bf40fe7fb7e0a4685589e31019fed2e757e8f4bff5e335330b9854cf9e926,cuda,DONE,,,True,9,-5.847813197544643,-5.85099846976144,0.09671958104632838,1.4500194545129013,69.89936199440038,68.89719214859647,-0.014337324650891548,1.892124169276024,0.030124930687268497,187,P-6m2,False,CHGNET_0085,2,1.1378506886237814,0.7461927514523268,fcc92e91f868adb7ea9e330df204340974953fdec8c812b077342108f8f40b2a
job_095_Ni_fe_-1.001_n4_generated_crystals_cif__gen_0,prospective,MACE-MP,0.3.16,01bfe22100139f424713cf921144e5509cbe353d67aa9fa1be9c6e1e0ed35845,cuda,DONE,,,True,3,-4.7120074753521015,-4.713147781137659,0.0693403114861264,0.9673196862857225,69.89936199440038,69.824924153902,-0.0010649287543473829,1.914259196981296,0.009564592493867981,187,P-6m2,False,MACEMP_0084,2,1.1378506886237814,0.1835997737944126,5497074146d87b26e8bd67c0ee699b5d702327759ef3910ad4c6d191692b294a
job_095_Ni_fe_-1.001_n4_generated_crystals_cif__gen_1,prospective,CHGNet,0.4.2,131bf40fe7fb7e0a4685589e31019fed2e757e8f4bff5e335330b9854cf9e926,cuda,DONE,,,True,15,-5.896924700055804,-5.902929033551898,0.0800887025412078,1.3088013754574328,68.02819442922411,68.33421886903055,0.004498494225432026,1.8687592762311829,0.0445446056739337,2,P-1,False,CHGNET_0026,30,1.1085268212364427,1.2307624816894531,d0c75392ad6657453946722643b77c537460b0aeeb650ad6de079b6ad9878115
job_095_Ni_fe_-1.001_n4_generated_crystals_cif__gen_1,prospective,MACE-MP,0.3.16,01bfe22100139f424713cf921144e5509cbe353d67aa9fa1be9c6e1e0ed35845,cuda,DONE,,,True,8,-4.789681986176169,-4.794402212315455,0.04992396157918698,1.545233446656026,68.02819442922411,67.84334059431586,-0.002717312085955381,1.862664632160755,0.03919859668300148,2,P-1,False,MACEMP_0026,30,1.1085268212364427,0.4804423712193966,666412c0229df3b0b8dba747c89f8d2bf3de2318025448953eb4dd889abd58d4
job_095_Ni_fe_-1.001_n4_generated_crystals_cif__gen_3,prospective,CHGNet,0.4.2,131bf40fe7fb7e0a4685589e31019fed2e757e8f4bff5e335330b9854cf9e926,cuda,DONE,,,True,3,-5.891282217843192,-5.892361232212612,0.0759002405911001,1.3837929143336516,74.9424449253277,74.70829467855424,-0.0031244009587193533,1.8732281123283645,0.007824471880083363,1,P1,False,CHGNET_0086,1,1.1132712337696438,0.26322173699736595,012ca30263f079d27be8c8cf740d07abec12dada865de978b99a3c797d62f833
job_095_Ni_fe_-1.001_n4_generated_crystals_cif__gen_3,prospective,MACE-MP,0.3.16,01bfe22100139f424713cf921144e5509cbe353d67aa9fa1be9c6e1e0ed35845,cuda,DONE,,,True,11,-4.774800875307982,-4.779089998442968,0.09677821236216659,0.7207595295839148,74.9424449253277,72.35492134420882,-0.03452681032353677,1.8497983249653278,0.03326290130186465,8,Cm,False,MACEMP_0085,1,1.1132712337696438,0.6689349766820669,6f2472e3e722f71235fce5d1a2c7018cc6aee66fefcabc79caec057adaf653ed
job_096_Al_fe_-0.803_n4_generated_crystals_cif__gen_2,prospective,CHGNet,0.4.2,131bf40fe7fb7e0a4685589e31019fed2e757e8f4bff5e335330b9854cf9e926,cuda,DONE,,,True,9,-6.985995156424386,-6.9895798819405695,0.05860298741705191,1.5427589929126828,72.13806052205436,72.3926568084628,0.003529292090277414,1.854382036284839,0.02298361950042926,156,P3m1,False,CHGNET_0087,2,0.39844654858845985,0.7352972384542227,0c5e760f49ed5f77c660275d52bb3310882d1c406c496acc0b68fc2ee08a69ce
job_096_Al_fe_-0.803_n4_generated_crystals_cif__gen_2,prospective,MACE-MP,0.3.16,01bfe22100139f424713cf921144e5509cbe353d67aa9fa1be9c6e1e0ed35845,cuda,DONE,,,True,9,-6.586160346700034,-6.59113333335211,0.07911344879192342,1.4047835362940542,72.13806052205436,72.17428913467566,0.0005022121797997325,1.8299719987634437,0.027457423627978032,156,P3m1,False,MACEMP_0086,2,0.39844654858845985,0.4503879342228174,0619a2e43912a783973deb8f0a94dfb2690ea0c1b2391885a9bcbac5dbf307f7
job_096_Al_fe_-0.803_n4_generated_crystals_cif__gen_3,prospective,CHGNet,0.4.2,131bf40fe7fb7e0a4685589e31019fed2e757e8f4bff5e335330b9854cf9e926,cuda,DONE,,,True,9,-6.998011997767857,-7.001405988420759,0.06862695202601529,1.3563713500848626,63.47795458307351,63.61705360807343,0.0021912965834127718,1.8192385868272634,0.020592910499940654,8,Cm,False,CHGNET_0052,2,0.3745967598904869,0.8637775368988514,fce2d0dead43f14eee1c1dbfb4cf5fcea3b5a2d62c0b2738da8652a7eeab105b
job_096_Al_fe_-0.803_n4_generated_crystals_cif__gen_3,prospective,MACE-MP,0.3.16,01bfe22100139f424713cf921144e5509cbe353d67aa9fa1be9c6e1e0ed35845,cuda,DONE,,,True,12,-6.622717570135715,-6.626809228530272,0.07501906621319679,1.5133806844769568,63.47795458307351,63.48982117320485,0.00018694033557453693,1.866942670756366,0.023358436873207482,8,Cm,False,MACEMP_0051,2,0.3745967598904869,0.7138329911977053,6c078422766ec057a5bde6028a51a001a71efe7a3a5dee7848ac630d681f951f
job_097_Ti_fe_-1.239_n4_generated_crystals_cif__gen_0,prospective,CHGNet,0.4.2,131bf40fe7fb7e0a4685589e31019fed2e757e8f4bff5e335330b9854cf9e926,cuda,DONE,,,True,3,-8.460518973214286,-8.460693359375,0.02222330416868563,1.3436738078380965,66.29834480672768,66.40779155343478,0.0016508217064263864,1.882365110064326,0.0019446021069038342,139,I4/mmm,False,CHGNET_0058,5,0.38910387032079186,0.2685217261314392,192bbf73040e2c28e91293b2b06e3ba7a41c9b51f80c29b40fcc54fdc8e5929c
job_097_Ti_fe_-1.239_n4_generated_crystals_cif__gen_0,prospective,MACE-MP,0.3.16,01bfe22100139f424713cf921144e5509cbe353d67aa9fa1be9c6e1e0ed35845,cuda,DONE,,,True,0,-8.071589489054208,-8.071589489054208,0.0851914773731159,0.7698537793460896,66.29834480672768,66.29834480672768,0.0,1.8774249755138548,0.0,139,I4/mmm,False,MACEMP_0057,5,0.38910387032079186,0.049454089254140854,647fb64326026f66aaaee696a14a5c234ce3bd4765d09983a0daad72aeb20f5a
job_097_Ti_fe_-1.239_n4_generated_crystals_cif__gen_1,prospective,CHGNet,0.4.2,131bf40fe7fb7e0a4685589e31019fed2e757e8f4bff5e335330b9854cf9e926,cuda,DONE,,,True,1,-8.544054303850446,-8.544107709612165,0.09106705342021473,1.3812567184423257,72.01941039627539,72.00802138437845,-0.00015813808852738198,1.9392879316311873,0.0005541276721694623,44,Imm2,False,CHGNET_0002,41,0.3883827196190719,0.11897560767829418,77de56fc74bb9a10b8c121cb472b2357caf1c1e39ce28d4bf64df02c6887afee
job_097_Ti_fe_-1.239_n4_generated_crystals_cif__gen_1,prospective,MACE-MP,0.3.16,01bfe22100139f424713cf921144e5509cbe353d67aa9fa1be9c6e1e0ed35845,cuda,DONE,,,True,4,-8.154480468165364,-8.155724989993093,0.04136222803244327,1.5354587271680045,72.01941039627539,72.01056068546987,-0.00012287952312894923,1.92394705719364,0.012410791862046895,44,Imm2,False,MACEMP_0002,41,0.3883827196190719,0.24121154844760895,cbb89205d7e42c0c781da40bc564b62b606e09115e98517310a04ff1be57745c
job_097_Ti_fe_-1.239_n4_generated_crystals_cif__gen_2,prospective,CHGNet,0.4.2,131bf40fe7fb7e0a4685589e31019fed2e757e8f4bff5e335330b9854cf9e926,cuda,DONE,,,True,3,-8.512641906738281,-8.513282775878906,0.09663316824710719,1.2503817287908137,78.44009947259374,78.54228419235211,0.00130271022659878,1.8661892715804012,0.006948810948852913,160,R3m,False,CHGNET_0088,1,0.41645503837995257,0.25429231859743595,c59abe4e700530f3b87b62f99a150c37ab5bfa048b64c2d227bdc14303a4ded0
job_097_Ti_fe_-1.239_n4_generated_crystals_cif__gen_2,prospective,MACE-MP,0.3.16,01bfe22100139f424713cf921144e5509cbe353d67aa9fa1be9c6e1e0ed35845,cuda,DONE,,,True,3,-8.096122885668423,-8.096827737498954,0.09182857702623407,1.2943165456933716,78.44009947259374,78.55304687446491,0.0014399191565359626,1.8759922830862468,0.007059376291946929,160,R3m,False,MACEMP_0087,1,0.41645503837995257,0.18139005824923515,743bce188915ad5e2f4926efe78d287a7fac44a1d508ec61d35349ed690151f7
job_097_Ti_fe_-1.239_n4_generated_crystals_cif__gen_3,prospective,CHGNet,0.4.2,131bf40fe7fb7e0a4685589e31019fed2e757e8f4bff5e335330b9854cf9e926,cuda,DONE,,,True,11,-8.514901297433036,-8.52413558959961,0.08336682725465543,0.4849639414973858,79.47743488561316,80.70559329769493,0.015452919609816096,1.8750515521178577,0.039108778572019186,8,Cm,False,CHGNET_0089,5,0.38977231194757955,0.8893182426691055,e6a6a9dae8e99617a673aabba5fc93d2d43cf1f2850bbfec3431250e63cae7e8
job_097_Ti_fe_-1.239_n4_generated_crystals_cif__gen_3,prospective,MACE-MP,0.3.16,01bfe22100139f424713cf921144e5509cbe353d67aa9fa1be9c6e1e0ed35845,cuda,DONE,,,True,21,-8.12057593254586,-8.13436327765203,0.08019357814092139,1.209132394812425,79.47743488561316,80.89884599000115,0.017884461249079386,1.8528077572624109,0.038496203863436294,8,Cm,False,MACEMP_0088,5,0.38977231194757955,1.2601129729300737,d34ee9e81fc08d87179191b70fbfb920e809f78e4a1f6d7f3e9e860bb5ec2011
job_098_Mg_fe_-1.184_n4_generated_crystals_cif__gen_1,prospective,CHGNet,0.4.2,131bf40fe7fb7e0a4685589e31019fed2e757e8f4bff5e335330b9854cf9e926,cuda,DONE,,,True,15,-5.452137538364956,-5.461327144077846,0.04758299619247372,1.4229458580712884,76.864606947609,77.50907789904971,0.008384495504933476,2.0311115132806385,0.07479836076015803,119,I-4m2,False,CHGNET_0020,15,0.3960276481618452,1.23311797529459,7796228cf2a3f345c4ef168615b48e052635672a9cceb905a6c77f760c04ea52
job_098_Mg_fe_-1.184_n4_generated_crystals_cif__gen_1,prospective,MACE-MP,0.3.16,01bfe22100139f424713cf921144e5509cbe353d67aa9fa1be9c6e1e0ed35845,cuda,DONE,,,True,8,-5.062992242081004,-5.065299495916001,0.007530529458185109,1.1878661127984451,76.864606947609,75.84320470467664,-0.013288329746206307,2.0227345493238906,0.0027230654271126874,119,I-4m2,False,MACEMP_0020,15,0.3960276481618452,0.3969040997326374,cb3eda5e69ae8f21c306c53930575862afe97bf49b73416417a17f8bc4407c00
job_099_Ni_fe_-1.343_n4_generated_crystals_cif__gen_0,prospective,CHGNet,0.4.2,131bf40fe7fb7e0a4685589e31019fed2e757e8f4bff5e335330b9854cf9e926,cuda,DONE,,,True,10,-5.850612095424107,-5.852922712053571,0.08191375288299058,0.24812932263125986,69.64396710752828,70.99472182553086,0.019395143242156854,1.8595136083322812,0.021070485341741586,25,Pmm2,False,CHGNET_0090,1,1.1308127025564234,0.4301245752722025,05b322406baf652ec03549b386de5f3b006649ec1808fdcb2b7bcfae5ae62e71
job_099_Ni_fe_-1.343_n4_generated_crystals_cif__gen_0,prospective,MACE-MP,0.3.16,01bfe22100139f424713cf921144e5509cbe353d67aa9fa1be9c6e1e0ed35845,cuda,DONE,,,True,6,-4.721145580307024,-4.722110009497148,0.07243343469884876,1.523739033833022,69.64396710752828,70.05415120648408,0.005889729089132434,1.8473928401729112,0.010999051403102054,25,Pmm2,False,MACEMP_0089,1,1.1308127025564234,0.23223057575523853,6a349ce1b64c9fdd16a6b933ee548de26b4626414db41274b05e653d68b28b34
job_099_Ni_fe_-1.343_n4_generated_crystals_cif__gen_1,prospective,CHGNet,0.4.2,131bf40fe7fb7e0a4685589e31019fed2e757e8f4bff5e335330b9854cf9e926,cuda,DONE,,,True,11,-5.897366115025112,-5.9013824462890625,0.05771768765843179,1.4132355866219777,69.84564365853677,68.19267103254303,-0.023666080508540133,1.8709497391116356,0.03848767175841793,12,C2/m,False,CHGNET_0026,30,1.1044377911611933,0.8649880308657885,39130aa95c6900a84f6823cee2e0e98e7cec8b84fadc5774ced5562454d206c6
job_099_Ni_fe_-1.343_n4_generated_crystals_cif__gen_1,prospective,MACE-MP,0.3.16,01bfe22100139f424713cf921144e5509cbe353d67aa9fa1be9c6e1e0ed35845,cuda,DONE,,,True,11,-4.790566309548232,-4.796944655127869,0.07838201379160896,1.4167857305164036,69.84564365853677,67.3793987397349,-0.03530993186717446,1.8884892075686273,0.04321996485010453,12,C2/m,False,MACEMP_0026,30,1.1044377911611933,0.6719451695680618,efdf396533c7d98f38873321c8769cc44317999bbd58dd4f7d2e3fe4402c46d4
job_099_Ni_fe_-1.343_n4_generated_crystals_cif__gen_2,prospective,CHGNet,0.4.2,131bf40fe7fb7e0a4685589e31019fed2e757e8f4bff5e335330b9854cf9e926,cuda,DONE,,,True,6,-5.898394448416574,-5.900008065359933,0.07299538272511376,1.572224047349841,69.52436686814752,69.33249227138104,-0.002759817966129341,1.8604844175076796,0.01902281429993002,5,C2,False,CHGNET_0026,30,1.1074464755318605,0.38456022925674915,ffac094a5af9116084c2ef209a574454e909a8bb4ff2f9f516d7f52481aee739
job_099_Ni_fe_-1.343_n4_generated_crystals_cif__gen_2,prospective,MACE-MP,0.3.16,01bfe22100139f424713cf921144e5509cbe353d67aa9fa1be9c6e1e0ed35845,cuda,DONE,,,True,4,-4.791713544265063,-4.792561589828073,0.050476128194995334,1.5263021939123695,69.52436686814752,69.2576708183655,-0.0038360083204758144,1.8559444838055217,0.009147648167178137,5,C2,False,MACEMP_0026,30,1.1074464755318605,0.2158164232969284,424ed93495802bcbc210552cd2cac241c169224c6b3b40cd3795db0f29be0663
job_099_Ni_fe_-1.343_n4_generated_crystals_cif__gen_3,prospective,CHGNet,0.4.2,131bf40fe7fb7e0a4685589e31019fed2e757e8f4bff5e335330b9854cf9e926,cuda,DONE,,,True,12,-5.88984135219029,-5.895093645368304,0.10026793534339824,0.4616656913136059,70.04038166518502,68.92994194946604,-0.01585427847933829,1.8730669978955392,0.0551469167941698,2,P-1,False,CHGNET_0005,14,1.1099447001088292,0.9849838353693485,61bd22b5ac897f086ab715a16cb30f01f2da701b09f55e0f894ddc9532185e74
job_099_Ni_fe_-1.343_n4_generated_crystals_cif__gen_3,prospective,MACE-MP,0.3.16,01bfe22100139f424713cf921144e5509cbe353d67aa9fa1be9c6e1e0ed35845,cuda,DONE,,,True,4,-4.782829165792807,-4.785148945259475,0.09960010575511076,1.0670496202947566,70.04038166518502,69.8134312649171,-0.00324027931990456,1.8630827899823132,0.01767507550869196,2,P-1,False,MACEMP_0005,14,1.1099447001088292,0.23491322435438633,6dfd4fbed16251346c458d9fb82845d6c112b06bc33d15418b3df48a650a5fb7
job_100_Co_fe_-1.485_n4_generated_crystals_cif__gen_0,prospective,CHGNet,0.4.2,131bf40fe7fb7e0a4685589e31019fed2e757e8f4bff5e335330b9854cf9e926,cuda,DONE,,,True,3,-6.540025983537946,-6.541006905691964,0.08147267427034108,1.642498622966861,67.75572921595398,67.56809815023244,-0.00276922804746893,1.8860695476137237,0.0072515891528007696,12,C2/m,False,CHGNET_0031,25,0.8428406750966939,0.25805618800222874,0c9021ad7be3b0e2559607d08db9a89d5f115d9b2f20df7d1a94e88142a05fcd
job_100_Co_fe_-1.485_n4_generated_crystals_cif__gen_0,prospective,MACE-MP,0.3.16,01bfe22100139f424713cf921144e5509cbe353d67aa9fa1be9c6e1e0ed35845,cuda,DONE,,,True,5,-5.696670349728103,-5.6981662305952705,0.0653401341307133,1.258882724645206,67.75572921595398,67.28877737679278,-0.006891695278976484,1.8903203016971302,0.012940420609940892,12,C2/m,False,MACEMP_0031,25,0.8428406750966939,0.2681788597255945,6bb0d01030697969fc9d161a1f0c2bf1fe19f2dd29c04bc382b729ce548264f5
job_100_Co_fe_-1.485_n4_generated_crystals_cif__gen_1,prospective,CHGNet,0.4.2,131bf40fe7fb7e0a4685589e31019fed2e757e8f4bff5e335330b9854cf9e926,cuda,DONE,,,True,9,-6.509373256138393,-6.513625008719308,0.09480447820496883,0.7865526535782614,67.47011284356219,66.94056478988577,-0.00784863151043258,1.8714146393179947,0.020121965733719854,160,R3m,False,CHGNET_0091,1,0.8717436606889173,0.738031568005681,44e656fd49967ba855105a05cd1be040c7f40b0bbd875c4eba4622331ac81604
job_100_Co_fe_-1.485_n4_generated_crystals_cif__gen_1,prospective,MACE-MP,0.3.16,01bfe22100139f424713cf921144e5509cbe353d67aa9fa1be9c6e1e0ed35845,cuda,DONE,,,True,2,-5.6416332710152775,-5.641881348030391,0.08908230058540212,1.1604993257931904,67.47011284356219,67.40742900920431,-0.0009290607606248225,1.8715881675845418,0.0025727219464150063,160,R3m,False,MACEMP_0090,1,0.8717436606889173,0.145527059212327,d3a48186d6efdb476c10d15d2b7f5ef51d52bb23d21576ac96eac3a1021aa3af
job_100_Co_fe_-1.485_n4_generated_crystals_cif__gen_2,prospective,CHGNet,0.4.2,131bf40fe7fb7e0a4685589e31019fed2e757e8f4bff5e335330b9854cf9e926,cuda,DONE,,,True,19,-6.534139360700335,-6.539075034005301,0.04865304456112814,1.469703211481788,68.52141293423786,67.27487573161241,-0.018191936640620465,1.8836328926103196,0.0162197809379034,10,P2/m,False,CHGNET_0038,18,0.8459343006732061,1.5519315730780363,0063ed0a2438bd18f3462508b7c790d8a4a8dbaf06dd81389a79eacfc52c8e7e
job_100_Co_fe_-1.485_n4_generated_crystals_cif__gen_2,prospective,MACE-MP,0.3.16,01bfe22100139f424713cf921144e5509cbe353d67aa9fa1be9c6e1e0ed35845,cuda,DONE,,,True,10,-5.689199539782704,-5.693140733332095,0.05442285651307001,1.4620754670810467,68.52141293423786,67.01982477227558,-0.021914144756521536,1.8897015570987286,0.017343043803955866,10,P2/m,False,MACEMP_0038,18,0.8459343006732061,0.4936860781162977,46105a75e9c7e2e9d5028812eae2e19d523f7478a5de68865c3233e88d49b387
job_100_Co_fe_-1.485_n4_generated_crystals_cif__gen_3,prospective,CHGNet,0.4.2,131bf40fe7fb7e0a4685589e31019fed2e757e8f4bff5e335330b9854cf9e926,cuda,DONE,,,True,14,-6.533182416643415,-6.539103916713169,0.016592494425242844,1.5998991267377347,69.20392993280154,68.15845538738795,-0.01510715571252641,1.8872480289466287,0.01850010381067575,10,P2/m,False,CHGNET_0038,18,0.8456850320667755,0.7827455047518015,e65fd73d99da1c92baa906ddabc755b70a66d88cfcb9eb1ffdb8ab4694f82ce6
job_100_Co_fe_-1.485_n4_generated_crystals_cif__gen_3,prospective,MACE-MP,0.3.16,01bfe22100139f424713cf921144e5509cbe353d67aa9fa1be9c6e1e0ed35845,cuda,DONE,,,True,19,-5.688533114730428,-5.693418884646394,0.0208938170703625,1.3613272797110876,69.20392993280154,67.56588659090208,-0.023669802329001177,1.896196474597065,0.01527473272046627,10,P2/m,False,MACEMP_0038,18,0.8456850320667755,1.1085034385323524,d39dc75693cb378cf7fcabde2ea9bbf8295f2f4fa09a7492cedf809a9d377232
job_101_Mg_fe_-1.339_n4_generated_crystals_cif__gen_1,development_calibration,CHGNet,0.4.2,131bf40fe7fb7e0a4685589e31019fed2e757e8f4bff5e335330b9854cf9e926,cuda,DONE,,,True,6,-5.450658525739398,-5.451199667794364,0.01618467344551974,1.3856879362681014,71.71772290593383,72.15954236072099,0.006160533782795463,1.998878430669038,0.0011404542117157052,139,I4/mmm,False,CHGNET_0015,8,0.3651638018389187,0.4965065214782953,af02c06ad18717f902da1fbe576d1de572941147b4cc1934d5fc9449921d8760
job_101_Mg_fe_-1.339_n4_generated_crystals_cif__gen_1,development_calibration,MACE-MP,0.3.16,01bfe22100139f424713cf921144e5509cbe353d67aa9fa1be9c6e1e0ed35845,cuda,DONE,,,True,0,-5.086035865955445,-5.086035865955445,0.0630301737761466,1.1886978306377713,71.71772290593383,71.71772290593383,0.0,1.9903486501505179,0.0,139,I4/mmm,False,MACEMP_0015,8,0.3651638018389187,0.04900192655622959,54082a33a8469246abe9d267f865fb84ff7e7a519b6173951c9a504c1425bae2
job_101_Mg_fe_-1.339_n4_generated_crystals_cif__gen_2,prospective,CHGNet,0.4.2,131bf40fe7fb7e0a4685589e31019fed2e757e8f4bff5e335330b9854cf9e926,cuda,DONE,,,True,45,-5.3765667506626675,-5.497025081089565,0.09404860270365935,0.46559588473777547,69.55172033288066,70.81274180300242,0.018130701355572487,1.818026787164119,0.3026685317252867,1,P1,False,CHGNET_0092,1,0.17846327742672408,3.427826065570116,0d69f077f87df3336b276f0be07afa63833ced73d88111209fa55c8d16bea127
job_101_Mg_fe_-1.339_n4_generated_crystals_cif__gen_2,prospective,MACE-MP,0.3.16,01bfe22100139f424713cf921144e5509cbe353d67aa9fa1be9c6e1e0ed35845,cuda,DONE,,,True,57,-5.073804497280292,-5.318561803662841,0.07418466321695802,1.2043005584275972,69.55172033288066,71.87035636089688,0.03333686092765231,1.4203973322629009,0.5804983916902908,1,P1,False,MACEMP_0091,1,0.17846327742672408,2.3087372332811356,a6f716ee94a40a8a338f4e6cce480272117c0409d88fb5cb54abbad15625d697
job_102_Ni_fe_-1.495_n4_generated_crystals_cif__gen_0,prospective,CHGNet,0.4.2,131bf40fe7fb7e0a4685589e31019fed2e757e8f4bff5e335330b9854cf9e926,cuda,DONE,,,True,13,-5.811819893973214,-5.8193495614188055,0.10089080158359952,0.6895052975999316,67.10607543268154,64.72987001887465,-0.03540969127587579,1.842148728903121,0.04448073738834483,8,Cm,False,CHGNET_0061,10,1.121473183641843,1.136106701567769,6a003f0ea14ee65815a2e510d56bb68528d723cf2836067795527d52a91eb472
job_102_Ni_fe_-1.495_n4_generated_crystals_cif__gen_0,prospective,MACE-MP,0.3.16,01bfe22100139f424713cf921144e5509cbe353d67aa9fa1be9c6e1e0ed35845,cuda,DONE,,,True,11,-4.689657371766777,-4.6978763777769625,0.0909809167634539,1.2980715891289198,67.10607543268154,65.2908194579286,-0.027050545916277424,1.8585110834698126,0.08240268020754862,8,Cm,False,MACEMP_0060,10,1.121473183641843,0.6367424558848143,9ed07ddc6be582879a6f03bb487611dae7b822e1d5804cea0e7e4c1600d4d8a0
job_102_Ni_fe_-1.495_n4_generated_crystals_cif__gen_2,prospective,CHGNet,0.4.2,131bf40fe7fb7e0a4685589e31019fed2e757e8f4bff5e335330b9854cf9e926,cuda,DONE,,,True,3,-5.913314274379185,-5.913914816720145,0.06560527415808465,0.3678867259220624,68.52544574195859,68.61059534120506,0.0012425982541888203,1.872725063142606,0.007038946325293025,2,P-1,False,CHGNET_0006,22,1.1168278319890055,0.12134133093059063,503a09a37109b158947f8910f2f138f18813e351e3bf0e165744222cdbaa427f
job_102_Ni_fe_-1.495_n4_generated_crystals_cif__gen_2,prospective,MACE-MP,0.3.16,01bfe22100139f424713cf921144e5509cbe353d67aa9fa1be9c6e1e0ed35845,cuda,DONE,,,True,4,-4.796484694598253,-4.7970869847311395,0.09017276563716946,0.25738068010280174,68.52544574195859,68.55344937334847,0.0004086603317450255,1.8601359757584175,0.008255004502922398,2,P-1,False,MACEMP_0006,22,1.1168278319890055,0.20934391394257545,2f8fcf4ce7c2e56dc01707954dab777e6067e194a040c2a45c7c909a0f77dd99
job_102_Ni_fe_-1.495_n4_generated_crystals_cif__gen_3,prospective,CHGNet,0.4.2,131bf40fe7fb7e0a4685589e31019fed2e757e8f4bff5e335330b9854cf9e926,cuda,DONE,,,True,16,-5.895623343331473,-5.903537750244141,0.09501983394465638,0.7493833650844494,69.47922091655163,68.38063973137695,-0.015811650889035356,1.8700116006375018,0.04736256708931092,2,P-1,False,CHGNET_0026,30,1.1091099989751356,1.2863570619374514,52ddaf5e4c9bd215a12cdb740a3a44875513b5d6b41e68cde43cf0bff90abd09
job_102_Ni_fe_-1.495_n4_generated_crystals_cif__gen_3,prospective,MACE-MP,0.3.16,01bfe22100139f424713cf921144e5509cbe353d67aa9fa1be9c6e1e0ed35845,cuda,DONE,,,True,4,-4.7920604111064495,-4.794427751269005,0.09410926695897343,1.3888658356772974,69.47922091655163,69.18941893561247,-0.004171059737230309,1.8537900768377005,0.01638332468695568,2,P-1,False,MACEMP_0026,30,1.1091099989751356,0.23831846378743649,6e1faf80a61003af10d4b1c54546947a2121db2a8593740760f8e34afffb187e
job_103_Ti_fe_-1.058_n4_generated_crystals_cif__gen_0,prospective,CHGNet,0.4.2,131bf40fe7fb7e0a4685589e31019fed2e757e8f4bff5e335330b9854cf9e926,cuda,DONE,,,True,14,-8.52273178100586,-8.530029296875,0.08222247289599378,1.1253266200857828,71.03902346800312,71.40181821250525,0.005106978204247659,1.8574996781555826,0.027830105368499898,8,Cm,False,CHGNET_0041,5,0.39513993677799775,0.8187104500830173,7b84427e8a2461ccac3e1d40ce3b8c75a63687c46a67e81796aa59046400877e
job_103_Ti_fe_-1.058_n4_generated_crystals_cif__gen_0,prospective,MACE-MP,0.3.16,01bfe22100139f424713cf921144e5509cbe353d67aa9fa1be9c6e1e0ed35845,cuda,DONE,,,True,14,-8.127548899852714,-8.134889360097002,0.08610624362711039,1.2125638234638327,71.03902346800312,71.21868638251578,0.002529073539328408,1.8700592976742627,0.03341062211637589,8,Cm,False,MACEMP_0041,5,0.39513993677799775,0.7908218335360289,1db70fe10cc1ffdf9d1416c2287281acc738fa7c3c31e138cecbcc106e083752
job_103_Ti_fe_-1.058_n4_generated_crystals_cif__gen_1,prospective,CHGNet,0.4.2,131bf40fe7fb7e0a4685589e31019fed2e757e8f4bff5e335330b9854cf9e926,cuda,DONE,,,True,5,-8.450854165213448,-8.460482461111885,0.07572603234826872,1.6495551176363146,65.09912541281376,66.58277767962696,0.022790663582727078,1.8915787254393321,0.011150823003770504,139,I4/mmm,False,CHGNET_0058,5,0.3887963768068765,0.3986079953610897,91bd9256ae60f7e907d0f9a6857746c1ef818fd249526807913857e7608bdcf3
job_103_Ti_fe_-1.058_n4_generated_crystals_cif__gen_1,prospective,MACE-MP,0.3.16,01bfe22100139f424713cf921144e5509cbe353d67aa9fa1be9c6e1e0ed35845,cuda,DONE,,,True,5,-8.064533334922725,-8.071686084305009,0.07479805434340692,0.752688066050351,65.09912541281376,66.45152242479296,0.020774426743880525,1.8925540721805,0.014521822851040391,139,I4/mmm,False,MACEMP_0057,5,0.3887963768068765,0.2688571810722351,f523c097bab74d2304bf27a504a322a870b1538dc308d28ac418439664adbee2
job_103_Ti_fe_-1.058_n4_generated_crystals_cif__gen_2,prospective,CHGNet,0.4.2,131bf40fe7fb7e0a4685589e31019fed2e757e8f4bff5e335330b9854cf9e926,cuda,DONE,,,True,12,-8.520998273577009,-8.52450670514788,0.09180103098947147,0.8080579444262659,80.725901049303,81.23691342838453,0.006330215859336352,1.8719474016221866,0.04129574214233803,8,Cm,False,CHGNET_0089,5,0.3897952940938758,0.9700255934149027,000d1c2f4fd615632307264bde0650dc6a521201c213215720c832145801ffad
job_103_Ti_fe_-1.058_n4_generated_crystals_cif__gen_2,prospective,MACE-MP,0.3.16,01bfe22100139f424713cf921144e5509cbe353d67aa9fa1be9c6e1e0ed35845,cuda,DONE,,,True,16,-8.12604288887989,-8.134711411054004,0.06947023985554855,0.2547453743596605,80.725901049303,81.33206696403342,0.007508939594990771,1.8432297201770143,0.04199851603974428,8,Cm,False,MACEMP_0088,5,0.3897952940938758,0.9575971849262714,165173b64424a0aeafb71208c41795f674da9bbc0ae12b621459dc84b04ed7f5
job_103_Ti_fe_-1.058_n4_generated_crystals_cif__gen_3,prospective,CHGNet,0.4.2,131bf40fe7fb7e0a4685589e31019fed2e757e8f4bff5e335330b9854cf9e926,cuda,DONE,,,True,22,-8.520365578787667,-8.52997316632952,0.08580896581917859,0.5492480841938245,72.67839198150818,71.67684663659644,-0.013780510514962652,1.864155847106474,0.037522708113254775,8,Cm,False,CHGNET_0041,5,0.3950286300464043,1.0503139849752188,9af0f3c92b8ff66b22284674038924289613e6477ee39e41643efdb4f4d5ae55
job_103_Ti_fe_-1.058_n4_generated_crystals_cif__gen_3,prospective,MACE-MP,0.3.16,01bfe22100139f424713cf921144e5509cbe353d67aa9fa1be9c6e1e0ed35845,cuda,DONE,,,True,19,-8.123671707968215,-8.134944536283117,0.07814764723492332,0.9984033078026514,72.67839198150818,71.39590256406453,-0.01764608960762315,1.8722810756862474,0.04004595614343387,8,Cm,False,MACEMP_0041,5,0.3950286300464043,0.77034542709589,f27cf12d9a2ea5a7dd7e23fb64fffc7a3ff90b0816a7054344cee854e0c18e7b
job_104_Ni_fe_-1.453_n4_generated_crystals_cif__gen_0,prospective,CHGNet,0.4.2,131bf40fe7fb7e0a4685589e31019fed2e757e8f4bff5e335330b9854cf9e926,cuda,DONE,,,True,11,-5.896227155412946,-5.902800423758371,0.08295995496940511,0.9503416375876298,71.63605832950365,69.22227505021954,-0.03369508785898667,1.8688068852796527,0.04272370295611734,2,P-1,False,CHGNET_0026,30,1.1072301681146932,0.9329323079437017,ee968b477168be18c60d83755fc04895a9cf2d2dfca04e8b19b7ee8c3d34c9a1
job_104_Ni_fe_-1.453_n4_generated_crystals_cif__gen_0,prospective,MACE-MP,0.3.16,01bfe22100139f424713cf921144e5509cbe353d67aa9fa1be9c6e1e0ed35845,cuda,DONE,,,True,17,-4.789272735638005,-4.7955702556436774,0.05135806563811818,1.5234154772067787,71.63605832950365,69.92540992784045,-0.02387971144077683,1.8568927796527008,0.016730675283138045,2,P-1,False,MACEMP_0026,30,1.1072301681146932,1.0075826365500689,cb4101bd1a20ccd85c2491a719ad07577624efdba98d4f48d26ccd32a30fe81c
job_104_Ni_fe_-1.453_n4_generated_crystals_cif__gen_2,prospective,CHGNet,0.4.2,131bf40fe7fb7e0a4685589e31019fed2e757e8f4bff5e335330b9854cf9e926,cuda,DONE,,,True,1,-5.913237435477121,-5.9132843017578125,0.09731338085036957,1.0444356690275662,69.48570393228952,69.47765632607873,-0.00011581671848126529,1.8687726095375508,0.000634296422393685,10,P2/m,False,CHGNET_0006,22,1.1151709396337504,0.1266324557363987,b722d1c693d160db67bd06898bf231f72d96d027b43b69d3153757e0ee4e3df7
job_104_Ni_fe_-1.453_n4_generated_crystals_cif__gen_2,prospective,MACE-MP,0.3.16,01bfe22100139f424713cf921144e5509cbe353d67aa9fa1be9c6e1e0ed35845,cuda,DONE,,,True,2,-4.797901504052539,-4.798113362124062,0.0727043802506254,1.2929203393424198,69.48570393228952,69.42672180602585,-0.0008488382922787752,1.8652247488023765,0.0023188675617302765,10,P2/m,False,MACEMP_0006,22,1.1151709396337504,0.13815686106681824,47f7ec2ca686b3bda6abcd70f52a6e6054c805cf044e4ded530a9eb0068a0052
job_105_Mn_fe_-0.898_n4_generated_crystals_cif__gen_0,prospective,CHGNet,0.4.2,131bf40fe7fb7e0a4685589e31019fed2e757e8f4bff5e335330b9854cf9e926,cuda,DONE,,,True,9,-7.709394182477679,-7.711582728794643,0.09855700842687894,0.3714976379931423,75.95852475680765,76.01383641044669,0.0007281823049634095,1.9096000805159181,0.014424447790488005,1,P1,False,CHGNET_0012,15,0.8657088429967352,0.7514712158590555,069404ccdf47a152462206efa13d3530888f840d29535d100054c4e66fe78c54
job_105_Mn_fe_-0.898_n4_generated_crystals_cif__gen_0,prospective,MACE-MP,0.3.16,01bfe22100139f424713cf921144e5509cbe353d67aa9fa1be9c6e1e0ed35845,cuda,DONE,,,True,9,-6.84378221159964,-6.845873885797908,0.0909954828727032,0.8298301320842801,75.95852475680765,76.02541935978103,0.0008806727511829759,1.9121331060100826,0.01363857526570174,1,P1,False,MACEMP_0012,15,0.8657088429967352,0.5176888406276703,f723d8a79c88cb1f860dd6458390499659156d6a3cc7da2ff8af77d7b1fa0023
job_105_Mn_fe_-0.898_n4_generated_crystals_cif__gen_1,prospective,CHGNet,0.4.2,131bf40fe7fb7e0a4685589e31019fed2e757e8f4bff5e335330b9854cf9e926,cuda,DONE,,,True,21,-7.684462411063058,-7.696219308035714,0.05805677056352688,0.7836002989329841,74.18830308454045,75.48387393460447,0.01746327650313928,1.917497490692329,0.047714916045469104,8,Cm,False,CHGNET_0028,9,0.8692769716188851,1.118987848982215,af93be5a30450f1d71d234a7d15e2fccd287f80e2655f8073537ca59b2a3702a
job_105_Mn_fe_-0.898_n4_generated_crystals_cif__gen_1,prospective,MACE-MP,0.3.16,01bfe22100139f424713cf921144e5509cbe353d67aa9fa1be9c6e1e0ed35845,cuda,DONE,,,True,14,-6.817359619601056,-6.826942336416829,0.09491355495672314,1.4050892420791308,74.18830308454045,75.34827658212149,0.015635530795996333,1.9154245399230034,0.05940042540021703,8,Cm,False,MACEMP_0028,9,0.8692769716188851,0.633257070556283,d8a4544d8f72174ad97be6ef8fd8cf6fa38095d37105acaccd2bb535e65f932f
job_105_Mn_fe_-0.898_n4_generated_crystals_cif__gen_2,prospective,CHGNet,0.4.2,131bf40fe7fb7e0a4685589e31019fed2e757e8f4bff5e335330b9854cf9e926,cuda,DONE,,,True,2,-7.722048623221261,-7.7223407200404575,0.09759297600910245,1.0909113803985957,75.09128504877788,75.15182482792409,0.000806215782655606,1.9240007251556657,0.0029047579653012057,2,P-1,False,CHGNET_0013,35,0.8684966493286304,0.1249103955924511,3766be60d42d2df48553838461f05467fcebccf1c5e1bf7f79aeebd36006314e
job_105_Mn_fe_-0.898_n4_generated_crystals_cif__gen_2,prospective,MACE-MP,0.3.16,01bfe22100139f424713cf921144e5509cbe353d67aa9fa1be9c6e1e0ed35845,cuda,DONE,,,True,4,-6.853185119338518,-6.853844070711827,0.05013385697856709,1.4228938452632622,75.09128504877788,75.32214661585506,0.003074412256059089,1.9182232093146379,0.0076948623286115115,2,P-1,False,MACEMP_0013,35,0.8684966493286304,0.21712427027523518,3733a3d3e053e5bcf8bd52865d16df150644151c571cf8acbda63b6f8d6b98f0
job_105_Mn_fe_-0.898_n4_generated_crystals_cif__gen_3,prospective,CHGNet,0.4.2,131bf40fe7fb7e0a4685589e31019fed2e757e8f4bff5e335330b9854cf9e926,cuda,DONE,,,True,23,-7.696478162493024,-7.714198521205357,0.08683355007135274,0.2656698955905213,75.8627742931352,75.32564490809187,-0.007080276064883262,1.9264591217397655,0.08551353836204804,8,Cm,False,CHGNET_0012,15,0.8668712808192423,1.8470051437616348,7d22a3d52f20b6a1c4e5e86c01573d5a0342f2e8ad6e8c97bddeaaf698a5d849
job_105_Mn_fe_-0.898_n4_generated_crystals_cif__gen_3,prospective,MACE-MP,0.3.16,01bfe22100139f424713cf921144e5509cbe353d67aa9fa1be9c6e1e0ed35845,cuda,DONE,,,True,15,-6.8376127433628335,-6.8473272403861145,0.09105493967402929,1.459883182788966,75.8627742931352,75.07004769753975,-0.010449480696979818,1.921023450778955,0.0742636848183498,8,Cm,False,MACEMP_0012,15,0.8668712808192423,0.8870266210287809,79baefec36b92c2ea75b5e2da347aa7a0a9bd4062efe44df7221e46337e80c72
job_106_Mn_fe_-1.140_n4_generated_crystals_cif__gen_1,prospective,CHGNet,0.4.2,131bf40fe7fb7e0a4685589e31019fed2e757e8f4bff5e335330b9854cf9e926,cuda,DONE,,,True,16,-7.6632080078125,-7.66937746320452,0.07785648886984928,1.10260635159201,75.87600369848003,76.02936107601045,0.0020211578108386696,1.896284910534672,0.03488364273092788,12,C2/m,False,CHGNET_0093,5,0.8693267317709568,0.9929443020373583,6749d614c1d15fba27da3f401ce8038481aeee1d6f797c7f2b5e9d54a2fca1ff
job_106_Mn_fe_-1.140_n4_generated_crystals_cif__gen_1,prospective,MACE-MP,0.3.16,01bfe22100139f424713cf921144e5509cbe353d67aa9fa1be9c6e1e0ed35845,cuda,DONE,,,True,3,-6.798692149517417,-6.800050731433563,0.08526634618614369,0.44346773141264434,75.87600369848003,75.81372531609294,-0.0008207915460937132,1.9331501330352472,0.012038124972226867,166,R-3m,False,MACEMP_0092,5,0.8693267317709568,0.12465741112828255,b58548d3472ab65330e70f68ae937ae425bd93dd405926e86a41247f94f33a8d
job_106_Mn_fe_-1.140_n4_generated_crystals_cif__gen_2,prospective,CHGNet,0.4.2,131bf40fe7fb7e0a4685589e31019fed2e757e8f4bff5e335330b9854cf9e926,cuda,DONE,,,True,12,-7.683157239641462,-7.685331072126116,0.07991552303065803,1.4350181922940117,75.03781996013802,75.35780076344962,0.004264260388715746,1.939189463038198,0.01439290729988993,12,C2/m,False,CHGNET_0028,9,0.8638737639716352,0.6747170090675354,a91dc1b8b2648b4f008e88f65e3773934ce563a8573436e206d4b4762c8c97bc
job_106_Mn_fe_-1.140_n4_generated_crystals_cif__gen_2,prospective,MACE-MP,0.3.16,01bfe22100139f424713cf921144e5509cbe353d67aa9fa1be9c6e1e0ed35845,cuda,DONE,,,True,7,-6.8193099636632,-6.821457308154481,0.08435371516022987,1.4130265077599817,75.03781996013802,75.1771544214807,0.001856856468067658,1.9287493390406976,0.022337779322164266,12,C2/m,False,MACEMP_0028,9,0.8638737639716352,0.39594952017068863,b860cfc8e25506ef9082032cc7acb21c174e37cab1b9ac6a90998d6999edb0cd
job_106_Mn_fe_-1.140_n4_generated_crystals_cif__gen_3,prospective,CHGNet,0.4.2,131bf40fe7fb7e0a4685589e31019fed2e757e8f4bff5e335330b9854cf9e926,cuda,DONE,,,True,14,-7.661817278180804,-7.6666107177734375,0.0789128245913642,0.1663313163398326,69.96355269313695,71.44622644429674,0.02119208779552495,1.8768049692356648,0.06352046671721075,8,Cm,False,CHGNET_0030,7,0.8768003342170614,1.1959056295454502,77319a9d1e183420e150f87383764bf6a4522e40bf86c6adcfa5cd2a12d3a76f
job_106_Mn_fe_-1.140_n4_generated_crystals_cif__gen_3,prospective,MACE-MP,0.3.16,01bfe22100139f424713cf921144e5509cbe353d67aa9fa1be9c6e1e0ed35845,cuda,DONE,,,True,10,-6.7864919810751445,-6.789810383556376,0.07114588138407933,0.7180900901199251,69.96355269313695,70.46839405234667,0.0072157764975711025,1.8840040396720004,0.04626797513184292,8,Cm,False,MACEMP_0030,7,0.8768003342170614,0.5133162122219801,f6adc5ee2a8df57bc95b792d77b3e4292b3d86c9ab39226a9c6e57ac78d3e6e1
job_107_Co_fe_-1.032_n4_generated_crystals_cif__gen_0,prospective,CHGNet,0.4.2,131bf40fe7fb7e0a4685589e31019fed2e757e8f4bff5e335330b9854cf9e926,cuda,DONE,,,True,19,-6.527683258056641,-6.541288648332868,0.059125230381807954,1.5949271561961758,71.1973476470912,68.78357368619406,-0.03390258261953327,1.8775910360791053,0.021893684554185618,12,C2/m,False,CHGNET_0031,25,0.8430793773910183,1.58507096208632,03695599222125d0ebe8ed6309ee37368d7b20ea48427c0fadf812e709cdff02
job_107_Co_fe_-1.032_n4_generated_crystals_cif__gen_0,prospective,MACE-MP,0.3.16,01bfe22100139f424713cf921144e5509cbe353d67aa9fa1be9c6e1e0ed35845,cuda,DONE,,,True,20,-5.686581114357996,-5.69820927094185,0.03915765578532364,1.619340925042557,71.1973476470912,68.2303124707611,-0.041673394787640206,1.8970890750240101,0.014393800143824274,12,C2/m,False,MACEMP_0031,25,0.8430793773910183,0.8005520459264517,9fc773ed4e0f2431dc0f24341cb68a72b7eccfdf1c52d72d8964f55c4ac66f69
job_107_Co_fe_-1.032_n4_generated_crystals_cif__gen_1,prospective,CHGNet,0.4.2,131bf40fe7fb7e0a4685589e31019fed2e757e8f4bff5e335330b9854cf9e926,cuda,DONE,,,True,11,-6.530742100306919,-6.5368145533970425,0.0905125776322673,1.2369087196941786,70.28445503497683,69.10191787809916,-0.01682501708648354,1.887259450011773,0.024051739682930746,12,C2/m,False,CHGNET_0036,18,0.8447870832167848,0.46960869058966637,c6712e7bedb4800ec6e37a9961930154b7036c11ec562dbc300366d3f5651396
job_107_Co_fe_-1.032_n4_generated_crystals_cif__gen_1,prospective,MACE-MP,0.3.16,01bfe22100139f424713cf921144e5509cbe353d67aa9fa1be9c6e1e0ed35845,cuda,DONE,,,True,9,-5.685951425145171,-5.692027470180258,0.09511727618017136,1.5519263184381016,70.28445503497683,69.13164287279669,-0.016402092918077593,1.888525349434984,0.02698867091625772,12,C2/m,False,MACEMP_0036,18,0.8447870832167848,0.2590172402560711,e247dd1e0acf75cc6100be9c31b84873e3b030c2cd001e8fa1b0007e3c1c4709
job_107_Co_fe_-1.032_n4_generated_crystals_cif__gen_2,prospective,CHGNet,0.4.2,131bf40fe7fb7e0a4685589e31019fed2e757e8f4bff5e335330b9854cf9e926,cuda,DONE,,,True,4,-6.538301195417132,-6.539056505475726,0.07555380803834853,1.49745006296027,68.14288909076724,67.92511333524845,-0.0031958691277192974,1.8841564306775782,0.008126779287442567,10,P2/m,False,CHGNET_0038,18,0.8459439709270562,0.27963773161172867,9dfa6f11024462f840301f5fa73a473602b2edb9285772bcad4d97b7542317ab
job_107_Co_fe_-1.032_n4_generated_crystals_cif__gen_2,prospective,MACE-MP,0.3.16,01bfe22100139f424713cf921144e5509cbe353d67aa9fa1be9c6e1e0ed35845,cuda,DONE,,,True,6,-5.692062479620742,-5.6931125345486695,0.0472906408222731,1.4758041540883418,68.14288909076724,67.67463355942645,-0.006871671242425048,1.892281837037396,0.010680003187247327,10,P2/m,False,MACEMP_0038,18,0.8459439709270562,0.33903392776846886,7d4c5716fa8cd2a9c979477e1102b16a3b4094342fd880a9d74fbee4008f8f20
job_108_Ni_fe_-1.123_n4_generated_crystals_cif__gen_0,prospective,CHGNet,0.4.2,131bf40fe7fb7e0a4685589e31019fed2e757e8f4bff5e335330b9854cf9e926,cuda,DONE,,,True,5,-5.8997328622000555,-5.902612958635602,0.06969914676221685,1.0159564736392988,68.90318016823058,68.87939954709456,-0.0003451309660591484,1.8549625069367053,0.023012438407738898,2,P-1,False,CHGNET_0026,30,1.1070826091187875,0.1804957203567028,349552a29f15016108fe860f970043ce7c6c18aebd6d8b5e98082d5aee2fd4dc
job_108_Ni_fe_-1.123_n4_generated_crystals_cif__gen_0,prospective,MACE-MP,0.3.16,01bfe22100139f424713cf921144e5509cbe353d67aa9fa1be9c6e1e0ed35845,cuda,DONE,,,True,3,-4.79486429920358,-4.795530349516815,0.07289856599177959,1.260590455562215,68.90318016823058,68.8180444831034,-0.0012355842635899394,1.8565319313570405,0.006737299911726189,2,P-1,False,MACEMP_0026,30,1.1070826091187875,0.13891001977026463,99a1f4bd3de1b7cb015e30e15645c9d978f17d47882fddbecfe8449e50397a8a
job_108_Ni_fe_-1.123_n4_generated_crystals_cif__gen_1,prospective,CHGNet,0.4.2,131bf40fe7fb7e0a4685589e31019fed2e757e8f4bff5e335330b9854cf9e926,cuda,DONE,,,True,4,-5.911679949079241,-5.912732260567801,0.08535450763844464,0.6298401589579699,68.44192723531309,68.61307533941138,0.0025006324487306664,1.86846191213694,0.011307122725842863,2,P-1,False,CHGNET_0006,22,1.116839185625789,0.33754220046103,0ffa9438f4e973dd83958604093497a8b8e4cefd146195c2bf432a17ae6bd68e
job_108_Ni_fe_-1.123_n4_generated_crystals_cif__gen_1,prospective,MACE-MP,0.3.16,01bfe22100139f424713cf921144e5509cbe353d67aa9fa1be9c6e1e0ed35845,cuda,DONE,,,True,4,-4.794968268791996,-4.795893074942012,0.08629830303210266,0.27747951917476116,68.44192723531309,68.54597286095685,0.0015202030370367048,1.8602695822263517,0.010710510897359471,2,P-1,False,MACEMP_0006,22,1.116839185625789,0.2500253953039646,60d6aa72d26b2ed90fc65d85f94a5bfe10bc6ba9d7f414a236ed088f3899ebb0
job_108_Ni_fe_-1.123_n4_generated_crystals_cif__gen_2,prospective,CHGNet,0.4.2,131bf40fe7fb7e0a4685589e31019fed2e757e8f4bff5e335330b9854cf9e926,cuda,DONE,,,True,4,-5.834719521658761,-5.835673740931919,0.08613655493711105,1.6117530111878569,67.21465862365834,67.18345150468686,-0.00046429037371464865,1.8852780670039353,0.00878228443715312,119,I-4m2,False,CHGNET_0053,7,1.1381343200719396,0.5028839912265539,921acce5d42789447cf72bd881345c82ab82a7a8c450a26d6d75b798f7b70ae4
job_108_Ni_fe_-1.123_n4_generated_crystals_cif__gen_2,prospective,MACE-MP,0.3.16,01bfe22100139f424713cf921144e5509cbe353d67aa9fa1be9c6e1e0ed35845,cuda,DONE,,,True,9,-4.694201197521805,-4.69753942085998,0.07109599944111651,1.6103683969092804,67.21465862365834,67.75825408471832,0.008087454019570783,1.8543171754133418,0.012337801073555733,119,I-4m2,False,MACEMP_0052,7,1.1381343200719396,0.5392671320587397,6d2c67e8af6fd876dd257e426a3cd6879044284e7b59b6a282f766f2ff9df6dd
job_108_Ni_fe_-1.123_n4_generated_crystals_cif__gen_3,prospective,CHGNet,0.4.2,131bf40fe7fb7e0a4685589e31019fed2e757e8f4bff5e335330b9854cf9e926,cuda,DONE,,,True,4,-5.90217535836356,-5.902967180524554,0.09010950216901828,0.6180085074423542,70.91776858017266,70.75682635414331,-0.002269420333599559,1.8663082045104002,0.009560325056974186,8,Cm,False,CHGNET_0094,1,1.120334419826901,0.33481881208717823,fda0843f8370901afe5a2c608d9fa6c470b3e3f02389e6ae9d07931f16ed4e47
job_108_Ni_fe_-1.123_n4_generated_crystals_cif__gen_3,prospective,MACE-MP,0.3.16,01bfe22100139f424713cf921144e5509cbe353d67aa9fa1be9c6e1e0ed35845,cuda,DONE,,,True,3,-4.782056337476307,-4.782632760697653,0.06537999150211098,0.8047708084134224,70.91776858017266,70.83374692777919,-0.0011847757490914823,1.8593292070123888,0.006467887202128024,8,Cm,False,MACEMP_0093,1,1.120334419826901,0.18412977643311024,e69745c5d03deeb751348ba27c816c4c8295ae53e5a267354471d30884c35add
job_109_Ti_fe_-0.845_n4_generated_crystals_cif__gen_0,prospective,CHGNet,0.4.2,131bf40fe7fb7e0a4685589e31019fed2e757e8f4bff5e335330b9854cf9e926,cuda,DONE,,,True,4,-8.53583036150251,-8.538675580705915,0.09821763683217587,0.7331070664537588,71.47626383623647,70.93482622006877,-0.007575068800577234,2.0092641210536466,0.016519811369436706,119,I-4m2,False,CHGNET_0002,41,0.38454463186613275,0.2730470523238182,b2e923f36015e8cb2b962406b12e4c7833efef6bc80ddcdc37113d5f3eee65be
job_109_Ti_fe_-0.845_n4_generated_crystals_cif__gen_0,prospective,MACE-MP,0.3.16,01bfe22100139f424713cf921144e5509cbe353d67aa9fa1be9c6e1e0ed35845,cuda,DONE,,,True,4,-8.15118273096222,-8.154130948839782,0.09371764382297507,1.1706341497621735,71.47626383623647,70.87136183787229,-0.008462977300410013,2.0080063436160454,0.015458808849812388,119,I-4m2,False,MACEMP_0002,41,0.38454463186613275,0.21473059803247452,361e0d87c6d446dc761afd85eac3fa88e41b02996e583a9c6fbe38e466338bf0
job_109_Ti_fe_-0.845_n4_generated_crystals_cif__gen_1,prospective,CHGNet,0.4.2,131bf40fe7fb7e0a4685589e31019fed2e757e8f4bff5e335330b9854cf9e926,cuda,DONE,,,True,12,-8.517219543457031,-8.523976462227958,0.10064362782711103,0.5304468926569681,82.45407359024908,81.01046693950012,-0.017508008857426316,1.8823597770374922,0.06093393637021748,8,Cm,False,CHGNET_0089,5,0.39011735278011983,0.8120997212827206,7191429dc647543bd4c1fbaabfa8ef7d598112e91d9442876a3e9aa7897a3be2
job_109_Ti_fe_-0.845_n4_generated_crystals_cif__gen_1,prospective,MACE-MP,0.3.16,01bfe22100139f424713cf921144e5509cbe353d67aa9fa1be9c6e1e0ed35845,cuda,DONE,,,True,17,-8.122908107349833,-8.133859109447839,0.069432826615509,1.071964494705681,82.45407359024908,81.57882216637738,-0.01061501737586934,1.8407629033698494,0.05018280939786216,8,Cm,False,MACEMP_0088,5,0.39011735278011983,0.9931679256260395,7e6d7f285667e96d15ca20a1a7d6e9dc3c8631cbbbbea2bff43f7ad9404e772f
job_109_Ti_fe_-0.845_n4_generated_crystals_cif__gen_2,prospective,CHGNet,0.4.2,131bf40fe7fb7e0a4685589e31019fed2e757e8f4bff5e335330b9854cf9e926,cuda,DONE,,,True,3,-8.47625459943499,-8.47772489275251,0.0674969831853497,0.8535484682128698,67.0234239799408,66.93364537129783,-0.0013395109248647286,1.9074029813026065,0.011127798478335886,47,Pmmm,False,CHGNET_0095,1,0.3865884719507555,0.2611451428383589,a4bf0d238a1530dc065c388d7db2e39f7a26f23df386cd446cd797eea51c7fed
job_109_Ti_fe_-0.845_n4_generated_crystals_cif__gen_2,prospective,MACE-MP,0.3.16,01bfe22100139f424713cf921144e5509cbe353d67aa9fa1be9c6e1e0ed35845,cuda,DONE,,,True,9,-8.089512896368452,-8.091136420801755,0.08172813145812373,0.9738713913342271,67.0234239799408,66.61292601170977,-0.006124694082383586,1.8990367179660417,0.01451128090239369,47,Pmmm,False,MACEMP_0094,1,0.3865884719507555,0.5193486921489239,9aaaf2806eb9592d6f4c044c1581203b9d517e51b43a3bc03a7defe8d7004c56
job_109_Ti_fe_-0.845_n4_generated_crystals_cif__gen_3,prospective,CHGNet,0.4.2,131bf40fe7fb7e0a4685589e31019fed2e757e8f4bff5e335330b9854cf9e926,cuda,DONE,,,True,3,-8.544407980782646,-8.545063018798828,0.06137379546178339,0.5708137695400943,75.31806938604835,75.28949559925752,-0.00037937492322559496,1.9401595449015157,0.007421237417597886,12,C2/m,False,CHGNET_0003,9,0.40020462591208705,0.2563757710158825,f2c595a437a54dfb2dd791652d605b4009a2f92b24a7fb2990036cf53ec5d6e7
job_109_Ti_fe_-0.845_n4_generated_crystals_cif__gen_3,prospective,MACE-MP,0.3.16,01bfe22100139f424713cf921144e5509cbe353d67aa9fa1be9c6e1e0ed35845,cuda,DONE,,,True,2,-8.144494787927245,-8.144858392886741,0.0848810361330518,0.4141103505957917,75.31806938604835,75.28079415358744,-0.0004949042476096732,1.9417000172098386,0.003567325302484293,12,C2/m,False,MACEMP_0003,9,0.40020462591208705,0.14372451230883598,7bbe5125507520f842265ecda4ef79346a144be5e3ae438f5a06bb93a19e654f
job_111_Ni_fe_-0.951_n4_generated_crystals_cif__gen_0,prospective,CHGNet,0.4.2,131bf40fe7fb7e0a4685589e31019fed2e757e8f4bff5e335330b9854cf9e926,cuda,DONE,,,True,15,-5.899104527064732,-5.903006962367466,0.020730092573542563,1.3297762839852798,70.06922994484823,69.55461120359989,-0.007344432665428169,1.8593651747902722,0.029039216008223553,2,P-1,False,CHGNET_0026,30,1.1073330753643598,1.2291640397161245,32bdc495f0480f3224dc375a6cd72e5f73bdb4d30980054ce96882eb5a27540b
job_111_Ni_fe_-0.951_n4_generated_crystals_cif__gen_0,prospective,MACE-MP,0.3.16,01bfe22100139f424713cf921144e5509cbe353d67aa9fa1be9c6e1e0ed35845,cuda,DONE,,,True,3,-4.795004248599923,-4.795673887003106,0.08205763894632431,1.3855453434548122,70.06922994484823,69.8920457426035,-0.002528702004919947,1.8556058266934214,0.005886331607222715,2,P-1,False,MACEMP_0026,30,1.1073330753643598,0.1916645336896181,b4b93149372504a2c64613a90d518f1ba35819cddbc55595c3a75dfb6c40320c
job_111_Ni_fe_-0.951_n4_generated_crystals_cif__gen_1,prospective,CHGNet,0.4.2,131bf40fe7fb7e0a4685589e31019fed2e757e8f4bff5e335330b9854cf9e926,cuda,DONE,,,True,4,-5.890196663992746,-5.891943250383649,0.09853051052843473,1.2087286990286332,71.29834272644375,71.05794012413058,-0.003371783874914769,1.8632220863932556,0.013511006327028995,2,P-1,False,CHGNET_0005,14,1.1081610510202982,0.2829497028142214,89edcce5c88adabd991deebe84b0ba2e26f897a91caf8d2d78d9542744338d8c
job_111_Ni_fe_-0.951_n4_generated_crystals_cif__gen_1,prospective,MACE-MP,0.3.16,01bfe22100139f424713cf921144e5509cbe353d67aa9fa1be9c6e1e0ed35845,cuda,DONE,,,True,4,-4.780338777999625,-4.783782199363351,0.08502272705430179,1.3831613484828684,71.29834272644375,70.81915131658315,-0.00672093335604107,1.8496312721165802,0.019597437866929548,2,P-1,False,MACEMP_0005,14,1.1081610510202982,0.22006570361554623,7dfc67adc16b501d01949cf31e474b6c2f144a1aa6a1f56417d60c18eafbb7c5
job_111_Ni_fe_-0.951_n4_generated_crystals_cif__gen_3,prospective,CHGNet,0.4.2,131bf40fe7fb7e0a4685589e31019fed2e757e8f4bff5e335330b9854cf9e926,cuda,DONE,,,True,11,-5.899938310895648,-5.902817862374442,0.10018249420762826,1.304819740394531,70.4289612801435,69.53428714850644,-0.012703213498752808,1.8493388125207428,0.023564603600833654,2,P-1,False,CHGNET_0026,30,1.1076892295197913,0.8862294740974903,ffadada0dd18539482f1d4308b9d2025574684a0c3f8712f257063374e509cd3
job_111_Ni_fe_-0.951_n4_generated_crystals_cif__gen_3,prospective,MACE-MP,0.3.16,01bfe22100139f424713cf921144e5509cbe353d67aa9fa1be9c6e1e0ed35845,cuda,DONE,,,True,9,-4.792540418361104,-4.7951286328546505,0.09130995733514569,1.4658010647063453,70.4289612801435,69.6828476210485,-0.010593847268699608,1.8551531324783885,0.015741046399533398,2,P-1,False,MACEMP_0026,30,1.1076892295197913,0.5566529519855976,24ee566ff6d0f5e9767770370b87111f512af87a5391a4dbab06be1fc19023f3
job_112_Cr_fe_-1.215_n4_generated_crystals_cif__gen_0,prospective,CHGNet,0.4.2,131bf40fe7fb7e0a4685589e31019fed2e757e8f4bff5e335330b9854cf9e926,cuda,DONE,,,True,2,-8.081505911690849,-8.081690652029854,0.09838872572377885,1.0967928122543649,75.14566201278275,75.08568008258341,-0.0007982088199467441,1.9456693402426668,0.002146570187157581,10,P2/m,False,CHGNET_0023,20,0.9780733578177419,0.19354745000600815,fc6535b7d34ac485c46c859173905d278d551f9048b56a0f27e858ebdee011dd
job_112_Cr_fe_-1.215_n4_generated_crystals_cif__gen_0,prospective,MACE-MP,0.3.16,01bfe22100139f424713cf921144e5509cbe353d67aa9fa1be9c6e1e0ed35845,cuda,DONE,,,True,8,-7.102063307074183,-7.103617294212112,0.08920327280287584,0.5353398956425344,75.14566201278275,74.80856778382048,-0.004485877427028773,1.9119697578521389,0.024676782660410946,10,P2/m,False,MACEMP_0023,20,0.9780733578177419,0.46914432011544704,fce67a86eb80e356ff7064ee9a797bd7b22cb0fc16df0cffb0dd630ced8db2bc
job_112_Cr_fe_-1.215_n4_generated_crystals_cif__gen_1,prospective,CHGNet,0.4.2,131bf40fe7fb7e0a4685589e31019fed2e757e8f4bff5e335330b9854cf9e926,cuda,DONE,,,True,5,-8.031457083565849,-8.032529558454241,0.05552243860902469,1.2305531593189831,69.09838763937155,69.68829306431624,0.008537180751936546,1.9458147522772147,0.00689866766599809,44,Imm2,False,CHGNET_0022,15,0.9539798298467002,0.4140559881925583,58c9b43eb73db768688d4d171931b4be8f7b06f843c719879eed82d88c9ea796
job_112_Cr_fe_-1.215_n4_generated_crystals_cif__gen_1,prospective,MACE-MP,0.3.16,01bfe22100139f424713cf921144e5509cbe353d67aa9fa1be9c6e1e0ed35845,cuda,DONE,,,True,3,-7.077550528128163,-7.078549728607541,0.09104096004391345,1.3796350622436544,69.09838763937155,69.27568587595515,0.002565880950926358,1.9434618323652078,0.007630010976623204,44,Imm2,False,MACEMP_0022,15,0.9539798298467002,0.18643544241786003,747cb053105b982b88f741d145809a56bb5a380896a5d168826f9b8e0b1f19f8
job_112_Cr_fe_-1.215_n4_generated_crystals_cif__gen_2,prospective,CHGNet,0.4.2,131bf40fe7fb7e0a4685589e31019fed2e757e8f4bff5e335330b9854cf9e926,cuda,DONE,,,True,12,-8.08087158203125,-8.083263397216797,0.026502934653301138,1.2574780636851883,72.80256512088177,72.93265096617041,0.001786830519950211,1.945564252714997,0.02055196261909852,12,C2/m,False,CHGNET_0024,12,0.9733614091364844,0.9896189607679844,6829faef55328a08361d297407488dc8a7beb8d15a6d95236b6d3b57134c7d4f
job_112_Cr_fe_-1.215_n4_generated_crystals_cif__gen_2,prospective,MACE-MP,0.3.16,01bfe22100139f424713cf921144e5509cbe353d67aa9fa1be9c6e1e0ed35845,cuda,DONE,,,True,12,-7.10827591887828,-7.1099019880803125,0.028876138497852137,1.3565239061597505,72.80256512088177,72.69918313171429,-0.0014200322336969107,1.9669576025421445,0.012384003277646001,12,C2/m,False,MACEMP_0024,12,0.9733614091364844,0.574000958353281,4027bfbfec22a8eeb7beb1f2b34c7e0105432adae6724ee9a0755202d9ae1e7c
job_112_Cr_fe_-1.215_n4_generated_crystals_cif__gen_3,prospective,CHGNet,0.4.2,131bf40fe7fb7e0a4685589e31019fed2e757e8f4bff5e335330b9854cf9e926,cuda,DONE,,,True,3,-8.080572945731026,-8.081842694963727,0.04954422045907238,1.389613019101621,73.53696003537014,73.8117042624528,0.003736137949549745,1.93763896583028,0.008955811938862735,10,P2/m,False,CHGNET_0023,20,0.9788390414665118,0.2212649341672659,b70bf536cbb021af312ef57c843cac1a3ac90fcb5566bdec7b613d3bdbd585c8
job_112_Cr_fe_-1.215_n4_generated_crystals_cif__gen_3,prospective,MACE-MP,0.3.16,01bfe22100139f424713cf921144e5509cbe353d67aa9fa1be9c6e1e0ed35845,cuda,DONE,,,True,8,-7.1013338630829805,-7.103003653497216,0.09325805036828794,1.0493864891826457,73.53696003537014,74.00596069180996,0.006377754209777375,1.9366919882190161,0.012075759153499996,10,P2/m,False,MACEMP_0023,20,0.9788390414665118,0.43594934418797493,35004f36777dcdf9ec4d7d1d794f4957aa93de3ef8b57e30d85b5201dd3d4fe6
job_113_Mn_fe_-1.432_n4_generated_crystals_cif__gen_0,prospective,CHGNet,0.4.2,131bf40fe7fb7e0a4685589e31019fed2e757e8f4bff5e335330b9854cf9e926,cuda,DONE,,,True,10,-7.666889190673828,-7.671728406633649,0.0921523248446721,0.8253764305137411,79.82854097133581,80.15628861905208,0.004105644970186173,1.9048025956449048,0.023316740770794177,8,Cm,False,CHGNET_0096,2,0.8775559701839946,0.8201624676585197,a3c9e5b0c66fb13a8dfa0e2115288ad3facbd245ee8190987e6f2cbefc800e9e
job_113_Mn_fe_-1.432_n4_generated_crystals_cif__gen_0,prospective,MACE-MP,0.3.16,01bfe22100139f424713cf921144e5509cbe353d67aa9fa1be9c6e1e0ed35845,cuda,DONE,,,True,15,-6.787688528697087,-6.794172436449655,0.09829355657061986,0.962667507289815,79.82854097133581,79.96648408948404,0.0017279924757458431,1.9000833173280334,0.03526533538438517,8,Cm,False,MACEMP_0095,2,0.8775559701839946,0.8621773440390825,fbbda11be0ec43915c5fce7064d3a625ffba5ba7fb4cc49ec335b960c251b844
job_113_Mn_fe_-1.432_n4_generated_crystals_cif__gen_1,prospective,CHGNet,0.4.2,131bf40fe7fb7e0a4685589e31019fed2e757e8f4bff5e335330b9854cf9e926,cuda,DONE,,,True,9,-7.661114828927176,-7.663352421351841,0.08773580926926049,0.6903662642583391,70.94773133310976,71.14540429473982,0.0027861773437400927,1.8669217068439066,0.01721503794423901,8,Cm,False,CHGNET_0065,10,0.8638123637173178,0.7583716548979282,e10acd51e158901d406b9ee722a567bddd560a38e94a9175484b4bc9f3d0d6b5
job_113_Mn_fe_-1.432_n4_generated_crystals_cif__gen_1,prospective,MACE-MP,0.3.16,01bfe22100139f424713cf921144e5509cbe353d67aa9fa1be9c6e1e0ed35845,cuda,DONE,,,True,10,-6.796742628029601,-6.799540057634523,0.09057587184852266,0.2245473661821656,70.94773133310976,71.15074514508622,0.0028614560065816086,1.8754004740902872,0.02396053446155097,8,Cm,False,MACEMP_0064,10,0.8638123637173178,0.5828882474452257,80c71eef00434d22500767daf2ccd4809a14c6f3c32a362519444d2d823d1d79
job_113_Mn_fe_-1.432_n4_generated_crystals_cif__gen_2,prospective,CHGNet,0.4.2,131bf40fe7fb7e0a4685589e31019fed2e757e8f4bff5e335330b9854cf9e926,cuda,DONE,,,True,4,-7.677451542445591,-7.6785785130092075,0.049082291527357755,1.229750162426051,70.93647247657609,71.11685588951714,0.0025428867075483197,1.9201940338375094,0.012109235231094204,119,I-4m2,False,CHGNET_0070,8,0.8668699479998656,0.27604165859520435,a00a9012b5b49b574f4ed3ebd83012ab3843b7202c434177fa481870a6de08ac
job_113_Mn_fe_-1.432_n4_generated_crystals_cif__gen_2,prospective,MACE-MP,0.3.16,01bfe22100139f424713cf921144e5509cbe353d67aa9fa1be9c6e1e0ed35845,cuda,DONE,,,True,3,-6.811327408493893,-6.811708565009342,0.0743502094706378,0.8735308230394021,70.93647247657609,70.98371727708295,0.0006660156455124966,1.91111478857415,0.004902930699243468,119,I-4m2,False,MACEMP_0069,8,0.8668699479998656,0.18303024768829346,f3de01c581115634f5357038e314f43f697ed6396cb717bde70a1a3b4e961280
job_114_Al_fe_-1.252_n4_generated_crystals_cif__gen_0,prospective,CHGNet,0.4.2,131bf40fe7fb7e0a4685589e31019fed2e757e8f4bff5e335330b9854cf9e926,cuda,DONE,,,True,29,-6.901378086635044,-6.956329345703125,0.08782928773237234,0.8866704673405391,73.22100743459093,79.23705220675765,0.08216282434437838,1.716780399982348,0.08100622681678707,1,P1,False,CHGNET_0097,1,0.40864466842968206,2.2015248350799084,4bf575f3b4980091d88c5a0d0ed52537004be54b7ecdb588f8fdc7e14c715573
job_114_Al_fe_-1.252_n4_generated_crystals_cif__gen_0,prospective,MACE-MP,0.3.16,01bfe22100139f424713cf921144e5509cbe353d67aa9fa1be9c6e1e0ed35845,cuda,DONE,,,True,27,-6.494285970681425,-6.547684677273443,0.09192753686026099,0.92320100019614,73.22100743459093,77.70071900295773,0.061180687419092994,1.7290629838161276,0.06726989566591474,1,P1,False,MACEMP_0096,1,0.40864466842968206,1.61169895529747,9344d97a7a0df31a47faf2b7109767b63214ddeba401d640b7598459d8bfce97
job_114_Al_fe_-1.252_n4_generated_crystals_cif__gen_1,prospective,CHGNet,0.4.2,131bf40fe7fb7e0a4685589e31019fed2e757e8f4bff5e335330b9854cf9e926,cuda,DONE,,,True,11,-7.019920894077846,-7.024811880929129,0.06249052595121177,1.4331668901569474,70.65800621270155,70.56384634479255,-0.0013326142776453054,1.8697732541446335,0.023147240715338205,12,C2/m,False,CHGNET_0019,8,0.38444249960288523,0.9361304305493832,fb68a5b5c3841053eb87eb8b96acf29763ef7af9f6022f3bfa82906bce682adf
job_114_Al_fe_-1.252_n4_generated_crystals_cif__gen_1,prospective,MACE-MP,0.3.16,01bfe22100139f424713cf921144e5509cbe353d67aa9fa1be9c6e1e0ed35845,cuda,DONE,,,True,10,-6.636027209624856,-6.640369381326244,0.09435334262498177,0.9815127317072924,70.65800621270155,70.13049163545747,-0.007465743877008046,1.8768014407799642,0.02133297850746256,12,C2/m,False,MACEMP_0019,8,0.38444249960288523,0.600396579131484,b84442571c264ca34f688d9fcab2a1a33e2a47954cfe74434407b23a6067cf9b
job_114_Al_fe_-1.252_n4_generated_crystals_cif__gen_2,prospective,CHGNet,0.4.2,131bf40fe7fb7e0a4685589e31019fed2e757e8f4bff5e335330b9854cf9e926,cuda,DONE,,,True,4,-7.035551343645368,-7.037652151925223,0.06681917928353577,1.543818414624068,63.62210182238639,63.374584061573415,-0.0038904367149638075,1.8731390474863583,0.016494875411157992,119,I-4m2,False,CHGNET_0018,9,0.40085022271800064,0.2949287239462137,51384e1c64f4b5d818e329dbe57b65125282944aade12c590aaaf710a008a8de
job_114_Al_fe_-1.252_n4_generated_crystals_cif__gen_2,prospective,MACE-MP,0.3.16,01bfe22100139f424713cf921144e5509cbe353d67aa9fa1be9c6e1e0ed35845,cuda,DONE,,,True,3,-6.636240868493212,-6.6368019292072225,0.060983626707006466,1.4463732051238705,63.62210182238639,63.45674512250118,-0.0025990449096893187,1.892977595390799,0.005089660971369361,119,I-4m2,False,MACEMP_0018,9,0.40085022271800064,0.17949696443974972,a90d70f72e201f6886ccf7af105dc4f64e129b2b1beb5c2206221e56ec5a0130
job_115_Al_fe_-1.173_n4_generated_crystals_cif__gen_0,prospective,CHGNet,0.4.2,131bf40fe7fb7e0a4685589e31019fed2e757e8f4bff5e335330b9854cf9e926,cuda,DONE,,,True,8,-7.024698529924665,-7.026800428118024,0.09978084100561087,0.8036936492254981,68.36661200189714,68.65362959610768,0.004198212925961231,1.891687063618496,0.01640648736337871,10,P2/m,False,CHGNET_0098,3,0.37692711187657224,0.4870415199548006,d9f0d946e3c4076c3633a65fb51019d7963eeca751ae0d0884b671a001665582
job_115_Al_fe_-1.173_n4_generated_crystals_cif__gen_0,prospective,MACE-MP,0.3.16,01bfe22100139f424713cf921144e5509cbe353d67aa9fa1be9c6e1e0ed35845,cuda,DONE,,,True,11,-6.645233333478389,-6.649873316241452,0.08836242123277734,1.613167182879307,68.36661200189714,68.21476538472552,-0.0022210639481067274,1.8895037647125048,0.02931428598331884,10,P2/m,False,MACEMP_0097,3,0.37692711187657224,0.671105494722724,2b9720876db1743e928739b8544e7d7f639c8c04a5508cfc701ab5a6c116fa24
job_115_Al_fe_-1.173_n4_generated_crystals_cif__gen_1,prospective,CHGNet,0.4.2,131bf40fe7fb7e0a4685589e31019fed2e757e8f4bff5e335330b9854cf9e926,cuda,DONE,,,True,13,-7.03423091343471,-7.040776933942523,0.08755237031551956,0.8233762870869433,68.35979661764434,69.44905685614894,0.01593422292633706,1.8671173286381844,0.054318099252777516,12,C2/m,False,CHGNET_0045,5,0.3747992756577867,1.0432406980544329,a55b18c76ffb1cbcbda9ed88c29bc919e46a416a333c29f789f2374dcdd56b3f
job_115_Al_fe_-1.173_n4_generated_crystals_cif__gen_1,prospective,MACE-MP,0.3.16,01bfe22100139f424713cf921144e5509cbe353d67aa9fa1be9c6e1e0ed35845,cuda,DONE,,,True,11,-6.662608980585008,-6.665977658284736,0.09242042380495566,1.123645440837393,68.35979661764434,68.30491847059231,-0.0008027839427167116,1.8920050524942085,0.039860125182561025,12,C2/m,False,MACEMP_0044,5,0.3747992756577867,0.6530143227428198,9326cb35e63694e7b418dcd5273449288ea296a0f9ecbce9e677ffdeb9ab2dc7
job_116_Ti_fe_-1.462_n4_generated_crystals_cif__gen_1,prospective,CHGNet,0.4.2,131bf40fe7fb7e0a4685589e31019fed2e757e8f4bff5e335330b9854cf9e926,cuda,DONE,,,True,3,-8.50409916469029,-8.505152566092354,0.09624443473165205,1.424808948140071,77.01613609380902,77.15996752813639,0.0018675493425452938,1.995757691880038,0.008142601902141142,71,Immm,False,CHGNET_0099,1,0.42080020244468486,0.2673418764024973,0f26add5750decdbb13dcd8bc78c7339beb059f388ba3c13d19b09c115af21b4
job_116_Ti_fe_-1.462_n4_generated_crystals_cif__gen_1,prospective,MACE-MP,0.3.16,01bfe22100139f424713cf921144e5509cbe353d67aa9fa1be9c6e1e0ed35845,cuda,DONE,,,True,8,-8.081823848775961,-8.08435236364767,0.04101786901481193,0.6044898465570112,77.01613609380902,78.20288490695523,0.015409093124338247,1.9844839282744624,0.017682892924339222,71,Immm,False,MACEMP_0098,1,0.42080020244468486,0.40520158037543297,30b2b0ef341e3a528e8014c925e7b539cb16c4657f9f7aea046d5c4178025c6e
job_116_Ti_fe_-1.462_n4_generated_crystals_cif__gen_2,prospective,CHGNet,0.4.2,131bf40fe7fb7e0a4685589e31019fed2e757e8f4bff5e335330b9854cf9e926,cuda,DONE,,,True,4,-8.459928240094866,-8.46062251499721,0.048999773769715316,1.5673702545541155,66.3308963746321,66.55318302235993,0.003351178106690611,1.8825163934256188,0.005206467031772448,139,I4/mmm,False,CHGNET_0058,5,0.38888623859242344,0.3413725905120373,6cfc82debc7e0388304dfef4251f8a0c011cb283793e294d44f0858dbaba4838
job_116_Ti_fe_-1.462_n4_generated_crystals_cif__gen_2,prospective,MACE-MP,0.3.16,01bfe22100139f424713cf921144e5509cbe353d67aa9fa1be9c6e1e0ed35845,cuda,DONE,,,True,3,-8.07142052283452,-8.071736276404787,0.06733808456968655,0.803417877219523,66.3308963746321,66.40502173903462,0.0011175088601829142,1.8774403868646803,0.004440011874997526,139,I4/mmm,False,MACEMP_0057,5,0.38888623859242344,0.18776516802608967,b4bc07c5a8fba3b26bcf5b5b68a7319b02d47e0602e9ed3fcefe5da5797c7be1
job_116_Ti_fe_-1.462_n4_generated_crystals_cif__gen_3,prospective,CHGNet,0.4.2,131bf40fe7fb7e0a4685589e31019fed2e757e8f4bff5e335330b9854cf9e926,cuda,DONE,,,True,5,-8.541451590401786,-8.542699541364398,0.06694322679962385,1.5385874080133592,70.02405776942328,70.27092107303797,0.0035254070026555784,1.94591638603213,0.013803346938056335,44,Imm2,False,CHGNET_0002,41,0.38658320267200175,0.1843504961580038,56428968769134ade00cfa49f816bd1cc9753ea0c1e6010c177239acfca0e5c5
job_116_Ti_fe_-1.462_n4_generated_crystals_cif__gen_3,prospective,MACE-MP,0.3.16,01bfe22100139f424713cf921144e5509cbe353d67aa9fa1be9c6e1e0ed35845,cuda,DONE,,,True,5,-8.154712284616373,-8.156116338692396,0.0671828594737003,1.1018682962969988,70.02405776942328,70.37701495731375,0.005040513205514241,1.970420394533394,0.014654377647579715,44,Imm2,False,MACEMP_0002,41,0.38658320267200175,0.19016517512500286,51d509eeadf5e101a61c19c5249dc5f75e6b6172198e539a1ba34cd63449a8d9
job_117_Ti_fe_-0.811_n4_generated_crystals_cif__gen_0,prospective,CHGNet,0.4.2,131bf40fe7fb7e0a4685589e31019fed2e757e8f4bff5e335330b9854cf9e926,cuda,DONE,,,True,8,-8.521377563476562,-8.529157366071429,0.07976048779278666,0.4108722023077981,71.99974487651319,71.97500815575641,-0.00034356678345459635,1.8784284144895322,0.02598611599758595,8,Cm,False,CHGNET_0041,5,0.3931004712479176,0.4128696881234646,979482e043c6e7bf67e97ad067b6616a0c85fb61363d56a95554d9b51a78b938
job_117_Ti_fe_-0.811_n4_generated_crystals_cif__gen_0,prospective,MACE-MP,0.3.16,01bfe22100139f424713cf921144e5509cbe353d67aa9fa1be9c6e1e0ed35845,cuda,DONE,,,True,15,-8.125348155972452,-8.136056894823511,0.062257648541791735,0.6456610986383082,71.99974487651319,71.72642948561997,-0.0037960605466308417,1.892992065212209,0.04192578757538502,8,Cm,False,MACEMP_0041,5,0.3931004712479176,0.8480170592665672,d62d7153e562f9bc98150af97438ad34a4350073f5cff9fa890ed72644e4c33d
job_117_Ti_fe_-0.811_n4_generated_crystals_cif__gen_1,prospective,CHGNet,0.4.2,131bf40fe7fb7e0a4685589e31019fed2e757e8f4bff5e335330b9854cf9e926,cuda,DONE,,,True,4,-8.536919730050224,-8.538058144705635,0.09830349549369446,0.4403229321697037,70.2912623598094,70.14122924372013,-0.002134449020438245,2.0098903277913767,0.011773103432947159,119,I-4m2,False,CHGNET_0002,41,0.3841954562575616,0.34026643447577953,80ccfbda4f8e45eacf5c7cb99be2fb21696135cbc7f67a364672817764f4b9b2
job_117_Ti_fe_-0.811_n4_generated_crystals_cif__gen_1,prospective,MACE-MP,0.3.16,01bfe22100139f424713cf921144e5509cbe353d67aa9fa1be9c6e1e0ed35845,cuda,DONE,,,True,4,-8.152822377600971,-8.153862688448074,0.07361181035257734,0.6288823873102749,70.2912623598094,70.05611335432278,-0.0033453518629802392,2.0093135043869417,0.010631565327976907,119,I-4m2,False,MACEMP_0002,41,0.3841954562575616,0.23030460998415947,d313bbcef8de3158c6c538b3b9e639c6dd8c67585d61d902134af6793b177e7c
job_117_Ti_fe_-0.811_n4_generated_crystals_cif__gen_2,prospective,CHGNet,0.4.2,131bf40fe7fb7e0a4685589e31019fed2e757e8f4bff5e335330b9854cf9e926,cuda,DONE,,,True,3,-8.537683759416852,-8.537899017333984,0.08182652764321377,0.9199688378010052,70.0197667454978,70.04541904197909,0.00036635792539163603,2.0044182564771407,0.0036048425125093484,119,I-4m2,False,CHGNET_0002,41,0.3844498414000288,0.2588490676134825,e726ea3876ade794bea30136e1d7c12ff503f5e3bb10e375b9e1d17d3d5a81ee
job_117_Ti_fe_-0.811_n4_generated_crystals_cif__gen_2,prospective,MACE-MP,0.3.16,01bfe22100139f424713cf921144e5509cbe353d67aa9fa1be9c6e1e0ed35845,cuda,DONE,,,True,2,-8.153272215489151,-8.153449175933956,0.08366482147211536,1.2439377473949846,70.0197667454978,70.02426362169578,6.422295313157633e-05,2.007030677054719,0.0020953261707359477,119,I-4m2,False,MACEMP_0002,41,0.3844498414000288,0.1390526182949543,aa13f75a93061d5464cd913ca9204c4e667f7f2ebdf1a5f5ead2b39661f13927
job_118_Mn_fe_-1.458_n4_generated_crystals_cif__gen_0,prospective,CHGNet,0.4.2,131bf40fe7fb7e0a4685589e31019fed2e757e8f4bff5e335330b9854cf9e926,cuda,DONE,,,True,6,-7.711533682686942,-7.7127805437360495,0.08573001951306691,0.26972861850435914,76.5006381676426,76.50515710437764,5.907057566156837e-05,1.9049860798213707,0.01089711684553038,1,P1,False,CHGNET_0012,15,0.8663659401250374,0.4075571037828922,68396c878f7a10b798c846e51d73d19272c72e664213654400b97c7576a09b6e
job_118_Mn_fe_-1.458_n4_generated_crystals_cif__gen_0,prospective,MACE-MP,0.3.16,01bfe22100139f424713cf921144e5509cbe353d67aa9fa1be9c6e1e0ed35845,cuda,DONE,,,True,4,-6.845342401242769,-6.846414603611012,0.09998883782099355,0.582834120437536,76.5006381676426,76.49681624816967,-4.995931490880956e-05,1.9051768082069833,0.010622843806911707,1,P1,False,MACEMP_0012,15,0.8663659401250374,0.2159914579242468,44c9dbc0a1f6a13cb684fea7e8f399d0586dc4ebe345838de65c95a215c68d09
job_118_Mn_fe_-1.458_n4_generated_crystals_cif__gen_1,prospective,CHGNet,0.4.2,131bf40fe7fb7e0a4685589e31019fed2e757e8f4bff5e335330b9854cf9e926,cuda,DONE,,,True,20,-7.637761797223773,-7.648836408342634,0.08095134865042701,1.164608261179204,81.83178266405966,81.9439513776198,0.0013707230847044283,1.8542334937058331,0.07512070770193642,1,P1,False,CHGNET_0069,5,0.8498770861575009,1.5103410687297583,32c850526fff0bc6f2eb3f090f04a7e1a6b81a6269f3358d056fe62d0b5f0367
job_118_Mn_fe_-1.458_n4_generated_crystals_cif__gen_1,prospective,MACE-MP,0.3.16,01bfe22100139f424713cf921144e5509cbe353d67aa9fa1be9c6e1e0ed35845,cuda,DONE,,,True,20,-6.7741569061154125,-6.798959322185133,0.10577053177132181,0.5526173099634353,81.83178266405966,78.43734883145824,-0.04148062918947326,1.8791588203451401,0.16962446225328276,1,P1,False,MACEMP_0068,6,0.8498770861575009,0.9490226749330759,dbde2e235d18bf63c31563dde7b0f40c9ce1787173e5dda6b2a5901a11b497c1
job_118_Mn_fe_-1.458_n4_generated_crystals_cif__gen_2,prospective,CHGNet,0.4.2,131bf40fe7fb7e0a4685589e31019fed2e757e8f4bff5e335330b9854cf9e926,cuda,DONE,,,True,2,-7.723153795514788,-7.723363603864398,0.07869137590935844,0.622915756270207,76.12279454440834,76.0931719447008,-0.000389142304677903,1.9335693760092423,0.0026173883306196623,10,P2/m,False,CHGNET_0013,35,0.8680298437661502,0.09635700844228268,f42b5fd663abc02f8c344b519465595b66cddbc42565ee21dcda7bd70fe2c891
job_118_Mn_fe_-1.458_n4_generated_crystals_cif__gen_2,prospective,MACE-MP,0.3.16,01bfe22100139f424713cf921144e5509cbe353d67aa9fa1be9c6e1e0ed35845,cuda,DONE,,,True,3,-6.85490537953813,-6.855333760098247,0.05198314010063396,0.8979706800970422,76.12279454440834,76.11245840339991,-0.00013578246923651172,1.9300586616973565,0.0057853710916764695,10,P2/m,False,MACEMP_0013,35,0.8680298437661502,0.10371644422411919,93790e16a32d800cc69d09dffbbdbeba85afe1a8c96b87909c707c61121f9d47
job_118_Mn_fe_-1.458_n4_generated_crystals_cif__gen_3,prospective,CHGNet,0.4.2,131bf40fe7fb7e0a4685589e31019fed2e757e8f4bff5e335330b9854cf9e926,cuda,DONE,,,True,17,-7.660763331821987,-7.6691164289202005,0.09230184997800978,1.2869171548297011,75.10273860543461,75.2262326950919,0.0016443353724566734,1.904233649908135,0.07294093208516397,12,C2/m,False,CHGNET_0093,5,0.8693827476600946,0.8050775825977325,e8341043f496ff8650d632e06ee0932f1ee4f22060d10043f9e2e97bae01fc12
job_118_Mn_fe_-1.458_n4_generated_crystals_cif__gen_3,prospective,MACE-MP,0.3.16,01bfe22100139f424713cf921144e5509cbe353d67aa9fa1be9c6e1e0ed35845,cuda,DONE,,,True,10,-6.796444596789803,-6.799733681260106,0.0808062838222671,0.7459753930834806,75.10273860543461,74.69136707821846,-0.0054774504213136455,1.9378153996341698,0.03457117448545487,166,R-3m,False,MACEMP_0092,5,0.8693827476600946,0.2871066350489855,44298b3239f6ba51081d8c58fb3affff5b66aa669602b3949e467ce2e692ec75
job_119_Ti_fe_-1.262_n4_generated_crystals_cif__gen_0,prospective,CHGNet,0.4.2,131bf40fe7fb7e0a4685589e31019fed2e757e8f4bff5e335330b9854cf9e926,cuda,DONE,,,True,0,-8.53191648210798,-8.53191648210798,0.06696075900763282,0.29585433094293323,76.55122784763255,76.55122784763255,0.0,1.9928789306868113,0.0,10,P2/m,False,CHGNET_0016,11,0.4092114763399124,0.03195003978908062,ffbc0df25c0ba65252a029fb490ac48f5c97731f478bf9a33643aad479123b1d
job_119_Ti_fe_-1.262_n4_generated_crystals_cif__gen_0,prospective,MACE-MP,0.3.16,01bfe22100139f424713cf921144e5509cbe353d67aa9fa1be9c6e1e0ed35845,cuda,DONE,,,True,0,-8.122705005768067,-8.122705005768067,0.0619865173481625,0.9196377686662505,76.55122784763255,76.55122784763255,0.0,1.9928789306868113,0.0,10,P2/m,False,MACEMP_0016,11,0.4092114763399124,0.02750442735850811,ffbc0df25c0ba65252a029fb490ac48f5c97731f478bf9a33643aad479123b1d
job_119_Ti_fe_-1.262_n4_generated_crystals_cif__gen_1,prospective,CHGNet,0.4.2,131bf40fe7fb7e0a4685589e31019fed2e757e8f4bff5e335330b9854cf9e926,cuda,DONE,,,True,5,-8.536889212472099,-8.538594382149833,0.05337476651217991,0.6061220942692629,70.6053842964577,70.29819296034084,-0.004350820255110022,2.007453358138699,0.01861875669818097,119,I-4m2,False,CHGNET_0002,41,0.3844244972136437,0.18310940824449062,8fd0144309639c29ce1f82c35b17a24186c2303e552b6d4636c7742e7f40520a
job_119_Ti_fe_-1.262_n4_generated_crystals_cif__gen_1,prospective,MACE-MP,0.3.16,01bfe22100139f424713cf921144e5509cbe353d67aa9fa1be9c6e1e0ed35845,cuda,DONE,,,True,4,-8.152684261593873,-8.15416988493619,0.08049669359977758,0.6029916040667078,70.6053842964577,70.27061758720434,-0.004741376491171567,2.004819734286529,0.012449206094954372,119,I-4m2,False,MACEMP_0002,41,0.3844244972136437,0.1326050404459238,9528f743ff6a539f92d1f3c24a70579d055da31e1f5eb8a3365daffbc8140f8e
job_119_Ti_fe_-1.262_n4_generated_crystals_cif__gen_3,prospective,CHGNet,0.4.2,131bf40fe7fb7e0a4685589e31019fed2e757e8f4bff5e335330b9854cf9e926,cuda,DONE,,,True,2,-8.531752450125557,-8.531988961356026,0.09931633377732736,0.3968553442981249,75.15258059289616,75.1514564528399,-1.4958103200068962e-05,1.9305389557201735,0.0027383490987110725,12,C2/m,False,CHGNET_0040,9,0.4015302262851588,0.09344430267810822,bcfd75eface12ccd692d2c99b494f84ce2afc55604e603ffea12bb25d582bb1b
job_119_Ti_fe_-1.262_n4_generated_crystals_cif__gen_3,prospective,MACE-MP,0.3.16,01bfe22100139f424713cf921144e5509cbe353d67aa9fa1be9c6e1e0ed35845,cuda,DONE,,,True,4,-8.129189786268428,-8.130458735070867,0.0878733643844341,0.7479099604006452,75.15258059289616,75.1423547008861,-0.0001360684081554986,1.9404948391645263,0.012319964241919366,12,C2/m,False,MACEMP_0040,9,0.4015302262851588,0.13538523763418198,18cdf3a1e638372cf45e44a8ab890b85906c336c4dde9e9840af364d9986b958
job_120_Cr_fe_-1.424_n4_generated_crystals_cif__gen_1,development_calibration,CHGNet,0.4.2,131bf40fe7fb7e0a4685589e31019fed2e757e8f4bff5e335330b9854cf9e926,cuda,DONE,,,True,9,-8.030749184744698,-8.033428192138672,0.0897061976622053,0.7061993217349917,70.24401691263589,70.210013596915,-0.00048407419187279643,1.77202816953678,0.022053283706327247,8,Cm,False,CHGNET_0025,12,0.9579482343847401,0.30064453929662704,f63e2c1dc82154c23202ced2f8d011946fcb68988dca4cf96f5d7ae75699b041
job_120_Cr_fe_-1.424_n4_generated_crystals_cif__gen_1,development_calibration,MACE-MP,0.3.16,01bfe22100139f424713cf921144e5509cbe353d67aa9fa1be9c6e1e0ed35845,cuda,DONE,,,True,13,-7.070626166130489,-7.075479957753932,0.0991356355191355,0.844922596118324,70.24401691263589,69.20364558899455,-0.014810817623588823,1.833911601317588,0.040677123980677715,8,Cm,False,MACEMP_0025,12,0.9579482343847401,0.36718153208494186,7ccd1c66bd3377b6f2e4952819447c3929dedea059667bb8bc18c740ba8a0cb0
job_120_Cr_fe_-1.424_n4_generated_crystals_cif__gen_2,prospective,CHGNet,0.4.2,131bf40fe7fb7e0a4685589e31019fed2e757e8f4bff5e335330b9854cf9e926,cuda,DONE,,,True,6,-8.057309831891741,-8.059801919119698,0.07782031232268476,1.4482969243387842,76.5820092482218,76.47688635359657,-0.001372683945709663,1.8862020099156425,0.01920925161273517,10,P2/m,False,CHGNET_0068,4,0.9752491419951612,0.2178731318563223,ebee999ba5c8bb671d23da9aad4cc4f3ab02ca1b3d705e0e3108ce2a7bc7aaea
job_120_Cr_fe_-1.424_n4_generated_crystals_cif__gen_2,prospective,MACE-MP,0.3.16,01bfe22100139f424713cf921144e5509cbe353d67aa9fa1be9c6e1e0ed35845,cuda,DONE,,,True,18,-7.0774806279534035,-7.084552777124537,0.07175134205970378,0.8087186433697419,76.5820092482218,76.95372480125707,0.004853823459116224,1.840113805895338,0.0422030738479056,10,P2/m,False,MACEMP_0067,4,0.9752491419951612,0.5002413280308247,a39710f5c4d56317a85a05bc91b78f8b55bbbb25aff8b48e426bff1fa8fc728a
job_120_Cr_fe_-1.424_n4_generated_crystals_cif__gen_3,prospective,CHGNet,0.4.2,131bf40fe7fb7e0a4685589e31019fed2e757e8f4bff5e335330b9854cf9e926,cuda,DONE,,,True,8,-8.017496381487165,-8.019965035574776,0.08616237638233709,1.3210794762350857,79.21499855630884,79.03465280780168,-0.002276661639764699,1.7951143340398403,0.017949832954882408,8,Cm,False,CHGNET_0064,6,0.972534932930051,0.2709361109882593,469658a4f2f496a832bffcf68f78ab082f7bf324dcab820b5ae93afb196f891a
job_120_Cr_fe_-1.424_n4_generated_crystals_cif__gen_3,prospective,MACE-MP,0.3.16,01bfe22100139f424713cf921144e5509cbe353d67aa9fa1be9c6e1e0ed35845,cuda,DONE,,,True,9,-7.045157232267079,-7.047430102644725,0.048079968843852065,1.3468777215773748,79.21499855630884,79.06709560775434,-0.001867107886764252,1.8140062431361212,0.016669655769612216,8,Cm,False,MACEMP_0063,6,0.972534932930051,0.25950372219085693,29c5de586bdf07d8f16fff01be5e9e8e9b597d3283841bfe937b815699e94c14
job_121_Ni_fe_-1.367_n4_generated_crystals_cif__gen_0,prospective,CHGNet,0.4.2,131bf40fe7fb7e0a4685589e31019fed2e757e8f4bff5e335330b9854cf9e926,cuda,DONE,,,True,9,-5.900484357561384,-5.903047834123884,0.08615495441730403,1.4808431053841669,69.4213826724785,69.24378037737351,-0.0025583226416404647,1.854965529471803,0.02589513704095273,2,P-1,False,CHGNET_0026,30,1.1072971858258658,0.4557770434767008,b490686c92c4d8d4daf414aa022f3a806689a1835c69b78d824ba19a3ba37417
job_121_Ni_fe_-1.367_n4_generated_crystals_cif__gen_0,prospective,MACE-MP,0.3.16,01bfe22100139f424713cf921144e5509cbe353d67aa9fa1be9c6e1e0ed35845,cuda,DONE,,,True,3,-4.795075723026182,-4.795750648298018,0.05794133198532631,1.1439095713710692,69.4213826724785,69.31424579806551,-0.0015432834998180267,1.857856003692599,0.006892136019305849,2,P-1,False,MACEMP_0026,30,1.1072971858258658,0.10562312602996826,a128396223b709446025dab5d3afb5e6ab3f0d3a821fd4a5139b49c342a03051
job_121_Ni_fe_-1.367_n4_generated_crystals_cif__gen_3,prospective,CHGNet,0.4.2,131bf40fe7fb7e0a4685589e31019fed2e757e8f4bff5e335330b9854cf9e926,cuda,DONE,,,True,5,-5.891207558768136,-5.893366132463727,0.07226407566609933,0.7650602697694168,69.5880753277058,69.46604356710392,-0.0017536303458199898,1.8655546313538072,0.020138814242042096,2,P-1,False,CHGNET_0005,14,1.1082754842322382,0.18157219886779785,51f7c86755e569226aa05fc23174bc1f442f584097ba40caeb1f693baa938078
job_121_Ni_fe_-1.367_n4_generated_crystals_cif__gen_3,prospective,MACE-MP,0.3.16,01bfe22100139f424713cf921144e5509cbe353d67aa9fa1be9c6e1e0ed35845,cuda,DONE,,,True,4,-4.782937076017267,-4.785090648231489,0.06263690829175955,0.7321538168954418,69.5880753277058,69.36782160794871,-0.003165107221601682,1.8545771391702146,0.017569847772228742,2,P-1,False,MACEMP_0005,14,1.1082754842322382,0.12965770438313484,a66ba6ee546675f34f5529cf4835e1703f3a06bf4b6558712781316047ed9cdf
job_122_Al_fe_-1.402_n4_generated_crystals_cif__gen_1,prospective,CHGNet,0.4.2,131bf40fe7fb7e0a4685589e31019fed2e757e8f4bff5e335330b9854cf9e926,cuda,DONE,,,True,10,-7.02350343976702,-7.0255617414202005,0.030492277769236686,1.5809284650306379,69.65135227392612,69.82770261009406,0.00253190111046786,1.8624401920545952,0.015454814033448628,12,C2/m,False,CHGNET_0019,8,0.3853671389331561,0.35809068009257317,04b189e54e957931e9b711dfc0cc0aa733480ece5c76585f99e2d7986333c6d3
job_122_Al_fe_-1.402_n4_generated_crystals_cif__gen_1,prospective,MACE-MP,0.3.16,01bfe22100139f424713cf921144e5509cbe353d67aa9fa1be9c6e1e0ed35845,cuda,DONE,,,True,4,-6.639210963300891,-6.640194602487044,0.06524492671225564,1.282848377630436,69.65135227392612,69.387421125955,-0.0037893183600101743,1.8715652769864197,0.010372638832582354,12,C2/m,False,MACEMP_0019,8,0.3853671389331561,0.13443059846758842,f9f9a608d40898c290152631edbb6ba06b12590ec903f2d532b3e1c097add13a
job_123_Ni_fe_-1.305_n4_generated_crystals_cif__gen_0,prospective,CHGNet,0.4.2,131bf40fe7fb7e0a4685589e31019fed2e757e8f4bff5e335330b9854cf9e926,cuda,DONE,,,True,18,-5.859709603445871,-5.868806021554129,0.0867593297479424,1.3686630293661404,69.29954272910399,69.50415627955067,0.00295259596800701,1.8714046920254939,0.10048853953224064,12,C2/m,False,CHGNET_0100,1,1.1404679935275874,0.5807747598737478,2fd49ff8875bd718117a60fef895bc7680e622cd501fdc2c94ac9bfd61516515
job_123_Ni_fe_-1.305_n4_generated_crystals_cif__gen_0,prospective,MACE-MP,0.3.16,01bfe22100139f424713cf921144e5509cbe353d67aa9fa1be9c6e1e0ed35845,cuda,DONE,,,True,3,-4.727504911427623,-4.728338028026542,0.089290137065184,1.0836935692901821,69.29954272910399,69.22485832709008,-0.0010777041099082618,1.9104996219198926,0.007775530387640219,164,P-3m1,False,MACEMP_0099,1,1.1404679935275874,0.10408304445445538,459a2586327554b76828294f3f0cd55101c1bb99cd49e1a864dc76e4d9d85644
job_123_Ni_fe_-1.305_n4_generated_crystals_cif__gen_1,prospective,CHGNet,0.4.2,131bf40fe7fb7e0a4685589e31019fed2e757e8f4bff5e335330b9854cf9e926,cuda,DONE,,,True,13,-5.817052023751395,-5.820940290178571,0.05794420799931373,1.440548970484745,66.94055523221658,67.3543057055356,0.006180864079834869,1.8663924297829524,0.022291246868492973,1,P1,False,CHGNET_0076,9,1.118805124493579,0.42808171175420284,0a2ed2d62fdad045b088d255124a4db1053a79debf374c9af2bd005ac0df7b86
job_123_Ni_fe_-1.305_n4_generated_crystals_cif__gen_1,prospective,MACE-MP,0.3.16,01bfe22100139f424713cf921144e5509cbe353d67aa9fa1be9c6e1e0ed35845,cuda,DONE,,,True,14,-4.696037672575565,-4.702135165684992,0.09211194320104575,0.979986594046394,66.94055523221658,67.61210596328792,0.010032046025637564,1.780773306159734,0.05933266618404981,1,P1,False,MACEMP_0075,9,1.118805124493579,0.3958353493362665,0c0a33ed26ff95fa834522129afba119666f5a2087e9896c29f4c6d334f504cf
job_123_Ni_fe_-1.305_n4_generated_crystals_cif__gen_2,prospective,CHGNet,0.4.2,131bf40fe7fb7e0a4685589e31019fed2e757e8f4bff5e335330b9854cf9e926,cuda,DONE,,,True,10,-5.814781188964844,-5.818867274693081,0.08343472648720522,0.6736738068736974,66.82059971502181,66.89890487727418,0.0011718715872996999,1.8762644112045967,0.046880804037035644,8,Cm,False,CHGNET_0076,9,1.1220716297113125,0.3351843450218439,b73472b17260ffccdbcb77c6e8650e6456a0190becd2a1151678cedb8b1b56ce
job_123_Ni_fe_-1.305_n4_generated_crystals_cif__gen_2,prospective,MACE-MP,0.3.16,01bfe22100139f424713cf921144e5509cbe353d67aa9fa1be9c6e1e0ed35845,cuda,DONE,,,True,5,-4.694976332241187,-4.696795644981768,0.07163542089979814,0.8907605034204181,66.82059971502181,66.9322625413774,0.0016710838698217323,1.8522431841278428,0.018660683131594514,8,Cm,False,MACEMP_0075,9,1.1220716297113125,0.15765778720378876,1cf1f4e11a12a7137419b4f7e6659db2da3727445465836b3acb2df36aa8cbee
job_123_Ni_fe_-1.305_n4_generated_crystals_cif__gen_3,prospective,CHGNet,0.4.2,131bf40fe7fb7e0a4685589e31019fed2e757e8f4bff5e335330b9854cf9e926,cuda,DONE,,,True,2,-5.898975372314453,-5.899145943777902,0.09548573050196388,1.182588512800481,69.02716471136091,68.98579392133638,-0.0005993407116969829,1.8628287750427648,0.0020905894375279612,12,C2/m,False,CHGNET_0026,30,1.102082904801116,0.09471002034842968,ff30f1cf1661576449e6a1787628151959616a9c0c3f3dfb9b3cbac47f4310b2
job_123_Ni_fe_-1.305_n4_generated_crystals_cif__gen_3,prospective,MACE-MP,0.3.16,01bfe22100139f424713cf921144e5509cbe353d67aa9fa1be9c6e1e0ed35845,cuda,DONE,,,True,11,-4.792521717475824,-4.797063038976786,0.08583506115023681,0.9436431289226159,69.02716471136091,67.2807224176965,-0.02530079717118927,1.8958145620625542,0.046359123432169,12,C2/m,False,MACEMP_0026,30,1.102082904801116,0.3129143938422203,42baae6eca21ea9f24ae61644d76fe3845015097d9f66a455a658ceb1ec5e335
job_124_Ni_fe_-0.888_n4_generated_crystals_cif__gen_0,prospective,CHGNet,0.4.2,131bf40fe7fb7e0a4685589e31019fed2e757e8f4bff5e335330b9854cf9e926,cuda,DONE,,,True,12,-5.896751403808594,-5.901735578264509,0.04936091750451983,1.1889525783922326,69.6537223104887,67.38558514841486,-0.03256304310577096,1.8766796399176275,0.030055919055667284,12,C2/m,False,CHGNET_0026,30,1.1055224524271674,0.4502622876316309,04fdc0bbcf64ab76d007711f804b391720239ec497fe463a7766f566bb53024c
job_124_Ni_fe_-0.888_n4_generated_crystals_cif__gen_0,prospective,MACE-MP,0.3.16,01bfe22100139f424713cf921144e5509cbe353d67aa9fa1be9c6e1e0ed35845,cuda,DONE,,,True,10,-4.789591987883004,-4.796213125837341,0.09808982790443531,1.5989851620860336,69.6537223104887,67.43350996834468,-0.03187499918880421,1.8699019336244056,0.031836332984498915,12,C2/m,False,MACEMP_0026,30,1.1055224524271674,0.5714196916669607,df73109652ac4d98144cdbe117aef7ab53ebf51bd41d510afb91c244affecfce
job_124_Ni_fe_-0.888_n4_generated_crystals_cif__gen_1,prospective,CHGNet,0.4.2,131bf40fe7fb7e0a4685589e31019fed2e757e8f4bff5e335330b9854cf9e926,cuda,DONE,,,True,12,-5.886975969587054,-5.894281114850726,0.05684985224224821,1.2244379832222443,70.34704739158698,67.43468030739355,-0.04139999036465225,1.8773270256787524,0.038999542527953464,12,C2/m,False,CHGNET_0005,14,1.1057481599814523,1.1474478729069233,148379476ba879b8a0f5f60bb20775ba819a506c83403e7773f8dd227fb53464
job_124_Ni_fe_-0.888_n4_generated_crystals_cif__gen_1,prospective,MACE-MP,0.3.16,01bfe22100139f424713cf921144e5509cbe353d67aa9fa1be9c6e1e0ed35845,cuda,DONE,,,True,21,-4.777788088102091,-4.788532954869273,0.02513278625336101,1.415989316947205,70.34704739158698,67.9215349755522,-0.03447923553256127,1.8850203301822297,0.03954018071978603,12,C2/m,False,MACEMP_0005,14,1.1057481599814523,1.224889062345028,5f09f065cd97b6d98189eda07629f26e3910608d723c2cbc01b76761975ae30e
job_124_Ni_fe_-0.888_n4_generated_crystals_cif__gen_3,prospective,CHGNet,0.4.2,131bf40fe7fb7e0a4685589e31019fed2e757e8f4bff5e335330b9854cf9e926,cuda,DONE,,,True,3,-5.911958966936384,-5.912718091692243,0.09782756346942581,0.7534222238411986,68.0408445616017,68.17838819192448,0.002021486229469849,1.8657060849107925,0.006974431312770695,2,P-1,False,CHGNET_0006,22,1.1169466850516825,0.26570018008351326,2495884c9963e13bf58d1130c510085d8d5b7400ed97625159f1ca61230d321c
job_124_Ni_fe_-0.888_n4_generated_crystals_cif__gen_3,prospective,MACE-MP,0.3.16,01bfe22100139f424713cf921144e5509cbe353d67aa9fa1be9c6e1e0ed35845,cuda,DONE,,,True,3,-4.795093807014323,-4.795771406640561,0.09557275043439316,0.7622025242845132,68.0408445616017,68.13744470481284,0.0014197375684199542,1.8597367287645137,0.006590020983184156,2,P-1,False,MACEMP_0006,22,1.1169466850516825,0.19125276058912277,9e90228b2be576ce7ea6d8b1a3f177d9a8de58814d011db73f0bb8ed552ae7cb
job_125_Mn_fe_-1.190_n4_generated_crystals_cif__gen_1,prospective,CHGNet,0.4.2,131bf40fe7fb7e0a4685589e31019fed2e757e8f4bff5e335330b9854cf9e926,cuda,DONE,,,True,9,-7.72142083304269,-7.723510197230747,0.07221242053211034,0.5346232151111278,74.5130594692721,75.8020753601496,0.017299194262840212,1.924738384648027,0.019047778941393225,10,P2/m,False,CHGNET_0013,35,0.8682020081102388,0.5227905530482531,c0ab6016fbecc5fb250df8a9b96e92534deacb8092976a5fa4861a547b0814a5
job_125_Mn_fe_-1.190_n4_generated_crystals_cif__gen_1,prospective,MACE-MP,0.3.16,01bfe22100139f424713cf921144e5509cbe353d67aa9fa1be9c6e1e0ed35845,cuda,DONE,,,True,9,-6.852516331183138,-6.8553081891205085,0.09860639733857506,0.4361959313908259,74.5130594692721,76.07039971073607,0.020900232154689613,1.9264542025049585,0.020368404865412953,10,P2/m,False,MACEMP_0013,35,0.8682020081102388,0.5215391013771296,b69ddf8fd3bedfd47fa16e1b489ff747b815c76df8b7474615030fddfd6ddf55
job_125_Mn_fe_-1.190_n4_generated_crystals_cif__gen_2,prospective,CHGNet,0.4.2,131bf40fe7fb7e0a4685589e31019fed2e757e8f4bff5e335330b9854cf9e926,cuda,DONE,,,True,3,-7.532802581787109,-7.533284868512835,0.0831962974049306,1.227384966151802,68.38422210398709,68.3707572262705,-0.00019690035657804472,1.8823172940854964,0.00455256285377132,65,Cmmm,False,CHGNET_0101,1,0.8885182693634999,0.2676704879850149,fe4a5e984deaf58fb9c059133f582769df3c71572a0b81d6a895efdd08282c11
job_125_Mn_fe_-1.190_n4_generated_crystals_cif__gen_2,prospective,MACE-MP,0.3.16,01bfe22100139f424713cf921144e5509cbe353d67aa9fa1be9c6e1e0ed35845,cuda,DONE,,,True,5,-6.643541240539354,-6.644766599149335,0.06571071942307348,1.3670016333187471,68.38422210398709,68.03923980696749,-0.005044764514466671,1.8802799714847158,0.0117550550988184,65,Cmmm,False,MACEMP_0100,1,0.8885182693634999,0.29535603895783424,d2ed96beb9ae8bd5dbf5097952c57ec1ba1cf001de2702bc6ee5a15921861749
job_125_Mn_fe_-1.190_n4_generated_crystals_cif__gen_3,prospective,CHGNet,0.4.2,131bf40fe7fb7e0a4685589e31019fed2e757e8f4bff5e335330b9854cf9e926,cuda,DONE,,,True,2,-7.723566327776227,-7.723701477050781,0.08018606428529416,0.16624915520182817,76.23416552236152,76.2220918866839,-0.0001583756521094104,1.9331370218656558,0.0021409606105083916,10,P2/m,False,CHGNET_0013,35,0.8682975023622959,0.1903733815997839,17b46a9e8f0a52c5abb3823552395d86028b37843b27de6ac94d9373f05985d3
job_125_Mn_fe_-1.190_n4_generated_crystals_cif__gen_3,prospective,MACE-MP,0.3.16,01bfe22100139f424713cf921144e5509cbe353d67aa9fa1be9c6e1e0ed35845,cuda,DONE,,,True,3,-6.854958878348002,-6.855403974688485,0.06274026875479377,0.8949988798457663,76.23416552236152,76.27138155020474,0.00048818043180776094,1.929656875418309,0.005750197301131319,10,P2/m,False,MACEMP_0013,35,0.8682975023622959,0.20140797272324562,02c42fb54ecb377b0e9ab0ba14c8f7e47a012e75e3cdca0b19aeee1171defbee
job_126_Cr_fe_-0.901_n4_generated_crystals_cif__gen_0,prospective,CHGNet,0.4.2,131bf40fe7fb7e0a4685589e31019fed2e757e8f4bff5e335330b9854cf9e926,cuda,DONE,,,True,3,-8.069964272635323,-8.071274893624443,0.09571121504640043,0.8466802074150941,74.82609055520166,74.67177615429159,-0.002062307408620012,1.9551026576851451,0.010071986793259503,12,C2/m,False,CHGNET_0027,14,0.9767117337038673,0.25267786532640457,f62209b9f5c8019489eeb2c3e2dbd59b64e107ef964a9dd3152c705c08c8e93b
job_126_Cr_fe_-0.901_n4_generated_crystals_cif__gen_0,prospective,MACE-MP,0.3.16,01bfe22100139f424713cf921144e5509cbe353d67aa9fa1be9c6e1e0ed35845,cuda,DONE,,,True,3,-7.092429931195349,-7.094563159920575,0.05796478329899445,1.0495261136550833,74.82609055520166,74.55356026683224,-0.0036421826444129612,1.9561872395068576,0.012630756668837414,12,C2/m,False,MACEMP_0027,14,0.9767117337038673,0.19198725000023842,44602f178c6047db4710c007ee4478c747feec14423da87d5b3e190fd0eea775
job_126_Cr_fe_-0.901_n4_generated_crystals_cif__gen_2,prospective,CHGNet,0.4.2,131bf40fe7fb7e0a4685589e31019fed2e757e8f4bff5e335330b9854cf9e926,cuda,DONE,,,True,4,-8.030179159981865,-8.03122329711914,0.05196497914471377,1.399937158286233,70.72920718763672,70.58601045993645,-0.0020245770226207105,1.9426921952674145,0.009700606134428833,44,Imm2,False,CHGNET_0022,15,0.953893932370188,0.33178715221583843,012ddae5078c7f95ea50b60c9e53c7863ece331ba7e829ff4023ac5a4f349234
job_126_Cr_fe_-0.901_n4_generated_crystals_cif__gen_2,prospective,MACE-MP,0.3.16,01bfe22100139f424713cf921144e5509cbe353d67aa9fa1be9c6e1e0ed35845,cuda,DONE,,,True,5,-7.075278193533306,-7.077329364748953,0.08957484288181519,1.5408778543797617,70.72920718763672,70.26966438998548,-0.006497214035386056,1.9455473422233527,0.016440019625555666,44,Imm2,False,MACEMP_0022,15,0.953893932370188,0.30028270557522774,2919a095d7d71278adfb699c2c8f18d7998ecbfb6a1c21df5cd58e881271819d
job_126_Cr_fe_-0.901_n4_generated_crystals_cif__gen_3,prospective,CHGNet,0.4.2,131bf40fe7fb7e0a4685589e31019fed2e757e8f4bff5e335330b9854cf9e926,cuda,DONE,,,True,14,-8.016700744628906,-8.019537789481026,0.09497817667705419,1.3261296350832312,79.41652409207369,79.10440299561611,-0.003930178259825445,1.8017073055109416,0.018049492456802464,8,Cm,False,CHGNET_0064,6,0.9720630436287472,0.8105749525129795,483483e9fe557fa4d03dc402f996c3719482a94a9ddd361d22dfb9c072f05a15
job_126_Cr_fe_-0.901_n4_generated_crystals_cif__gen_3,prospective,MACE-MP,0.3.16,01bfe22100139f424713cf921144e5509cbe353d67aa9fa1be9c6e1e0ed35845,cuda,DONE,,,True,16,-7.042767025481526,-7.047474745852279,0.08023945176998477,1.1434211068305902,79.41652409207369,78.99554445789215,-0.005300907323688264,1.8120755671449997,0.021390755730646287,8,Cm,False,MACEMP_0063,6,0.9720630436287472,0.6671614684164524,a9fbd7ce4107968d4015034ce38f71a1843d343cd64f9b810529dc206d898cf2
job_127_Mn_fe_-1.465_n4_generated_crystals_cif__gen_0,prospective,CHGNet,0.4.2,131bf40fe7fb7e0a4685589e31019fed2e757e8f4bff5e335330b9854cf9e926,cuda,DONE,,,True,11,-7.677428109305246,-7.683938162667411,0.09837829995377809,0.8275793562089574,74.83962928131385,75.77191120487853,0.012457062287953624,1.9289820831081241,0.043406554733590154,12,C2/m,False,CHGNET_0028,9,0.8663395664908107,0.43378213606774807,beefa7d7acf18bbe0fe5c2ec809f96a20d2d7639393db53157039f530bc52f36
job_127_Mn_fe_-1.465_n4_generated_crystals_cif__gen_0,prospective,MACE-MP,0.3.16,01bfe22100139f424713cf921144e5509cbe353d67aa9fa1be9c6e1e0ed35845,cuda,DONE,,,True,8,-6.814401339697909,-6.8175985961766,0.09265453085274131,1.0617039868979075,74.83962928131385,75.58817612243757,0.010002011612190387,1.9279027529916688,0.03174683553170658,12,C2/m,False,MACEMP_0028,9,0.8663395664908107,0.23172262869775295,451509126078351a8e2e24f3c62d9c1ee589a818d281177fa609886a7c3dd245
job_127_Mn_fe_-1.465_n4_generated_crystals_cif__gen_1,prospective,CHGNet,0.4.2,131bf40fe7fb7e0a4685589e31019fed2e757e8f4bff5e335330b9854cf9e926,cuda,DONE,,,True,16,-7.664126804896763,-7.67180415562221,0.061287485295974733,1.1027398238062118,77.7108111898516,78.71447331785714,0.012915347461160076,1.9069107759507544,0.032108176061527965,8,Cm,False,CHGNET_0074,2,0.8786640179319205,1.3263676296919584,a5b88b93eff985ba336762d88b6b91a3364bf91dd6bc7597ce2a5a360206a2cd
job_127_Mn_fe_-1.465_n4_generated_crystals_cif__gen_1,prospective,MACE-MP,0.3.16,01bfe22100139f424713cf921144e5509cbe353d67aa9fa1be9c6e1e0ed35845,cuda,DONE,,,True,11,-6.7864831546658975,-6.79314013769029,0.09235875779758725,1.247130019907217,77.7108111898516,78.28472444382767,0.00738524338105262,1.8987328340289755,0.02678160803655725,8,Cm,False,MACEMP_0073,2,0.8786640179319205,0.6362139210104942,6ec44aa12dfe28b51d518aaa0067dfbb983eb28aef10ff12bc0371702579bc2c
job_127_Mn_fe_-1.465_n4_generated_crystals_cif__gen_2,prospective,CHGNet,0.4.2,131bf40fe7fb7e0a4685589e31019fed2e757e8f4bff5e335330b9854cf9e926,cuda,DONE,,,True,2,-7.72343499319894,-7.723597935267857,0.06833729360314379,1.1755780507504587,75.45325818853618,75.51212557608181,0.0007801835064371598,1.9292925255693567,0.0020632288445660454,10,P2/m,False,CHGNET_0013,35,0.8683617307364537,0.183793181553483,f7c6d600812584b29fd8076cc438241856ccce23f8ec8469dc310b1b5aab8186
job_127_Mn_fe_-1.465_n4_generated_crystals_cif__gen_2,prospective,MACE-MP,0.3.16,01bfe22100139f424713cf921144e5509cbe353d67aa9fa1be9c6e1e0ed35845,cuda,DONE,,,True,5,-6.854527957229186,-6.855236204531403,0.05789908685678642,1.1924441743576517,75.45325818853618,75.87345000124608,0.0055689021627132185,1.9280479534239332,0.007457997904507522,10,P2/m,False,MACEMP_0013,35,0.8683617307364537,0.29112114757299423,d4c4c3c5222695f8100c71c94c4448b0b29f69df88d4c8a050ea9b3a8c2225ed
job_127_Mn_fe_-1.465_n4_generated_crystals_cif__gen_3,prospective,CHGNet,0.4.2,131bf40fe7fb7e0a4685589e31019fed2e757e8f4bff5e335330b9854cf9e926,cuda,DONE,,,True,16,-7.677460261753628,-7.696291242327009,0.07947765926298966,1.1930802196726826,73.57179419036848,75.31696413555665,0.02372063865497842,1.9222006549388417,0.08958248354417699,8,Cm,False,CHGNET_0028,9,0.8684170561485418,1.2739006150513887,b217868774806daa30f52a80933f9ec120d8a7a85aa83f678fe4f730dbb3e251
job_127_Mn_fe_-1.465_n4_generated_crystals_cif__gen_3,prospective,MACE-MP,0.3.16,01bfe22100139f424713cf921144e5509cbe353d67aa9fa1be9c6e1e0ed35845,cuda,DONE,,,True,17,-6.813093910541618,-6.827874186178467,0.09117026992084175,1.2735294150124843,73.57179419036848,75.62268055142576,0.027875986764038574,1.9189200079176585,0.0980827038358851,8,Cm,False,MACEMP_0028,9,0.8684170561485418,1.0215970296412706,593c25e1b618352a35b805b83494ed1960b932c9abf32ca6e136e83e5f5bab84
job_128_Mg_fe_-0.915_n4_generated_crystals_cif__gen_2,prospective,CHGNet,0.4.2,131bf40fe7fb7e0a4685589e31019fed2e757e8f4bff5e335330b9854cf9e926,cuda,DONE,,,True,14,-5.454097747802734,-5.461244855608259,0.055095683907692324,1.2372818301152095,77.01451505326001,77.77496401412958,0.00987409919212845,2.0283646415733885,0.05038113771293098,119,I-4m2,False,CHGNET_0020,15,0.39578857155647906,1.1885492075234652,9b5770886edd829c1a8ac78530f0e2a2a2758b6a0f7e63a92bcfc6d96573b566
job_128_Mg_fe_-0.915_n4_generated_crystals_cif__gen_2,prospective,MACE-MP,0.3.16,01bfe22100139f424713cf921144e5509cbe353d67aa9fa1be9c6e1e0ed35845,cuda,DONE,,,True,6,-5.064074311173761,-5.06545628405178,0.033096544938121496,1.4436750838865984,77.01451505326001,76.62470502253171,-0.005061513799817119,2.029355732342607,0.008530852650077395,119,I-4m2,False,MACEMP_0020,15,0.39578857155647906,0.3157933633774519,ff4697186aafd4e20c7f9739cca56e5a81119dd1b65dfba953d6a06da914d040
job_129_Mn_fe_-0.852_n4_generated_crystals_cif__gen_0,prospective,CHGNet,0.4.2,131bf40fe7fb7e0a4685589e31019fed2e757e8f4bff5e335330b9854cf9e926,cuda,DONE,,,True,4,-7.682079315185547,-7.683629717145648,0.08626670042856636,0.542517660129273,76.52292016575988,76.52743439444671,5.8991850768963516e-05,1.9276177170109297,0.015037403339037423,12,C2/m,False,CHGNET_0067,2,0.8663184791149083,0.32882109470665455,24d8ddde3649401146734ae4be51c165b8b56939ed2d78817f9b782fcdae1b22
job_129_Mn_fe_-0.852_n4_generated_crystals_cif__gen_0,prospective,MACE-MP,0.3.16,01bfe22100139f424713cf921144e5509cbe353d67aa9fa1be9c6e1e0ed35845,cuda,DONE,,,True,9,-6.815817702001334,-6.817311238030739,0.09690120192591131,0.5050969946492901,76.52292016575988,76.04825785490031,-0.00620287764543459,1.9164835944759104,0.018304798081215063,12,C2/m,False,MACEMP_0066,2,0.8663184791149083,0.4975174441933632,8efd209a0838fd85669060b64a445247c988d86d88546bb0ea9ece0534d411bd
job_129_Mn_fe_-0.852_n4_generated_crystals_cif__gen_1,prospective,CHGNet,0.4.2,131bf40fe7fb7e0a4685589e31019fed2e757e8f4bff5e335330b9854cf9e926,cuda,DONE,,,True,15,-7.676352909633091,-7.684225354875837,0.030088194334110686,1.443095760593185,74.184234384222,76.07500667772783,0.025487521832644022,1.9311301400317489,0.038008166018299136,12,C2/m,False,CHGNET_0028,9,0.8668324539184153,1.0412024464458227,1bfcb014f840bec79d3a6c60382d608c5a5c30f0f52393de689735147f15973f
job_129_Mn_fe_-0.852_n4_generated_crystals_cif__gen_1,prospective,MACE-MP,0.3.16,01bfe22100139f424713cf921144e5509cbe353d67aa9fa1be9c6e1e0ed35845,cuda,DONE,,,True,9,-6.8119314009108,-6.8173929009574215,0.08516183696692997,1.456546896112722,74.184234384222,75.80628990020709,0.021865232275418478,1.929016592454739,0.027630223988587346,12,C2/m,False,MACEMP_0028,9,0.8668324539184153,0.4556733127683401,6207a407d356c2c664921954ef51c755364d4d89d98e2eb50681cc6c3b8958e0
job_129_Mn_fe_-0.852_n4_generated_crystals_cif__gen_3,prospective,CHGNet,0.4.2,131bf40fe7fb7e0a4685589e31019fed2e757e8f4bff5e335330b9854cf9e926,cuda,DONE,,,True,7,-7.649791717529297,-7.653901781354632,0.0725599611108532,1.056258367683649,65.97273286625834,67.56151618517522,0.024082423902882732,1.8917283368464346,0.014119074691850402,10,P2/m,False,CHGNET_0044,2,0.8687674533174867,0.5868869200348854,002851b4d456566596022987cdc62f1025d4ee54aa1d1b42d0713c78fb595f82
job_129_Mn_fe_-0.852_n4_generated_crystals_cif__gen_3,prospective,MACE-MP,0.3.16,01bfe22100139f424713cf921144e5509cbe353d67aa9fa1be9c6e1e0ed35845,cuda,DONE,,,True,7,-6.781330794423947,-6.785134328037145,0.05565777779846022,1.3186091798357005,65.97273286625834,67.42341219513371,0.02198907436222508,1.901586727119371,0.02031539613906517,10,P2/m,False,MACEMP_0029,3,0.8687674533174867,0.3908430151641369,fac6fd76d2f3ecc7f5d0cff18ec97a915b4dbcfcee8a24ff3ff4e7b36d8ea60f
job_130_Cr_fe_-1.335_n4_generated_crystals_cif__gen_0,prospective,CHGNet,0.4.2,131bf40fe7fb7e0a4685589e31019fed2e757e8f4bff5e335330b9854cf9e926,cuda,DONE,,,True,9,-8.068944113595146,-8.070798601422991,0.08574008391870454,1.1710547676858205,74.81901731349497,74.85979729428354,0.0005450483346727264,1.9421092465835,0.019264348611203908,12,C2/m,False,CHGNET_0027,14,0.975886286711332,0.75867466814816,f9438a829c751781cb3f97f75484feee3630a897dbdf0fe8f70e3d52d228ffa8
job_130_Cr_fe_-1.335_n4_generated_crystals_cif__gen_0,prospective,MACE-MP,0.3.16,01bfe22100139f424713cf921144e5509cbe353d67aa9fa1be9c6e1e0ed35845,cuda,DONE,,,True,3,-7.092901746844248,-7.094912314711659,0.08778816173765347,0.5452162035226791,74.81901731349497,74.69079526975909,-0.0017137627349289586,1.9508769074934775,0.01315030113891592,12,C2/m,False,MACEMP_0027,14,0.975886286711332,0.1898529715836048,a6f834087f95825570e46f6b8ef768817ab14fafd64698acd88ca275c50d8830
job_130_Cr_fe_-1.335_n4_generated_crystals_cif__gen_1,prospective,CHGNet,0.4.2,131bf40fe7fb7e0a4685589e31019fed2e757e8f4bff5e335330b9854cf9e926,cuda,DONE,,,True,3,-8.08316149030413,-8.083570207868304,0.059684912600346134,1.1110318130911965,73.0868333482623,73.11757089486099,0.0004205620245198993,1.9647632605615823,0.005716114842180083,12,C2/m,False,CHGNET_0024,12,0.9724965679530309,0.2547931410372257,f016e50a686406c77dcf87fdd5e034e57ae05801cd5d713ac2b7f070b5acb8f4
job_130_Cr_fe_-1.335_n4_generated_crystals_cif__gen_1,prospective,MACE-MP,0.3.16,01bfe22100139f424713cf921144e5509cbe353d67aa9fa1be9c6e1e0ed35845,cuda,DONE,,,True,2,-7.110849929998138,-7.111073639915273,0.07763962288733368,0.6991457806689639,73.0868333482623,73.06298338151275,-0.00032632371190455256,1.9666968974520167,0.0027037129544662383,12,C2/m,False,MACEMP_0024,12,0.9724965679530309,0.14822845719754696,b1f8a1b243aa9cf7119d4bc23b41bb24c43901ecd775882fc29b04d890902f56
job_130_Cr_fe_-1.335_n4_generated_crystals_cif__gen_2,prospective,CHGNet,0.4.2,131bf40fe7fb7e0a4685589e31019fed2e757e8f4bff5e335330b9854cf9e926,cuda,DONE,,,True,3,-8.080886840820312,-8.081580025809151,0.09419045413838724,0.7543588421626586,73.4452287839655,73.60419250774808,0.002164384622589388,1.9452553376052515,0.0065599388903952085,10,P2/m,False,CHGNET_0023,20,0.978450503706763,0.2572069428861141,e872c603893752f0d21a244aacb60413d88522d3f975bffbeb7c8155684213d7
job_130_Cr_fe_-1.335_n4_generated_crystals_cif__gen_2,prospective,MACE-MP,0.3.16,01bfe22100139f424713cf921144e5509cbe353d67aa9fa1be9c6e1e0ed35845,cuda,DONE,,,True,8,-7.101451762155266,-7.103129522102388,0.08183415176188592,0.6689020252572485,73.4452287839655,73.9513149728439,0.006890661207782811,1.9206486557014089,0.024635219647655245,10,P2/m,False,MACEMP_0023,20,0.978450503706763,0.4661479853093624,44374d5fbcdd689a3feb65ddbf6659c9b457b191bc04884d1ce0b19faf5260ad
job_130_Cr_fe_-1.335_n4_generated_crystals_cif__gen_3,prospective,CHGNet,0.4.2,131bf40fe7fb7e0a4685589e31019fed2e757e8f4bff5e335330b9854cf9e926,cuda,DONE,,,True,0,-8.032117571149554,-8.032117571149554,0.0821482735189137,1.1772589501277482,70.56898988568024,70.56898988568024,0.0,1.956489659305402,0.0,44,Imm2,False,CHGNET_0022,15,0.9536278057353895,0.05867791175842285,98fe4ecdd50e55eb8e3b4f5b1e26a91eb1f7a372143eb0fb8d954ee04ab6d6e5
job_130_Cr_fe_-1.335_n4_generated_crystals_cif__gen_3,prospective,MACE-MP,0.3.16,01bfe22100139f424713cf921144e5509cbe353d67aa9fa1be9c6e1e0ed35845,cuda,DONE,,,True,4,-7.077055460118344,-7.078489765414164,0.09774118643894543,1.2997911855143127,70.56898988568024,70.28685983635532,-0.003997932374857016,1.9611974223162432,0.0121914148837952,44,Imm2,False,MACEMP_0022,15,0.9536278057353895,0.45093422196805477,590d753449bfc412ff6d7a3c17cc35f38a9e9f902a16c0553a75e9f9c7cfcabe
job_131_Al_fe_-1.160_n4_generated_crystals_cif__gen_2,prospective,CHGNet,0.4.2,131bf40fe7fb7e0a4685589e31019fed2e757e8f4bff5e335330b9854cf9e926,cuda,DONE,,,True,24,-6.858219146728516,-6.865390777587891,0.06393074618605772,0.5454794152770598,77.25452901329469,79.54665732897516,0.029669824474446216,1.7108358038726224,0.04224128799634735,156,P3m1,False,CHGNET_0102,1,0.3748284471489507,1.6382351033389568,cf3252975a2b565a1e1f3299dcd138e4a1d157f72d074d74a045624234c638a3
job_131_Al_fe_-1.160_n4_generated_crystals_cif__gen_2,prospective,MACE-MP,0.3.16,01bfe22100139f424713cf921144e5509cbe353d67aa9fa1be9c6e1e0ed35845,cuda,DONE,,,True,24,-6.474555827701818,-6.49056233043894,0.059425717639231636,1.2995643329013116,77.25452901329469,79.08132267786712,0.023646428085246196,1.7616614998224447,0.0971334046830942,156,P3m1,False,MACEMP_0101,1,0.3748284471489507,1.4363444838672876,f475cd6a1cf7da6fe7f9aa934ae6be815ef7411abccf6c185327c035e123e438
job_132_Ni_fe_-0.895_n4_generated_crystals_cif__gen_0,prospective,CHGNet,0.4.2,131bf40fe7fb7e0a4685589e31019fed2e757e8f4bff5e335330b9854cf9e926,cuda,DONE,,,True,0,-5.913018907819476,-5.913018907819476,0.07630473508372454,1.0903982323330388,69.5847090858103,69.5847090858103,0.0,1.877202647128246,0.0,10,P2/m,False,CHGNET_0006,22,1.1148287043245784,0.05839904583990574,e807aaab0e0c73ce91ef087a51cd2c3afc2a5aac5ff9beb22c36b87a973faa75
job_132_Ni_fe_-0.895_n4_generated_crystals_cif__gen_0,prospective,MACE-MP,0.3.16,01bfe22100139f424713cf921144e5509cbe353d67aa9fa1be9c6e1e0ed35845,cuda,DONE,,,True,3,-4.7977554242878995,-4.798190203494897,0.08327393512777184,1.2541486033014615,69.5847090858103,69.43462615178828,-0.002156837845466053,1.872362680190475,0.00434127213054492,10,P2/m,False,MACEMP_0006,22,1.1148287043245784,0.18226769752800465,6dcd73e21f71790af6b4ad74c06a4fa67cddc2a454aa8b109d00cc059ac037f4
job_132_Ni_fe_-0.895_n4_generated_crystals_cif__gen_1,prospective,CHGNet,0.4.2,131bf40fe7fb7e0a4685589e31019fed2e757e8f4bff5e335330b9854cf9e926,cuda,DONE,,,True,12,-5.845946175711496,-5.851366860525949,0.09413859099071842,1.000499510870188,72.0303668465396,70.25900002791421,-0.024591944983416103,1.8555650194438205,0.0636096761961629,8,Cm,False,CHGNET_0048,2,1.1310188801888037,0.9853464122861624,46ed9843e3de59f0e8d568210383d1a06f493c1458b541e13a449cea08c18a61
job_132_Ni_fe_-0.895_n4_generated_crystals_cif__gen_1,prospective,MACE-MP,0.3.16,01bfe22100139f424713cf921144e5509cbe353d67aa9fa1be9c6e1e0ed35845,cuda,DONE,,,True,13,-4.7160250551541205,-4.720347980337145,0.09808820119513333,0.5655385611838435,72.0303668465396,70.08254613195948,-0.027041660342087992,1.8265262230229031,0.04067570788962552,8,Cm,False,MACEMP_0047,2,1.1310188801888037,0.6154184229671955,dc1a23c6d2a85294f2bac502a9503e35fa830527d4fd1bcf885ae87fe6f0122b
job_133_Mn_fe_-1.385_n4_generated_crystals_cif__gen_0,prospective,CHGNet,0.4.2,131bf40fe7fb7e0a4685589e31019fed2e757e8f4bff5e335330b9854cf9e926,cuda,DONE,,,True,3,-7.711776188441685,-7.713800157819476,0.08489421161280593,1.2195759836386137,79.365261936038,79.64580695153917,0.0035348590637458432,1.878190331766266,0.012320273907973581,1,P1,False,CHGNET_0034,9,0.8700780016412528,0.22061157040297985,dc81b07348fd04373fe5eaed4a40c02c1f0d19b5c4df77059a40a0ffef0d6e80
job_133_Mn_fe_-1.385_n4_generated_crystals_cif__gen_0,prospective,MACE-MP,0.3.16,01bfe22100139f424713cf921144e5509cbe353d67aa9fa1be9c6e1e0ed35845,cuda,DONE,,,True,8,-6.841408310739939,-6.843722156178223,0.0978043753072888,0.8796083865965678,79.365261936038,79.88202033936683,0.006511140903753265,1.8881421166621457,0.015193026483632827,1,P1,False,MACEMP_0034,9,0.8700780016412528,0.4005885310471058,1b2d927b38428860370cc8ce7094faba3a257c4c54c8338855b0ca77af535f13
job_133_Mn_fe_-1.385_n4_generated_crystals_cif__gen_2,prospective,CHGNet,0.4.2,131bf40fe7fb7e0a4685589e31019fed2e757e8f4bff5e335330b9854cf9e926,cuda,DONE,,,True,17,-7.609705243791852,-7.617518288748605,0.03209346910223947,1.3330228892805362,76.03656334666088,76.12774948797681,0.0011992406981915504,1.7728928594468056,0.03690417035179077,8,Cm,False,CHGNET_0103,1,0.8942584521482715,1.3852771166712046,d4557ec6a5da1132389fef1cf49f26790895029d189b048f96f878b6a871b3bb
job_133_Mn_fe_-1.385_n4_generated_crystals_cif__gen_2,prospective,MACE-MP,0.3.16,01bfe22100139f424713cf921144e5509cbe353d67aa9fa1be9c6e1e0ed35845,cuda,DONE,,,True,10,-6.719966053852121,-6.7232598366003335,0.08106427158727043,1.1493225656990973,76.03656334666088,76.27492372117051,0.0031348125693544393,1.7967423887684881,0.026065267815096545,8,Cm,False,MACEMP_0102,1,0.8942584521482715,0.5734540093690157,28c589a96811ecebb2319bc48c842082b79368a4fb08c858e1344d8a6a7dd54a
job_133_Mn_fe_-1.385_n4_generated_crystals_cif__gen_3,prospective,CHGNet,0.4.2,131bf40fe7fb7e0a4685589e31019fed2e757e8f4bff5e335330b9854cf9e926,cuda,DONE,,,True,27,-7.640963963099888,-7.658876146589007,0.0879620515808774,0.8022851405994952,81.19686159597032,79.24487083646423,-0.024040224229589735,1.888455006139637,0.09678421706873767,8,Cm,False,CHGNET_0069,5,0.8607876314082619,2.2266167122870684,5fbe40b942bbaa52c8d251d27aa343892519989285c24f79e1ecd05db846bcdc
job_133_Mn_fe_-1.385_n4_generated_crystals_cif__gen_3,prospective,MACE-MP,0.3.16,01bfe22100139f424713cf921144e5509cbe353d67aa9fa1be9c6e1e0ed35845,cuda,DONE,,,True,17,-6.781884699394228,-6.798088515180745,0.08252491254902491,1.2900453604979938,81.19686159597032,78.62181057147129,-0.03171367678362125,1.873036767990161,0.09094898852040743,8,Cm,False,MACEMP_0068,6,0.8607876314082619,0.7992218863219023,8b58af81be3f6bc29ec59ca1ed028efb59393d1bd17e4fac6566478afd2d2fdb
job_134_Mn_fe_-0.810_n4_generated_crystals_cif__gen_0,prospective,CHGNet,0.4.2,131bf40fe7fb7e0a4685589e31019fed2e757e8f4bff5e335330b9854cf9e926,cuda,DONE,,,True,0,-7.67902592250279,-7.67902592250279,0.06179046647955667,0.10290437264008127,71.59675883855768,71.59675883855768,0.0,1.9238028836544818,0.0,119,I-4m2,False,CHGNET_0070,8,0.86701491985374,0.05680546350777149,2a5f4a534cbf521c62e179ce1c4b37581147ffe4d072bdc670ab4a8c07ee2aa2
job_134_Mn_fe_-0.810_n4_generated_crystals_cif__gen_0,prospective,MACE-MP,0.3.16,01bfe22100139f424713cf921144e5509cbe353d67aa9fa1be9c6e1e0ed35845,cuda,DONE,,,True,0,-6.81201100264905,-6.81201100264905,0.027449250849124637,0.8222253881412857,71.59675883855768,71.59675883855768,0.0,1.9238028836544818,0.0,119,I-4m2,False,MACEMP_0069,8,0.86701491985374,0.04885871149599552,2a5f4a534cbf521c62e179ce1c4b37581147ffe4d072bdc670ab4a8c07ee2aa2
job_134_Mn_fe_-0.810_n4_generated_crystals_cif__gen_1,prospective,CHGNet,0.4.2,131bf40fe7fb7e0a4685589e31019fed2e757e8f4bff5e335330b9854cf9e926,cuda,DONE,,,True,3,-7.7178159441266745,-7.718198503766741,0.06518061257195884,0.6089466841482903,77.76463714949763,77.8263074260287,0.0007930375398335077,1.9202532149631715,0.0048940587987077525,8,Cm,False,CHGNET_0104,3,0.8661497228221924,0.2581519912928343,203cfd04060030ef012768902cf34603a7aee72878bc140d470905d82f2f1baf
job_134_Mn_fe_-0.810_n4_generated_crystals_cif__gen_1,prospective,MACE-MP,0.3.16,01bfe22100139f424713cf921144e5509cbe353d67aa9fa1be9c6e1e0ed35845,cuda,DONE,,,True,2,-6.851855031909251,-6.852048780944549,0.0977857358358823,0.9921729153901022,77.76463714949763,77.80729250405966,0.0005485186599665237,1.9192409149475673,0.002184048576797234,8,Cm,False,MACEMP_0103,3,0.8661497228221924,0.13794476352632046,be374745eb3e369cf62b127dd72f586baafb8990ef6fcc51f686101b57aa4661
job_134_Mn_fe_-0.810_n4_generated_crystals_cif__gen_2,prospective,CHGNet,0.4.2,131bf40fe7fb7e0a4685589e31019fed2e757e8f4bff5e335330b9854cf9e926,cuda,DONE,,,True,12,-7.708695002964565,-7.7127211434500555,0.08806886838602637,0.38664938285934625,75.22442526071673,76.14258354733646,0.012205587260222028,1.9048639750892435,0.03889655125465717,1,P1,False,CHGNET_0012,15,0.8662701877072818,0.9928630273789167,ed68c3c8df87691129664b99627a4cf9ad4db4c6aebdeaa7bf628a2b2b4004d8
job_134_Mn_fe_-0.810_n4_generated_crystals_cif__gen_2,prospective,MACE-MP,0.3.16,01bfe22100139f424713cf921144e5509cbe353d67aa9fa1be9c6e1e0ed35845,cuda,DONE,,,True,10,-6.8432590681999415,-6.846450955742774,0.08678095835485104,0.9497703485226571,75.22442526071673,75.72642650466986,0.006673380916015992,1.913840860575864,0.017849812684664738,1,P1,False,MACEMP_0012,15,0.8662701877072818,0.5905838496983051,0921fb3bf98d3d7d8dffea0f2a3610efb4a89af4dc3c302573832b1b78d215dc
job_134_Mn_fe_-0.810_n4_generated_crystals_cif__gen_3,prospective,CHGNet,0.4.2,131bf40fe7fb7e0a4685589e31019fed2e757e8f4bff5e335330b9854cf9e926,cuda,DONE,,,True,4,-7.720183781215122,-7.721372876848493,0.08379227025190374,1.050648729721864,73.703664342657,74.12903516937119,0.005771366057684579,1.923876792472271,0.009300561781918956,2,P-1,False,CHGNET_0013,35,0.8683605103864984,0.33505156077444553,ab9fc4af1d43cc86cf25c983d42384ca5514c9e454b288748f5435a1891d9264
job_134_Mn_fe_-0.810_n4_generated_crystals_cif__gen_3,prospective,MACE-MP,0.3.16,01bfe22100139f424713cf921144e5509cbe353d67aa9fa1be9c6e1e0ed35845,cuda,DONE,,,True,7,-6.850606699669032,-6.853012366461995,0.09754401600979042,0.8194396165534402,73.703664342657,74.87554532377752,0.015899901199922573,1.9219177336171367,0.013711121516358022,2,P-1,False,MACEMP_0013,35,0.8683605103864984,0.407070254907012,24d12989f1bbc13d491ed59bbd6d367062e37c4d05bd502d68e015049576ed0e
job_135_Co_fe_-0.851_n4_generated_crystals_cif__gen_1,prospective,CHGNet,0.4.2,131bf40fe7fb7e0a4685589e31019fed2e757e8f4bff5e335330b9854cf9e926,cuda,DONE,,,True,4,-6.534809112548828,-6.5369077410016745,0.06918023448894504,1.1342868657277303,68.72811625800456,68.2720646535212,-0.0066355900512586885,1.8858242370319898,0.015813819715757314,12,C2/m,False,CHGNET_0036,18,0.8441654256928359,0.33897145465016365,fe491d0d2beb66b8d425e5700d8ab65bf4b67a6ddac5fd0c7566e696c6a01bce
job_135_Co_fe_-0.851_n4_generated_crystals_cif__gen_1,prospective,MACE-MP,0.3.16,01bfe22100139f424713cf921144e5509cbe353d67aa9fa1be9c6e1e0ed35845,cuda,DONE,,,True,9,-5.689519145069133,-5.692742315308839,0.10012244588318628,1.0293586391238396,68.72811625800456,68.0193229616966,-0.01031300339510477,1.8901564333299534,0.021297231370818008,12,C2/m,False,MACEMP_0036,18,0.8441654256928359,0.4423027094453573,7511dc8e936ca2ab777e7c788d7efe6a1d4655bd8616bc20baf39e88a8f95b81
job_135_Co_fe_-0.851_n4_generated_crystals_cif__gen_2,prospective,CHGNet,0.4.2,131bf40fe7fb7e0a4685589e31019fed2e757e8f4bff5e335330b9854cf9e926,cuda,DONE,,,True,10,-6.536168234688895,-6.540851593017578,0.0894058333738806,1.0839951471951565,69.34164741957902,68.35270131188484,-0.014261935568247508,1.8872609982328734,0.02353529398772053,12,C2/m,False,CHGNET_0031,25,0.8431161509772851,0.7364814411848783,7037d4fc4420629786921d084fc0ce3bde9a66c248d917006cdd3edea16d2e4c
job_135_Co_fe_-0.851_n4_generated_crystals_cif__gen_2,prospective,MACE-MP,0.3.16,01bfe22100139f424713cf921144e5509cbe353d67aa9fa1be9c6e1e0ed35845,cuda,DONE,,,True,12,-5.693089938888501,-5.697735442040293,0.08540134446942736,1.482477957883648,69.34164741957902,68.01992759038075,-0.019060981075351258,1.8946395712968944,0.017146695243895962,12,C2/m,False,MACEMP_0031,25,0.8431161509772851,0.6881873589009047,8636a377b19e462682a7beb81fce31011a7c6e08d322e3b398fd23d631efde59
job_135_Co_fe_-0.851_n4_generated_crystals_cif__gen_3,prospective,CHGNet,0.4.2,131bf40fe7fb7e0a4685589e31019fed2e757e8f4bff5e335330b9854cf9e926,cuda,DONE,,,True,3,-6.528617313929966,-6.529043470110212,0.09840514950493495,0.799404259616155,69.51833488356716,69.48402354022616,-0.0004935581871814421,1.876252818743299,0.005082697028304536,10,P2/m,False,CHGNET_0038,18,0.8427688797483635,0.2595651373267174,1697e50b290f87f5bf182b2c608a5015ed23d1cf28b8674e74f1077d08d4dc05
job_135_Co_fe_-0.851_n4_generated_crystals_cif__gen_3,prospective,MACE-MP,0.3.16,01bfe22100139f424713cf921144e5509cbe353d67aa9fa1be9c6e1e0ed35845,cuda,DONE,,,True,5,-5.6852693067026765,-5.686274590361848,0.07853537462211284,1.0503001897188808,69.51833488356716,69.42160631164596,-0.0013914109433605937,1.87825675990581,0.011706104732077451,10,P2/m,False,MACEMP_0038,18,0.8427688797483635,0.2825468238443136,b86096df32bd2a27562cd4d6d45f0d28e5f4b55004135f795436546c0c2a85d6
job_136_Cr_fe_-1.181_n4_generated_crystals_cif__gen_0,development_calibration,CHGNet,0.4.2,131bf40fe7fb7e0a4685589e31019fed2e757e8f4bff5e335330b9854cf9e926,cuda,DONE,,,True,3,-8.079261779785156,-8.081560952322823,0.09616034180135852,1.2906452747534984,73.10692272114827,73.45493122662299,0.004760267461976664,1.9433836057159153,0.012395985176990778,10,P2/m,False,CHGNET_0023,20,0.9790017683470662,0.2596160061657429,cfb096e700cda23d9a3242fb12c9fce5b71cea2b206e2df821d838631125ec9a
job_136_Cr_fe_-1.181_n4_generated_crystals_cif__gen_0,development_calibration,MACE-MP,0.3.16,01bfe22100139f424713cf921144e5509cbe353d67aa9fa1be9c6e1e0ed35845,cuda,DONE,,,True,9,-7.099572776402867,-7.102559183975757,0.09773295556209978,0.7528358424252847,73.10692272114827,73.6344782855239,0.007216218994579915,1.9420722915698334,0.017189205537953226,10,P2/m,False,MACEMP_0023,20,0.9790017683470662,0.4958603512495756,3a7923d40a06aff05f8d5f7f2f71fd447cb9be69ac2faf44b7afe93b12639ca7
job_136_Cr_fe_-1.181_n4_generated_crystals_cif__gen_1,prospective,CHGNet,0.4.2,131bf40fe7fb7e0a4685589e31019fed2e757e8f4bff5e335330b9854cf9e926,cuda,DONE,,,True,5,-8.081532614571708,-8.08355712890625,0.09846313247393898,1.1209456874877164,73.84948380390408,73.58462683513757,-0.0035864430612648768,1.9648538716304356,0.017874506605141494,12,C2/m,False,CHGNET_0024,12,0.9725162191633876,0.4132746122777462,e850e474bb4d38f5bbe59ce3e99e65f271474a57e00c206adbcfcd9eb7304cd3
job_136_Cr_fe_-1.181_n4_generated_crystals_cif__gen_1,prospective,MACE-MP,0.3.16,01bfe22100139f424713cf921144e5509cbe353d67aa9fa1be9c6e1e0ed35845,cuda,DONE,,,True,7,-7.109034961528297,-7.111040909742862,0.09064473772998173,1.4129221232985276,73.84948380390408,73.45951205007205,-0.005280629379448842,1.9645476109433435,0.015906234478365925,12,C2/m,False,MACEMP_0024,12,0.9725162191633876,0.4060810152441263,d086441c3454bd45fea2f17e63989a61427cc7eb975fbe23ee2de3332b79bed0
job_136_Cr_fe_-1.181_n4_generated_crystals_cif__gen_2,prospective,CHGNet,0.4.2,131bf40fe7fb7e0a4685589e31019fed2e757e8f4bff5e335330b9854cf9e926,cuda,DONE,,,True,5,-8.032575334821429,-8.033152444022042,0.06683165030532928,1.5150485497296344,69.7689788151176,69.97603191606811,0.002967695736226572,1.9510854615654079,0.006996021910265829,44,Imm2,False,CHGNET_0022,15,0.95461402890525,0.4063093848526478,de187f20d396fb89623a95fb1cf873f017e45f8c43d2b9e2eabfbf96e05edd3a
job_136_Cr_fe_-1.181_n4_generated_crystals_cif__gen_2,prospective,MACE-MP,0.3.16,01bfe22100139f424713cf921144e5509cbe353d67aa9fa1be9c6e1e0ed35845,cuda,DONE,,,True,3,-7.077870928594969,-7.078538415116792,0.08282842395400063,1.1312198094396908,69.7689788151176,69.79023400811742,0.00030465105496446654,1.9521452711528096,0.006847367397637773,44,Imm2,False,MACEMP_0022,15,0.95461402890525,0.18764559365808964,a8ca89965954734807b32ecbeb77ea21025c7fe18c90498284e12e6280c55ba5
job_137_Al_fe_-1.012_n4_generated_crystals_cif__gen_1,prospective,CHGNet,0.4.2,131bf40fe7fb7e0a4685589e31019fed2e757e8f4bff5e335330b9854cf9e926,cuda,DONE,,,True,13,-6.927272796630859,-6.9372662135532925,0.09222176169320631,1.0861132445462993,65.31746246024778,67.36705031643993,0.03137886529868683,1.7509383712706874,0.048769516278969846,156,P3m1,False,CHGNET_0105,1,0.3816754108091356,1.2494018655270338,f770fb43479a095c50965c508852ff68e9ae7e32b20913a681a0e9d9ddfed286
job_137_Al_fe_-1.012_n4_generated_crystals_cif__gen_1,prospective,MACE-MP,0.3.16,01bfe22100139f424713cf921144e5509cbe353d67aa9fa1be9c6e1e0ed35845,cuda,DONE,,,True,10,-6.545025138680098,-6.555590802744157,0.09546830742879905,0.7688808320988516,65.31746246024778,67.35491824783091,0.031193125250741582,1.7464545213888663,0.05860050135989379,156,P3m1,False,MACEMP_0104,1,0.3816754108091356,0.5861250795423985,15014d9f955a43625cf70dd212a39098e6e87ce91de8988f18a759204d295cb7
job_137_Al_fe_-1.012_n4_generated_crystals_cif__gen_3,prospective,CHGNet,0.4.2,131bf40fe7fb7e0a4685589e31019fed2e757e8f4bff5e335330b9854cf9e926,cuda,DONE,,,True,14,-6.997991834368024,-7.007820129394531,0.09384669569871988,1.2629784021535098,77.27726544000546,73.8432093848815,-0.04443811560322364,1.7903691032017321,0.05633966106119767,8,Cm,False,CHGNET_0106,2,0.40526079895247324,1.3272004276514053,5928b02f3c6b422fcdc932822efb2a554bc5b670543a8afeec0b89783c436a69
job_137_Al_fe_-1.012_n4_generated_crystals_cif__gen_3,prospective,MACE-MP,0.3.16,01bfe22100139f424713cf921144e5509cbe353d67aa9fa1be9c6e1e0ed35845,cuda,DONE,,,True,17,-6.59223314502276,-6.602559330442058,0.09029090931912948,0.7977995728335078,77.27726544000546,74.71543231575913,-0.033151187605560684,1.789984216961601,0.036138457671641165,8,Cm,False,MACEMP_0105,2,0.40526079895247324,1.015777686610818,5f650b81e99ea8022e626acf827401b6e26c996d751d0a2fbd97ad77638c82f9
job_138_Ti_fe_-0.803_n4_generated_crystals_cif__gen_1,prospective,CHGNet,0.4.2,131bf40fe7fb7e0a4685589e31019fed2e757e8f4bff5e335330b9854cf9e926,cuda,DONE,,,True,4,-8.537034170968193,-8.537802559988839,0.07515160902138039,0.7228847660463327,70.51697663435078,70.36194526298347,-0.002198497138798161,1.9939599884121149,0.008921518623049348,119,I-4m2,False,CHGNET_0002,41,0.384599596296443,0.3335186056792736,2f92c26a3bceae831ed6d70cef13509e4fdc2909a960170a7a19b1ed448e3dab
job_138_Ti_fe_-0.803_n4_generated_crystals_cif__gen_1,prospective,MACE-MP,0.3.16,01bfe22100139f424713cf921144e5509cbe353d67aa9fa1be9c6e1e0ed35845,cuda,DONE,,,True,4,-8.152178355466473,-8.153202963692395,0.05370441477758597,1.4499386767066593,70.51697663435078,70.33261722877818,-0.002614397473796437,1.999620419229853,0.00915593758911313,119,I-4m2,False,MACEMP_0002,41,0.384599596296443,0.23988988623023033,f719d8db1c238276b2a065e6017a50ec4b638deb9f23f687d0dfe2d68680c8d0
job_138_Ti_fe_-0.803_n4_generated_crystals_cif__gen_2,prospective,CHGNet,0.4.2,131bf40fe7fb7e0a4685589e31019fed2e757e8f4bff5e335330b9854cf9e926,cuda,DONE,,,True,8,-8.54119873046875,-8.543187822614398,0.06674987949919252,0.7322030514624309,71.22690926651002,71.52147588805886,0.004135608642608091,1.8643563465188666,0.026498078662540118,8,Cm,False,CHGNET_0046,5,0.3876426715903971,0.6523132119327784,33c3009eeae5671684812a7db2cb4d72539d66003fe3653579894300f48acf13
job_138_Ti_fe_-0.803_n4_generated_crystals_cif__gen_2,prospective,MACE-MP,0.3.16,01bfe22100139f424713cf921144e5509cbe353d67aa9fa1be9c6e1e0ed35845,cuda,DONE,,,True,7,-8.154141184917547,-8.155545151024,0.09423318245035275,0.4515479429280346,71.22690926651002,71.70246831201064,0.006676676699830075,1.851428325429641,0.020777350540708315,8,Cm,False,MACEMP_0045,5,0.3876426715903971,0.4005098845809698,c0d17126961d5b058bcc09f9b700af07641e0a03e126bddaf7581ba8f0d04694
job_138_Ti_fe_-0.803_n4_generated_crystals_cif__gen_3,prospective,CHGNet,0.4.2,131bf40fe7fb7e0a4685589e31019fed2e757e8f4bff5e335330b9854cf9e926,cuda,DONE,,,True,9,-8.528891427176339,-8.531797136579241,0.09026834344141692,1.1220678538229942,77.73649308464393,77.05323468104103,-0.008789416353769952,1.9330522402816257,0.01630576474615882,12,C2/m,False,CHGNET_0040,9,0.4013977206871022,0.7313321363180876,036ff2fb20a5d07ea04aa47a8d622f03fef05790f929875ecbffbe16a2a2e29d
job_138_Ti_fe_-0.803_n4_generated_crystals_cif__gen_3,prospective,MACE-MP,0.3.16,01bfe22100139f424713cf921144e5509cbe353d67aa9fa1be9c6e1e0ed35845,cuda,DONE,,,True,11,-8.125898093738082,-8.130399415892139,0.08745263445216071,1.426597354338125,77.73649308464393,76.8295390758884,-0.011667030152337499,1.951332806231062,0.022829584438556514,12,C2/m,False,MACEMP_0040,9,0.4013977206871022,0.6437991354614496,87011e3290a454aa1a329706c556ee59ed9f7d7094f76d63e9a4d97eaba6b1a0
job_140_Al_fe_-1.392_n4_generated_crystals_cif__gen_1,prospective,CHGNet,0.4.2,131bf40fe7fb7e0a4685589e31019fed2e757e8f4bff5e335330b9854cf9e926,cuda,DONE,,,True,13,-7.03241947719029,-7.0401714869907925,0.09317802735326142,0.9598068991143921,67.73037892240617,68.83682931961253,0.01633610227508009,1.8658254758416775,0.06598189501263427,12,C2/m,False,CHGNET_0045,5,0.37522694669529066,1.0796067845076323,64900a34717fb5c97f16c38b752bd63c5cda6cd21a8626f3adadf3e00794816e
job_140_Al_fe_-1.392_n4_generated_crystals_cif__gen_1,prospective,MACE-MP,0.3.16,01bfe22100139f424713cf921144e5509cbe353d67aa9fa1be9c6e1e0ed35845,cuda,DONE,,,True,13,-6.658927599905501,-6.664944540295502,0.08503180820456442,1.2107022660572937,67.73037892240617,67.74947416831867,0.0002819302979888416,1.8874927407571622,0.053125001260918604,12,C2/m,False,MACEMP_0044,5,0.37522694669529066,0.7518758606165648,25a0ac80daca42da4712e720759e610b640c15d0d374acfa47f1eaef556f1274
job_141_Co_fe_-1.348_n4_generated_crystals_cif__gen_0,prospective,CHGNet,0.4.2,131bf40fe7fb7e0a4685589e31019fed2e757e8f4bff5e335330b9854cf9e926,cuda,DONE,,,True,9,-6.344086238316128,-6.358075823102679,0.009921796620877344,1.1021052898868224,61.49532337793047,64.49159147120906,0.048723511458985236,1.839249122160184,0.007563657957630866,139,I4/mmm,False,CHGNET_0107,1,0.8770631663507658,0.7583183906972408,26cd13d25907722bd33faeef04ac101898cd47c43b3bf2efa85d232045255186
job_141_Co_fe_-1.348_n4_generated_crystals_cif__gen_0,prospective,MACE-MP,0.3.16,01bfe22100139f424713cf921144e5509cbe353d67aa9fa1be9c6e1e0ed35845,cuda,DONE,,,True,6,-5.479392587949041,-5.481012656751913,0.06191856707851273,1.4948716019479822,61.49532337793047,62.18651093887595,0.011239676823840083,1.846908787213215,0.010990078968005322,139,I4/mmm,False,MACEMP_0106,1,0.8770631663507658,0.3328610323369503,fcbd2cb10e234d7c4da3f3a52c91cd5ef66756a88889f519745d16876189d653
job_141_Co_fe_-1.348_n4_generated_crystals_cif__gen_1,prospective,CHGNet,0.4.2,131bf40fe7fb7e0a4685589e31019fed2e757e8f4bff5e335330b9854cf9e926,cuda,DONE,,,True,33,-6.469230106898716,-6.49311283656529,0.08594161919782625,1.242479338109833,74.36512904266502,70.94716127418025,-0.0459619691713814,1.8493211344253635,0.06233631851030807,160,R3m,False,CHGNET_0108,1,0.8752819630572075,2.772916967049241,028850b8da13d978edbb32e65b20553246fee35a310002826b33ea591a817fca
job_141_Co_fe_-1.348_n4_generated_crystals_cif__gen_1,prospective,MACE-MP,0.3.16,01bfe22100139f424713cf921144e5509cbe353d67aa9fa1be9c6e1e0ed35845,cuda,DONE,,,True,12,-5.612066082030162,-5.617830873508082,0.10124609286097137,0.3350129420442874,74.36512904266502,71.33926338046504,-0.04068930829749473,1.8467573820045824,0.02851636330419279,160,R3m,False,MACEMP_0107,1,0.8752819630572075,0.6858472805470228,4abb94f52b520f709aca6d363d1181d568136f8717e786ca3aa12b5f8ef8e607
job_141_Co_fe_-1.348_n4_generated_crystals_cif__gen_2,prospective,CHGNet,0.4.2,131bf40fe7fb7e0a4685589e31019fed2e757e8f4bff5e335330b9854cf9e926,cuda,DONE,,,True,4,-6.533846718924386,-6.536730085100446,0.08711176618468416,1.5933107174075227,69.22217227444318,68.70259835058495,-0.007505888746141776,1.901149966857914,0.01837180486682127,12,C2/m,False,CHGNET_0036,18,0.8441524596208438,0.3348377197980881,bc21f54bf13fea02bd0a8539623b7f4c2ee913a0205f0ab754b89c8592d15c57
job_141_Co_fe_-1.348_n4_generated_crystals_cif__gen_2,prospective,MACE-MP,0.3.16,01bfe22100139f424713cf921144e5509cbe353d67aa9fa1be9c6e1e0ed35845,cuda,DONE,,,True,10,-5.688566658740271,-5.692577625479602,0.08870654484935586,1.0664304506301079,69.22217227444318,68.37445868690415,-0.012246272540799907,1.8933649310275305,0.02230591942700703,12,C2/m,False,MACEMP_0036,18,0.8441524596208438,0.5702585186809301,6bd6acd201247884097f8e596cf86350c76cea4325d5698ee086993dd8f4e397
job_142_Mn_fe_-1.095_n4_generated_crystals_cif__gen_0,prospective,CHGNet,0.4.2,131bf40fe7fb7e0a4685589e31019fed2e757e8f4bff5e335330b9854cf9e926,cuda,DONE,,,True,9,-7.7178159441266745,-7.721372331891741,0.0879654367359344,1.2083170913116112,73.70623605751668,74.41590837407306,0.00962838905520269,1.9258304575341918,0.015817063094162784,2,P-1,False,CHGNET_0013,35,0.8680453084953861,0.735057583078742,3a40b36ad3f2a811d705e2889bfc1d0bb22abd2ac629d11b7dd0319c8d4baeba
job_142_Mn_fe_-1.095_n4_generated_crystals_cif__gen_0,prospective,MACE-MP,0.3.16,01bfe22100139f424713cf921144e5509cbe353d67aa9fa1be9c6e1e0ed35845,cuda,DONE,,,True,16,-6.84879971164748,-6.853327023396355,0.046608041454661284,1.1544595859500637,73.70623605751668,75.1015412854341,0.01893062653244959,1.9188606845967837,0.008678454562837005,2,P-1,False,MACEMP_0013,35,0.8680453084953861,0.943831430748105,22e54ed4cd10c1c19760fa0e28aa6a344c710346af359b877d3c022ef04b4306
job_142_Mn_fe_-1.095_n4_generated_crystals_cif__gen_1,prospective,CHGNet,0.4.2,131bf40fe7fb7e0a4685589e31019fed2e757e8f4bff5e335330b9854cf9e926,cuda,DONE,,,True,8,-7.712933676583426,-7.714449201311384,0.07886571505986442,0.7983616991235566,82.34368842511444,81.94875202973996,-0.00479619510527074,1.923027409963173,0.012655463468235068,1,P1,False,CHGNET_0034,9,0.8702296150849405,0.6591606140136719,e3b17bc6cfef330adb6cf7e24bdd370cf183ce7d6d60b1e78777bcb0453714eb
job_142_Mn_fe_-1.095_n4_generated_crystals_cif__gen_1,prospective,MACE-MP,0.3.16,01bfe22100139f424713cf921144e5509cbe353d67aa9fa1be9c6e1e0ed35845,cuda,DONE,,,True,8,-6.842209296086758,-6.844219586226443,0.08375736946475659,0.7807837290243693,82.34368842511444,81.91516986699116,-0.005204024331664225,1.9152465875406266,0.014460681253024944,1,P1,False,MACEMP_0034,9,0.8702296150849405,0.2889725845307112,3a1fbf0f5b2063fa0d95d2a705ae96bc1c56636cc4859ce7ef510d995473ffa7
job_142_Mn_fe_-1.095_n4_generated_crystals_cif__gen_3,prospective,CHGNet,0.4.2,131bf40fe7fb7e0a4685589e31019fed2e757e8f4bff5e335330b9854cf9e926,cuda,DONE,,,True,9,-7.6715545654296875,-7.6749741690499445,0.08207314306222366,0.7992968999089238,70.62452450096899,71.40630084009128,0.011069474019772763,1.8953273283434473,0.04100793576178433,1,P1,False,CHGNET_0030,7,0.8768887064490132,0.7316041104495525,9d3a5cd4c9f5c5198edac760319fe903bfb8c524a221a4f8f5f53c5c073fd360
job_142_Mn_fe_-1.095_n4_generated_crystals_cif__gen_3,prospective,MACE-MP,0.3.16,01bfe22100139f424713cf921144e5509cbe353d67aa9fa1be9c6e1e0ed35845,cuda,DONE,,,True,13,-6.794307093995667,-6.798085462600931,0.09471489214023796,0.4831270009660918,70.62452450096899,71.41340259115081,0.011170030464006997,1.8863131353091669,0.048309473298308876,1,P1,False,MACEMP_0030,7,0.8768887064490132,0.35988342948257923,f28811efa472ab56af102fa8178091e6d32d6acf6b5565cae3236c3942851e56
job_143_Mg_fe_-1.457_n4_generated_crystals_cif__gen_1,prospective,CHGNet,0.4.2,131bf40fe7fb7e0a4685589e31019fed2e757e8f4bff5e335330b9854cf9e926,cuda,DONE,,,True,5,-5.449775150844029,-5.451184409005301,0.031533685056882046,1.315511991320268,74.65404192138092,74.0269391752538,-0.008400117796535822,2.0113816111722196,0.010068296344287693,139,I4/mmm,False,CHGNET_0015,8,0.36443270636152736,0.36342019587755203,98d5993b54b96d99d4d7fb5423a1d324950177391711d361a92a329eec9e7048
job_143_Mg_fe_-1.457_n4_generated_crystals_cif__gen_1,prospective,MACE-MP,0.3.16,01bfe22100139f424713cf921144e5509cbe353d67aa9fa1be9c6e1e0ed35845,cuda,DONE,,,True,7,-5.081877899832675,-5.086751702643774,0.04263544246327143,1.3461192682368306,74.65404192138092,72.77588114058375,-0.02515819281124909,1.9879069190081666,0.017130013910028583,139,I4/mmm,False,MACEMP_0015,8,0.36443270636152736,0.4063555598258972,2fb73f14ae9161fb3868b4586654fedb0ae5bdaefcedeaa0d3837fff0be1a1b9
job_144_Co_fe_-1.460_n4_generated_crystals_cif__gen_0,prospective,CHGNet,0.4.2,131bf40fe7fb7e0a4685589e31019fed2e757e8f4bff5e335330b9854cf9e926,cuda,DONE,,,True,11,-6.535215105329241,-6.540986197335379,0.09350792944960101,0.9994861217782339,70.08508779977,68.9791068756957,-0.01578054560242581,1.8835770822557072,0.02580189740967466,12,C2/m,False,CHGNET_0031,25,0.842744248935718,0.895820016041398,6277e29f566c3172bd3ef4ad7313dab605fc479b6b76a269ef430bccd6592b39
job_144_Co_fe_-1.460_n4_generated_crystals_cif__gen_0,prospective,MACE-MP,0.3.16,01bfe22100139f424713cf921144e5509cbe353d67aa9fa1be9c6e1e0ed35845,cuda,DONE,,,True,18,-5.692092298048058,-5.698241948399661,0.012113126231525804,1.503623915506398,70.08508779977,68.24974447885536,-0.02618735851709464,1.8938535984380849,0.013085440170510882,12,C2/m,False,MACEMP_0031,25,0.842744248935718,0.7074480019509792,0377ff043c1e4f57ece977064a6e66a8999cf9dfd67b260cff94f5367dab5edd
job_144_Co_fe_-1.460_n4_generated_crystals_cif__gen_1,prospective,CHGNet,0.4.2,131bf40fe7fb7e0a4685589e31019fed2e757e8f4bff5e335330b9854cf9e926,cuda,DONE,,,True,6,-6.534652165004185,-6.53850337437221,0.09569552868893312,1.4391778400472914,69.2767559824505,68.57157084233593,-0.01017924598393738,1.8870170375732809,0.019051462515467563,10,P2/m,False,CHGNET_0038,18,0.8462099594642538,0.4624612834304571,3e07c89257f4f002893c4b0a0771860a3c83a3b723b9cb4062436f909467ab7e
job_144_Co_fe_-1.460_n4_generated_crystals_cif__gen_1,prospective,MACE-MP,0.3.16,01bfe22100139f424713cf921144e5509cbe353d67aa9fa1be9c6e1e0ed35845,cuda,DONE,,,True,10,-5.689567941994651,-5.692293414907956,0.09482727406941212,1.5334479243156094,69.2767559824505,68.45273244214569,-0.011894661183522448,1.888686027691139,0.015118162206153857,10,P2/m,False,MACEMP_0038,18,0.8462099594642538,0.5434674210846424,8f945f694c7401d7a1422e2db2ab2277f7808bfc205c3d75d14e8c37f4a332c4
job_144_Co_fe_-1.460_n4_generated_crystals_cif__gen_2,prospective,CHGNet,0.4.2,131bf40fe7fb7e0a4685589e31019fed2e757e8f4bff5e335330b9854cf9e926,cuda,DONE,,,True,4,-6.534762791224888,-6.537113189697266,0.05546998286648267,1.4768743027532618,69.20392419074165,68.67392503235277,-0.0076585130769185605,1.8913091173773144,0.016135753575850134,12,C2/m,False,CHGNET_0036,18,0.84429356892496,0.33608067221939564,cfd6044b53456ce383971b7d06371bd1bfd25ecd1c55cd5affe4ad70d55510ce
job_144_Co_fe_-1.460_n4_generated_crystals_cif__gen_2,prospective,MACE-MP,0.3.16,01bfe22100139f424713cf921144e5509cbe353d67aa9fa1be9c6e1e0ed35845,cuda,DONE,,,True,9,-5.689698916684302,-5.692819620772306,0.09185261784088032,1.105828038889529,69.20392419074165,68.39715663114677,-0.01165782965386819,1.8889508488399138,0.019697309905976994,12,C2/m,False,MACEMP_0036,18,0.84429356892496,0.5411497745662928,8618a8a575487e6fcf8d3c3ee8b3bdd2d8e6a3efa6d120ede1b2ba2477d3236d
job_144_Co_fe_-1.460_n4_generated_crystals_cif__gen_3,prospective,CHGNet,0.4.2,131bf40fe7fb7e0a4685589e31019fed2e757e8f4bff5e335330b9854cf9e926,cuda,DONE,,,True,4,-6.538591657366071,-6.539252144949777,0.09499288028084425,0.6194675624211363,67.3372962889144,67.2125896824908,-0.0018519693141307858,1.8860012983680348,0.00900358039321434,10,P2/m,False,CHGNET_0038,18,0.8459178881434983,0.3455546274781227,77b248aaa8170e470f15721b43abed3c46938c2043437347818f90a5be500ee6
job_144_Co_fe_-1.460_n4_generated_crystals_cif__gen_3,prospective,MACE-MP,0.3.16,01bfe22100139f424713cf921144e5509cbe353d67aa9fa1be9c6e1e0ed35845,cuda,DONE,,,True,3,-5.693070061792442,-5.693334256806279,0.04492688278052218,1.4499747829707024,67.3372962889144,67.2342801428812,-0.0015298527222001868,1.8927058511446881,0.0031550727766876713,10,P2/m,False,MACEMP_0038,18,0.8459178881434983,0.20927076786756516,5ac0d8d95fda34a876215374d0270e4497d492de4ddd77e4d3c29ba6805b6d3f
job_146_Cr_fe_-1.128_n4_generated_crystals_cif__gen_0,prospective,CHGNet,0.4.2,131bf40fe7fb7e0a4685589e31019fed2e757e8f4bff5e335330b9854cf9e926,cuda,DONE,,,True,8,-8.065946306501116,-8.06888198852539,0.09680805619014521,0.8150293869301575,76.24456069315023,75.7323595496207,-0.006717871266790021,1.949077159654482,0.0181217474210361,12,C2/m,False,CHGNET_0027,14,0.9757211506109034,0.667237663641572,e74e7c15550d8f5a7376d89574744848440ef638107324e59002040be5f46612
job_146_Cr_fe_-1.128_n4_generated_crystals_cif__gen_0,prospective,MACE-MP,0.3.16,01bfe22100139f424713cf921144e5509cbe353d67aa9fa1be9c6e1e0ed35845,cuda,DONE,,,True,9,-7.089267720697209,-7.093160837914487,0.08674612397327751,0.6813938918673161,76.24456069315023,75.56894613752117,-0.008861150874068358,1.956363851957442,0.019347143410679613,12,C2/m,False,MACEMP_0027,14,0.9757211506109034,0.5231075920164585,23d222eba63ef08a6e14e02433f3c2d1c687b677c8e7a0b2e23646eee621c115
job_146_Cr_fe_-1.128_n4_generated_crystals_cif__gen_1,prospective,CHGNet,0.4.2,131bf40fe7fb7e0a4685589e31019fed2e757e8f4bff5e335330b9854cf9e926,cuda,DONE,,,True,10,-8.02563204084124,-8.02923093523298,0.09644774727832683,1.022745053987232,68.56091881094741,69.4691566974096,0.013247166202171146,1.8530800021245792,0.0466628317378672,8,Cm,False,CHGNET_0050,15,0.952916178730046,0.8370612151920795,044d3cf4b9497ae37d55a4ce02b7c36fc8bd794c6b280763d26d1b9b314d66bf
job_146_Cr_fe_-1.128_n4_generated_crystals_cif__gen_1,prospective,MACE-MP,0.3.16,01bfe22100139f424713cf921144e5509cbe353d67aa9fa1be9c6e1e0ed35845,cuda,DONE,,,True,3,-7.075677452797204,-7.076314756502933,0.09740280396828542,1.1627465633364054,68.56091881094741,68.5833903214503,0.00032775976303422993,1.8740076600215552,0.006458449611787423,8,Cm,False,MACEMP_0049,15,0.952916178730046,0.19018508307635784,8ceed22ac08715fe7af3798a909c17008f14ef4de6298414ae0c8abbf1249b32
job_146_Cr_fe_-1.128_n4_generated_crystals_cif__gen_2,prospective,CHGNet,0.4.2,131bf40fe7fb7e0a4685589e31019fed2e757e8f4bff5e335330b9854cf9e926,cuda,DONE,,,True,4,-8.031905038016182,-8.032458169119698,0.07830582859011706,1.4840638966011035,70.6463754153134,70.54673468093698,-0.0014104153792838803,1.949446201431236,0.006535771480150379,44,Imm2,False,CHGNET_0022,15,0.9543861067560337,0.3277724664658308,41b0b0f4e963926a3cfa6b6d9bdd9883e855dba0998d0e6db3ff2d03d050b382
job_146_Cr_fe_-1.128_n4_generated_crystals_cif__gen_2,prospective,MACE-MP,0.3.16,01bfe22100139f424713cf921144e5509cbe353d67aa9fa1be9c6e1e0ed35845,cuda,DONE,,,True,4,-7.077081814459814,-7.078072062363664,0.08400959177875926,1.4059810588160242,70.6463754153134,70.40272868568994,-0.0034488213753518515,1.944842576235765,0.01009903586550558,44,Imm2,False,MACEMP_0022,15,0.9543861067560337,0.24176991172134876,bfa37b2ad7c20f612730b88b199191fb3eb38d75c6c097369df31206cd52ed1b
job_146_Cr_fe_-1.128_n4_generated_crystals_cif__gen_3,prospective,CHGNet,0.4.2,131bf40fe7fb7e0a4685589e31019fed2e757e8f4bff5e335330b9854cf9e926,cuda,DONE,,,True,3,-8.080698830740792,-8.081293378557477,0.043088031265349824,1.4150483914630507,75.78842502846676,75.59190441323196,-0.0025930162179909066,1.9257228638769084,0.005460892020374003,10,P2/m,False,CHGNET_0023,20,0.9778515017188898,0.25643925555050373,b0550ba80c1c7d099e48a281705ae5e2f11b3edf1ced5210a52044e7cec537f6
job_146_Cr_fe_-1.128_n4_generated_crystals_cif__gen_3,prospective,MACE-MP,0.3.16,01bfe22100139f424713cf921144e5509cbe353d67aa9fa1be9c6e1e0ed35845,cuda,DONE,,,True,7,-7.101430629526384,-7.103441876838588,0.10005954889970133,0.8119388988458599,75.78842502846676,75.41536941563236,-0.004922329665701386,1.9115609596029175,0.015619930294394294,10,P2/m,False,MACEMP_0023,20,0.9778515017188898,0.39248381182551384,83311c8f5caa62c8bda36e7cb962689cfc2ce7dcd27dc2ce86cc6848bbb8cb85
job_147_Mn_fe_-0.827_n4_generated_crystals_cif__gen_0,prospective,CHGNet,0.4.2,131bf40fe7fb7e0a4685589e31019fed2e757e8f4bff5e335330b9854cf9e926,cuda,DONE,,,True,40,-7.194400242396763,-7.220057896205357,0.09211209848816261,0.4921291014994191,76.5451118581215,77.85531025179698,0.01711668272304534,1.4331112849751833,0.08782016243403774,8,Cm,False,CHGNET_0109,1,0.663203652108483,3.3152565844357014,0f865b3936363c741541aa5953147edf86d2de9c623657bb05c4dc49ef943cea
job_147_Mn_fe_-0.827_n4_generated_crystals_cif__gen_0,prospective,MACE-MP,0.3.16,01bfe22100139f424713cf921144e5509cbe353d67aa9fa1be9c6e1e0ed35845,cuda,DONE,,,True,23,-6.537020077253746,-6.556854244096874,0.09139285913654481,0.9929520262881064,76.5451118581215,76.89570532522526,0.004580220194250861,1.471434868367185,0.05945442192018941,8,Cm,False,MACEMP_0108,1,0.663203652108483,1.3779695574194193,013783f1db16d9653e59e640d9c474e7718d985f6aed540462aa54deb9ac70b4
job_147_Mn_fe_-0.827_n4_generated_crystals_cif__gen_1,prospective,CHGNet,0.4.2,131bf40fe7fb7e0a4685589e31019fed2e757e8f4bff5e335330b9854cf9e926,cuda,DONE,,,True,3,-7.720805576869419,-7.722160339355469,0.09669987430722582,0.972617545819923,74.69048149679008,74.9141076734572,0.0029940384930671193,1.920025773549347,0.009443619007351899,2,P-1,False,CHGNET_0013,35,0.8685144395497923,0.25690162740647793,825de2af46f13ee06cab81651ffbc1bc8bc92216c40973e0e9ed8ee139ff64ca
job_147_Mn_fe_-0.827_n4_generated_crystals_cif__gen_1,prospective,MACE-MP,0.3.16,01bfe22100139f424713cf921144e5509cbe353d67aa9fa1be9c6e1e0ed35845,cuda,DONE,,,True,3,-6.852425134227889,-6.853645899805676,0.07245237563797954,1.2709820432908057,74.69048149679008,74.94526590967389,0.0034112032454196584,1.917335737609797,0.008548846279523422,2,P-1,False,MACEMP_0013,35,0.8685144395497923,0.1873519215732813,fbd70c7db7631bfed8d732ea19f8a2678b8527a77301e53957db8597502cbc27
job_148_Mn_fe_-0.904_n4_generated_crystals_cif__gen_0,prospective,CHGNet,0.4.2,131bf40fe7fb7e0a4685589e31019fed2e757e8f4bff5e335330b9854cf9e926,cuda,DONE,,,True,13,-7.660247257777622,-7.669103349958148,0.07657089803030565,0.5752517766176825,70.55911770186725,72.44179193701096,0.02668222472818549,1.867533065037571,0.035594942558183504,1,P1,False,CHGNET_0065,10,0.866955989222677,1.0744707323610783,2be4a89bfc8bca2ae125617be1299a99bc7a3b88f3e12d046b590675d8f6b9de
job_148_Mn_fe_-0.904_n4_generated_crystals_cif__gen_0,prospective,MACE-MP,0.3.16,01bfe22100139f424713cf921144e5509cbe353d67aa9fa1be9c6e1e0ed35845,cuda,DONE,,,True,19,-6.790710122178347,-6.8021473607354705,0.060832142132626756,0.7080168550699526,70.55911770186725,72.11308291768457,0.02202359193865311,1.8736972190798755,0.03391478594556473,1,P1,False,MACEMP_0064,10,0.866955989222677,1.149343580007553,c6a5799846f372fcf0d177e86647aabf1b84f8fce1e11f9eb30b3eeb56b18adb
job_148_Mn_fe_-0.904_n4_generated_crystals_cif__gen_1,development_calibration,CHGNet,0.4.2,131bf40fe7fb7e0a4685589e31019fed2e757e8f4bff5e335330b9854cf9e926,cuda,DONE,,,True,25,-7.691917964390346,-7.715773446219308,0.083635472768491,0.4372366203636664,78.6995679519081,75.8139629494033,-0.03666608442206609,1.9212425103416966,0.10315630621101927,8,Cm,False,CHGNET_0012,15,0.8667330896897827,2.0531396828591824,aa620a78e5d80db5ea5eb65cc8ee82943d6180a11b116340e918770331123c26
job_148_Mn_fe_-0.904_n4_generated_crystals_cif__gen_1,development_calibration,MACE-MP,0.3.16,01bfe22100139f424713cf921144e5509cbe353d67aa9fa1be9c6e1e0ed35845,cuda,DONE,,,True,17,-6.832436761405388,-6.8490403565295255,0.08666967484336704,1.1836805213265718,78.6995679519081,75.63418531673858,-0.03895043791145991,1.9222356276086665,0.07639148501588823,8,Cm,False,MACEMP_0012,15,0.8667330896897827,1.0336035136133432,a6d28783e19a144815722d36e37cf83943130e72370757304c5e6f440a147eac
job_148_Mn_fe_-0.904_n4_generated_crystals_cif__gen_2,development_calibration,CHGNet,0.4.2,131bf40fe7fb7e0a4685589e31019fed2e757e8f4bff5e335330b9854cf9e926,cuda,DONE,,,True,2,-7.718179975237165,-7.718462262834821,0.09150984762583256,0.40069925453854677,78.23012655016954,78.23411567927624,5.099223640070427e-05,1.9165084027914747,0.0032135367084301595,8,Cm,False,CHGNET_0104,3,0.8668049368219686,0.18837463669478893,ecd8583e371a05c270922e708081b272651a986f587d52eb1ce27c1d3a6cd801
job_148_Mn_fe_-0.904_n4_generated_crystals_cif__gen_2,development_calibration,MACE-MP,0.3.16,01bfe22100139f424713cf921144e5509cbe353d67aa9fa1be9c6e1e0ed35845,cuda,DONE,,,True,2,-6.851366667114547,-6.851657326012853,0.08485112501021762,0.5809397139394609,78.23012655016954,78.23572199560547,7.152545550770384e-05,1.9150798249405667,0.003084601090316353,8,Cm,False,MACEMP_0103,3,0.8668049368219686,0.1377866044640541,5ad4179c2534eef426224bcce2fbdf26a6211662156552923ca4565a9c0c2a5e
job_148_Mn_fe_-0.904_n4_generated_crystals_cif__gen_3,prospective,CHGNet,0.4.2,131bf40fe7fb7e0a4685589e31019fed2e757e8f4bff5e335330b9854cf9e926,cuda,DONE,,,True,4,-7.677673884800503,-7.6784226553780695,0.05433038299860728,0.9906088393012905,71.39357054554272,71.36836253474587,-0.0003530851672527424,1.915391309434801,0.009968613609808719,119,I-4m2,False,CHGNET_0070,8,0.867047362875808,0.3409494627267122,6c0250ae6353ec756a9566649b7f05f6d4349e155a603a49842444c241ab86fe
job_148_Mn_fe_-0.904_n4_generated_crystals_cif__gen_3,prospective,MACE-MP,0.3.16,01bfe22100139f424713cf921144e5509cbe353d67aa9fa1be9c6e1e0ed35845,cuda,DONE,,,True,2,-6.811204628970129,-6.8113752925022615,0.09657404795064936,1.4391222860672304,71.39357054554272,71.34097766255599,-0.0007366613349752971,1.909256614469082,0.0019572320533485185,119,I-4m2,False,MACEMP_0069,8,0.867047362875808,0.1452175471931696,205c33ee0d8f6fa45cbd18f5a715a93e4f046ae62e704830bb6db70a8dd51be4
job_149_Mn_fe_-1.083_n4_generated_crystals_cif__gen_0,prospective,CHGNet,0.4.2,131bf40fe7fb7e0a4685589e31019fed2e757e8f4bff5e335330b9854cf9e926,cuda,DONE,,,True,1,-7.723540169852121,-7.723581041608538,0.09915530795005817,0.4173358311582711,76.56788550910413,76.56169194301135,-8.088986722820657e-05,1.932240387136656,0.0006260922919250964,10,P2/m,False,CHGNET_0013,35,0.8682242382130179,0.11307474784553051,adb3d0ccf3f848bba269eff522fca41ed3a42fc4705f4d1252fe29ee73bde8ad
job_149_Mn_fe_-1.083_n4_generated_crystals_cif__gen_0,prospective,MACE-MP,0.3.16,01bfe22100139f424713cf921144e5509cbe353d67aa9fa1be9c6e1e0ed35845,cuda,DONE,,,True,3,-6.854946601087619,-6.85535680339552,0.07691651823344457,0.6838801230746434,76.56788550910413,76.58301176082995,0.00019755347330341344,1.929196186175924,0.0054668053423436065,10,P2/m,False,MACEMP_0013,35,0.8682242382130179,0.1903827227652073,051e448a0c17061d18abef657b55dfafe229fe3fc90dc29ded01bfedb572b660
job_149_Mn_fe_-1.083_n4_generated_crystals_cif__gen_2,prospective,CHGNet,0.4.2,131bf40fe7fb7e0a4685589e31019fed2e757e8f4bff5e335330b9854cf9e926,cuda,DONE,,,True,9,-7.633390699114118,-7.638525826590402,0.07564112380859085,0.4848637813813622,78.0652671488812,78.03876950772828,-0.0003394293278007332,1.9228084880442105,0.0215592498533994,160,R3m,False,CHGNET_0110,1,0.8813746032841276,0.7583198975771666,25f0ca33004179353bd5cdd68e750a9fe1ad1350597a6c4691a109b2a48cc564
job_149_Mn_fe_-1.083_n4_generated_crystals_cif__gen_2,prospective,MACE-MP,0.3.16,01bfe22100139f424713cf921144e5509cbe353d67aa9fa1be9c6e1e0ed35845,cuda,DONE,,,True,10,-6.7540297085692185,-6.757151223306274,0.09002420866012108,0.4695252197392306,78.0652671488812,77.94863757591001,-0.0014940008179151754,1.8895549241517775,0.01962618999724088,160,R3m,False,MACEMP_0109,1,0.8813746032841276,0.5108571015298367,90638bbeb8d007b167c57b8fc26ec0d53498c9fd643696729069ee01bcb0dee4
job_149_Mn_fe_-1.083_n4_generated_crystals_cif__gen_3,prospective,CHGNet,0.4.2,131bf40fe7fb7e0a4685589e31019fed2e757e8f4bff5e335330b9854cf9e926,cuda,DONE,,,True,7,-7.681734902518136,-7.6836346217564175,0.09395000796969194,0.989344173285115,75.27318944471446,75.63954822761154,0.004867055396478914,1.9255719278371077,0.014934924400186055,12,C2/m,False,CHGNET_0028,9,0.8665549799881429,0.5840315911918879,80f37b2ea8918414e296a51462435f6d2549c60911c4949d476e5e94c85e1ec2
job_149_Mn_fe_-1.083_n4_generated_crystals_cif__gen_3,prospective,MACE-MP,0.3.16,01bfe22100139f424713cf921144e5509cbe353d67aa9fa1be9c6e1e0ed35845,cuda,DONE,,,True,2,-6.816816246925975,-6.817079641768275,0.09785660083764047,1.146610405829047,75.27318944471446,75.30377532072544,0.00040633160673286817,1.9121696470393057,0.0027588472020976594,12,C2/m,False,MACEMP_0028,9,0.8665549799881429,0.11232643574476242,abcd4780acb37c4d214e3cb3fb9509659b5b832ca2bf105a269b0542322bc9fe
job_150_Ti_fe_-0.897_n4_generated_crystals_cif__gen_0,prospective,CHGNet,0.4.2,131bf40fe7fb7e0a4685589e31019fed2e757e8f4bff5e335330b9854cf9e926,cuda,DONE,,,True,9,-8.53533445085798,-8.537240164620536,0.050799060652835376,1.5812324146117775,68.98194973222024,69.96515223902729,0.014253040260875816,1.9756777195918718,0.02131417838925086,119,I-4m2,False,CHGNET_0002,41,0.3851221679479888,0.7428946848958731,7b5d5e82140a0709f07458957f64d525a8f17c47acd0d0eb6031a8aa123491cf
job_150_Ti_fe_-0.897_n4_generated_crystals_cif__gen_0,prospective,MACE-MP,0.3.16,01bfe22100139f424713cf921144e5509cbe353d67aa9fa1be9c6e1e0ed35845,cuda,DONE,,,True,6,-8.150798606518828,-8.152117996672548,0.09510734619496813,1.4673869157591393,68.98194973222024,69.38878269818751,0.005897672761447703,1.9956310882417663,0.011787057413832807,119,I-4m2,False,MACEMP_0002,41,0.3851221679479888,0.360083743929863,2fdb866b58a38eab7d2e729599c47b8550bd8b9b74bb1b436a29420a85df63e2
job_150_Ti_fe_-0.897_n4_generated_crystals_cif__gen_1,prospective,CHGNet,0.4.2,131bf40fe7fb7e0a4685589e31019fed2e757e8f4bff5e335330b9854cf9e926,cuda,DONE,,,True,18,-8.439196450369698,-8.455216544015068,0.09295934320120482,0.9876009023197468,80.66646205273595,81.65345631852976,0.012235497140665075,1.7510063603056896,0.05196782803789591,160,R3m,False,CHGNET_0111,1,0.40841832974106396,1.4794484544545412,c52f882a4958b379964fea2b70019c1558ef25c6e43ad8a00ad968be17b5be5c
job_150_Ti_fe_-0.897_n4_generated_crystals_cif__gen_1,prospective,MACE-MP,0.3.16,01bfe22100139f424713cf921144e5509cbe353d67aa9fa1be9c6e1e0ed35845,cuda,DONE,,,True,5,-8.03541771359498,-8.046798214274004,0.0875745997128027,0.7453546343478048,80.66646205273595,81.94630694515733,0.015865886018215036,1.7741260516511175,0.046030022153166844,160,R3m,False,MACEMP_0110,1,0.40841832974106396,0.27815368212759495,c87b994716aff4f34fd587172a76272be004eb6d39cb2c83930772aeb43dc3b9
job_150_Ti_fe_-0.897_n4_generated_crystals_cif__gen_3,prospective,CHGNet,0.4.2,131bf40fe7fb7e0a4685589e31019fed2e757e8f4bff5e335330b9854cf9e926,cuda,DONE,,,True,8,-8.540901184082031,-8.542994362967354,0.0691085787015029,1.1923667513750786,71.60056065247335,71.65425938322905,0.0007499764005527432,1.8622116395276942,0.027784168980423785,8,Cm,False,CHGNET_0046,5,0.38749348533884564,0.6521050985902548,03ab326336305a539178a15583230b9b244c7a29ba4caa4371f690a5be946abf
job_150_Ti_fe_-0.897_n4_generated_crystals_cif__gen_3,prospective,MACE-MP,0.3.16,01bfe22100139f424713cf921144e5509cbe353d67aa9fa1be9c6e1e0ed35845,cuda,DONE,,,True,7,-8.154167038263575,-8.155500877628509,0.08436673845525745,0.8902013459592155,71.60056065247335,71.87866622713221,0.0038841256566231053,1.8529446937601974,0.022826446230924637,8,Cm,False,MACEMP_0045,5,0.38749348533884564,0.39110927283763885,2e2e1d690096f9c9fae1771c90620cccdec3bc6e335f9dd6ef23dcc9539e4cfa
job_151_Al_fe_-1.416_n4_generated_crystals_cif__gen_0,prospective,CHGNet,0.4.2,131bf40fe7fb7e0a4685589e31019fed2e757e8f4bff5e335330b9854cf9e926,cuda,DONE,,,True,4,-7.040149688720703,-7.041606358119419,0.08461833920316209,1.6524667367707175,64.16941141974628,63.92001497596693,-0.003886531577296126,1.8643909259883733,0.013870454209291174,44,Imm2,False,CHGNET_0018,9,0.40218276120930696,0.35167989879846573,823109f4720f21ba17e4173152b8a18b8d6d7c5e5cddad9f2443e1f70bd3a921
job_151_Al_fe_-1.416_n4_generated_crystals_cif__gen_0,prospective,MACE-MP,0.3.16,01bfe22100139f424713cf921144e5509cbe353d67aa9fa1be9c6e1e0ed35845,cuda,DONE,,,True,4,-6.637899858963588,-6.639423596910112,0.07744148471439168,1.7427668195508625,64.16941141974628,63.88672073394831,-0.00440538068751839,1.8697147064067627,0.013062874323875194,44,Imm2,False,MACEMP_0018,9,0.40218276120930696,0.24379711225628853,d936f4cc6caac6b9dc0914386fc89f041ddc138d217bb1d91bcef538a8c3aec3
job_151_Al_fe_-1.416_n4_generated_crystals_cif__gen_1,prospective,CHGNet,0.4.2,131bf40fe7fb7e0a4685589e31019fed2e757e8f4bff5e335330b9854cf9e926,cuda,DONE,,,True,21,-7.014718736921038,-7.023372650146484,0.07712219692369505,1.0644532930498651,70.68239983467045,71.28282777648293,0.008494730558341379,1.7671990168008995,0.05407580166522239,8,Cm,False,CHGNET_0112,1,0.38574737404403425,1.7431756742298603,a623598cbb5a20bf09c0ab2f7babe3ad02d0df8a192e12bb60500dfc9219dbf5
job_151_Al_fe_-1.416_n4_generated_crystals_cif__gen_1,prospective,MACE-MP,0.3.16,01bfe22100139f424713cf921144e5509cbe353d67aa9fa1be9c6e1e0ed35845,cuda,DONE,,,True,14,-6.6299646180384,-6.63762527610245,0.04934037871925794,1.1191413107811328,70.68239983467045,71.32553732671126,0.009098976457295516,1.776863455223597,0.050064427511323235,8,Cm,False,MACEMP_0111,1,0.38574737404403425,0.8290057443082333,81522669fc51a39f1b6ed61e56ab57bd407050e517198e7f720dcaa8fc20a88d
job_154_Mn_fe_-1.207_n4_generated_crystals_cif__gen_1,prospective,CHGNet,0.4.2,131bf40fe7fb7e0a4685589e31019fed2e757e8f4bff5e335330b9854cf9e926,cuda,DONE,,,True,3,-7.677877698625837,-7.678880964006696,0.09384935616384556,0.28726309232806385,71.55408462236382,71.48280376201284,-0.0009961815698876775,1.924378179925423,0.00858523156271784,119,I-4m2,False,CHGNET_0070,8,0.8669569679452378,0.23525185696780682,62145b6172dd0d3807642c8aa7da7b7507eeeb227b6536034ca0a02ca490efc0
job_154_Mn_fe_-1.207_n4_generated_crystals_cif__gen_1,prospective,MACE-MP,0.3.16,01bfe22100139f424713cf921144e5509cbe353d67aa9fa1be9c6e1e0ed35845,cuda,DONE,,,True,3,-6.811351624645488,-6.811923996061458,0.08036764782305976,0.8840968362631015,71.55408462236382,71.40887706839412,-0.0020293398306476806,1.9254691595871143,0.005645575261826236,119,I-4m2,False,MACEMP_0069,8,0.8669569679452378,0.17700460366904736,c21199b7df9d7a8bae4a1e696350f8a0b59a09a81e6ebbb4a20bfddefd8963ec
job_154_Mn_fe_-1.207_n4_generated_crystals_cif__gen_2,prospective,CHGNet,0.4.2,131bf40fe7fb7e0a4685589e31019fed2e757e8f4bff5e335330b9854cf9e926,cuda,DONE,,,True,0,-7.677545819963727,-7.677545819963727,0.07524493790499763,1.3272730644598996,71.32584360782037,71.32584360782037,0.0,1.9091189897515248,0.0,44,Imm2,False,CHGNET_0070,8,0.8661709927539096,0.05792359262704849,be18e3e62a3434eb633c29b4c94d9b92dbe98d8f8908b8073c0196ee24ceecd2
job_154_Mn_fe_-1.207_n4_generated_crystals_cif__gen_2,prospective,MACE-MP,0.3.16,01bfe22100139f424713cf921144e5509cbe353d67aa9fa1be9c6e1e0ed35845,cuda,DONE,,,True,4,-6.810972626513276,-6.811374827209818,0.0812420784182449,1.523025981967347,71.32584360782037,71.22401724459802,-0.0014276222764674218,1.907161059721412,0.0051222415093817066,44,Imm2,False,MACEMP_0069,8,0.8661709927539096,0.19813908264040947,a7b69f4b79712f4636a4ca76eaf9772f9e7328c1320a2efde8118c6d70330465
job_154_Mn_fe_-1.207_n4_generated_crystals_cif__gen_3,prospective,CHGNet,0.4.2,131bf40fe7fb7e0a4685589e31019fed2e757e8f4bff5e335330b9854cf9e926,cuda,DONE,,,True,2,-7.718242100306919,-7.718529292515346,0.08035828274642552,1.402375171151349,77.54391643828936,77.60811636153807,0.0008279169559328725,1.9147615005815355,0.002899919876369567,8,Cm,False,CHGNET_0104,3,0.8662168080501971,0.18981908448040485,9a2b38e20fb5a985069992bf33d844760275742ec469b19168909ad84fe0d1fa
job_154_Mn_fe_-1.207_n4_generated_crystals_cif__gen_3,prospective,MACE-MP,0.3.16,01bfe22100139f424713cf921144e5509cbe353d67aa9fa1be9c6e1e0ed35845,cuda,DONE,,,True,2,-6.852096418416791,-6.852312484465149,0.06285178199569673,1.3906581712736197,77.54391643828936,77.61665861540227,0.000938077162646378,1.9136835351327122,0.0023688365646570334,8,Cm,False,MACEMP_0103,3,0.8662168080501971,0.13966364040970802,498e40b73695cc650e5ac1565746264dda61904aee2aa6ff413f54129f4d6445
job_155_Mg_fe_-1.104_n4_generated_crystals_cif__gen_3,prospective,CHGNet,0.4.2,131bf40fe7fb7e0a4685589e31019fed2e757e8f4bff5e335330b9854cf9e926,cuda,DONE,,,True,14,-5.453245435442243,-5.4602236066545755,0.08045136452928325,1.33633156773522,75.98304754098228,77.54340182992831,0.0205355581204405,2.023219776770057,0.048032292326941076,119,I-4m2,False,CHGNET_0020,15,0.3950560614105445,1.169302748516202,b2166f9d0d026f78feba757a8b516253f81e1b149812b8013e4c287955b5dad0
job_155_Mg_fe_-1.104_n4_generated_crystals_cif__gen_3,prospective,MACE-MP,0.3.16,01bfe22100139f424713cf921144e5509cbe353d67aa9fa1be9c6e1e0ed35845,cuda,DONE,,,True,6,-5.064238989893602,-5.065167545244031,0.028912539531831156,1.4123795748277714,75.98304754098228,75.86790367467538,-0.0015153888930923287,2.0261822761104544,0.005878728358269704,119,I-4m2,False,MACEMP_0020,15,0.3950560614105445,0.3540099784731865,b9cb00b77981a9612b6580f6a6c4aeddb047d4fa6b5addf79648a4275a70552d
job_156_Co_fe_-0.846_n4_generated_crystals_cif__gen_1,prospective,CHGNet,0.4.2,131bf40fe7fb7e0a4685589e31019fed2e757e8f4bff5e335330b9854cf9e926,cuda,DONE,,,True,5,-6.535330636160714,-6.5367246355329245,0.07957073481341569,1.4106370191425728,68.4889596896183,67.97312203783083,-0.007531690569183125,1.8826700161385814,0.0136635514289193,12,C2/m,False,CHGNET_0036,18,0.843722431223692,0.4221269693225622,4775727d1de142fa945991b1bc03fb4d978115e897666668ab1f51fd5a17d2fe
job_156_Co_fe_-0.846_n4_generated_crystals_cif__gen_1,prospective,MACE-MP,0.3.16,01bfe22100139f424713cf921144e5509cbe353d67aa9fa1be9c6e1e0ed35845,cuda,DONE,,,True,16,-5.690499713752928,-5.6930022043092325,0.041791835355332,1.5974000686423973,68.4889596896183,67.68673311341976,-0.011713224727519678,1.892114757581843,0.010034743037031378,12,C2/m,False,MACEMP_0036,18,0.843722431223692,0.9448998849838972,69c7a484d2cd5d5d32896c1eb23bdc7b6104df9b9885d27170bdc8a104b420c2
job_156_Co_fe_-0.846_n4_generated_crystals_cif__gen_2,prospective,CHGNet,0.4.2,131bf40fe7fb7e0a4685589e31019fed2e757e8f4bff5e335330b9854cf9e926,cuda,DONE,,,True,12,-6.530413491385324,-6.538394383021763,0.0775141005179448,1.2838061853563671,69.8936951438371,68.60816422300097,-0.018392659283367307,1.88272965546119,0.024689347629855307,10,P2/m,False,CHGNET_0038,18,0.8452052135752925,1.000260153785348,41c0066ffd93187ecd7720a0a588cf1000ea96f0a65ca252fdc1496d613abd32
job_156_Co_fe_-0.846_n4_generated_crystals_cif__gen_2,prospective,MACE-MP,0.3.16,01bfe22100139f424713cf921144e5509cbe353d67aa9fa1be9c6e1e0ed35845,cuda,DONE,,,True,19,-5.686446829326405,-5.6931891694464705,0.016093404825579125,1.4305100458495827,69.8936951438371,67.89416241852413,-0.0286081987967306,1.89253081880227,0.014081604335955608,10,P2/m,False,MACEMP_0038,18,0.8452052135752925,1.1334179304540157,832ffef93f9f2a1e829cc46b62e80f6edaf13a2fc6a462aab332c973c4f009c7
job_157_Ni_fe_-1.031_n4_generated_crystals_cif__gen_0,prospective,CHGNet,0.4.2,131bf40fe7fb7e0a4685589e31019fed2e757e8f4bff5e335330b9854cf9e926,cuda,DONE,,,True,9,-5.815679277692523,-5.820034572056362,0.08944416963934675,1.118660022448984,66.36051174117796,64.99917793449697,-0.02051421501977746,1.8611033399867698,0.032976909054528616,8,Cm,False,CHGNET_0061,10,1.1148684736950543,0.753316143527627,7747c1ad6456cb724af0405a613dedcbee51e4a9ef0d3f944a4a097285fcc107
job_157_Ni_fe_-1.031_n4_generated_crystals_cif__gen_0,prospective,MACE-MP,0.3.16,01bfe22100139f424713cf921144e5509cbe353d67aa9fa1be9c6e1e0ed35845,cuda,DONE,,,True,18,-4.694010922019329,-4.705166098361308,0.09131750244985005,1.1159473155236612,66.36051174117796,64.8024784537409,-0.023478319358261723,1.814642889390386,0.09657608975998351,1,P1,False,MACEMP_0060,10,1.1148684736950543,1.0646457821130753,eb894a77f8f4d4fc6748a722c2f8377baada67661818daa073df9e2448fffdb8
job_157_Ni_fe_-1.031_n4_generated_crystals_cif__gen_1,prospective,CHGNet,0.4.2,131bf40fe7fb7e0a4685589e31019fed2e757e8f4bff5e335330b9854cf9e926,cuda,DONE,,,True,8,-5.817040579659598,-5.819796425955636,0.09131796086089727,0.9735459573534777,63.60914820839154,64.43646263330277,0.013006217630848305,1.8601685677915625,0.025704092713373042,8,Cm,False,CHGNET_0061,10,1.1193975741756912,0.6698091365396976,f84111608d2059a1d8260cf8717c23b9ffb3c97b985781d86da9c98cbe516b0b
job_157_Ni_fe_-1.031_n4_generated_crystals_cif__gen_1,prospective,MACE-MP,0.3.16,01bfe22100139f424713cf921144e5509cbe353d67aa9fa1be9c6e1e0ed35845,cuda,DONE,,,True,10,-4.694807384344442,-4.700398851779945,0.09335155319860373,0.6243128819509193,63.60914820839154,64.99348725840689,0.021763206850059946,1.8095489047550257,0.0540612493301757,8,Cm,False,MACEMP_0060,10,1.1193975741756912,0.6011872347444296,2674eaec598d7145680f9e618dba5b3edc8f3376f020e2f3ef23e4c791671e9d
job_157_Ni_fe_-1.031_n4_generated_crystals_cif__gen_2,prospective,CHGNet,0.4.2,131bf40fe7fb7e0a4685589e31019fed2e757e8f4bff5e335330b9854cf9e926,cuda,DONE,,,True,4,-5.911768232073102,-5.913199833461216,0.09489123519313497,0.7411633717115415,67.80468198567043,68.11795445914518,0.004620218903776507,1.8711124048711616,0.013180141719468862,2,P-1,False,CHGNET_0006,22,1.1171427132372864,0.3468279130756855,1c6632226429aadef176a22f204b772b83bc8836240d2f139002b50867a019e5
job_157_Ni_fe_-1.031_n4_generated_crystals_cif__gen_2,prospective,MACE-MP,0.3.16,01bfe22100139f424713cf921144e5509cbe353d67aa9fa1be9c6e1e0ed35845,cuda,DONE,,,True,4,-4.7947745818639245,-4.79605712022393,0.09960473632284171,0.8636812110363888,67.80468198567043,68.02146418145925,0.0031971567366784193,1.8616812555876887,0.012096094331759087,2,P-1,False,MACEMP_0006,22,1.1171427132372864,0.23192215338349342,68cd7db11a13187d5327fb0931648f83759e59f4e17048ad9bce2413aa86e982
job_158_Co_fe_-1.333_n4_generated_crystals_cif__gen_1,prospective,CHGNet,0.4.2,131bf40fe7fb7e0a4685589e31019fed2e757e8f4bff5e335330b9854cf9e926,cuda,DONE,,,True,9,-6.533834729875837,-6.536822182791574,0.09807555465498284,1.0415418063979036,69.37548699011171,68.55702726972986,-0.011797534776202823,1.887987767054128,0.019036296742976945,12,C2/m,False,CHGNET_0036,18,0.8444229232929761,0.7507889252156019,a7c4b94fae29e738cf39c628f936e765295b582354ab8244062b280fc050d45d
job_158_Co_fe_-1.333_n4_generated_crystals_cif__gen_1,prospective,MACE-MP,0.3.16,01bfe22100139f424713cf921144e5509cbe353d67aa9fa1be9c6e1e0ed35845,cuda,DONE,,,True,9,-5.6889941179592425,-5.692399259498598,0.09263082274071871,1.3129699357271636,69.37548699011171,68.49270794835088,-0.012724653621338233,1.8891801562862045,0.01955231388048714,12,C2/m,False,MACEMP_0036,18,0.8444229232929761,0.5062289498746395,13d90321e370e1832d1bfd1ebb7b723f998b181de5dba87aaf28945b0fd47110
job_158_Co_fe_-1.333_n4_generated_crystals_cif__gen_2,prospective,CHGNet,0.4.2,131bf40fe7fb7e0a4685589e31019fed2e757e8f4bff5e335330b9854cf9e926,cuda,DONE,,,True,11,-6.530779157366071,-6.5369736807686945,0.09288708033038787,0.9232781877201542,70.01952315269973,68.87890964055849,-0.016289935446343606,1.8917557589946188,0.02542016348261618,12,C2/m,False,CHGNET_0036,18,0.8447659219971095,0.9243617840111256,4e63ff2cb8a16cfb2d2da5023de698e68a06e44d30f236fa26b075112ff620d7
job_158_Co_fe_-1.333_n4_generated_crystals_cif__gen_2,prospective,MACE-MP,0.3.16,01bfe22100139f424713cf921144e5509cbe353d67aa9fa1be9c6e1e0ed35845,cuda,DONE,,,True,9,-5.685922505777627,-5.692207758771585,0.09660675506579171,1.1306088223124584,70.01952315269973,68.88529276859511,-0.016198773328277016,1.8915330369622665,0.028507567306084065,12,C2/m,False,MACEMP_0036,18,0.8447659219971095,0.5163948461413383,20a0d49aeb18978191cac32315336c8215e3d44e78d129ac868c59a83ff01741
job_158_Co_fe_-1.333_n4_generated_crystals_cif__gen_3,prospective,CHGNet,0.4.2,131bf40fe7fb7e0a4685589e31019fed2e757e8f4bff5e335330b9854cf9e926,cuda,DONE,,,True,27,-6.456829071044922,-6.471587589808872,0.09664164866264027,1.1076583756192249,80.049959129265,73.94289805376728,-0.07629062078140503,1.8512646720102899,0.012056439903837035,12,C2/m,False,CHGNET_0113,1,0.8639398055408023,2.289850428700447,c4605a3d4fe1df8241a7c3bd070498fdaac0e804927502846f0d9581da05f667
job_158_Co_fe_-1.333_n4_generated_crystals_cif__gen_3,prospective,MACE-MP,0.3.16,01bfe22100139f424713cf921144e5509cbe353d67aa9fa1be9c6e1e0ed35845,cuda,DONE,,,True,22,-5.595597396432397,-5.60764778426807,0.04842811907028113,1.2593004657937057,80.049959129265,75.62790149115853,-0.055241222933864575,1.8446677277346422,0.020598229815094744,12,C2/m,False,MACEMP_0112,1,0.8639398055408023,1.3394388444721699,12723979cc4f72c806e2760c10088b1db499467ff12f4b66e3e5e25eb095e4d3
job_159_Al_fe_-1.408_n4_generated_crystals_cif__gen_1,prospective,CHGNet,0.4.2,131bf40fe7fb7e0a4685589e31019fed2e757e8f4bff5e335330b9854cf9e926,cuda,DONE,,,True,8,-6.9995542253766745,-7.003482818603516,0.06805286939341194,0.96237838419371,67.7061402564035,69.0413382884625,0.019720486605832033,1.8702949290929698,0.026319139308314875,166,R-3m,False,CHGNET_0114,1,0.3956960538592913,0.6791975758969784,bcb05dd8f6bfa15cf21d41bfafd7e0109a69d2bd6ee079bedb2b4854c6a0cab0
job_159_Al_fe_-1.408_n4_generated_crystals_cif__gen_1,prospective,MACE-MP,0.3.16,01bfe22100139f424713cf921144e5509cbe353d67aa9fa1be9c6e1e0ed35845,cuda,DONE,,,True,12,-6.602768602075778,-6.607786764744224,0.08370753632546078,1.5734761028126143,67.7061402564035,68.05610986818364,0.005168949381175736,1.8568311706118272,0.026100992417837473,166,R-3m,False,MACEMP_0113,1,0.3956960538592913,0.6758353151381016,1332a75daf1640c7fa07b158002690a15ed38e6ef36b564b79455408ec213edd
job_160_Ti_fe_-1.290_n4_generated_crystals_cif__gen_0,prospective,CHGNet,0.4.2,131bf40fe7fb7e0a4685589e31019fed2e757e8f4bff5e335330b9854cf9e926,cuda,DONE,,,True,4,-8.544457571847099,-8.545087541852679,0.027558173088705763,1.1766270274590558,70.42168643182872,70.69606646159137,0.003896243382757847,1.9270293112947994,0.006354066217798928,44,Imm2,False,CHGNET_0002,41,0.3886514485855468,0.3478288073092699,dc5173d5a61aff89d35c1d7395c1f4a976921bd36d1489036952641d67b0d8e0
job_160_Ti_fe_-1.290_n4_generated_crystals_cif__gen_0,prospective,MACE-MP,0.3.16,01bfe22100139f424713cf921144e5509cbe353d67aa9fa1be9c6e1e0ed35845,cuda,DONE,,,True,5,-8.154159262372938,-8.156436093267132,0.09360787053785967,1.1790245932157883,70.42168643182872,71.02572640102227,0.008577470943958332,1.941118790466931,0.016391693289688362,44,Imm2,False,MACEMP_0002,41,0.3886514485855468,0.2824100852012634,c2f78695df35624f06c8fc994ec4e99068c0ed328d23c7dfb7c5717a47a709b6
job_160_Ti_fe_-1.290_n4_generated_crystals_cif__gen_2,prospective,CHGNet,0.4.2,131bf40fe7fb7e0a4685589e31019fed2e757e8f4bff5e335330b9854cf9e926,cuda,DONE,,,True,3,-8.537831442696708,-8.538219451904297,0.0978477012654795,0.5268220290464495,70.47877084708396,70.45762031585329,-0.00030009790148810556,2.00120234465217,0.005036475268303474,119,I-4m2,False,CHGNET_0002,41,0.3842896863503409,0.2598594557493925,dd48b60e9c8d07ef77df3e5af02885e02d5d5bd7e681cb91248a32879f8214e4
job_160_Ti_fe_-1.290_n4_generated_crystals_cif__gen_2,prospective,MACE-MP,0.3.16,01bfe22100139f424713cf921144e5509cbe353d67aa9fa1be9c6e1e0ed35845,cuda,DONE,,,True,4,-8.153037841363252,-8.153929765553956,0.05330018121420747,1.1590315220488698,70.47877084708396,70.41945173456051,-0.0008416592941462575,2.0012691629370982,0.010092922886411686,119,I-4m2,False,MACEMP_0002,41,0.3842896863503409,0.22125946171581745,e9879e13afd2315b3ea73ad32208efde68b9a92bfb56b6444bfc88965195b026
job_160_Ti_fe_-1.290_n4_generated_crystals_cif__gen_3,prospective,CHGNet,0.4.2,131bf40fe7fb7e0a4685589e31019fed2e757e8f4bff5e335330b9854cf9e926,cuda,DONE,,,True,0,-8.531720842633929,-8.531720842633929,0.09511148626644099,0.2987863551363547,76.6839457270587,76.6839457270587,0.0,1.988673957687555,0.0,10,P2/m,False,CHGNET_0016,11,0.40925813166618497,0.05611607991158962,d815b14e61c18568205b277c9a63563b972f77e604132e461fa9462a125f4155
job_160_Ti_fe_-1.290_n4_generated_crystals_cif__gen_3,prospective,MACE-MP,0.3.16,01bfe22100139f424713cf921144e5509cbe353d67aa9fa1be9c6e1e0ed35845,cuda,DONE,,,True,2,-8.12230999917525,-8.122462710967744,0.09614337138394206,0.8773313412264484,76.6839457270587,76.65313343778334,-0.0004018088660308061,1.9901867958946622,0.002086003866065947,10,P2/m,False,MACEMP_0016,11,0.40925813166618497,0.14166234619915485,f1eec8c0ac158c0c5badc4972a17a793b20c4e737df697e09f1cf553b83e1bbc
job_161_Co_fe_-0.850_n4_generated_crystals_cif__gen_0,prospective,CHGNet,0.4.2,131bf40fe7fb7e0a4685589e31019fed2e757e8f4bff5e335330b9854cf9e926,cuda,DONE,,,True,5,-6.461026872907366,-6.465945652553013,0.10040860770121467,0.7944190836067853,66.88143480206622,66.38618377637245,-0.007404910303725698,1.855258656334625,0.02836841374949832,44,Imm2,False,CHGNET_0042,12,0.8793046788552585,0.41872253455221653,7f76deb10fe9787c942bbf20d8dc876326255f2e8d535009aef8a234e09d2770
job_161_Co_fe_-0.850_n4_generated_crystals_cif__gen_0,prospective,MACE-MP,0.3.16,01bfe22100139f424713cf921144e5509cbe353d67aa9fa1be9c6e1e0ed35845,cuda,DONE,,,True,12,-5.58399789502433,-5.5866409736977545,0.08961035353157569,0.5154711809335994,66.88143480206622,65.79637865995412,-0.016223577519281718,1.832781202378435,0.023880583513079666,44,Imm2,False,MACEMP_0042,12,0.8793046788552585,0.7074668388813734,0dd8d4676cc225329e7076bf226e7a91ffddab7baccd20982cecbc9fda603b2a
job_161_Co_fe_-0.850_n4_generated_crystals_cif__gen_1,prospective,CHGNet,0.4.2,131bf40fe7fb7e0a4685589e31019fed2e757e8f4bff5e335330b9854cf9e926,cuda,DONE,,,True,4,-6.536107199532645,-6.540860857282366,0.058812929578336566,1.5047740989154297,69.55803382079841,68.85495050134726,-0.010107866494077467,1.8905458926326364,0.02189183302569568,12,C2/m,False,CHGNET_0031,25,0.8426525153379361,0.35209659673273563,ea8c79ff01bfa46cd5ec7b4243d4496ad2bc17de00134ff94b3e10484c7b8706
job_161_Co_fe_-0.850_n4_generated_crystals_cif__gen_1,prospective,MACE-MP,0.3.16,01bfe22100139f424713cf921144e5509cbe353d67aa9fa1be9c6e1e0ed35845,cuda,DONE,,,True,16,-5.692753523272302,-5.69820834194443,0.04770414733774323,1.6301383432283088,69.55803382079841,68.14573118514494,-0.02030394705077454,1.8974492267062284,0.016855307071735413,12,C2/m,False,MACEMP_0031,25,0.8426525153379361,0.9066499881446362,618cbae8994a055cecfb99c0feb4bfbc5d6946c827c022069d31cf27d9fbfcff
job_161_Co_fe_-0.850_n4_generated_crystals_cif__gen_2,prospective,CHGNet,0.4.2,131bf40fe7fb7e0a4685589e31019fed2e757e8f4bff5e335330b9854cf9e926,cuda,DONE,,,True,5,-6.458457401820591,-6.466497148786273,0.07059383771357909,1.0007499671156188,68.0352433184009,67.32893707773974,-0.01038147592646499,1.8639755587418516,0.03637127368871089,119,I-4m2,False,CHGNET_0042,12,0.8810818072039321,0.2561063002794981,44925c72ef01b4efef1013bbe62a05c57db1cdc6d473c03e4414aa0022cc689c
job_161_Co_fe_-0.850_n4_generated_crystals_cif__gen_2,prospective,MACE-MP,0.3.16,01bfe22100139f424713cf921144e5509cbe353d67aa9fa1be9c6e1e0ed35845,cuda,DONE,,,True,13,-5.5801300978501045,-5.58541534158234,0.09989246950365527,0.963761627013898,68.0352433184009,66.50715597145799,-0.02246023196818081,1.8671644700456038,0.027041767680022616,119,I-4m2,False,MACEMP_0042,12,0.8810818072039321,0.7471766695380211,4b7b94ee1d5580ad4cb057ffbebd74ac5e4f71969474964df53f439e6defceee
job_162_Mn_fe_-1.493_n4_generated_crystals_cif__gen_0,prospective,CHGNet,0.4.2,131bf40fe7fb7e0a4685589e31019fed2e757e8f4bff5e335330b9854cf9e926,cuda,DONE,,,True,8,-7.7137249537876675,-7.714795793805804,0.07793655399081516,0.4054469186452268,81.1098072609345,81.12175170867266,0.00014726268180775826,1.9107197452690943,0.01211402162243652,1,P1,False,CHGNET_0034,9,0.870280596684414,0.6375101953744888,37ac0439dfb0951466352d00a2383b09d5815517239b685e6336233bba771748
job_162_Mn_fe_-1.493_n4_generated_crystals_cif__gen_0,prospective,MACE-MP,0.3.16,01bfe22100139f424713cf921144e5509cbe353d67aa9fa1be9c6e1e0ed35845,cuda,DONE,,,True,5,-6.843441199944725,-6.84451519712139,0.09997113127841567,0.7206728451992553,81.1098072609345,81.11647272157995,8.217823307132832e-05,1.9120110268820905,0.010320693282466273,1,P1,False,MACEMP_0034,9,0.870280596684414,0.2954117525368929,5647046ac00dcf2be709491dfee1426d9a7139f12b4edba13236973e0290127f
job_162_Mn_fe_-1.493_n4_generated_crystals_cif__gen_1,prospective,CHGNet,0.4.2,131bf40fe7fb7e0a4685589e31019fed2e757e8f4bff5e335330b9854cf9e926,cuda,DONE,,,True,3,-7.660946437290737,-7.662384033203125,0.09229762589254523,1.3328363713736022,72.51445607888961,72.74516901464409,0.0031816129945660965,1.9407214880043266,0.011128199086048018,166,R-3m,False,CHGNET_0093,5,0.8632163999592608,0.39025595039129257,6d43f977de5c9da30a03f2b567ee85cb37350b68ce8870a98b5d0e3bcc91b6aa
job_162_Mn_fe_-1.493_n4_generated_crystals_cif__gen_1,prospective,MACE-MP,0.3.16,01bfe22100139f424713cf921144e5509cbe353d67aa9fa1be9c6e1e0ed35845,cuda,DONE,,,True,3,-6.798685453884283,-6.799167633243864,0.03350868464087989,1.4895595698796815,72.51445607888961,72.72531707989057,0.002907847792053664,1.934666459637345,0.0041719580316802556,166,R-3m,False,MACEMP_0092,5,0.8632163999592608,0.18262287974357605,2843c26cf0c87ed220d60a7a4f36d98d3684fd0040816b4e418499f863404e8c
job_162_Mn_fe_-1.493_n4_generated_crystals_cif__gen_2,prospective,CHGNet,0.4.2,131bf40fe7fb7e0a4685589e31019fed2e757e8f4bff5e335330b9854cf9e926,cuda,DONE,,,True,20,-7.693279266357422,-7.709988730294364,0.07873813217875421,1.1579296517891988,76.21292678378386,75.55848757968502,-0.008586984278342702,1.9041135370418882,0.07330571837804116,1,P1,False,CHGNET_0012,15,0.865454433331359,1.6310834437608719,8e6a855860f96b53bed9f8beb501232ad0b281448535d667e48299d47b69a21e
job_162_Mn_fe_-1.493_n4_generated_crystals_cif__gen_2,prospective,MACE-MP,0.3.16,01bfe22100139f424713cf921144e5509cbe353d67aa9fa1be9c6e1e0ed35845,cuda,DONE,,,True,19,-6.833180027868588,-6.844534296963005,0.09223304844503052,1.1393241501121993,76.21292678378386,75.60882547377797,-0.00792649404109258,1.912855816177669,0.05725105652738014,1,P1,False,MACEMP_0012,15,0.865454433331359,1.1482519432902336,846e9e0050e6fa323b4225e9d5097ff86d59a8407d91737f81ed03e126fde720
job_162_Mn_fe_-1.493_n4_generated_crystals_cif__gen_3,prospective,CHGNet,0.4.2,131bf40fe7fb7e0a4685589e31019fed2e757e8f4bff5e335330b9854cf9e926,cuda,DONE,,,True,9,-7.667322431291852,-7.669156755719866,0.09769353873350098,0.6762223129468811,71.45832606724166,71.93821299641368,0.00671561951675792,1.875375532698668,0.027785788637195375,1,P1,False,CHGNET_0065,10,0.8668738650117769,0.7515666019171476,0767793560bebde640ea9f5856c388a3cd98fe2875ec7c710a8868ff0a41872b
job_162_Mn_fe_-1.493_n4_generated_crystals_cif__gen_3,prospective,MACE-MP,0.3.16,01bfe22100139f424713cf921144e5509cbe353d67aa9fa1be9c6e1e0ed35845,cuda,DONE,,,True,3,-6.801122038836426,-6.8022828907080894,0.07981970445151748,0.9323014834569849,71.45832606724166,71.56777539863879,0.0015316526067814529,1.8729737721204767,0.009624870775511558,1,P1,False,MACEMP_0064,10,0.8668738650117769,0.18576564267277718,26d819134c5d16e0315084f23829eefa2de932b5099732b3d24c28c075e3bdf3
job_163_Mg_fe_-0.801_n4_generated_crystals_cif__gen_3,prospective,CHGNet,0.4.2,131bf40fe7fb7e0a4685589e31019fed2e757e8f4bff5e335330b9854cf9e926,cuda,DONE,,,True,14,-5.45354243687221,-5.460356576102121,0.061100081020350805,1.4380063583774203,76.45265670599493,77.42459702130445,0.01271296979315184,2.0279885620577924,0.05062003149723249,119,I-4m2,False,CHGNET_0020,15,0.3953302593159167,1.180780841037631,f2ac8d9b1ca9e523ac5b472067801f356b111e2cd6169f8c793ff9f4a56ea912
job_163_Mg_fe_-0.801_n4_generated_crystals_cif__gen_3,prospective,MACE-MP,0.3.16,01bfe22100139f424713cf921144e5509cbe353d67aa9fa1be9c6e1e0ed35845,cuda,DONE,,,True,5,-5.064276270797115,-5.065026316786204,0.016964501750258112,1.4198395658850391,76.45265670599493,76.22395193501777,-0.0029914561616434243,2.023234726906048,0.002603869247509951,119,I-4m2,False,MACEMP_0020,15,0.3953302593159167,0.2752017490565777,f723fb402fa812f325f72785330fb554b0040fb241a9f0c892bd7eddb491f405
job_164_Mn_fe_-1.449_n4_generated_crystals_cif__gen_1,prospective,CHGNet,0.4.2,131bf40fe7fb7e0a4685589e31019fed2e757e8f4bff5e335330b9854cf9e926,cuda,DONE,,,True,23,-7.660655975341797,-7.667995997837612,0.096732992247266,0.9519285319398245,73.25934705679228,74.1289936892377,0.01187079420420245,1.8953577207091765,0.051879455119623025,12,C2/m,False,CHGNET_0093,5,0.8693855380248205,1.8958644475787878,d6d47878e07a4a8d53bfec3a47264f4593b542223b2b37355365ae374850e00e
job_164_Mn_fe_-1.449_n4_generated_crystals_cif__gen_1,prospective,MACE-MP,0.3.16,01bfe22100139f424713cf921144e5509cbe353d67aa9fa1be9c6e1e0ed35845,cuda,DONE,,,True,4,-6.797891613921237,-6.798610459812791,0.08941017227487226,1.4813260805471717,73.25934705679228,73.43399442282966,0.002383960177832156,1.9347270990419254,0.006187176816832495,166,R-3m,False,MACEMP_0092,5,0.8693855380248205,0.24774878658354282,1a0e4f0b738cdf8a523ff41315a9b23a59c3e532173fa80749e09fdd032e2fbb
job_164_Mn_fe_-1.449_n4_generated_crystals_cif__gen_2,prospective,CHGNet,0.4.2,131bf40fe7fb7e0a4685589e31019fed2e757e8f4bff5e335330b9854cf9e926,cuda,DONE,,,True,22,-7.650969914027622,-7.659576416015625,0.08120898193892259,1.2469339825847197,76.44737649865947,76.56526263835278,0.0015420560533607741,1.9088189974782401,0.06731277851819062,8,Cm,False,CHGNET_0115,1,0.874756744591358,1.8482802622020245,a0dfeca1714621f8ceb0e6d71b3a2ba3bcbba00241ec99baba7bb792594b4729
job_164_Mn_fe_-1.449_n4_generated_crystals_cif__gen_2,prospective,MACE-MP,0.3.16,01bfe22100139f424713cf921144e5509cbe353d67aa9fa1be9c6e1e0ed35845,cuda,DONE,,,True,18,-6.78007786559009,-6.784819671424267,0.08160734821017594,0.2042713313670978,76.44737649865947,75.69961387320946,-0.009781403361345142,1.937294210801688,0.039419878387620295,160,R3m,False,MACEMP_0114,1,0.874756744591358,1.0787922777235508,693539fc3bce04610d21dc9f3295445a8af166799f98639b1696cc8db0699be3
job_165_Ni_fe_-1.146_n4_generated_crystals_cif__gen_0,prospective,CHGNet,0.4.2,131bf40fe7fb7e0a4685589e31019fed2e757e8f4bff5e335330b9854cf9e926,cuda,DONE,,,True,4,-5.911270686558315,-5.912265232631138,0.0829960750237015,1.393373816962713,70.74925522059534,70.39147138655682,-0.005057068557442257,1.8740441375806707,0.008745692806812063,10,P2/m,False,CHGNET_0006,22,1.1143763723723454,0.3338779788464308,0c176dd11e8d1902e2891d04ead546bd72533c44526b9b87e54ef6ebefb7b84f
job_165_Ni_fe_-1.146_n4_generated_crystals_cif__gen_0,prospective,MACE-MP,0.3.16,01bfe22100139f424713cf921144e5509cbe353d67aa9fa1be9c6e1e0ed35845,cuda,DONE,,,True,4,-4.795725803894913,-4.797888860258793,0.06856319603126301,1.5425872769179585,70.74925522059534,70.22172606120927,-0.007456321027567658,1.85554854190553,0.01458917646836079,10,P2/m,False,MACEMP_0006,22,1.1143763723723454,0.25067564100027084,0258ae90c871ef3c9acf650fd5842b0baa537b0c309ea1575a3f0a4a59758239
job_165_Ni_fe_-1.146_n4_generated_crystals_cif__gen_2,prospective,CHGNet,0.4.2,131bf40fe7fb7e0a4685589e31019fed2e757e8f4bff5e335330b9854cf9e926,cuda,DONE,,,True,11,-5.89734867640904,-5.901415688650949,0.05666180299736424,1.526895719535107,69.04543013486548,67.75418022224349,-0.018701453667531842,1.87787674517823,0.04606822593015792,12,C2/m,False,CHGNET_0026,30,1.1045328549154725,0.9230445213615894,256b0c5b3b46a0ad6ebd9501e3e611d8cdea36b067fc6436f76095b1a5e18b47
job_165_Ni_fe_-1.146_n4_generated_crystals_cif__gen_2,prospective,MACE-MP,0.3.16,01bfe22100139f424713cf921144e5509cbe353d67aa9fa1be9c6e1e0ed35845,cuda,DONE,,,True,20,-4.79009966260994,-4.796882833735476,0.03462016771874314,1.58603435478742,69.04543013486548,67.50288940328966,-0.02234095331961583,1.8839319570818667,0.03968385021053322,12,C2/m,False,MACEMP_0026,30,1.1045328549154725,1.2382701691240072,3fa9b7abc99625588d56b8aafcb2379529ec146e41b2d7c3f38f08b3f8f949f3
job_165_Ni_fe_-1.146_n4_generated_crystals_cif__gen_3,prospective,CHGNet,0.4.2,131bf40fe7fb7e0a4685589e31019fed2e757e8f4bff5e335330b9854cf9e926,cuda,DONE,,,True,0,-5.8361325945172995,-5.8361325945172995,0.053277668419198,1.043193012124409,66.20465669417953,66.20465669417953,0.0,1.8630868751003555,0.0,119,I-4m2,False,CHGNET_0053,7,1.1372828967041322,0.061071036383509636,06e05f71b13574d90055cbb84ad49dcf3460815f41d0bff95a35ee1b58d61675
job_165_Ni_fe_-1.146_n4_generated_crystals_cif__gen_3,prospective,MACE-MP,0.3.16,01bfe22100139f424713cf921144e5509cbe353d67aa9fa1be9c6e1e0ed35845,cuda,DONE,,,True,8,-4.696497585506156,-4.698849697813167,0.034546485047422304,1.5144134696215197,66.20465669417953,67.26456647587256,0.016009595617859418,1.8598035340728711,0.004089586106739272,119,I-4m2,False,MACEMP_0052,7,1.1372828967041322,0.45609566755592823,556448c4bf713be89e3bd3b3bd61504aaae45067f46dc3e4e89e4bf2cc2bad39
job_166_Ni_fe_-0.847_n4_generated_crystals_cif__gen_0,prospective,CHGNet,0.4.2,131bf40fe7fb7e0a4685589e31019fed2e757e8f4bff5e335330b9854cf9e926,cuda,DONE,,,True,9,-5.817055838448661,-5.821818760463169,0.09049885867969881,0.7289630862046614,67.25909132248802,67.2781415634009,0.00028323666791063573,1.8737211811367245,0.04465982102272466,1,P1,False,CHGNET_0076,9,1.1187752329796554,0.628736462444067,52e36960d1334c1aae42cee17663d8234df179483db8bb846ee0b3f559995a35
job_166_Ni_fe_-0.847_n4_generated_crystals_cif__gen_0,prospective,MACE-MP,0.3.16,01bfe22100139f424713cf921144e5509cbe353d67aa9fa1be9c6e1e0ed35845,cuda,DONE,,,True,14,-4.696392283230476,-4.703043527483514,0.09246274357727871,0.8378537753139926,67.25909132248802,67.38307999558127,0.0018434485309763993,1.7776100718374517,0.06147232026458513,1,P1,False,MACEMP_0075,9,1.1187752329796554,0.7933194171637297,2a4d2a30223ea9498a36a57a35d7f153d2c91103e564e757411a311cd1b3ff7d
job_166_Ni_fe_-0.847_n4_generated_crystals_cif__gen_1,prospective,CHGNet,0.4.2,131bf40fe7fb7e0a4685589e31019fed2e757e8f4bff5e335330b9854cf9e926,cuda,DONE,,,True,4,-5.897143227713449,-5.898392813546317,0.09245264749314303,1.1614130602190986,69.66880495014671,69.5002694669033,-0.002419095366484325,1.8555943012589515,0.012310834505675735,12,C2/m,False,CHGNET_0026,30,1.101613195714827,0.347989434376359,b2a34dde1bc987cb502009813691424e3cb510ac369960ea94c5c8defd1623d5
job_166_Ni_fe_-0.847_n4_generated_crystals_cif__gen_1,prospective,MACE-MP,0.3.16,01bfe22100139f424713cf921144e5509cbe353d67aa9fa1be9c6e1e0ed35845,cuda,DONE,,,True,10,-4.7907496015831965,-4.79677961783149,0.08833513864986292,1.5730194445538035,69.66880495014671,67.79261460826531,-0.02693013527681365,1.8832146962401914,0.050235964308515665,12,C2/m,False,MACEMP_0026,30,1.101613195714827,0.6075414400547743,b8e8d432f44535e922eaee96b2b1686d870f94f50ba3e3a6f99ee1f814e68c04
job_166_Ni_fe_-0.847_n4_generated_crystals_cif__gen_2,prospective,CHGNet,0.4.2,131bf40fe7fb7e0a4685589e31019fed2e757e8f4bff5e335330b9854cf9e926,cuda,DONE,,,True,13,-5.889520917619977,-5.894857134137835,0.08472533237396396,1.3322869642269373,70.3912668123618,67.66412916912672,-0.03874255666551174,1.888914183516665,0.03818274200622998,12,C2/m,False,CHGNET_0005,14,1.1057750759717315,1.139170652255416,bd2fa9112fba468ced554c52d8389d78abb8c0a1b59b6a8cb95d02530ad49168
job_166_Ni_fe_-0.847_n4_generated_crystals_cif__gen_2,prospective,MACE-MP,0.3.16,01bfe22100139f424713cf921144e5509cbe353d67aa9fa1be9c6e1e0ed35845,cuda,DONE,,,True,14,-4.780863011305679,-4.7890820581661036,0.08921665560161585,1.1695131858411056,70.3912668123618,67.95719864611958,-0.03457912148009201,1.8905242420322372,0.04744908056421762,12,C2/m,False,MACEMP_0005,14,1.1057750759717315,0.8158553652465343,db0806169ddc4b0902be8c57c30c3007ffc92d69727fb0ed29ebd6146606474c
job_166_Ni_fe_-0.847_n4_generated_crystals_cif__gen_3,prospective,CHGNet,0.4.2,131bf40fe7fb7e0a4685589e31019fed2e757e8f4bff5e335330b9854cf9e926,cuda,DONE,,,True,7,-5.833126068115234,-5.8345233372279575,0.06461894502507823,1.2855430401057368,68.64911876000862,68.06430386955105,-0.00851889872763012,1.8743817961465181,0.011463339649004393,119,I-4m2,False,CHGNET_0053,7,1.1351325402967811,0.5790595263242722,f2925d5362166f559a12576503e501352adcd94d06b631c2456f0cc02ebdd8f5
job_166_Ni_fe_-0.847_n4_generated_crystals_cif__gen_3,prospective,MACE-MP,0.3.16,01bfe22100139f424713cf921144e5509cbe353d67aa9fa1be9c6e1e0ed35845,cuda,DONE,,,True,13,-4.691677655004028,-4.699390796931176,0.03232551146120744,1.187430280816234,68.64911876000862,68.4246458073612,-0.0032698592014291927,1.856382766769799,0.017807911105752507,119,I-4m2,False,MACEMP_0052,7,1.1351325402967811,0.7415975220501423,f6d30488de8d9c6ba12bb263d97e8cb85ff3911684775a52167b95d9a8a325f6
job_167_Mn_fe_-0.885_n4_generated_crystals_cif__gen_1,prospective,CHGNet,0.4.2,131bf40fe7fb7e0a4685589e31019fed2e757e8f4bff5e335330b9854cf9e926,cuda,DONE,,,True,8,-7.721099308558872,-7.7229189191545755,0.08393689491636898,0.4395083711665414,73.86325013117418,75.0588515709856,0.016186688748303535,1.9269969763030506,0.013545966027402325,10,P2/m,False,CHGNET_0013,35,0.868001653585396,0.6559494733810425,32dabb24e8542b22b0532d9a5a9660f0cb093039d7cefb9e2e726938a023a04f
job_167_Mn_fe_-0.885_n4_generated_crystals_cif__gen_1,prospective,MACE-MP,0.3.16,01bfe22100139f424713cf921144e5509cbe353d67aa9fa1be9c6e1e0ed35845,cuda,DONE,,,True,8,-6.852093052975542,-6.8549172655691795,0.0775720082387831,0.29937968581091,73.86325013117418,75.4932950102395,0.02206841529678849,1.9264995282547772,0.01634213982031226,10,P2/m,False,MACEMP_0013,35,0.868001653585396,0.4691523965448141,379e4c9018b2802acb5675c90fdc008285d06fb13b1af107ebd8d2177f697aa5
job_167_Mn_fe_-0.885_n4_generated_crystals_cif__gen_2,prospective,CHGNet,0.4.2,131bf40fe7fb7e0a4685589e31019fed2e757e8f4bff5e335330b9854cf9e926,cuda,DONE,,,True,28,-7.677619934082031,-7.696892329624721,0.09295506358093819,0.5676289389756144,74.8939804145521,76.21784940767778,0.017676574082426955,1.9022956955358166,0.1278632238650629,1,P1,False,CHGNET_0028,9,0.8717757880600336,2.373282179236412,ad0c332bb326eae85247c2eacda13578f94fcf0ab967d9214a92b4f8d0945dfa
job_167_Mn_fe_-0.885_n4_generated_crystals_cif__gen_2,prospective,MACE-MP,0.3.16,01bfe22100139f424713cf921144e5509cbe353d67aa9fa1be9c6e1e0ed35845,cuda,DONE,,,True,19,-6.813129737989606,-6.825116541564688,0.10052235822938649,1.0193455547598302,74.8939804145521,75.66815578821526,0.01033695057170081,1.9108500370730785,0.09700679419397878,1,P1,False,MACEMP_0028,9,0.8717757880600336,1.1515796277672052,4253eeaf281dd52c5fa7164efffd706d390e6c4be8d0c391891c8c593927d1c5
job_167_Mn_fe_-0.885_n4_generated_crystals_cif__gen_3,development_calibration,CHGNet,0.4.2,131bf40fe7fb7e0a4685589e31019fed2e757e8f4bff5e335330b9854cf9e926,cuda,DONE,,,True,0,-7.722381591796875,-7.722381591796875,0.09686962392393471,0.5595217516328203,75.29957792777672,75.29957792777672,0.0,1.9245043152820362,0.0,2,P-1,False,CHGNET_0013,35,0.8686536495698496,0.05937200225889683,6a8730625dc17d55c74c17844ca4d97673506d92969e66c9bdc030cc730e39f7
job_167_Mn_fe_-0.885_n4_generated_crystals_cif__gen_3,development_calibration,MACE-MP,0.3.16,01bfe22100139f424713cf921144e5509cbe353d67aa9fa1be9c6e1e0ed35845,cuda,DONE,,,True,2,-6.853401581407833,-6.853727942227025,0.09858509123591633,1.3295628032159506,75.29957792777672,75.32943630570814,0.0003965278259601135,1.9211177021080343,0.003101881123935637,2,P-1,False,MACEMP_0013,35,0.8686536495698496,0.13991178385913372,000e4c44bd1b89fb33bd5cbec7d142c5688b1eb853f2d9bafc2bd52d793e24c1
job_168_Co_fe_-1.301_n4_generated_crystals_cif__gen_0,prospective,CHGNet,0.4.2,131bf40fe7fb7e0a4685589e31019fed2e757e8f4bff5e335330b9854cf9e926,cuda,DONE,,,True,11,-6.486692156110491,-6.49028560093471,0.08965317325533037,0.8225148727855592,69.75760767059359,69.12553612441475,-0.009060969366432081,1.8545894695702814,0.0217657203628494,25,Pmm2,False,CHGNET_0116,1,0.8599821558551932,0.7590288668870926,5686d3be19795340f209c87666a8c630da2181626315c609f34aeeb43401479a
job_168_Co_fe_-1.301_n4_generated_crystals_cif__gen_0,prospective,MACE-MP,0.3.16,01bfe22100139f424713cf921144e5509cbe353d67aa9fa1be9c6e1e0ed35845,cuda,DONE,,,True,14,-5.624793689511818,-5.630303445079517,0.07962249535335152,1.0555041476697633,69.75760767059359,68.61403033035508,-0.01639358599622076,1.8525271828324834,0.03477842726537875,25,Pmm2,False,MACEMP_0115,1,0.8599821558551932,0.8213538266718388,26e53f88f1937eee0a98c2da595eb9d67ffe478536ae88c52973b1f8f52abca2
job_168_Co_fe_-1.301_n4_generated_crystals_cif__gen_2,prospective,CHGNet,0.4.2,131bf40fe7fb7e0a4685589e31019fed2e757e8f4bff5e335330b9854cf9e926,cuda,DONE,,,True,4,-6.463729313441685,-6.465026310511997,0.0932409103889642,0.914632858912274,67.08521203284707,66.90206404441123,-0.002730079892214632,1.860184175795534,0.011784887479250848,44,Imm2,False,CHGNET_0042,12,0.8785526236959527,0.3428265396505594,d51f53c81ad17c9edb9026b4542ba28563efd246e30178f399542194ce1402c5
job_168_Co_fe_-1.301_n4_generated_crystals_cif__gen_2,prospective,MACE-MP,0.3.16,01bfe22100139f424713cf921144e5509cbe353d67aa9fa1be9c6e1e0ed35845,cuda,DONE,,,True,11,-5.583310040577561,-5.586473686816045,0.07501444590242405,1.1919499165748413,67.08521203284707,65.76050462183015,-0.01974663820646938,1.8226701573629356,0.03613779212597441,44,Imm2,False,MACEMP_0042,12,0.8785526236959527,0.6521698515862226,72be2346a1642c2d01e581c35c59c4f48063bbe8cc721479692d05261e56388b
job_168_Co_fe_-1.301_n4_generated_crystals_cif__gen_3,prospective,CHGNet,0.4.2,131bf40fe7fb7e0a4685589e31019fed2e757e8f4bff5e335330b9854cf9e926,cuda,DONE,,,True,6,-6.459039960588727,-6.465204511369977,0.09489535401963405,0.918284581101391,68.62701698031239,67.74248476047815,-0.012888979570363612,1.8500090074245321,0.037056756580770504,44,Imm2,False,CHGNET_0042,12,0.8785916630565413,0.503444854170084,fae3714b0bccf942e480290673f581535714d189f33c4ecbb1492599a0476d8e
job_168_Co_fe_-1.301_n4_generated_crystals_cif__gen_3,prospective,MACE-MP,0.3.16,01bfe22100139f424713cf921144e5509cbe353d67aa9fa1be9c6e1e0ed35845,cuda,DONE,,,True,14,-5.579080381354738,-5.586612848313436,0.09820384557214004,1.109376593001903,68.62701698031239,64.92350899113138,-0.05396574340749016,1.845018042774309,0.027310137555595995,44,Imm2,False,MACEMP_0042,12,0.8785916630565413,0.8401934914290905,2ac791b2fc92c3dd43d45775ce519d1d0f79bd53412689a23b5bbc4cbb49ab5c
job_169_Al_fe_-0.916_n4_generated_crystals_cif__gen_1,prospective,CHGNet,0.4.2,131bf40fe7fb7e0a4685589e31019fed2e757e8f4bff5e335330b9854cf9e926,cuda,DONE,,,True,16,-6.960467202322824,-6.967347826276507,0.09625893259000454,0.5970510942941777,69.39308355894218,68.2098878238785,-0.01705062917486111,1.7602009877391394,0.027124752600777468,160,R3m,False,CHGNET_0117,1,0.3803424142937679,1.3364775963127613,3ffcd4f9d90912660b6457482f30c0b6af6c16929640e7be8f2b4feedcb9975c
job_169_Al_fe_-0.916_n4_generated_crystals_cif__gen_1,prospective,MACE-MP,0.3.16,01bfe22100139f424713cf921144e5509cbe353d67aa9fa1be9c6e1e0ed35845,cuda,DONE,,,True,11,-6.581578498933409,-6.587005411982739,0.0669173818001847,0.9031808605375327,69.39308355894218,68.73411030674794,-0.009496238218532516,1.760231838792385,0.029597541939272234,160,R3m,False,MACEMP_0116,1,0.3803424142937679,0.6605003904551268,4887401f41e11dbe307aefbf69939a72d5e5babf04285595e5476b05b8726172
job_169_Al_fe_-0.916_n4_generated_crystals_cif__gen_2,prospective,CHGNet,0.4.2,131bf40fe7fb7e0a4685589e31019fed2e757e8f4bff5e335330b9854cf9e926,cuda,DONE,,,True,4,-7.0366025652204245,-7.038611275809152,0.03869990689771847,1.1737678571600827,63.99835424818947,63.70151934348117,-0.004638164655877741,1.8823306376332118,0.015800710802835616,119,I-4m2,False,CHGNET_0018,9,0.4021247310324618,0.33909440971910954,3376084d9c7515dc32aed093e0126b451d92cb7e71375db5f2162b4ec1e1b2ea
job_169_Al_fe_-0.916_n4_generated_crystals_cif__gen_2,prospective,MACE-MP,0.3.16,01bfe22100139f424713cf921144e5509cbe353d67aa9fa1be9c6e1e0ed35845,cuda,DONE,,,True,5,-6.635620532863795,-6.63648654477669,0.07178300866147636,1.1240138005926195,63.99835424818947,63.53822193328788,-0.007189752303897845,1.8926525147542297,0.007576357938383368,119,I-4m2,False,MACEMP_0018,9,0.4021247310324618,0.2978771608322859,ae0bbcad85b5f16465e04bc7a16e124771154b03a574d9a7026f32b257743e18
job_169_Al_fe_-0.916_n4_generated_crystals_cif__gen_3,prospective,CHGNet,0.4.2,131bf40fe7fb7e0a4685589e31019fed2e757e8f4bff5e335330b9854cf9e926,cuda,DONE,,,True,16,-6.940431867327009,-6.946162632533482,0.05555259064773553,1.4719142693577467,66.65866213793005,66.43656760459162,-0.0033318180445757184,1.7445654840534233,0.021819198034068767,160,R3m,False,CHGNET_0118,1,0.374852577136509,1.3032766245305538,1cf821669da8581aa6acd1ccf78c8e8dfe35b7f244f25293c38bddf84a1fe5da
job_169_Al_fe_-0.916_n4_generated_crystals_cif__gen_3,prospective,MACE-MP,0.3.16,01bfe22100139f424713cf921144e5509cbe353d67aa9fa1be9c6e1e0ed35845,cuda,DONE,,,True,13,-6.565787406373524,-6.571310055396973,0.09520149748773571,1.164325586575637,66.65866213793005,66.51466208930029,-0.0021602601074081074,1.7410779543792005,0.025667442612592288,160,R3m,False,MACEMP_0117,1,0.374852577136509,0.7704098988324404,11990442ee2a441e922d5b32aa1c9edd2cdd4b6faf0f96a448b9e522c1a980b9
job_170_Ti_fe_-1.288_n4_generated_crystals_cif__gen_3,prospective,CHGNet,0.4.2,131bf40fe7fb7e0a4685589e31019fed2e757e8f4bff5e335330b9854cf9e926,cuda,DONE,,,True,11,-8.54230226789202,-8.544379098074776,0.06527050051830723,1.4787996151957976,74.56302249965138,74.86747719752692,0.004083186111144554,1.9472286947087234,0.018452489326377663,12,C2/m,False,CHGNET_0003,9,0.40042659407682635,0.9106654599308968,f0fd8ef636851a0430459ccbe3e0812690e0881a7f07b60f7d89a13337823246
job_170_Ti_fe_-1.288_n4_generated_crystals_cif__gen_3,prospective,MACE-MP,0.3.16,01bfe22100139f424713cf921144e5509cbe353d67aa9fa1be9c6e1e0ed35845,cuda,DONE,,,True,3,-8.142720309672736,-8.14395250399795,0.07747337883418726,1.2678928962956624,74.56302249965138,74.56198771655819,-1.3877966027919797e-05,1.954794053615605,0.010421105458791312,12,C2/m,False,MACEMP_0003,9,0.40042659407682635,0.18578437715768814,277c1929266dbc81828e0a9dd8452983708b1f21892c68ee6a865b0261d65421
job_171_Cr_fe_-1.042_n4_generated_crystals_cif__gen_0,prospective,CHGNet,0.4.2,131bf40fe7fb7e0a4685589e31019fed2e757e8f4bff5e335330b9854cf9e926,cuda,DONE,,,True,10,-8.031229291643415,-8.033409118652344,0.07304714911181748,1.2589631938673598,71.19620339953336,70.75402153368564,-0.006210750640259777,1.7805509871876177,0.01721581608217883,8,Cm,False,CHGNET_0025,12,0.9582091271369366,0.8218890987336636,aad97375ce84adfd51b4d76b6a37da6e55750eb5409ecb7a88a5d61cd055b7ff
job_171_Cr_fe_-1.042_n4_generated_crystals_cif__gen_0,prospective,MACE-MP,0.3.16,01bfe22100139f424713cf921144e5509cbe353d67aa9fa1be9c6e1e0ed35845,cuda,DONE,,,True,14,-7.0657949891128,-7.075199991515407,0.08832156218405607,0.7809568635001706,71.19620339953336,69.47036618209574,-0.02424057934315249,1.8338161194936675,0.04824528126157205,8,Cm,False,MACEMP_0025,12,0.9582091271369366,0.8276849798858166,86423aa612892dc661ede536362f69bf4d725ec2f7b61c4f43401947e46936ba
job_171_Cr_fe_-1.042_n4_generated_crystals_cif__gen_1,prospective,CHGNet,0.4.2,131bf40fe7fb7e0a4685589e31019fed2e757e8f4bff5e335330b9854cf9e926,cuda,DONE,,,True,9,-8.030489240373884,-8.03370121547154,0.06957120490770002,0.8575877746125957,70.78702630664577,70.43006223172837,-0.005042789527152203,1.7750924216230284,0.023930400282432544,8,Cm,False,CHGNET_0025,12,0.9581808567107899,0.7561715543270111,2e869f8bdedb0650de71ee7f85e2745e73e41044766e6d60ebf6b248ede49f00
job_171_Cr_fe_-1.042_n4_generated_crystals_cif__gen_1,prospective,MACE-MP,0.3.16,01bfe22100139f424713cf921144e5509cbe353d67aa9fa1be9c6e1e0ed35845,cuda,DONE,,,True,14,-7.068966569922308,-7.07552035876075,0.0938314703348655,1.0870137977811325,70.78702630664577,68.78042957632297,-0.02834695614462346,1.8303237660690987,0.04964273553812478,8,Cm,False,MACEMP_0025,12,0.9581808567107899,0.8433312959969044,c5b88e36bf0eb157df4ff02f24df1cab6409a31b4fc03a3fcd7a8bc918ad6bca
job_171_Cr_fe_-1.042_n4_generated_crystals_cif__gen_2,prospective,CHGNet,0.4.2,131bf40fe7fb7e0a4685589e31019fed2e757e8f4bff5e335330b9854cf9e926,cuda,DONE,,,True,4,-8.031847272600446,-8.033363342285156,0.05629545654038495,1.4442020356027918,69.7329316559569,70.05413484374895,0.004606190793422726,1.9358035084721001,0.012635472130065344,44,Imm2,False,CHGNET_0022,15,0.954439480934596,0.3288866989314556,9d72b89ea4d478af1bad08a148714831f3ad44f8d5f0e76f155620520aecdb40
job_171_Cr_fe_-1.042_n4_generated_crystals_cif__gen_2,prospective,MACE-MP,0.3.16,01bfe22100139f424713cf921144e5509cbe353d67aa9fa1be9c6e1e0ed35845,cuda,DONE,,,True,4,-7.077715025853874,-7.07892386135056,0.05554100121734012,0.805128113080398,69.7329316559569,69.96751207084661,0.0033639832618403975,1.941427389816376,0.012578097468434812,44,Imm2,False,MACEMP_0022,15,0.954439480934596,0.2432683054357767,e2ef0eb3c6f9e560fa32de7893e2ed1be16c64b3c05a2ee6d2bf19b9cf36e19f
job_171_Cr_fe_-1.042_n4_generated_crystals_cif__gen_3,prospective,CHGNet,0.4.2,131bf40fe7fb7e0a4685589e31019fed2e757e8f4bff5e335330b9854cf9e926,cuda,DONE,,,True,17,-8.014701843261719,-8.019617353166852,0.08001652869021125,1.171799347170301,78.15054423750854,78.72743730578571,0.0073818176687794335,1.7960844994001581,0.02365376215955159,8,Cm,False,CHGNET_0064,6,0.9719558447056711,1.4092102386057377,6e5b763ffa0ce1bfd8c5ee1f2a30eeb280abb2a8de2303c75fc6d614f9d428c8
job_171_Cr_fe_-1.042_n4_generated_crystals_cif__gen_3,prospective,MACE-MP,0.3.16,01bfe22100139f424713cf921144e5509cbe353d67aa9fa1be9c6e1e0ed35845,cuda,DONE,,,True,17,-7.039091905832687,-7.047661508461181,0.07003905793838223,1.3521375474931285,78.15054423750854,78.81962186490284,0.008561394343728379,1.810639501823326,0.030876429976016754,8,Cm,False,MACEMP_0063,6,0.9719558447056711,1.0229819472879171,601dfedaa63dbf62adf8f401ffb21f48a7b5486a11f5543afba841383d1f6fd2
job_172_Mn_fe_-1.032_n4_generated_crystals_cif__gen_1,prospective,CHGNet,0.4.2,131bf40fe7fb7e0a4685589e31019fed2e757e8f4bff5e335330b9854cf9e926,cuda,DONE,,,True,25,-7.693213871547154,-7.714120592389788,0.0972837707404634,0.38661748829726056,75.61808092865272,75.25841013142244,-0.004756412657042075,1.927249632449921,0.08775856406072258,8,Cm,False,CHGNET_0012,15,0.8712971395603812,2.0754418037831783,e20da096eddf34c2265e976d709d0dcc051c55f3271c7e1cc9887b3a0da3c363
job_172_Mn_fe_-1.032_n4_generated_crystals_cif__gen_1,prospective,MACE-MP,0.3.16,01bfe22100139f424713cf921144e5509cbe353d67aa9fa1be9c6e1e0ed35845,cuda,DONE,,,True,10,-6.8351672576916025,-6.842823452829407,0.09651311707538995,0.8770971775870431,75.61808092865272,75.25085978434089,-0.004856261092612391,1.9389229948084292,0.04583101668849178,12,C2/m,False,MACEMP_0012,15,0.8712971395603812,0.5814251191914082,ecce55cb52eaac7134229a48fc392a1fd76fb1e4a8e862e0afe4e1c2943cd409
job_172_Mn_fe_-1.032_n4_generated_crystals_cif__gen_3,prospective,CHGNet,0.4.2,131bf40fe7fb7e0a4685589e31019fed2e757e8f4bff5e335330b9854cf9e926,cuda,DONE,,,True,15,-7.638215201241629,-7.643230438232422,0.08969687061845594,0.40787400156099646,82.17912861533325,82.62053388382908,0.005371257592204026,1.8241062272023703,0.033448641521673476,1,P1,False,CHGNET_0119,1,0.8444605121186868,1.2467270884662867,4ada329d1f2e0b2d63944f732c4e4f82932d215637de0511d416aa468406f6c7
job_172_Mn_fe_-1.032_n4_generated_crystals_cif__gen_3,prospective,MACE-MP,0.3.16,01bfe22100139f424713cf921144e5509cbe353d67aa9fa1be9c6e1e0ed35845,cuda,DONE,,,True,20,-6.76661884557861,-6.798769926113735,0.04624341310821424,0.8201882514934423,82.17912861533325,78.7839755065316,-0.04131405584371417,1.8877278868505487,0.22193336550991336,1,P1,False,MACEMP_0068,6,0.8444605121186868,1.184308961033821,682ac29344317535112c2ef9ce2301a8d33dbd6a209a89e65434129e24b922f2
job_173_Mg_fe_-1.290_n4_generated_crystals_cif__gen_2,prospective,CHGNet,0.4.2,131bf40fe7fb7e0a4685589e31019fed2e757e8f4bff5e335330b9854cf9e926,cuda,DONE,,,True,5,-5.449094499860491,-5.450287955147879,0.06605475780827759,1.5131918758768506,73.19538769267548,73.01472934538725,-0.0024681657271460322,1.978394533769283,0.008734294460742111,139,I4/mmm,False,CHGNET_0015,8,0.3640744649753387,0.4255198519676924,a0b3350533a636e81578570e383561b0af7ecb1169f5b1ea4625747055ab3b8b
job_173_Mg_fe_-1.290_n4_generated_crystals_cif__gen_2,prospective,MACE-MP,0.3.16,01bfe22100139f424713cf921144e5509cbe353d67aa9fa1be9c6e1e0ed35845,cuda,DONE,,,True,8,-5.082787387158265,-5.086213490172541,0.05709791026712351,1.3304081112227935,73.19538769267548,71.85599072246977,-0.01829892582616577,1.9748769976868057,0.008966237218015996,139,I4/mmm,False,MACEMP_0015,8,0.3640744649753387,0.4806605242192745,d96a8e7d180c6a8b9a5c82ac942b31fc66c9967f75cd795ad798027dfc9afb79
job_174_Ti_fe_-1.427_n4_generated_crystals_cif__gen_0,prospective,CHGNet,0.4.2,131bf40fe7fb7e0a4685589e31019fed2e757e8f4bff5e335330b9854cf9e926,cuda,DONE,,,True,4,-8.543333871023995,-8.545115334647042,0.0875908464114249,1.1450858048962336,70.38164960054019,70.71905865092572,0.0047939917904813445,1.9536698612554133,0.013609107684410768,44,Imm2,False,CHGNET_0002,41,0.3879797207158955,0.33956138975918293,722a99f9f131e0f7298c1bd2ec52b252b8dea218343d0c74e8aa104937e34add
job_174_Ti_fe_-1.427_n4_generated_crystals_cif__gen_0,prospective,MACE-MP,0.3.16,01bfe22100139f424713cf921144e5509cbe353d67aa9fa1be9c6e1e0ed35845,cuda,DONE,,,True,5,-8.154365551104815,-8.157135613931146,0.09367027543892831,0.5475195243726255,70.38164960054019,71.04984902965874,0.009493943846315078,1.957495231795904,0.021373314756456787,44,Imm2,False,MACEMP_0002,41,0.3879797207158955,0.29195068031549454,7a397d8979e0bf5af276cc32934af7e4209a655e76d123cd997fa2451373ec3f
job_174_Ti_fe_-1.427_n4_generated_crystals_cif__gen_1,prospective,CHGNet,0.4.2,131bf40fe7fb7e0a4685589e31019fed2e757e8f4bff5e335330b9854cf9e926,cuda,DONE,,,True,10,-8.540847778320312,-8.542665754045759,0.08187734525927984,0.743824609207676,71.11571523103416,71.41499818204788,0.004208394024322715,1.872423030867946,0.01606515295298769,8,Cm,False,CHGNET_0046,5,0.3871192698145318,0.8311580456793308,fc14cdb1d1f4f9b998844e0b01f20fa7229cefd3e2532e00c322f190dd60e559
job_174_Ti_fe_-1.427_n4_generated_crystals_cif__gen_1,prospective,MACE-MP,0.3.16,01bfe22100139f424713cf921144e5509cbe353d67aa9fa1be9c6e1e0ed35845,cuda,DONE,,,True,9,-8.153953938274329,-8.155546484231227,0.09554233870191736,0.6509527485494215,71.11571523103416,71.7418115474898,0.008803909437198776,1.856129865235486,0.02085901093352832,8,Cm,False,MACEMP_0045,5,0.3871192698145318,0.5279416237026453,bb08091e3f58e9765e32c108be0d0ff615c00dbad0389d8a694f7c01d996c294
job_174_Ti_fe_-1.427_n4_generated_crystals_cif__gen_2,prospective,CHGNet,0.4.2,131bf40fe7fb7e0a4685589e31019fed2e757e8f4bff5e335330b9854cf9e926,cuda,DONE,,,True,3,-8.531044006347656,-8.53165054321289,0.07953601177615871,0.3124074967546767,75.76962654459085,75.88451581516792,0.0015162971736366604,1.9905349508356205,0.006759273340326589,10,P2/m,False,CHGNET_0016,11,0.40888754004079964,0.2559855356812477,3d67f15a4dd889868ee2246db9e324e4d61fe1e691e422a2dd7b575bf3d5807e
job_174_Ti_fe_-1.427_n4_generated_crystals_cif__gen_2,prospective,MACE-MP,0.3.16,01bfe22100139f424713cf921144e5509cbe353d67aa9fa1be9c6e1e0ed35845,cuda,DONE,,,True,2,-8.122580682976617,-8.122763003172091,0.08484882514827635,0.4591853181072712,75.76962654459085,75.7923902642259,0.0003004333091394251,1.9859341487356776,0.002435479576555764,10,P2/m,False,MACEMP_0016,11,0.40888754004079964,0.14024987816810608,1c153f1a0c6c2ae5872ccf96d0d3ef41a6bb1a65981c8fe46024b075a02f3078
job_174_Ti_fe_-1.427_n4_generated_crystals_cif__gen_3,prospective,CHGNet,0.4.2,131bf40fe7fb7e0a4685589e31019fed2e757e8f4bff5e335330b9854cf9e926,cuda,DONE,,,True,16,-8.503451211111885,-8.507041931152344,0.057836570841858406,0.8436852520798731,74.97243326757378,76.31499967396917,0.017907467423443846,1.9518518322263936,0.018553815840045836,156,P3m1,False,CHGNET_0120,1,0.41026532308798735,1.4410637076944113,728538c7723abeebe81641e48c1241a8f98fa4568537ecd128b0f973e704488f
job_174_Ti_fe_-1.427_n4_generated_crystals_cif__gen_3,prospective,MACE-MP,0.3.16,01bfe22100139f424713cf921144e5509cbe353d67aa9fa1be9c6e1e0ed35845,cuda,DONE,,,True,16,-8.092067599762041,-8.096776608064356,0.062072103417103466,1.4860207244257955,74.97243326757378,75.32525237689954,0.004705984505885885,1.9431018895456034,0.01671004858378661,156,P3m1,False,MACEMP_0118,1,0.41026532308798735,0.9554413054138422,6b26972f2bb8593496afd58f1bcad02fe6219125316e51b8017743bcc3d287bd
job_175_Ni_fe_-1.315_n4_generated_crystals_cif__gen_1,prospective,CHGNet,0.4.2,131bf40fe7fb7e0a4685589e31019fed2e757e8f4bff5e335330b9854cf9e926,cuda,DONE,,,True,16,-5.887184143066406,-5.894992283412388,0.09749693917228507,0.5109069409943273,70.72073074846823,66.91671004154941,-0.05378932975747308,1.8892561722522618,0.04665120400529502,12,C2/m,False,CHGNET_0005,14,1.105667641175673,1.3170669674873352,a6075254bd0ae0de25056cc4a2aa1091512e0fac8792669a3bc8c30d7632f2ae
job_175_Ni_fe_-1.315_n4_generated_crystals_cif__gen_1,prospective,MACE-MP,0.3.16,01bfe22100139f424713cf921144e5509cbe353d67aa9fa1be9c6e1e0ed35845,cuda,DONE,,,True,22,-4.77805099641501,-4.789324642236715,0.03729852531797729,1.1273304764891634,70.72073074846823,67.95880629231056,-0.03905395810997747,1.8807071684642207,0.04499145020804858,12,C2/m,False,MACEMP_0005,14,1.105667641175673,1.3326378129422665,aca6dd2dc003503a69f9a77e4e5754e3d926db77d34a59d823a47642ae3ceaa4
job_175_Ni_fe_-1.315_n4_generated_crystals_cif__gen_2,prospective,CHGNet,0.4.2,131bf40fe7fb7e0a4685589e31019fed2e757e8f4bff5e335330b9854cf9e926,cuda,DONE,,,True,16,-5.815202985491071,-5.820791516985212,0.09513199740422452,0.9451882224262056,66.1332043162765,64.56017453359466,-0.02378577900382628,1.8440073935518502,0.062378537472903034,8,Cm,False,CHGNET_0061,10,1.1227839433962945,1.3306171484291553,e47df2d2f759c975ef8b9211786dadd37234d7a0bbae391d5682ce794dae476e
job_175_Ni_fe_-1.315_n4_generated_crystals_cif__gen_2,prospective,MACE-MP,0.3.16,01bfe22100139f424713cf921144e5509cbe353d67aa9fa1be9c6e1e0ed35845,cuda,DONE,,,True,9,-4.693331000037088,-4.698007573588917,0.08435319551620228,1.5164805868141096,66.1332043162765,65.47393714858777,-0.009968777023654396,1.8605100419741314,0.04976476922203406,8,Cm,False,MACEMP_0060,10,1.1227839433962945,0.5456380862742662,32b46b164346369974d7bf1217a87a48b412988571d249fb6d49416d5ec86e61
job_176_Mn_fe_-0.980_n4_generated_crystals_cif__gen_0,prospective,CHGNet,0.4.2,131bf40fe7fb7e0a4685589e31019fed2e757e8f4bff5e335330b9854cf9e926,cuda,DONE,,,True,3,-7.678079877580915,-7.6784515380859375,0.06909470941998092,0.8410725092395412,71.27902819271257,71.26770912475452,-0.00015879941470942072,1.9175434166066807,0.005458771992493707,119,I-4m2,False,CHGNET_0070,8,0.8669238616927135,0.2637867983430624,1f008541113b13e1bfd2f81fb1d6d0eaccf2f523e987721a6cf983e065b5d963
job_176_Mn_fe_-0.980_n4_generated_crystals_cif__gen_0,prospective,MACE-MP,0.3.16,01bfe22100139f424713cf921144e5509cbe353d67aa9fa1be9c6e1e0ed35845,cuda,DONE,,,True,1,-6.81146798940162,-6.811527676393224,0.09607341139251993,1.2901765232964928,71.27902819271257,71.26165659856082,-0.00024371255602406716,1.9203765401342086,0.0006831997511766358,119,I-4m2,False,MACEMP_0069,8,0.8669238616927135,0.09658588096499443,c3d6ee2cbeca69198ae8546174a41aefdeec684291d2ebc2b96120dc7e99007f
job_176_Mn_fe_-0.980_n4_generated_crystals_cif__gen_1,prospective,CHGNet,0.4.2,131bf40fe7fb7e0a4685589e31019fed2e757e8f4bff5e335330b9854cf9e926,cuda,DONE,,,True,2,-7.7225445338657925,-7.7226698739188055,0.07158958467808603,0.4685467099362159,75.20131763670952,75.2359755861007,0.00046086891134811125,1.9188941063099645,0.0019575513266263745,2,P-1,False,CHGNET_0013,35,0.8686723727739674,0.18563074432313442,412f2172210816de96f315a44247dd1eab513dc0e55961b737bda82122732169
job_176_Mn_fe_-0.980_n4_generated_crystals_cif__gen_1,prospective,MACE-MP,0.3.16,01bfe22100139f424713cf921144e5509cbe353d67aa9fa1be9c6e1e0ed35845,cuda,DONE,,,True,1,-6.85392628599203,-6.853997501144838,0.09763552942474442,1.0589670504353614,75.20131763670952,75.21703807313764,0.00020904469392513114,1.917627049396938,0.0007835293483102187,2,P-1,False,MACEMP_0013,35,0.8686723727739674,0.09494084678590298,cab5c05f6c1b185cbc176ba9cc8947b8d07061e06aabd82517d4ce9e02a8dafa
job_176_Mn_fe_-0.980_n4_generated_crystals_cif__gen_2,prospective,CHGNet,0.4.2,131bf40fe7fb7e0a4685589e31019fed2e757e8f4bff5e335330b9854cf9e926,cuda,DONE,,,True,8,-7.713296072823661,-7.714578901018415,0.08281783647821131,0.5355754636331888,81.70021418921262,81.43239479507649,-0.00327807456558038,1.9175342850922934,0.012258171160528753,1,P1,False,CHGNET_0034,9,0.870193437766865,0.6625719722360373,7357d32ba53cc7824e517f5b3cb2d062f6dffec7b7f395cc00f760bd0f3bdcfe
job_176_Mn_fe_-0.980_n4_generated_crystals_cif__gen_2,prospective,MACE-MP,0.3.16,01bfe22100139f424713cf921144e5509cbe353d67aa9fa1be9c6e1e0ed35845,cuda,DONE,,,True,5,-6.842866835449717,-6.84438546325155,0.09104469565559344,1.0371757470002474,81.70021418921262,81.49530622418624,-0.0025080468522619137,1.915218169035333,0.011310064241988379,1,P1,False,MACEMP_0034,9,0.870193437766865,0.29775748029351234,e61dcb6e96b75296465552661832d3b25d83afa546bf6c835a4e2ed17230cb9a
job_176_Mn_fe_-0.980_n4_generated_crystals_cif__gen_3,prospective,CHGNet,0.4.2,131bf40fe7fb7e0a4685589e31019fed2e757e8f4bff5e335330b9854cf9e926,cuda,DONE,,,True,9,-7.660986219133649,-7.663114275251116,0.09318250109953023,0.7265769999248358,71.3877190405773,71.3142218723519,-0.0010295491887564179,1.8727703169191692,0.01712005286392033,8,Cm,False,CHGNET_0065,10,0.8640029608783815,0.7307907678186893,ad3c0e05afe930e41c2dd50f9cc6291a37e63104d4b142001ef836fb74004b9e
job_176_Mn_fe_-0.980_n4_generated_crystals_cif__gen_3,prospective,MACE-MP,0.3.16,01bfe22100139f424713cf921144e5509cbe353d67aa9fa1be9c6e1e0ed35845,cuda,DONE,,,True,4,-6.797243362884511,-6.799111314372735,0.09850783987762826,0.8307237496138689,71.3877190405773,71.29711741292554,-0.0012691486556707376,1.8771448180282186,0.017169814482159183,8,Cm,False,MACEMP_0064,10,0.8640029608783815,0.23060542903840542,4a4a664413e29cf93b27ca2569d7f1b48f61f6a77b81aa8319bd1643e984336b
job_177_Ni_fe_-1.309_n4_generated_crystals_cif__gen_1,prospective,CHGNet,0.4.2,131bf40fe7fb7e0a4685589e31019fed2e757e8f4bff5e335330b9854cf9e926,cuda,DONE,,,True,12,-5.815650394984654,-5.81908198765346,0.08764007085633974,1.5748808084162091,67.80092765023622,67.10905974414024,-0.010204401769620453,1.891989631934753,0.025028375278731536,8,Cm,False,CHGNET_0076,9,1.1227906719801757,0.9825297761708498,59a3ebea7c5e39fdf16e20a95916d383f9b733e4b0cea0b08c0efa790cdd92d1
job_177_Ni_fe_-1.309_n4_generated_crystals_cif__gen_1,prospective,MACE-MP,0.3.16,01bfe22100139f424713cf921144e5509cbe353d67aa9fa1be9c6e1e0ed35845,cuda,DONE,,,True,4,-4.694708286739176,-4.696291315673284,0.09144637594972682,1.1955159347191973,67.80092765023622,67.63055536829647,-0.002512831134385718,1.8756309038421874,0.013423164495673715,8,Cm,False,MACEMP_0075,9,1.1227906719801757,0.2542023565620184,05425497ef5407b0d326b69cb3a4a9b7e1aba081ed3a36c70574c2b058134c22
job_177_Ni_fe_-1.309_n4_generated_crystals_cif__gen_2,prospective,CHGNet,0.4.2,131bf40fe7fb7e0a4685589e31019fed2e757e8f4bff5e335330b9854cf9e926,cuda,DONE,,,True,15,-5.898177555629185,-5.902925218854632,0.02601855726707965,1.4139237630914014,69.71466493373714,69.35985691976143,-0.00508943153227448,1.8600464903191887,0.031276256599149975,2,P-1,False,CHGNET_0026,30,1.107575436802617,1.2692570015788078,d082b8cd2faad04b5d56834b97ab1c7f2e6e69ff3ce9c1045cf34841bc68b0f4
job_177_Ni_fe_-1.309_n4_generated_crystals_cif__gen_2,prospective,MACE-MP,0.3.16,01bfe22100139f424713cf921144e5509cbe353d67aa9fa1be9c6e1e0ed35845,cuda,DONE,,,True,3,-4.794647218186479,-4.795349782052015,0.09511817273688855,1.3323676353258593,69.71466493373714,69.58467451771807,-0.00186460648046749,1.8550460373717081,0.006175681948715073,2,P-1,False,MACEMP_0026,30,1.107575436802617,0.18880137242376804,b9a1b967ff7b0748656c2967cc62b6b0bc163e6fbf81b75f8bc3abbd63cf469e
job_178_Mg_fe_-1.353_n4_generated_crystals_cif__gen_1,prospective,CHGNet,0.4.2,131bf40fe7fb7e0a4685589e31019fed2e757e8f4bff5e335330b9854cf9e926,cuda,DONE,,,True,0,-5.451311383928571,-5.451311383928571,0.05040970804595801,1.141592846749499,73.20998745825713,73.20998745825713,0.0,1.9889797981339639,0.0,139,I4/mmm,False,CHGNET_0015,8,0.3644786868885417,0.06246980093419552,36a07883122d7f7981a2a09fd8aa0086aa4943bf03901ee3e7c292ec8d768622
job_178_Mg_fe_-1.353_n4_generated_crystals_cif__gen_1,prospective,MACE-MP,0.3.16,01bfe22100139f424713cf921144e5509cbe353d67aa9fa1be9c6e1e0ed35845,cuda,DONE,,,True,7,-5.085047717348041,-5.0868326970400295,0.02290540423527305,1.2201247309302046,73.20998745825713,72.12788027574022,-0.014780868295243277,1.9772316233478293,0.005087860370063558,139,I4/mmm,False,MACEMP_0015,8,0.3644786868885417,0.3836130443960428,a9770959c6ebfd8a794641dd7c19740de13e024a884d8f6fac8ec36627a810a9
job_179_Co_fe_-1.357_n4_generated_crystals_cif__gen_0,prospective,CHGNet,0.4.2,131bf40fe7fb7e0a4685589e31019fed2e757e8f4bff5e335330b9854cf9e926,cuda,DONE,,,True,16,-6.503633771623884,-6.519004276820591,0.08255931062819362,1.623214014318813,69.62183777570509,67.62042114385586,-0.02874696640868668,1.878794755305527,0.03441905006045515,166,R-3m,False,CHGNET_0121,1,0.8721440327190173,1.313189895823598,224b318dce31130ab87213661fad723661085535c52f2af4c674fb14f4a28be2
job_179_Co_fe_-1.357_n4_generated_crystals_cif__gen_0,prospective,MACE-MP,0.3.16,01bfe22100139f424713cf921144e5509cbe353d67aa9fa1be9c6e1e0ed35845,cuda,DONE,,,True,11,-5.641750119687968,-5.646860244101574,0.08502383871565553,0.4710465571025161,69.62183777570509,66.63863135079187,-0.042848717014968285,1.8736058823218502,0.021234466688099536,166,R-3m,False,MACEMP_0119,1,0.8721440327190173,0.6490996200591326,9a6bad9c725f75995291350d0920b15161e62fedd7bf01aa4a018eb15b09c918
job_179_Co_fe_-1.357_n4_generated_crystals_cif__gen_3,prospective,CHGNet,0.4.2,131bf40fe7fb7e0a4685589e31019fed2e757e8f4bff5e335330b9854cf9e926,cuda,DONE,,,True,5,-6.453757149832589,-6.45592771257673,0.0870090590001652,1.5256393349139994,66.45574547983769,66.29276566604875,-0.002452456331836439,1.8414156101966874,0.01907590148700857,8,Cm,False,CHGNET_0122,2,0.8522078991326847,0.4242735132575035,571991c189ada9529082b2dcf469044a448af8310e6763f3d9627031ffd3681c
job_179_Co_fe_-1.357_n4_generated_crystals_cif__gen_3,prospective,MACE-MP,0.3.16,01bfe22100139f424713cf921144e5509cbe353d67aa9fa1be9c6e1e0ed35845,cuda,DONE,,,True,19,-5.58830110490821,-5.603719813444045,0.07059824987003688,1.7412331215991852,66.45574547983769,62.050651210357735,-0.06628613128441141,1.7997726011412332,0.044130582660729036,8,Cm,False,MACEMP_0120,2,0.8522078991326847,1.159436410292983,4740d974fed4f7db9dfd8a0b4983774455d68e4db0e8c7827d9b039066670aa1
job_180_Ti_fe_-0.903_n4_generated_crystals_cif__gen_0,prospective,CHGNet,0.4.2,131bf40fe7fb7e0a4685589e31019fed2e757e8f4bff5e335330b9854cf9e926,cuda,DONE,,,True,0,-8.532007489885602,-8.532007489885602,0.047486348588620234,0.4858662778275512,76.65029392064352,76.65029392064352,0.0,1.996189719429123,0.0,10,P2/m,False,CHGNET_0016,11,0.4095019830625741,0.06110354885458946,0ac62ea4fe692f0f76f7a47b1e73ade18479e4aa507860eeda60378a09325141
job_180_Ti_fe_-0.903_n4_generated_crystals_cif__gen_0,prospective,MACE-MP,0.3.16,01bfe22100139f424713cf921144e5509cbe353d67aa9fa1be9c6e1e0ed35845,cuda,DONE,,,True,0,-8.122505506823028,-8.122505506823028,0.08857736204844308,1.1277237389598445,76.65029392064352,76.65029392064352,0.0,1.996189719429123,0.0,10,P2/m,False,MACEMP_0016,11,0.4095019830625741,0.04880833253264427,0ac62ea4fe692f0f76f7a47b1e73ade18479e4aa507860eeda60378a09325141
job_180_Ti_fe_-0.903_n4_generated_crystals_cif__gen_1,prospective,CHGNet,0.4.2,131bf40fe7fb7e0a4685589e31019fed2e757e8f4bff5e335330b9854cf9e926,cuda,DONE,,,True,3,-8.544022696358818,-8.54492677961077,0.07064487231239047,0.7439649452808532,76.18569887535588,76.07502620698172,-0.0014526698580954456,1.9477402965982624,0.008202046289332583,12,C2/m,False,CHGNET_0003,9,0.40036801940780364,0.2573745734989643,1c54e8da202df19a7cfd964e19663c38fcbef6ece6ebe9e7fa1d02c15f29d867
job_180_Ti_fe_-0.903_n4_generated_crystals_cif__gen_1,prospective,MACE-MP,0.3.16,01bfe22100139f424713cf921144e5509cbe353d67aa9fa1be9c6e1e0ed35845,cuda,DONE,,,True,2,-8.144015689514678,-8.144558760202967,0.09150317207245005,1.3192303132686527,76.18569887535588,76.10031748774377,-0.001120700982894518,1.9490721906677455,0.004099007189176091,12,C2/m,False,MACEMP_0003,9,0.40036801940780364,0.13616900704801083,b4ab96997c748b9c22e2ae33dbd61ed10022633dc31173be8bf7e3dc1101da14
job_180_Ti_fe_-0.903_n4_generated_crystals_cif__gen_2,prospective,CHGNet,0.4.2,131bf40fe7fb7e0a4685589e31019fed2e757e8f4bff5e335330b9854cf9e926,cuda,DONE,,,True,3,-8.543836321149554,-8.54485103062221,0.06660936963059336,0.782947187830064,76.37287739458422,76.1895176411158,-0.002400849093600166,1.9485447866286887,0.00834574916143725,12,C2/m,False,CHGNET_0003,9,0.4002048185320657,0.26158782839775085,8e910c540a3ab79e1ea29e40c87ca0cc5edb7d7c6042faa1320cf224022ef8c4
job_180_Ti_fe_-0.903_n4_generated_crystals_cif__gen_2,prospective,MACE-MP,0.3.16,01bfe22100139f424713cf921144e5509cbe353d67aa9fa1be9c6e1e0ed35845,cuda,DONE,,,True,3,-8.143737090194712,-8.144646212090144,0.049846978892335185,0.9012646255033164,76.37287739458422,76.14625308183226,-0.002967340245426442,1.9526658416861402,0.007719997302444176,12,C2/m,False,MACEMP_0003,9,0.4002048185320657,0.19763783179223537,6ca873671eb50656aef36e25c95f8ac663233f27b50f95f5cce5e5a46e7ba781
job_180_Ti_fe_-0.903_n4_generated_crystals_cif__gen_3,prospective,CHGNet,0.4.2,131bf40fe7fb7e0a4685589e31019fed2e757e8f4bff5e335330b9854cf9e926,cuda,DONE,,,True,4,-8.537254333496094,-8.538737160818917,0.0906961893674959,0.7183710326985293,71.40312397413696,71.05091992363369,-0.004932614021633697,2.000763703963616,0.012220221406102552,119,I-4m2,False,CHGNET_0002,41,0.3846333840461327,0.3382758814841509,3a0866097cb88b72f20d9ae72474d4bb451354152a1405b451cef0584bfcf932
job_180_Ti_fe_-0.903_n4_generated_crystals_cif__gen_3,prospective,MACE-MP,0.3.16,01bfe22100139f424713cf921144e5509cbe353d67aa9fa1be9c6e1e0ed35845,cuda,DONE,,,True,4,-8.15241789455414,-8.154103776772784,0.07790882074690675,1.1632110174459698,71.40312397413696,70.99541631737331,-0.005709941443336919,1.998398447245925,0.011824272364501127,119,I-4m2,False,MACEMP_0002,41,0.3846333840461327,0.24762334488332272,42f138487d575a0625b5fede62d17ad36510f00580bfbf5d3fdf58d31d647cd0
job_181_Mg_fe_-1.158_n4_generated_crystals_cif__gen_0,prospective,CHGNet,0.4.2,131bf40fe7fb7e0a4685589e31019fed2e757e8f4bff5e335330b9854cf9e926,cuda,DONE,,,True,16,-5.4518568856375555,-5.46276365007673,0.052991152621996586,1.1756845897788994,75.61109920644148,78.2713554219183,0.03518340883014415,2.02861085178121,0.08870776502379815,119,I-4m2,False,CHGNET_0020,15,0.3981469904852162,1.416317855939269,9d65c7c5047fe331756d61dc428b62dbd367a114df8afd07db0be12177078bd9
job_181_Mg_fe_-1.158_n4_generated_crystals_cif__gen_0,prospective,MACE-MP,0.3.16,01bfe22100139f424713cf921144e5509cbe353d67aa9fa1be9c6e1e0ed35845,cuda,DONE,,,True,5,-5.063333127062293,-5.064616659591514,0.024566039037527066,1.4328609070321827,75.61109920644148,75.60620728728878,-6.469842660716818e-05,2.0170132922303923,0.011067062381342009,119,I-4m2,False,MACEMP_0020,15,0.3981469904852162,0.29876179806888103,0f6ab6f10facf4d7153f44b1e7caa0879baaf95a204d43f3804b8ebe83363213
job_181_Mg_fe_-1.158_n4_generated_crystals_cif__gen_3,prospective,CHGNet,0.4.2,131bf40fe7fb7e0a4685589e31019fed2e757e8f4bff5e335330b9854cf9e926,cuda,DONE,,,True,59,-5.375039236886161,-5.4876845223563055,0.05835052332965465,0.3591455642135994,74.114993772073,76.93149479995839,0.03800177109299918,1.5482414378836562,0.29489433999404446,1,P1,False,CHGNET_0123,1,0.22799598284119504,4.866237681359053,d74300516acb24319fcf45344f0ca1e29fc5c8baf98ba1c8b4bcc6cf55bc1fdd
job_181_Mg_fe_-1.158_n4_generated_crystals_cif__gen_3,prospective,MACE-MP,0.3.16,01bfe22100139f424713cf921144e5509cbe353d67aa9fa1be9c6e1e0ed35845,cuda,DONE,,,True,57,-5.005770647047106,-5.2596885395151105,0.09199966324462838,0.7548243260935575,74.114993772073,78.37373055316621,0.057461204060681226,1.5276523701439109,0.40245713920203097,1,P1,False,MACEMP_0121,1,0.22799598284119504,3.521097242832184,b09b50fd9c4395b447ab6d6123c61ceef296fa6837a100c0c4a7664a6ca20144
job_182_Cr_fe_-1.464_n4_generated_crystals_cif__gen_0,prospective,CHGNet,0.4.2,131bf40fe7fb7e0a4685589e31019fed2e757e8f4bff5e335330b9854cf9e926,cuda,DONE,,,True,4,-8.080748421805245,-8.081832885742188,0.09915550293849039,0.6437704353552443,73.61222755626379,73.80056190126774,0.0025584655057477868,1.9455153822091118,0.01105385311365854,10,P2/m,False,CHGNET_0023,20,0.9787839722306462,0.3358395677059889,38a9bb21c3c0621d2291f7406398510a27cbc7948e0257156c84872d6af8b5f9
job_182_Cr_fe_-1.464_n4_generated_crystals_cif__gen_0,prospective,MACE-MP,0.3.16,01bfe22100139f424713cf921144e5509cbe353d67aa9fa1be9c6e1e0ed35845,cuda,DONE,,,True,6,-7.101491938515153,-7.103048913511541,0.09044512005563402,0.5009110970087133,73.61222755626379,73.91246769406187,0.004078672087033386,1.939292742839183,0.019377644460842287,10,P2/m,False,MACEMP_0023,20,0.9787839722306462,0.3542756363749504,d620d90a98b691eaca7f45f48ff6fc2fcd5afb7d5cd06c2307465fda12d01746
job_182_Cr_fe_-1.464_n4_generated_crystals_cif__gen_1,prospective,CHGNet,0.4.2,131bf40fe7fb7e0a4685589e31019fed2e757e8f4bff5e335330b9854cf9e926,cuda,DONE,,,True,9,-8.031580243791852,-8.033350263323102,0.10000104759189428,1.168645254756884,70.974477732447,70.47816464243294,-0.0069928389171810545,1.9225610913926685,0.018052437573925467,44,Imm2,False,CHGNET_0022,15,0.95521559646859,0.7453811056911945,73bd36976631ac630890b775c22ec4c95352dde6ee256527a318fa6a30da4d4e
job_182_Cr_fe_-1.464_n4_generated_crystals_cif__gen_1,prospective,MACE-MP,0.3.16,01bfe22100139f424713cf921144e5509cbe353d67aa9fa1be9c6e1e0ed35845,cuda,DONE,,,True,5,-7.07660012990703,-7.078134666854512,0.09117069163906082,1.2656347682938212,70.974477732447,70.45140432105791,-0.007369880386593697,1.9435630302409153,0.014370350686624336,44,Imm2,False,MACEMP_0022,15,0.95521559646859,0.30717769265174866,65dfcbc82262ae91ab632fb98763953e865c016b552bc4a762105d4e13e59246
job_182_Cr_fe_-1.464_n4_generated_crystals_cif__gen_2,development_calibration,CHGNet,0.4.2,131bf40fe7fb7e0a4685589e31019fed2e757e8f4bff5e335330b9854cf9e926,cuda,DONE,,,True,8,-8.049186706542969,-8.0516357421875,0.0843114508766888,0.984509330708734,76.51479239151195,76.78963863555505,0.0035920667815023677,1.9026749885979908,0.018326814911196646,156,P3m1,False,CHGNET_0124,1,1.0012154993038296,0.536088403314352,c82a1cd39514a413687eccb7742ef94b64006830cbd4a020f81b288d25808bd3
job_182_Cr_fe_-1.464_n4_generated_crystals_cif__gen_2,development_calibration,MACE-MP,0.3.16,01bfe22100139f424713cf921144e5509cbe353d67aa9fa1be9c6e1e0ed35845,cuda,DONE,,,True,9,-7.0482795106487695,-7.05042024288367,0.08753051536145737,0.5697467009866536,76.51479239151195,76.49857491343492,-0.00021195219342740046,1.9136981697532074,0.017408899690548162,156,P3m1,False,MACEMP_0122,1,1.0012154993038296,0.49418423883616924,216a62c7aa80e13b2aba3be54aeeafda8875a8547d36cc27346166a67be0886b
job_182_Cr_fe_-1.464_n4_generated_crystals_cif__gen_3,prospective,CHGNet,0.4.2,131bf40fe7fb7e0a4685589e31019fed2e757e8f4bff5e335330b9854cf9e926,cuda,DONE,,,True,11,-8.026526314871651,-8.029359000069755,0.09208076382607894,0.8914918806276207,68.78825322931563,69.39292993682821,0.008790406488398572,1.8588344421426812,0.04212603412227522,8,Cm,False,CHGNET_0050,15,0.9519999273759465,0.9196646921336651,b3c38fd42700ee4523180522fb1fe90156826c84d3e2d6d9891e9a441caf233a
job_182_Cr_fe_-1.464_n4_generated_crystals_cif__gen_3,prospective,MACE-MP,0.3.16,01bfe22100139f424713cf921144e5509cbe353d67aa9fa1be9c6e1e0ed35845,cuda,DONE,,,True,9,-7.073991762910609,-7.077359072693809,0.0954109053675571,0.9129496027922382,68.78825322931563,68.48306340358424,-0.004436656135372363,1.8797016075420345,0.03539457385960312,8,Cm,False,MACEMP_0049,15,0.9519999273759465,0.5225502289831638,14a6d589b5bc9d9f57509c54ab4ac654779bfc9986f1b2b52e642ea2a2066c97
job_183_Ti_fe_-1.203_n4_generated_crystals_cif__gen_0,prospective,CHGNet,0.4.2,131bf40fe7fb7e0a4685589e31019fed2e757e8f4bff5e335330b9854cf9e926,cuda,DONE,,,True,8,-8.521482195172991,-8.523934500558036,0.06337141195529143,0.6857942627164095,83.37580024060608,83.83436310383473,0.005499951567545125,1.9397993025527112,0.016565675995618836,71,Immm,False,CHGNET_0125,1,0.38717533887287026,0.649521715939045,c1e713f175b53b1edd87bdded2f5048f9b414cb2f9d072d4a20d525e7f1027cc
job_183_Ti_fe_-1.203_n4_generated_crystals_cif__gen_0,prospective,MACE-MP,0.3.16,01bfe22100139f424713cf921144e5509cbe353d67aa9fa1be9c6e1e0ed35845,cuda,DONE,,,True,9,-8.132056481171045,-8.136759161685166,0.08395856492469295,0.7341346916162329,83.37580024060608,83.9346179099052,0.006702396470996241,1.9350477008884215,0.018486355298206414,71,Immm,False,MACEMP_0123,1,0.38717533887287026,0.5205747671425343,33fe704ca5d2a750d0ed4e0f88bcebfd585d2f71d6ff14a2c7a72212f42178cf
job_183_Ti_fe_-1.203_n4_generated_crystals_cif__gen_1,prospective,CHGNet,0.4.2,131bf40fe7fb7e0a4685589e31019fed2e757e8f4bff5e335330b9854cf9e926,cuda,DONE,,,True,4,-8.537667410714286,-8.53951917375837,0.0888185514048042,1.1128571519356154,79.50647337393349,78.9195924306779,-0.007381549178962943,1.9272549189891506,0.012070678876754557,5,C2,False,CHGNET_0126,1,0.4017762929192976,0.3332894090563059,e5439289b6f414e85da4aed3625a59a5a1e2ed25aa395316289d566e19445ee9
job_183_Ti_fe_-1.203_n4_generated_crystals_cif__gen_1,prospective,MACE-MP,0.3.16,01bfe22100139f424713cf921144e5509cbe353d67aa9fa1be9c6e1e0ed35845,cuda,DONE,,,True,12,-8.13332783442042,-8.137742880839072,0.07024752689540396,0.6032136768208168,79.50647337393349,77.33106099271538,-0.027361449815372252,1.9531452036511523,0.027635962161144525,5,C2,False,MACEMP_0124,1,0.4017762929192976,0.7002065200358629,33df05bf2505929d3e5e3075fd444117ff9b75e69c67d7062bd480424a654143
job_183_Ti_fe_-1.203_n4_generated_crystals_cif__gen_3,prospective,CHGNet,0.4.2,131bf40fe7fb7e0a4685589e31019fed2e757e8f4bff5e335330b9854cf9e926,cuda,DONE,,,True,2,-8.532784598214286,-8.53296388898577,0.09529100704923048,0.34437256260921567,75.08530838093643,75.07055233047274,-0.00019652380448154094,1.9241085151845794,0.0024255226860340016,12,C2/m,False,CHGNET_0040,9,0.4016477545623083,0.19223765842616558,f8db9467e119a11f659195f8bbbeec58535e965c119b4bd24ecb068108f65e94
job_183_Ti_fe_-1.203_n4_generated_crystals_cif__gen_3,prospective,MACE-MP,0.3.16,01bfe22100139f424713cf921144e5509cbe353d67aa9fa1be9c6e1e0ed35845,cuda,DONE,,,True,4,-8.130504994165143,-8.131316134423463,0.06759398362031871,0.9808610507721854,75.08530838093643,75.07778721861774,-0.00010016822839065131,1.9330331194904251,0.010072091040144707,12,C2/m,False,MACEMP_0040,9,0.4016477545623083,0.2448329571634531,ec9bdf8ddd3789b6e949bff7eefaf6392ed662b6181c461e891a2420e4c4b19c
job_184_Co_fe_-1.469_n4_generated_crystals_cif__gen_0,prospective,CHGNet,0.4.2,131bf40fe7fb7e0a4685589e31019fed2e757e8f4bff5e335330b9854cf9e926,cuda,DONE,,,True,21,-6.429678235735212,-6.441916874476841,0.09863912965332745,1.0366126603677768,71.18465177955126,71.32053849753764,0.001908932818934117,1.7096836602552967,0.041612586670385684,156,P3m1,False,CHGNET_0127,1,0.8756189918956006,1.7555875722318888,704c653281ea9cd784dbf98772cf8fcce9cf5c3f490039c369e24aad8c82c22f
job_184_Co_fe_-1.469_n4_generated_crystals_cif__gen_0,prospective,MACE-MP,0.3.16,01bfe22100139f424713cf921144e5509cbe353d67aa9fa1be9c6e1e0ed35845,cuda,DONE,,,True,23,-5.554731606618113,-5.566297882581241,0.07362684190446155,0.9943806360760686,71.18465177955126,71.74819848857112,0.00791668842835791,1.7381915315826983,0.03565822269944934,156,P3m1,False,MACEMP_0125,1,0.8756189918956006,1.318030022084713,dca21698ab1637cedd9e8074b651734da5f71eb2d1d2f3ce86b0efe06a4c8500
job_184_Co_fe_-1.469_n4_generated_crystals_cif__gen_1,prospective,CHGNet,0.4.2,131bf40fe7fb7e0a4685589e31019fed2e757e8f4bff5e335330b9854cf9e926,cuda,DONE,,,True,22,-6.454850333077567,-6.467712947300503,0.09428272183411306,1.4200114091450768,68.41859934594915,67.23843504197157,-0.017249173693402287,1.780518484917798,0.07686710031531553,8,Cm,False,CHGNET_0128,3,0.8664509742589575,1.8382462542504072,a102b7842c8640ea8015295c1aa01d75525a58624f49708db507185978cae91a
job_184_Co_fe_-1.469_n4_generated_crystals_cif__gen_1,prospective,MACE-MP,0.3.16,01bfe22100139f424713cf921144e5509cbe353d67aa9fa1be9c6e1e0ed35845,cuda,DONE,,,True,17,-5.591720341633605,-5.601261973041545,0.08213970749049476,0.9291010356152783,68.41859934594915,64.23267724634131,-0.06118105514616434,1.7319901286255126,0.05596077209452977,1,P1,False,MACEMP_0126,3,0.8664509742589575,1.0080391392111778,8a530d96b9b05b81fd3064243c2a85535cb3b5884f5beae2e91f0d3036f06bcc
job_184_Co_fe_-1.469_n4_generated_crystals_cif__gen_2,prospective,CHGNet,0.4.2,131bf40fe7fb7e0a4685589e31019fed2e757e8f4bff5e335330b9854cf9e926,cuda,DONE,,,True,11,-6.462098802839007,-6.469393048967634,0.08395306834256495,0.8670478136379638,65.51224732104052,65.04801817321064,-0.0070861429246190655,1.7765124427741297,0.04407398996676496,8,Cm,False,CHGNET_0122,2,0.8659795374523496,0.9176506213843822,2f2db6cf8b67611acfca4918fedeb980ee2ea781d7f2c1250108b2c99d140d5f
job_184_Co_fe_-1.469_n4_generated_crystals_cif__gen_2,prospective,MACE-MP,0.3.16,01bfe22100139f424713cf921144e5509cbe353d67aa9fa1be9c6e1e0ed35845,cuda,DONE,,,True,15,-5.594899717670688,-5.603413511515284,0.08082905216227701,0.6679314203683533,65.51224732104052,63.00318832225425,-0.03829908301711449,1.8060567863953145,0.04547366826654205,8,Cm,False,MACEMP_0120,2,0.8659795374523496,0.8492811005562544,bc57444edd9f8066bae40a385c374a2881a9ef7760f5bac1c470782c3b87c148
job_185_Co_fe_-0.960_n4_generated_crystals_cif__gen_0,prospective,CHGNet,0.4.2,131bf40fe7fb7e0a4685589e31019fed2e757e8f4bff5e335330b9854cf9e926,cuda,DONE,,,True,2,-6.536821637834821,-6.537136077880859,0.0704360752978721,1.019143467811499,67.33697498437705,67.30406487096614,-0.0004887376277081801,1.8854116469462068,0.003198287505387445,12,C2/m,False,CHGNET_0036,18,0.8444063674497482,0.19036546349525452,c445368862e577e2772112b6273aeb4325f5cd167a702b86e2181616cda2a19a
job_185_Co_fe_-0.960_n4_generated_crystals_cif__gen_0,prospective,MACE-MP,0.3.16,01bfe22100139f424713cf921144e5509cbe353d67aa9fa1be9c6e1e0ed35845,cuda,DONE,,,True,3,-5.6920258208964825,-5.692729710431111,0.07848999333401355,1.36167841211511,67.33697498437705,67.24791798510475,-0.001322557172979133,1.8879165724711617,0.006519820733078438,12,C2/m,False,MACEMP_0036,18,0.8444063674497482,0.18883126601576805,5c1c8ad10651df48809c82fff3fde472b572d4b7285280cd95fd73ea8f032400
job_185_Co_fe_-0.960_n4_generated_crystals_cif__gen_2,prospective,CHGNet,0.4.2,131bf40fe7fb7e0a4685589e31019fed2e757e8f4bff5e335330b9854cf9e926,cuda,DONE,,,True,10,-6.534361703055246,-6.540813446044922,0.09810618302072173,1.1070890483600995,69.600114510538,68.46331028090616,-0.016333367231166407,1.885360527221243,0.028879500442836565,12,C2/m,False,CHGNET_0031,25,0.8422517995121037,0.8338613193482161,017e9cc84575a757f417266a93a84668c9213027fd396c7f595ebcfcb6577dd4
job_185_Co_fe_-0.960_n4_generated_crystals_cif__gen_2,prospective,MACE-MP,0.3.16,01bfe22100139f424713cf921144e5509cbe353d67aa9fa1be9c6e1e0ed35845,cuda,DONE,,,True,19,-5.691681140224448,-5.698561646532818,0.05847850385420722,1.6247120546354312,69.600114510538,67.58558086539003,-0.028944401303290457,1.9003019204952978,0.0095354552124871,12,C2/m,False,MACEMP_0031,25,0.8422517995121037,1.1356471367180347,10f9dcb9660e34c617dbb72f0b34a685b034ec79a28832bc0a5c74d7da8d4d1b
job_185_Co_fe_-0.960_n4_generated_crystals_cif__gen_3,prospective,CHGNet,0.4.2,131bf40fe7fb7e0a4685589e31019fed2e757e8f4bff5e335330b9854cf9e926,cuda,DONE,,,True,2,-6.5389911106654575,-6.539148603166852,0.060965868145383,1.5033725287555646,67.96706491807481,67.91005075343142,-0.0008388498857808679,1.8882271627486191,0.001812539537457173,10,P2/m,False,CHGNET_0038,18,0.8464110263721611,0.19128640741109848,a3f9bc2428b01fa4dd399c867197a90327cffd95bacb4db298f867492a07cae5
job_185_Co_fe_-0.960_n4_generated_crystals_cif__gen_3,prospective,MACE-MP,0.3.16,01bfe22100139f424713cf921144e5509cbe353d67aa9fa1be9c6e1e0ed35845,cuda,DONE,,,True,2,-5.692611989320516,-5.692737576794691,0.08052483281434938,1.6321205717305372,67.96706491807481,67.91764072095208,-0.0007271786295657279,1.8911253647049788,0.0014891756883375093,10,P2/m,False,MACEMP_0038,18,0.8464110263721611,0.14056195877492428,479a47dc1c0ac92b67e2eab0308bee87a73a4ba5426750113ec22119559ec306
job_186_Ti_fe_-0.814_n4_generated_crystals_cif__gen_0,prospective,CHGNet,0.4.2,131bf40fe7fb7e0a4685589e31019fed2e757e8f4bff5e335330b9854cf9e926,cuda,DONE,,,True,5,-8.54404067993164,-8.545125688825335,0.04538386170450849,1.4299211801476444,70.48420990619557,70.90665462061968,0.0059934659831799575,1.936605150998209,0.011059206765462945,44,Imm2,False,CHGNET_0002,41,0.3882684456949068,0.4235502704977989,93ad7a367ee990aeeb1e10c6f1a52c9ad2127f5ef1ae43a7ace9311fe776d2df
job_186_Ti_fe_-0.814_n4_generated_crystals_cif__gen_0,prospective,MACE-MP,0.3.16,01bfe22100139f424713cf921144e5509cbe353d67aa9fa1be9c6e1e0ed35845,cuda,DONE,,,True,6,-8.153881364211625,-8.156857243130428,0.08011352163330226,1.3123985587106792,70.48420990619557,71.36885155724244,0.012550919592121401,1.9310586097435893,0.02494844425179807,44,Imm2,False,MACEMP_0002,41,0.3882684456949068,0.3447621054947376,63d4ad64f1f745e026919917fe70a0eb23a81bc80a3d5dda7cb452faf549f77e
job_186_Ti_fe_-0.814_n4_generated_crystals_cif__gen_1,prospective,CHGNet,0.4.2,131bf40fe7fb7e0a4685589e31019fed2e757e8f4bff5e335330b9854cf9e926,cuda,DONE,,,True,4,-8.544437408447266,-8.545140402657646,0.05881194725078897,1.2895398950298447,70.56448539052083,70.830244518484,0.0037661881397190733,1.9339478040912061,0.007237974247078744,44,Imm2,False,CHGNET_0002,41,0.3885149723358605,0.3383623156696558,701d8583b05ac4f8dd221a9ef3df2e298e25a0ae8531ba554751ecf4ac1f03fe
job_186_Ti_fe_-0.814_n4_generated_crystals_cif__gen_1,prospective,MACE-MP,0.3.16,01bfe22100139f424713cf921144e5509cbe353d67aa9fa1be9c6e1e0ed35845,cuda,DONE,,,True,5,-8.154257287057222,-8.156625430321785,0.08754119748801617,1.4859676452025512,70.56448539052083,71.1517931939669,0.008322994211546586,1.9341569305018875,0.01869836198387053,44,Imm2,False,MACEMP_0002,41,0.3885149723358605,0.2729540504515171,f69ff2f148b7d01a312f196f56ead10b622620c227fbb74db325462d299be72c
job_186_Ti_fe_-0.814_n4_generated_crystals_cif__gen_2,prospective,CHGNet,0.4.2,131bf40fe7fb7e0a4685589e31019fed2e757e8f4bff5e335330b9854cf9e926,cuda,DONE,,,True,14,-8.519874572753906,-8.524481637137276,0.07550991303700422,1.0166463660734661,81.8973024329901,81.34733391801426,-0.006715343468435275,1.8702131217925728,0.05026439032406613,8,Cm,False,CHGNET_0089,5,0.38999428544160963,1.1763716731220484,283e49bcad59dda5cbf2617b3132ab5414a4f0f5d6e517e808ad67fcfb03fc66
job_186_Ti_fe_-0.814_n4_generated_crystals_cif__gen_2,prospective,MACE-MP,0.3.16,01bfe22100139f424713cf921144e5509cbe353d67aa9fa1be9c6e1e0ed35845,cuda,DONE,,,True,16,-8.126249904367196,-8.134487351695666,0.07596954273172772,0.6941996442595721,81.8973024329901,81.73219322660549,-0.0020160518292982044,1.844824580215778,0.044999461939021525,8,Cm,False,MACEMP_0088,5,0.38999428544160963,0.9259836561977863,f0dbf706a6caf86543e561a94d2e2fdb27f81c0d468c0091dbe2fb950c48de88
job_187_Ni_fe_-0.981_n4_generated_crystals_cif__gen_1,prospective,CHGNet,0.4.2,131bf40fe7fb7e0a4685589e31019fed2e757e8f4bff5e335330b9854cf9e926,cuda,DONE,,,True,3,-5.819351741245815,-5.820699419294085,0.09303483613592681,0.49505676117381825,64.69812370432399,64.70099393795603,4.436347559555465e-05,1.856940810278733,0.011095700147635768,8,Cm,False,CHGNET_0061,10,1.1212300467820517,0.26805272325873375,11017370a340cc52a375e5c97c17e1010875ff43098f05d5c68cfd04ed8211e0
job_187_Ni_fe_-0.981_n4_generated_crystals_cif__gen_1,prospective,MACE-MP,0.3.16,01bfe22100139f424713cf921144e5509cbe353d67aa9fa1be9c6e1e0ed35845,cuda,DONE,,,True,4,-4.698094907265519,-4.699469372512033,0.09098859275638359,1.715966163949373,64.69812370432399,64.81654989388687,0.0018304424113455564,1.8366798301266194,0.011888999916003559,8,Cm,False,MACEMP_0060,10,1.1212300467820517,0.2273368239402771,4da62400a920bbf62275f8439fecb5f2d7ebc315e830a2209a2c3071bfd8ee64
job_187_Ni_fe_-0.981_n4_generated_crystals_cif__gen_2,prospective,CHGNet,0.4.2,131bf40fe7fb7e0a4685589e31019fed2e757e8f4bff5e335330b9854cf9e926,cuda,DONE,,,True,24,-5.831150599888393,-5.858542306082589,0.07988361712577025,0.8412584302891731,73.46889587155623,70.17037512600383,-0.04489683295797875,1.8595583235755215,0.09881344874831571,8,Cm,False,CHGNET_0085,2,1.1368797653542737,2.0079440623521805,3cf1f80cf90c48d64ecea9477da49ba37c2e989cfac1465fb8405f739ab54c8c
job_187_Ni_fe_-0.981_n4_generated_crystals_cif__gen_2,prospective,MACE-MP,0.3.16,01bfe22100139f424713cf921144e5509cbe353d67aa9fa1be9c6e1e0ed35845,cuda,DONE,,,True,20,-4.7013632706270725,-4.721662540728316,0.07690946538540165,1.2102668814622657,73.46889587155623,70.73403290930621,-0.03722477287573933,1.85039986053103,0.05940078637784405,8,Cm,False,MACEMP_0084,2,1.1368797653542737,1.23008893430233,8a43eb3aa87361f791cc4ece2df8c65acb3f5113dc331b8e7cef09891c92d0be
job_187_Ni_fe_-0.981_n4_generated_crystals_cif__gen_3,prospective,CHGNet,0.4.2,131bf40fe7fb7e0a4685589e31019fed2e757e8f4bff5e335330b9854cf9e926,cuda,DONE,,,True,18,-5.850411006382534,-5.864590236118862,0.07777749932307461,1.5116376594619507,71.49839688122879,68.82668722166343,-0.037367406488896915,1.9144186926033393,0.03783621533305496,166,R-3m,False,CHGNET_0129,1,1.1340475882860703,1.5128131993114948,7bb4d40138b57f521c5f0af65b27c33bc7f2bd01f152e481dd6325ec0f2f8674
job_187_Ni_fe_-0.981_n4_generated_crystals_cif__gen_3,prospective,MACE-MP,0.3.16,01bfe22100139f424713cf921144e5509cbe353d67aa9fa1be9c6e1e0ed35845,cuda,DONE,,,True,13,-4.721518198083556,-4.730542647832792,0.10082580042550285,0.30417192594240405,71.49839688122879,66.98041663962316,-0.0631899516448009,1.8989671648374022,0.021927934903424658,166,R-3m,False,MACEMP_0127,1,1.1340475882860703,0.7595971394330263,4b5d1867011f116ace856c55d2c0b39453d83c2458471f86571043946125b946
job_189_Mg_fe_-1.493_n4_generated_crystals_cif__gen_1,prospective,CHGNet,0.4.2,131bf40fe7fb7e0a4685589e31019fed2e757e8f4bff5e335330b9854cf9e926,cuda,DONE,,,True,4,-5.450336456298828,-5.450966426304409,0.08484022434500348,1.5243401257814597,72.63931828573848,72.65086730174384,0.00015899124988938418,1.9721157375973168,0.006702287229728322,139,I4/mmm,False,CHGNET_0015,8,0.3643044393518968,0.3468218632042408,f6003a38bb4505a494417194ce10a76cd9c9039ff14b091982d76844fcdd636a
job_189_Mg_fe_-1.493_n4_generated_crystals_cif__gen_1,prospective,MACE-MP,0.3.16,01bfe22100139f424713cf921144e5509cbe353d67aa9fa1be9c6e1e0ed35845,cuda,DONE,,,True,7,-5.085071383134983,-5.086661986952512,0.05701151618905744,1.2910339166084905,72.63931828573848,71.95475508200165,-0.009424141358871041,1.9749343331543927,0.009361718858432889,139,I4/mmm,False,MACEMP_0015,8,0.3643044393518968,0.36704058572649956,036bd407e5b06be5a5fe42875d1c35015a19e85258d3affce74d3a691b2e35a7
job_190_Mn_fe_-0.838_n4_generated_crystals_cif__gen_1,prospective,CHGNet,0.4.2,131bf40fe7fb7e0a4685589e31019fed2e757e8f4bff5e335330b9854cf9e926,cuda,DONE,,,True,3,-7.721524919782366,-7.722335270472935,0.08721481587605776,1.0518349836099645,75.03747681737576,75.21908697496733,0.0024202593863005273,1.9206598915267705,0.007213126447518506,2,P-1,False,CHGNET_0013,35,0.8683895090420721,0.2593927327543497,9cfe8ebf3981b6384b4234466811fb01055e3e6fa523f5b554a44ea5a5c3c1ff
job_190_Mn_fe_-0.838_n4_generated_crystals_cif__gen_1,prospective,MACE-MP,0.3.16,01bfe22100139f424713cf921144e5509cbe353d67aa9fa1be9c6e1e0ed35845,cuda,DONE,,,True,4,-6.853005364269201,-6.853945761430863,0.07218395547618794,1.0344176966241923,75.03747681737576,75.36955066076315,0.004425439893129379,1.914636333478833,0.009104893460356407,2,P-1,False,MACEMP_0013,35,0.8683895090420721,0.22688803263008595,a0f13afe8ec38783ff0cbcc80e7d6d17bc97f06689175a42df21252251377a30
job_190_Mn_fe_-0.838_n4_generated_crystals_cif__gen_2,prospective,CHGNet,0.4.2,131bf40fe7fb7e0a4685589e31019fed2e757e8f4bff5e335330b9854cf9e926,cuda,DONE,,,True,8,-7.656760079520089,-7.65984616960798,0.08388144767781378,0.4304961989393033,77.30449622884927,77.25349542980972,-0.000659739103513135,1.9160155487276747,0.02192194443192629,160,R3m,False,CHGNET_0096,2,0.8715375576934168,0.6624853145331144,39469584f401228350072e108eabdc840166b70b15319f164a30bf18200ba793
job_190_Mn_fe_-0.838_n4_generated_crystals_cif__gen_2,prospective,MACE-MP,0.3.16,01bfe22100139f424713cf921144e5509cbe353d67aa9fa1be9c6e1e0ed35845,cuda,DONE,,,True,3,-6.786811324458621,-6.788308611914563,0.07650981497650886,0.7846099425498344,77.30449622884927,77.20542325757633,-0.0012815939059954706,1.9205156786256328,0.01223636482850578,160,R3m,False,MACEMP_0095,2,0.8715375576934168,0.18870196677744389,9024477e7182e6c067bf62e1278e9afb8dca7449f9e6399d522d930d85485e7b
job_191_Ti_fe_-0.867_n4_generated_crystals_cif__gen_0,prospective,CHGNet,0.4.2,131bf40fe7fb7e0a4685589e31019fed2e757e8f4bff5e335330b9854cf9e926,cuda,DONE,,,True,12,-8.433058602469307,-8.447093963623047,0.09824141645903904,0.7509867476196169,79.64581640414838,79.90565854741703,0.003262470710955201,1.7339189132444928,0.05192555613448341,8,Cm,False,CHGNET_0130,1,0.41380492779337175,0.9946149755269289,06659cc1076ffb37d721533ac93c5090da6e86c9f8095e10fc75d2c742b53ac0
job_191_Ti_fe_-0.867_n4_generated_crystals_cif__gen_0,prospective,MACE-MP,0.3.16,01bfe22100139f424713cf921144e5509cbe353d67aa9fa1be9c6e1e0ed35845,cuda,DONE,,,True,15,-8.02280738151599,-8.033289035829675,0.08631966933785319,0.5564790661136061,79.64581640414838,80.64304875856503,0.012520837872467494,1.7538655315455536,0.04944254209617578,8,Cm,False,MACEMP_0128,1,0.41380492779337175,0.887169323861599,febc7b0b267234b7ff6288e507ea0f49af5381c44fd401e14dbe85a39d953f3c
job_191_Ti_fe_-0.867_n4_generated_crystals_cif__gen_1,prospective,CHGNet,0.4.2,131bf40fe7fb7e0a4685589e31019fed2e757e8f4bff5e335330b9854cf9e926,cuda,DONE,,,True,3,-8.544352395193917,-8.545090811593193,0.033988416135868525,0.8847890985168769,76.2025412116698,76.05490312623336,-0.0019374430706495804,1.9408473142285776,0.007362037617242828,12,C2/m,False,CHGNET_0003,9,0.4006418925675703,0.2650069948285818,68beb6941ae761c11b5541313d6bd0721fa37b99d80c8754a0ee621aa5a82c98
job_191_Ti_fe_-0.867_n4_generated_crystals_cif__gen_1,prospective,MACE-MP,0.3.16,01bfe22100139f424713cf921144e5509cbe353d67aa9fa1be9c6e1e0ed35845,cuda,DONE,,,True,2,-8.144015080049718,-8.144448919025622,0.0835902670593418,1.2165870454762298,76.2025412116698,76.10562502309567,-0.0012718235774437092,1.9419085382584493,0.0033930289097209125,12,C2/m,False,MACEMP_0003,9,0.4006418925675703,0.13917112350463867,198c8c3c050f4c950114e6d5356e594adb20a7013854e11a47727cb4e19bd31b
job_191_Ti_fe_-0.867_n4_generated_crystals_cif__gen_3,prospective,CHGNet,0.4.2,131bf40fe7fb7e0a4685589e31019fed2e757e8f4bff5e335330b9854cf9e926,cuda,DONE,,,True,3,-8.538366045270648,-8.538702828543526,0.09207298034271537,0.3235423546735682,70.98619047446175,70.93619704032082,-0.0007042698559647231,2.007050341874392,0.004699612982769034,119,I-4m2,False,CHGNET_0002,41,0.3844120462667604,0.26673078909516335,396936930ecc6f7cafbb1153f37b85b05593d1e1d307a85608b7a78e195ea122
job_191_Ti_fe_-0.867_n4_generated_crystals_cif__gen_3,prospective,MACE-MP,0.3.16,01bfe22100139f424713cf921144e5509cbe353d67aa9fa1be9c6e1e0ed35845,cuda,DONE,,,True,4,-8.153490128811145,-8.154290782276766,0.07000281816720197,0.5740539811964779,70.98619047446175,70.85776274374129,-0.001809193166474543,2.006050943889255,0.009691434911758006,119,I-4m2,False,MACEMP_0002,41,0.3844120462667604,0.2398122176527977,a670763f5abcc1c1631cf6ea86be581cd1f23cbeba64d283e23b6401cd1a56c5
job_192_Mg_fe_-1.475_n4_generated_crystals_cif__gen_0,prospective,CHGNet,0.4.2,131bf40fe7fb7e0a4685589e31019fed2e757e8f4bff5e335330b9854cf9e926,cuda,DONE,,,True,0,-5.451536451067243,-5.451536451067243,0.05018255092793761,1.0121557609461227,73.61722181430096,73.61722181430096,0.0,2.0065261866597504,0.0,139,I4/mmm,False,CHGNET_0015,8,0.3646297605988913,0.05928318202495575,0efb2d88a5e44b9091742ca098ec0323d294a0002bcab67624972680fe676a48
job_192_Mg_fe_-1.475_n4_generated_crystals_cif__gen_0,prospective,MACE-MP,0.3.16,01bfe22100139f424713cf921144e5509cbe353d67aa9fa1be9c6e1e0ed35845,cuda,DONE,,,True,6,-5.084954926870824,-5.086906690468352,0.058732485586530436,1.3881247703939217,73.61722181430096,72.63347979338693,-0.013362933246727549,1.9879285803237257,0.008920199467967451,139,I4/mmm,False,MACEMP_0015,8,0.3646297605988913,0.35998719185590744,0170bc66e0f05ba15f04ba88ced58f4a1ca14385e4a9b99577e846455568ba3b
job_193_Co_fe_-1.092_n4_generated_crystals_cif__gen_0,prospective,CHGNet,0.4.2,131bf40fe7fb7e0a4685589e31019fed2e757e8f4bff5e335330b9854cf9e926,cuda,DONE,,,True,12,-6.518276759556362,-6.522398812430246,0.09245209110533506,1.2344230328520502,73.53405626228727,72.6278635719713,-0.012323442176012667,1.8724044925601082,0.0216022496645491,10,P2/m,False,CHGNET_0131,2,0.8409604426785426,0.9960175231099129,cb421a4b67ce62ebfd91aee0165944c05e1f2188b61e0226447d58ae35c25bca
job_193_Co_fe_-1.092_n4_generated_crystals_cif__gen_0,prospective,MACE-MP,0.3.16,01bfe22100139f424713cf921144e5509cbe353d67aa9fa1be9c6e1e0ed35845,cuda,DONE,,,True,11,-5.675852674875752,-5.681438369751703,0.08475663651373767,1.3512267469336938,73.53405626228727,72.49837272020282,-0.014084406528456439,1.874133670316483,0.024331079038595764,10,P2/m,False,MACEMP_0129,2,0.8409604426785426,0.5539857745170593,7dbaa7fd3c9ba25ba8ff04d7753b784bd7b0e2a680b14739a5856ff73e04147e
job_193_Co_fe_-1.092_n4_generated_crystals_cif__gen_1,prospective,CHGNet,0.4.2,131bf40fe7fb7e0a4685589e31019fed2e757e8f4bff5e335330b9854cf9e926,cuda,DONE,,,True,5,-6.459490094866071,-6.466879163469587,0.07669342605051739,0.48061744010493945,66.3644757357653,65.80897643338977,-0.008370431563224923,1.859251438835932,0.036541374490038164,119,I-4m2,False,CHGNET_0042,12,0.8806150484375426,0.4154675807803869,96b2ada1cec6ee6b5bb6eaebf9916dc2b812857a72778ed35862d4e07f4e127a
job_193_Co_fe_-1.092_n4_generated_crystals_cif__gen_1,prospective,MACE-MP,0.3.16,01bfe22100139f424713cf921144e5509cbe353d67aa9fa1be9c6e1e0ed35845,cuda,DONE,,,True,6,-5.582874588828672,-5.586264115032044,0.05966548697484582,0.7302344161584208,66.3644757357653,65.59503602902319,-0.011594150307246975,1.8691470095264324,0.026429581419358698,119,I-4m2,False,MACEMP_0042,12,0.8806150484375426,0.35532310605049133,bbc926e8124b00b2ab73bce942930e9d823502bd30ec00302a0dfcb0857ace19
job_193_Co_fe_-1.092_n4_generated_crystals_cif__gen_3,prospective,CHGNet,0.4.2,131bf40fe7fb7e0a4685589e31019fed2e757e8f4bff5e335330b9854cf9e926,cuda,DONE,,,True,3,-6.537447248186384,-6.538474491664341,0.09144958665345969,1.6581280774963045,67.74028225587607,67.52934508387308,-0.003113910438196976,1.8896129850844985,0.007252589956479836,10,P2/m,False,CHGNET_0038,18,0.8454947466351141,0.26078561693429947,56ad0425b31368272de9f1a0981af4e4f052fb7ec2a41426c200cad36ab5e42a
job_193_Co_fe_-1.092_n4_generated_crystals_cif__gen_3,prospective,MACE-MP,0.3.16,01bfe22100139f424713cf921144e5509cbe353d67aa9fa1be9c6e1e0ed35845,cuda,DONE,,,True,5,-5.692004946250445,-5.692979745029227,0.08130326526997618,1.1616075936660388,67.74028225587607,67.29250690209308,-0.006610178447317372,1.8922997480340844,0.009575012069380452,10,P2/m,False,MACEMP_0038,18,0.8454947466351141,0.2914825566112995,55ce3fd8600dd9ab612187c394219766aab4d9a735bd80cc89b9a350427451e5
job_194_Ni_fe_-1.199_n4_generated_crystals_cif__gen_0,prospective,CHGNet,0.4.2,131bf40fe7fb7e0a4685589e31019fed2e757e8f4bff5e335330b9854cf9e926,cuda,DONE,,,True,13,-5.896306719098773,-5.9017132350376675,0.08678102732419178,1.3096408552529615,70.13986167343907,67.4445138580078,-0.03842818835287165,1.8742349109192074,0.041947317446667375,12,C2/m,False,CHGNET_0026,30,1.1048431105637597,1.0755790695548058,77adbe917b3bf6d39cff1992ed2a603d78bfd90a211f8da59b2ccf27157eb556
job_194_Ni_fe_-1.199_n4_generated_crystals_cif__gen_0,prospective,MACE-MP,0.3.16,01bfe22100139f424713cf921144e5509cbe353d67aa9fa1be9c6e1e0ed35845,cuda,DONE,,,True,12,-4.78898075078971,-4.796870124473908,0.08092826817149286,1.1343316955139824,70.13986167343907,66.96570544784248,-0.045254669026508765,1.8914284350784019,0.04426834636356853,12,C2/m,False,MACEMP_0026,30,1.1048431105637597,0.7147999666631222,0aa9d75ef563a454518aee8817791636561e5d60e20f81667553cf1f488ebb7a
job_194_Ni_fe_-1.199_n4_generated_crystals_cif__gen_1,prospective,CHGNet,0.4.2,131bf40fe7fb7e0a4685589e31019fed2e757e8f4bff5e335330b9854cf9e926,cuda,DONE,,,True,22,-5.760760171072824,-5.774030412946429,0.07374661207656627,0.18280562238052434,70.05143700960986,70.3582683328406,0.004380086067165889,1.7715700010056754,0.09356469324867457,160,R3m,False,CHGNET_0132,1,1.1134739385073829,1.8592516016215086,a3c75d0d857e8b711880fafefc0477bd543741e1f4a777837f828cce558f54ba
job_194_Ni_fe_-1.199_n4_generated_crystals_cif__gen_1,prospective,MACE-MP,0.3.16,01bfe22100139f424713cf921144e5509cbe353d67aa9fa1be9c6e1e0ed35845,cuda,DONE,,,True,22,-4.64302520726907,-4.660556474439046,0.09207801962744772,0.7031010894522498,70.05143700960986,70.38543281201302,0.004767865109710057,1.7672201797685503,0.055043132815658743,160,R3m,False,MACEMP_0130,1,1.1134739385073829,1.3442413415759802,ed55c65a9dd7d5dd9ca4b24433709efd9b1a85da9b3c0f9343abcd9c3f615e6e
job_194_Ni_fe_-1.199_n4_generated_crystals_cif__gen_2,prospective,CHGNet,0.4.2,131bf40fe7fb7e0a4685589e31019fed2e757e8f4bff5e335330b9854cf9e926,cuda,DONE,,,True,11,-5.898454938616071,-5.901921953473773,0.05937540621807,1.5436305537882042,69.50206300779581,68.00233494954803,-0.02157818046465132,1.8740585074516263,0.03749686448173383,12,C2/m,False,CHGNET_0026,30,1.1048929818112931,1.0537318494170904,5f95e08e966876d0804447602b123b3a6688aeee49d927618f6689a8c0dc6c9c
job_194_Ni_fe_-1.199_n4_generated_crystals_cif__gen_2,prospective,MACE-MP,0.3.16,01bfe22100139f424713cf921144e5509cbe353d67aa9fa1be9c6e1e0ed35845,cuda,DONE,,,True,14,-4.7910655682567835,-4.797028971662479,0.07147407969708436,1.1978548748175346,69.50206300779581,67.42841709105889,-0.029835746264169516,1.8918218516441638,0.039312624524839364,12,C2/m,False,MACEMP_0026,30,1.1048929818112931,0.7488727010786533,e4577a7256c77e0e60a7fecdbf8df0f1d27e301688318e8371ff21cba16ad7c9
job_195_Mn_fe_-1.284_n4_generated_crystals_cif__gen_0,prospective,CHGNet,0.4.2,131bf40fe7fb7e0a4685589e31019fed2e757e8f4bff5e335330b9854cf9e926,cuda,DONE,,,True,32,-7.65802001953125,-7.672141483851841,0.09125311000646534,1.4423234272441523,73.80730958536952,75.04482752446326,0.01676687507031205,1.9257513653957796,0.05474756058326473,12,C2/m,False,CHGNET_0093,5,0.872223393619656,2.6929231081157923,ff1be8f239f3aae31db5125ec3bdfccfd1e38b8c05cb2a59d6d513fb07f929f2
job_195_Mn_fe_-1.284_n4_generated_crystals_cif__gen_0,prospective,MACE-MP,0.3.16,01bfe22100139f424713cf921144e5509cbe353d67aa9fa1be9c6e1e0ed35845,cuda,DONE,,,True,16,-6.795414428046101,-6.799918090232185,0.05248680565692001,1.2800865086598356,73.80730958536952,74.47963393790606,0.009109183850671165,1.9340650092006855,0.021002349999002096,166,R-3m,False,MACEMP_0092,5,0.872223393619656,0.9188216347247362,7420b5dad99bcc32843aa30545eb85aa36a4499ed51854747f8e61b336dad52c
job_195_Mn_fe_-1.284_n4_generated_crystals_cif__gen_1,prospective,CHGNet,0.4.2,131bf40fe7fb7e0a4685589e31019fed2e757e8f4bff5e335330b9854cf9e926,cuda,DONE,,,True,2,-7.721895490373884,-7.722142900739398,0.09793096776933918,0.5966035632282802,75.68280033736247,75.672922206604,-0.00013052015404335648,1.9189345296818225,0.0027355245092590148,2,P-1,False,CHGNET_0013,35,0.8682014388747801,0.19489913433790207,cb987f4ba831d3f11cbe4e74b46a0a7d654d50be28f6547f7c64fa91a4762d1f
job_195_Mn_fe_-1.284_n4_generated_crystals_cif__gen_1,prospective,MACE-MP,0.3.16,01bfe22100139f424713cf921144e5509cbe353d67aa9fa1be9c6e1e0ed35845,cuda,DONE,,,True,3,-6.853364443976237,-6.8539414618646175,0.07687433945777575,0.6864729723032956,75.68280033736247,75.68478762199187,2.6258074761420502e-05,1.9162675260461421,0.006442271948096038,2,P-1,False,MACEMP_0013,35,0.8682014388747801,0.18709110841155052,a1d42e278dc663251b195184459f666d1fef2f7e22820724bf79f2c39e06ba96
job_195_Mn_fe_-1.284_n4_generated_crystals_cif__gen_3,prospective,CHGNet,0.4.2,131bf40fe7fb7e0a4685589e31019fed2e757e8f4bff5e335330b9854cf9e926,cuda,DONE,,,True,2,-7.722094399588449,-7.722338540213449,0.08741484791478833,0.9321113027567357,75.99160466783277,75.9517786976347,-0.0005240838165236905,1.9192180455674825,0.0026948917363327327,2,P-1,False,CHGNET_0013,35,0.8679693933270984,0.18921413086354733,801073dbdfc898ea29e2d441cad8fdaba64d312087b2c8e54bf9bf197f40390c
job_195_Mn_fe_-1.284_n4_generated_crystals_cif__gen_3,prospective,MACE-MP,0.3.16,01bfe22100139f424713cf921144e5509cbe353d67aa9fa1be9c6e1e0ed35845,cuda,DONE,,,True,3,-6.85366929642267,-6.85436914688635,0.05728171861787344,0.35567390609536376,75.99160466783277,75.91233305904285,-0.0010431627169399382,1.914713577984795,0.007559207282918032,2,P-1,False,MACEMP_0013,35,0.8679693933270984,0.19154603965580463,b0679822432acf6be09c972565af53c19a1908a5e9263ee63dfd2a1eda779ec0
job_196_Cr_fe_-0.819_n4_generated_crystals_cif__gen_1,prospective,CHGNet,0.4.2,131bf40fe7fb7e0a4685589e31019fed2e757e8f4bff5e335330b9854cf9e926,cuda,DONE,,,True,6,-7.958867754255023,-7.963564736502511,0.09144215062584353,0.8293277750685569,74.09404522582513,74.12275531988031,0.00038748180056424886,1.7622871983524904,0.014459488518625229,160,R3m,False,CHGNET_0133,1,0.9577065419711897,0.4875739701092243,f988855980bda0f0c1e0bd9ffbdc024cc4c9d262cbf7278893687468427f015f
job_196_Cr_fe_-0.819_n4_generated_crystals_cif__gen_1,prospective,MACE-MP,0.3.16,01bfe22100139f424713cf921144e5509cbe353d67aa9fa1be9c6e1e0ed35845,cuda,DONE,,,True,17,-7.001238759313523,-7.005858194531322,0.09015036276957743,1.2270942286541735,74.09404522582513,74.16467017288224,0.0009531797979427381,1.7691168374348747,0.019620961063458196,160,R3m,False,MACEMP_0131,1,0.9577065419711897,0.9901647157967091,c10a0dde60d210d7f2c154104b3f8e6eeca8073ef17eb108b60b90e42bc19d17
job_196_Cr_fe_-0.819_n4_generated_crystals_cif__gen_2,prospective,CHGNet,0.4.2,131bf40fe7fb7e0a4685589e31019fed2e757e8f4bff5e335330b9854cf9e926,cuda,DONE,,,True,10,-8.026594979422432,-8.02938461303711,0.07544812039650867,0.7963299222597429,68.40548565835064,69.31452870381297,0.013289037227255607,1.843726354068095,0.031761423228825456,8,Cm,False,CHGNET_0050,15,0.9531889556756656,0.8198361080139875,690194b2ace41f299f4bf9815abec0104c3432376eb7e236574d01f8284d8e9a
job_196_Cr_fe_-0.819_n4_generated_crystals_cif__gen_2,prospective,MACE-MP,0.3.16,01bfe22100139f424713cf921144e5509cbe353d67aa9fa1be9c6e1e0ed35845,cuda,DONE,,,True,4,-7.074559293874578,-7.076195657361444,0.09238088403373874,1.3146232051303712,68.40548565835064,68.44528793651372,0.0005818579866807561,1.8753359240455492,0.014866291250110929,8,Cm,False,MACEMP_0049,15,0.9531889556756656,0.24181615188717842,ec4f966abb015c3c19ead3ab5a0b4dc5d833487e94226c95c9db42d3e6f5dc72
job_196_Cr_fe_-0.819_n4_generated_crystals_cif__gen_3,prospective,CHGNet,0.4.2,131bf40fe7fb7e0a4685589e31019fed2e757e8f4bff5e335330b9854cf9e926,cuda,DONE,,,True,11,-8.02508054460798,-8.029019492013115,0.09368625381721839,0.7754931861973527,67.90638874418124,69.08113475076793,0.017299491672458478,1.8541029204731523,0.031922168620467116,8,Cm,False,CHGNET_0050,15,0.9499521740502521,0.9052812959998846,1a08a32c2ecb38f8c82bbafee4a16fb9d9cc94a79f6fca97185d75ee442ee3d1
job_196_Cr_fe_-0.819_n4_generated_crystals_cif__gen_3,prospective,MACE-MP,0.3.16,01bfe22100139f424713cf921144e5509cbe353d67aa9fa1be9c6e1e0ed35845,cuda,DONE,,,True,18,-7.074009327787069,-7.0790673179628625,0.07943619239213894,0.3511925765462142,67.90638874418124,68.48044812069718,0.00845368730589624,1.8833478869244125,0.0815020912090039,8,Cm,False,MACEMP_0049,15,0.9499521740502521,1.074844716116786,1b27a8995aa46e232c60d6a634fe426b2981e6e917bb669671c13c7c0dc0d3ab
job_197_Mn_fe_-0.871_n4_generated_crystals_cif__gen_0,prospective,CHGNet,0.4.2,131bf40fe7fb7e0a4685589e31019fed2e757e8f4bff5e335330b9854cf9e926,cuda,DONE,,,True,4,-7.671098981584821,-7.672626495361328,0.09093165101935508,1.1763003226932702,70.41637195521459,70.58711478477905,0.002424760390567382,1.8983397590935913,0.013688628343721504,1,P1,False,CHGNET_0030,7,0.8750174682739393,0.31959296204149723,3934806b733ae35d3be6eda4242ec4af6f6fdf21ad2b6f2256eab6e8b7d83c4b
job_197_Mn_fe_-0.871_n4_generated_crystals_cif__gen_0,prospective,MACE-MP,0.3.16,01bfe22100139f424713cf921144e5509cbe353d67aa9fa1be9c6e1e0ed35845,cuda,DONE,,,True,10,-6.793993905111449,-6.797609027087389,0.06446296246776728,0.4687526111410723,70.41637195521459,71.07432321712885,0.009343725665569957,1.8879984231428262,0.04109810655499062,1,P1,False,MACEMP_0030,7,0.8750174682739393,0.5719324685633183,5d7dd53f4453698698667607d01be2a23674e011aae2fcbeaaadc7e901a2b33a
job_197_Mn_fe_-0.871_n4_generated_crystals_cif__gen_1,prospective,CHGNet,0.4.2,131bf40fe7fb7e0a4685589e31019fed2e757e8f4bff5e335330b9854cf9e926,cuda,DONE,,,True,13,-7.602746146065848,-7.605498722621372,0.0646448588020639,0.4984020344418427,76.49005546223714,76.21643791580037,-0.003577164963252666,1.7749453028711886,0.02086265154737709,156,P3m1,False,CHGNET_0134,1,0.8866616026619765,1.0684712566435337,fb9a5566261ed859e08ceefd4f4fe62d0bf405e708ef29f3dbdd57f22eec54b9
job_197_Mn_fe_-0.871_n4_generated_crystals_cif__gen_1,prospective,MACE-MP,0.3.16,01bfe22100139f424713cf921144e5509cbe353d67aa9fa1be9c6e1e0ed35845,cuda,DONE,,,True,11,-6.716097355515678,-6.718837119959396,0.08772561222029933,0.451808461310964,76.49005546223714,76.83423059607239,0.00449960627895174,1.7963039042479012,0.03189848516519846,156,P3m1,False,MACEMP_0132,1,0.8866616026619765,0.6402137447148561,93996a896d5966b60c29fc364db62e2fc7f554b6d2952a2b6dab92806e98964e
job_197_Mn_fe_-0.871_n4_generated_crystals_cif__gen_2,prospective,CHGNet,0.4.2,131bf40fe7fb7e0a4685589e31019fed2e757e8f4bff5e335330b9854cf9e926,cuda,DONE,,,True,17,-7.696092878069196,-7.713966369628906,0.10030211745331996,0.5720183394866556,76.43184265136408,75.34444345123786,-0.01422704415339393,1.9257151453733083,0.07451969625419509,8,Cm,False,CHGNET_0012,15,0.8658799270956399,1.4131170436739922,1c31f41f2a1d4834e2e5544c4790b53a21521fe81862eec8e69cb2af3cf8fa39
job_197_Mn_fe_-0.871_n4_generated_crystals_cif__gen_2,prospective,MACE-MP,0.3.16,01bfe22100139f424713cf921144e5509cbe353d67aa9fa1be9c6e1e0ed35845,cuda,DONE,,,True,17,-6.836441700481379,-6.848086442533266,0.08050517423436432,0.7185640618140056,76.43184265136408,74.96180378781227,-0.01923333014823725,1.9240878309848444,0.07457459561358919,8,Cm,False,MACEMP_0012,15,0.8658799270956399,0.9819654393941164,bcd958f210433256913714e2f5cb9e807647557808666041afce49a1c2e7ba98
job_198_Ni_fe_-1.023_n4_generated_crystals_cif__gen_0,prospective,CHGNet,0.4.2,131bf40fe7fb7e0a4685589e31019fed2e757e8f4bff5e335330b9854cf9e926,cuda,DONE,,,True,3,-5.913366045270648,-5.913689204624721,0.08083730025161881,0.3340777440395737,68.45827569088189,68.49616634971775,0.0005534854399042999,1.877373199816561,0.00482426675130124,10,P2/m,False,CHGNET_0006,22,1.1159748475377942,0.26220909133553505,4c87fb5cf3c8d5f8e888db6af68fa55ff88cf7e805ae587fc7416afd3c16d061
job_198_Ni_fe_-1.023_n4_generated_crystals_cif__gen_0,prospective,MACE-MP,0.3.16,01bfe22100139f424713cf921144e5509cbe353d67aa9fa1be9c6e1e0ed35845,cuda,DONE,,,True,5,-4.796533149332563,-4.797714357086927,0.09454317832251646,0.7389838340279691,68.45827569088189,68.48146110047209,0.00033867942708476484,1.8693827920588144,0.01411433332615775,10,P2/m,False,MACEMP_0006,22,1.1159748475377942,0.2859380804002285,5f0284c1f42955647680958fa6097d8d6f06553ef27f11c07c5e02b64e56a820
job_198_Ni_fe_-1.023_n4_generated_crystals_cif__gen_2,prospective,CHGNet,0.4.2,131bf40fe7fb7e0a4685589e31019fed2e757e8f4bff5e335330b9854cf9e926,cuda,DONE,,,True,7,-5.832765851702009,-5.834490639822824,0.056604230181795584,1.4417382086593562,68.04428925844371,67.80763348512569,-0.0034779667169299033,1.87913382484203,0.019883459984850988,119,I-4m2,False,CHGNET_0053,7,1.1352139301883915,0.5855822339653969,759a9238f83188d0db0051f489374a33d2473b80b44f77dc96189e5fabf6bce2
job_198_Ni_fe_-1.023_n4_generated_crystals_cif__gen_2,prospective,MACE-MP,0.3.16,01bfe22100139f424713cf921144e5509cbe353d67aa9fa1be9c6e1e0ed35845,cuda,DONE,,,True,13,-4.690908983995024,-4.699276709634432,0.06970924366040772,1.0506156378427685,68.04428925844371,68.38993985020382,0.00507978840733081,1.8495131054394354,0.018651195194309265,119,I-4m2,False,MACEMP_0052,7,1.1352139301883915,0.7776845563203096,0194618e46f2854f1cc51cca4f575a6fd6ce4eb1ad27ae48f0fb3a523ec2da7b
job_198_Ni_fe_-1.023_n4_generated_crystals_cif__gen_3,prospective,CHGNet,0.4.2,131bf40fe7fb7e0a4685589e31019fed2e757e8f4bff5e335330b9854cf9e926,cuda,DONE,,,True,12,-5.889862605503628,-5.894417354038784,0.08412520968990427,1.3896582310422616,70.02132751253798,68.09809995571248,-0.027466310981909325,1.8790926132397903,0.03779228748832788,12,C2/m,False,CHGNET_0005,14,1.1053992340510241,0.9902814049273729,3be5d18126faca877e24db75ff215b1acd60499975c5363bfabdcd729404952f
job_198_Ni_fe_-1.023_n4_generated_crystals_cif__gen_3,prospective,MACE-MP,0.3.16,01bfe22100139f424713cf921144e5509cbe353d67aa9fa1be9c6e1e0ed35845,cuda,DONE,,,True,14,-4.781486193733754,-4.78901811998776,0.09498029636732282,1.190821510002008,70.02132751253798,67.93577685745063,-0.029784506080863804,1.8887853799341858,0.04369148772600595,12,C2/m,False,MACEMP_0005,14,1.1053992340510241,0.8258310779929161,863736fe95c8c1f8ec6ad40ff415e9a1f0de29b8181bdad64abb09f7256b248d
job_199_Ti_fe_-1.428_n4_generated_crystals_cif__gen_0,prospective,CHGNet,0.4.2,131bf40fe7fb7e0a4685589e31019fed2e757e8f4bff5e335330b9854cf9e926,cuda,DONE,,,True,4,-8.530792236328125,-8.531542641775948,0.06778411217518716,0.7584262754627502,76.79535337552923,76.67360834296001,-0.001585317694599131,1.9900239239516295,0.009862315433130342,10,P2/m,False,CHGNET_0016,11,0.4094077475992499,0.3418281879276037,91ba7da5f69cd68bbda84046663405d522af177964a7f7eca5dc4c4eaf75b2f6
job_199_Ti_fe_-1.428_n4_generated_crystals_cif__gen_0,prospective,MACE-MP,0.3.16,01bfe22100139f424713cf921144e5509cbe353d67aa9fa1be9c6e1e0ed35845,cuda,DONE,,,True,3,-8.121533527302011,-8.122134894176698,0.08735003926930851,1.0840449300657193,76.79535337552923,76.62799915941577,-0.0021792232050174,1.986007559139773,0.005661465815700471,10,P2/m,False,MACEMP_0016,11,0.4094077475992499,0.18778344802558422,77cc498bb1469b6eb3568914c3abe826e9d465f632f39add6f91e364343ea7a0
job_199_Ti_fe_-1.428_n4_generated_crystals_cif__gen_1,prospective,CHGNet,0.4.2,131bf40fe7fb7e0a4685589e31019fed2e757e8f4bff5e335330b9854cf9e926,cuda,DONE,,,True,3,-8.544248308454241,-8.544920785086495,0.08518228209387342,0.5282018885219474,75.09298953152731,75.132497063688,0.0005261147865756044,1.9462491509396038,0.007562180317811847,12,C2/m,False,CHGNET_0003,9,0.3999158624745025,0.255494037643075,acae84edc751b589fd21a81e97b4cebfac3d9edf9d892d7f291ac2c2e491b9f4
job_199_Ti_fe_-1.428_n4_generated_crystals_cif__gen_1,prospective,MACE-MP,0.3.16,01bfe22100139f424713cf921144e5509cbe353d67aa9fa1be9c6e1e0ed35845,cuda,DONE,,,True,3,-8.144403389113885,-8.145004922611992,0.061977067602401625,0.4567144977488081,75.09298953152731,75.10753368848404,0.00019368195416724632,1.9505057958393104,0.007522481929736787,12,C2/m,False,MACEMP_0003,9,0.3999158624745025,0.18985442072153091,710a4dd19f0a8939f06b5bbcb15ac5aa6b249d2fa2bdf1a3edfa64cab7ba0f54
job_199_Ti_fe_-1.428_n4_generated_crystals_cif__gen_2,prospective,CHGNet,0.4.2,131bf40fe7fb7e0a4685589e31019fed2e757e8f4bff5e335330b9854cf9e926,cuda,DONE,,,True,5,-8.531942095075335,-8.532886505126953,0.09850320853729101,0.5979705529681997,75.45052558461946,75.6677667911855,0.0028792537213329084,1.9351778532263453,0.012582075944225488,12,C2/m,False,CHGNET_0040,9,0.4017332236859623,0.4110949281603098,a377d13b6a9dea2a758382085d7560dab28757be8701bcb715267f00135ba287
job_199_Ti_fe_-1.428_n4_generated_crystals_cif__gen_2,prospective,MACE-MP,0.3.16,01bfe22100139f424713cf921144e5509cbe353d67aa9fa1be9c6e1e0ed35845,cuda,DONE,,,True,4,-8.130142020714398,-8.13115328144099,0.08758046909155695,0.8245295569238074,75.45052558461946,75.5843319468379,0.0017734318108677538,1.951282250782739,0.01116062397969738,12,C2/m,False,MACEMP_0040,9,0.4017332236859623,0.22816495597362518,1dd5c83f793e9098bb608c26814140ab207db5ef934ec4734ff6fc0a7c1de75f
job_200_Cr_fe_-1.108_n4_generated_crystals_cif__gen_0,prospective,CHGNet,0.4.2,131bf40fe7fb7e0a4685589e31019fed2e757e8f4bff5e335330b9854cf9e926,cuda,DONE,,,True,3,-8.027232033865792,-8.028267996651786,0.09449866401504459,1.5096070017055785,68.59533091053218,68.73971370079943,0.002104848658804004,1.8649068321694722,0.008690086140374075,8,Cm,False,CHGNET_0050,15,0.9509690606544074,0.2589067742228508,daab6bc773bd34b85e273f40e4c5ee8d03b298f40f878e1aac06976e6b317492
job_200_Cr_fe_-1.108_n4_generated_crystals_cif__gen_0,prospective,MACE-MP,0.3.16,01bfe22100139f424713cf921144e5509cbe353d67aa9fa1be9c6e1e0ed35845,cuda,DONE,,,True,8,-7.075086522574674,-7.077298935997379,0.08031133408783815,1.1610271112151207,68.59533091053218,68.56840655853281,-0.0003925099805187626,1.8734459109746446,0.026061761865637124,8,Cm,False,MACEMP_0049,15,0.9509690606544074,0.46441616863012314,9060d7788051002d1d895a5413a95f13c6cc9e0e6e50ea535be10add652feb63
job_200_Cr_fe_-1.108_n4_generated_crystals_cif__gen_2,prospective,CHGNet,0.4.2,131bf40fe7fb7e0a4685589e31019fed2e757e8f4bff5e335330b9854cf9e926,cuda,DONE,,,True,3,-8.080866132463727,-8.081562042236328,0.05963395842212326,1.443971947112798,73.24547593849589,73.46481878543824,0.002994626550403501,1.9388005190491402,0.00587511500173704,10,P2/m,False,CHGNET_0023,20,0.9792047294207205,0.2652449291199446,e5b455fc31e8281025467921f82412ce5387ebb2bff201fb8bedf93ebaedc24b
job_200_Cr_fe_-1.108_n4_generated_crystals_cif__gen_2,prospective,MACE-MP,0.3.16,01bfe22100139f424713cf921144e5509cbe353d67aa9fa1be9c6e1e0ed35845,cuda,DONE,,,True,4,-7.101434626516462,-7.102357312815608,0.097384007394601,1.086418544399389,73.24547593849589,73.6036365349491,0.0048898664642982315,1.938075080201094,0.008894485717947547,10,P2/m,False,MACEMP_0023,20,0.9792047294207205,0.23971683531999588,e2919242d57ac56e26698aa3a1dd90f7e623d67400bcbd53c12ecf2cc706300a
job_200_Cr_fe_-1.108_n4_generated_crystals_cif__gen_3,prospective,CHGNet,0.4.2,131bf40fe7fb7e0a4685589e31019fed2e757e8f4bff5e335330b9854cf9e926,cuda,DONE,,,True,4,-8.08160672869001,-8.083272661481585,0.08318073730624194,0.8010927689240473,74.1870645101519,73.86371115076224,-0.004358621836902721,1.954021034141346,0.015278889251074866,12,C2/m,False,CHGNET_0024,12,0.9724008870116521,0.4756301399320364,e7ecb9208e5130cd43437e33a88c289dc79fd93efd2dfe29d8fc803d6b8ef4b8
job_200_Cr_fe_-1.108_n4_generated_crystals_cif__gen_3,prospective,MACE-MP,0.3.16,01bfe22100139f424713cf921144e5509cbe353d67aa9fa1be9c6e1e0ed35845,cuda,DONE,,,True,7,-7.108819296111139,-7.110871774469933,0.09492117907393191,1.2677447587533417,74.1870645101519,73.74353359085093,-0.0059785479076379655,1.9535069199328703,0.014980552387305016,12,C2/m,False,MACEMP_0024,12,0.9724008870116521,0.37263564206659794,ed2426a3d3ac90b0c1a9e4eb4500cefc846620fbc9b8df737dc6bc51952c920e
job_201_Cr_fe_-1.216_n4_generated_crystals_cif__gen_0,prospective,CHGNet,0.4.2,131bf40fe7fb7e0a4685589e31019fed2e757e8f4bff5e335330b9854cf9e926,cuda,DONE,,,True,4,-8.08252225603376,-8.083751678466797,0.07027263320841719,0.7331066934179449,73.85264767448261,73.69773311833514,-0.0020976168224907665,1.9618707736372556,0.014239842017963111,12,C2/m,False,CHGNET_0024,12,0.9722556755141918,0.33543589897453785,d359c8c577f946e6ab97cc0c7b60fd323e94a5d080b65695804b1bf2f14832b5
job_201_Cr_fe_-1.216_n4_generated_crystals_cif__gen_0,prospective,MACE-MP,0.3.16,01bfe22100139f424713cf921144e5509cbe353d67aa9fa1be9c6e1e0ed35845,cuda,DONE,,,True,3,-7.110395334087259,-7.111496002952605,0.0518980853559135,0.6675320207998715,73.85264767448261,73.66275915472183,-0.002571180935824424,1.964671340273474,0.008991411102876991,12,C2/m,False,MACEMP_0024,12,0.9722556755141918,0.18869581446051598,af73a3c53128d2c6e16ae6acb8980c864fc89e339c5433f858c3805c9a6282aa
job_201_Cr_fe_-1.216_n4_generated_crystals_cif__gen_1,prospective,CHGNet,0.4.2,131bf40fe7fb7e0a4685589e31019fed2e757e8f4bff5e335330b9854cf9e926,cuda,DONE,,,True,4,-8.080854143415179,-8.081849234444755,0.0784190971818365,0.7917563539673951,73.72183163626443,73.84303586380635,0.0016440750975903473,1.944346716402606,0.011078459661316523,10,P2/m,False,CHGNET_0023,20,0.9791171653099946,0.34062206745147705,2887c76fa9a9ed27a1d69a3a104033035ebd30c5627bd8427c3c159f6c420869
job_201_Cr_fe_-1.216_n4_generated_crystals_cif__gen_1,prospective,MACE-MP,0.3.16,01bfe22100139f424713cf921144e5509cbe353d67aa9fa1be9c6e1e0ed35845,cuda,DONE,,,True,5,-7.101250779923338,-7.102732069134761,0.08692935043197537,1.092534908853945,73.72183163626443,73.83787004298713,0.0015740033060387404,1.9371934718334523,0.01628004601647022,10,P2/m,False,MACEMP_0023,20,0.9791171653099946,0.2713619079440832,40b83aa690e5bd18d52b5f61ead5fb7738f7e86858c4458f4d0b71221525c0fd
job_201_Cr_fe_-1.216_n4_generated_crystals_cif__gen_2,development_calibration,CHGNet,0.4.2,131bf40fe7fb7e0a4685589e31019fed2e757e8f4bff5e335330b9854cf9e926,cuda,DONE,,,True,7,-7.963328770228794,-7.966279166085379,0.08938240581789529,1.0288955192719629,75.30829191207283,76.54667476786446,0.016444176655042497,1.991932033464021,0.021784937464553438,71,Immm,False,CHGNET_0135,1,0.9970310527042745,0.5860489662736654,85d25fd6e539a62f72937af49582295a3875751a2f9285c0e93c940cfc80df74
job_201_Cr_fe_-1.216_n4_generated_crystals_cif__gen_2,development_calibration,MACE-MP,0.3.16,01bfe22100139f424713cf921144e5509cbe353d67aa9fa1be9c6e1e0ed35845,cuda,DONE,,,True,14,-6.960234457794654,-6.969248113381105,0.08191331438152348,1.1130071722854717,75.30829191207283,78.03407740448299,0.0361950247868148,1.9977149305682456,0.02441527804072481,71,Immm,False,MACEMP_0133,1,0.9970310527042745,0.8486840948462486,8c5092894986f7201a1827404cc182f272871af1115342900d044b6b83a85d04
job_201_Cr_fe_-1.216_n4_generated_crystals_cif__gen_3,prospective,CHGNet,0.4.2,131bf40fe7fb7e0a4685589e31019fed2e757e8f4bff5e335330b9854cf9e926,cuda,DONE,,,True,3,-8.070374625069755,-8.07125473022461,0.08509323978322904,0.5526387186168153,74.31061583070837,74.30785880945044,-3.710131085732371e-05,1.9538082675600934,0.008640170291309751,12,C2/m,False,CHGNET_0027,14,0.9765233514455502,0.26194796338677406,dbae5561bc47ee87b0674ef648a8a79e0dee22744888f28592e67109d2190da2
job_201_Cr_fe_-1.216_n4_generated_crystals_cif__gen_3,prospective,MACE-MP,0.3.16,01bfe22100139f424713cf921144e5509cbe353d67aa9fa1be9c6e1e0ed35845,cuda,DONE,,,True,3,-7.093765642670734,-7.094731378779059,0.04448613464061536,0.6214935460818809,74.31061583070837,74.19662286565328,-0.0015340064643628581,1.9550754506939534,0.009193291377136686,12,C2/m,False,MACEMP_0027,14,0.9765233514455502,0.19084609858691692,229cf3b2cb5ae0e694736d343c4918b5717dacaaa0eef7415b39352b934fb69e
job_203_Ni_fe_-0.895_n4_generated_crystals_cif__gen_0,prospective,CHGNet,0.4.2,131bf40fe7fb7e0a4685589e31019fed2e757e8f4bff5e335330b9854cf9e926,cuda,DONE,,,True,10,-5.815980638776507,-5.818428584507534,0.09144777621517255,0.9504992825225704,67.30027997417194,67.2668689318157,-0.0004964473010969916,1.8899438822739638,0.02206131543707697,8,Cm,False,CHGNET_0076,9,1.1177841783914264,0.8155431561172009,700fa084733749aee5b9b7f96d7dae69e4e4386137236f10b8d179ac24a77a2a
job_203_Ni_fe_-0.895_n4_generated_crystals_cif__gen_0,prospective,MACE-MP,0.3.16,01bfe22100139f424713cf921144e5509cbe353d67aa9fa1be9c6e1e0ed35845,cuda,DONE,,,True,16,-4.696306859732452,-4.7006444061161075,0.07933367187313134,0.7866395879103828,67.30027997417194,67.09297482743197,-0.0030803014017107833,1.7811689125024062,0.058231684849162066,8,Cm,False,MACEMP_0075,9,1.1177841783914264,0.9732294585555792,f6ab672e71366dda084ffce64b42b753c905ba2ead4f53b6be5a4666373de48a
job_203_Ni_fe_-0.895_n4_generated_crystals_cif__gen_1,prospective,CHGNet,0.4.2,131bf40fe7fb7e0a4685589e31019fed2e757e8f4bff5e335330b9854cf9e926,cuda,DONE,,,True,9,-5.8180340358189175,-5.820768628801618,0.09901122704083942,0.4390658387805498,65.49713371441645,64.95478467389168,-0.008280500378681332,1.8657604296112762,0.03601003005377738,8,Cm,False,CHGNET_0061,10,1.120567310165292,0.7619180027395487,0ca4564d4a8eecdce8dfb471c8aea2af59e82076f30f635e8344bfe7f6d5091b
job_203_Ni_fe_-0.895_n4_generated_crystals_cif__gen_1,prospective,MACE-MP,0.3.16,01bfe22100139f424713cf921144e5509cbe353d67aa9fa1be9c6e1e0ed35845,cuda,DONE,,,True,11,-4.695978112770255,-4.700201318636326,0.07825603024287708,0.8529937805444289,65.49713371441645,65.2353732197793,-0.003996518317556985,1.823476118473604,0.05658022557305676,8,Cm,False,MACEMP_0060,10,1.120567310165292,0.6542578972876072,67cf9fc9da78a89a72bbfc45fc23be34e514ca10e0bab38e2e0b55538b346083
job_204_Cr_fe_-0.932_n4_generated_crystals_cif__gen_0,prospective,CHGNet,0.4.2,131bf40fe7fb7e0a4685589e31019fed2e757e8f4bff5e335330b9854cf9e926,cuda,DONE,,,True,8,-8.070267813546318,-8.071572440011161,0.09639413718086069,0.6314883057908016,73.96568464697096,74.02912503002833,0.0008577002073348883,1.9345946401791312,0.016925949422388797,12,C2/m,False,CHGNET_0027,14,0.9770724289087811,0.6649651098996401,59d7a6345dcd3b4f562d48d6bd757d4165891358f8b22bfbaebabb0870e1517b
job_204_Cr_fe_-0.932_n4_generated_crystals_cif__gen_0,prospective,MACE-MP,0.3.16,01bfe22100139f424713cf921144e5509cbe353d67aa9fa1be9c6e1e0ed35845,cuda,DONE,,,True,3,-7.0934971837386485,-7.09450001110238,0.07410127013359473,0.8439836620213264,73.96568464697096,73.87127730488935,-0.001276366771053472,1.9552700685059439,0.009129030331370473,12,C2/m,False,MACEMP_0027,14,0.9770724289087811,0.1958106905221939,aa8d753de28785f70f1ad1fcf8853a0a3367258fe3e1f497400cd9cf7688aa6e
job_204_Cr_fe_-0.932_n4_generated_crystals_cif__gen_3,development_calibration,CHGNet,0.4.2,131bf40fe7fb7e0a4685589e31019fed2e757e8f4bff5e335330b9854cf9e926,cuda,DONE,,,True,5,-8.030929565429688,-8.033936636788505,0.09856404596737448,1.0322028547977171,68.85089485014429,69.77834354753783,0.013470394239786687,1.9334884152837661,0.01550585637862706,119,I-4m2,False,CHGNET_0022,15,0.9561361062776426,0.41975177451968193,d61f73f2c87c5d5dbd7390a1f4bf8b1fafcae8babd37466828246c5b572fc9c6
job_204_Cr_fe_-0.932_n4_generated_crystals_cif__gen_3,development_calibration,MACE-MP,0.3.16,01bfe22100139f424713cf921144e5509cbe353d67aa9fa1be9c6e1e0ed35845,cuda,DONE,,,True,4,-7.076195075601752,-7.077800530510863,0.013403075018387991,1.1627324034550597,68.85089485014429,69.37166154182178,0.0075636880655067795,1.9503280837479178,0.010569664818578916,119,I-4m2,False,MACEMP_0022,15,0.9561361062776426,0.23629624396562576,4cf3eeabad492126df609eab9b421a6f27a5f7726b9973fe2a6c7e92213983d3
job_205_Al_fe_-1.483_n4_generated_crystals_cif__gen_2,prospective,CHGNet,0.4.2,131bf40fe7fb7e0a4685589e31019fed2e757e8f4bff5e335330b9854cf9e926,cuda,DONE,,,True,3,-6.987313406808036,-6.9884218488420755,0.08805492840966979,0.7464137761845714,71.0823209736706,71.0735771573224,-0.00012300971927237114,1.8580966098086007,0.009676012400134886,160,R3m,False,CHGNET_0136,1,0.39900404088189134,0.2699419166892767,fe704d4fcebd0f96605d642ba8f3cb025dc9fe9ca85c0e42bad24bf2c6b561e6
job_205_Al_fe_-1.483_n4_generated_crystals_cif__gen_2,prospective,MACE-MP,0.3.16,01bfe22100139f424713cf921144e5509cbe353d67aa9fa1be9c6e1e0ed35845,cuda,DONE,,,True,9,-6.5854954368660135,-6.589417807960184,0.09630931606887023,0.4397353465246411,71.0823209736706,70.88886640853148,-0.0027215566752635256,1.8330106156749606,0.02415405857129669,160,R3m,False,MACEMP_0134,1,0.39900404088189134,0.5279769543558359,78f8d445e4122fc76cc2b443e1c3681f1457ebdb37c4b9ac16b5404bdd1bc241
job_206_Ti_fe_-0.853_n4_generated_crystals_cif__gen_0,prospective,CHGNet,0.4.2,131bf40fe7fb7e0a4685589e31019fed2e757e8f4bff5e335330b9854cf9e926,cuda,DONE,,,True,8,-8.522249494280134,-8.53002657209124,0.058074991237277836,1.161641954994488,72.05452749554414,71.9040271389295,-0.0020887009025761794,1.8686561041351322,0.02543165591359854,8,Cm,False,CHGNET_0041,5,0.3948990554593106,0.6752859447151423,7ea50b1db8de4e9aedd5db58982ec6a763c5cc3d25f2d3ceeeb0829f5d3b2f75
job_206_Ti_fe_-0.853_n4_generated_crystals_cif__gen_0,prospective,MACE-MP,0.3.16,01bfe22100139f424713cf921144e5509cbe353d67aa9fa1be9c6e1e0ed35845,cuda,DONE,,,True,8,-8.126266402965564,-8.135127516631929,0.08914944181019492,1.3405031902214057,72.05452749554414,71.78944189897885,-0.00367895822482045,1.876656019669138,0.02757476412443146,8,Cm,False,MACEMP_0041,5,0.3948990554593106,0.45382674783468246,1cc5be432864d772acae7073029c0907d4491d4b4217ac000bae0ed9e8fadbf6
job_206_Ti_fe_-0.853_n4_generated_crystals_cif__gen_1,prospective,CHGNet,0.4.2,131bf40fe7fb7e0a4685589e31019fed2e757e8f4bff5e335330b9854cf9e926,cuda,DONE,,,True,4,-8.537164960588727,-8.537534441266741,0.036053103654820194,1.4324576744676214,69.94000411494332,70.05438651067728,0.0016354359308583533,1.9855136402640603,0.005190057977852096,119,I-4m2,False,CHGNET_0002,41,0.3845106695105205,0.34772977605462074,c86b1b617089e010dbf0720468fcfd95682224bc356c445bc082acbb1726a096
job_206_Ti_fe_-0.853_n4_generated_crystals_cif__gen_1,prospective,MACE-MP,0.3.16,01bfe22100139f424713cf921144e5509cbe353d67aa9fa1be9c6e1e0ed35845,cuda,DONE,,,True,4,-8.151912052431921,-8.15302377175622,0.031114103925570128,1.3272757238136685,69.94000411494332,70.05296663561822,0.0016151346014972034,1.9951723508498462,0.010238578294632655,119,I-4m2,False,MACEMP_0002,41,0.3845106695105205,0.24399233981966972,4c03647d3a0f6ad938a2d80e4c8bb0851cdb604605c295f7e505ff0f16c5689b
job_207_Cr_fe_-0.848_n4_generated_crystals_cif__gen_1,prospective,CHGNet,0.4.2,131bf40fe7fb7e0a4685589e31019fed2e757e8f4bff5e335330b9854cf9e926,cuda,DONE,,,True,0,-8.081586565290179,-8.081586565290179,0.07109747952867387,0.9410793075436118,74.6972449638709,74.6972449638709,0.0,1.9303998064201093,0.0,10,P2/m,False,CHGNET_0023,20,0.9785135740456923,0.05992966145277023,15d892094cff435cf116a42dd7e00d5938540557f1b0c46c5010767a095072d9
job_207_Cr_fe_-0.848_n4_generated_crystals_cif__gen_1,prospective,MACE-MP,0.3.16,01bfe22100139f424713cf921144e5509cbe353d67aa9fa1be9c6e1e0ed35845,cuda,DONE,,,True,3,-7.102381009193356,-7.1030729912444865,0.09222988504039334,1.0891137614727138,74.6972449638709,74.6446042817099,-0.0007047205313457372,1.925094762979972,0.006711079786393221,10,P2/m,False,MACEMP_0023,20,0.9785135740456923,0.1959089431911707,a888e298f014f699dd79c07928a07064f9a8bfe49fef5cd9a607818463d5b3af
job_207_Cr_fe_-0.848_n4_generated_crystals_cif__gen_2,prospective,CHGNet,0.4.2,131bf40fe7fb7e0a4685589e31019fed2e757e8f4bff5e335330b9854cf9e926,cuda,DONE,,,True,3,-8.081174577985491,-8.081873212541852,0.05861534857860437,0.9532075971384153,74.07675976973958,74.24225863275333,0.002234153647219239,1.9367811759778157,0.006611751434387057,10,P2/m,False,CHGNET_0023,20,0.9790436511158029,0.25677837803959846,39464f65e5055f6072b8b09a2121d73bb7173fe124766f1723dbeff682d2c06d
job_207_Cr_fe_-0.848_n4_generated_crystals_cif__gen_2,prospective,MACE-MP,0.3.16,01bfe22100139f424713cf921144e5509cbe353d67aa9fa1be9c6e1e0ed35845,cuda,DONE,,,True,3,-7.102107444544909,-7.1028295614260495,0.08368905135995243,1.0833215689151205,74.07675976973958,74.26303252466444,0.002514591020231771,1.933481927641376,0.006639490322248908,10,P2/m,False,MACEMP_0023,20,0.9790436511158029,0.18992881290614605,6e2be752887096d308ed744b609479ee808abae82731c8fd24ff976b6078a3e5
job_208_Cr_fe_-1.031_n4_generated_crystals_cif__gen_0,prospective,CHGNet,0.4.2,131bf40fe7fb7e0a4685589e31019fed2e757e8f4bff5e335330b9854cf9e926,cuda,DONE,,,True,1,-8.081729888916016,-8.081766401018415,0.0950867280438759,0.44688187167062,74.4101628957264,74.41004682661391,-1.5598556430962418e-06,1.9479403032353408,0.0006010005448307988,10,P2/m,False,CHGNET_0023,20,0.978778032317396,0.12053131498396397,66d5c9bdb54f4fb146b9aac9538d644106983e211931dc7ccfae4e0a569b21c4
job_208_Cr_fe_-1.031_n4_generated_crystals_cif__gen_0,prospective,MACE-MP,0.3.16,01bfe22100139f424713cf921144e5509cbe353d67aa9fa1be9c6e1e0ed35845,cuda,DONE,,,True,4,-7.1020861623784866,-7.102988368701019,0.09375544889986329,0.9820974803981174,74.4101628957264,74.35083868314129,-0.0007972595446168462,1.937540085372668,0.009607748187970675,10,P2/m,False,MACEMP_0023,20,0.978778032317396,0.24122615903615952,425fd61f3f6ca8b8fc6df2a51864902ea339cf2758ea7cfd0caaf8081e6a7e31
job_208_Cr_fe_-1.031_n4_generated_crystals_cif__gen_1,prospective,CHGNet,0.4.2,131bf40fe7fb7e0a4685589e31019fed2e757e8f4bff5e335330b9854cf9e926,cuda,DONE,,,True,8,-8.031684875488281,-8.033243451799665,0.08393295592508382,0.46175033313977254,70.29397241178943,70.25177845139528,-0.0006002500491359974,1.7727027253887202,0.014604930392375247,8,Cm,False,CHGNET_0025,12,0.9578533656245822,0.6643011681735516,e55711d0a6a9986fd8810fa481d616345d0dda3bd5c3b661880dee5a50d2d857
job_208_Cr_fe_-1.031_n4_generated_crystals_cif__gen_1,prospective,MACE-MP,0.3.16,01bfe22100139f424713cf921144e5509cbe353d67aa9fa1be9c6e1e0ed35845,cuda,DONE,,,True,14,-7.069613176208819,-7.075390086175083,0.08887461501784417,0.8041328807559603,70.29397241178943,69.32964270127258,-0.01371852631784276,1.8426071854697408,0.04459831556341479,8,Cm,False,MACEMP_0025,12,0.9578533656245822,0.8371210843324661,4dbc0f46b498f7a36189a454cba3da88bf3ca054a06ac1a99251982ee202dba3
job_208_Cr_fe_-1.031_n4_generated_crystals_cif__gen_2,prospective,CHGNet,0.4.2,131bf40fe7fb7e0a4685589e31019fed2e757e8f4bff5e335330b9854cf9e926,cuda,DONE,,,True,3,-8.08154024396624,-8.081895010811943,0.09221232470169641,0.26708094086005857,74.78259350960842,74.74551200462072,-0.0004958574348311595,1.9420036238298441,0.004844926367748204,10,P2/m,False,CHGNET_0023,20,0.9786136501905807,0.2612022589892149,311121add0b02c4a078922fa930a14c9c1ff6e6aed6613a53468485df8a9524d
job_208_Cr_fe_-1.031_n4_generated_crystals_cif__gen_2,prospective,MACE-MP,0.3.16,01bfe22100139f424713cf921144e5509cbe353d67aa9fa1be9c6e1e0ed35845,cuda,DONE,,,True,4,-7.102467378557227,-7.103281360621362,0.09866777488453292,0.6521624704822597,74.78259350960842,74.69462780108371,-0.0011762858761164008,1.934185135131231,0.009926636411507098,10,P2/m,False,MACEMP_0023,20,0.9786136501905807,0.2407003603875637,741ddc595ebac36f79d554af1952bbfedc74549272e2238a1062702c57349232
job_208_Cr_fe_-1.031_n4_generated_crystals_cif__gen_3,prospective,CHGNet,0.4.2,131bf40fe7fb7e0a4685589e31019fed2e757e8f4bff5e335330b9854cf9e926,cuda,DONE,,,True,11,-8.078665597098214,-8.08169446672712,0.07789420193361343,1.0323607981613088,72.62723247750773,73.48112978042656,0.011757260655405943,1.9379893136511943,0.01732648982719182,10,P2/m,False,CHGNET_0023,20,0.9783886917711806,0.9190399926155806,7dc1b61461e9f412a78510a1be61f6fe5dc9ed39f769e82fcc1fb613fddf8f00
job_208_Cr_fe_-1.031_n4_generated_crystals_cif__gen_3,prospective,MACE-MP,0.3.16,01bfe22100139f424713cf921144e5509cbe353d67aa9fa1be9c6e1e0ed35845,cuda,DONE,,,True,17,-7.099276243982016,-7.103305774955939,0.025922391752374145,1.2238934505314174,72.62723247750773,73.92455797831022,0.017862796867611053,1.924465259025825,0.022865112208038694,10,P2/m,False,MACEMP_0023,20,0.9783886917711806,1.0154383145272732,2417bf0e87bacbce4bcd1a40cab53d61a6698d52917205bcffbe90d702f86b71
job_209_Ti_fe_-0.932_n4_generated_crystals_cif__gen_0,prospective,CHGNet,0.4.2,131bf40fe7fb7e0a4685589e31019fed2e757e8f4bff5e335330b9854cf9e926,cuda,DONE,,,True,5,-8.535245077950615,-8.536951882498604,0.08905996732872548,1.5439803121672868,69.2767130540759,69.54317785139526,0.0038463833743289655,1.9903364499258605,0.016458333564539036,119,I-4m2,False,CHGNET_0002,41,0.3841542044106738,0.4209396243095398,a1655cc06f1a672e5dbf0611561b066263c5a1d88a39f4d6577de3da472d83f4
job_209_Ti_fe_-0.932_n4_generated_crystals_cif__gen_0,prospective,MACE-MP,0.3.16,01bfe22100139f424713cf921144e5509cbe353d67aa9fa1be9c6e1e0ed35845,cuda,DONE,,,True,5,-8.15067858955123,-8.15279767808793,0.07392012847883124,1.2970007733124487,69.2767130540759,69.51075764041231,0.003378402005789649,1.9979136274310432,0.01984973821500855,119,I-4m2,False,MACEMP_0002,41,0.3841542044106738,0.27259019389748573,040b00d86ed65b42ed87087f6ce673c88b523fcc9c6d56c60607ac792a7051d6
job_209_Ti_fe_-0.932_n4_generated_crystals_cif__gen_1,prospective,CHGNet,0.4.2,131bf40fe7fb7e0a4685589e31019fed2e757e8f4bff5e335330b9854cf9e926,cuda,DONE,,,True,0,-8.531644003731865,-8.531644003731865,0.0922471890286638,1.0254139014139696,75.9415230405405,75.9415230405405,0.0,1.9881348688894651,0.0,10,P2/m,False,CHGNET_0016,11,0.4088336878266343,0.05973201431334019,81e673d9cf62c8a115e561b81e682dc3855abdf314b30d3553fb0f25af12b88a
job_209_Ti_fe_-0.932_n4_generated_crystals_cif__gen_1,prospective,MACE-MP,0.3.16,01bfe22100139f424713cf921144e5509cbe353d67aa9fa1be9c6e1e0ed35845,cuda,DONE,,,True,2,-8.12266592538185,-8.12281031590523,0.0902476144752767,0.3283768130457022,75.9415230405405,75.95790451256319,0.0002157116603249687,1.9896036471616867,0.0021728766067709436,10,P2/m,False,MACEMP_0016,11,0.4088336878266343,0.14011412858963013,5f9818cfa39dbdb5c4fd4660f61c4bdca7a1ed5f61da48777ea8ce18f671a77f
job_210_Co_fe_-1.389_n4_generated_crystals_cif__gen_1,prospective,CHGNet,0.4.2,131bf40fe7fb7e0a4685589e31019fed2e757e8f4bff5e335330b9854cf9e926,cuda,DONE,,,True,11,-6.533609662737165,-6.541083744594029,0.09511646808338876,0.9545310535988563,69.47846348098176,68.31596775397333,-0.016731742021419915,1.887055566964191,0.03049609081496027,12,C2/m,False,CHGNET_0031,25,0.8424980139499683,0.9261984117329121,bc76bb9bd14fb6e232073b09a8ffe051eb0283d6e16f02bf4bab72efeff6198f
job_210_Co_fe_-1.389_n4_generated_crystals_cif__gen_1,prospective,MACE-MP,0.3.16,01bfe22100139f424713cf921144e5509cbe353d67aa9fa1be9c6e1e0ed35845,cuda,DONE,,,True,18,-5.691263960429205,-5.69858573064406,0.014669330592461949,1.5330294023259738,69.47846348098176,67.66374758247836,-0.026119113860371024,1.8962705213105158,0.017911228451930786,12,C2/m,False,MACEMP_0031,25,0.8424980139499683,1.0779822282493114,3ee2dab8cf74b91d57a87990ed83a03ff64c7aa6e9c3436adbb4f6c05e4e2ad8
job_210_Co_fe_-1.389_n4_generated_crystals_cif__gen_2,prospective,CHGNet,0.4.2,131bf40fe7fb7e0a4685589e31019fed2e757e8f4bff5e335330b9854cf9e926,cuda,DONE,,,True,19,-6.5302598135811945,-6.54126957484654,0.05155491679650881,1.529347609332499,70.853438534803,68.59756438459958,-0.03183859805329481,1.8799116206415172,0.01933439298785786,12,C2/m,False,CHGNET_0031,25,0.843026920570324,1.702795971184969,88a65678912e4c68974214db73d27d65a2714f17f5889354579f946ffc8f145e
job_210_Co_fe_-1.389_n4_generated_crystals_cif__gen_2,prospective,MACE-MP,0.3.16,01bfe22100139f424713cf921144e5509cbe353d67aa9fa1be9c6e1e0ed35845,cuda,DONE,,,True,20,-5.68828370518216,-5.698242654276216,0.038680368603905446,1.5853899458743081,70.853438534803,68.03641207272437,-0.03975850036826245,1.896116994081508,0.010819348829162344,12,C2/m,False,MACEMP_0031,25,0.843026920570324,1.1984854489564896,396829400acf842b9c3e32db2e11af1b0fb5a1e3a3c832e8414333b775738adc
job_211_Ti_fe_-1.424_n4_generated_crystals_cif__gen_0,prospective,CHGNet,0.4.2,131bf40fe7fb7e0a4685589e31019fed2e757e8f4bff5e335330b9854cf9e926,cuda,DONE,,,True,13,-8.520955221993583,-8.524566650390625,0.0855707312363603,0.7476857537026986,82.15249258644067,81.40286692904142,-0.009124807218849673,1.8766858936866555,0.04471513954243038,8,Cm,False,CHGNET_0089,5,0.38982636225204637,1.0722313839942217,8cc894d0b2fa86fa7e93d278ad711c465ff2a3d08300cab2797202920962f6e3
job_211_Ti_fe_-1.424_n4_generated_crystals_cif__gen_0,prospective,MACE-MP,0.3.16,01bfe22100139f424713cf921144e5509cbe353d67aa9fa1be9c6e1e0ed35845,cuda,DONE,,,True,16,-8.128201289812926,-8.134740288138579,0.0675167081006606,0.6080050381104445,82.15249258644067,81.77580744016477,-0.004585194367408341,1.848097642001835,0.03868218514742743,8,Cm,False,MACEMP_0088,5,0.38982636225204637,0.9522283114492893,560ac16716d65efbfaf6196c7ea667f3fb53c19e650dca572738351a57e29dbe
job_211_Ti_fe_-1.424_n4_generated_crystals_cif__gen_1,prospective,CHGNet,0.4.2,131bf40fe7fb7e0a4685589e31019fed2e757e8f4bff5e335330b9854cf9e926,cuda,DONE,,,True,1,-8.531655447823661,-8.531692504882812,0.09518203807848978,0.6518968713460341,76.68239058780118,76.6731219973282,-0.00012086986858306226,1.9907591372446791,0.0005433419245293818,10,P2/m,False,CHGNET_0016,11,0.4095081196520436,0.12081671319901943,cbfd080134aea009fd22c0a425169e73471aecab3b57b7dcf02fc34b4c36e253
job_211_Ti_fe_-1.424_n4_generated_crystals_cif__gen_1,prospective,MACE-MP,0.3.16,01bfe22100139f424713cf921144e5509cbe353d67aa9fa1be9c6e1e0ed35845,cuda,DONE,,,True,0,-8.122184385230769,-8.122184385230769,0.09676723383268261,1.2293741864264978,76.68239058780118,76.68239058780118,0.0,1.9904132680609523,0.0,10,P2/m,False,MACEMP_0016,11,0.4095081196520436,0.04935592785477638,7c92ef54acd88e09a3ba403e663482ba9acfc0dcced8e3d9fde731b849d4fa0e
job_211_Ti_fe_-1.424_n4_generated_crystals_cif__gen_2,prospective,CHGNet,0.4.2,131bf40fe7fb7e0a4685589e31019fed2e757e8f4bff5e335330b9854cf9e926,cuda,DONE,,,True,5,-8.536756243024554,-8.538196563720703,0.0544485861920756,0.9588186526362928,70.28669906327501,70.07072965767078,-0.0030726923939022877,1.9870118476751768,0.017124488902687276,119,I-4m2,False,CHGNET_0002,41,0.38440207991815356,0.42514377273619175,c6807531b6b9e473d30289a6f1ba79c4363ec48d1eeae2c34f317272affb5da5
job_211_Ti_fe_-1.424_n4_generated_crystals_cif__gen_2,prospective,MACE-MP,0.3.16,01bfe22100139f424713cf921144e5509cbe353d67aa9fa1be9c6e1e0ed35845,cuda,DONE,,,True,4,-8.152640922238565,-8.15379448380255,0.0625791061935203,0.8033245364993791,70.28669906327501,70.03008363076343,-0.0036509814222540626,1.9941510011261303,0.011349084549517172,119,I-4m2,False,MACEMP_0002,41,0.38440207991815356,0.2415705770254135,9f93e1a713b69826819add3efea454507a42e6012934949af5ff63a8ecfcdef6
job_211_Ti_fe_-1.424_n4_generated_crystals_cif__gen_3,prospective,CHGNet,0.4.2,131bf40fe7fb7e0a4685589e31019fed2e757e8f4bff5e335330b9854cf9e926,cuda,DONE,,,True,11,-8.504341125488281,-8.507039206368583,0.07041596795508458,1.3795650756335966,76.57549353272522,76.96239428189081,0.005052540066232014,1.9526029583979378,0.016582240594377375,160,R3m,False,CHGNET_0137,2,0.41036003867484894,0.9130217470228672,cefdca64f6491620ef50f669dcb4986398f8517b4df6a0056c173e915f665784
job_211_Ti_fe_-1.424_n4_generated_crystals_cif__gen_3,prospective,MACE-MP,0.3.16,01bfe22100139f424713cf921144e5509cbe353d67aa9fa1be9c6e1e0ed35845,cuda,DONE,,,True,7,-8.09203882473001,-8.096679167693734,0.09364036077426546,1.2203668506829466,76.57549353272522,76.51651756238296,-0.0007701676818714365,1.9425665645543786,0.019665163482672072,160,R3m,False,MACEMP_0135,2,0.41036003867484894,0.40684002451598644,d16deb5348d02a0a23c3e5d02ccb73cb602bfc4fabdcdd341ac40b8514b03d97
job_212_Cr_fe_-1.473_n4_generated_crystals_cif__gen_0,prospective,CHGNet,0.4.2,131bf40fe7fb7e0a4685589e31019fed2e757e8f4bff5e335330b9854cf9e926,cuda,DONE,,,True,4,-8.081739153180804,-8.083856855119977,0.0990814321169143,0.747511620584785,74.53111552838931,74.1362354679456,-0.005298190663647007,1.9646360481994705,0.017639969565282177,12,C2/m,False,CHGNET_0024,12,0.9726935135284567,0.33176424354314804,3f95c0268e21f9549fbb9ac90a5f92f25506921e7b36ce3a934d2261de7616a7
job_212_Cr_fe_-1.473_n4_generated_crystals_cif__gen_0,prospective,MACE-MP,0.3.16,01bfe22100139f424713cf921144e5509cbe353d67aa9fa1be9c6e1e0ed35845,cuda,DONE,,,True,3,-7.108887810213929,-7.111163341591521,0.06822482841653232,1.4568067159304678,74.53111552838931,74.19089628295868,-0.004564794757446533,1.9693358084280113,0.012074171193866105,12,C2/m,False,MACEMP_0024,12,0.9726935135284567,0.19602670148015022,e9f9b1aa71c4d30745a991736b2eefb045adad20fa0047c9804601a058d1a124
job_212_Cr_fe_-1.473_n4_generated_crystals_cif__gen_2,prospective,CHGNet,0.4.2,131bf40fe7fb7e0a4685589e31019fed2e757e8f4bff5e335330b9854cf9e926,cuda,DONE,,,True,4,-8.032047271728516,-8.033108847481865,0.0901686565465148,1.4104255824432725,69.25677356765883,69.63277491577593,0.005429091318407631,1.9620103771186408,0.007263512435966944,119,I-4m2,False,CHGNET_0022,15,0.955703572917117,0.33618283085525036,acb236ff9995363c728f6da30bede93d196bbccefbcd7fc9ef3c35b73d45ed23
job_212_Cr_fe_-1.473_n4_generated_crystals_cif__gen_2,prospective,MACE-MP,0.3.16,01bfe22100139f424713cf921144e5509cbe353d67aa9fa1be9c6e1e0ed35845,cuda,DONE,,,True,0,-7.0774052745647476,-7.0774052745647476,0.0885160924401653,1.5645793778863935,69.25677356765883,69.25677356765883,0.0,1.9709594163900581,0.0,119,I-4m2,False,MACEMP_0022,15,0.955703572917117,0.04945440590381622,6d50012040bd2551fe544e25271f0984812329b67c40596a998825d71b05a4bc
job_212_Cr_fe_-1.473_n4_generated_crystals_cif__gen_3,prospective,CHGNet,0.4.2,131bf40fe7fb7e0a4685589e31019fed2e757e8f4bff5e335330b9854cf9e926,cuda,DONE,,,True,4,-8.081860678536552,-8.083648681640625,0.08629200386901273,1.204161546952284,73.7093294560047,73.49173805835777,-0.002952019768091896,1.9647108152411175,0.017667633946461092,12,C2/m,False,CHGNET_0024,12,0.9727259148988496,0.35027884878218174,4c6a9554003e6758dc63c7b479f6f9da7368e4716d37a4fcd072a3d6e2a1aab5
job_212_Cr_fe_-1.473_n4_generated_crystals_cif__gen_3,prospective,MACE-MP,0.3.16,01bfe22100139f424713cf921144e5509cbe353d67aa9fa1be9c6e1e0ed35845,cuda,DONE,,,True,3,-7.109143408905395,-7.110922766741775,0.06087326583764015,1.0489574536286548,73.7093294560047,73.47189994780574,-0.0032211595187644493,1.967692741554251,0.01145460747530337,12,C2/m,False,MACEMP_0024,12,0.9727259148988496,0.19504537992179394,06013957f37cf0587b05aa6fbe2723af08f550927fc45e6b67f53a64b46f9503
job_213_Al_fe_-1.344_n4_generated_crystals_cif__gen_1,prospective,CHGNet,0.4.2,131bf40fe7fb7e0a4685589e31019fed2e757e8f4bff5e335330b9854cf9e926,cuda,DONE,,,True,12,-7.00385502406529,-7.0076495579310825,0.09066027656712085,1.254644334428721,75.86160922807898,75.13689261869395,-0.009553140471963317,1.7885736315810663,0.026191909322955877,8,Cm,False,CHGNET_0106,2,0.40555348707367767,0.9958902727812529,b83327d92fcdb33fbb85dc8e976f6b394b7a14583c76edfee7a43dad85f7ab01
job_213_Al_fe_-1.344_n4_generated_crystals_cif__gen_1,prospective,MACE-MP,0.3.16,01bfe22100139f424713cf921144e5509cbe353d67aa9fa1be9c6e1e0ed35845,cuda,DONE,,,True,10,-6.597783036175959,-6.602096070857405,0.09724148058909869,1.1270875571061025,75.86160922807898,74.79777142679308,-0.014023401455767415,1.7889732596711696,0.029385467278451018,8,Cm,False,MACEMP_0105,2,0.40555348707367767,0.601707836613059,d2addb5e83a2b8058d2881ce9b8e1c47963e6ab1a3823085a6bc6a796eec5f67
job_214_Cr_fe_-0.857_n4_generated_crystals_cif__gen_0,development_calibration,CHGNet,0.4.2,131bf40fe7fb7e0a4685589e31019fed2e757e8f4bff5e335330b9854cf9e926,cuda,DONE,,,True,9,-8.026898520333427,-8.029193878173828,0.09649691005151721,0.4992969846628936,69.1856416459018,69.27461169956729,0.001285961242086131,1.8464542717669996,0.03495324779038739,8,Cm,False,CHGNET_0050,15,0.9520876946458765,0.7534149195998907,28282167ab7db2c84528cb50c6b365c7a8aca2aa2d8b104b69f0ca03a3281867
job_214_Cr_fe_-0.857_n4_generated_crystals_cif__gen_0,development_calibration,MACE-MP,0.3.16,01bfe22100139f424713cf921144e5509cbe353d67aa9fa1be9c6e1e0ed35845,cuda,DONE,,,True,8,-7.074163071737052,-7.077106183527952,0.09594034876012138,1.251382399644251,69.1856416459018,68.56595286919553,-0.008956898598670104,1.879052204787401,0.030096812502820872,8,Cm,False,MACEMP_0049,15,0.9520876946458765,0.47812801972031593,c74a9c2755e048050020e4bfc850e11e07a9a66d35417b8836edce8d24fbb93e
job_214_Cr_fe_-0.857_n4_generated_crystals_cif__gen_1,prospective,CHGNet,0.4.2,131bf40fe7fb7e0a4685589e31019fed2e757e8f4bff5e335330b9854cf9e926,cuda,DONE,,,True,9,-8.057320731026786,-8.06015123639788,0.08033311469875129,1.0779045914621328,76.65770762053491,76.80323085524044,0.001898350984168351,1.8832720315806026,0.024240483586677714,10,P2/m,False,CHGNET_0068,4,0.9755355711225588,0.7609261032193899,d0a7c612166de373256271c736df7d0d7481e178157ac8ef2435b92c496b930a
job_214_Cr_fe_-0.857_n4_generated_crystals_cif__gen_1,prospective,MACE-MP,0.3.16,01bfe22100139f424713cf921144e5509cbe353d67aa9fa1be9c6e1e0ed35845,cuda,DONE,,,True,14,-7.078467270186353,-7.084615665275321,0.06497390468049927,1.3651154732285498,76.65770762053491,77.03455649769504,0.004915994605859897,1.8457772883158658,0.04251285754401913,10,P2/m,False,MACEMP_0067,4,0.9755355711225588,0.8202593866735697,3d8d74bd0c175fbc2ba097d5aedf6c8429575c1c46138364d72f3d9f199440de
job_214_Cr_fe_-0.857_n4_generated_crystals_cif__gen_3,prospective,CHGNet,0.4.2,131bf40fe7fb7e0a4685589e31019fed2e757e8f4bff5e335330b9854cf9e926,cuda,DONE,,,True,10,-8.03057861328125,-8.033133370535714,0.09509915604339451,0.7572322624297213,70.81097863315968,70.55792244016327,-0.003573685858903053,1.773702291966411,0.02037233038930832,8,Cm,False,CHGNET_0025,12,0.9575161342327183,0.8157311547547579,143344461f040aacedb052d4f1ea1feffe501c31bf90d1c19d6719f3aecd188a
job_214_Cr_fe_-0.857_n4_generated_crystals_cif__gen_3,prospective,MACE-MP,0.3.16,01bfe22100139f424713cf921144e5509cbe353d67aa9fa1be9c6e1e0ed35845,cuda,DONE,,,True,14,-7.068877889531059,-7.075617236302995,0.09542455180773232,0.763748721249557,70.81097863315968,69.25393521871518,-0.021988728930168344,1.83352948168813,0.04610663783371051,8,Cm,False,MACEMP_0025,12,0.9575161342327183,0.8460269644856453,99c2329a4d27e915f04c7e1da959c24a1097b50675d569d5c3e0b666fa58bf4c
job_215_Co_fe_-1.286_n4_generated_crystals_cif__gen_1,prospective,CHGNet,0.4.2,131bf40fe7fb7e0a4685589e31019fed2e757e8f4bff5e335330b9854cf9e926,cuda,DONE,,,True,5,-6.461323329380581,-6.465646471296038,0.08835092898496837,0.40358289598690955,67.58835301785453,67.11149963904164,-0.007055259634554556,1.8487213293075617,0.027571895987082994,44,Imm2,False,CHGNET_0042,12,0.8790980832814084,0.41746692918241024,eecb684cf5c71d50c49b003ce74a48695dcc6a02af8ca8a05798d7fd635e0823
job_215_Co_fe_-1.286_n4_generated_crystals_cif__gen_1,prospective,MACE-MP,0.3.16,01bfe22100139f424713cf921144e5509cbe353d67aa9fa1be9c6e1e0ed35845,cuda,DONE,,,True,13,-5.583562242876115,-5.58654838801463,0.08507125573097156,0.878004605345754,67.58835301785453,66.47361120744708,-0.016493105108108974,1.8279274606949654,0.02019728590999232,44,Imm2,False,MACEMP_0042,12,0.8790980832814084,0.7675545010715723,a9ebb20dc6eddd90368e707ca20fdca713420152323ca31e14422d4784d9801d
job_215_Co_fe_-1.286_n4_generated_crystals_cif__gen_2,prospective,CHGNet,0.4.2,131bf40fe7fb7e0a4685589e31019fed2e757e8f4bff5e335330b9854cf9e926,cuda,DONE,,,True,10,-6.532956804547991,-6.536446162632534,0.09465817345792507,1.1969285317357081,68.98126075976593,68.12923605851249,-0.012351538546398921,1.8964151175822754,0.019241179902282655,12,C2/m,False,CHGNET_0036,18,0.8436301282252341,0.8463494051247835,d81c4ebe64ff9f5fa986d3350ce9f9644b54b0a4126cfcb4a429aad37acf54bd
job_215_Co_fe_-1.286_n4_generated_crystals_cif__gen_2,prospective,MACE-MP,0.3.16,01bfe22100139f424713cf921144e5509cbe353d67aa9fa1be9c6e1e0ed35845,cuda,DONE,,,True,17,-5.6879040184531195,-5.6928160344073,0.028374526176147673,1.6082632651358815,68.98126075976593,67.71906101273433,-0.018297719309992577,1.8952206366483513,0.014883395185615114,12,C2/m,False,MACEMP_0036,18,0.8436301282252341,1.0489185471087694,ac587959e5cff43cd32fcf1c3e2a5c0a09b31226c1f8d710928ddc334db535fd
job_216_Cr_fe_-0.890_n4_generated_crystals_cif__gen_0,prospective,CHGNet,0.4.2,131bf40fe7fb7e0a4685589e31019fed2e757e8f4bff5e335330b9854cf9e926,cuda,DONE,,,True,4,-8.031762259347099,-8.032285417829241,0.026839996588290133,1.4100801512796306,69.39036901469525,69.71201657660839,0.0046353343623957155,1.9511846125212555,0.0035660072213560506,44,Imm2,False,CHGNET_0022,15,0.953479510007261,0.33400227315723896,4dd127d0591ba9d38810152d127f59247a1a3ffca4725aecb10c9f1d3de8f995
job_216_Cr_fe_-0.890_n4_generated_crystals_cif__gen_0,prospective,MACE-MP,0.3.16,01bfe22100139f424713cf921144e5509cbe353d67aa9fa1be9c6e1e0ed35845,cuda,DONE,,,True,4,-7.077798129707391,-7.07880590782198,0.08002132987810391,1.332441739374397,69.39036901469525,69.56166390257526,0.0024685686257661654,1.9516568172079511,0.011068853831382178,44,Imm2,False,MACEMP_0022,15,0.953479510007261,0.25551543198525906,00ab82d9d2ede20dcf806654f23c70ba09ae9e8140b66eb6ac9953731b453e02
job_216_Cr_fe_-0.890_n4_generated_crystals_cif__gen_2,prospective,CHGNet,0.4.2,131bf40fe7fb7e0a4685589e31019fed2e757e8f4bff5e335330b9854cf9e926,cuda,DONE,,,True,5,-8.030349731445312,-8.03259767804827,0.0377044098809403,1.4323924678073572,68.91745964426217,69.76774847359768,0.01233778542802555,1.9525053779104815,0.012007027204250804,44,Imm2,False,CHGNET_0022,15,0.9536903049486032,0.3872291464358568,3bc6349db3b3a345b5e7a1ff47ed48265ae2a03ba80db7fffc7af8b0dd8fa63e
job_216_Cr_fe_-0.890_n4_generated_crystals_cif__gen_2,prospective,MACE-MP,0.3.16,01bfe22100139f424713cf921144e5509cbe353d67aa9fa1be9c6e1e0ed35845,cuda,DONE,,,True,5,-7.077049786838748,-7.078907373099668,0.0642706007943343,1.220677882454251,68.91745964426217,69.60480498771581,0.00997345733579813,1.9519205744467225,0.01596581853774093,44,Imm2,False,MACEMP_0022,15,0.9536903049486032,0.27552431635558605,a298612b276c9cfe569dce8488ce7005b4713e4344c9bbd5c6d26d0d0cf941ad
job_216_Cr_fe_-0.890_n4_generated_crystals_cif__gen_3,prospective,CHGNet,0.4.2,131bf40fe7fb7e0a4685589e31019fed2e757e8f4bff5e335330b9854cf9e926,cuda,DONE,,,True,10,-8.027879987444196,-8.032472882952009,0.08196259189814337,1.3350677223978353,69.54838407241849,69.95603351432662,0.005861379057832128,1.7797019288424214,0.027390226994737515,8,Cm,False,CHGNET_0025,12,0.9569216971565702,0.706290952861309,8ec8271604d24fd8a3d518bbce7aa15c2b51c4f3dd3f8e9efba4cbb13b477386
job_216_Cr_fe_-0.890_n4_generated_crystals_cif__gen_3,prospective,MACE-MP,0.3.16,01bfe22100139f424713cf921144e5509cbe353d67aa9fa1be9c6e1e0ed35845,cuda,DONE,,,True,10,-7.072720761004469,-7.0755511857954385,0.0681109707407134,1.2313225737955134,69.54838407241849,69.55356154884353,7.444423754909835e-05,1.84632554145986,0.022201982515571716,8,Cm,False,MACEMP_0025,12,0.9569216971565702,0.5659656953066587,9fd9ff497ab8ea5f4724b14c0e640dc288689e09503ad1063334870f768d271b
job_217_Ni_fe_-1.483_n4_generated_crystals_cif__gen_0,prospective,CHGNet,0.4.2,131bf40fe7fb7e0a4685589e31019fed2e757e8f4bff5e335330b9854cf9e926,cuda,DONE,,,True,11,-5.897799355643136,-5.903284890311105,0.09305726240850491,0.7645745771397605,70.99968606788123,69.02686823913845,-0.027786289461288693,1.8700041982560949,0.04281650824646077,2,P-1,False,CHGNET_0026,30,1.1075164181603494,0.9451652970165014,62c184b4a4ba999fd1189759e1ea7dbb7fcbc3a822afcf73e113f02c3a69c211
job_217_Ni_fe_-1.483_n4_generated_crystals_cif__gen_0,prospective,MACE-MP,0.3.16,01bfe22100139f424713cf921144e5509cbe353d67aa9fa1be9c6e1e0ed35845,cuda,DONE,,,True,17,-4.791611507503993,-4.795768472150756,0.04352459934596166,1.522146783801406,70.99968606788123,69.66352446075057,-0.018819260776071434,1.8581052243631113,0.014746070568642232,2,P-1,False,MACEMP_0026,30,1.1075164181603494,0.9977382235229015,7db73676112cc007e668e81c896c174cdbf37fa7a4d8b54a572edd29af3c9c85
job_217_Ni_fe_-1.483_n4_generated_crystals_cif__gen_2,prospective,CHGNet,0.4.2,131bf40fe7fb7e0a4685589e31019fed2e757e8f4bff5e335330b9854cf9e926,cuda,DONE,,,True,10,-5.81523677280971,-5.818260192871094,0.09913159132009282,0.9506390963456082,67.19708218657107,67.18384922057284,-0.00019692768744761224,1.8944931832909029,0.02523095959372552,8,Cm,False,CHGNET_0076,9,1.1177814215507658,0.8415797520428896,9f5c8238ff6f1cfe0ee0c99b57a8f9a6ae1886d9af17ea4531edcd22f51bb764
job_217_Ni_fe_-1.483_n4_generated_crystals_cif__gen_2,prospective,MACE-MP,0.3.16,01bfe22100139f424713cf921144e5509cbe353d67aa9fa1be9c6e1e0ed35845,cuda,DONE,,,True,16,-4.6957565759101,-4.700478771320328,0.09747140295435423,0.6528951461431715,67.19708218657107,67.07688589988089,-0.0017887128842358768,1.7848488437388983,0.060194080966732115,8,Cm,False,MACEMP_0075,9,1.1177814215507658,0.9301011878997087,7b53b98c6e26b8cf76a58a4461a2474d72695585d15b60e1045de687b17cb46e
job_217_Ni_fe_-1.483_n4_generated_crystals_cif__gen_3,prospective,CHGNet,0.4.2,131bf40fe7fb7e0a4685589e31019fed2e757e8f4bff5e335330b9854cf9e926,cuda,DONE,,,True,11,-5.898529597691128,-5.901868547712054,0.07444746174568802,1.3008840633438974,69.52925389118327,67.79915703147631,-0.024883006258267226,1.8754887204546271,0.03260481961721217,12,C2/m,False,CHGNET_0026,30,1.1046831161354156,0.9343102853745222,579a378d6df6f6bbad9056d133c32a74859d331aae40de8c9ad1f2e33fc14d9f
job_217_Ni_fe_-1.483_n4_generated_crystals_cif__gen_3,prospective,MACE-MP,0.3.16,01bfe22100139f424713cf921144e5509cbe353d67aa9fa1be9c6e1e0ed35845,cuda,DONE,,,True,11,-4.7914848429395835,-4.797185431576638,0.09669581041661686,0.9982124830771967,69.52925389118327,67.29539627555081,-0.0321283127693065,1.8906781468975944,0.03646984101916405,12,C2/m,False,MACEMP_0026,30,1.1046831161354156,0.6462233327329159,f5fd27721be60ceae5b308ada952357d6b4ae49355fde65d8eb34939d7911d4d
job_218_Ni_fe_-1.221_n4_generated_crystals_cif__gen_0,prospective,CHGNet,0.4.2,131bf40fe7fb7e0a4685589e31019fed2e757e8f4bff5e335330b9854cf9e926,cuda,DONE,,,True,2,-5.83551025390625,-5.835687909807477,0.0967584641343568,0.9759524859959033,66.87882503231936,66.9015659400695,0.00034003150831618534,1.868463814286552,0.002143434835220005,119,I-4m2,False,CHGNET_0053,7,1.136474924462238,0.3579090554267168,e7e29a799e9e6b33f8b9e9b80b7874e54c5592cc4ae976f68b89feb776f846c4
job_218_Ni_fe_-1.221_n4_generated_crystals_cif__gen_0,prospective,MACE-MP,0.3.16,01bfe22100139f424713cf921144e5509cbe353d67aa9fa1be9c6e1e0ed35845,cuda,DONE,,,True,11,-4.695000653609974,-4.699212985345239,0.020332183161587428,1.4895586264355796,66.87882503231936,68.18458045251008,0.019524197973868507,1.8549435682850637,0.006737239623551936,119,I-4m2,False,MACEMP_0052,7,1.136474924462238,0.614170653745532,54f13f9e1e2b617806173e94fc45ffc468a5982acd5cfabf1ec628dababa82ed
job_218_Ni_fe_-1.221_n4_generated_crystals_cif__gen_1,prospective,CHGNet,0.4.2,131bf40fe7fb7e0a4685589e31019fed2e757e8f4bff5e335330b9854cf9e926,cuda,DONE,,,True,3,-5.818897247314453,-5.820035661969866,0.0953689053484786,1.5920403066398137,65.50120853448699,65.36019321064015,-0.002152865985252772,1.8653405695952316,0.008817876765888955,8,Cm,False,CHGNET_0061,10,1.1209953212691834,0.2771210614591837,8e52e84f0200d52caebe279707c6711a74c0c4d6a76d0596d0d49c98d0fd8d83
job_218_Ni_fe_-1.221_n4_generated_crystals_cif__gen_1,prospective,MACE-MP,0.3.16,01bfe22100139f424713cf921144e5509cbe353d67aa9fa1be9c6e1e0ed35845,cuda,DONE,,,True,5,-4.6974461896682635,-4.699040340700683,0.07954057686837016,1.1284381483860462,65.50120853448699,65.45620352264173,-0.0006870867401105318,1.8511361312547374,0.016366885613454406,8,Cm,False,MACEMP_0060,10,1.1209953212691834,0.28263403475284576,2170c2052550862647485b3b0776adf14a7edb60746d6a86c4e3f7b9e9cbfa6d
job_218_Ni_fe_-1.221_n4_generated_crystals_cif__gen_2,prospective,CHGNet,0.4.2,131bf40fe7fb7e0a4685589e31019fed2e757e8f4bff5e335330b9854cf9e926,cuda,DONE,,,True,13,-5.816877092633929,-5.820301600864956,0.08990207793670281,0.5144015031950618,65.58685861593646,64.77089134171976,-0.012441017780632668,1.8638085207420105,0.04484450693234799,8,Cm,False,CHGNET_0061,10,1.120723137371046,1.0925807319581509,684bf8941f271edabf80ba3e801a9ba1d46f05fc526e3e0e08c89f408e69230d
job_218_Ni_fe_-1.221_n4_generated_crystals_cif__gen_2,prospective,MACE-MP,0.3.16,01bfe22100139f424713cf921144e5509cbe353d67aa9fa1be9c6e1e0ed35845,cuda,DONE,,,True,11,-4.694434737375138,-4.69957846349391,0.08888792541144919,1.1212076464764706,65.58685861593646,65.28969613061575,-0.004530823576424647,1.8339273944018304,0.06399090301207042,8,Cm,False,MACEMP_0060,10,1.120723137371046,0.6251392401754856,828a0b84e4dbba5b6b82146002b69ce62a4c9b8bacd16e56e85107aebf7cc07b
job_218_Ni_fe_-1.221_n4_generated_crystals_cif__gen_3,prospective,CHGNet,0.4.2,131bf40fe7fb7e0a4685589e31019fed2e757e8f4bff5e335330b9854cf9e926,cuda,DONE,,,True,5,-5.698036193847656,-5.700847625732422,0.03903333191148805,1.4519687904618501,65.25842453493729,64.92983524472552,-0.005035201087881802,1.9350217128635099,0.022259654630250203,139,I4/mmm,False,CHGNET_0138,1,1.1124896804866182,0.40668647177517414,b5186ec5c03a4b1aa90fd7146bcd45ca920c78571cd0abeca01d93d8c5b96cef
job_218_Ni_fe_-1.221_n4_generated_crystals_cif__gen_3,prospective,MACE-MP,0.3.16,01bfe22100139f424713cf921144e5509cbe353d67aa9fa1be9c6e1e0ed35845,cuda,DONE,,,True,5,-4.585886314040858,-4.588357945245804,0.08214499313544751,1.433217910613221,65.25842453493729,64.9073506855382,-0.00537974754832049,1.9296264446149602,0.019684710126445387,139,I4/mmm,False,MACEMP_0136,1,1.1124896804866182,0.26889765448868275,80168717b1a48c24b0c550a506be2aa058e1444ba4d7eaa293a65509a3120163
job_219_Co_fe_-0.895_n4_generated_crystals_cif__gen_0,prospective,CHGNet,0.4.2,131bf40fe7fb7e0a4685589e31019fed2e757e8f4bff5e335330b9854cf9e926,cuda,DONE,,,True,15,-6.453000204903739,-6.467007773263114,0.09549207891085523,1.1927434429399224,67.94275160503567,67.1559802886997,-0.011579915410397601,1.7939787274327854,0.06400506240816463,8,Cm,False,CHGNET_0128,3,0.8656914623611378,1.2583307549357414,d903c865357f7314d1501ce87f32d7557143bd46009f3c7b781c5534225e338a
job_219_Co_fe_-0.895_n4_generated_crystals_cif__gen_0,prospective,MACE-MP,0.3.16,01bfe22100139f424713cf921144e5509cbe353d67aa9fa1be9c6e1e0ed35845,cuda,DONE,,,True,15,-5.590662408674618,-5.601316310901976,0.06843327809831265,1.162867099002548,67.94275160503567,64.30429150064474,-0.053551850910336984,1.745304005150188,0.0354657250974997,8,Cm,False,MACEMP_0126,3,0.8656914623611378,0.8864265847951174,2e571258adc2a500fc8e7d2183479a96b0ebbb100830d27d41fdf56f39b44416
job_219_Co_fe_-0.895_n4_generated_crystals_cif__gen_1,prospective,CHGNet,0.4.2,131bf40fe7fb7e0a4685589e31019fed2e757e8f4bff5e335330b9854cf9e926,cuda,DONE,,,True,11,-6.515285491943359,-6.522263663155692,0.09955274313818759,1.478010569842304,73.51687541177972,72.48269840762217,-0.014067205636324576,1.8799408296101354,0.03218276106176465,10,P2/m,False,CHGNET_0131,2,0.8392614165070791,0.9257640354335308,b34cac97f482dbb717f99dea1cdf6e0dcbc23ef4b2fa3daadb9491abd961aa98
job_219_Co_fe_-0.895_n4_generated_crystals_cif__gen_1,prospective,MACE-MP,0.3.16,01bfe22100139f424713cf921144e5509cbe353d67aa9fa1be9c6e1e0ed35845,cuda,DONE,,,True,19,-5.671301107684007,-5.683002246648613,0.05749486673739777,1.373619605310733,73.51687541177972,71.45528615954365,-0.028042394901698242,1.8809153833208838,0.026719949619510342,10,P2/m,False,MACEMP_0129,2,0.8392614165070791,1.0290269292891026,ce518862ddc302de20a0fdaccfbef9598b78ad59a3d733fd4eabaed56bcadd14
job_219_Co_fe_-0.895_n4_generated_crystals_cif__gen_3,prospective,CHGNet,0.4.2,131bf40fe7fb7e0a4685589e31019fed2e757e8f4bff5e335330b9854cf9e926,cuda,DONE,,,True,5,-6.5348102024623325,-6.53868647984096,0.10015805162585979,1.0007028899959087,68.67397562456846,68.04478277493263,-0.009162027448003651,1.8851222212103786,0.0209760093316848,10,P2/m,False,CHGNET_0038,18,0.8459860407093514,0.4163855239748955,8f9d09c42ce616559ec49ddcb758fd72db61cd0fef584287cf4601a294ff456d
job_219_Co_fe_-0.895_n4_generated_crystals_cif__gen_3,prospective,MACE-MP,0.3.16,01bfe22100139f424713cf921144e5509cbe353d67aa9fa1be9c6e1e0ed35845,cuda,DONE,,,True,10,-5.689853532177485,-5.692700439131609,0.09852802698669404,1.1976791620685063,68.67397562456846,67.94312812470203,-0.01064227741614776,1.8884040693364894,0.018072250903643054,10,P2/m,False,MACEMP_0038,18,0.8459860407093514,0.5855571087449789,72771f0a5269d79db991301a7c639671cc28231aea6df908c6f1c1a7628260a7
job_220_Cr_fe_-1.305_n4_generated_crystals_cif__gen_0,prospective,CHGNet,0.4.2,131bf40fe7fb7e0a4685589e31019fed2e757e8f4bff5e335330b9854cf9e926,cuda,DONE,,,True,3,-8.031214032854352,-8.031595502580915,0.06487896755437822,1.0048779068247198,70.31350715163283,70.37684959052356,0.0009008573381801277,1.941591358086644,0.004718969323445593,44,Imm2,False,CHGNET_0022,15,0.9537743935774996,0.264761496335268,0a2fbc4b6cf01ec9a044381de9645e2d49a03721bd0c0a45c0a95a9afca58805
job_220_Cr_fe_-1.305_n4_generated_crystals_cif__gen_0,prospective,MACE-MP,0.3.16,01bfe22100139f424713cf921144e5509cbe353d67aa9fa1be9c6e1e0ed35845,cuda,DONE,,,True,4,-7.076766543338127,-7.077821109003415,0.06609878946933276,1.544672965713406,70.31350715163283,70.23141895774364,-0.0011674598126952818,1.9480446469571409,0.012013836755473562,44,Imm2,False,MACEMP_0022,15,0.9537743935774996,0.24685670621693134,80da2cdd05614d8eb7cd0570d4e1878604c57116d3de3d5e2c94904cf46d6a16
job_220_Cr_fe_-1.305_n4_generated_crystals_cif__gen_1,prospective,CHGNet,0.4.2,131bf40fe7fb7e0a4685589e31019fed2e757e8f4bff5e335330b9854cf9e926,cuda,DONE,,,True,8,-8.068674904959542,-8.07024165562221,0.08382191708285838,0.8859228289623847,74.41438123776581,74.50492552150061,0.0012167578662718448,1.943333186911963,0.014361836739875204,12,C2/m,False,CHGNET_0027,14,0.9759670253670905,0.666814062744379,2ac03a94c2a88d1ae3659c44e253de6db0c22061e0e14e95f2c7f76502dbe51d
job_220_Cr_fe_-1.305_n4_generated_crystals_cif__gen_1,prospective,MACE-MP,0.3.16,01bfe22100139f424713cf921144e5509cbe353d67aa9fa1be9c6e1e0ed35845,cuda,DONE,,,True,3,-7.093288007882778,-7.09427463025512,0.03820158629515945,0.6225094214340217,74.41438123776581,74.3692038430434,-0.0006071056961162169,1.9496375762673392,0.009686439466728865,12,C2/m,False,MACEMP_0027,14,0.9759670253670905,0.19287028722465038,dc1a6d7ecc3564ae23b0b64e731d70424e79a1f6a5955d45014cc8909ab72b4e
job_220_Cr_fe_-1.305_n4_generated_crystals_cif__gen_2,prospective,CHGNet,0.4.2,131bf40fe7fb7e0a4685589e31019fed2e757e8f4bff5e335330b9854cf9e926,cuda,DONE,,,True,13,-8.01650619506836,-8.019162859235491,0.03969674196337702,1.2718663534547299,79.58928408025365,79.25859734219617,-0.004154915349207422,1.7986366825194795,0.019268228823701203,8,Cm,False,CHGNET_0064,6,0.9714617718803922,1.0711612422019243,0ebd677f46a0c698ba0070d3b09808ad95797940eec965790f8676914615277d
job_220_Cr_fe_-1.305_n4_generated_crystals_cif__gen_2,prospective,MACE-MP,0.3.16,01bfe22100139f424713cf921144e5509cbe353d67aa9fa1be9c6e1e0ed35845,cuda,DONE,,,True,13,-7.0431768250346,-7.047701087355099,0.08158487182814933,1.3734970714192434,79.58928408025365,79.3231489367886,-0.0033438564819441297,1.814525457863323,0.023149327543958098,8,Cm,False,MACEMP_0063,6,0.9714617718803922,0.7520120553672314,c25a445509c8022645de5f6144919073b80cccd9df679cf08b82b01f36fe5568
job_221_Ti_fe_-1.143_n4_generated_crystals_cif__gen_0,prospective,CHGNet,0.4.2,131bf40fe7fb7e0a4685589e31019fed2e757e8f4bff5e335330b9854cf9e926,cuda,DONE,,,True,4,-8.54372787475586,-8.545186723981585,0.05720825083739144,0.7467841261405795,71.45990273446634,71.3099980641168,-0.0020977452335271263,1.9469554630013806,0.013700226866364082,44,Imm2,False,CHGNET_0002,41,0.38823423561532344,0.27601603977382183,a285f9ace22ee6701a8b57dfeb91b4b9a197a9510170cf5c2ac55eb2d962f352
job_221_Ti_fe_-1.143_n4_generated_crystals_cif__gen_0,prospective,MACE-MP,0.3.16,01bfe22100139f424713cf921144e5509cbe353d67aa9fa1be9c6e1e0ed35845,cuda,DONE,,,True,4,-8.154976093850232,-8.156952488366262,0.06744875933081503,1.3130652313605062,71.45990273446634,71.3603472893057,-0.001393165136686192,1.9455051918959694,0.01630853498017968,44,Imm2,False,MACEMP_0002,41,0.38823423561532344,0.22174652479588985,ab57fada0b0be023619c8ab7837076bdf79a9fa8956bd6ef6365600c28b776a9
job_221_Ti_fe_-1.143_n4_generated_crystals_cif__gen_1,prospective,CHGNet,0.4.2,131bf40fe7fb7e0a4685589e31019fed2e757e8f4bff5e335330b9854cf9e926,cuda,DONE,,,True,4,-8.53713880266462,-8.538105010986328,0.08563156411699577,0.9881775410808241,70.85396787585844,70.60206357135104,-0.003555260376507885,1.9922671712130897,0.009354137920678355,119,I-4m2,False,CHGNET_0002,41,0.38436851130630423,0.340657414868474,20ae0d0603a81a8dac9b0a4d16a3c9f6edc3b1eba0d09ba6f9935a9f521cb0eb
job_221_Ti_fe_-1.143_n4_generated_crystals_cif__gen_1,prospective,MACE-MP,0.3.16,01bfe22100139f424713cf921144e5509cbe353d67aa9fa1be9c6e1e0ed35845,cuda,DONE,,,True,5,-8.15235960768876,-8.153736499680024,0.04395732949089657,1.2908745336405323,70.85396787585844,70.42493431134488,-0.006055180498363288,1.9898534256891929,0.012802952308468807,119,I-4m2,False,MACEMP_0002,41,0.38436851130630423,0.2832364458590746,9111373ea0d9d04da3f2c56e27614a8d91d0761a437749460103d2b7d0e60ee7
job_221_Ti_fe_-1.143_n4_generated_crystals_cif__gen_3,prospective,CHGNet,0.4.2,131bf40fe7fb7e0a4685589e31019fed2e757e8f4bff5e335330b9854cf9e926,cuda,DONE,,,True,4,-8.537976946149554,-8.538797651018415,0.07381437405200536,0.6666972164755743,71.24826269944757,70.9646821690223,-0.003980174669262038,2.0094963469523557,0.00834956325634485,119,I-4m2,False,CHGNET_0002,41,0.38470886921007086,0.3259676080197096,6b82c373ca626daab148ba996edfd1ef10aba695285bada307363abc1c8f2009
job_221_Ti_fe_-1.143_n4_generated_crystals_cif__gen_3,prospective,MACE-MP,0.3.16,01bfe22100139f424713cf921144e5509cbe353d67aa9fa1be9c6e1e0ed35845,cuda,DONE,,,True,3,-8.153341538127453,-8.154088781808344,0.09403073307577313,1.3814518186216882,71.24826269944757,71.00700211448628,-0.0033861960393197776,2.0077986668079624,0.005251833430012918,119,I-4m2,False,MACEMP_0002,41,0.38470886921007086,0.19044587388634682,c705ed7545074cbae2e6e5dc83305b59b79d0b7fea75b9c6d7cd21896dcebbac
job_222_Ti_fe_-0.813_n4_generated_crystals_cif__gen_1,prospective,CHGNet,0.4.2,131bf40fe7fb7e0a4685589e31019fed2e757e8f4bff5e335330b9854cf9e926,cuda,DONE,,,True,3,-8.531349182128906,-8.531655447823661,0.05761312573095113,1.2154524457521163,75.88068853524906,76.0214170408424,0.0018546023805248169,1.9866781847426291,0.003507878897638063,10,P2/m,False,CHGNET_0016,11,0.40908986424731353,0.26392764411866665,016758a99604bf43a80843499699df9610cbfeb1fcb44f6e76a22f7d342b3d55
job_222_Ti_fe_-0.813_n4_generated_crystals_cif__gen_1,prospective,MACE-MP,0.3.16,01bfe22100139f424713cf921144e5509cbe353d67aa9fa1be9c6e1e0ed35845,cuda,DONE,,,True,3,-8.122029986529931,-8.122565583576348,0.09397740592462527,0.7910038359880598,75.88068853524906,75.95207133708739,0.0009407242239922731,1.985397821544948,0.00592905674125072,10,P2/m,False,MACEMP_0016,11,0.40908986424731353,0.1855473481118679,d3451bd3613be78001f06f079ac5b55430839fd5210ef32c6a1d1634b192b1bd
job_222_Ti_fe_-0.813_n4_generated_crystals_cif__gen_3,prospective,CHGNet,0.4.2,131bf40fe7fb7e0a4685589e31019fed2e757e8f4bff5e335330b9854cf9e926,cuda,DONE,,,True,3,-8.531719207763672,-8.532811846051898,0.0773676934081463,0.6533884177442041,76.09203990332199,75.88977428273206,-0.0026581705635295716,1.9337913573083407,0.008666566975200017,12,C2/m,False,CHGNET_0040,9,0.4013664000414341,0.26374672912061214,7b6bfcd573777185daa4b6d134b72ad76140301c9bf9c252dd3dd74da56a5487
job_222_Ti_fe_-0.813_n4_generated_crystals_cif__gen_3,prospective,MACE-MP,0.3.16,01bfe22100139f424713cf921144e5509cbe353d67aa9fa1be9c6e1e0ed35845,cuda,DONE,,,True,9,-8.1292062203929,-8.131445446010463,0.08740697938425682,0.5661063748670424,76.09203990332199,75.71597265174375,-0.0049422679698959415,1.944995892555063,0.020684309224687596,12,C2/m,False,MACEMP_0040,9,0.4013664000414341,0.5284007359296083,5b4ccd692cb43032ff5fb3a69bae58a1bbdcfddb79d8ba64ed7deb582bf7706d
job_223_Mg_fe_-1.268_n4_generated_crystals_cif__gen_1,prospective,CHGNet,0.4.2,131bf40fe7fb7e0a4685589e31019fed2e757e8f4bff5e335330b9854cf9e926,cuda,DONE,,,True,16,-5.447895050048828,-5.461432320731027,0.04924593578821199,1.3118307246946925,74.41172764426256,78.08396963459862,0.04935031219664476,2.0231611032226735,0.10184280589173288,119,I-4m2,False,CHGNET_0020,15,0.39822303512044144,1.3634654004126787,bed142ac7f30dfb3fc4a1a9fc6c320233945ac0b40825ae3902deea477d3221e
job_223_Mg_fe_-1.268_n4_generated_crystals_cif__gen_1,prospective,MACE-MP,0.3.16,01bfe22100139f424713cf921144e5509cbe353d67aa9fa1be9c6e1e0ed35845,cuda,DONE,,,True,5,-5.062499349195186,-5.0632092856105855,0.04747113939552804,1.4576594309058406,74.41172764426256,74.40871999682665,-4.041899753071121e-05,2.0104923226162303,0.006219263806067783,119,I-4m2,False,MACEMP_0020,15,0.39822303512044144,0.291939165443182,43562b1be105b8c6f958d8e3608b8dd51ba305d031e4ed8327bda63b52e9b545
job_224_Mn_fe_-1.419_n4_generated_crystals_cif__gen_0,prospective,CHGNet,0.4.2,131bf40fe7fb7e0a4685589e31019fed2e757e8f4bff5e335330b9854cf9e926,cuda,DONE,,,True,4,-7.719790322440011,-7.720466613769531,0.08117930412395356,0.4862550557527645,77.73419786600124,77.65677633750798,-0.0009959777114664226,1.919460590086111,0.0094783887973562,1,P1,False,CHGNET_0013,35,0.8689757122177308,0.305953586474061,4041d1504f61132956951ba4887534985fe69b898af7a7364ac2a2c19d32d558
job_224_Mn_fe_-1.419_n4_generated_crystals_cif__gen_0,prospective,MACE-MP,0.3.16,01bfe22100139f424713cf921144e5509cbe353d67aa9fa1be9c6e1e0ed35845,cuda,DONE,,,True,3,-6.8508477389715186,-6.8514909015518,0.09889246857215345,0.7606776158968162,77.73419786600124,77.68383347653672,-0.0006479051800513114,1.9149927359094825,0.006871238032371315,1,P1,False,MACEMP_0013,35,0.8689757122177308,0.1838462483137846,bac5b25a02788a4f383f19a8024129b038e62b4b647a6b5460aca94c26008dc8
job_224_Mn_fe_-1.419_n4_generated_crystals_cif__gen_2,prospective,CHGNet,0.4.2,131bf40fe7fb7e0a4685589e31019fed2e757e8f4bff5e335330b9854cf9e926,cuda,DONE,,,True,10,-7.672604697091239,-7.676027570452009,0.0786903533551857,0.660775645966233,71.1027875096831,71.57253793868298,0.006606638719134805,1.902677794872059,0.046460926485264537,1,P1,False,CHGNET_0030,7,0.8779105269466543,0.8228585738688707,e0affd7b1479a9ef8de520814daea8b613ac1060d898b7ab9f96064b28ea7dd8
job_224_Mn_fe_-1.419_n4_generated_crystals_cif__gen_2,prospective,MACE-MP,0.3.16,01bfe22100139f424713cf921144e5509cbe353d67aa9fa1be9c6e1e0ed35845,cuda,DONE,,,True,11,-6.79479630444267,-6.798117043505354,0.0946787993259346,0.8417051608510889,71.1027875096831,71.29981340233448,0.002771000962860315,1.8960339061652667,0.030412420457300242,1,P1,False,MACEMP_0030,7,0.8779105269466543,0.6331280488520861,60520fa340ff50eb8c995567b5d596587fd312933c3f91424727e522a7b39063
job_224_Mn_fe_-1.419_n4_generated_crystals_cif__gen_3,prospective,CHGNet,0.4.2,131bf40fe7fb7e0a4685589e31019fed2e757e8f4bff5e335330b9854cf9e926,cuda,DONE,,,True,3,-7.721509660993304,-7.722315652029855,0.08969134031620007,1.012395249938626,75.0391023212021,75.21322488919284,0.002320424453446046,1.9233344960925869,0.0070950702348925206,2,P-1,False,CHGNET_0013,35,0.8682562773111746,0.39996384270489216,178ad4dd46a69c48c531b800e6d9abc32572a274f19314225a1510a03f3269ad
job_224_Mn_fe_-1.419_n4_generated_crystals_cif__gen_3,prospective,MACE-MP,0.3.16,01bfe22100139f424713cf921144e5509cbe353d67aa9fa1be9c6e1e0ed35845,cuda,DONE,,,True,5,-6.853043535815215,-6.85405937471868,0.0851669759015695,1.163213052814514,75.0391023212021,75.47139503676037,0.005760899346954673,1.9173075469385363,0.011290478563311777,2,P-1,False,MACEMP_0013,35,0.8682562773111746,0.291539678350091,1bf9b3c37477a2240dd232bc474381e2107ef825a0604f3797d9c6d3127fc85d
job_225_Co_fe_-1.375_n4_generated_crystals_cif__gen_1,prospective,CHGNet,0.4.2,131bf40fe7fb7e0a4685589e31019fed2e757e8f4bff5e335330b9854cf9e926,cuda,DONE,,,True,4,-6.53734370640346,-6.538820539202009,0.09798389277061297,1.0045221052654525,68.3473555688237,67.94033269148696,-0.005955210321588522,1.886340390957033,0.012228194309532427,10,P2/m,False,CHGNET_0038,18,0.8459804275856158,0.3364109732210636,beca8af1cee9cb1a5b0459f6836f8e81534b184aa2afa63b81c07f02c767b390
job_225_Co_fe_-1.375_n4_generated_crystals_cif__gen_1,prospective,MACE-MP,0.3.16,01bfe22100139f424713cf921144e5509cbe353d67aa9fa1be9c6e1e0ed35845,cuda,DONE,,,True,4,-5.691663840971477,-5.692840111616393,0.06789524840463604,1.5080269725238753,68.3473555688237,67.9701459493499,-0.005519008253274227,1.893521191306025,0.00911517455738266,10,P2/m,False,MACEMP_0038,18,0.8459804275856158,0.23305943794548512,f6ecd3df16391b996791df8b96883fd2c8597c971f4ea118c610ec322bef303c
job_225_Co_fe_-1.375_n4_generated_crystals_cif__gen_2,prospective,CHGNet,0.4.2,131bf40fe7fb7e0a4685589e31019fed2e757e8f4bff5e335330b9854cf9e926,cuda,DONE,,,True,4,-6.5372161865234375,-6.538900647844587,0.09990484855847119,0.8514158224649861,68.26966694229358,67.82190045033332,-0.006558791217463389,1.8781388147856322,0.013714507073312752,10,P2/m,False,CHGNET_0038,18,0.8462097175036192,0.3353966362774372,a79402427122b7f7139d9894b63fdb0f3c0a7ad761d20623d9ad074b42873772
job_225_Co_fe_-1.375_n4_generated_crystals_cif__gen_2,prospective,MACE-MP,0.3.16,01bfe22100139f424713cf921144e5509cbe353d67aa9fa1be9c6e1e0ed35845,cuda,DONE,,,True,4,-5.691687158353589,-5.692690930340968,0.07686679297989067,1.4069178011489056,68.26966694229358,67.9303246775639,-0.004970615500680786,1.886304378383406,0.00874969076039337,10,P2/m,False,MACEMP_0038,18,0.8462097175036192,0.24435790441930294,77a047a1f540ac8097a431310edb7a1552e456adf7bf9959a10e3c8df7241eed
job_227_Mg_fe_-1.196_n4_generated_crystals_cif__gen_3,prospective,CHGNet,0.4.2,131bf40fe7fb7e0a4685589e31019fed2e757e8f4bff5e335330b9854cf9e926,cuda,DONE,,,True,16,-5.456117357526507,-5.464929853166852,0.07204205715180646,1.2253973567283503,77.69448350434538,79.31082731257253,0.020803842632363345,2.0371868126021333,0.12067385715929219,119,I-4m2,False,CHGNET_0020,15,0.3977328240063587,1.3271443247795105,b3284ea46f1639b184fc1b4a20c9d5d9572e964a5264f2e879a0098243526557
job_227_Mg_fe_-1.196_n4_generated_crystals_cif__gen_3,prospective,MACE-MP,0.3.16,01bfe22100139f424713cf921144e5509cbe353d67aa9fa1be9c6e1e0ed35845,cuda,DONE,,,True,2,-5.066915033498162,-5.067197029160494,0.09557656517188873,1.4140648125539867,77.69448350434538,77.60895964935878,-0.001100771266235645,2.0364405220397033,0.002396204445858294,119,I-4m2,False,MACEMP_0020,15,0.3977328240063587,0.14657991379499435,07e522bdf6253bb960d44ba45db64bc9daf4ba4c4f0a53062131fbe56832ce1d
job_228_Ti_fe_-0.950_n4_generated_crystals_cif__gen_0,prospective,CHGNet,0.4.2,131bf40fe7fb7e0a4685589e31019fed2e757e8f4bff5e335330b9854cf9e926,cuda,DONE,,,True,9,-8.511541094098773,-8.514014107840401,0.04992892341913798,0.2769975197662291,78.59028842774995,79.9872916270307,0.017775773918491833,1.8991178239338886,0.02133833095158376,156,P3m1,False,CHGNET_0139,3,0.416236525623102,0.6542161479592323,58e7e30ee29e814b6b69ba4fe51ed709ae82547ab9e51c5b047df0a134097c92
job_228_Ti_fe_-0.950_n4_generated_crystals_cif__gen_0,prospective,MACE-MP,0.3.16,01bfe22100139f424713cf921144e5509cbe353d67aa9fa1be9c6e1e0ed35845,cuda,DONE,,,True,8,-8.095740104762443,-8.097777582217299,0.054246076308889314,0.8297727289895406,78.59028842774995,79.43661428663226,0.010768835129805643,1.9264668804630538,0.01950617731782428,156,P3m1,False,MACEMP_0137,3,0.416236525623102,0.41048637218773365,f10c8fde404f44944d3e16131ee32a1d9738f84cbe546eb85d42df1d520609ca
job_228_Ti_fe_-0.950_n4_generated_crystals_cif__gen_1,prospective,CHGNet,0.4.2,131bf40fe7fb7e0a4685589e31019fed2e757e8f4bff5e335330b9854cf9e926,cuda,DONE,,,True,15,-8.504066467285156,-8.507485525948661,0.09349780300894353,0.7749566860898477,76.88379956529326,77.682341487493,0.010386348316742344,1.9559477842814774,0.01968133318786495,160,R3m,False,CHGNET_0137,2,0.4111719418571962,1.1272687837481499,384527d1e69f3bbd9c755034fdc0067a1f9fd0b8fd8653be1ac597551f0cd005
job_228_Ti_fe_-0.950_n4_generated_crystals_cif__gen_1,prospective,MACE-MP,0.3.16,01bfe22100139f424713cf921144e5509cbe353d67aa9fa1be9c6e1e0ed35845,cuda,DONE,,,True,7,-8.091411884412611,-8.096313584091465,0.09664496742933529,1.4215521039013803,76.88379956529326,76.83362292155704,-0.0006526296049352842,1.942336343084825,0.020062667915399394,160,R3m,False,MACEMP_0135,2,0.4111719418571962,0.37821892462670803,b9ced038193fa95523a55ce9f1e927261170a838b8c94b2da2b28e9b0d1ddb3d
job_229_Al_fe_-1.076_n4_generated_crystals_cif__gen_2,prospective,CHGNet,0.4.2,131bf40fe7fb7e0a4685589e31019fed2e757e8f4bff5e335330b9854cf9e926,cuda,DONE,,,True,8,-6.984050750732422,-6.988425663539341,0.09432096847031558,1.1227604321150215,70.26087444701118,72.04123598912925,0.025339302366081062,1.8540566315773148,0.025001776463089098,156,P3m1,False,CHGNET_0087,2,0.3995543060344495,0.382390808314085,194c4bc603aa6bd27a32ab0e94626943aa223e4e0afff5835554ab42e35dad4c
job_229_Al_fe_-1.076_n4_generated_crystals_cif__gen_2,prospective,MACE-MP,0.3.16,01bfe22100139f424713cf921144e5509cbe353d67aa9fa1be9c6e1e0ed35845,cuda,DONE,,,True,11,-6.584335072363847,-6.588871357504892,0.06333425534952082,1.5685870436517242,70.26087444701118,70.87497976473462,0.008740359731596925,1.8298490396650675,0.027162097864856294,156,P3m1,False,MACEMP_0086,2,0.3995543060344495,0.5885892044752836,1c9ae940ea566002019447390006a4d521d855f208d9814f0b2e5fde0a8af168
job_229_Al_fe_-1.076_n4_generated_crystals_cif__gen_3,prospective,CHGNet,0.4.2,131bf40fe7fb7e0a4685589e31019fed2e757e8f4bff5e335330b9854cf9e926,cuda,DONE,,,True,8,-7.025483812604632,-7.027131761823382,0.08589084718377621,0.417569687309985,69.30103083934974,69.34987847882662,0.0007048616576876832,1.8965492900183016,0.015850708770028022,10,P2/m,False,CHGNET_0098,3,0.37619619631126966,0.6786071565002203,757b952915b0f963e609dc79612e27f773f6bf096f70b4e9c262cc7536b1eb6a
job_229_Al_fe_-1.076_n4_generated_crystals_cif__gen_3,prospective,MACE-MP,0.3.16,01bfe22100139f424713cf921144e5509cbe353d67aa9fa1be9c6e1e0ed35845,cuda,DONE,,,True,12,-6.647034786725775,-6.650935565512112,0.0954786953287289,1.1115923908024565,69.30103083934974,68.48117446396049,-0.011830363350435635,1.8808031990972218,0.027535943705345726,10,P2/m,False,MACEMP_0097,3,0.37619619631126966,0.6462332047522068,40539f0a6193a7983cb3cd27f4f7c98e5c50a1362da2893477210424692be622
job_230_Mg_fe_-1.419_n4_generated_crystals_cif__gen_3,prospective,CHGNet,0.4.2,131bf40fe7fb7e0a4685589e31019fed2e757e8f4bff5e335330b9854cf9e926,cuda,DONE,,,True,14,-5.452491215297154,-5.460118974958148,0.06121419062001758,1.3058893086800534,76.21684149124751,77.49508268560804,0.016771112123654675,2.033016059583483,0.061815042819658675,119,I-4m2,False,CHGNET_0020,15,0.395306648245092,1.182552294805646,9ddabb2ae9c2bf5f35bbb9af3e59b696af7d5f708c1c3c114c253c8e34fc31b6
job_230_Mg_fe_-1.419_n4_generated_crystals_cif__gen_3,prospective,MACE-MP,0.3.16,01bfe22100139f424713cf921144e5509cbe353d67aa9fa1be9c6e1e0ed35845,cuda,DONE,,,True,4,-5.064224576164475,-5.064812326713056,0.056264891404068054,1.4366175072730647,76.21684149124751,76.00720849078479,-0.0027504813419326757,2.029815028416434,0.004886055007896333,119,I-4m2,False,MACEMP_0020,15,0.395306648245092,0.240870151668787,482d839aa0d35d4e92f0ba0a429bed4f75b59a0337dfb80268fc76195bdee6d9
job_232_Mn_fe_-1.004_n4_generated_crystals_cif__gen_1,prospective,CHGNet,0.4.2,131bf40fe7fb7e0a4685589e31019fed2e757e8f4bff5e335330b9854cf9e926,cuda,DONE,,,True,2,-7.67768314906529,-7.677822113037109,0.09590933028247736,1.1297120291136153,71.26591357616145,71.27056468276727,6.526411256690956e-05,1.9124015585950926,0.0018330782693456906,119,I-4m2,False,CHGNET_0070,8,0.8666096350415113,0.18589146248996258,4d57cbc0d0df366392b9b692c7bb00572969b786c32ffb611a51f4f5aacea213
job_232_Mn_fe_-1.004_n4_generated_crystals_cif__gen_1,prospective,MACE-MP,0.3.16,01bfe22100139f424713cf921144e5509cbe353d67aa9fa1be9c6e1e0ed35845,cuda,DONE,,,True,2,-6.81110791961956,-6.811212477995598,0.0544309792727977,1.5347082226487603,71.26591357616145,71.22040145910715,-0.0006386239194936527,1.910037299701954,0.0012342741439385918,119,I-4m2,False,MACEMP_0069,8,0.8666096350415113,0.14021088369190693,98f9f3a86af3290205dc26dc56a83fd883467b6d0794cd5ea58e7d70f313d7f7
job_232_Mn_fe_-1.004_n4_generated_crystals_cif__gen_2,prospective,CHGNet,0.4.2,131bf40fe7fb7e0a4685589e31019fed2e757e8f4bff5e335330b9854cf9e926,cuda,DONE,,,True,12,-7.6395737784249445,-7.6451535906110495,0.07964340538126352,0.5469228027516594,81.95247693861792,82.5889466947426,0.007766327265512629,1.8368123591110344,0.03011156863222048,1,P1,False,CHGNET_0069,5,0.8462650751250145,0.983068810775876,3d6abadf4b6f631b3e28d97de30bb48c82902c16d5bbece939f7709d4584564a
job_232_Mn_fe_-1.004_n4_generated_crystals_cif__gen_2,prospective,MACE-MP,0.3.16,01bfe22100139f424713cf921144e5509cbe353d67aa9fa1be9c6e1e0ed35845,cuda,DONE,,,True,24,-6.771744456023714,-6.798888515486035,0.07407790403561944,0.5777801275473519,81.95247693861792,78.24837699697743,-0.045198145071500995,1.8810822183949643,0.1964197791871422,1,P1,False,MACEMP_0068,6,0.8462650751250145,1.4229537453502417,87ba8729009991219058f18c4acd2239e89ca9ef0153bbf36130ebfea65dbf9b
job_232_Mn_fe_-1.004_n4_generated_crystals_cif__gen_3,prospective,CHGNet,0.4.2,131bf40fe7fb7e0a4685589e31019fed2e757e8f4bff5e335330b9854cf9e926,cuda,DONE,,,True,28,-7.63428715297154,-7.658802032470703,0.0951228479708574,0.768841136957295,81.21629093767059,79.23300438751949,-0.02441981192755005,1.8850566131615527,0.11896097248349699,8,Cm,False,CHGNET_0069,5,0.8596564104652398,2.323977319523692,2c23ee8628b27ce3ed117fac6b1f23e35e12cbac6c7d076c419d4980fb132822
job_232_Mn_fe_-1.004_n4_generated_crystals_cif__gen_3,prospective,MACE-MP,0.3.16,01bfe22100139f424713cf921144e5509cbe353d67aa9fa1be9c6e1e0ed35845,cuda,DONE,,,True,18,-6.774154510055672,-6.799145622005463,0.09678794990066322,1.216135749142224,81.21629093767059,78.12881009723188,-0.03801553610479702,1.8758960874296762,0.12480946225025326,8,Cm,False,MACEMP_0068,6,0.8596564104652398,1.069381495937705,4167b049af9cdad0294cc7bdb80faf245d35c300a1817f11259908261608d48e
job_233_Mn_fe_-1.136_n4_generated_crystals_cif__gen_0,prospective,CHGNet,0.4.2,131bf40fe7fb7e0a4685589e31019fed2e757e8f4bff5e335330b9854cf9e926,cuda,DONE,,,True,9,-7.66527339390346,-7.667542593819754,0.08406732807883768,0.9049235573560792,71.6200783427078,71.82696345044667,0.0028886467667474935,1.876600455275081,0.01652769150295221,1,P1,False,CHGNET_0065,10,0.8656593022197105,0.7324078679084778,abec5f34b04ce5825074c185873260eac5dd383658f2672c8b283def990fcc51
job_233_Mn_fe_-1.136_n4_generated_crystals_cif__gen_0,prospective,MACE-MP,0.3.16,01bfe22100139f424713cf921144e5509cbe353d67aa9fa1be9c6e1e0ed35845,cuda,DONE,,,True,3,-6.800119831190641,-6.801883291600044,0.09207000643472481,0.7201851453974444,71.6200783427078,71.73662111062669,0.0016272359737059539,1.8749891336172233,0.011986385361467431,1,P1,False,MACEMP_0064,10,0.8656593022197105,0.18372040800750256,634705b29595d24dbe8304f2b32b66afd2c956dfdfa8c2dd10fcc8a33b6e4b61
job_233_Mn_fe_-1.136_n4_generated_crystals_cif__gen_1,prospective,CHGNet,0.4.2,131bf40fe7fb7e0a4685589e31019fed2e757e8f4bff5e335330b9854cf9e926,cuda,DONE,,,True,8,-7.666308266775949,-7.668363298688616,0.09892540751460657,0.44896266544037594,71.82882587178914,71.94724945496237,0.0016486916183848788,1.8777389623211522,0.01690718504144064,1,P1,False,CHGNET_0065,10,0.8662065683969242,0.6550305224955082,afcf563053a5ef98e1545d0370a9accf2bf60644408b9fae750ab8070c220db4
job_233_Mn_fe_-1.136_n4_generated_crystals_cif__gen_1,prospective,MACE-MP,0.3.16,01bfe22100139f424713cf921144e5509cbe353d67aa9fa1be9c6e1e0ed35845,cuda,DONE,,,True,7,-6.800082960309328,-6.802156730291692,0.0911910301706638,0.592610178064282,71.82882587178914,71.9181881777063,0.0012441008861354685,1.877283468055993,0.017942972222567837,1,P1,False,MACEMP_0064,10,0.8662065683969242,0.4168316926807165,a9d21c5b5ed8e7c35a4c92f150c101a9077d1d2322ead19d56ed4bcae129b6e2
job_233_Mn_fe_-1.136_n4_generated_crystals_cif__gen_2,prospective,CHGNet,0.4.2,131bf40fe7fb7e0a4685589e31019fed2e757e8f4bff5e335330b9854cf9e926,cuda,DONE,,,True,2,-7.722752707345145,-7.723015921456473,0.08498863339269777,0.9637167620867059,74.9822982294468,75.06033633136857,0.0010407536680587803,1.926655837251652,0.0025625718531828356,10,P2/m,False,CHGNET_0013,35,0.8680089931846862,0.13757936470210552,4dd2c3b1dbff0d4e7493995b97169f971d20909f1635dbec87aa6290b1a010bf
job_233_Mn_fe_-1.136_n4_generated_crystals_cif__gen_2,prospective,MACE-MP,0.3.16,01bfe22100139f424713cf921144e5509cbe353d67aa9fa1be9c6e1e0ed35845,cuda,DONE,,,True,4,-6.854293658879251,-6.855006928271787,0.08243743986400064,1.0420439447227714,74.9822982294468,75.30762390234506,0.00433869967419187,1.9291143313550947,0.0069810719474743725,10,P2/m,False,MACEMP_0013,35,0.8680089931846862,0.22163090854883194,613035f273b288d2026883a4fca26fe6ec0efeb2d097f43f2f017c58f4b1f965
job_234_Cr_fe_-1.123_n4_generated_crystals_cif__gen_0,prospective,CHGNet,0.4.2,131bf40fe7fb7e0a4685589e31019fed2e757e8f4bff5e335330b9854cf9e926,cuda,DONE,,,True,3,-8.070238930838448,-8.071108136858259,0.09739585133899877,0.6107801178698703,73.63071079636597,73.68389415870456,0.0007222986409254339,1.9485234833004568,0.008576200490860894,12,C2/m,False,CHGNET_0027,14,0.976980539733848,0.2656187154352665,3edcd04bb86f71f51a32e6532dbd735c27a4ede2fb64f84614470408f9819aab
job_234_Cr_fe_-1.123_n4_generated_crystals_cif__gen_0,prospective,MACE-MP,0.3.16,01bfe22100139f424713cf921144e5509cbe353d67aa9fa1be9c6e1e0ed35845,cuda,DONE,,,True,3,-7.093345551715651,-7.094127597124411,0.044512504406379154,0.6901899538186811,73.63071079636597,73.57702892127496,-0.0007290690869395933,1.9499556195860475,0.008498304529038266,12,C2/m,False,MACEMP_0027,14,0.976980539733848,0.19153134152293205,ad146fdbb9dc17c6e9bc4417bfd802cb06004ac34072add2e5e41a6039afea43
job_234_Cr_fe_-1.123_n4_generated_crystals_cif__gen_2,prospective,CHGNet,0.4.2,131bf40fe7fb7e0a4685589e31019fed2e757e8f4bff5e335330b9854cf9e926,cuda,DONE,,,True,7,-8.025804792131696,-8.02905763898577,0.09877158238699629,0.5694169369350653,68.07662208134677,68.99768742821115,0.013529833277623249,1.8606322883744688,0.026367413268142025,8,Cm,False,CHGNET_0050,15,0.9517092121242801,0.5736231803894043,d11dbe1aece5dc1af4046e314e4edd090251716bea12ebfd345967c289371a92
job_234_Cr_fe_-1.123_n4_generated_crystals_cif__gen_2,prospective,MACE-MP,0.3.16,01bfe22100139f424713cf921144e5509cbe353d67aa9fa1be9c6e1e0ed35845,cuda,DONE,,,True,7,-7.075278553539441,-7.077348426861491,0.09112030729996061,0.8496846296041548,68.07662208134677,68.49460341044293,0.0061398658793132554,1.8815562498437362,0.026666383053906267,8,Cm,False,MACEMP_0049,15,0.9517092121242801,0.3615161906927824,fcb61457955412df2fce3f46afd0fde4e459c25a65409bb87847789401d7d8b4
job_234_Cr_fe_-1.123_n4_generated_crystals_cif__gen_3,prospective,CHGNet,0.4.2,131bf40fe7fb7e0a4685589e31019fed2e757e8f4bff5e335330b9854cf9e926,cuda,DONE,,,True,13,-7.959594181605747,-7.9630279541015625,0.0790527943970708,0.6114360267413945,74.20759821910192,74.26039692786331,0.0007115000354207535,1.7569205999204631,0.02447836179010007,156,P3m1,False,CHGNET_0084,2,0.9537352787193027,1.054004043340683,30558f81120850f69a502448199854cb9fbd176ea2a2122b4b0126cc1e11d005
job_234_Cr_fe_-1.123_n4_generated_crystals_cif__gen_3,prospective,MACE-MP,0.3.16,01bfe22100139f424713cf921144e5509cbe353d67aa9fa1be9c6e1e0ed35845,cuda,DONE,,,True,11,-7.004425829479655,-7.00929267538226,0.05836082157931019,1.4928296916610415,74.20759821910192,74.11358672984234,-0.0012668714729455743,1.7677931718510542,0.037473334432985714,156,P3m1,False,MACEMP_0083,2,0.9537352787193027,0.6367114819586277,b423c7dcea6616890e3516fe014d6ea2b2956475fb6d5dd15f15089eec16989e
job_235_Ti_fe_-0.842_n4_generated_crystals_cif__gen_0,prospective,CHGNet,0.4.2,131bf40fe7fb7e0a4685589e31019fed2e757e8f4bff5e335330b9854cf9e926,cuda,DONE,,,True,2,-8.531714303152901,-8.531854901994977,0.09028411004585454,0.40004935154362586,76.23324688254716,76.26186282779032,0.00037537355961303476,1.9909822602888048,0.0021089465743339506,10,P2/m,False,CHGNET_0016,11,0.4090853351289603,0.1828892882913351,d42635ba2f6b6eb40b9d87e4eb43eab9c2cb1e4c2d8f48c1df4723b7d141d26c
job_235_Ti_fe_-0.842_n4_generated_crystals_cif__gen_0,prospective,MACE-MP,0.3.16,01bfe22100139f424713cf921144e5509cbe353d67aa9fa1be9c6e1e0ed35845,cuda,DONE,,,True,1,-8.122721990383443,-8.122769566866017,0.09277920228943111,0.35550730848542966,76.23324688254716,76.23330892579054,8.138606961693995e-07,1.9884949635342768,0.0007043207329481972,10,P2/m,False,MACEMP_0016,11,0.4090853351289603,0.09068801999092102,e01de7daeddc809ec42ed286b4722f2f63f4b70ec7512f54bd4d13d45e73ed72
job_235_Ti_fe_-0.842_n4_generated_crystals_cif__gen_1,prospective,CHGNet,0.4.2,131bf40fe7fb7e0a4685589e31019fed2e757e8f4bff5e335330b9854cf9e926,cuda,DONE,,,True,8,-8.530059814453125,-8.532555716378349,0.09666875574870713,0.7990621111676752,76.74152789922967,76.17792010902525,-0.007344234674927175,1.9252034257993846,0.03274074295709466,12,C2/m,False,CHGNET_0040,9,0.40185046307914085,0.6531907021999359,986a81a810dd83d1b4d1aa758f47b4df99ef39d532ea22c6103f6867f4e62d1d
job_235_Ti_fe_-0.842_n4_generated_crystals_cif__gen_1,prospective,MACE-MP,0.3.16,01bfe22100139f424713cf921144e5509cbe353d67aa9fa1be9c6e1e0ed35845,cuda,DONE,,,True,8,-8.127451211086068,-8.130705253299208,0.09477948852557802,0.8789519539615381,76.74152789922967,76.01208624083682,-0.009505175077445416,1.9554960458459527,0.03786556495140986,12,C2/m,False,MACEMP_0040,9,0.40185046307914085,0.4634936675429344,54b2b3c88d23fbe73fc64c0663a2305efe31f6fe867ebd053dee05a5705cb56d
job_235_Ti_fe_-0.842_n4_generated_crystals_cif__gen_2,prospective,CHGNet,0.4.2,131bf40fe7fb7e0a4685589e31019fed2e757e8f4bff5e335330b9854cf9e926,cuda,DONE,,,True,4,-8.51259994506836,-8.513526916503906,0.09353542345129612,1.2650691932830775,79.32042716717847,79.50685472430885,0.002350309545578577,1.8727972098074028,0.01161178493450181,156,P3m1,False,CHGNET_0139,3,0.4161388484744979,0.3336489535868168,257bf28155eef89e69c77fa88055ae2a821992287f770abd4ba4bc0540c2456f
job_235_Ti_fe_-0.842_n4_generated_crystals_cif__gen_2,prospective,MACE-MP,0.3.16,01bfe22100139f424713cf921144e5509cbe353d67aa9fa1be9c6e1e0ed35845,cuda,DONE,,,True,3,-8.096768580343836,-8.097388068029408,0.09737223108929574,0.9919715562026375,79.32042716717847,79.40707334998096,0.0010923564823961396,1.87942460472799,0.0070849679339309015,156,P3m1,False,MACEMP_0137,3,0.4161388484744979,0.1829750631004572,9dbe9f24caf550603feaaffd7036f7a8dd4402aed2116594f3d1d4dc5d923885
job_235_Ti_fe_-0.842_n4_generated_crystals_cif__gen_3,prospective,CHGNet,0.4.2,131bf40fe7fb7e0a4685589e31019fed2e757e8f4bff5e335330b9854cf9e926,cuda,DONE,,,True,8,-8.511151994977679,-8.513707842145648,0.08187388289488326,0.9642940723122481,77.76785204451794,79.04854432154666,0.01646814517000661,1.896251712744428,0.017373105892349767,156,P3m1,False,CHGNET_0140,1,0.41723014498231414,0.659836120903492,1f63b9bed1ef942605721f331e4b93cc8c073546859ccd10a54c41b4d7c7d860
job_235_Ti_fe_-0.842_n4_generated_crystals_cif__gen_3,prospective,MACE-MP,0.3.16,01bfe22100139f424713cf921144e5509cbe353d67aa9fa1be9c6e1e0ed35845,cuda,DONE,,,True,7,-8.094196855307782,-8.096477697163333,0.09704386224976506,1.184324723176209,77.76785204451794,78.67677066929117,0.01168758813414228,1.92001401335903,0.01733310969826926,156,P3m1,False,MACEMP_0138,1,0.41723014498231414,0.2594180293381214,a62b033d55d1f34a7a3c6fa5e89bb47afb661e442f49a6ff81cf0720f4eb81ab
job_236_Ti_fe_-1.031_n4_generated_crystals_cif__gen_0,prospective,CHGNet,0.4.2,131bf40fe7fb7e0a4685589e31019fed2e757e8f4bff5e335330b9854cf9e926,cuda,DONE,,,True,4,-8.532230377197266,-8.538399832589286,0.09673234878340832,1.101567297636062,71.76765147658107,70.9043425327452,-0.012029221049786876,2.004439336228372,0.023187031578178304,119,I-4m2,False,CHGNET_0002,41,0.3842887534082031,0.3175220638513565,8fbd18532f78133c537b8be7a2edc19ab88947a3a503d3765d6b08f7a3e75f19
job_236_Ti_fe_-1.031_n4_generated_crystals_cif__gen_0,prospective,MACE-MP,0.3.16,01bfe22100139f424713cf921144e5509cbe353d67aa9fa1be9c6e1e0ed35845,cuda,DONE,,,True,4,-8.147619867485654,-8.154111079181083,0.05405865621639177,1.5192814503724676,71.76765147658107,70.8295130614173,-0.013071884001525258,2.0035545746866408,0.023400593517009866,119,I-4m2,False,MACEMP_0002,41,0.3842887534082031,0.24506591819226742,47bd6a7cc3c4faa8ba31ad25742cd1742742fe873a44bad3ea22c5738cd93639
job_236_Ti_fe_-1.031_n4_generated_crystals_cif__gen_1,prospective,CHGNet,0.4.2,131bf40fe7fb7e0a4685589e31019fed2e757e8f4bff5e335330b9854cf9e926,cuda,DONE,,,True,4,-8.536444527762276,-8.538639068603516,0.09739444448430626,0.5471807943205306,71.10462676829665,70.71305228939836,-0.005507018272865483,2.003764871148511,0.015445760551603772,119,I-4m2,False,CHGNET_0002,41,0.3843210854701109,0.32357651740312576,5ac3c227e09ff9714e2ad789ab91d318568d9154ecf5aa218417c5753567a466
job_236_Ti_fe_-1.031_n4_generated_crystals_cif__gen_1,prospective,MACE-MP,0.3.16,01bfe22100139f424713cf921144e5509cbe353d67aa9fa1be9c6e1e0ed35845,cuda,DONE,,,True,4,-8.151942541143098,-8.154317983133405,0.08933314771979618,0.6366602244683324,71.10462676829665,70.62377876103838,-0.006762541751680673,2.002604794998126,0.015023986189391539,119,I-4m2,False,MACEMP_0002,41,0.3843210854701109,0.2254385482519865,72a5df218314eba12e4cc2c7507b3643b42bbe772ede194d64c947db8ede79f7
job_236_Ti_fe_-1.031_n4_generated_crystals_cif__gen_3,prospective,CHGNet,0.4.2,131bf40fe7fb7e0a4685589e31019fed2e757e8f4bff5e335330b9854cf9e926,cuda,DONE,,,True,5,-8.536517007010323,-8.538027082170759,0.06835479599797259,1.0572935420671328,69.85183656389655,69.85208507458665,3.557682980437349e-06,2.0059996027201388,0.01776334082844754,119,I-4m2,False,CHGNET_0002,41,0.38430808848602993,0.41395991668105125,afa2a317a699310983f556d46bae2ba4cdf74fdbe38084d6acb613766c53ef4c
job_236_Ti_fe_-1.031_n4_generated_crystals_cif__gen_3,prospective,MACE-MP,0.3.16,01bfe22100139f424713cf921144e5509cbe353d67aa9fa1be9c6e1e0ed35845,cuda,DONE,,,True,4,-8.15266756004775,-8.153718993684729,0.09865311634096767,0.715129989914627,69.85183656389655,69.76806667446765,-0.0011992510655360888,2.0042359070604703,0.011491888779009723,119,I-4m2,False,MACEMP_0002,41,0.38430808848602993,0.2313264012336731,efddc62344b6cff26e1e2bc2dce410c3a7c381761ac3b5e00efbfbf018bb9f1c
job_237_Co_fe_-1.198_n4_generated_crystals_cif__gen_0,prospective,CHGNet,0.4.2,131bf40fe7fb7e0a4685589e31019fed2e757e8f4bff5e335330b9854cf9e926,cuda,DONE,,,True,7,-6.357322147914341,-6.361576625279018,0.07389116705156887,0.740545251367962,66.06984503468796,64.86454782969132,-0.018242773300948922,1.822216471887696,0.024728709948369804,65,Cmmm,False,CHGNET_0141,1,0.8774768453728736,0.5820367150008678,22ec6edff704eccc2c0aaae5e497e4d5d58fa9a0399a4c79bb042135f0e34b47
job_237_Co_fe_-1.198_n4_generated_crystals_cif__gen_0,prospective,MACE-MP,0.3.16,01bfe22100139f424713cf921144e5509cbe353d67aa9fa1be9c6e1e0ed35845,cuda,DONE,,,True,6,-5.479721885302525,-5.484099779906145,0.05313647156778132,1.6353458829882503,66.06984503468796,64.7209032651969,-0.02041690530351392,1.8442262209738567,0.012617825396719351,65,Cmmm,False,MACEMP_0139,1,0.8774768453728736,0.35101208835840225,2310ce9d56e06df3724cb4a3a55be5099da116c9d34319de96df3f98bcbc1d70
job_237_Co_fe_-1.198_n4_generated_crystals_cif__gen_1,prospective,CHGNet,0.4.2,131bf40fe7fb7e0a4685589e31019fed2e757e8f4bff5e335330b9854cf9e926,cuda,DONE,,,True,4,-6.534905024937221,-6.536766052246094,0.08201818310443929,1.2279392973712098,68.84295279900638,68.4093282248861,-0.006298750365724359,1.8982113502638023,0.014759118191338554,12,C2/m,False,CHGNET_0036,18,0.8443803465067319,0.33496068790555,f6610f9222e9831906040fd8fc57ed24b6a8298e61583bfd9b0081e5a0f1bbfd
job_237_Co_fe_-1.198_n4_generated_crystals_cif__gen_1,prospective,MACE-MP,0.3.16,01bfe22100139f424713cf921144e5509cbe353d67aa9fa1be9c6e1e0ed35845,cuda,DONE,,,True,9,-5.689782788876312,-5.692385705739362,0.09887227411000633,1.1319892695376657,68.84295279900638,68.13846482381769,-0.01023326203403152,1.8931498869556274,0.01807824032688005,12,C2/m,False,MACEMP_0036,18,0.8443803465067319,0.5216430760920048,73863f8e91d1832de212f9861f9c7de81c47a0947760e2259b73ab696bcfb234
job_237_Co_fe_-1.198_n4_generated_crystals_cif__gen_2,prospective,CHGNet,0.4.2,131bf40fe7fb7e0a4685589e31019fed2e757e8f4bff5e335330b9854cf9e926,cuda,DONE,,,True,3,-6.535921369280134,-6.536870683942523,0.06137173813080713,1.5778782257878017,67.79352102979571,67.61933602146381,-0.0025693459446567424,1.8954714704824327,0.0077911534629126165,12,C2/m,False,CHGNET_0036,18,0.8442367156602639,0.26550648733973503,f823457abd41bc52d29df921d2a591abffa3144e6c9f46e8b1af1c4b25a27110
job_237_Co_fe_-1.198_n4_generated_crystals_cif__gen_2,prospective,MACE-MP,0.3.16,01bfe22100139f424713cf921144e5509cbe353d67aa9fa1be9c6e1e0ed35845,cuda,DONE,,,True,4,-5.690958973599569,-5.692633968282259,0.06380782041180272,1.2450202708251772,67.79352102979571,67.45533212480164,-0.004988513649341719,1.8951155462230782,0.013807647680832064,12,C2/m,False,MACEMP_0036,18,0.8442367156602639,0.24133264645934105,b84079523fb02ddffb09e6e5d17f9a8ed99de5b395975efe80c9e87da183cad1
job_237_Co_fe_-1.198_n4_generated_crystals_cif__gen_3,prospective,CHGNet,0.4.2,131bf40fe7fb7e0a4685589e31019fed2e757e8f4bff5e335330b9854cf9e926,cuda,DONE,,,True,16,-6.524331229073661,-6.5316331045968195,0.03673614979884281,1.4753548532762146,73.79071571107943,72.31421332379713,-0.02000932465628058,1.8700112623550533,0.02200782871928432,8,Cm,False,CHGNET_0072,2,0.8469296394263495,1.3038503713905811,fb93fe47dabfa6c479120cd1e028bdc0d8980fe4c716ea04d32baa0b186021a1
job_237_Co_fe_-1.198_n4_generated_crystals_cif__gen_3,prospective,MACE-MP,0.3.16,01bfe22100139f424713cf921144e5509cbe353d67aa9fa1be9c6e1e0ed35845,cuda,DONE,,,True,13,-5.680470122974844,-5.68470346517047,0.07755222243666869,1.462248476693967,73.79071571107943,72.47945384464789,-0.017770011495289673,1.88582472818719,0.01740459167327195,8,Cm,False,MACEMP_0071,2,0.8469296394263495,0.7646212056279182,1b7bd839c7886d5dbc78bc59eb6e1a64484f778c3099919f956ab5c1a2edf94e
job_238_Ti_fe_-0.855_n4_generated_crystals_cif__gen_0,prospective,CHGNet,0.4.2,131bf40fe7fb7e0a4685589e31019fed2e757e8f4bff5e335330b9854cf9e926,cuda,DONE,,,True,2,-8.537992204938616,-8.538114275251116,0.09864861052441513,0.4576179543044865,69.96722146771445,69.9853957843637,0.00025975472897177276,2.001725665034785,0.0019113992284708684,119,I-4m2,False,CHGNET_0002,41,0.38414528656989333,0.19321061670780182,bd77c3aa1931b426c4a0937cdf9de6e019733262a3f04d5986684aed0fd90e29
job_238_Ti_fe_-0.855_n4_generated_crystals_cif__gen_0,prospective,MACE-MP,0.3.16,01bfe22100139f424713cf921144e5509cbe353d67aa9fa1be9c6e1e0ed35845,cuda,DONE,,,True,0,-8.153968988681223,-8.153968988681223,0.09184182840745686,0.39858275131133664,69.96722146771445,69.96722146771445,0.0,2.0010139230089203,0.0,119,I-4m2,False,MACEMP_0002,41,0.38414528656989333,0.04869935289025307,475e7283bd8d6a17d420e9bd9b97f4683420a991a12a99af1563e501e26d910c
job_238_Ti_fe_-0.855_n4_generated_crystals_cif__gen_1,prospective,CHGNet,0.4.2,131bf40fe7fb7e0a4685589e31019fed2e757e8f4bff5e335330b9854cf9e926,cuda,DONE,,,True,9,-8.525571550641741,-8.52948978969029,0.0997304607647915,0.8397374886688703,79.3427339575824,78.55649777115612,-0.00990936595210612,1.9710314189699762,0.018846282869125743,10,P2/m,False,CHGNET_0016,11,0.4102765099186385,0.7316349297761917,50f24d3b04ee44852bfa6513be107969ba1d5e0b5d589307e5760d3c68e5cf09
job_238_Ti_fe_-0.855_n4_generated_crystals_cif__gen_1,prospective,MACE-MP,0.3.16,01bfe22100139f424713cf921144e5509cbe353d67aa9fa1be9c6e1e0ed35845,cuda,DONE,,,True,9,-8.115127951972363,-8.119213279771651,0.09603919171672541,1.307616576971509,79.3427339575824,78.43637452368839,-0.011423345134269791,1.9721115481000615,0.015521113468196393,10,P2/m,False,MACEMP_0016,11,0.4102765099186385,0.5254157166928053,43b082725f8b0efb135f661d644ddd806154babf1683aff8ab30c6c919a3644e
job_238_Ti_fe_-0.855_n4_generated_crystals_cif__gen_3,prospective,CHGNet,0.4.2,131bf40fe7fb7e0a4685589e31019fed2e757e8f4bff5e335330b9854cf9e926,cuda,DONE,,,True,6,-8.544166564941406,-8.545082092285156,0.04552193934444047,1.4636312329322951,70.46330421481004,70.92818223500814,0.006597448492919211,1.9223282171529472,0.009905302644638327,44,Imm2,False,CHGNET_0002,41,0.3880622839909922,0.4948643669486046,395fe9c6d28074962d3cdb3739fc3cac8d48ddf70e61d87da503a30262a78f7f
job_238_Ti_fe_-0.855_n4_generated_crystals_cif__gen_3,prospective,MACE-MP,0.3.16,01bfe22100139f424713cf921144e5509cbe353d67aa9fa1be9c6e1e0ed35845,cuda,DONE,,,True,9,-8.153253527966113,-8.157019808294164,0.06910764258135431,1.411647458414683,70.46330421481004,71.92977357695791,0.020811816568767405,1.9377774920996331,0.03543633628184965,44,Imm2,False,MACEMP_0002,41,0.3880622839909922,0.5314231924712658,5f0a3c783067786fb5169313dd840983b6e2e1b8977f30aa5eebfd943470c6dd
job_239_Mg_fe_-1.280_n4_generated_crystals_cif__gen_2,prospective,CHGNet,0.4.2,131bf40fe7fb7e0a4685589e31019fed2e757e8f4bff5e335330b9854cf9e926,cuda,DONE,,,True,40,-5.472527640206473,-5.576765877859933,0.10980537329404684,1.5493662032479136,77.07179506211699,69.18066408771922,-0.10238675468811664,1.4274589580119394,0.3891336352775076,12,C2/m,False,CHGNET_0142,1,0.3216958094047744,3.1243655290454626,81749c234cb057ececf4bd5aba297bdf3630e8bbd01dfbb6c465524c817b8988
job_239_Mg_fe_-1.280_n4_generated_crystals_cif__gen_2,prospective,MACE-MP,0.3.16,01bfe22100139f424713cf921144e5509cbe353d67aa9fa1be9c6e1e0ed35845,cuda,DONE,,,True,44,-5.215243991231548,-5.255070068455159,0.05697647686967689,1.1284639743460834,77.07179506211699,77.30305358096103,0.0030005596555477965,1.4755329273440216,0.2453495158949482,12,C2/m,False,MACEMP_0140,1,0.3216958094047744,2.7227465007454157,a5a438172371127c1b4e2c9594792e56883c0f80c2fbb0f607583a0a04efc552
job_240_Cr_fe_-1.413_n4_generated_crystals_cif__gen_0,prospective,CHGNet,0.4.2,131bf40fe7fb7e0a4685589e31019fed2e757e8f4bff5e335330b9854cf9e926,cuda,DONE,,,True,8,-8.06981931413923,-8.071119035993304,0.0961206272567721,0.5590797041933866,73.47373291562523,73.60888338840655,0.0018394393127747488,1.9466054192375628,0.01658545507056546,12,C2/m,False,CHGNET_0027,14,0.9772618371252157,0.5414213519543409,cf7ee869e69921502a6f76b8374455b0b32a605b7b3920516e3138187b4f593e
job_240_Cr_fe_-1.413_n4_generated_crystals_cif__gen_0,prospective,MACE-MP,0.3.16,01bfe22100139f424713cf921144e5509cbe353d67aa9fa1be9c6e1e0ed35845,cuda,DONE,,,True,3,-7.09301367905161,-7.093857198868088,0.07367258971539492,0.7094484513967563,73.47373291562523,73.43345140661098,-0.0005482436704353777,1.9510344715020587,0.008663315322494296,12,C2/m,False,MACEMP_0027,14,0.9772618371252157,0.18783202581107616,259139339bd3416291a16acba75b570eeaf56ea6740210cd0a6ee5b3cdb83fbb
job_240_Cr_fe_-1.413_n4_generated_crystals_cif__gen_1,prospective,CHGNet,0.4.2,131bf40fe7fb7e0a4685589e31019fed2e757e8f4bff5e335330b9854cf9e926,cuda,DONE,,,True,13,-8.025812421526227,-8.029432024274554,0.08478879969424448,0.9530844953198389,68.63234139435318,69.39480822907562,0.011109439358063078,1.8554096459038034,0.04729388458650454,8,Cm,False,CHGNET_0050,15,0.9520399493547211,1.0679850913584232,f18e8d5917ddc6f60f3386bff67e243a6dd315826df5d8989c8533f4568d52bd
job_240_Cr_fe_-1.413_n4_generated_crystals_cif__gen_1,prospective,MACE-MP,0.3.16,01bfe22100139f424713cf921144e5509cbe353d67aa9fa1be9c6e1e0ed35845,cuda,DONE,,,True,9,-7.074553450798521,-7.077392074919833,0.08780066047268242,0.9779888016268612,68.63234139435318,68.47213411711469,-0.002334282555187084,1.8797036718982998,0.0371771321206577,8,Cm,False,MACEMP_0049,15,0.9520399493547211,0.522104887291789,5753bd72dca287a9ff85414dbf5a9f3da4f8e3d889716ac7a2db39a99a5755c1
job_240_Cr_fe_-1.413_n4_generated_crystals_cif__gen_2,prospective,CHGNet,0.4.2,131bf40fe7fb7e0a4685589e31019fed2e757e8f4bff5e335330b9854cf9e926,cuda,DONE,,,True,3,-8.02761949811663,-8.028450012207031,0.09413414431016265,0.8963741733595257,69.0853968266676,69.07440859502461,-0.00015905288451290023,1.8621290186826598,0.007812849173736069,8,Cm,False,CHGNET_0050,15,0.9520810323910718,0.262451970949769,7c5c723175f8754533f0bfdc6cdf19b2c4b71204c2fbc636d991b66f005dd5ca
job_240_Cr_fe_-1.413_n4_generated_crystals_cif__gen_2,prospective,MACE-MP,0.3.16,01bfe22100139f424713cf921144e5509cbe353d67aa9fa1be9c6e1e0ed35845,cuda,DONE,,,True,5,-7.074732992474794,-7.0763689798159595,0.08512020128709528,1.3644205746303548,69.0853968266676,68.72347312272234,-0.005238787364185149,1.8744682133078086,0.015032124805489664,8,Cm,False,MACEMP_0049,15,0.9520810323910718,0.2929395604878664,b93daf5cb34abe355e4740487be224a3ad34d9e4aacbaa436e45f6d098612d80
job_241_Co_fe_-1.145_n4_generated_crystals_cif__gen_0,prospective,CHGNet,0.4.2,131bf40fe7fb7e0a4685589e31019fed2e757e8f4bff5e335330b9854cf9e926,cuda,DONE,,,True,30,-6.364392416817801,-6.415250505719866,0.06217030464677641,0.5940205513423137,66.96977415722735,71.17982711150172,0.06286497165706839,1.708163823112187,0.11105181425030689,8,Cm,False,CHGNET_0143,1,0.8886431153172509,2.5043914560228586,5a36ce839fe5508a56f08e05ca046376a9dc217ead9a5f19b459a7aaad81d446
job_241_Co_fe_-1.145_n4_generated_crystals_cif__gen_0,prospective,MACE-MP,0.3.16,01bfe22100139f424713cf921144e5509cbe353d67aa9fa1be9c6e1e0ed35845,cuda,DONE,,,True,29,-5.486372427451279,-5.526607390402615,0.06604153642712793,1.3093537946825886,66.96977415722735,72.64958876037664,0.08481161351708599,1.7400388177085748,0.14936542920373602,8,Cm,False,MACEMP_0141,1,0.8886431153172509,1.3382736444473267,9d902220295bf97c1092927051db1c012c440d6111d9496910aebda5ddf75c5a
job_241_Co_fe_-1.145_n4_generated_crystals_cif__gen_2,prospective,CHGNet,0.4.2,131bf40fe7fb7e0a4685589e31019fed2e757e8f4bff5e335330b9854cf9e926,cuda,DONE,,,True,24,-6.4546628679547995,-6.467794690813337,0.0935582078233187,0.7337986002455074,68.8923081310839,67.04295013786054,-0.026844186867777897,1.7803170844498473,0.06757505289225091,8,Cm,False,CHGNET_0128,3,0.8666908519675554,1.972633820027113,da773bf35a156a7bc4c7784373571b81ac28ab73b51337efaf34a1da85d1aaf5
job_241_Co_fe_-1.145_n4_generated_crystals_cif__gen_2,prospective,MACE-MP,0.3.16,01bfe22100139f424713cf921144e5509cbe353d67aa9fa1be9c6e1e0ed35845,cuda,DONE,,,True,16,-5.588909858013366,-5.6011038388457814,0.07459994147916965,1.4717487828661906,68.8923081310839,64.03622224629824,-0.0704880706790344,1.7388987341364235,0.04283389110809166,8,Cm,False,MACEMP_0126,3,0.8666908519675554,0.9628249332308769,021b41b1dacfa9fc90aab2dc38a7524460a5197f93f966e4849cf01037b5e563
job_241_Co_fe_-1.145_n4_generated_crystals_cif__gen_3,prospective,CHGNet,0.4.2,131bf40fe7fb7e0a4685589e31019fed2e757e8f4bff5e335330b9854cf9e926,cuda,DONE,,,True,23,-6.415857042585101,-6.437349591936384,0.09967107006119073,0.2019621491818808,77.57737258760089,77.08015068662974,-0.006409367633709029,1.717535082126488,0.06910074389355714,160,R3m,False,CHGNET_0144,1,0.8816855346329424,1.9068465493619442,884b5592db97f0f90fec4be0c9a1c34e76a62a8d8e23cdc164155cfda7bd8398
job_241_Co_fe_-1.145_n4_generated_crystals_cif__gen_3,prospective,MACE-MP,0.3.16,01bfe22100139f424713cf921144e5509cbe353d67aa9fa1be9c6e1e0ed35845,cuda,DONE,,,True,29,-5.532739564766632,-5.555664057303441,0.0829938034964092,0.3924752315811172,77.57737258760089,76.67971554398102,-0.011571119434423127,1.718647797092342,0.09025801262181504,160,R3m,False,MACEMP_0142,1,0.8816855346329424,1.7335092965513468,14cd2ffb47454e41ac38a24bf4df78346aab3f3a3bd78cfe1e4691b682431ccd
job_242_Ti_fe_-1.214_n4_generated_crystals_cif__gen_0,prospective,CHGNet,0.4.2,131bf40fe7fb7e0a4685589e31019fed2e757e8f4bff5e335330b9854cf9e926,cuda,DONE,,,True,5,-8.523546491350446,-8.525064740862165,0.09803396527875548,0.6408998501603669,80.50921491760847,80.2882306796723,-0.002744831609180709,1.8935391269156348,0.01741240811049806,6,Pm,False,CHGNET_0145,1,0.41149830462712167,0.40191484428942204,2363f056ba194a970d62b74bb1a25ea32b6a8a75d6d9f06b39fc88f1cb792b63
job_242_Ti_fe_-1.214_n4_generated_crystals_cif__gen_0,prospective,MACE-MP,0.3.16,01bfe22100139f424713cf921144e5509cbe353d67aa9fa1be9c6e1e0ed35845,cuda,DONE,,,True,5,-8.1116482262838,-8.113566436235043,0.09331339125074124,0.6624527144135176,80.50921491760847,80.36068106147285,-0.0018449298789913193,1.8948300252612147,0.019565372897647596,6,Pm,False,MACEMP_0143,1,0.41149830462712167,0.26920426823198795,c20cc7de8bd9d65e908b876cb23becb0e1aedc451a605779a4a367e8403d98b8
job_242_Ti_fe_-1.214_n4_generated_crystals_cif__gen_1,prospective,CHGNet,0.4.2,131bf40fe7fb7e0a4685589e31019fed2e757e8f4bff5e335330b9854cf9e926,cuda,DONE,,,True,3,-8.512186322893415,-8.51397977556501,0.08385549798476485,0.5526743435370397,80.65835803044156,80.48317258872069,-0.0021719440613302554,1.9100619700052885,0.012190794862401433,156,P3m1,False,CHGNET_0139,3,0.41683666682274634,0.26116250641644,8a128ce0453c69dfa8bad2efe4b3b26b57a8a3ba34586b5735c0b149f45138b2
job_242_Ti_fe_-1.214_n4_generated_crystals_cif__gen_1,prospective,MACE-MP,0.3.16,01bfe22100139f424713cf921144e5509cbe353d67aa9fa1be9c6e1e0ed35845,cuda,DONE,,,True,3,-8.095539991838574,-8.097143108742264,0.059313516344653726,1.1743387017995115,80.65835803044156,80.4572488779377,-0.002493345481046849,1.9172304157203213,0.011185601892933479,156,P3m1,False,MACEMP_0137,3,0.41683666682274634,0.18353970907628536,9e63a8be911d9fc2e1f968349bd16a83ee17cfef35ade6cda5fd28e9d786a9f0
job_242_Ti_fe_-1.214_n4_generated_crystals_cif__gen_2,prospective,CHGNet,0.4.2,131bf40fe7fb7e0a4685589e31019fed2e757e8f4bff5e335330b9854cf9e926,cuda,DONE,,,True,6,-8.542095184326172,-8.543415069580078,0.04362626229655851,1.373926713914144,71.7284458706559,71.97624239608808,0.0034546479074566427,1.9256580764951798,0.012640626913495085,44,Imm2,False,CHGNET_0002,41,0.3885100745319239,0.4914575070142746,94d96a49f42b426376904e45c77c30fcfbc380882498588fd1a3d04faa1be58d
job_242_Ti_fe_-1.214_n4_generated_crystals_cif__gen_2,prospective,MACE-MP,0.3.16,01bfe22100139f424713cf921144e5509cbe353d67aa9fa1be9c6e1e0ed35845,cuda,DONE,,,True,6,-8.15245813333939,-8.154904995048154,0.09633508360160314,1.4724983405692071,71.7284458706559,72.26493682754207,0.007479472758319616,1.9136441062997323,0.02057677913446135,44,Imm2,False,MACEMP_0002,41,0.3885100745319239,0.33779468573629856,8a5295d665a9ec2b2e16a32eb1e095389bbea007584846e10f0ab8faf8e74c81
job_243_Al_fe_-1.012_n4_generated_crystals_cif__gen_1,prospective,CHGNet,0.4.2,131bf40fe7fb7e0a4685589e31019fed2e757e8f4bff5e335330b9854cf9e926,cuda,DONE,,,True,30,-6.826930454799107,-6.847304207938058,0.04798132602186262,1.0207976578245155,72.7509209430943,72.52949266232483,-0.0030436491785811315,1.7191700107474566,0.11193466121772025,166,R-3m,False,CHGNET_0010,2,0.38380832961367695,2.4382608719170094,20bc2fd72056f308d3207a89444fa2761157c9e14c0426d6879708c5e86837a8
job_243_Al_fe_-1.012_n4_generated_crystals_cif__gen_1,prospective,MACE-MP,0.3.16,01bfe22100139f424713cf921144e5509cbe353d67aa9fa1be9c6e1e0ed35845,cuda,DONE,,,True,20,-6.451445955611623,-6.463495878324381,0.05931835882368062,1.1512134720196046,72.7509209430943,69.97164296153463,-0.03820265015935154,1.7500261655479785,0.09033888180295821,166,R-3m,False,MACEMP_0010,2,0.38380832961367695,1.1656722649931908,93c1fea7efc3ba63ec90965c0317133ae89f65a013df63a1d5f39f46c4e11f37
job_243_Al_fe_-1.012_n4_generated_crystals_cif__gen_2,prospective,CHGNet,0.4.2,131bf40fe7fb7e0a4685589e31019fed2e757e8f4bff5e335330b9854cf9e926,cuda,DONE,,,True,11,-7.034544808523996,-7.039853777204241,0.09265820890070106,0.4844816061900544,69.35249470910824,69.30422786440101,-0.0006959640732417949,1.8791326960521832,0.027372777774467734,12,C2/m,False,CHGNET_0045,5,0.37354296329704706,0.8642837423831224,75c593f73645b2e7876a15435317fdad9ca78d915d962cf4f42477c43f4d840b
job_243_Al_fe_-1.012_n4_generated_crystals_cif__gen_2,prospective,MACE-MP,0.3.16,01bfe22100139f424713cf921144e5509cbe353d67aa9fa1be9c6e1e0ed35845,cuda,DONE,,,True,10,-6.661966923714437,-6.666310813907194,0.09753492647768912,0.9662962558334488,69.35249470910824,68.61816020614297,-0.01058843673966392,1.8970911398805586,0.040935556793620716,12,C2/m,False,MACEMP_0044,5,0.37354296329704706,0.6134117357432842,10086e4c154c4deccddaea09c0def83f4243c9efeb417333dfabe208787a75e3
job_245_Al_fe_-1.035_n4_generated_crystals_cif__gen_0,prospective,CHGNet,0.4.2,131bf40fe7fb7e0a4685589e31019fed2e757e8f4bff5e335330b9854cf9e926,cuda,DONE,,,True,3,-7.025022234235491,-7.026678902762277,0.09284644886190833,1.4624625863346095,68.49468641355283,68.69561518408972,0.002933494276092352,1.8850291219346191,0.010735819408010508,10,P2/m,False,CHGNET_0098,3,0.3758451505205187,0.2607538867741823,df0afa245a4a881d5d54aebde3eabef4bb3a77cf6577b129f8eb9e62d7c24c03
job_245_Al_fe_-1.035_n4_generated_crystals_cif__gen_0,prospective,MACE-MP,0.3.16,01bfe22100139f424713cf921144e5509cbe353d67aa9fa1be9c6e1e0ed35845,cuda,DONE,,,True,11,-6.647775624356543,-6.650833752241758,0.07869242710679095,1.0431368816013815,68.49468641355283,68.4617582190605,-0.0004807408605904673,1.8889212328749343,0.02603741793931111,10,P2/m,False,MACEMP_0097,3,0.3758451505205187,0.6672312878072262,cdcc9b0f65f13f747030bd69e689097cc151be63a1ee705ff30ea6b983391d57
job_245_Al_fe_-1.035_n4_generated_crystals_cif__gen_2,prospective,CHGNet,0.4.2,131bf40fe7fb7e0a4685589e31019fed2e757e8f4bff5e335330b9854cf9e926,cuda,DONE,,,True,3,-7.037148066929409,-7.0376706804547995,0.06718500565516848,1.3326012095965396,63.53940539291902,63.47278769851481,-0.0010484469282056041,1.8792379616423438,0.0055699646127100565,119,I-4m2,False,CHGNET_0018,9,0.40099774804859845,0.2707128208130598,b4a4028e90cbd205a9590fc8ad547761c74fe07ef4cf3408dbc3daabacb1c0f9
job_245_Al_fe_-1.035_n4_generated_crystals_cif__gen_2,prospective,MACE-MP,0.3.16,01bfe22100139f424713cf921144e5509cbe353d67aa9fa1be9c6e1e0ed35845,cuda,DONE,,,True,0,-6.636672932406201,-6.636672932406201,0.0847147586286446,1.1238631737059788,63.53940539291902,63.53940539291902,0.0,1.8837041097167628,0.0,119,I-4m2,False,MACEMP_0018,9,0.40099774804859845,0.03411984443664551,10c070dc716924655bfecd845377d84679826a6d40256ac0c29bd34114f52bda
job_245_Al_fe_-1.035_n4_generated_crystals_cif__gen_3,prospective,CHGNet,0.4.2,131bf40fe7fb7e0a4685589e31019fed2e757e8f4bff5e335330b9854cf9e926,cuda,DONE,,,True,2,-6.897333417619977,-6.8983323233468195,0.07399908345355392,0.6215515269953101,83.1011486774145,83.02579020645516,-0.0009068282708326603,1.7337245605278042,0.006988617502092658,42,Fmm2,False,CHGNET_0146,1,0.38927502964658345,0.1786507833749056,5587c7ebb2b1af6a18343a44aff733da7ef7caa90b5c2f9b91ac677e22340ada
job_245_Al_fe_-1.035_n4_generated_crystals_cif__gen_3,prospective,MACE-MP,0.3.16,01bfe22100139f424713cf921144e5509cbe353d67aa9fa1be9c6e1e0ed35845,cuda,DONE,,,True,6,-6.508169331018869,-6.509057293700236,0.07446331237227362,0.6834284726449495,83.1011486774145,82.99968904772007,-0.0012209172954790182,1.7370498087856465,0.015038347559128083,42,Fmm2,False,MACEMP_0144,1,0.38927502964658345,0.32553804479539394,b8b11d417a07ba632091dd0a87028337ecd2baf6f241441b56594ce6080ffd83
job_246_Al_fe_-1.026_n4_generated_crystals_cif__gen_0,prospective,CHGNet,0.4.2,131bf40fe7fb7e0a4685589e31019fed2e757e8f4bff5e335330b9854cf9e926,cuda,DONE,,,True,11,-6.906413487025669,-6.921290261404855,0.08908382043067836,1.0980938865659737,72.07633529040172,68.15279430509429,-0.05443591116972224,1.7838136721962172,0.03037305049943329,187,P-6m2,False,CHGNET_0147,1,0.3814229790800798,0.7564615812152624,8c3e9e2eeb1c6997b2ca52788633ffd9645d1916be4f5221d18bd17d27cf6b78
job_246_Al_fe_-1.026_n4_generated_crystals_cif__gen_0,prospective,MACE-MP,0.3.16,01bfe22100139f424713cf921144e5509cbe353d67aa9fa1be9c6e1e0ed35845,cuda,DONE,,,True,18,-6.520588520759027,-6.539867282324775,0.013042019444667898,1.5107696134526853,72.07633529040172,67.89992553409833,-0.057944257841027524,1.8599492330478833,0.012358898061144588,187,P-6m2,False,MACEMP_0145,1,0.3814229790800798,1.0013827495276928,66184ecbf2e150b1175e838bba9f7e9cd2d9ad03745ad0dd73dd31c12bfc5368
job_246_Al_fe_-1.026_n4_generated_crystals_cif__gen_2,prospective,CHGNet,0.4.2,131bf40fe7fb7e0a4685589e31019fed2e757e8f4bff5e335330b9854cf9e926,cuda,DONE,,,True,9,-7.018785749162946,-7.023297446114676,0.07881642059921144,1.0237815712996459,73.86835071638166,73.72197988437908,-0.0019815094094163266,1.885136997108804,0.024528099481448084,8,Cm,False,CHGNET_0148,1,0.3812140379437299,0.732303261756897,d7d511f63037efde4c49177e61abd07a97232d1693fca21a367ee035fed694e0
job_246_Al_fe_-1.026_n4_generated_crystals_cif__gen_2,prospective,MACE-MP,0.3.16,01bfe22100139f424713cf921144e5509cbe353d67aa9fa1be9c6e1e0ed35845,cuda,DONE,,,True,17,-6.638106881788561,-6.642083408170946,0.09373709922634646,1.276133868282864,73.86835071638166,73.20319587564444,-0.009004598509192219,1.8846686933984087,0.018699074315728335,8,Cm,False,MACEMP_0146,1,0.3812140379437299,0.956661332398653,c9e4af09dcea3de7ace072c546159504205c294aedc94c001c0bacbf41c004c9
job_247_Ni_fe_-1.069_n4_generated_crystals_cif__gen_0,prospective,CHGNet,0.4.2,131bf40fe7fb7e0a4685589e31019fed2e757e8f4bff5e335330b9854cf9e926,cuda,DONE,,,True,2,-5.912830897739956,-5.912971496582031,0.09871053738530995,1.1098494387755602,69.78029109972476,69.75098418021138,-0.00041998849605695554,1.8697231983865945,0.0019992028825872254,10,P2/m,False,CHGNET_0006,22,1.1148300173413332,0.18532942794263363,e309a05a75282f769a37ff5261c7973b67e415ef3928e645430c4be52705de96
job_247_Ni_fe_-1.069_n4_generated_crystals_cif__gen_0,prospective,MACE-MP,0.3.16,01bfe22100139f424713cf921144e5509cbe353d67aa9fa1be9c6e1e0ed35845,cuda,DONE,,,True,3,-4.797720797489904,-4.798141479240698,0.04716588729644508,1.3875675242663112,69.78029109972476,69.6193558934032,-0.0023063131979712548,1.8614361086080418,0.00431062788876833,10,P2/m,False,MACEMP_0006,22,1.1148300173413332,0.14293232560157776,3742094a42f62bb7298ab45738f9ba796619aa0c13da0a3dcc44328b37f61802
job_247_Ni_fe_-1.069_n4_generated_crystals_cif__gen_1,prospective,CHGNet,0.4.2,131bf40fe7fb7e0a4685589e31019fed2e757e8f4bff5e335330b9854cf9e926,cuda,DONE,,,True,10,-5.896909986223493,-5.902744838169643,0.0789792211029164,0.9204884020825607,72.0833700652033,69.68316140791686,-0.03329767538775341,1.8539800636345267,0.030244071325602456,2,P-1,False,CHGNET_0026,30,1.1072330987864323,0.8934846520423889,00bee00d9ff230460940fd789f16e3e173492b79390988346631eae8413479b4
job_247_Ni_fe_-1.069_n4_generated_crystals_cif__gen_1,prospective,MACE-MP,0.3.16,01bfe22100139f424713cf921144e5509cbe353d67aa9fa1be9c6e1e0ed35845,cuda,DONE,,,True,19,-4.788858188854606,-4.795511739383211,0.0631205600401204,1.4627172253407548,72.0833700652033,69.82334178075804,-0.0313529775647412,1.857980382421186,0.0083543825856123,2,P-1,False,MACEMP_0026,30,1.1072330987864323,1.0473122633993626,232001d99261d6287b80587f0f8fd51caa4342a4676ab916fb041cd823e5b50b
job_247_Ni_fe_-1.069_n4_generated_crystals_cif__gen_2,prospective,CHGNet,0.4.2,131bf40fe7fb7e0a4685589e31019fed2e757e8f4bff5e335330b9854cf9e926,cuda,DONE,,,True,9,-5.812701089041574,-5.819844927106585,0.097787137119566,0.8772346756430724,68.80649697378496,66.74777456421066,-0.029920465364755677,1.8984383852660833,0.04148268381143656,8,Cm,False,CHGNET_0076,9,1.124117686471342,0.7180782165378332,c13d04aad967f6b9ef87729c3e790d65588ba12961e2b529c6c7eb8cd3b26974
job_247_Ni_fe_-1.069_n4_generated_crystals_cif__gen_2,prospective,MACE-MP,0.3.16,01bfe22100139f424713cf921144e5509cbe353d67aa9fa1be9c6e1e0ed35845,cuda,DONE,,,True,5,-4.692727823780431,-4.695727240635243,0.08567183770876859,1.4814368022417108,68.80649697378496,68.255939003952,-0.008001540465615187,1.8555570808498218,0.02127612176279615,8,Cm,False,MACEMP_0075,9,1.124117686471342,0.2855811771005392,f050918b21448bbd94b6d1688c67bd5752d1c8ebb85f06a87f7cf7cb7fe19229
job_249_Cr_fe_-1.500_n4_generated_crystals_cif__gen_0,prospective,CHGNet,0.4.2,131bf40fe7fb7e0a4685589e31019fed2e757e8f4bff5e335330b9854cf9e926,cuda,DONE,,,True,8,-8.081408364432198,-8.083976745605469,0.09260219538858826,0.8793303162382203,75.24112610605228,74.73395735835878,-0.006740578908649542,1.9598476304376737,0.017104127947406577,12,C2/m,False,CHGNET_0024,12,0.972647587592915,0.6842535026371479,611544a97f6b287a0bf168e312d01f79ada3ed4425b028d691f998ab6681be1c
job_249_Cr_fe_-1.500_n4_generated_crystals_cif__gen_0,prospective,MACE-MP,0.3.16,01bfe22100139f424713cf921144e5509cbe353d67aa9fa1be9c6e1e0ed35845,cuda,DONE,,,True,7,-7.108465364344132,-7.111329158012554,0.10001419268828841,0.765120741079822,75.24112610605228,74.61486871237545,-0.008323338924966617,1.9653681141334736,0.01765270121279948,12,C2/m,False,MACEMP_0024,12,0.972647587592915,0.3166044633835554,1fcb1082343c15f80315bf9e92a78dc7668fcfcea2cee5f575dc401257dc2ceb
job_249_Cr_fe_-1.500_n4_generated_crystals_cif__gen_1,development_calibration,CHGNet,0.4.2,131bf40fe7fb7e0a4685589e31019fed2e757e8f4bff5e335330b9854cf9e926,cuda,DONE,,,True,3,-8.04787826538086,-8.048505510602679,0.07267766594775774,0.29436955514478497,75.15504216870104,75.1100940873188,-0.0005980714012687738,1.930951131146324,0.0072020120509329625,156,P3m1,False,CHGNET_0149,1,0.9950833702835293,0.2627290729433298,d31990b2a17353861df8b054404f3dad0303eac9a03e8bb219744f76ddc50ee9
job_249_Cr_fe_-1.500_n4_generated_crystals_cif__gen_1,development_calibration,MACE-MP,0.3.16,01bfe22100139f424713cf921144e5509cbe353d67aa9fa1be9c6e1e0ed35845,cuda,DONE,,,True,9,-7.052005711975403,-7.0534221403191495,0.09857804739395008,0.46883630903365126,75.15504216870104,74.9291195655516,-0.0030060871051380555,1.9297214071216007,0.013061917616313893,156,P3m1,False,MACEMP_0147,1,0.9950833702835293,0.5241317357867956,01440dc22c6812e61d473b7409ab430f74415d8bf25c7d452d934f9ede7a7611
job_249_Cr_fe_-1.500_n4_generated_crystals_cif__gen_2,prospective,CHGNet,0.4.2,131bf40fe7fb7e0a4685589e31019fed2e757e8f4bff5e335330b9854cf9e926,cuda,DONE,,,True,16,-8.015027727399554,-8.019290924072266,0.06315355093362889,0.9986172467605725,79.65967184582492,79.06837904342983,-0.007422737110184041,1.7996656418362698,0.024958824861395057,8,Cm,False,CHGNET_0064,6,0.9718910498114477,1.2099407631903887,0822898e72cb6c31c2bbe1eeda426646985d1782ea5e906234a601eeaff28f76
job_249_Cr_fe_-1.500_n4_generated_crystals_cif__gen_2,prospective,MACE-MP,0.3.16,01bfe22100139f424713cf921144e5509cbe353d67aa9fa1be9c6e1e0ed35845,cuda,DONE,,,True,16,-7.043619190357566,-7.047399874260818,0.06238422136365792,1.0461781796600174,79.65967184582492,79.05303000491654,-0.007615419783331356,1.8130053566541187,0.016201423251911033,8,Cm,False,MACEMP_0063,6,0.9718910498114477,0.7258444577455521,1d07a402300fd6b3d231bee21a4592f19111e397c948daaf7c5ddc143430d481
job_249_Cr_fe_-1.500_n4_generated_crystals_cif__gen_3,prospective,CHGNet,0.4.2,131bf40fe7fb7e0a4685589e31019fed2e757e8f4bff5e335330b9854cf9e926,cuda,DONE,,,True,3,-8.074896676199776,-8.075600760323661,0.09955963015962652,0.8861565732033545,77.85637902556549,77.9452029633397,0.0011408691090686318,1.9156454113648278,0.007259671419830087,1,P1,False,CHGNET_0150,1,0.9792053661328923,0.2605002745985985,40ff6a48f0ec9162a9be90f8ec687ccf712dbae27ac7124e7451c21bc2cfbc3b
job_249_Cr_fe_-1.500_n4_generated_crystals_cif__gen_3,prospective,MACE-MP,0.3.16,01bfe22100139f424713cf921144e5509cbe353d67aa9fa1be9c6e1e0ed35845,cuda,DONE,,,True,3,-7.095834294076515,-7.096395394190769,0.07428819628562291,1.0692768399908192,77.85637902556549,77.91366028111443,0.0007357297663450613,1.9180420610666542,0.006417958859686091,1,P1,False,MACEMP_0148,1,0.9792053661328923,0.18817992508411407,c33e98566094ec7ddd49a334d61e1c573ed164c21de78d8fb64b65bc09f6e438
