candidate_id,m_element,formula,cif_sha256,structure_matcher_cluster,structure_matcher_cluster_size,atom_count,space_group_number,min_interatomic_distance,volume_per_atom,chgnet_initial_energy_eV_atom,chgnet_final_energy_eV_atom,chgnet_max_force_eV_A,chgnet_stress_GPa,chgnet_volume_change_fraction,chgnet_min_interatomic_distance_A,chgnet_rms_displacement_A,chgnet_final_space_group_number,mace_initial_energy_eV_atom,mace_final_energy_eV_atom,mace_max_force_eV_A,mace_stress_GPa,mace_volume_change_fraction,mace_min_interatomic_distance_A,mace_rms_displacement_A,mace_final_space_group_number,mlip_energy_disagreement_eV_atom,mlip_rms_displacement_disagreement_A,mlip_volume_change_disagreement_fraction,p_dft_evaluable,evaluability_uncertainty,composition_only_probability,predicted_dft_energy_mean,predicted_dft_energy_std,p_interval_hit,energy_calibration_model_id,p_interval_alignn,p_interval_mlip,dft_evaluability_model,evidence_tier
job_003_Mn_fe_-1.026_n4_generated_crystals_cif__gen_0,Mn,Li1 Mn2 O4,ced48d13944bae706a40dacb1c6474a4240bd421323c1b98700fe04e51642029,SM_Mn_001,1,7.0,156,1.913752,11.064599,-7.655138833182199,-7.660219464983259,0.0810059913502605,0.7226169263319755,0.0022286541387974,1.912791422100322,0.0257293689890011,156,-6.785576101377571,-6.787393679227384,0.0955290439235413,0.7166468901482099,0.000483439073456,1.9315791006724128,0.0138718389568048,156,0.8728257857558743,0.0118575300321963,0.0017452150653413999,0.22690818691533685,0.18984008790524204,0.5,-1.7914585861857883,0.02,1.0,MACE-MP::composition_offset,1.0,1.0,shallow_gradient_boosting,ML_estimate_only
job_004_Mg_fe_-1.439_n4_generated_crystals_cif__gen_1,Mg,Li1 Mg2 O4,d30ef35cef96557bccac29af3e61948c95076454400f903119c0678324a0de28,SM_Mg_001,1,7.0,1,1.910206,10.632533,-5.467862810407366,-5.487454005650112,0.0696684062961011,0.4981729904521277,-0.021424844531141,1.9497703348239228,0.1244859218521423,160,-5.031718620459976,-5.059717571944721,0.0781612760955761,0.7781719645997096,-0.0001326476120664,1.90374431853118,0.1240983279534188,160,0.42773643370539105,0.0003875938987235039,0.0212921969190746,0.25523496492164927,0.21546164442955748,0.75,-1.5129173743045925,0.02,0.740817809092909,MACE-MP::composition_offset,0.020817968018351517,0.740817809092909,shallow_gradient_boosting,ML_estimate_only
job_006_Mn_fe_-1.347_n4_generated_crystals_cif__gen_0,Mn,Li1 Mn2 O4,0ccbbbd01ba179ab8fa37ffc9c24fa2e878b7923f688336a14bf0095264629a9,SM_Mn_002,1,7.0,8,1.960566,11.151853,-7.658291952950614,-7.663602556501116,0.0950995207834888,1.2325083146266285,-0.0086274356017409,1.9503212636873648,0.0188034737814262,166,-6.791212810427411,-6.7983807642443255,0.048972917905119,1.356893180432218,-0.0190944539572828,1.9444826297101183,0.0176092359472448,166,0.8652217922567909,0.0011942378341813983,0.0104670183555419,0.45660684236868165,0.2613837342998984,0.5,-1.8024456712027295,0.02,1.0,MACE-MP::composition_offset,1.0,1.0,shallow_gradient_boosting,ML_estimate_only
job_006_Mn_fe_-1.347_n4_generated_crystals_cif__gen_2,Mn,Li1 Mn2 O4,bcae1467b5eb770bb19c274ad2da64824b36534bdd4c62acef5c57b7045fe4de,SM_Mn_003,16,7.0,1,1.926167,11.006818,-7.710212707519531,-7.711910247802734,0.0863337548130783,0.4643202141650909,-0.0022348926745203,1.9062412806713904,0.014327116668865,1,-6.843728026021168,-6.845644682494971,0.0846086331683214,0.5950243564326586,-0.002530882980879,1.9104671953797807,0.0146744946540783,1,0.8662655653077636,0.00034737798521329924,0.0002959903063587,0.4313555720987794,0.2529003536738178,0.5,-1.8497095894533748,0.02,1.0,MACE-MP::composition_offset,1.0,1.0,shallow_gradient_boosting,ML_estimate_only
job_006_Mn_fe_-1.347_n4_generated_crystals_cif__gen_3,Mn,Li1 Mn2 O4,b9f766150de5e238ead0aabdeadf6ec2615ede110838c691d9f5662b88280473,SM_Mn_004,35,7.0,1,1.918828,10.71052,-7.721979413713727,-7.722194671630859,0.0856612661987302,0.9039734351381572,0.0005219067675601,1.920279852914614,0.0023732353014986,2,-6.852961812729812,-6.8537927266444205,0.0503935761538976,1.1551638030914122,0.003450790208159,1.9178649918233777,0.0103053203952101,2,0.8684019449864389,0.0079320850937115,0.0029288834405989,0.7216515945882569,0.20921477775380098,0.5,-1.8578576336028245,0.02,1.0,MACE-MP::composition_offset,1.0,1.0,shallow_gradient_boosting,ML_estimate_only
job_007_Mg_fe_-1.079_n4_generated_crystals_cif__gen_0,Mg,Li1 Mg2 O4,5e193017aa6038ef0c43c26745809d1cc05d440fedfb3c96fc933b2326adb061,SM_Mg_002,3,7.0,123,2.073701,10.388975,-5.445326668875558,-5.445326668875558,0.0096570208079173,1.4981207813536048,0.0,2.073700798946883,0.0,123,-5.080806844769643,-5.08314032663189,0.0044876209758027,1.5270141077025117,-0.0164663260980133,2.0705345914271485,0.0013569371222193,123,0.3621863422436684,0.0013569371222193,0.0164663260980133,0.645165571063296,0.27663632632922963,0.75,-1.5363401289917613,0.02,0.9653919371034668,MACE-MP::composition_offset,0.9999999960035734,0.9653919371034668,shallow_gradient_boosting,ML_estimate_only
job_008_Mg_fe_-1.361_n4_generated_crystals_cif__gen_1,Mg,Li1 Mg2 O4,245181ae7fe00bb9bb626d5575d646f821757001361c5a3b0b05cb503695403f,SM_Mg_003,8,7.0,12,2.014694,10.460076,-5.45165034702846,-5.45165034702846,0.0450378640299433,1.2086675211551587,0.0,2.014693506317843,0.0,139,-5.085759299079682,-5.086744028021427,0.0370816002194119,1.512354387396104,-0.0074118175302638,1.9977612666809907,0.0064130316018704,139,0.36490631900703274,0.0064130316018704,0.0074118175302638,0.8262033133688947,0.14615848279113006,0.75,-1.539943830381299,0.02,0.9770978089961512,MACE-MP::composition_offset,0.9752333607778083,0.9770978089961512,shallow_gradient_boosting,ML_estimate_only
job_011_Mg_fe_-1.305_n4_generated_crystals_cif__gen_2,Mg,Li1 Mg2 O4,d3113093a1b509f2238e0e30d3069bb267d4b03845d20fdd4b9dc46a1a5f860a,SM_Mg_004,15,7.0,5,2.028983,11.025191,-5.4516160147530695,-5.461197444370815,0.0729262393698055,1.2828033158743644,0.0037013139264097,2.033876509064546,0.0699776614543252,119,-5.062241880842263,-5.066386190304187,0.0281042850384769,1.2973340482760332,-0.0272903770526421,2.0240847130688326,0.0101915887450499,119,0.394811254066628,0.0597860727092753,0.0309916909790518,0.79020736509301,0.164235432928798,0.75,-1.5195859926640587,0.02,0.8362840241794006,MACE-MP::composition_offset,0.998966979611631,0.8362840241794006,shallow_gradient_boosting,ML_estimate_only
job_012_Cr_fe_-1.495_n4_generated_crystals_cif__gen_0,Cr,Li1 Cr2 O4,b757361728846d8b05724e722a7c3eae8b2244f368537a08bff5ecc82bfe68fe,SM_Cr_001,1,7.0,1,1.867868,11.277602,-8.066543579101562,-8.068981170654297,0.0949088258692577,0.7024918679952827,0.0005497189526488,1.8844750059170468,0.027571758972389,6,-7.085292558690746,-7.089223747765287,0.0841487589315806,1.0985788096816762,0.002545097718102,1.8806240847003568,0.0396628113399316,6,0.9797574228890102,0.012091052367542602,0.0019953787654532,0.3147768490612918,0.24053765939837135,0.42857142857142855,-2.281788573820739,0.02,0.8187393532885914,MACE-MP::composition_offset,0.8016755959597384,0.8187393532885914,shallow_gradient_boosting,ML_estimate_only
job_012_Cr_fe_-1.495_n4_generated_crystals_cif__gen_3,Cr,Li1 Cr2 O4,8593c814b4474ac0a72b22654a292d9ac92795d83788a516d57b525cbda4c8fc,SM_Cr_002,15,7.0,44,1.969619,9.830353,-8.030440194266182,-8.034891401018415,0.0341005905777296,0.0970437375309352,0.0285784075383364,1.9173109616217048,0.0523345488174731,119,-7.075994909120425,-7.0772602888601615,0.0934906866238753,1.1590132312689447,0.0036068338272288,1.9686132059425767,0.0138396285920732,119,0.9576311121582535,0.038494920225399895,0.0249715737111076,0.7695878626160884,0.16860100578575637,0.42857142857142855,-2.269825114915614,0.02,0.9343179242104773,MACE-MP::composition_offset,0.13519741985229838,0.9343179242104773,shallow_gradient_boosting,ML_estimate_only
job_013_Cr_fe_-1.388_n4_generated_crystals_cif__gen_0,Cr,Li1 Cr2 O4,97326b9332ad197e85a1d34dfd69064296673947bc46fb5f2c7e6fd6a44c2b73,SM_Cr_003,20,7.0,10,1.94479,10.719157,-8.081148420061384,-8.08183833530971,0.0600284499803853,0.3554246065774284,-0.0021992371137599,1.943347738815972,0.0092782655876042,10,-7.10197675177167,-7.103123972074642,0.0928082834587041,1.0569661864515,-0.0026547216061102,1.9347646107352856,0.012624681842264,10,0.9787143632350679,0.0033464162546598,0.0004554844923502998,0.7065650710950928,0.2190253877766757,0.42857142857142855,-2.2956887981300946,0.02,0.5853346673909081,MACE-MP::composition_offset,0.2348922345017267,0.5853346673909081,shallow_gradient_boosting,ML_estimate_only
job_013_Cr_fe_-1.388_n4_generated_crystals_cif__gen_1,Cr,Li1 Cr2 O4,ed8ccd2739e03c85e0e1887552982c08bfd783a2efaafba4ca3cf1a50948c866,SM_Cr_004,12,7.0,8,1.97681,10.615965,-8.08102525983538,-8.083654131208148,0.0975468610987347,0.5874882465985076,-0.004529778876285,1.9587188773306217,0.0198533131967938,12,-7.108860960924398,-7.11128785788176,0.0899513016058559,1.3534508372305436,-0.0042496473299047,1.9637163308674328,0.0129673297728187,12,0.9723662733263874,0.006885983423975102,0.0002801315463802998,0.7414115573675113,0.2008265734092725,0.42857142857142855,-2.3038526839372127,0.02,0.4236227306362167,MACE-MP::composition_offset,0.06771946828552389,0.4236227306362167,shallow_gradient_boosting,ML_estimate_only
job_013_Cr_fe_-1.388_n4_generated_crystals_cif__gen_2,Cr,Li1 Cr2 O4,6613be44be6575280bdfcc918153bb7e5846e25eaab4fade97aca352bd5944e1,SM_Cr_005,12,7.0,8,1.79641,10.050248,-8.030865805489677,-8.033306121826172,0.0709314428738358,0.7939309289407575,-0.0003035447152783,1.7744301839727257,0.019919231244527,8,-7.068798316063912,-7.075482063061715,0.0902920559751927,0.7547098745117562,-0.013584351462608,1.8402545279003992,0.0469773861205689,8,0.9578240587644569,0.0270581548760419,0.0132808067473297,0.7420748853461303,0.19366004392162625,0.42857142857142855,-2.2680468891171675,0.02,0.9449401711895058,MACE-MP::composition_offset,0.8497561336042607,0.9449401711895058,shallow_gradient_boosting,ML_estimate_only
job_013_Cr_fe_-1.388_n4_generated_crystals_cif__gen_3,Cr,Li1 Cr2 O4,f09aa1041b97fc03a6f96935da754d5cff92e1ac17f619790b051b987e833a18,SM_Cr_003,20,7.0,6,1.942278,10.792846,-8.080926077706474,-8.08136967250279,0.0638846551161467,0.8533326296909657,-0.0020028513196933,1.933276959860465,0.0050194710815793,10,-7.102041525374793,-7.103508047351119,0.0977500655428751,0.7108126718491063,-0.0038448516935998,1.9199820404043175,0.0137262879545442,10,0.9778616251516707,0.008706816872964901,0.0018420003739064998,0.6495684850001285,0.23443178557461944,0.42857142857142855,-2.2960728734065716,0.02,0.5778343626448711,MACE-MP::composition_offset,0.26923241902269457,0.5778343626448711,shallow_gradient_boosting,ML_estimate_only
job_016_Cr_fe_-1.264_n4_generated_crystals_cif__gen_1,Cr,Li1 Cr2 O4,a9c1292c22a4eabf7159fb233396e2f725d8dbe463b688e88a2411577926f8f6,SM_Cr_003,20,7.0,2,1.952587,10.670673,-8.081008911132812,-8.081897735595703,0.0681986366796393,0.1827187982948465,-0.0006912589100813,1.9344905210951968,0.0111869980525778,10,-7.101679670625364,-7.103714815485449,0.0952928380703343,0.8014537031537801,-0.0009818136274534,1.914439250970404,0.0286458262144736,10,0.9781829201102541,0.0174588281618958,0.00029055471737210003,0.7080469618485223,0.20611361294978606,0.42857142857142855,-2.2962796415409015,0.02,0.5737846469275423,MACE-MP::composition_offset,0.2806140233121154,0.5737846469275423,shallow_gradient_boosting,ML_estimate_only
job_016_Cr_fe_-1.264_n4_generated_crystals_cif__gen_2,Cr,Li1 Cr2 O4,2afece50ed186f8fa1dd32f60521ab8cf5a8502d59db3dfccca530e19d65457c,SM_Cr_002,15,7.0,44,1.946972,10.004222,-8.031958443777901,-8.032071794782366,0.0914327222382026,1.2565336862188,0.0006068997739283,1.947699697460218,0.0015481487125741,44,-7.0777020787913925,-7.078511266695577,0.065818391351266,1.1572225546236414,-0.0004519409079363,1.9528846714574464,0.0093825273194274,44,0.9535605280867889,0.0078343786068533,0.0010588406818646,0.7748501763278156,0.1777208842637805,0.42857142857142855,-2.27107609275103,0.02,0.9259387929483908,MACE-MP::composition_offset,0.15772168051359103,0.9259387929483908,shallow_gradient_boosting,ML_estimate_only
job_016_Cr_fe_-1.264_n4_generated_crystals_cif__gen_3,Cr,Li1 Cr2 O4,43b988cf2780ea75e2bfa73e9589c0c44884dc9a8f1357dcd4ced1c60cb24b3f,SM_Cr_006,14,7.0,8,1.939743,10.445444,-8.070213317871094,-8.070836203438896,0.0890900760454604,0.5801594357849305,0.0013512658574039,1.9433839488652875,0.0067475709714722,12,-7.093002578053155,-7.093408941802671,0.0958576073270381,0.8649540877742925,-8.331097160696466e-05,1.9432271059084023,0.0037685637834834,12,0.9774272616362252,0.0029790071879888,0.0014345768290108646,0.7172756609482576,0.21183002953758337,0.42857142857142855,-2.285973767858123,0.02,0.7584457141800949,MACE-MP::composition_offset,0.7384079574447574,0.7584457141800949,shallow_gradient_boosting,ML_estimate_only
job_017_Mn_fe_-1.234_n4_generated_crystals_cif__gen_0,Mn,Li1 Mn2 O4,21e8fe9b1ba165b596d3322f21e4d41569da1acb3ba836115b2980339bbfe95a,SM_Mn_004,35,7.0,2,1.915332,10.706988,-7.722018105643136,-7.722322736467634,0.0972492108383557,1.0081274964064872,0.00090119144678,1.918599913375884,0.0028964430671678,2,-6.853228733721468,-6.853984323575601,0.0427567780246697,1.3260254328519478,0.0035408557647804,1.9155072832075173,0.0081336212907539,2,0.8683384128920331,0.005237178223586101,0.0026396643180004,0.7222618307188479,0.207716340388073,0.5,-1.8580492305340046,0.02,1.0,MACE-MP::composition_offset,1.0,1.0,shallow_gradient_boosting,ML_estimate_only
job_017_Mn_fe_-1.234_n4_generated_crystals_cif__gen_1,Mn,Li1 Mn2 O4,9aaa81e9b3292e88ddf20ab44b7ff4b7eb03abae429e2d838d29f1214adcd26e,SM_Mn_005,9,7.0,1,1.905567,10.481356,-7.693503243582589,-7.697024209158761,0.0833495046994807,0.9986425385887528,0.0122637645520304,1.9187771596995729,0.0208559630033753,1,-6.8240806399810845,-6.828402662849791,0.0946898073058247,0.7421091862252606,0.0154278610291263,1.9133070878203475,0.0246020191796482,1,0.8686215463089706,0.0037460561762728967,0.003164096477095899,0.5106727754077964,0.2522015090939804,0.5,-1.8324675698081947,0.02,1.0,MACE-MP::composition_offset,1.0,1.0,shallow_gradient_boosting,ML_estimate_only
job_017_Mn_fe_-1.234_n4_generated_crystals_cif__gen_2,Mn,Li1 Mn2 O4,d93578a990da2ea6f438e9ecd66ce71677fb5423a67f2f21019c1fb0ef43e3a1,SM_Mn_006,3,7.0,6,1.889327,9.964122,-7.65644291469029,-7.669094085693359,0.0725521424604416,1.2249012190959057,-0.0041844644500368,1.930586291590194,0.0348730568866811,10,-6.787534362041328,-6.791697129332001,0.0557499130096678,1.5336253880796442,-0.0059293866969987,1.9291025324471969,0.023133022523453,10,0.8773969563613582,0.011740034363228104,0.0017449222469619,0.6187415401014863,0.27821556947082626,0.5,-1.7957620362904052,0.02,1.0,MACE-MP::composition_offset,1.0,1.0,shallow_gradient_boosting,ML_estimate_only
job_017_Mn_fe_-1.234_n4_generated_crystals_cif__gen_3,Mn,Li1 Mn2 O4,15615e8cad2dd2c794966689c0ddf0c584c825af061e371deb7b2ac44df80bd2,SM_Mn_007,7,7.0,1,1.880962,10.056066,-7.672154017857143,-7.673829759870257,0.0764893920101462,1.3366119414529234,0.0046754469821279,1.8986429694062037,0.0130240447602917,1,-6.794884241217424,-6.797348325859867,0.0958107487780992,1.1836230411105784,0.0066827815505796,1.8957447418961555,0.0207260070057965,1,0.8764814340103904,0.0077019622455048,0.0020073345684517,0.4819581228708071,0.26346401680897225,0.5,-1.8014132328182706,0.02,1.0,MACE-MP::composition_offset,1.0,1.0,shallow_gradient_boosting,ML_estimate_only
job_019_Mg_fe_-1.315_n4_generated_crystals_cif__gen_0,Mg,Li1 Mg2 O4,3a0a3881c9e6e9e64a81fbcc6e05bc15eea4be53418a55cc7a89dbd991882fbc,SM_Mg_005,2,7.0,1,1.520788,11.984386,-5.349021366664341,-5.404059273856027,0.0535592392314779,1.048998046245498,0.0687357493040825,1.6232383349325714,0.069229770008896,2,-4.985127083575164,-5.254516672203117,0.0826989264964637,0.8099064765734287,-0.0037774649571185,1.4925660733780082,0.3392048131533838,12,0.14954260165291,0.2699750431444878,0.072513214261201,0.23662432910718487,0.19545833058111003,0.75,-1.7077164745629885,0.02,1.0,MACE-MP::composition_offset,2.4181175819192224e-60,1.0,shallow_gradient_boosting,ML_estimate_only
job_020_Mn_fe_-0.989_n4_generated_crystals_cif__gen_0,Mn,Li1 Mn2 O4,5053b3d87925dd1289d064cae84253886d9f4f065bc7b7176eb5d45b92e85dac,SM_Mn_004,35,7.0,1,1.925373,10.984384,-7.719274248395648,-7.722205025809152,0.0969501116036156,0.5672929456180635,-0.0110557113747151,1.9266695529587536,0.0270321221763277,2,-6.85012544256295,-6.853014658383216,0.0770159409525306,1.2486190126440369,-0.0047943257363576,1.9167394165904263,0.0178329596051673,2,0.8691903674259356,0.0091991625711604,0.0062613856383575,0.5142365967825031,0.2647791176506113,0.5,-1.8570795653416203,0.02,1.0,MACE-MP::composition_offset,1.0,1.0,shallow_gradient_boosting,ML_estimate_only
job_020_Mn_fe_-0.989_n4_generated_crystals_cif__gen_1,Mn,Li1 Mn2 O4,0ce85b7361a87f55926b6ced6a7b1cf28fa839eac6dfac90cf36bec9c1b270a5,SM_Mn_004,35,7.0,1,1.915167,10.762415,-7.722319466727121,-7.722480228969029,0.0907737422660045,0.822167949478662,0.0005258181497351,1.9170359886744424,0.0021272663174618,2,-6.853720003839255,-6.8539854230133335,0.0991961522314239,1.2325666890069449,0.0007182817321507,1.915288167969171,0.0026543543059467,2,0.8684948059556952,0.0005270879884849001,0.00019246358241559994,0.3973394732797211,0.24921430190719607,0.5,-1.8580503299717375,0.02,1.0,MACE-MP::composition_offset,1.0,1.0,shallow_gradient_boosting,ML_estimate_only
job_020_Mn_fe_-0.989_n4_generated_crystals_cif__gen_3,Mn,Li1 Mn2 O4,d6bdcb6a5bec336b837859b592c47446a25056360b502548c8059479ee1d239e,SM_Mn_008,9,7.0,1,1.922844,11.650976,-7.712364196777344,-7.714024135044643,0.0549618124683376,0.5288170245790158,-0.0030095230105597,1.923409042973478,0.0136467491929703,1,-6.841840606275389,-6.843740820677347,0.0753126608154441,0.7777300994399634,-0.002390611891906,1.9187121691012912,0.0124050815767374,1,0.8702833143672963,0.0012416676162329,0.0006189111186536999,0.4267246524123038,0.24899839307147806,0.5,-1.847805727635751,0.02,1.0,MACE-MP::composition_offset,1.0,1.0,shallow_gradient_boosting,ML_estimate_only
job_021_Mg_fe_-1.413_n4_generated_crystals_cif__gen_0,Mg,Li1 Mg2 O4,3d3ebc368b1d947f7645d0117ba6e1d86ce47bf3d90c6ffb327182a4db79bccc,SM_Mg_002,3,7.0,47,2.096453,10.627643,-5.442507607596261,-5.445556640625,0.0128671219384656,1.4060186865525608,-0.0213449709571835,2.085256270128668,0.0014656420362766,123,-5.076400646687705,-5.08347589379317,0.0077065403997935,1.4424354445496377,-0.0377049984414664,2.069501685899016,0.0016488877513525,123,0.3620807468318299,0.00018324571507590003,0.0163600274842829,0.6324371421300417,0.2775553171108445,0.75,-1.5366756961530417,0.02,0.9666570281152737,MACE-MP::composition_offset,0.9999999998578374,0.9666570281152737,shallow_gradient_boosting,ML_estimate_only
job_021_Mg_fe_-1.413_n4_generated_crystals_cif__gen_3,Mg,Li1 Mg2 O4,128a6c0116a760efd53c41e5b9a5e555be5cb6b735dd3e1265d61877fcc61a3d,SM_Mg_003,8,7.0,8,1.970443,10.142321,-5.449878692626953,-5.451449257986886,0.0144932505617098,1.269021582338172,0.0144684186461316,1.9956757326994088,0.0070234722520877,139,-5.086657213235789,-5.086769698730175,0.0167545109104086,1.504220348565701,0.0010434394974572,1.97311505245719,0.0012443491008543,139,0.3646795592567109,0.0057791231512334,0.0134249791486744,0.816774087595426,0.14719904271723983,0.75,-1.539969501090047,0.02,0.9771674091210003,MACE-MP::composition_offset,0.6966116240500406,0.9771674091210003,shallow_gradient_boosting,ML_estimate_only
job_024_Mg_fe_-0.880_n4_generated_crystals_cif__gen_0,Mg,Li1 Mg2 O4,e31ef546cd0b5dbc12dc24ff8691047c9889dda7df6cdd43a80cd1106c2dcc1c,SM_Mg_004,15,7.0,8,2.023712,10.952227,-5.4545407976423,-5.461039406912668,0.0529752778062523,1.344446141187129,0.0129619442146717,2.024713637826137,0.0494372796315614,119,-5.064793536968374,-5.065522648984705,0.0244180891338419,1.428731571743008,-0.0025069456995452,2.0283150699948718,0.0035799067560585,119,0.3955167579279637,0.0458573728755029,0.0154688899142169,0.7848636232008771,0.16477935993198564,0.75,-1.5187224513445763,0.02,0.8253949574748727,MACE-MP::composition_offset,0.8843484152164554,0.8253949574748727,shallow_gradient_boosting,ML_estimate_only
job_024_Mg_fe_-0.880_n4_generated_crystals_cif__gen_3,Mg,Li1 Mg2 O4,37ee89b346b5021774944c231056882893de1d34cf579a71c8728f72fde019dd,SM_Mg_006,1,7.0,8,1.859843,10.958678,-5.419719696044922,-5.459417070661273,0.0917159734316858,1.291701264535396,0.0661603115725073,1.973986190455469,0.1168364987539173,8,-5.03852531118334,-5.061671396936371,0.0685364052693138,1.2033107272000727,0.0512209225348576,1.9102059025812996,0.0780577663767545,8,0.3977456737249012,0.0387787323771628,0.014939389037649707,0.23533165222440716,0.18957598323780067,0.75,-1.514871199296243,0.02,0.7714286343467657,MACE-MP::composition_offset,1.5544890806729879e-09,0.7714286343467657,shallow_gradient_boosting,ML_estimate_only
job_029_Cr_fe_-1.337_n4_generated_crystals_cif__gen_1,Cr,Li1 Cr2 O4,1cbbcd701d0d49de36fa1de028be17ccbed2d565a25fa2361aefdfbb73651909,SM_Cr_006,14,7.0,1,1.934655,10.443233,-8.06619153703962,-8.06912612915039,0.0764748803429018,1.44117477536609,0.0061989763303362,1.942314539892322,0.0173989460630432,12,-7.091183057545587,-7.092440513872662,0.0582390961228639,0.8907811187755252,0.0021980123436398,1.9498035674318972,0.0106292327068843,12,0.976685615277729,0.006769713356158901,0.0040009639866964005,0.8957765114792163,0.11426608162097666,0.42857142857142855,-2.285005339928114,0.02,0.7732922369613362,MACE-MP::composition_offset,0.9227195767727974,0.7732922369613362,shallow_gradient_boosting,ML_estimate_only
job_029_Cr_fe_-1.337_n4_generated_crystals_cif__gen_3,Cr,Li1 Cr2 O4,6871cbd461f46bea7813508e40edab47a9cbe47d16148c6eab9d30bc31e4f107,SM_Cr_006,14,7.0,1,1.933056,10.411331,-8.06976590837751,-8.071099417550224,0.0868526330412457,1.0301414588902822,0.0047028159054809,1.9292084478726763,0.0149050662359833,12,-7.092899980397916,-7.093665912449368,0.0449966571151101,1.2698061347836036,0.0002484815636392,1.93888922899777,0.0081959184923966,12,0.9774335051008558,0.006709147743586701,0.004454334341841701,0.8822488100779574,0.13094846083837158,0.42857142857142855,-2.2862307385048206,0.02,0.7544193922329112,MACE-MP::composition_offset,0.8185960076827479,0.7544193922329112,shallow_gradient_boosting,ML_estimate_only
job_030_Mn_fe_-1.234_n4_generated_crystals_cif__gen_0,Mn,Li1 Mn2 O4,f309970653c1e143ac829bd162ade59a924a536196ae2cbac5ceb87c340ea8ed,SM_Mn_004,35,7.0,10,1.936094,10.866743,-7.723567962646484,-7.723721095493862,0.076618521900182,0.5049591087636897,4.83157854016536e-05,1.9346952821195595,0.0022347880299813,10,-6.854723708737102,-6.85525454081997,0.0674563233778248,1.1827176401481585,0.0009671381938196,1.9309920451770208,0.005909014533872,10,0.8684665546738923,0.0036742265038907,0.0009188224084179464,0.4678245412916306,0.2571997684735339,0.5,-1.8593194477783737,0.02,1.0,MACE-MP::composition_offset,1.0,1.0,shallow_gradient_boosting,ML_estimate_only
job_030_Mn_fe_-1.234_n4_generated_crystals_cif__gen_1,Mn,Li1 Mn2 O4,159e9a35339975e2d3b1fee78290ca6bc9fa25d3847881974a400fc11f99f373,SM_Mn_007,7,7.0,1,1.889735,10.259141,-7.671236310686384,-7.674539293561663,0.0943163277442172,0.7120916462365258,-0.0021217418162224,1.900976576641916,0.0297380239029342,1,-6.79453830986546,-6.79743601281514,0.0798447158266411,0.6461302750527252,-0.0047061132594606,1.8922251140184132,0.0252889996629948,1,0.8771032807465229,0.0044490242399393976,0.0025843714432382003,0.5016778945725521,0.2650277559542709,0.5,-1.8015009197735443,0.02,1.0,MACE-MP::composition_offset,1.0,1.0,shallow_gradient_boosting,ML_estimate_only
job_030_Mn_fe_-1.234_n4_generated_crystals_cif__gen_2,Mn,Li1 Mn2 O4,22efd1aaca0e03e60c38523f1fffd335e24ef9049dc2f468baa9631a4ec312ad,SM_Mn_004,35,7.0,1,1.913244,10.61104,-7.721302577427456,-7.72211674281529,0.0717923149209288,1.0224317785107455,0.0030347874187137,1.9210717642547548,0.0067781988680166,2,-6.852468470237078,-6.853468350013138,0.0897916479762858,1.0858875538582151,0.0057587962291778,1.9175180685748148,0.0085439812671023,2,0.868648392802152,0.0017657823990856998,0.0027240088104641,0.48376264904586486,0.258029741214909,0.5,-1.857533256971542,0.02,1.0,MACE-MP::composition_offset,1.0,1.0,shallow_gradient_boosting,ML_estimate_only
job_030_Mn_fe_-1.234_n4_generated_crystals_cif__gen_3,Mn,Li1 Mn2 O4,ea0f3523d9f76ac61c9ab26e4e96e1037ef64d0c0d7a274cf3a585842d5d2bb2,SM_Mn_006,3,7.0,6,1.882538,9.769692,-7.654142107282366,-7.654568263462612,0.0999388231026193,1.3072153763911916,0.0003684258131562,1.885742260081502,0.0051340283468824,10,-6.785234606356478,-6.7856723524413285,0.0655283581133501,1.2496097227129523,-0.0011874389228759,1.888798319927134,0.0049866466291928,10,0.8688959110212835,0.00014738171768959984,0.0015558647360321,0.3813052550562842,0.2753488546048457,0.5,-1.7897372593997325,0.02,1.0,MACE-MP::composition_offset,1.0,1.0,shallow_gradient_boosting,ML_estimate_only
job_036_Mg_fe_-1.056_n4_generated_crystals_cif__gen_1,Mg,Li1 Mg2 O4,027044de4317ff04ba6fd75dd3906b3025b76094f39e61bd4f60aaf055acf745,SM_Mg_002,3,7.0,25,2.084811,10.418932,-5.445398603166852,-5.44550051007952,0.0170653051256834,1.487139054636306,-0.0011148656970143,2.084405699795021,0.0004355619308992,123,-5.0810319820208045,-5.083453543571362,0.0108416607799989,1.475730382836596,-0.0181686673504836,2.06961772966111,0.00318889577046,123,0.36204696650815826,0.0027533338395608,0.0170538016534693,0.6448171024331755,0.2766106253154694,0.75,-1.5366533459312333,0.02,0.966573968221331,MACE-MP::composition_offset,0.9999965834767184,0.966573968221331,shallow_gradient_boosting,ML_estimate_only
job_042_Cr_fe_-0.962_n4_generated_crystals_cif__gen_0,Cr,Li1 Cr2 O4,e4f6e69265ee72a0909a84120471735122b57518a3441a46ba9af675b3630e08,SM_Cr_008,15,7.0,1,1.867167,9.855476,-8.02829360961914,-8.029094696044922,0.0825167345615096,1.1577590252079355,0.0005886621053878,1.8754056570728244,0.0076793246434006,8,-7.075968850527092,-7.0781047659082725,0.0856205123174301,1.504334311457711,-0.003799932738384,1.8845352472387584,0.0193362687459449,8,0.9509899301366493,0.0116569441025443,0.0043885948437718,0.696557959792479,0.21641245783299184,0.42857142857142855,-2.270669591963725,0.02,0.9287467163667268,MACE-MP::composition_offset,0.9821250248785038,0.9287467163667268,shallow_gradient_boosting,ML_estimate_only
job_042_Cr_fe_-0.962_n4_generated_crystals_cif__gen_1,Cr,Li1 Cr2 O4,3a6189a7d7a9ebdbf82efbf148f4150520e98f8667fc7a8674265411627d2349,SM_Cr_005,12,7.0,8,1.764783,9.967569,-8.030225481305804,-8.033247811453682,0.0875742774212943,1.0075773431881947,0.0050472002750436,1.7748744833355758,0.0227646840084959,8,-7.064998329167865,-7.075279826707407,0.0827124659895381,0.8721910645414387,-0.0060689940607336,1.858753214750206,0.0524924336474221,8,0.9579679847462756,0.0297277496389262,0.0111161943357772,0.7390736215292035,0.19619880792614647,0.42857142857142855,-2.267844652762859,0.02,0.9460569304346235,MACE-MP::composition_offset,0.9860458391365781,0.9460569304346235,shallow_gradient_boosting,ML_estimate_only
job_042_Cr_fe_-0.962_n4_generated_crystals_cif__gen_2,Cr,Li1 Cr2 O4,6cc9fa38c02cb613974b5af4c2d103bfe7b4a6520c1144b31a16baecd9a84b80,SM_Cr_006,14,7.0,8,1.934216,10.334965,-8.068758283342634,-8.070613861083984,0.0994749687853369,0.6233542598694088,0.0102830384642471,1.937340556106525,0.0197538161008223,12,-7.092536472587339,-7.093164257255801,0.0587764109776798,1.5110898185727966,0.0022349834890293,1.9420391973923403,0.0063553051943178,12,0.977449603828183,0.013398510906504499,0.008048054975217801,0.9079667122711558,0.08668502522555,0.42857142857142855,-2.285729083311254,0.02,0.7622459692854393,MACE-MP::composition_offset,0.94888782936079,0.7622459692854393,shallow_gradient_boosting,ML_estimate_only
job_042_Cr_fe_-0.962_n4_generated_crystals_cif__gen_3,Cr,Li1 Cr2 O4,00c088fbb2cf798fd17b7e206ae3deecbe85575cbc377e70c9acb060e9763ebc,SM_Cr_004,12,7.0,8,1.96311,10.465212,-8.082430158342634,-8.08297838483538,0.096666108829026,0.532667239124692,-8.72310725148484e-05,1.9597897740612389,0.0063645026833063,12,-7.1104673634965065,-7.110921986903287,0.0476239351508138,0.7651063720322206,-0.0010890180592879,1.960084734519087,0.0056823846014436,12,0.9720563979320929,0.0006821180818626996,0.0010017869867730517,0.8675744472212803,0.16286750888907664,0.42857142857142855,-2.30348681295874,0.02,0.43079887796410476,MACE-MP::composition_offset,0.814085374403045,0.43079887796410476,shallow_gradient_boosting,ML_estimate_only
job_043_Mn_fe_-1.340_n4_generated_crystals_cif__gen_1,Mn,Li1 Mn2 O4,1c5e42b8167deba2e4340a8118407ff87d329d7c91ef8f472eaea9a79c5907b5,SM_Mn_004,35,7.0,6,1.936892,10.964811,-7.723102569580078,-7.723809378487723,0.0607707380697488,0.4425972569196943,-0.0018298312058613,1.930487465881877,0.0070102354826926,10,-6.854555851822396,-6.855528977097046,0.0557430138812211,0.32212824546344,-0.0012696320106347,1.9285233201229803,0.008934134258649,10,0.8682804013906775,0.0019238987759563992,0.0005601991952266,0.6938216253852769,0.22967024538658318,0.5,-1.8595938840554496,0.02,1.0,MACE-MP::composition_offset,1.0,1.0,shallow_gradient_boosting,ML_estimate_only
job_043_Mn_fe_-1.340_n4_generated_crystals_cif__gen_3,Mn,Li1 Mn2 O4,06dff3f9d070d72d2dce810957c1a4b074ef447478e0a37953608a87a3c91b5b,SM_Mn_004,35,7.0,6,1.931046,10.918713,-7.723763057163784,-7.723763057163784,0.0935560033153773,0.5962000130848378,0.0,1.93104649360016,0.0,10,-6.855204717971684,-6.855403754382789,0.0955822728238776,0.4593786963491635,9.34428317831415e-05,1.9290125467574544,0.0026635056282174,10,0.8683593027809948,0.0026635056282174,9.34428317831415e-05,0.4497429052941683,0.25433326853389393,0.5,-1.859468661341193,0.02,1.0,MACE-MP::composition_offset,1.0,1.0,shallow_gradient_boosting,ML_estimate_only
job_044_Mn_fe_-0.936_n4_generated_crystals_cif__gen_0,Mn,Li1 Mn2 O4,353809a23a15c0dabfdee78926939395784abef3a1de378626b4a45ed84a0d6f,SM_Mn_005,9,7.0,5,1.923382,10.943449,-7.6830324445452,-7.685879298618862,0.0999354447278785,0.7931230825822448,-0.0012844944149174,1.946044993113346,0.0244868904421426,12,-6.818668249062912,-6.821328454408218,0.0898086430078605,1.0734598482569315,-0.004044035077931,1.92480682698629,0.0187288474770257,12,0.864550844210644,0.005758042965116901,0.0027595406630135997,0.5175315275854377,0.2623560337510648,0.5,-1.825393361366622,0.02,1.0,MACE-MP::composition_offset,1.0,1.0,shallow_gradient_boosting,ML_estimate_only
job_044_Mn_fe_-0.936_n4_generated_crystals_cif__gen_2,Mn,Li1 Mn2 O4,e1d5895cc2cfe6a2292d9fcf6c5a4049983ce86b1f4c1f4662757ec0cfefe4df,SM_Mn_004,35,7.0,6,1.919905,10.627316,-7.720852988106864,-7.723227909633091,0.0973702361616285,0.6261932116272703,0.014876316125661,1.9254407414257235,0.0257494514368235,10,-6.851918471288252,-6.855218154310736,0.0838494953558332,0.322212791912623,0.0173151846109806,1.9259464226451768,0.0255614050713244,10,0.8680097553223556,0.00018804636549910048,0.0024388684853196008,0.5462696046855546,0.25893703828485204,0.5,-1.8592830612691396,0.02,1.0,MACE-MP::composition_offset,1.0,1.0,shallow_gradient_boosting,ML_estimate_only
job_044_Mn_fe_-0.936_n4_generated_crystals_cif__gen_3,Mn,Li1 Mn2 O4,32a4f2457bb107bb31bdf2e64e3d1f06e59c54b2051238e8fd73518b65320f11,SM_Mn_008,9,7.0,1,1.900423,11.484391,-7.713208334786551,-7.714377267020089,0.0945468612076417,0.7800045321159473,0.0014486937617401,1.9034060091055904,0.0105133220550848,1,-6.842719418951369,-6.844001903102166,0.0501516095638514,1.2859946937678974,0.001692346209732,1.910951213051633,0.0099247922676181,1,0.8703753639179235,0.0005885297874667003,0.0002436524479918999,0.6238876015789273,0.23918411069183793,0.5,-1.84806681006057,0.02,1.0,MACE-MP::composition_offset,1.0,1.0,shallow_gradient_boosting,ML_estimate_only
job_047_Mg_fe_-0.887_n4_generated_crystals_cif__gen_3,Mg,Li1 Mg2 O4,005e5dbea05af585725d0da3dae14cd1085d4fd3bc4fb2e3f0e32d3b67b130f1,SM_Mg_004,15,7.0,1,2.033782,11.063602,-5.45636967250279,-5.461524963378906,0.0328233938221872,1.367504230913941,0.0078981830944018,2.0250408621880918,0.0405105595720736,119,-5.065479160496028,-5.066930476017085,0.0189507607110039,1.4296879376976404,-0.0044898958235888,2.0362010430297746,0.007259500899151,119,0.3945944873618217,0.0332510586729226,0.0123880789179906,0.7906356373787183,0.1636415967982339,0.75,-1.5201302783769561,0.02,0.8429157902211685,MACE-MP::composition_offset,0.949164535984504,0.8429157902211685,shallow_gradient_boosting,ML_estimate_only
job_057_Mn_fe_-0.971_n4_generated_crystals_cif__gen_0,Mn,Li1 Mn2 O4,d6b8d41c371ed1415350f51f19ef2560d07c4ad500fd550db81b1a98abaa5ac9,SM_Mn_009,1,7.0,10,1.922461,11.680256,-7.7007326398577,-7.701993124825614,0.0837412277686231,1.0014504537669002,0.00221480068832,1.9416048050700756,0.0132997962307085,10,-6.833241274261108,-6.835112386971633,0.0836709298102219,1.0041559798983766,0.0015343705118098,1.937511641849138,0.0122133483699945,10,0.8668807378539807,0.0010864478607140009,0.0006804301765101998,0.20970089302540088,0.18083039495622133,0.5,-1.839177293930037,0.02,1.0,MACE-MP::composition_offset,1.0,1.0,shallow_gradient_boosting,ML_estimate_only
job_057_Mn_fe_-0.971_n4_generated_crystals_cif__gen_1,Mn,Li1 Mn2 O4,f2d0b6e1f5685171da281d8252df7440f72fb2b99445f1addd5343c2499ed58c,SM_Mn_004,35,7.0,6,1.915845,10.530081,-7.72034672328404,-7.723024640764509,0.085537886416453,0.5010128374959424,0.0213851166974152,1.9250356087406564,0.0169987383943957,10,-6.851317058036469,-6.855016552789066,0.0903728326836117,0.3705526311185297,0.0284025804533605,1.9268563446120843,0.0188683581923381,10,0.8680080879754426,0.001869619797942399,0.0070174637559452975,0.5727249525079888,0.2471677415896111,0.5,-1.85908145974747,0.02,1.0,MACE-MP::composition_offset,1.0,1.0,shallow_gradient_boosting,ML_estimate_only
job_058_Cr_fe_-1.423_n4_generated_crystals_cif__gen_1,Cr,Li1 Cr2 O4,19c9344b6afcee5847bf01d91159b15f2da1966f779f32cd50f109be62eb6084,SM_Cr_004,12,7.0,12,1.983246,10.697308,-8.081441606794085,-8.083681379045759,0.0923268236292452,1.118014819705318,-0.0038043873442726,1.9690383214652425,0.0126598984393296,12,-7.108619744217887,-7.111305548700664,0.0975274812580946,0.8095039737759812,-0.0071811056556539,1.961172450803569,0.0185683510976067,12,0.9723758303450944,0.005908452658277101,0.0033767183113813004,0.7736354017379147,0.17742323023587783,0.42857142857142855,-2.3038703747561167,0.02,0.4232763663821426,MACE-MP::composition_offset,0.3195399934871609,0.4232763663821426,shallow_gradient_boosting,ML_estimate_only
job_058_Cr_fe_-1.423_n4_generated_crystals_cif__gen_2,Cr,Li1 Cr2 O4,8ee91608336a1ce6fbeab3db7c4a0c92fa97913f0526f163b1cd0ba13d972b7d,SM_Cr_005,12,7.0,8,1.790104,10.053011,-8.03240694318499,-8.033467973981585,0.0896628997562205,1.0247108781191538,-0.0003820561218361,1.7749869552925372,0.0095338216472041,8,-7.067975975292589,-7.075294788353125,0.0802498633524568,0.9006204995633865,-0.0174196204956414,1.8396007057387211,0.0520018460252946,8,0.9581731856284597,0.042468024378090496,0.0170375643738053,0.7405056157084942,0.1965876247541282,0.42857142857142855,-2.267859614408578,0.02,0.9459749305500313,MACE-MP::composition_offset,0.628715451114427,0.9459749305500313,shallow_gradient_boosting,ML_estimate_only
job_058_Cr_fe_-1.423_n4_generated_crystals_cif__gen_3,Cr,Li1 Cr2 O4,279377e6729bedb91bec3038fb1d29189e4c02f24363c5632a7a5ba76516bbdd,SM_Cr_010,6,7.0,8,1.824876,11.283884,-8.015424455915179,-8.01992688860212,0.0721465113481052,1.0424969272957312,-0.0010185516134078,1.795195974603928,0.024391291160228,8,-7.045569922299215,-7.04800958802649,0.056790039138564,1.0665559260723616,-0.0014965933383759,1.8126101515443005,0.0172318601805416,8,0.9719173005756296,0.007159430979686399,0.0004780417249681001,0.6265172532804553,0.24776350321182153,0.42857142857142855,-2.2405744140819426,0.02,0.998517190277342,MACE-MP::composition_offset,0.9698050018675222,0.998517190277342,shallow_gradient_boosting,ML_estimate_only
job_061_Mn_fe_-1.231_n4_generated_crystals_cif__gen_0,Mn,Li1 Mn2 O4,27a7a8b42c5af3a0ecbf854c856364be0abd132cfcb9b9eb83e3f8cc4a9722ff,SM_Mn_004,35,7.0,1,1.922983,10.795908,-7.7220458984375,-7.722112383161273,0.0979715330343902,0.8836564871788108,3.1795706078474595e-05,1.923348546921703,0.000752794141763,2,-6.853122406801398,-6.853685471713577,0.0476614002775733,1.1324210206315526,0.0008539750219502,1.9182368552908515,0.0072959623486478,2,0.8684269114476955,0.0065431682068848,0.0008221793158717254,0.671734210296936,0.22579608387716688,0.5,-1.8577503786719811,0.02,1.0,MACE-MP::composition_offset,1.0,1.0,shallow_gradient_boosting,ML_estimate_only
job_061_Mn_fe_-1.231_n4_generated_crystals_cif__gen_2,Mn,Li1 Mn2 O4,133551cf86f909d9f79a73875f5d063b32e8bee8bcd7280be5c1ecde1e500666,SM_Mn_003,16,7.0,8,1.929066,10.76478,-7.714639391217913,-7.715054103306362,0.0949999595938069,1.334769890604043,0.0010443401483177,1.927596981426682,0.0047135197454351,8,-6.84807354271019,-6.849282905932896,0.0620200443544276,1.2775583125906051,0.0054314768596259,1.9245792767656136,0.0148391654084661,8,0.8657711973734656,0.010125645663030999,0.0043871367113082,0.7006997128466907,0.21677198472916345,0.5,-1.8533478128913004,0.02,1.0,MACE-MP::composition_offset,1.0,1.0,shallow_gradient_boosting,ML_estimate_only
job_061_Mn_fe_-1.231_n4_generated_crystals_cif__gen_3,Mn,Li1 Mn2 O4,81aa4f7eaba58ce469dfd2b06fbc5e809804ef544a857a092fe93b77f01ad7e1,SM_Mn_010,10,7.0,1,1.847173,10.240434,-7.666227613176618,-7.6685992649623325,0.0819380479712732,0.6500980180443996,0.0030890867495316,1.8704980751694449,0.0166803961798423,1,-6.799241998395968,-6.802021033677847,0.0923227650638787,0.7521099275316424,0.0025583436850522,1.8765070087063096,0.0192060609916493,1,0.8665782312844854,0.0025256648118070005,0.0005307430644793999,0.5009054246783257,0.25165224533588415,0.5,-1.806085940636251,0.02,1.0,MACE-MP::composition_offset,0.9999999999999999,1.0,shallow_gradient_boosting,ML_estimate_only
job_062_Mg_fe_-0.803_n4_generated_crystals_cif__gen_0,Mg,Li1 Mg2 O4,483b63278f7c2d922a898693f46fd2b952f3c5571710dffb9b7b57fa86b95569,SM_Mg_004,15,7.0,1,2.042971,11.071927,-5.458811623709543,-5.469072614397321,0.0936379440365186,1.013162136964776,0.0172121997870737,1.999440731934016,0.0790481336952716,8,-5.067696465645757,-5.070023112851982,0.0936551478149941,1.319100189774232,-0.0038512546030153,2.0171172987968182,0.0261052524983466,44,0.39904950154533925,0.052942881196925,0.021063454390088998,0.5913752488951816,0.256204885291461,0.75,-1.5232229152118535,0.02,0.877208686040537,MACE-MP::composition_offset,0.9755477618078224,0.877208686040537,shallow_gradient_boosting,ML_estimate_only
job_062_Mg_fe_-0.803_n4_generated_crystals_cif__gen_1,Mg,Li1 Mg2 O4,15bc8fa686c0a8437ee4f367a413e0f31f2d61bf8f2dabd51ad0f2200b67977f,SM_Mg_007,1,7.0,8,2.030577,11.473996,-5.451476505824497,-5.458400181361607,0.067378739675113,1.2409919697127785,-0.009598972453962,2.0199242839324647,0.0440634602231376,12,-5.019785438925771,-5.028940824169526,0.076984775670226,1.2867789925869737,-0.0097805343225497,2.0055232722969616,0.0437274921570905,12,0.42945935719208084,0.00033596806604709734,0.00018156186858769852,0.2223790672333522,0.17570408578268717,0.75,-1.4821406265293975,0.02,0.18593697443604046,MACE-MP::composition_offset,0.06619254934023018,0.18593697443604046,shallow_gradient_boosting,ML_estimate_only
job_065_Mn_fe_-1.024_n4_generated_crystals_cif__gen_0,Mn,Li1 Mn2 O4,9b6c9fdc14fc5657b061d4660dedc3e7bad89dfed06122dd626ac787df176be4,SM_Mn_004,35,7.0,2,1.890137,10.417294,-7.715488978794643,-7.722109658377511,0.081809191672204,0.9336984955375814,0.0339171858415148,1.926889185389032,0.0282365405045834,2,-6.846061945268249,-6.853133995498843,0.0879935753292486,1.131820196829809,0.0347347483954678,1.9207596058392125,0.0260752086602421,2,0.8689756628786682,0.0021613318443413007,0.0008175625539530024,0.49027477825375654,0.2589575136388306,0.5,-1.857198902457247,0.02,1.0,MACE-MP::composition_offset,1.0,1.0,shallow_gradient_boosting,ML_estimate_only
job_065_Mn_fe_-1.024_n4_generated_crystals_cif__gen_1,Mn,Li1 Mn2 O4,7b153f005e5f7666b8a2955fe87b1d609b9f33ff8e46819474b934a8ee95aefe,SM_Mn_008,9,7.0,1,1.918038,11.720802,-7.701988220214844,-7.713387080601284,0.09777775085262,0.9547201081493246,-0.0168097864577055,1.908857657885334,0.0814060673604809,1,-6.832903242668793,-6.843645935671687,0.0988671803057429,1.0511288865562392,-0.0150123779388691,1.910503198647367,0.0832134299027068,1,0.8697411449295966,0.0018073625422259099,0.0017974085188363995,0.42423319373219676,0.2516916484337471,0.5,-1.8477108426300912,0.02,1.0,MACE-MP::composition_offset,1.0,1.0,shallow_gradient_boosting,ML_estimate_only
job_065_Mn_fe_-1.024_n4_generated_crystals_cif__gen_2,Mn,Li1 Mn2 O4,36c2f46107a76890564aa6cfdde2ab9e20517a1d3a748eecbc32969327fef2e0,SM_Mn_003,16,7.0,1,1.920437,10.820271,-7.7103778294154575,-7.711972372872489,0.0964876126859651,0.4372551229400342,0.0026612500436873,1.907961748878948,0.0142805717473026,1,-6.844522372557528,-6.845946925037603,0.0939258182410243,0.6111980853733933,0.0025306710041823,1.9100412408280705,0.0132299097500453,1,0.8660254478348861,0.0010506619972573007,0.000130579039505,0.43301233320451465,0.25424018108096064,0.5,-1.8500118319960066,0.02,1.0,MACE-MP::composition_offset,1.0,1.0,shallow_gradient_boosting,ML_estimate_only
job_066_Mn_fe_-1.023_n4_generated_crystals_cif__gen_0,Mn,Li1 Mn2 O4,47511780add7c9fd4a542cae808c6c331bf256488e081a10ff054a736317445a,SM_Mn_011,2,7.0,8,1.948822,10.918021,-7.678310394287109,-7.682066236223493,0.07392524932235,1.0471408501425743,0.0038591906278007,1.9279992268226525,0.0257094828236338,12,-6.813340978843504,-6.815391404238772,0.0801626853521964,1.441534519206804,-0.0016127759523675,1.9320980875121208,0.0103912470915932,12,0.8666748319847208,0.0153182357320406,0.0054719665801682,0.26493734986134,0.19516410600312284,0.5,-1.8194563111971762,0.02,1.0,MACE-MP::composition_offset,1.0,1.0,shallow_gradient_boosting,ML_estimate_only
job_066_Mn_fe_-1.023_n4_generated_crystals_cif__gen_1,Mn,Li1 Mn2 O4,96ad1471e49273ea7e06cbf64034e50364a1e5a56b2ccc8ec0aedfb0808cf0ce,SM_Mn_010,10,7.0,1,1.820502,9.892236,-7.654886518205915,-7.663988385881696,0.0750850640207696,0.8035386155412546,0.0277603093418665,1.8564956500487295,0.026538005191164,8,-6.7906753758122,-6.799485004249826,0.0855300719116347,1.158960969655529,0.0210839261556368,1.8564867981897768,0.0237897278244519,8,0.8645033816318701,0.002748277366712102,0.006676383186229699,0.5340752986356097,0.2568220064746557,0.5,-1.80354991120823,0.02,1.0,MACE-MP::composition_offset,1.0,1.0,shallow_gradient_boosting,ML_estimate_only
job_066_Mn_fe_-1.023_n4_generated_crystals_cif__gen_2,Mn,Li1 Mn2 O4,3e22470c44281cf1b1f4c414875ff26d328267fc24076aa63008aa21b0898274,SM_Mn_008,9,7.0,1,1.913943,11.63073,-7.713526044573102,-7.714621952601841,0.0948872857011638,0.9236556999637888,-0.0020268417381767,1.9158431799110844,0.0095004628819706,1,-6.842685180807102,-6.844135984420315,0.0947766376970659,1.1698690276050538,-0.002470932114606,1.911560202765378,0.0110204445105252,1,0.8704859681815265,0.001519981628554599,0.0004440903764292999,0.4254112321024085,0.25511159818130147,0.5,-1.8482008913787187,0.02,1.0,MACE-MP::composition_offset,1.0,1.0,shallow_gradient_boosting,ML_estimate_only
job_066_Mn_fe_-1.023_n4_generated_crystals_cif__gen_3,Mn,Li1 Mn2 O4,5d1c39ef49450392da5bc08acd96e339921a2fb2f17a5023cd84744081a8e4a8,SM_Mn_004,35,7.0,6,1.929343,10.807952,-7.72337177821568,-7.723421369280134,0.0886652700920706,0.4338071529124519,8.574654809678783e-05,1.9298416492995785,0.0007042527694292,10,-6.8548221360112525,-6.855210653435145,0.0684792047859604,0.9639212059346692,0.0013178343087136,1.92877488698578,0.0047990635589847,10,0.868210715844989,0.0040948107895555,0.0012320877606168121,0.46065198514331407,0.25803510685751535,0.5,-1.8592755603935487,0.02,1.0,MACE-MP::composition_offset,1.0,1.0,shallow_gradient_boosting,ML_estimate_only
job_067_Mg_fe_-0.974_n4_generated_crystals_cif__gen_1,Mg,Li1 Mg2 O4,a4476adb8ff723ffd77ad906458dbb731bf44b1e23449d157c165aeeec123c9b,SM_Mg_004,15,7.0,8,2.035751,11.004075,-5.453634534563337,-5.461346762520926,0.0604602200719825,1.0666058589102092,0.0125576762957773,2.0301359876464944,0.0471931915811969,119,-5.063105777588943,-5.066447426138543,0.0160146883825143,1.4535678034079,-0.0079276805742575,2.028461189036714,0.0248300649617076,119,0.39489933638238295,0.022363126619489297,0.0204853568700348,0.788557810321563,0.16303790250944944,0.75,-1.5196472284984148,0.02,0.8370390883508088,MACE-MP::composition_offset,0.7936210564719182,0.8370390883508088,shallow_gradient_boosting,ML_estimate_only
job_068_Cr_fe_-1.051_n4_generated_crystals_cif__gen_0,Cr,Li1 Cr2 O4,5edb345d9d1c5a43430530e24a44a30c73c1f1597a408a00802952c837cb3339,SM_Cr_008,15,7.0,1,1.864833,9.749067,-8.023768288748604,-8.029300689697266,0.0825092897508174,1.328503485788362,0.0193680033383847,1.8439127873325665,0.0622650255872422,8,-7.075916657135786,-7.076607389121222,0.0920272915478693,1.373838661172102,0.0006498502758598,1.8712959748857303,0.0066805051677018,8,0.9526933005760441,0.0555845204195404,0.0187181530625249,0.7192103705280246,0.20226262257224206,0.42857142857142855,-2.269172215176674,0.02,0.9383889595332352,MACE-MP::composition_offset,0.9989921920038128,0.9383889595332352,shallow_gradient_boosting,ML_estimate_only
job_068_Cr_fe_-1.051_n4_generated_crystals_cif__gen_1,Cr,Li1 Cr2 O4,5a038822cb57c157b4630fd0345acaeb340e932a741bae8c713790dfaeacb132,SM_Cr_005,12,7.0,8,1.861242,10.056339,-8.029767717633929,-8.03374753679548,0.0549608400724853,0.420139829460373,-0.0014690317763738,1.782946155418425,0.0277128334100251,8,-7.0708514548593095,-7.075410961981538,0.0720277639825683,1.2388125742671603,-0.0172782999267532,1.839629621274071,0.0352115927654789,8,0.9583365748139414,0.0074987593554538025,0.015809268150379398,0.724625494040051,0.21230111429679607,0.42857142857142855,-2.26797578803699,0.02,0.945334858861093,MACE-MP::composition_offset,0.8474826244518054,0.945334858861093,shallow_gradient_boosting,ML_estimate_only
job_068_Cr_fe_-1.051_n4_generated_crystals_cif__gen_3,Cr,Li1 Cr2 O4,f02499c0e55ad2081fcfdc71215c6bff37176a9f5e6efe33a699bbde26351105,SM_Cr_011,4,7.0,6,1.917188,10.849008,-8.057055337088448,-8.059442792619977,0.0798393969580478,1.4567147013002049,0.001264268491655,1.887260195624093,0.0175157045479782,10,-7.078279133327387,-7.084137686674707,0.093747864611376,1.3512779878766483,0.0067843664350291,1.836586352871716,0.0452164364368868,10,0.9753051059452709,0.027700731888908602,0.005520097943374101,0.48107038393141016,0.27585664821764433,0.42857142857142855,-2.276702512730159,0.02,0.8779650739508762,MACE-MP::composition_offset,0.33757282951620216,0.8779650739508762,shallow_gradient_boosting,ML_estimate_only
job_069_Mn_fe_-1.295_n4_generated_crystals_cif__gen_0,Mn,Li1 Mn2 O4,7ebabd54abce3a5c263d39fbba2e68be93f45c09af0b8764d32869766c40e792,SM_Mn_010,10,7.0,8,1.870151,10.24249,-7.660428183419364,-7.663071768624442,0.0779234223759065,0.834517523918252,-0.0028529114426153,1.8734406118064864,0.0214232693424781,8,-6.7978402388609664,-6.799293000057906,0.0868226631571316,0.772566175772909,-0.0041461521496072,1.8776652860127057,0.0158857890075371,8,0.8637787685665357,0.005537480334940999,0.0012932407069919,0.5544953608046534,0.2524118335199847,0.5,-1.8033579070163102,0.02,1.0,MACE-MP::composition_offset,1.0,1.0,shallow_gradient_boosting,ML_estimate_only
job_069_Mn_fe_-1.295_n4_generated_crystals_cif__gen_1,Mn,Li1 Mn2 O4,158dd132d10005972595183478e68ef41a9a68b8eea74c2810906e3622592747,SM_Mn_012,5,7.0,1,1.880688,11.162702,-7.655485970633371,-7.659528459821429,0.0812276553343053,0.5904554107655954,0.0070371488049749,1.889759854050748,0.0320033597492852,8,-6.7961510638105125,-6.799179526011284,0.0976218137056273,0.4368607845863517,0.0077330991326172,1.874675887965972,0.0289421650626785,8,0.8603489338101449,0.0030611946866066983,0.0006959503276423003,0.30388423203696163,0.23796865709136417,0.5,-1.803244432969688,0.02,1.0,MACE-MP::composition_offset,1.0,1.0,shallow_gradient_boosting,ML_estimate_only
job_069_Mn_fe_-1.295_n4_generated_crystals_cif__gen_2,Mn,Li1 Mn2 O4,3968b2f509f497c78206b1324eeebf6567a425d76eb4ebdd36737177304d27cf,SM_Mn_013,8,7.0,8,1.902834,10.127418,-7.677542005266462,-7.678003583635602,0.0471833597333218,1.4205154551367754,0.0027009199410588,1.909452972439734,0.0041147081027139,44,-6.811993608069171,-6.812053101772724,0.0935019855688747,1.2657928949827637,0.0001515640325904,1.903997013339894,0.0007132129595249,44,0.8659504818628783,0.0034014951431889998,0.0025493559084684,0.48999859298876236,0.26030080891063123,0.5,-1.8161180087311282,0.02,1.0,MACE-MP::composition_offset,1.0,1.0,shallow_gradient_boosting,ML_estimate_only
job_069_Mn_fe_-1.295_n4_generated_crystals_cif__gen_3,Mn,Li1 Mn2 O4,4de52341c4809108d6086bf052dcbabf8b140229e8778a2fc795088100515a95,SM_Mn_003,16,7.0,1,1.916582,10.912672,-7.71075439453125,-7.712635585239956,0.0959806197473695,0.2996005244519124,0.0023997643878561,1.908254280956328,0.0155617009046953,1,-6.844379744339008,-6.846307907643613,0.0892520426568851,0.5294631227256997,0.0024680479703085,1.9124790511576213,0.0151918285738861,1,0.8663276775963427,0.00036987233080920147,6.828358245239982e-05,0.42138635544660197,0.25046187959120647,0.5,-1.850372814602017,0.02,1.0,MACE-MP::composition_offset,1.0,1.0,shallow_gradient_boosting,ML_estimate_only
job_073_Cr_fe_-1.375_n4_generated_crystals_cif__gen_1,Cr,Li1 Cr2 O4,04267f0d6af643582c16fa4f8f902acc52b362446a752b76304eae1c18a60e3e,SM_Cr_003,20,7.0,1,1.934138,10.557047,-8.081257956368583,-8.081902640206474,0.0973747660381792,0.6176603531172712,0.0015493876612584,1.93968679437246,0.0065547739338165,10,-7.101777222287837,-7.103218605656318,0.0988155066635798,0.3388569366226437,0.0034641937257144,1.934642154520539,0.0194400224455264,10,0.978684034550156,0.012885248511709899,0.001914806064456,0.765815746844237,0.17966436544129044,0.42857142857142855,-2.2957834317117705,0.02,0.5834894173222349,MACE-MP::composition_offset,0.5148471210594068,0.5834894173222349,shallow_gradient_boosting,ML_estimate_only
job_073_Cr_fe_-1.375_n4_generated_crystals_cif__gen_2,Cr,Li1 Cr2 O4,688645c4d1e458da0d239c34b60aa2d234417d02481d9154855a2e7525989c11,SM_Cr_006,14,7.0,1,1.95006,10.715056,-8.069069998604911,-8.07141385759626,0.0991737587469833,0.4248463477167834,-0.003177475855882,1.9457125711670076,0.0180797253428313,12,-7.091725632985691,-7.094668865975583,0.0900104881274808,0.8792167650307393,-0.0037341941884883,1.9525475664485503,0.0151424761468045,12,0.9767449916206772,0.0029372491960268,0.0005567183326063,0.7217621694162603,0.21412831029536833,0.42857142857142855,-2.2872336920310357,0.02,0.7383658048694185,MACE-MP::composition_offset,0.020153794115402524,0.7383658048694185,shallow_gradient_boosting,ML_estimate_only
job_073_Cr_fe_-1.375_n4_generated_crystals_cif__gen_3,Cr,Li1 Cr2 O4,04f640fe9be2fcbd5ddc2de82fd4bb47b030167b291afb2f0017a50d152f9469,SM_Cr_008,15,7.0,1,1.856557,9.740384,-8.026532854352679,-8.02936063494001,0.0848663831292521,0.7818581470750576,0.0154430179854185,1.854098541718537,0.0335002824190427,8,-7.075612633280675,-7.07662390377684,0.0921191659598683,1.0229611884145016,0.001737348638781,1.8769871855694131,0.0110035706152329,8,0.9527367311631707,0.022496711803809803,0.0137056693466375,0.7299144479590304,0.1951889306056523,0.42857142857142855,-2.269188729832292,0.02,0.9382884725073575,MACE-MP::composition_offset,0.9883317683021903,0.9382884725073575,shallow_gradient_boosting,ML_estimate_only
job_074_Mn_fe_-0.891_n4_generated_crystals_cif__gen_1,Mn,Li1 Mn2 O4,9e6a9aa1dc05e219e846d8e815fd11433ca7826164a44eda51056c762ddbe1b1,SM_Mn_003,16,7.0,1,1.923439,10.763635,-7.709825788225446,-7.711929866245815,0.0824284421590946,0.8177208403272155,0.0028909998842732,1.9115018457148976,0.0132536071062465,1,-6.844466133898101,-6.846197975809868,0.0977551144522488,0.7395488872444548,0.0026976254351041,1.9123921770781127,0.0122789154732912,1,0.8657318904359474,0.0009746916329553008,0.00019337444916909998,0.4300471570223464,0.2499710174764314,0.5,-1.8502628827682717,0.02,1.0,MACE-MP::composition_offset,1.0,1.0,shallow_gradient_boosting,ML_estimate_only
job_074_Mn_fe_-0.891_n4_generated_crystals_cif__gen_2,Mn,Li1 Mn2 O4,b2925af81fe243851d80689c32ba4705e2a6d4ce118c7cb47d47998953ef9f26,SM_Mn_014,2,7.0,1,1.859813,11.129993,-7.656838008335659,-7.670628683907645,0.0990500836021243,1.2999738559580594,0.0090749264639433,1.910239739184214,0.0542817359795034,1,-6.780978660257076,-6.793031369430465,0.0915786220055071,1.2003200832039551,0.0067048759051864,1.8979342024298065,0.0415210080153575,1,0.87759731447718,0.012760727964145901,0.0023700505587568995,0.1914211608305307,0.1690482745817957,0.5,-1.797096276388869,0.02,1.0,MACE-MP::composition_offset,1.0,1.0,shallow_gradient_boosting,ML_estimate_only
job_074_Mn_fe_-0.891_n4_generated_crystals_cif__gen_3,Mn,Li1 Mn2 O4,ae3f457ccfe0f8b44f999139c234f9b05d339bad21dc5513a68bc23a74f2cd6c,SM_Mn_004,35,7.0,2,1.916963,10.562578,-7.720547267368862,-7.721887860979352,0.0900188539210336,0.8979095141622438,0.0057116721266525,1.9244770569600835,0.0119474054652055,2,-6.8515892407811325,-6.853825632124146,0.064651515403826,0.5674553758447326,0.0189748402888618,1.9154397842075168,0.0111588272079198,2,0.868062228855206,0.0007885782572856995,0.013263168162209299,0.6102633251869604,0.25238827638378153,0.5,-1.8578905390825504,0.02,1.0,MACE-MP::composition_offset,1.0,1.0,shallow_gradient_boosting,ML_estimate_only
job_076_Mg_fe_-1.074_n4_generated_crystals_cif__gen_0,Mg,Li1 Mg2 O4,2e519c8bf92dc6d96a7dfc3f930c68a2226936f2c88e9c6aeee7a2d8f5e1275d,SM_Mg_004,15,7.0,8,2.050616,10.987813,-5.455225263323102,-5.461098807198661,0.053566901956236,1.375660435162677,0.0127523085535932,2.023580596004956,0.0495845939034196,119,-5.065327288489285,-5.065776853725593,0.0936395275499686,1.2535783744444098,-0.0009566945898593,2.0472287669597424,0.0040845273487901,119,0.39532195347306764,0.0455000665546295,0.013709003143452499,0.592342439564561,0.2483624530636004,0.75,-1.5189766560854645,0.02,0.828647172647818,MACE-MP::composition_offset,0.977528229434193,0.828647172647818,shallow_gradient_boosting,ML_estimate_only
job_079_Cr_fe_-0.854_n4_generated_crystals_cif__gen_0,Cr,Li1 Cr2 O4,a847ff31eed7c0b4ac7666c393484e3bfe4f34121f4525ed1b4c421a97fad4e4,SM_Cr_002,15,7.0,8,1.951927,10.08439,-8.03237806047712,-8.03237806047712,0.0558515196938793,1.171563066285797,0.0,1.9519270467092895,0.0,44,-7.077584812536592,-7.078746962302476,0.079999153810501,1.1235673468744332,-0.0041382213727271,1.954876231302198,0.0103907839578615,44,0.9536310981746441,0.0103907839578615,0.0041382213727271,0.7568457407940025,0.19224296126755455,0.42857142857142855,-2.271311788357928,0.02,0.9242724351992077,MACE-MP::composition_offset,0.011722590185393233,0.9242724351992077,shallow_gradient_boosting,ML_estimate_only
job_079_Cr_fe_-0.854_n4_generated_crystals_cif__gen_1,Cr,Li1 Cr2 O4,8d19c028019780f5298180cf94f61d447c58dee6fadffbb89b682c786a70931a,SM_Cr_013,1,7.0,6,1.900568,10.486465,-8.037420000348773,-8.041722978864398,0.0943517969538036,0.780284383583511,0.0192996635613826,1.8937448316413985,0.0230569808106775,25,-7.106358450935479,-7.10947949090746,0.0932240689268044,1.0155373897750768,0.0154232531123084,1.90842597449828,0.0130943096137707,25,0.9322434879569377,0.0099626711969068,0.0038764104490741982,0.4059241653948281,0.2531652087769351,0.42857142857142855,-2.3020443169629123,0.02,0.4592926743207305,MACE-MP::composition_offset,0.9992661323425941,0.4592926743207305,shallow_gradient_boosting,ML_estimate_only
job_079_Cr_fe_-0.854_n4_generated_crystals_cif__gen_2,Cr,Li1 Cr2 O4,1425e6a09c4b7a7d8cdf4f26bfbcdf7b773378124852a52cada3ef4778ecfb1e,SM_Cr_007,3,7.0,160,1.945996,10.776544,-8.058231353759766,-8.060589926583427,0.0956034117690842,1.2159417195255855,-0.0042390670240322,1.936858893256499,0.0123260956316183,166,-7.063261361866313,-7.065792722331771,0.080211996429244,1.0935171586725856,-0.0085394755106331,1.9390987849263503,0.0138791661647217,166,0.9947972042516557,0.0015530705331034001,0.0043004084866009,0.405982345325422,0.26564375641099847,0.42857142857142855,-2.258357548387224,0.02,0.981334362755725,MACE-MP::composition_offset,0.4382602284259485,0.981334362755725,shallow_gradient_boosting,ML_estimate_only
job_080_Mn_fe_-1.081_n4_generated_crystals_cif__gen_0,Mn,Li1 Mn2 O4,5ca33b2eaf4fe8a0fc6bbc956f1c212e7c649c3fc3dac5bd25c91793f31524b6,SM_Mn_008,9,7.0,1,1.927703,11.552215,-7.713255201067243,-7.714566911969866,0.0901129197362785,0.6406109712261074,0.0008958565658661,1.9230871846623527,0.0112700657860597,1,-6.842725785306706,-6.844049985106784,0.0932020648050231,1.0868506068206565,0.0008558798708884,1.9166272947047729,0.0111316594670598,1,0.8705169268630826,0.00013840631899990005,3.997669497770001e-05,0.4142514306373603,0.24997780831729682,0.5,-1.8481148920651878,0.02,1.0,MACE-MP::composition_offset,1.0,1.0,shallow_gradient_boosting,ML_estimate_only
job_080_Mn_fe_-1.081_n4_generated_crystals_cif__gen_1,Mn,Li1 Mn2 O4,5640a0d4b906f89afe176aba2aaf0e6e3f43f5d32e36acd358a8c7e2cec4c0c4,SM_Mn_007,7,7.0,1,1.873671,10.046366,-7.671974182128906,-7.676390511648996,0.0981617455421072,0.6042479996439711,0.0240029159738635,1.903334037993328,0.0375374397829262,1,-6.793768774663119,-6.798680951245367,0.093768058637392,0.9497146651604176,0.0230972062746062,1.8903372162279988,0.0389380478504847,1,0.8777095604036287,0.001400608067558498,0.000905709699257299,0.4588995351870734,0.2636772000293837,0.5,-1.802745858203771,0.02,1.0,MACE-MP::composition_offset,1.0,1.0,shallow_gradient_boosting,ML_estimate_only
job_080_Mn_fe_-1.081_n4_generated_crystals_cif__gen_2,Mn,Li1 Mn2 O4,093aabce68aa98edb7ce954f6831b04c189f05c3f4c2730dad1c7cc1f2162f3a,SM_Mn_004,35,7.0,1,1.926874,11.033915,-7.719039372035435,-7.719636099679129,0.0997183449150441,0.7368420502365312,-0.0001520820000102,1.9291949765472896,0.0065625451199314,1,-6.84911242757724,-6.849802637614915,0.088931377789102,0.8534907236658978,2.574802997523662e-05,1.924660193343033,0.0068528629605513,1,0.8698334620642143,0.0002903178406199001,0.00017783002998543663,0.45738108177891346,0.2573904818222438,0.5,-1.853867544573319,0.02,1.0,MACE-MP::composition_offset,1.0,1.0,shallow_gradient_boosting,ML_estimate_only
job_080_Mn_fe_-1.081_n4_generated_crystals_cif__gen_3,Mn,Li1 Mn2 O4,49fa9ff818857f7c6cd4b8907fa83e775d638e52c20af2d994a3bdee68e3a3bd,SM_Mn_015,1,7.0,8,1.922806,11.177127,-7.656120300292969,-7.660411834716797,0.0667653951015819,0.2099899918070653,-0.002722965711476,1.931857942121738,0.0244667622428568,156,-6.786238134823978,-6.788440863274323,0.0952450720075315,0.8197415152020202,-0.0029062436675539,1.9466835440065364,0.0139567392058023,156,0.8719709714424742,0.0105100230370545,0.00018327795607789993,0.24579932031568383,0.20074365865934976,0.5,-1.7925057702327267,0.02,1.0,MACE-MP::composition_offset,1.0,1.0,shallow_gradient_boosting,ML_estimate_only
job_083_Cr_fe_-0.935_n4_generated_crystals_cif__gen_2,Cr,Li1 Cr2 O4,6ef13abdd31bac7241092ed23afca24c77acac5eef44f48106201997f8ed6f3f,SM_Cr_008,15,7.0,8,1.881631,9.785537,-8.02615247453962,-8.029584067208427,0.097652500011938,0.7479329272329676,0.0126393232446335,1.8426251251384749,0.037678108129947,8,-7.076171444812288,-7.077745779042461,0.095047098091568,0.9841589775010594,0.0009029118405332,1.8786622940687367,0.0234959361400558,8,0.9518382881659662,0.0141821719898912,0.0117364114041003,0.739379549973265,0.19120053664168124,0.42857142857142855,-2.2703106050979134,0.02,0.9311578280984474,MACE-MP::composition_offset,0.9987603699943077,0.9311578280984474,shallow_gradient_boosting,ML_estimate_only
job_085_Mg_fe_-0.837_n4_generated_crystals_cif__gen_2,Mg,Li1 Mg2 O4,2fb76f741dadb416d68dd8e77aa92ee2742979763fcccfdf739db0fe8d797dc1,SM_Mg_008,1,7.0,8,1.849947,10.521692,-5.432414463588169,-5.474423544747489,0.100578850625968,1.008059007031061,-0.0524603554306105,1.8494763654535904,0.1176528220684162,123,-5.063093410807783,-5.189567124125397,0.0821339665272356,0.5794993545670353,-0.0460802095255843,1.484226500893847,0.1548272339898947,99,0.2848564206220914,0.03717441192147851,0.006380145905026197,0.31030461479811955,0.23798433812703956,0.75,-1.642766926485269,0.02,0.9999999999995277,MACE-MP::composition_offset,5.988067467884297e-11,0.9999999999995277,shallow_gradient_boosting,ML_estimate_only
job_086_Mn_fe_-0.988_n4_generated_crystals_cif__gen_0,Mn,Li1 Mn2 O4,95ac0be9b7301b973ec21499717c000fd8ef8da903ab70bb72f85c507d00b0a8,SM_Mn_010,10,7.0,8,1.859305,10.230194,-7.661245618547712,-7.663759504045759,0.0671311278751511,0.3780275180041583,-0.0019101663226482,1.8674752627111304,0.0186454578594934,8,-6.797945923310679,-6.799571147804199,0.0779006956348269,0.737696672389056,-0.0022955896930768,1.8727743369172427,0.0154537196099967,8,0.8641883562415593,0.0031917382494967006,0.0003854233704286001,0.5126508023981395,0.25519115789500835,0.5,-1.8036360547626034,0.02,1.0,MACE-MP::composition_offset,1.0,1.0,shallow_gradient_boosting,ML_estimate_only
job_086_Mn_fe_-0.988_n4_generated_crystals_cif__gen_1,Mn,Li1 Mn2 O4,4bc61166f7313b9a77c11a53f5787fb356462249f0fdc64f5efc0a527a6c20cc,SM_Mn_004,35,7.0,6,1.928333,10.606597,-7.721753801618304,-7.722257886614118,0.0663247435150599,1.1100107394614769,0.0022422188047221,1.928701521061311,0.0047742805609922,10,-6.853037248486368,-6.85426272613144,0.0831643998485406,1.3006311339298349,0.0052208987406694,1.926530660477672,0.0098805949783923,10,0.8679951604826783,0.0051063144174001,0.0029786799359473,0.5518682666052884,0.2613091106785936,0.5,-1.8583276330898437,0.02,1.0,MACE-MP::composition_offset,1.0,1.0,shallow_gradient_boosting,ML_estimate_only
job_086_Mn_fe_-0.988_n4_generated_crystals_cif__gen_3,Mn,Li1 Mn2 O4,f31a857e9db175bad2d2cb76b08566cb63c68bb3ac8ee9a9cf19bb7ba45111dd,SM_Mn_016,1,7.0,6,1.88841,10.752778,-7.675683157784598,-7.680098942347935,0.041599321865905,1.4595700666338765,0.0114319481429496,1.9106524201227295,0.0241370131456827,25,-6.80922501188323,-6.814666722433164,0.0947495543981777,0.8407598064644408,0.0296139725029085,1.912184123726571,0.0491067337179924,25,0.865432219914771,0.0249697205723097,0.0181820243599589,0.2322090795625195,0.1893347266919676,0.5,-1.8187316293915679,0.02,1.0,MACE-MP::composition_offset,1.0,1.0,shallow_gradient_boosting,ML_estimate_only
job_087_Cr_fe_-1.452_n4_generated_crystals_cif__gen_0,Cr,Li1 Cr2 O4,80425455bf99694a88ff175787de90f0128869a01a313f755dc04703112ab02a,SM_Cr_003,20,7.0,10,1.931781,10.641628,-8.081201825823102,-8.081498282296318,0.095280950296941,1.313483571778779,0.0008008971767838,1.934960270828692,0.0029339331862764,10,-7.102514772220204,-7.103074792226951,0.0858706073039207,1.367414343317452,0.0018258229959766,1.93412772263289,0.0056008320535869,10,0.9784234900693667,0.0026668988673105,0.0010249258191927998,0.6881375583865521,0.22486807114901214,0.42857142857142855,-2.2956396182824035,0.02,0.5862928796409883,MACE-MP::composition_offset,0.6925930608664057,0.5862928796409883,shallow_gradient_boosting,ML_estimate_only
job_087_Cr_fe_-1.452_n4_generated_crystals_cif__gen_2,Cr,Li1 Cr2 O4,842f5cdcb8cdb9dbcf44af997f06a42b11918f56dc4013678b486424fdb2d05d,SM_Cr_011,4,7.0,6,1.918167,10.638302,-8.054494040352958,-8.059325081961495,0.0904347453585689,1.3157769959624397,0.0159767545148925,1.8838991142807568,0.0264823026884537,10,-7.076491790237555,-7.0843763994027125,0.0952646566486247,1.0041020806716443,0.0332185380938714,1.8393770905385392,0.0473513045183373,10,0.9749486825587823,0.0208690018298836,0.017241783578978903,0.5597260729137266,0.26784200451725426,0.42857142857142855,-2.276941225458165,0.02,0.8755322325054933,MACE-MP::composition_offset,0.6587180815595824,0.8755322325054933,shallow_gradient_boosting,ML_estimate_only
job_087_Cr_fe_-1.452_n4_generated_crystals_cif__gen_3,Cr,Li1 Cr2 O4,9d446ad9625b9f3ad1197f8ec250ec901ababc1f4af612020a89c8599a0762bc,SM_Cr_005,12,7.0,1,1.811752,10.127312,-8.031514304024833,-8.033642905099052,0.087596941680215,1.1567536936895613,-0.0044769609156631,1.7768318058434078,0.0183930889629816,8,-7.068160954845256,-7.075175329529953,0.0968900359981733,0.7861849607203203,-0.0212169610630502,1.839586684151498,0.0440622970570889,8,0.9584675755690988,0.025669208094107304,0.0167400001473871,0.7479777658431975,0.18896026214734146,0.42857142857142855,-2.2677401555854058,0.02,0.9466269010511174,MACE-MP::composition_offset,0.5145999897727481,0.9466269010511174,shallow_gradient_boosting,ML_estimate_only
job_088_Cr_fe_-1.127_n4_generated_crystals_cif__gen_0,Cr,Li1 Cr2 O4,0c2022e4146bdc4a8758837145d89d04f78706a013205891f904d22214ddd568,SM_Cr_003,20,7.0,10,1.929691,10.298769,-8.078689575195312,-8.081428527832031,0.0946299004288215,0.6160075806403474,0.0175131363727287,1.927732057891545,0.025164280002352,10,-7.099028122894509,-7.102547664981054,0.0790139419414582,1.4329192813294611,0.0184277832375887,1.9185425221619423,0.0280463129542797,10,0.9788808628509775,0.0028820329519276995,0.0009146468648599977,0.6496636058569562,0.23443903708266114,0.42857142857142855,-2.295112491036506,0.02,0.5965299725239765,MACE-MP::composition_offset,0.672224848698596,0.5965299725239765,shallow_gradient_boosting,ML_estimate_only
job_088_Cr_fe_-1.127_n4_generated_crystals_cif__gen_1,Cr,Li1 Cr2 O4,4a5e6a22f7b06f93f5b15bdaadeaea6437e9b3aaa2f8191f43ba3a7fad4b33a1,SM_Cr_003,20,7.0,6,1.936864,10.490802,-8.081370217459542,-8.081708090645927,0.0791817962731202,0.9807579333501516,0.0019646545145386,1.93670807331938,0.003989686434381,10,-7.101909612194177,-7.102996372574472,0.0921089916358223,0.6289663453422768,0.0042171127534946,1.9297740208844856,0.0129735079982938,10,0.9787117180714553,0.008983821563912801,0.0022524582389560005,0.7304032498093862,0.18922856098298937,0.42857142857142855,-2.2955611986299242,0.02,0.5878197309421695,MACE-MP::composition_offset,0.5330273033832884,0.5878197309421695,shallow_gradient_boosting,ML_estimate_only
job_088_Cr_fe_-1.127_n4_generated_crystals_cif__gen_2,Cr,Li1 Cr2 O4,133681b91b2632c4652c8e78c215ae331288ea83058ee557287dc7f296a8395b,SM_Cr_006,14,7.0,8,1.960684,10.654061,-8.069681440080915,-8.071492876325335,0.0787067184350317,0.825175438817229,-0.0016335616966827,1.937626220471792,0.0188964420160873,12,-7.0932425502335406,-7.094764750174804,0.0622811094457865,0.7214354658054727,-0.0026282430600946,1.9608857094652796,0.0110255560008112,12,0.9767281261505314,0.0078708860152761,0.0009946813634119,0.8819052145002622,0.13065509743787349,0.42857142857142855,-2.287329576230256,0.02,0.7368033256701281,MACE-MP::composition_offset,0.24928436583207414,0.7368033256701281,shallow_gradient_boosting,ML_estimate_only
job_088_Cr_fe_-1.127_n4_generated_crystals_cif__gen_3,Cr,Li1 Cr2 O4,0131af485496d3becdc23a4bb6200cb0ef068715ac53af1d176966f9056c6022,SM_Cr_008,15,7.0,8,1.858254,9.848461,-8.026464189801898,-8.028807503836495,0.0996064230014262,0.8929733550588164,0.0027564376282644,1.8620608583423,0.0212140913613211,8,-7.073623628209519,-7.077576360799656,0.0800134658608442,1.156917049488322,-0.0065336573527374,1.872428225241156,0.0418972030369012,8,0.9512311430368392,0.0206831116755801,0.0092900949810018,0.7402244082234678,0.20516754961786018,0.42857142857142855,-2.270141186855108,0.02,0.9322736393371716,MACE-MP::composition_offset,0.9948152479528617,0.9322736393371716,shallow_gradient_boosting,ML_estimate_only
job_092_Cr_fe_-1.075_n4_generated_crystals_cif__gen_2,Cr,Li1 Cr2 O4,fe76e62cf2504cfabcb215e14e01e92bcb9ac70802db70f10e3df248f826b8c4,SM_Cr_008,15,7.0,1,1.851749,9.646517,-8.022139413016182,-8.029425484793526,0.098599743181909,1.005038312224683,0.0227925257928012,1.867034223816456,0.0446619729109419,8,-7.075865326376659,-7.078273306900416,0.0629064869795023,0.9236364923305072,0.0132243408796288,1.874149758492465,0.0198584644600672,8,0.9511521778931105,0.0248035084508747,0.009568184913172401,0.8424984103749494,0.15392937117511718,0.42857142857142855,-2.270838132955868,0.02,0.9275925932408317,MACE-MP::composition_offset,0.9997781513831532,0.9275925932408317,shallow_gradient_boosting,ML_estimate_only
job_092_Cr_fe_-1.075_n4_generated_crystals_cif__gen_3,Cr,Li1 Cr2 O4,49e21a0d98aee6ff8d6db6f3f3881cf59dfd7c6ee4441c0356ec913745936730,SM_Cr_015,1,7.0,8,1.779661,10.770079,-7.960015978131976,-7.962369646344866,0.0583317179935411,0.5261430292580469,-0.0027633158414168,1.7598577822450774,0.0137024323187458,156,-7.00400020561194,-7.0077734236399385,0.0973226261146083,0.7963880120763274,-0.0041097289610267,1.7659994067399665,0.0226365714555018,156,0.9545962227049278,0.008934139136756001,0.0013464131196099,0.20488879448970854,0.1829260499102486,0.42857142857142855,-2.200338249695391,0.02,0.9999996871118492,MACE-MP::composition_offset,0.9999984053924811,0.9999996871118492,shallow_gradient_boosting,ML_estimate_only
job_094_Cr_fe_-0.989_n4_generated_crystals_cif__gen_0,Cr,Li1 Cr2 O4,98eeacaabc6f82adf641465d6f0313cace2698374a58bf36126a7958c2d9cbda,SM_Cr_016,2,7.0,8,1.836475,10.769074,-7.953548976353237,-7.962862832205636,0.0701093586613671,1.237602044057834,-0.0054156139639234,1.756888386879014,0.0221634895038889,156,-7.002113886317096,-7.009808425245865,0.0422843896381531,0.1202792423717171,-0.0090298283875004,1.767815907600447,0.0319658429194775,156,0.9530544069597715,0.009802353415588601,0.003614214423577,0.4193213908800147,0.26839602773128013,0.42857142857142855,-2.2023732513013172,0.02,0.9999994731561743,MACE-MP::composition_offset,0.9993174572794741,0.9999994731561743,shallow_gradient_boosting,ML_estimate_only
job_094_Cr_fe_-0.989_n4_generated_crystals_cif__gen_1,Cr,Li1 Cr2 O4,ede4015309ad6ecd094f8ed39dd43e0bba4a94764ba11a0d9be2d0edac3c035f,SM_Cr_005,12,7.0,8,1.782934,10.07959,-8.03222165788923,-8.03368159702846,0.0734088858782545,1.2897007480727845,-0.0027474049860831,1.774530136478251,0.0158711073484452,8,-7.065376935081827,-7.075614504213703,0.0648047985126133,1.07901492611726,-0.0263120579748074,1.837850244527584,0.0707119035730254,8,0.9580670928147574,0.0548407962245802,0.023564652988724302,0.7720116616490583,0.18924854280791412,0.42857142857142855,-2.268179330269155,0.02,0.9441989800918744,MACE-MP::composition_offset,0.7197605990572515,0.9441989800918744,shallow_gradient_boosting,ML_estimate_only
job_094_Cr_fe_-0.989_n4_generated_crystals_cif__gen_2,Cr,Li1 Cr2 O4,876c7d9ee28d4696d4d462be9d7456a53329226b0084712ebb94335e4fccd27c,SM_Cr_004,12,7.0,1,1.94698,10.308404,-8.07992172241211,-8.083014351981026,0.0964277694193398,1.0837802039592055,0.0092195896456486,1.921505018052309,0.0277338623846055,12,-7.109094978669324,-7.110193400817934,0.0566813827320408,1.3825332940112312,0.0053120340006231,1.9435119014416955,0.0128008851865232,12,0.9728209511630919,0.014932977198082302,0.003907555645025501,0.8795473095553672,0.137355851675029,0.42857142857142855,-2.3027582268733866,0.02,0.4451552425637384,MACE-MP::composition_offset,0.955160645170184,0.4451552425637384,shallow_gradient_boosting,ML_estimate_only
job_098_Mg_fe_-1.184_n4_generated_crystals_cif__gen_1,Mg,Li1 Mg2 O4,f2f1fc8c1e40b6cfe508121983e4c3f0a5a7577762ac98d45ec857b39d5f76c2,SM_Mg_004,15,7.0,1,2.016368,10.980658,-5.452137538364956,-5.461327144077846,0.0475829961924737,1.4229458580712884,0.0083844955049334,2.0311115132806385,0.074798360760158,119,-5.062992242081004,-5.065299495916001,0.0075305294581851,1.1878661127984451,-0.0132883297462063,2.02273454932389,0.0027230654271126,119,0.3960276481618452,0.0720752953330454,0.0216728252511397,0.7943110874633722,0.15453922823466038,0.75,-1.5184992982758727,0.02,0.8225079207715326,MACE-MP::composition_offset,0.9972426671089276,0.8225079207715326,shallow_gradient_boosting,ML_estimate_only
job_101_Mg_fe_-1.339_n4_generated_crystals_cif__gen_2,Mg,Li1 Mg2 O4,4658a733b4105cb73b721c63cf2110725e436be0064c618574c5ac5ad668af4f,SM_Mg_009,1,7.0,1,1.577381,9.93596,-5.376566750662668,-5.497025081089565,0.0940486027036593,0.4655958847377754,0.0181307013555724,1.818026787164119,0.3026685317252867,1,-5.073804497280292,-5.318561803662841,0.074184663216958,1.2043005584275972,0.0333368609276523,1.4203973322629009,0.5804983916902908,1,0.17846327742672408,0.27782985996500414,0.015206159572079898,0.2810591896199564,0.2311953416816832,0.75,-1.7717616060227126,0.02,1.0,MACE-MP::composition_offset,1.5658809333551985e-11,1.0,shallow_gradient_boosting,ML_estimate_only
job_105_Mn_fe_-0.898_n4_generated_crystals_cif__gen_0,Mn,Li1 Mn2 O4,bd0811b415114b92ba36e669f78bd808bcdc24a5a9e7169b772deb41abb0f8c7,SM_Mn_003,16,7.0,1,1.922045,10.851218,-7.709394182477679,-7.711582728794643,0.0985570084268789,0.3714976379931423,0.0007281823049634,1.909600080515918,0.014424447790488,1,-6.84378221159964,-6.845873885797908,0.0909954828727032,0.8298301320842801,0.0008806727511829,1.9121331060100824,0.0136385752657017,1,0.8657088429967352,0.0007858725247862994,0.00015249044621950007,0.4310290865718325,0.2532106613657166,0.5,-1.849938792756312,0.02,1.0,MACE-MP::composition_offset,1.0,1.0,shallow_gradient_boosting,ML_estimate_only
job_105_Mn_fe_-0.898_n4_generated_crystals_cif__gen_1,Mn,Li1 Mn2 O4,392c0014697bea0a838f1abea2aa2c85a2085273a4f3734949b4a6feead76c1e,SM_Mn_005,9,7.0,8,1.918506,10.598329,-7.684462411063058,-7.696219308035714,0.0580567705635268,0.7836002989329841,0.0174632765031392,1.917497490692329,0.0477149160454691,8,-6.817359619601056,-6.826942336416829,0.0949135549567231,1.4050892420791308,0.0156355307959963,1.9154245399230037,0.059400425400217,8,0.8692769716188851,0.011685509354747901,0.001827745707142902,0.5209371797331577,0.2564947685929956,0.5,-1.8310072433752334,0.02,1.0,MACE-MP::composition_offset,1.0,1.0,shallow_gradient_boosting,ML_estimate_only
job_105_Mn_fe_-0.898_n4_generated_crystals_cif__gen_2,Mn,Li1 Mn2 O4,4a0f5bc664357e89bd0034a7f95c7b0541a1db2efc5183512bc3a98142da9e24,SM_Mn_004,35,7.0,1,1.922645,10.727326,-7.722048623221261,-7.7223407200404575,0.0975929760091024,1.0909113803985957,0.0008062157826556,1.9240007251556657,0.0029047579653012,2,-6.853185119338518,-6.853844070711827,0.050133856978567,1.4228938452632622,0.003074412256059,1.9182232093146376,0.0076948623286115,2,0.8684966493286304,0.0047901043633103,0.0022681964734034,0.719707215783111,0.2113120952647822,0.5,-1.857908977670231,0.02,1.0,MACE-MP::composition_offset,1.0,1.0,shallow_gradient_boosting,ML_estimate_only
job_105_Mn_fe_-0.898_n4_generated_crystals_cif__gen_3,Mn,Li1 Mn2 O4,7a7df65aad55f668fa3c5da529dbf520cd4513cdf50736ea9be430c14b8a90b0,SM_Mn_003,16,7.0,8,1.963226,10.837539,-7.696478162493024,-7.714198521205357,0.0868335500713527,0.2656698955905213,-0.0070802760648832,1.9264591217397653,0.085513538362048,8,-6.8376127433628335,-6.8473272403861145,0.0910549396740292,1.459883182788966,-0.0104494806969798,1.921023450778955,0.0742636848183498,8,0.8668712808192423,0.011249853543698202,0.0033692046320966005,0.4723947184680235,0.2640261537566055,0.5,-1.8513921473445185,0.02,1.0,MACE-MP::composition_offset,1.0,1.0,shallow_gradient_boosting,ML_estimate_only
job_106_Mn_fe_-1.140_n4_generated_crystals_cif__gen_1,Mn,Li1 Mn2 O4,7b92ff2fbc7784f79ec52ab218f3005478090df26b66401ccc51647fa7fa8d0c,SM_Mn_017,5,7.0,8,1.930403,10.839429,-7.6632080078125,-7.66937746320452,0.0778564888698492,1.10260635159201,0.0020211578108386,1.896284910534672,0.0348836427309278,12,-6.798692149517417,-6.800050731433563,0.0852663461861436,0.4434677314126443,-0.0008207915460937,1.9331501330352472,0.0120381249722268,166,0.8693267317709568,0.022845517758700997,0.0028419493569322996,0.41556756721594995,0.26443137958357804,0.5,-1.8041156383919672,0.02,1.0,MACE-MP::composition_offset,1.0,1.0,shallow_gradient_boosting,ML_estimate_only
job_106_Mn_fe_-1.140_n4_generated_crystals_cif__gen_2,Mn,Li1 Mn2 O4,53999a73a304da206eb1a446bfa46350afe0c42d11476975685aa8f2607415af,SM_Mn_005,9,7.0,8,1.921911,10.719689,-7.683157239641462,-7.685331072126116,0.079915523030658,1.4350181922940115,0.0042642603887157,1.939189463038198,0.0143929072998899,12,-6.8193099636632,-6.821457308154481,0.0843537151602298,1.4130265077599815,0.0018568564680676,1.9287493390406976,0.0223377793221642,12,0.8638737639716352,0.0079448720222743,0.0024074039206481,0.5611607888907697,0.25721082197549083,0.5,-1.8255222151128851,0.02,1.0,MACE-MP::composition_offset,1.0,1.0,shallow_gradient_boosting,ML_estimate_only
job_106_Mn_fe_-1.140_n4_generated_crystals_cif__gen_3,Mn,Li1 Mn2 O4,111fe1d31c60a7f1884c078fe7b64220e7a8b3f6ab27c141af85be1eb2ad1049,SM_Mn_007,7,7.0,1,1.880451,9.994793,-7.661817278180804,-7.666610717773437,0.0789128245913642,0.1663313163398326,0.0211920877955249,1.8768049692356648,0.0635204667172107,8,-6.7864919810751445,-6.789810383556376,0.0711458813840793,0.7180900901199251,0.0072157764975711,1.8840040396720004,0.0462679751318429,8,0.8768003342170605,0.017252491585367805,0.013976311297953802,0.5314660730944564,0.26348138398852206,0.5,-1.7938752905147801,0.02,1.0,MACE-MP::composition_offset,1.0,1.0,shallow_gradient_boosting,ML_estimate_only
job_112_Cr_fe_-1.215_n4_generated_crystals_cif__gen_0,Cr,Li1 Cr2 O4,a0dbe6d2aebe8109f183430e0864a994588954d2d91b2f24ac4335503b71bc5e,SM_Cr_003,20,7.0,6,1.948721,10.735095,-8.081505911690849,-8.081690652029854,0.0983887257237788,1.0967928122543649,-0.0007982088199467,1.9456693402426668,0.0021465701871575,10,-7.102063307074183,-7.103617294212112,0.0892032728028758,0.5353398956425344,-0.0044858774270287,1.9119697578521389,0.0246767826604109,10,0.9780733578177419,0.022530212473253403,0.003687668607082,0.6889576410787862,0.22209369854733468,0.42857142857142855,-2.2961821202675647,0.02,0.575695674238463,MACE-MP::composition_offset,0.2978174159545999,0.575695674238463,shallow_gradient_boosting,ML_estimate_only
job_112_Cr_fe_-1.215_n4_generated_crystals_cif__gen_1,Cr,Li1 Cr2 O4,855c83f7e02dff95d1b737cdaa27dfcc8181c36e6fb6a0ebc07cc6ca1d37c656,SM_Cr_002,15,7.0,8,1.938322,9.871198,-8.031457083565849,-8.032529558454241,0.0555224386090246,1.2305531593189831,0.0085371807519365,1.945814752277215,0.006898667665998,44,-7.077550528128163,-7.078549728607541,0.0910409600439134,1.3796350622436544,0.0025658809509263,1.943461832365208,0.0076300109766232,44,0.9539798298467002,0.0007313433106252007,0.005971299801010199,0.7416272311851361,0.19380246095189155,0.42857142857142855,-2.2711145546629936,0.02,0.925668798147607,MACE-MP::composition_offset,0.8239643673583736,0.925668798147607,shallow_gradient_boosting,ML_estimate_only
job_112_Cr_fe_-1.215_n4_generated_crystals_cif__gen_2,Cr,Li1 Cr2 O4,b34553f194991a5efa608728ce22e51fd70115a18c3280959198cc96d95b5d86,SM_Cr_004,12,7.0,2,1.976939,10.400366,-8.08087158203125,-8.083263397216797,0.0265029346533011,1.2574780636851883,0.0017868305199502,1.945564252714997,0.0205519626190985,12,-7.10827591887828,-7.1099019880803125,0.0288761384978521,1.3565239061597505,-0.0014200322336969,1.9669576025421445,0.012384003277646,12,0.9733614091364844,0.008167959341452502,0.0032068627536471,0.8924832894562995,0.12293180528770759,0.42857142857142855,-2.302466814135765,0.02,0.4509186537751606,MACE-MP::composition_offset,0.26224911051475885,0.4509186537751606,shallow_gradient_boosting,ML_estimate_only
job_112_Cr_fe_-1.215_n4_generated_crystals_cif__gen_3,Cr,Li1 Cr2 O4,969c5b98bf7263afb9e946c941877e385e9b46b0b92a1e00260ad5b90a9ca4f3,SM_Cr_003,20,7.0,6,1.92674,10.50528,-8.080572945731026,-8.081842694963727,0.0495442204590723,1.389613019101621,0.0037361379495497,1.93763896583028,0.0089558119388627,10,-7.1013338630829805,-7.103003653497216,0.0932580503682879,1.0493864891826457,0.0063777542097773,1.936691988219016,0.0120757591534999,10,0.9788390414665118,0.0031199472146372,0.0026416162602275997,0.7233833333291948,0.210059651385957,0.42857142857142855,-2.295568479552668,0.02,0.5876780250459637,MACE-MP::composition_offset,0.824386613631691,0.5876780250459637,shallow_gradient_boosting,ML_estimate_only
job_113_Mn_fe_-1.432_n4_generated_crystals_cif__gen_0,Mn,Li1 Mn2 O4,ea30bb912485a27764a31395006cebcc50db0179cdcf6aaeefc55d2755966f6f,SM_Mn_018,2,7.0,1,1.87982,11.404077,-7.666889190673828,-7.671728406633649,0.0921523248446721,0.8253764305137411,0.0041056449701861,1.9048025956449048,0.0233167407707941,8,-6.787688528697087,-6.794172436449655,0.0982935565706198,0.962667507289815,0.0017279924757458,1.9000833173280332,0.0352653353843851,8,0.8775559701839946,0.011948594613591,0.0023776524944403004,0.188853987789863,0.1692264131110523,0.5,-1.7982373434080587,0.02,1.0,MACE-MP::composition_offset,1.0,1.0,shallow_gradient_boosting,ML_estimate_only
job_113_Mn_fe_-1.432_n4_generated_crystals_cif__gen_1,Mn,Li1 Mn2 O4,e99ee167cc42a6cf12cfcded340e4a2d82e46283ea10f472fe8c433c8ea06a5d,SM_Mn_010,10,7.0,1,1.847945,10.13539,-7.661114828927176,-7.663352421351841,0.0877358092692604,0.6903662642583391,0.00278617734374,1.8669217068439063,0.017215037944239,8,-6.796742628029601,-6.799540057634523,0.0905758718485226,0.2245473661821656,0.0028614560065816,1.8754004740902872,0.0239605344615509,8,0.8638123637173178,0.006745496517311902,7.527866284159999e-05,0.5520796038950373,0.24919902513872572,0.5,-1.8036049645929273,0.02,1.0,MACE-MP::composition_offset,1.0,1.0,shallow_gradient_boosting,ML_estimate_only
job_113_Mn_fe_-1.432_n4_generated_crystals_cif__gen_2,Mn,Li1 Mn2 O4,750c3afc6f05a98fbf7e33cd88215af45e5cebc92fbd3e3fc0513c25e87274b4,SM_Mn_013,8,7.0,8,1.901667,10.133782,-7.677451542445591,-7.678578513009207,0.0490822915273577,1.229750162426051,0.0025428867075483,1.9201940338375092,0.0121092352310942,119,-6.811327408493893,-6.811708565009342,0.0743502094706378,0.8735308230394021,0.0006660156455124,1.91111478857415,0.0049029306992434,119,0.8668699479998647,0.0072063045318508006,0.0018768710620359003,0.5330706208759346,0.2556999385929787,0.5,-1.8157734719677459,0.02,1.0,MACE-MP::composition_offset,1.0,1.0,shallow_gradient_boosting,ML_estimate_only
job_118_Mn_fe_-1.458_n4_generated_crystals_cif__gen_0,Mn,Li1 Mn2 O4,88678a399e63387a24c48e490f712b81b0e0ce084661066dc15ad9ab278daeb4,SM_Mn_003,16,7.0,1,1.92068,10.928663,-7.711533682686942,-7.7127805437360495,0.0857300195130669,0.2697286185043591,5.907057566156837e-05,1.9049860798213707,0.0108971168455303,1,-6.845342401242769,-6.846414603611012,0.0999888378209935,0.582834120437536,-4.995931490880956e-05,1.9051768082069835,0.0106228438069117,1,0.8663659401250374,0.00027427303861859986,0.00010902989057037793,0.42070153363401885,0.250176284513644,0.5,-1.850479510569416,0.02,1.0,MACE-MP::composition_offset,1.0,1.0,shallow_gradient_boosting,ML_estimate_only
job_118_Mn_fe_-1.458_n4_generated_crystals_cif__gen_1,Mn,Li1 Mn2 O4,f7b913dbeab4912e39d09203a7e7de6222799823fb80c38a74bf816323312ffb,SM_Mn_012,5,7.0,1,1.809925,11.690255,-7.637761797223773,-7.648836408342634,0.080951348650427,1.164608261179204,0.0013707230847044,1.854233493705833,0.0751207077019364,1,-6.7741569061154125,-6.798959322185133,0.1057705317713218,0.5526173099634353,-0.0414806291894732,1.87915882034514,0.1696244622532827,1,0.8498770861575009,0.0945037545513463,0.0428513522741776,0.38000651218669435,0.25393773624757077,0.5,-1.8030242291435368,0.02,1.0,MACE-MP::composition_offset,1.0,1.0,shallow_gradient_boosting,ML_estimate_only
job_118_Mn_fe_-1.458_n4_generated_crystals_cif__gen_2,Mn,Li1 Mn2 O4,e63070b52f592d8ba5abcc2c19ab3683f21bb3e13a489e44d98e6dcdc11e0f77,SM_Mn_004,35,7.0,6,1.935083,10.874685,-7.723153795514788,-7.723363603864398,0.0786913759093584,0.622915756270207,-0.0003891423046779,1.9335693760092425,0.0026173883306196,10,-6.85490537953813,-6.855333760098247,0.0519831401006339,0.8979706800970422,-0.0001357824692365,1.9300586616973563,0.0057853710916764,10,0.8680298437661502,0.0031679827610568002,0.0002533598354414,0.6802568148397495,0.23164928612534666,0.5,-1.8593986670566514,0.02,1.0,MACE-MP::composition_offset,1.0,1.0,shallow_gradient_boosting,ML_estimate_only
job_118_Mn_fe_-1.458_n4_generated_crystals_cif__gen_3,Mn,Li1 Mn2 O4,753f18074d67d2446ef26b3118d40ad538f396852b7c6f024d72d52aba59183e,SM_Mn_017,5,7.0,160,1.942045,10.728963,-7.660763331821987,-7.6691164289202,0.0923018499780097,1.2869171548297011,0.0016443353724566,1.904233649908135,0.0729409320851639,12,-6.796444596789803,-6.799733681260106,0.0808062838222671,0.7459753930834806,-0.0054774504213136,1.9378153996341696,0.0345711744854548,166,0.8693827476600937,0.038369757599709106,0.007121785793770201,0.47921931079189733,0.26857390139768733,0.5,-1.80379858821851,0.02,1.0,MACE-MP::composition_offset,1.0,1.0,shallow_gradient_boosting,ML_estimate_only
job_120_Cr_fe_-1.424_n4_generated_crystals_cif__gen_2,Cr,Li1 Cr2 O4,8d031e8d55c42135d4c40d804d01a3228402fdd7a229be511392614bd3af1b5b,SM_Cr_011,4,7.0,6,1.923049,10.940287,-8.057309831891741,-8.059801919119698,0.0778203123226847,1.4482969243387842,-0.0013726839457096,1.8862020099156425,0.0192092516127351,10,-7.077480627953404,-7.084552777124537,0.0717513420597037,0.8087186433697419,0.0048538234591162,1.840113805895338,0.0422030738479056,10,0.9752491419951612,0.0229938222351705,0.0062265074048258005,0.4993363030761964,0.2706160265955871,0.42857142857142855,-2.277117603179989,0.02,0.8737130298362497,MACE-MP::composition_offset,0.1017114181836023,0.8737130298362497,shallow_gradient_boosting,ML_estimate_only
job_120_Cr_fe_-1.424_n4_generated_crystals_cif__gen_3,Cr,Li1 Cr2 O4,ff8aa225590de5f7e3fad1257347509ff4a705228ae08686a15d7f24a9921325,SM_Cr_010,6,7.0,1,1.816432,11.316428,-8.017496381487165,-8.019965035574776,0.086162376382337,1.3210794762350857,-0.0022766616397646,1.7951143340398403,0.0179498329548824,8,-7.045157232267079,-7.047430102644725,0.048079968843852,1.3468777215773748,-0.0018671078867642,1.8140062431361208,0.0166696557696122,8,0.972534932930051,0.0012801771852702024,0.0004095537530003999,0.5818510403625293,0.26434226258544435,0.42857142857142855,-2.2399949287001775,0.02,0.9986512253026495,MACE-MP::composition_offset,0.9657220161092044,0.9986512253026495,shallow_gradient_boosting,ML_estimate_only
job_125_Mn_fe_-1.190_n4_generated_crystals_cif__gen_1,Mn,Li1 Mn2 O4,4a400bd732e5c44a598a110c4e9e8b3986f85c0910986a70e74d56dc264a213d,SM_Mn_004,35,7.0,6,1.916465,10.644723,-7.72142083304269,-7.723510197230747,0.0722124205321103,0.5346232151111278,0.0172991942628402,1.924738384648027,0.0190477789413932,10,-6.852516331183138,-6.8553081891205085,0.098606397338575,0.4361959313908259,0.0209002321546896,1.9264542025049585,0.0203684048654129,10,0.8682020081102388,0.0013206259240197,0.003601037891849398,0.5268711566998134,0.2576394385206333,0.5,-1.8593730960789125,0.02,1.0,MACE-MP::composition_offset,1.0,1.0,shallow_gradient_boosting,ML_estimate_only
job_125_Mn_fe_-1.190_n4_generated_crystals_cif__gen_2,Mn,Li1 Mn2 O4,1d7a4bb976d2ccb3aeb728b002eaf41ee25b696bcc72144724bbc2ac20c07e56,SM_Mn_019,1,7.0,65,1.87599,9.769175,-7.532802581787109,-7.533284868512835,0.0831962974049306,1.227384966151802,-0.000196900356578,1.8823172940854964,0.0045525628537713,65,-6.643541240539354,-6.644766599149335,0.0657107194230734,1.3670016333187471,-0.0050447645144666,1.880279971484716,0.0117550550988184,65,0.8885182693634999,0.0072024922450471,0.0048478641578886,0.2984949834246224,0.23645279084161225,0.5,-1.6488315061077392,0.02,0.9999999999999503,MACE-MP::composition_offset,0.9999999996663138,0.9999999999999503,shallow_gradient_boosting,ML_estimate_only
job_125_Mn_fe_-1.190_n4_generated_crystals_cif__gen_3,Mn,Li1 Mn2 O4,f22fd45752cb67e2d1f5a44d0fdfeba4e1272302945053df4012ad86e3dd3137,SM_Mn_004,35,7.0,10,1.933687,10.890595,-7.723566327776227,-7.723701477050781,0.0801860642852941,0.1662491552018281,-0.0001583756521094,1.933137021865656,0.0021409606105083,10,-6.854958878348002,-6.855403974688485,0.0627402687547937,0.8949988798457663,0.0004881804318077,1.929656875418309,0.0057501973011313,10,0.8682975023622959,0.003609236690623,0.0006465560839171,0.6157487389116806,0.26081411043708946,0.5,-1.8594688816468894,0.02,1.0,MACE-MP::composition_offset,1.0,1.0,shallow_gradient_boosting,ML_estimate_only
job_126_Cr_fe_-0.901_n4_generated_crystals_cif__gen_0,Cr,Li1 Cr2 O4,6cd767d5118edb9cc80b5183cc6bc7c90348563fbaf2b6459f576554fe6abee4,SM_Cr_006,14,7.0,8,1.955185,10.689442,-8.069964272635323,-8.071274893624443,0.0957112150464004,0.8466802074150941,-0.00206230740862,1.955102657685145,0.0100719867932595,12,-7.092429931195349,-7.094563159920575,0.0579647832989944,1.0495261136550833,-0.0036421826444129,1.9561872395068576,0.0126307566688374,12,0.9767117337038673,0.0025587698755779008,0.0015798752357929,0.8571772868194352,0.16722339372936357,0.42857142857142855,-2.287127985976028,0.02,0.740082802278173,MACE-MP::composition_offset,0.02571227970264567,0.740082802278173,shallow_gradient_boosting,ML_estimate_only
job_126_Cr_fe_-0.901_n4_generated_crystals_cif__gen_2,Cr,Li1 Cr2 O4,6f378027132fdd59004ede8a3cd6979cc25513fbff280d224754423b9d66a904,SM_Cr_002,15,7.0,8,1.938011,10.104172,-8.030179159981865,-8.03122329711914,0.0519649791447137,1.399937158286233,-0.0020245770226207,1.9426921952674143,0.0097006061344288,44,-7.075278193533306,-7.077329364748953,0.0895748428818151,1.5408778543797617,-0.006497214035386,1.945547342223353,0.0164400196255556,44,0.953893932370188,0.0067394134911268,0.0044726370127653,0.7615621156605943,0.18408619754841712,0.42857142857142855,-2.269894190804405,0.02,0.933875291564424,MACE-MP::composition_offset,0.04279287770834206,0.933875291564424,shallow_gradient_boosting,ML_estimate_only
job_126_Cr_fe_-0.901_n4_generated_crystals_cif__gen_3,Cr,Li1 Cr2 O4,db6c06f0db4f24b0b42c4ae46e3935dcbbd30b081dbe5f4667aa555d17f9cd66,SM_Cr_010,6,7.0,8,1.816889,11.345218,-8.016700744628906,-8.019537789481026,0.0949781766770541,1.3261296350832312,-0.0039301782598254,1.8017073055109416,0.0180494924568024,8,-7.042767025481526,-7.047474745852279,0.0802394517699847,1.1434211068305902,-0.0053009073236882,1.812075567145,0.0213907557306462,8,0.9720630436287472,0.0033412632738438024,0.0013707290638627998,0.3831580174063403,0.2498653450643801,0.42857142857142855,-2.2400395719077313,0.02,0.9986413070627614,MACE-MP::composition_offset,0.9828962687550987,0.9986413070627614,shallow_gradient_boosting,ML_estimate_only
job_127_Mn_fe_-1.465_n4_generated_crystals_cif__gen_0,Mn,Li1 Mn2 O4,4c925a90f3a65bc9fcb16b857d0a9ac355edf52b119673bb0c05612fe8de5bf4,SM_Mn_005,9,7.0,8,1.942565,10.691376,-7.677428109305246,-7.683938162667411,0.098378299953778,0.8275793562089574,0.0124570622879536,1.928982083108124,0.0434065547335901,12,-6.814401339697909,-6.8175985961766,0.0926545308527413,1.0617039868979077,0.0100020116121903,1.9279027529916688,0.0317468355317065,12,0.8663395664908107,0.011659719201883599,0.0024550506757632998,0.581711118483184,0.256190734153536,0.5,-1.821663503135004,0.02,1.0,MACE-MP::composition_offset,1.0,1.0,shallow_gradient_boosting,ML_estimate_only
job_127_Mn_fe_-1.465_n4_generated_crystals_cif__gen_1,Mn,Li1 Mn2 O4,4fa25e54485fcce56ac0b8d897142853f2cbbf350d84510ab795587727518826,SM_Mn_014,2,7.0,1,1.86241,11.101544,-7.664126804896763,-7.67180415562221,0.0612874852959747,1.1027398238062118,0.01291534746116,1.9069107759507544,0.0321081760615279,8,-6.7864831546658975,-6.79314013769029,0.0923587577975872,1.247130019907217,0.0073852433810526,1.8987328340289755,0.0267816080365572,8,0.8786640179319205,0.005326568024970703,0.0055301040801074,0.20786174501077048,0.17671435851109138,0.5,-1.7972050446486936,0.02,1.0,MACE-MP::composition_offset,1.0,1.0,shallow_gradient_boosting,ML_estimate_only
job_127_Mn_fe_-1.465_n4_generated_crystals_cif__gen_2,Mn,Li1 Mn2 O4,b6daf99e0c2fd7f106aba0a5d13f6712792ad1967f734de89f744677f7915f19,SM_Mn_004,35,7.0,6,1.926541,10.779037,-7.72343499319894,-7.723597935267857,0.0683372936031437,1.1755780507504587,0.0007801835064371,1.9292925255693567,0.002063228844566,10,-6.854527957229186,-6.855236204531403,0.0578990868567864,1.1924441743576517,0.0055689021627132,1.9280479534239328,0.0074579979045075,10,0.8683617307364537,0.0053947690599415,0.0047887186562761,0.7340427649138342,0.19914847129211274,0.5,-1.859301111489807,0.02,1.0,MACE-MP::composition_offset,1.0,1.0,shallow_gradient_boosting,ML_estimate_only
job_127_Mn_fe_-1.465_n4_generated_crystals_cif__gen_3,Mn,Li1 Mn2 O4,529a0700b55c56862238e1d47a3f333d9183735967c768fe808f6ce08d13abd7,SM_Mn_005,9,7.0,8,1.929953,10.510256,-7.677460261753628,-7.696291242327009,0.0794776592629896,1.1930802196726826,0.0237206386549784,1.9222006549388415,0.0895824835441769,8,-6.813093910541618,-6.827874186178467,0.0911702699208417,1.2735294150124843,0.0278759867640385,1.9189200079176585,0.0980827038358851,8,0.8684170561485418,0.008500220291708202,0.004155348109060101,0.5465727758686026,0.2570530491843429,0.5,-1.8319390931368709,0.02,1.0,MACE-MP::composition_offset,1.0,1.0,shallow_gradient_boosting,ML_estimate_only
job_128_Mg_fe_-0.915_n4_generated_crystals_cif__gen_2,Mg,Li1 Mg2 O4,b83e55a55a5f965a14fc23f617b991c2185fe03f187919b7daf25f72ff91f928,SM_Mg_004,15,7.0,44,2.036771,11.002074,-5.454097747802734,-5.461244855608259,0.0550956839076923,1.2372818301152095,0.0098740991921284,2.0283646415733885,0.0503811377129309,119,-5.064074311173761,-5.06545628405178,0.0330965449381214,1.4436750838865984,-0.0050615137998171,2.029355732342607,0.0085308526500773,119,0.39578857155647906,0.0418502850628536,0.0149356129919455,0.7944770453543925,0.1599410301526151,0.75,-1.5186560864116512,0.02,0.8245394949833533,MACE-MP::composition_offset,0.6891709809728419,0.8245394949833533,shallow_gradient_boosting,ML_estimate_only
job_129_Mn_fe_-0.852_n4_generated_crystals_cif__gen_0,Mn,Li1 Mn2 O4,7277df5d052f46a2c3fe3d18cb95486df369b23388e9c12bbc49535adbbf0f61,SM_Mn_011,2,7.0,1,1.913687,10.931846,-7.682079315185547,-7.683629717145648,0.0862667004285663,0.542517660129273,5.899185076896352e-05,1.9276177170109297,0.0150374033390374,12,-6.815817702001334,-6.817311238030739,0.0969012019259113,0.5050969946492901,-0.0062028776454345,1.9164835944759104,0.018304798081215,12,0.8663184791149083,0.0032673947421776005,0.0062618694962034635,0.20205560692052393,0.163685945602058,0.5,-1.8213761449891432,0.02,1.0,MACE-MP::composition_offset,1.0,1.0,shallow_gradient_boosting,ML_estimate_only
job_129_Mn_fe_-0.852_n4_generated_crystals_cif__gen_1,Mn,Li1 Mn2 O4,371a447880691b44da3791e070e077db3c8883a94586269ac9fbb58678119b39,SM_Mn_005,9,7.0,8,1.950258,10.597748,-7.676352909633091,-7.684225354875837,0.0300881943341106,1.443095760593185,0.025487521832644,1.9311301400317489,0.0380081660182991,12,-6.8119314009108,-6.8173929009574215,0.0851618369669299,1.456546896112722,0.0218652322754184,1.929016592454739,0.0276302239885873,12,0.8668324539184153,0.0103779420297118,0.0036222895572255998,0.5721158495827341,0.2548592088057362,0.5,-1.8214578079158255,0.02,1.0,MACE-MP::composition_offset,1.0,1.0,shallow_gradient_boosting,ML_estimate_only
job_129_Mn_fe_-0.852_n4_generated_crystals_cif__gen_3,Mn,Li1 Mn2 O4,1e49d2b2d9ed2251a8057b49ae2830c5fd59f8532c2e4a4982723e29f026f77c,SM_Mn_006,3,7.0,6,1.862347,9.424676,-7.649791717529297,-7.653901781354632,0.0725599611108532,1.056258367683649,0.0240824239028827,1.8917283368464344,0.0141190746918504,10,-6.781330794423947,-6.785134328037145,0.0556577777984602,1.3186091798357005,0.021989074362225,1.901586727119371,0.0203153961390651,10,0.8687674533174867,0.006196321447214699,0.0020933495406577005,0.5697747876322911,0.27796218471858264,0.5,-1.7891992349955492,0.02,1.0,MACE-MP::composition_offset,1.0,1.0,shallow_gradient_boosting,ML_estimate_only
job_130_Cr_fe_-1.335_n4_generated_crystals_cif__gen_0,Cr,Li1 Cr2 O4,5d0aeda54709167d2296bcd9583a84339a68601f64a3b55de9db1c0fe4e1d893,SM_Cr_006,14,7.0,8,1.946066,10.688431,-8.068944113595146,-8.070798601422991,0.0857400839187045,1.1710547676858205,0.0005450483346727,1.9421092465835,0.0192643486112039,12,-7.092901746844248,-7.094912314711659,0.0877881617376534,0.5452162035226791,-0.0017137627349289,1.9508769074934773,0.0131503011389159,12,0.975886286711332,0.006114047472288001,0.0022588110696016,0.7580861799626458,0.18543168468046728,0.42857142857142855,-2.2874771407671117,0.02,0.7343894123340685,MACE-MP::composition_offset,0.3947126746689039,0.7343894123340685,shallow_gradient_boosting,ML_estimate_only
job_130_Cr_fe_-1.335_n4_generated_crystals_cif__gen_1,Cr,Li1 Cr2 O4,f397e193ad5733b4cab3e0958f978d5043124420884aa7b27a0da73b4696f6a9,SM_Cr_004,12,7.0,8,1.969099,10.440976,-8.08316149030413,-8.083570207868304,0.0596849126003461,1.1110318130911965,0.0004205620245198,1.9647632605615823,0.00571611484218,12,-7.110849929998138,-7.111073639915273,0.0776396228873336,0.6991457806689639,-0.0003263237119045,1.9666968974520167,0.0027037129544662,12,0.9724965679530309,0.0030124018877137997,0.0007468857364243,0.7283853047305116,0.2050923410032941,0.42857142857142855,-2.3036384659707254,0.02,0.4278214600027952,MACE-MP::composition_offset,0.9101585566893503,0.4278214600027952,shallow_gradient_boosting,ML_estimate_only
job_130_Cr_fe_-1.335_n4_generated_crystals_cif__gen_2,Cr,Li1 Cr2 O4,490376cf11c3f1559b53c15522f17d130fad0ab77912ca8139705e4c6b3eb56c,SM_Cr_003,20,7.0,6,1.937191,10.492176,-8.080886840820312,-8.081580025809151,0.0941904541383872,0.7543588421626586,0.0021643846225893,1.9452553376052517,0.0065599388903952,10,-7.101451762155266,-7.103129522102388,0.0818341517618859,0.6689020252572485,0.0068906612077828,1.9206486557014089,0.0246352196476552,10,0.978450503706763,0.01807528075726,0.004726276585193499,0.7414494318785064,0.1819809046946985,0.42857142857142855,-2.2956943481578405,0.02,0.5852264995375153,MACE-MP::composition_offset,0.592388586671625,0.5852264995375153,shallow_gradient_boosting,ML_estimate_only
job_130_Cr_fe_-1.335_n4_generated_crystals_cif__gen_3,Cr,Li1 Cr2 O4,646b48c7f7dc7e7c23e11686da55744f274d29f30fd115f24dca4bf92b289506,SM_Cr_002,15,7.0,8,1.95649,10.081284,-8.032117571149554,-8.032117571149554,0.0821482735189137,1.1772589501277482,0.0,1.956489659305402,0.0,44,-7.077055460118344,-7.078489765414164,0.0977411864389454,1.2997911855143127,-0.003997932374857,1.9611974223162432,0.0121914148837952,44,0.9536278057353895,0.0121914148837952,0.003997932374857,0.7490557704874629,0.194318478896093,0.42857142857142855,-2.2710545914696167,0.02,0.9260894007360383,MACE-MP::composition_offset,0.018202374412032096,0.9260894007360383,shallow_gradient_boosting,ML_estimate_only
job_133_Mn_fe_-1.385_n4_generated_crystals_cif__gen_0,Mn,Li1 Mn2 O4,e13cfe9a93d46b2f7375de397a007fc38eab6c9a514bc664a86cf296274f5be7,SM_Mn_008,9,7.0,1,1.885861,11.337895,-7.711776188441685,-7.713800157819476,0.0848942116128059,1.2195759836386135,0.0035348590637458,1.878190331766266,0.0123202739079735,1,-6.841408310739939,-6.843722156178223,0.0978043753072888,0.8796083865965678,0.0065111409037532,1.8881421166621457,0.0151930264836328,1,0.8700780016412528,0.0028727525756593007,0.0029762818400074003,0.4239172698011399,0.2459977352479316,0.5,-1.8477870631366269,0.02,1.0,MACE-MP::composition_offset,1.0,1.0,shallow_gradient_boosting,ML_estimate_only
job_133_Mn_fe_-1.385_n4_generated_crystals_cif__gen_2,Mn,Li1 Mn2 O4,0d7addc31ccbd88e228bbf222a07bdd30dfcf7a2eb27eb0af566c15c6311d0af,SM_Mn_020,1,7.0,1,1.7961,10.862366,-7.609705243791852,-7.617518288748605,0.0320934691022394,1.3330228892805362,0.0011992406981915,1.7728928594468056,0.0369041703517907,8,-6.719966053852121,-6.7232598366003335,0.0810642715872704,1.1493225656990973,0.0031348125693544,1.796742388768488,0.0260652678150965,8,0.8942584521482715,0.0108389025366942,0.0019355718711629,0.188207765156469,0.16637797616684075,0.5,-1.7273247435587376,0.02,1.0,MACE-MP::composition_offset,1.0,1.0,shallow_gradient_boosting,ML_estimate_only
job_133_Mn_fe_-1.385_n4_generated_crystals_cif__gen_3,Mn,Li1 Mn2 O4,6b42724f63d3e8d0c05d0478ff87525f5b5c214457ab2bba47df0a977c67cc2f,SM_Mn_012,5,7.0,1,1.826371,11.599552,-7.640963963099888,-7.658876146589007,0.0879620515808774,0.8022851405994952,-0.0240402242295897,1.888455006139637,0.0967842170687376,8,-6.781884699394228,-6.798088515180745,0.0825249125490249,1.2900453604979938,-0.0317136767836212,1.873036767990161,0.0909489885204074,8,0.8607876314082619,0.0058352285483301986,0.0076734525540314985,0.36381109165664405,0.25336766631389185,0.5,-1.802153422139149,0.02,1.0,MACE-MP::composition_offset,1.0,1.0,shallow_gradient_boosting,ML_estimate_only
job_134_Mn_fe_-0.810_n4_generated_crystals_cif__gen_0,Mn,Li1 Mn2 O4,4a916592f9091c5bc2a603d33a24a952edbc3e8758fdd9ce49986d372bee9f1c,SM_Mn_013,8,7.0,8,1.923803,10.228108,-7.67902592250279,-7.67902592250279,0.0617904664795566,0.1029043726400812,0.0,1.9238028836544816,0.0,119,-6.81201100264905,-6.81201100264905,0.0274492508491246,0.8222253881412857,0.0,1.9238028836544816,0.0,119,0.86701491985374,0.0,0.0,0.6999537817132486,0.23584335684112254,0.5,-1.816075909607454,0.02,1.0,MACE-MP::composition_offset,1.0,1.0,shallow_gradient_boosting,ML_estimate_only
job_134_Mn_fe_-0.810_n4_generated_crystals_cif__gen_1,Mn,Li1 Mn2 O4,9d5fc4541378657d87f02161f9bf744ae6f29c10f2dfa9c2f350adb3da340405,SM_Mn_003,16,7.0,1,1.918612,11.109234,-7.717815944126674,-7.718198503766741,0.0651806125719588,0.6089466841482903,0.0007930375398335,1.9202532149631717,0.0048940587987077,8,-6.851855031909251,-6.852048780944549,0.0977857358358823,0.9921729153901022,0.0005485186599665,1.9192409149475675,0.0021840485767972,8,0.8661497228221924,0.0027100102219105005,0.000244518879867,0.4037449641240229,0.2442458635224147,0.5,-1.856113687902953,0.02,1.0,MACE-MP::composition_offset,1.0,1.0,shallow_gradient_boosting,ML_estimate_only
job_134_Mn_fe_-0.810_n4_generated_crystals_cif__gen_2,Mn,Li1 Mn2 O4,c88a5ea8b98405cd84a8ca53ac5d59774ba3310b7541f2cfdce28001597cee02,SM_Mn_003,16,7.0,1,1.907615,10.746346,-7.708695002964565,-7.712721143450055,0.0880688683860263,0.3866493828593462,0.012205587260222,1.9048639750892435,0.0388965512546571,1,-6.8432590681999415,-6.846450955742774,0.086780958354851,0.9497703485226572,0.0066733809160159,1.913840860575864,0.0178498126846647,1,0.8662701877072809,0.021046738569992403,0.005532206344206101,0.49570397816041056,0.2575905499220548,0.5,-1.8505158627011777,0.02,1.0,MACE-MP::composition_offset,1.0,1.0,shallow_gradient_boosting,ML_estimate_only
job_134_Mn_fe_-0.810_n4_generated_crystals_cif__gen_3,Mn,Li1 Mn2 O4,bbd97d6d365abc16e2b98935e0424571841a86aeff6a081cadc27f397bcb6436,SM_Mn_004,35,7.0,2,1.917286,10.529095,-7.720183781215122,-7.721372876848493,0.0837922702519037,1.050648729721864,0.0057713660576845,1.923876792472271,0.0093005617819189,2,-6.850606699669032,-6.853012366461995,0.0975440160097904,0.8194396165534402,0.0158999011999225,1.9219177336171367,0.013711121516358,2,0.8683605103864984,0.0044105597344390995,0.010128535142238,0.5785807878928322,0.2502338601968138,0.5,-1.8570772734203986,0.02,1.0,MACE-MP::composition_offset,1.0,1.0,shallow_gradient_boosting,ML_estimate_only
job_136_Cr_fe_-1.181_n4_generated_crystals_cif__gen_1,Cr,Li1 Cr2 O4,482dc6960d3373f344ef0bbe4c7da05c384cdb8a076376d7097c7151e8e38206,SM_Cr_004,12,7.0,12,1.979772,10.549926,-8.081532614571708,-8.08355712890625,0.0984631324739389,1.1209456874877164,-0.0035864430612648,1.964853871630436,0.0178745066051414,12,-7.109034961528297,-7.111040909742862,0.0906447377299817,1.4129221232985276,-0.0052806293794488,1.9645476109433435,0.0159062344783659,12,0.9725162191633876,0.0019682721267755,0.0016941863181839999,0.7304783853190309,0.20706506804275934,0.42857142857142855,-2.303605735798315,0.02,0.4284637129352783,MACE-MP::composition_offset,0.25952603537290697,0.4284637129352783,shallow_gradient_boosting,ML_estimate_only
job_136_Cr_fe_-1.181_n4_generated_crystals_cif__gen_2,Cr,Li1 Cr2 O4,0b139d6a489b48608268151dd6b8f04cf0303f01144f76241cd0aba276ca628c,SM_Cr_002,15,7.0,44,1.94655,9.966997,-8.032575334821429,-8.033152444022042,0.0668316503053292,1.5150485497296344,0.0029676957362265,1.951085461565408,0.0069960219102658,44,-7.077870928594969,-7.078538415116792,0.0828284239540006,1.1312198094396908,0.0003046510549644,1.9521452711528096,0.0068473673976377,44,0.95461402890525,0.00014865451262810036,0.0026630446812621,0.7276219693157487,0.20314498806111284,0.42857142857142855,-2.271103241172244,0.02,0.9257482944609514,MACE-MP::composition_offset,0.32175438306110404,0.9257482944609514,shallow_gradient_boosting,ML_estimate_only
job_142_Mn_fe_-1.095_n4_generated_crystals_cif__gen_0,Mn,Li1 Mn2 O4,520378643c0bb669d83f501c33c3ba279d160eefb80ab1cd18275a2ee92c239e,SM_Mn_004,35,7.0,1,1.898909,10.529462,-7.717815944126674,-7.721372331891741,0.0879654367359344,1.2083170913116112,0.0096283890552026,1.925830457534192,0.0158170630941627,2,-6.84879971164748,-6.853327023396355,0.0466080414546612,1.1544595859500637,0.0189306265324495,1.918860684596784,0.008678454562837,2,0.8680453084953861,0.007138608531325702,0.0093022374772469,0.7739351617809489,0.17689249527840192,0.5,-1.8573919303547592,0.02,1.0,MACE-MP::composition_offset,1.0,1.0,shallow_gradient_boosting,ML_estimate_only
job_142_Mn_fe_-1.095_n4_generated_crystals_cif__gen_1,Mn,Li1 Mn2 O4,da0b8c23d57d65969b36a81079ba0b4f18492cb25c1aa53c99f94c538329bcdc,SM_Mn_008,9,7.0,1,1.92574,11.763384,-7.712933676583426,-7.714449201311384,0.0788657150598644,0.7983616991235566,-0.0047961951052707,1.923027409963173,0.012655463468235,1,-6.842209296086758,-6.844219586226443,0.0837573694647565,0.7807837290243693,-0.0052040243316642,1.9152465875406264,0.0144606812530249,1,0.8702296150849405,0.0018052177847898993,0.0004078292263935005,0.4318533813279479,0.24856203898434262,0.5,-1.8482844931848472,0.02,1.0,MACE-MP::composition_offset,1.0,1.0,shallow_gradient_boosting,ML_estimate_only
job_142_Mn_fe_-1.095_n4_generated_crystals_cif__gen_3,Mn,Li1 Mn2 O4,cdf9b6c1796fbdf409b9ed4e85e43c673d0a9dfecf5e58e09cdce4abced8ee42,SM_Mn_007,7,7.0,1,1.886524,10.089218,-7.671554565429687,-7.674974169049944,0.0820731430622236,0.7992968999089238,0.0110694740197727,1.8953273283434475,0.0410079357617843,1,-6.794307093995667,-6.798085462600931,0.0947148921402379,0.4831270009660918,0.0111700304640069,1.8863131353091669,0.0483094732983088,1,0.8768887064490123,0.007301537536524502,0.00010055644423419968,0.4921173808230643,0.2589938806690147,0.5,-1.8021503695593353,0.02,1.0,MACE-MP::composition_offset,1.0,1.0,shallow_gradient_boosting,ML_estimate_only
job_143_Mg_fe_-1.457_n4_generated_crystals_cif__gen_1,Mg,Li1 Mg2 O4,6c5bbd9e79874e286fd76be48b47e29bddfd9fff4cf3ac4aec3e69ae700e4e06,SM_Mg_003,8,7.0,5,2.036537,10.664863,-5.449775150844029,-5.451184409005301,0.031533685056882,1.315511991320268,-0.0084001177965358,2.01138161117222,0.0100682963442876,139,-5.081877899832675,-5.086751702643774,0.0426354424632714,1.3461192682368306,-0.025158192811249,1.9879069190081664,0.0171300139100285,139,0.36443270636152736,0.007061717565740901,0.0167580750147132,0.8248236865983081,0.142463476114355,0.75,-1.5399515050036454,0.02,0.9771186356454842,MACE-MP::composition_offset,0.9929722860587815,0.9771186356454842,shallow_gradient_boosting,ML_estimate_only
job_146_Cr_fe_-1.128_n4_generated_crystals_cif__gen_0,Cr,Li1 Cr2 O4,baffdf5e1422e53e58f8dd1a943af8fb6eb554f62c26343854cbba309ae83120,SM_Cr_006,14,7.0,12,1.958711,10.89208,-8.065946306501116,-8.06888198852539,0.0968080561901452,0.8150293869301575,-0.00671787126679,1.949077159654482,0.0181217474210361,12,-7.089267720697209,-7.093160837914487,0.0867461239732775,0.6813938918673161,-0.0088611508740683,1.956363851957442,0.0193471434106796,12,0.9757211506109034,0.0012253959896434997,0.0021432796072783002,0.6753412241269616,0.2397408023329647,0.42857142857142855,-2.2857256639699397,0.02,0.762298842537398,MACE-MP::composition_offset,0.006151991044784699,0.762298842537398,shallow_gradient_boosting,ML_estimate_only
job_146_Cr_fe_-1.128_n4_generated_crystals_cif__gen_1,Cr,Li1 Cr2 O4,207ccda09e4bcd470acfbacebd34ccc40104f7dde5565034e8b22b2129b43f50,SM_Cr_008,15,7.0,1,1.871842,9.794417,-8.02563204084124,-8.02923093523298,0.0964477472783268,1.022745053987232,0.0132471662021711,1.8530800021245792,0.0466628317378672,8,-7.075677452797204,-7.076314756502933,0.0974028039682854,1.1627465633364054,0.0003277597630342,1.8740076600215552,0.0064584496117874,8,0.952916178730046,0.040204382126079796,0.0129194064391369,0.7343145438351493,0.20116511843329773,0.42857142857142855,-2.2688795825583856,0.02,0.9401484353817952,MACE-MP::composition_offset,0.9950524001656856,0.9401484353817952,shallow_gradient_boosting,ML_estimate_only
job_146_Cr_fe_-1.128_n4_generated_crystals_cif__gen_2,Cr,Li1 Cr2 O4,96d6641aa65b7fc05ffb5bcd8043b0684b59907b9b209818d012b087dc4e122e,SM_Cr_002,15,7.0,8,1.944404,10.092339,-8.031905038016182,-8.032458169119698,0.078305828590117,1.4840638966011035,-0.0014104153792838,1.949446201431236,0.0065357714801503,44,-7.077081814459814,-7.078072062363664,0.0840095917787592,1.4059810588160242,-0.0034488213753518,1.944842576235765,0.0100990358655055,44,0.9543861067560337,0.0035632643853552,0.002038405996068,0.7145166723821201,0.21268996208856344,0.42857142857142855,-2.2706368884191166,0.02,0.9289690163357107,MACE-MP::composition_offset,0.4128593604670574,0.9289690163357107,shallow_gradient_boosting,ML_estimate_only
job_146_Cr_fe_-1.128_n4_generated_crystals_cif__gen_3,Cr,Li1 Cr2 O4,06f0dad14b1d56979a46a6046aa893508b2503ee6f48444ebb8d54141e42a991,SM_Cr_003,20,7.0,10,1.933091,10.826918,-8.080698830740792,-8.081293378557477,0.0430880312653498,1.4150483914630507,-0.0025930162179909,1.9257228638769084,0.005460892020374,10,-7.101430629526384,-7.103441876838588,0.1000595488997013,0.8119388988458599,-0.0049223296657013,1.9115609596029173,0.0156199302943942,10,0.9778515017188898,0.010159038274020201,0.0023293134477104,0.644551594353636,0.23282423219903237,0.42857142857142855,-2.29600670289404,0.02,0.5791286491620432,MACE-MP::composition_offset,0.21919221403599864,0.5791286491620432,shallow_gradient_boosting,ML_estimate_only
job_147_Mn_fe_-0.827_n4_generated_crystals_cif__gen_0,Mn,Li1 Mn2 O4,b362b91a16ba695acfe132789256b4326a020807ebaaa9326fa19be277410cbf,SM_Mn_021,1,7.0,1,1.523224,10.935016,-7.194400242396763,-7.220057896205357,0.0921120984881626,0.4921291014994191,0.0171166827230453,1.4331112849751833,0.0878201624340377,8,-6.537020077253746,-6.556854244096874,0.0913928591365448,0.9929520262881064,0.0045802201942508,1.471434868367185,0.0594544219201894,8,0.663203652108483,0.028365740513848305,0.0125364625287945,0.21690744911178872,0.18497077936655115,0.5,-1.5609191510552778,0.02,0.9988402971160767,MACE-MP::composition_offset,3.479089186677275e-07,0.9988402971160767,shallow_gradient_boosting,ML_estimate_only
job_147_Mn_fe_-0.827_n4_generated_crystals_cif__gen_1,Mn,Li1 Mn2 O4,020b6424e5b977ad6da5684d6d006384872ba4177c6720dfd4bc81295cfeb0be,SM_Mn_004,35,7.0,2,1.910335,10.670069,-7.720805576869419,-7.722160339355469,0.0966998743072258,0.972617545819923,0.0029940384930671,1.920025773549347,0.0094436190073518,2,-6.852425134227889,-6.853645899805676,0.0724523756379795,1.2709820432908057,0.0034112032454196,1.917335737609797,0.0085488462795234,2,0.8685144395497923,0.0008947727278284003,0.0004171647523525,0.4829722506877205,0.26180808514312937,0.5,-1.8577108067640804,0.02,1.0,MACE-MP::composition_offset,1.0,1.0,shallow_gradient_boosting,ML_estimate_only
job_148_Mn_fe_-0.904_n4_generated_crystals_cif__gen_0,Mn,Li1 Mn2 O4,1682b4de7540a9679f74846f7a70c19688190eb169a2e98ac7798abc537b7086,SM_Mn_010,10,7.0,1,1.814269,10.079874,-7.660247257777622,-7.669103349958148,0.0765708980303056,0.5752517766176825,0.0266822247281854,1.867533065037571,0.0355949425581835,1,-6.790710122178347,-6.802147360735471,0.0608321421326267,0.7080168550699526,0.0220235919386531,1.8736972190798755,0.0339147859455647,1,0.8669559892226761,0.001680156612618798,0.0046586327895323,0.7228374134078364,0.20363964381930563,0.5,-1.8062122676938754,0.02,1.0,MACE-MP::composition_offset,0.9999999999999453,1.0,shallow_gradient_boosting,ML_estimate_only
job_148_Mn_fe_-0.904_n4_generated_crystals_cif__gen_3,Mn,Li1 Mn2 O4,6ddd4f9034ad7e04c721cee1d6672f8bb5f966a5b77f3b1ae4cc54922021998e,SM_Mn_013,8,7.0,44,1.908923,10.199082,-7.677673884800503,-7.678422655378069,0.0543303829986072,0.9906088393012904,-0.0003530851672527,1.915391309434801,0.0099686136098087,119,-6.811204628970129,-6.8113752925022615,0.0965740479506493,1.4391222860672304,-0.0007366613349752,1.909256614469082,0.0019572320533485,119,0.8670473628758071,0.008011381556460199,0.0003835761677225,0.5362598113098231,0.2542218223944923,0.5,-1.8154401994606655,0.02,1.0,MACE-MP::composition_offset,1.0,1.0,shallow_gradient_boosting,ML_estimate_only
job_149_Mn_fe_-1.083_n4_generated_crystals_cif__gen_0,Mn,Li1 Mn2 O4,d2af73daf9bc8ebd3d6d9ef81cf25dc5da5b4aa6066b3cb8852c4af072099a58,SM_Mn_004,35,7.0,10,1.932294,10.938269,-7.723540169852121,-7.723581041608538,0.0991553079500581,0.4173358311582711,-8.088986722820657e-05,1.932240387136656,0.000626092291925,10,-6.854946601087619,-6.85535680339552,0.0769165182334445,0.6838801230746434,0.0001975534733034,1.929196186175924,0.0054668053423436,10,0.8682242382130179,0.0048407130504186,0.00027844334053160657,0.50446333604772,0.25676175358667663,0.5,-1.8594217103539243,0.02,1.0,MACE-MP::composition_offset,1.0,1.0,shallow_gradient_boosting,ML_estimate_only
job_149_Mn_fe_-1.083_n4_generated_crystals_cif__gen_2,Mn,Li1 Mn2 O4,36a8bc58a182c5e117a60962acf2f09a9fe2bf4b9ff3196201c33640144ad0d2,SM_Mn_023,1,7.0,8,1.911992,11.152181,-7.633390699114118,-7.638525826590402,0.0756411238085908,0.4848637813813622,-0.0003394293278007,1.9228084880442105,0.0215592498533994,160,-6.7540297085692185,-6.757151223306274,0.090024208660121,0.4695252197392306,-0.0014940008179151,1.8895549241517773,0.0196261899972408,160,0.8813746032841276,0.0019330598561585997,0.0011545714901143999,0.16927259967056954,0.14814122430417748,0.5,-1.7612161302646783,0.02,1.0,MACE-MP::composition_offset,1.0,1.0,shallow_gradient_boosting,ML_estimate_only
job_149_Mn_fe_-1.083_n4_generated_crystals_cif__gen_3,Mn,Li1 Mn2 O4,84d7a5f7370c4257513369ccfff64b5aee7df384c4ac467e7052f89575e14c95,SM_Mn_005,9,7.0,1,1.914301,10.753313,-7.681734902518136,-7.6836346217564175,0.0939500079696919,0.989344173285115,0.0048670553964789,1.925571927837108,0.014934924400186,12,-6.816816246925975,-6.817079641768275,0.0978566008376404,1.146610405829047,0.0004063316067328,1.9121696470393057,0.0027588472020976,12,0.8665549799881429,0.0121760771980884,0.004460723789746101,0.48394740094451305,0.26207491548131434,0.5,-1.8211445487266786,0.02,1.0,MACE-MP::composition_offset,1.0,1.0,shallow_gradient_boosting,ML_estimate_only
job_154_Mn_fe_-1.207_n4_generated_crystals_cif__gen_1,Mn,Li1 Mn2 O4,d14a7624ee2cacd145134b1abf3023c1f72f236e5ce6d0156684da37fa7254e1,SM_Mn_013,8,7.0,44,1.93394,10.222012,-7.677877698625837,-7.678880964006696,0.0938493561638455,0.2872630923280638,-0.0009961815698876,1.924378179925423,0.0085852315627178,119,-6.811351624645488,-6.811923996061458,0.0803676478230597,0.8840968362631015,-0.0020293398306476,1.9254691595871145,0.0056455752618262,119,0.8669569679452378,0.0029396563008915995,0.00103315826076,0.55398033640769,0.2562144087553723,0.5,-1.8159889030198624,0.02,1.0,MACE-MP::composition_offset,1.0,1.0,shallow_gradient_boosting,ML_estimate_only
job_154_Mn_fe_-1.207_n4_generated_crystals_cif__gen_2,Mn,Li1 Mn2 O4,c0c16b00349024f72940139d9491628d031242c1e7c5c39076508e4e40a5f1f4,SM_Mn_013,8,7.0,8,1.909119,10.189406,-7.677545819963727,-7.677545819963727,0.0752449379049976,1.3272730644598996,0.0,1.9091189897515248,0.0,44,-6.810972626513276,-6.811374827209818,0.0812420784182449,1.523025981967347,-0.0014276222764674,1.907161059721412,0.0051222415093817,44,0.8661709927539096,0.0051222415093817,0.0014276222764674,0.5159472833804974,0.25482181587642505,0.5,-1.8154397341682218,0.02,1.0,MACE-MP::composition_offset,1.0,1.0,shallow_gradient_boosting,ML_estimate_only
job_154_Mn_fe_-1.207_n4_generated_crystals_cif__gen_3,Mn,Li1 Mn2 O4,9c4d58c46f101a63c730d663e0da1dd101147b0f8b558c00895eccff1841264c,SM_Mn_022,2,7.0,8,1.90884,11.077702,-7.718242100306919,-7.718529292515346,0.0803582827464255,1.402375171151349,0.0008279169559328,1.9147615005815355,0.0028999198763695,8,-6.852096418416791,-6.852312484465149,0.0628517819956967,1.3906581712736197,0.0009380771626463,1.913683535132712,0.002368836564657,8,0.8662168080501971,0.0005310833117124999,0.00011016020671350004,0.2816441068368382,0.23998337119756308,0.5,-1.8563773914235533,0.02,1.0,MACE-MP::composition_offset,1.0,1.0,shallow_gradient_boosting,ML_estimate_only
job_155_Mg_fe_-1.104_n4_generated_crystals_cif__gen_3,Mg,Li1 Mg2 O4,e5b2ea799f1f3f780db1eafd567a4aad76e6f42f3a7546c4e795857602e82f83,SM_Mg_004,15,7.0,8,2.017343,10.854721,-5.453245435442243,-5.460223606654576,0.0804513645292832,1.33633156773522,0.0205355581204405,2.023219776770057,0.048032292326941,119,-5.064238989893602,-5.065167545244031,0.0289125395318311,1.4123795748277714,-0.0015153888930923,2.0261822761104544,0.0058787283582697,119,0.3950560614105454,0.0421535639686713,0.0220509470135328,0.790596843053491,0.16640473198902547,0.75,-1.5183673476039026,0.02,0.8207867188600743,MACE-MP::composition_offset,0.9902342488479244,0.8207867188600743,shallow_gradient_boosting,ML_estimate_only
job_162_Mn_fe_-1.493_n4_generated_crystals_cif__gen_0,Mn,Li1 Mn2 O4,20c0dd4003df2b0ea67e5c2aca36e20dd83e4b6e4a153e56edac9286dcd56d45,SM_Mn_008,9,7.0,1,1.908637,11.587115,-7.7137249537876675,-7.714795793805804,0.0779365539908151,0.4054469186452268,0.0001472626818077,1.9107197452690945,0.0121140216224365,1,-6.843441199944725,-6.84451519712139,0.0999711312784156,0.7206728451992553,8.217823307132832e-05,1.9120110268820905,0.0103206932824662,1,0.870280596684414,0.0017933283399703005,6.508444873637169e-05,0.4041707934602698,0.24528096770950142,0.5,-1.8485801040797938,0.02,1.0,MACE-MP::composition_offset,1.0,1.0,shallow_gradient_boosting,ML_estimate_only
job_162_Mn_fe_-1.493_n4_generated_crystals_cif__gen_1,Mn,Li1 Mn2 O4,02e1cd785a3bbcaf4f1a3a1e11dd2b86cb4c8e5edda54821114e1b837fd09a4f,SM_Mn_017,5,7.0,8,1.925992,10.359208,-7.660946437290737,-7.662384033203125,0.0922976258925452,1.3328363713736022,0.003181612994566,1.9407214880043264,0.011128199086048,166,-6.798685453884283,-6.799167633243864,0.0335086846408798,1.4895595698796815,0.0029078477920536,1.934666459637345,0.0041719580316802,166,0.8632163999592608,0.0069562410543678,0.0002737652025124001,0.6567872093524433,0.2694068099427846,0.5,-1.8032325402022682,0.02,1.0,MACE-MP::composition_offset,1.0,1.0,shallow_gradient_boosting,ML_estimate_only
job_162_Mn_fe_-1.493_n4_generated_crystals_cif__gen_2,Mn,Li1 Mn2 O4,c4dfb430dd75dd7bdfaeb7fb060c37d08fea12da1daa6b17fe19d53260dfdb8e,SM_Mn_003,16,7.0,1,1.907452,10.887561,-7.693279266357422,-7.709988730294364,0.0787381321787542,1.1579296517891988,-0.0085869842783427,1.904113537041888,0.0733057183780411,1,-6.833180027868588,-6.844534296963005,0.0922330484450305,1.1393241501121991,-0.0079264940410925,1.912855816177669,0.0572510565273801,1,0.865454433331359,0.016054661850661005,0.0006604902372502001,0.4735641576130078,0.25866360560563656,0.5,-1.8485992039214088,0.02,1.0,MACE-MP::composition_offset,1.0,1.0,shallow_gradient_boosting,ML_estimate_only
job_162_Mn_fe_-1.493_n4_generated_crystals_cif__gen_3,Mn,Li1 Mn2 O4,afa406a7327cae1914ada4c9d188cb1d5801f16a9771cad218f970ebda662bde,SM_Mn_010,10,7.0,1,1.865314,10.208332,-7.667322431291852,-7.669156755719866,0.0976935387335009,0.6762223129468811,0.0067156195167579,1.875375532698668,0.0277857886371953,1,-6.801122038836426,-6.8022828907080894,0.0798197044515174,0.9323014834569848,0.0015316526067814,1.8729737721204769,0.0096248707755115,1,0.8668738650117769,0.0181609178616838,0.0051839669099765,0.5858811941959563,0.2517194439700958,0.5,-1.8063477976664934,0.02,1.0,MACE-MP::composition_offset,0.9999999999999998,1.0,shallow_gradient_boosting,ML_estimate_only
job_163_Mg_fe_-0.801_n4_generated_crystals_cif__gen_3,Mg,Li1 Mg2 O4,569138f2e62614cf139364bd66a3b7ec6a6f4605d888f5dac520d405fc45ce0d,SM_Mg_004,15,7.0,1,2.017676,10.921808,-5.45354243687221,-5.460356576102121,0.0611000810203508,1.4380063583774203,0.0127129697931518,2.0279885620577924,0.0506200314972324,119,-5.064276270797115,-5.065026316786204,0.0169645017502581,1.4198395658850391,-0.0029914561616434,2.023234726906048,0.0026038692475099,119,0.3953302593159167,0.048016162249722494,0.015704425954795202,0.7853789591745656,0.16488595939844614,0.75,-1.5182261191460755,0.02,0.8189329057904393,MACE-MP::composition_offset,0.9956719375249078,0.8189329057904393,shallow_gradient_boosting,ML_estimate_only
job_164_Mn_fe_-1.449_n4_generated_crystals_cif__gen_1,Mn,Li1 Mn2 O4,adf3860adfea75fb47fe2cd40a23fc17fbb2cdadc3bb67903460141ee06464db,SM_Mn_017,5,7.0,8,1.930639,10.465621,-7.660655975341797,-7.667995997837612,0.096732992247266,0.9519285319398244,0.0118707942042024,1.8953577207091763,0.051879455119623,12,-6.797891613921237,-6.798610459812791,0.0894101722748722,1.4813260805471715,0.0023839601778321,1.9347270990419252,0.0061871768168324,166,0.8693855380248205,0.045692278302790594,0.009486834026370301,0.4905102786884955,0.2640934581587248,0.5,-1.8026753667711954,0.02,1.0,MACE-MP::composition_offset,1.0,1.0,shallow_gradient_boosting,ML_estimate_only
job_164_Mn_fe_-1.449_n4_generated_crystals_cif__gen_2,Mn,Li1 Mn2 O4,ef1eacb84a8a70c75ce06b7920949b0a155ae3edf8aac9a4abdf8cffc3ec6a11,SM_Mn_024,1,7.0,8,1.947782,10.921054,-7.650969914027622,-7.659576416015625,0.0812089819389225,1.2469339825847197,0.0015420560533607,1.90881899747824,0.0673127785181906,8,-6.78007786559009,-6.784819671424267,0.0816073482101759,0.2042713313670978,-0.0097814033613451,1.937294210801688,0.0394198783876202,160,0.874756744591358,0.027892900130570407,0.0113234594147058,0.292563193266662,0.2119329723112583,0.5,-1.788884578382671,0.02,1.0,MACE-MP::composition_offset,1.0,1.0,shallow_gradient_boosting,ML_estimate_only
job_167_Mn_fe_-0.885_n4_generated_crystals_cif__gen_1,Mn,Li1 Mn2 O4,427ef8b74c825db835de56a88e6a5141552b6ad183626d445c8f7e76adf860af,SM_Mn_004,35,7.0,6,1.918326,10.551893,-7.721099308558872,-7.722918919154575,0.0839368949163689,0.4395083711665414,0.0161866887483035,1.9269969763030503,0.0135459660274023,10,-6.852093052975542,-6.85491726556918,0.0775720082387831,0.29937968581091,0.0220684152967884,1.9264995282547768,0.0163421398203122,10,0.8680016535853943,0.0027961737929098982,0.0058817265484849,0.5710145242799746,0.24919149696446205,0.5,-1.8589821725275844,0.02,1.0,MACE-MP::composition_offset,1.0,1.0,shallow_gradient_boosting,ML_estimate_only
job_167_Mn_fe_-0.885_n4_generated_crystals_cif__gen_2,Mn,Li1 Mn2 O4,980842bb718a2158e7e296150ccc9195d3a6c9add1d661c331c94432142c6b89,SM_Mn_005,9,7.0,8,1.944919,10.69914,-7.677619934082031,-7.696892329624721,0.0929550635809381,0.5676289389756144,0.0176765740824269,1.9022956955358168,0.1278632238650629,1,-6.813129737989606,-6.825116541564688,0.1005223582293864,1.0193455547598302,0.0103369505717008,1.9108500370730783,0.0970067941939787,1,0.8717757880600336,0.030856429671084207,0.0073396235107260985,0.5607163280620118,0.25218236859093024,0.5,-1.8291814485230917,0.02,1.0,MACE-MP::composition_offset,1.0,1.0,shallow_gradient_boosting,ML_estimate_only
job_171_Cr_fe_-1.042_n4_generated_crystals_cif__gen_0,Cr,Li1 Cr2 O4,9eeeb2cf56f8186440d6ee21f53c010f219fd955f697fa42965372026f695286,SM_Cr_005,12,7.0,8,1.788064,10.170886,-8.031229291643415,-8.033409118652344,0.0730471491118174,1.2589631938673598,-0.0062107506402597,1.7805509871876175,0.0172158160821788,8,-7.0657949891128,-7.075199991515407,0.088321562184056,0.7809568635001706,-0.0242405793431524,1.8338161194936675,0.048245281261572,8,0.9582091271369366,0.0310294651793932,0.0180298287028927,0.7435405067218948,0.1896225900413876,0.42857142857142855,-2.2677648175708596,0.02,0.9464928165872379,MACE-MP::composition_offset,0.626424124364583,0.9464928165872379,shallow_gradient_boosting,ML_estimate_only
job_171_Cr_fe_-1.042_n4_generated_crystals_cif__gen_1,Cr,Li1 Cr2 O4,55fb01001edccdb4cdd0f98f3c0c6c0f1a32e114b16b8ffabeb68fea6fcae635,SM_Cr_005,12,7.0,8,1.817843,10.112432,-8.030489240373884,-8.03370121547154,0.0695712049077,0.8575877746125957,-0.0050427895271522,1.7750924216230284,0.0239304002824325,8,-7.068966569922308,-7.07552035876075,0.0938314703348655,1.0870137977811325,-0.0283469561446234,1.8303237660690987,0.0496427355381247,8,0.9581808567107899,0.0257123352556922,0.0233041666174712,0.7317050572920912,0.20827801862075088,0.42857142857142855,-2.2680851848162025,0.02,0.9447266577437838,MACE-MP::composition_offset,0.4825074617902363,0.9447266577437838,shallow_gradient_boosting,ML_estimate_only
job_171_Cr_fe_-1.042_n4_generated_crystals_cif__gen_2,Cr,Li1 Cr2 O4,5d271662cff7d66525547a8e93bfe5d3918aa1ab87fde55bfa548c5d441f5eda,SM_Cr_002,15,7.0,8,1.945875,9.961847,-8.031847272600446,-8.033363342285156,0.0562954565403849,1.4442020356027918,0.0046061907934227,1.9358035084721,0.0126354721300653,44,-7.077715025853874,-7.07892386135056,0.0555410012173401,0.805128113080398,0.0033639832618403,1.941427389816376,0.0125780974684348,44,0.954439480934596,5.737466163050105e-05,0.0012422075315824004,0.858138172935063,0.16844759167967996,0.42857142857142855,-2.2714886874060127,0.02,0.9230031183677696,MACE-MP::composition_offset,0.89294357266411,0.9230031183677696,shallow_gradient_boosting,ML_estimate_only
job_171_Cr_fe_-1.042_n4_generated_crystals_cif__gen_3,Cr,Li1 Cr2 O4,dfc34fd59b070dffc531a6f3af490fefcd43977f7011547fe7a3877141f15d06,SM_Cr_010,6,7.0,8,1.808686,11.164363,-8.014701843261719,-8.019617353166852,0.0800165286902112,1.171799347170301,0.0073818176687794,1.796084499400158,0.0236537621595515,8,-7.039091905832687,-7.047661508461181,0.0700390579383822,1.3521375474931283,0.0085613943437283,1.810639501823326,0.0308764299760167,8,0.9719558447056711,0.0072226678164652,0.0011795766749488996,0.3949503188042356,0.25673623497558273,0.42857142857142855,-2.2402263345166338,0.02,0.9985990879672286,MACE-MP::composition_offset,0.9994223187092607,0.9985990879672286,shallow_gradient_boosting,ML_estimate_only
job_172_Mn_fe_-1.032_n4_generated_crystals_cif__gen_1,Mn,Li1 Mn2 O4,d7bfbe28e31f4b75ba7534db10873330d9aae26102c3f8f3b58dc5bae68acc20,SM_Mn_003,16,7.0,8,1.928163,10.802583,-7.693213871547154,-7.714120592389788,0.0972837707404634,0.3866174882972605,-0.004756412657042,1.927249632449921,0.0877585640607225,8,-6.8351672576916025,-6.842823452829407,0.0965131170753899,0.8770971775870431,-0.0048562610926123,1.9389229948084288,0.0458310166884917,12,0.8712971395603812,0.04192754737223079,9.984843557030079e-05,0.5487631854970549,0.25924799829345135,0.5,-1.846888359787811,0.02,1.0,MACE-MP::composition_offset,1.0,1.0,shallow_gradient_boosting,ML_estimate_only
job_172_Mn_fe_-1.032_n4_generated_crystals_cif__gen_3,Mn,Li1 Mn2 O4,d8b8363212402d87b255073c108b9605508b3b889f66ee2d96467c94c9c4c6b7,SM_Mn_025,1,7.0,1,1.795559,11.739876,-7.638215201241629,-7.643230438232422,0.0896968706184559,0.4078740015609964,0.005371257592204,1.8241062272023705,0.0334486415216734,1,-6.76661884557861,-6.798769926113735,0.0462434131082142,0.8201882514934423,-0.0413140558437141,1.8877278868505487,0.2219333655099133,1,0.8444605121186868,0.1884847239882399,0.0466853134359181,0.4260229176655434,0.2695456073966419,0.5,-1.802834833072139,0.02,1.0,MACE-MP::composition_offset,1.0,1.0,shallow_gradient_boosting,ML_estimate_only
job_173_Mg_fe_-1.290_n4_generated_crystals_cif__gen_2,Mg,Li1 Mg2 O4,f43e3f39b03b56187cb6f4ab4fb4c97667ab118fc8a3ace2373cf57c5348d969,SM_Mg_003,8,7.0,8,1.958564,10.456484,-5.449094499860491,-5.450287955147879,0.0660547578082775,1.5131918758768506,-0.002468165727146,1.978394533769283,0.0087342944607421,139,-5.082787387158265,-5.086213490172541,0.0570979102671235,1.3304081112227937,-0.0182989258261657,1.9748769976868057,0.0089662372180159,139,0.3640744649753387,0.00023194275727379983,0.015830760099019698,0.8055281376954284,0.16414163740874696,0.75,-1.5394132925324122,0.02,0.9756188754184034,MACE-MP::composition_offset,0.9890800799151163,0.9756188754184034,shallow_gradient_boosting,ML_estimate_only
job_176_Mn_fe_-0.980_n4_generated_crystals_cif__gen_0,Mn,Li1 Mn2 O4,5131e43ba47349d4a0505d7bdbf192d34d167718f7c8cdc6b581846f67348464,SM_Mn_013,8,7.0,44,1.92125,10.182718,-7.678079877580915,-7.6784515380859375,0.0690947094199809,0.8410725092395412,-0.0001587994147094,1.9175434166066807,0.0054587719924937,119,-6.81146798940162,-6.811527676393224,0.0960734113925199,1.2901765232964928,-0.000243712556024,1.9203765401342088,0.0006831997511766,119,0.8669238616927135,0.0047755722413171005,8.491314131459999e-05,0.5189843050035219,0.2579700817921668,0.5,-1.815592583351628,0.02,1.0,MACE-MP::composition_offset,1.0,1.0,shallow_gradient_boosting,ML_estimate_only
job_176_Mn_fe_-0.980_n4_generated_crystals_cif__gen_1,Mn,Li1 Mn2 O4,79e1cb06f5ef0a8c4f81f7a72bb5d740693a1704941e755bd949546ff4a95ea1,SM_Mn_004,35,7.0,1,1.917373,10.743045,-7.722544533865792,-7.722669873918805,0.071589584678086,0.4685467099362159,0.0004608689113481,1.9188941063099645,0.0019575513266263,2,-6.85392628599203,-6.853997501144838,0.0976355294247444,1.0589670504353614,0.0002090446939251,1.917627049396938,0.0007835293483102,2,0.8686723727739665,0.0011740219783161,0.00025182421742299995,0.3934483790420416,0.2447172739930883,0.5,-1.8580624081032422,0.02,1.0,MACE-MP::composition_offset,1.0,1.0,shallow_gradient_boosting,ML_estimate_only
job_176_Mn_fe_-0.980_n4_generated_crystals_cif__gen_2,Mn,Li1 Mn2 O4,bb2bab80fae6da0c08d75d2b358c9229ea2f2f15094da7870df2d2d727434ddd,SM_Mn_008,9,7.0,1,1.913799,11.671459,-7.713296072823661,-7.714578901018415,0.0828178364782113,0.5355754636331888,-0.0032780745655803,1.9175342850922932,0.0122581711605287,1,-6.842866835449717,-6.84438546325155,0.0910446956555934,1.0371757470002474,-0.0025080468522619,1.915218169035333,0.0113100642419883,1,0.870193437766865,0.0009481069185403989,0.0007700277133184,0.4064677598468415,0.25206986945332555,0.5,-1.848450370209954,0.02,1.0,MACE-MP::composition_offset,1.0,1.0,shallow_gradient_boosting,ML_estimate_only
job_176_Mn_fe_-0.980_n4_generated_crystals_cif__gen_3,Mn,Li1 Mn2 O4,45831f1576c4d0c5abd4eeb493cff2b8128887cb09d4f9eb3cd7b5eda5bea665,SM_Mn_010,10,7.0,8,1.857442,10.198246,-7.660986219133649,-7.663114275251116,0.0931825010995302,0.7265769999248358,-0.0010295491887564,1.8727703169191687,0.0171200528639203,8,-6.797243362884511,-6.799111314372735,0.0985078398776282,0.8307237496138689,-0.0012691486556707,1.8771448180282184,0.0171698144821591,8,0.8640029608783815,4.976161823879929e-05,0.00023959946691429982,0.5287757196937202,0.2534676647005343,0.5,-1.8031762213311389,0.02,1.0,MACE-MP::composition_offset,1.0,1.0,shallow_gradient_boosting,ML_estimate_only
job_178_Mg_fe_-1.353_n4_generated_crystals_cif__gen_1,Mg,Li1 Mg2 O4,5895463233afebe27cc2871ceb31b31d30a7eded2058acc486403272f69d4168,SM_Mg_003,8,7.0,8,1.98898,10.45857,-5.451311383928571,-5.451311383928571,0.050409708045958,1.141592846749499,0.0,1.988979798133964,0.0,139,-5.085047717348041,-5.0868326970400295,0.022905404235273,1.2201247309302046,-0.0147808682952432,1.977231623347829,0.0050878603700635,139,0.3644786868885417,0.0050878603700635,0.0147808682952432,0.8222477012049736,0.1563647448959628,0.75,-1.540032499399901,0.02,0.9773374593035778,MACE-MP::composition_offset,0.924755484340444,0.9773374593035778,shallow_gradient_boosting,ML_estimate_only
job_181_Mg_fe_-1.158_n4_generated_crystals_cif__gen_0,Mg,Li1 Mg2 O4,cdb5220903b1673ffedddb91b4feac0cefcbc4cd3cc7d23877b8c02e1dcfeb02,SM_Mg_004,15,7.0,44,1.990819,10.801586,-5.451856885637556,-5.46276365007673,0.0529911526219965,1.1756845897788994,0.0351834088301441,2.02861085178121,0.0887077650237981,119,-5.063333127062293,-5.064616659591514,0.024566039037527,1.4328609070321827,-6.469842660716818e-05,2.0170132922303923,0.011067062381342,119,0.3981469904852162,0.0776407026424561,0.03524810725675127,0.7869540815084948,0.1627124734296582,0.75,-1.5178164619513854,0.02,0.8134879591131341,MACE-MP::composition_offset,0.9115372331057854,0.8134879591131341,shallow_gradient_boosting,ML_estimate_only
job_181_Mg_fe_-1.158_n4_generated_crystals_cif__gen_3,Mg,Li1 Mg2 O4,497b855b17e32026f83b7969644f6fdec4c63fc03b73da6b1ad0114784592cf2,SM_Mg_010,1,7.0,1,1.509131,10.587856,-5.375039236886161,-5.4876845223563055,0.0583505233296546,0.3591455642135994,0.0380017710929991,1.5482414378836562,0.2948943399940444,1,-5.005770647047106,-5.259688539515111,0.0919996632446283,0.7548243260935575,0.0574612040606812,1.5276523701439109,0.4024571392020309,1,0.22799598284119416,0.1075627992079865,0.0194594329676821,0.28274542951850107,0.23273398401904435,0.75,-1.712888341874983,0.02,1.0,MACE-MP::composition_offset,4.1847707190370645e-30,1.0,shallow_gradient_boosting,ML_estimate_only
job_182_Cr_fe_-1.464_n4_generated_crystals_cif__gen_0,Cr,Li1 Cr2 O4,2c683634f865f8b2854323aba7ac1fa4e1fb1a85be88f04ec381430c14368c65,SM_Cr_003,20,7.0,6,1.939352,10.516033,-8.080748421805245,-8.081832885742188,0.0991555029384903,0.6437704353552443,0.0025584655057477,1.945515382209112,0.0110538531136585,10,-7.101491938515153,-7.103048913511541,0.090445120055634,0.5009110970087133,0.0040786720870333,1.939292742839183,0.0193776444608422,10,0.9787839722306462,0.0083237913471837,0.0015202065812856,0.7662081153077093,0.1797560643338713,0.42857142857142855,-2.2956137395669938,0.02,0.5867968905013894,MACE-MP::composition_offset,0.38942209298781827,0.5867968905013894,shallow_gradient_boosting,ML_estimate_only
job_182_Cr_fe_-1.464_n4_generated_crystals_cif__gen_1,Cr,Li1 Cr2 O4,727339759e08af87296bc3970b7c0be17efc7c763efc187060ade436ef445e55,SM_Cr_002,15,7.0,1,1.949549,10.139211,-8.031580243791852,-8.033350263323102,0.1000010475918942,1.168645254756884,-0.006992838917181,1.9225610913926685,0.0180524375739254,44,-7.07660012990703,-7.078134666854512,0.0911706916390608,1.2656347682938212,-0.0073698803865936,1.9435630302409157,0.0143703506866243,44,0.95521559646859,0.0036820868873011017,0.00037704146941259977,0.7219707985446316,0.21279013052472562,0.42857142857142855,-2.270699492909965,0.02,0.9285429998016794,MACE-MP::composition_offset,0.014046600949605526,0.9285429998016794,shallow_gradient_boosting,ML_estimate_only
job_182_Cr_fe_-1.464_n4_generated_crystals_cif__gen_3,Cr,Li1 Cr2 O4,caf4e989cdbe795bd7c34115bd53d7efe433eacb1b1b64b1850ccc54b1be9b3a,SM_Cr_008,15,7.0,8,1.849948,9.826893,-8.026526314871651,-8.029359000069755,0.0920807638260789,0.8914918806276207,0.0087904064883985,1.8588344421426808,0.0421260341222752,8,-7.073991762910609,-7.077359072693809,0.0954109053675571,0.9129496027922382,-0.0044366561353723,1.8797016075420343,0.0353945738596031,8,0.9519999273759465,0.006731460262672094,0.0132270626237708,0.7458629661506683,0.1927442216601946,0.42857142857142855,-2.269923898749261,0.02,0.9336842163546093,MACE-MP::composition_offset,0.9860560171968435,0.9336842163546093,shallow_gradient_boosting,ML_estimate_only
job_189_Mg_fe_-1.493_n4_generated_crystals_cif__gen_1,Mg,Li1 Mg2 O4,73a6c8a800aa792ac8522bee1a9329ae8f286db80e36764e12b8e4c3c2dd11f4,SM_Mg_003,8,7.0,8,1.956868,10.377045,-5.450336456298828,-5.450966426304409,0.0848402243450034,1.5243401257814595,0.0001589912498893,1.9721157375973168,0.0067022872297283,139,-5.085071383134983,-5.086661986952512,0.0570115161890574,1.2910339166084903,-0.009424141358871,1.9749343331543927,0.0093617188584328,139,0.3643044393518968,0.0026594316287045,0.009583132608760299,0.802663342049416,0.166675116368251,0.75,-1.5398617893123836,0.02,0.9768741743374985,MACE-MP::composition_offset,0.8564944790515187,0.9768741743374985,shallow_gradient_boosting,ML_estimate_only
job_190_Mn_fe_-0.838_n4_generated_crystals_cif__gen_1,Mn,Li1 Mn2 O4,d22086d36b63be2d113f3b1bcbdae95ebfdef7a562a3c369680f7c10d0c8ad8c,SM_Mn_004,35,7.0,1,1.916681,10.71964,-7.721524919782366,-7.722335270472935,0.0872148158760577,1.0518349836099643,0.0024202593863005,1.9206598915267703,0.0072131264475185,2,-6.853005364269201,-6.853945761430863,0.0721839554761879,1.0344176966241925,0.0044254398931293,1.914636333478833,0.0091048934603564,2,0.8683895090420721,0.0018917670128379,0.0020051805068288004,0.4798653399835574,0.25744220876383633,0.5,-1.8580106683892668,0.02,1.0,MACE-MP::composition_offset,1.0,1.0,shallow_gradient_boosting,ML_estimate_only
job_190_Mn_fe_-0.838_n4_generated_crystals_cif__gen_2,Mn,Li1 Mn2 O4,bb5c9b052707b2f17d979dc70ff0078340588d7e73d50019dd3fe3e146463b8b,SM_Mn_018,2,7.0,8,1.899685,11.043499,-7.656760079520089,-7.65984616960798,0.0838814476778137,0.4304961989393033,-0.0006597391035131,1.9160155487276749,0.0219219444319262,160,-6.786811324458621,-6.788308611914563,0.0765098149765088,0.7846099425498344,-0.0012815939059954,1.9205156786256328,0.0122363648285057,160,0.8715375576934168,0.009685579603420499,0.0006218548024822999,0.19900328251429344,0.1753860669798998,0.5,-1.7923735188729673,0.02,1.0,MACE-MP::composition_offset,1.0,1.0,shallow_gradient_boosting,ML_estimate_only
job_192_Mg_fe_-1.475_n4_generated_crystals_cif__gen_0,Mg,Li1 Mg2 O4,e42615fe43eb21526f3a01ad52a2cc510a4edc32c6157ede60f2112b17a6b44a,SM_Mg_003,8,7.0,8,2.006526,10.516746,-5.451536451067243,-5.451536451067243,0.0501825509279376,1.0121557609461227,0.0,2.0065261866597504,0.0,139,-5.084954926870824,-5.086906690468352,0.0587324855865304,1.3881247703939217,-0.0133629332467275,1.9879285803237257,0.0089201994679674,139,0.3646297605988913,0.0089201994679674,0.0133629332467275,0.8219242358896475,0.152462509261251,0.75,-1.5401064928282233,0.02,0.9775358239182274,MACE-MP::composition_offset,0.8613829390419838,0.9775358239182274,shallow_gradient_boosting,ML_estimate_only
job_195_Mn_fe_-1.284_n4_generated_crystals_cif__gen_0,Mn,Li1 Mn2 O4,6711b2d09265927f8dd4f2dcb5ff12e7a93a2838e8724ce75f30b23b5c28d749,SM_Mn_017,5,7.0,5,1.925366,10.543901,-7.65802001953125,-7.672141483851841,0.0912531100064653,1.4423234272441523,0.016766875070312,1.92575136539578,0.0547475605832647,12,-6.795414428046101,-6.799918090232185,0.05248680565692,1.2800865086598356,0.0091091838506711,1.9340650092006852,0.021002349999002,166,0.872223393619656,0.033745210584262705,0.0076576912196409,0.6845163672318278,0.24070538576985673,0.5,-1.8039829971905892,0.02,1.0,MACE-MP::composition_offset,1.0,1.0,shallow_gradient_boosting,ML_estimate_only
job_195_Mn_fe_-1.284_n4_generated_crystals_cif__gen_1,Mn,Li1 Mn2 O4,b4526c40789404074bdcbfd3c02b700226152c7f23937aaaff2e9efab56d90db,SM_Mn_004,35,7.0,2,1.918747,10.811829,-7.721895490373884,-7.722142900739398,0.0979309677693391,0.5966035632282802,-0.0001305201540433,1.9189345296818223,0.002735524509259,2,-6.853364443976237,-6.8539414618646175,0.0768743394577757,0.6864729723032956,2.6258074761420502e-05,1.916267526046142,0.006442271948096,2,0.8682014388747801,0.0037067474388370004,0.0001567782288047205,0.42567154172228455,0.25332521783204237,0.5,-1.8580063688230215,0.02,1.0,MACE-MP::composition_offset,1.0,1.0,shallow_gradient_boosting,ML_estimate_only
job_195_Mn_fe_-1.284_n4_generated_crystals_cif__gen_3,Mn,Li1 Mn2 O4,1f9b48d310b4849da4b3709ad71c2a68e349a9712d375961b7a5c28e6c8847fa,SM_Mn_004,35,7.0,1,1.918419,10.855944,-7.722094399588449,-7.722338540213449,0.0874148479147883,0.9321113027567356,-0.0005240838165236,1.9192180455674823,0.0026948917363327,2,-6.85366929642267,-6.85436914688635,0.0572817186178734,0.3556739060953637,-0.0010431627169399,1.914713577984795,0.007559207282918,2,0.8679693933270984,0.0048643155465853,0.0005190789004163001,0.6887234785358324,0.21766480343779887,0.5,-1.8584340538447544,0.02,1.0,MACE-MP::composition_offset,1.0,1.0,shallow_gradient_boosting,ML_estimate_only
job_196_Cr_fe_-0.819_n4_generated_crystals_cif__gen_1,Cr,Li1 Cr2 O4,9fb0028a1a629ecf5ea4018d36ef1eeab01e3bd13874ebf591bbc42802f51dc8,SM_Cr_018,1,7.0,8,1.811286,10.584864,-7.958867754255023,-7.963564736502511,0.0914421506258435,0.8293277750685569,0.0003874818005642,1.7622871983524904,0.0144594885186252,160,-7.001238759313523,-7.005858194531322,0.0901503627695774,1.2270942286541735,0.0009531797979427,1.7691168374348747,0.0196209610634581,160,0.9577065419711897,0.0051614725448328996,0.0005656979973785001,0.24090008381899225,0.213225552527946,0.42857142857142855,-2.198423020586774,0.02,0.9999998101357911,MACE-MP::composition_offset,0.9999975012064255,0.9999998101357911,shallow_gradient_boosting,ML_estimate_only
job_196_Cr_fe_-0.819_n4_generated_crystals_cif__gen_2,Cr,Li1 Cr2 O4,bbdf99ca52bba5fd6c1406cfaa3e1803c9f6d857f8576e541919a5265ec3ea7e,SM_Cr_008,15,7.0,1,1.878912,9.772212,-8.026594979422432,-8.02938461303711,0.0754481203965086,0.7963299222597429,0.0132890372272556,1.843726354068095,0.0317614232288254,8,-7.074559293874578,-7.076195657361444,0.0923808840337387,1.3146232051303712,0.0005818579866807,1.8753359240455487,0.0148662912501109,8,0.9531889556756656,0.0168951319787145,0.0127071792405749,0.7143251092055876,0.20874400020303033,0.42857142857142855,-2.268760483416896,0.02,0.9408531584575085,MACE-MP::composition_offset,0.9937646791808298,0.9408531584575085,shallow_gradient_boosting,ML_estimate_only
job_196_Cr_fe_-0.819_n4_generated_crystals_cif__gen_3,Cr,Li1 Cr2 O4,d6d3fa4cc1776b6ea368464a2be8adf6e680a19c765ae08664c838f3e4c31099,SM_Cr_008,15,7.0,1,1.849438,9.700913,-8.02508054460798,-8.029019492013115,0.0936862538172183,0.7754931861973527,0.0172994916724584,1.8541029204731525,0.0319221686204671,8,-7.074009327787069,-7.079067317962863,0.0794361923921389,0.3511925765462142,0.0084536873058962,1.8833478869244125,0.0815020912090039,8,0.9499521740502512,0.049579922588536794,0.008845804366562201,0.7376564180451762,0.18710632267510152,0.42857142857142855,-2.271632144018316,0.02,0.9219619416038144,MACE-MP::composition_offset,0.9929383057055232,0.9219619416038144,shallow_gradient_boosting,ML_estimate_only
job_197_Mn_fe_-0.871_n4_generated_crystals_cif__gen_0,Mn,Li1 Mn2 O4,c686c9845d9057685d16ca9bab0e3b055af6a6733771582219d234c30d059635,SM_Mn_007,7,7.0,1,1.889368,10.059482,-7.671098981584821,-7.672626495361328,0.090931651019355,1.1763003226932702,0.0024247603905673,1.8983397590935915,0.0136886283437215,1,-6.793993905111449,-6.797609027087389,0.0644629624677672,0.4687526111410723,0.0093437256655699,1.8879984231428264,0.0410981065549906,1,0.8750174682739393,0.027409478211269097,0.0069189652750026,0.5920501864566906,0.26156355473959975,0.5,-1.8016739340457928,0.02,1.0,MACE-MP::composition_offset,1.0,1.0,shallow_gradient_boosting,ML_estimate_only
job_197_Mn_fe_-0.871_n4_generated_crystals_cif__gen_1,Mn,Li1 Mn2 O4,aaffeb1a4ca0cc257b602f86e6feb2ac9827ff819555c805f94dd8bfe48f143e,SM_Mn_026,1,7.0,156,1.801561,10.927151,-7.602746146065848,-7.605498722621372,0.0646448588020639,0.4984020344418427,-0.0035771649632526,1.7749453028711886,0.020862651547377,156,-6.716097355515678,-6.718837119959396,0.0877256122202993,0.451808461310964,0.0044996062789517,1.7963039042479012,0.0318984851651984,156,0.8866616026619765,0.0110358336178214,0.0080767712422043,0.21784782397875865,0.1875569598603583,0.5,-1.7229020269178,0.02,1.0,MACE-MP::composition_offset,0.9999999999996784,1.0,shallow_gradient_boosting,ML_estimate_only
job_197_Mn_fe_-0.871_n4_generated_crystals_cif__gen_2,Mn,Li1 Mn2 O4,8599b3cab4dfec94f2f1dfea5faf5f3dcd1e3f4d485fb778e474d373e48f3e12,SM_Mn_003,16,7.0,8,1.926711,10.918835,-7.696092878069196,-7.713966369628906,0.1003021174533199,0.5720183394866556,-0.0142270441533939,1.9257151453733083,0.074519696254195,8,-6.836441700481379,-6.848086442533266,0.0805051742343643,0.7185640618140056,-0.0192333301482372,1.9240878309848444,0.0745745956135891,8,0.8658799270956399,5.489935939410884e-05,0.005006285994843301,0.5078943843781338,0.25218176535182996,0.5,-1.8521513494916704,0.02,1.0,MACE-MP::composition_offset,1.0,1.0,shallow_gradient_boosting,ML_estimate_only
job_200_Cr_fe_-1.108_n4_generated_crystals_cif__gen_0,Cr,Li1 Cr2 O4,523406bb7d1291a8c0c5ae4803af95eb82c638b32bd19a1febf9d37149b690f6,SM_Cr_008,15,7.0,8,1.856931,9.799333,-8.027232033865792,-8.028267996651786,0.0944986640150445,1.5096070017055785,0.002104848658804,1.864906832169472,0.008690086140374,8,-7.075086522574674,-7.077298935997379,0.0803113340878381,1.1610271112151207,-0.0003925099805187,1.8734459109746449,0.0260617618656371,8,0.9509690606544074,0.0173716757252631,0.0024973586393227,0.7106987532024752,0.2081791994159206,0.42857142857142855,-2.2698637620528315,0.02,0.9340705604394661,MACE-MP::composition_offset,0.998033894245725,0.9340705604394661,shallow_gradient_boosting,ML_estimate_only
job_200_Cr_fe_-1.108_n4_generated_crystals_cif__gen_2,Cr,Li1 Cr2 O4,58bd00c7c483a76f2fc66b6d2ba3d8a4bf8417baeb149046fd676c278d4be2b7,SM_Cr_003,20,7.0,6,1.932487,10.463639,-8.080866132463727,-8.081562042236328,0.0596339584221232,1.443971947112798,0.0029946265504035,1.93880051904914,0.005875115001737,10,-7.101434626516462,-7.102357312815608,0.097384007394601,1.086418544399389,0.0048898664642982,1.938075080201094,0.0088944857179475,10,0.9792047294207205,0.003019370716210501,0.0018952399138947003,0.7173698564351173,0.21178145387573025,0.42857142857142855,-2.29492213887106,0.02,0.6002109103884924,MACE-MP::composition_offset,0.7322505172476338,0.6002109103884924,shallow_gradient_boosting,ML_estimate_only
job_200_Cr_fe_-1.108_n4_generated_crystals_cif__gen_3,Cr,Li1 Cr2 O4,48b3b61bb5e81434952330f3697efd56ede53e1ee58bfec67b00b6a0a8ba0bb4,SM_Cr_004,12,7.0,12,1.972863,10.598152,-8.08160672869001,-8.083272661481585,0.0831807373062419,0.8010927689240473,-0.0043586218369027,1.954021034141346,0.0152788892510748,12,-7.108819296111139,-7.110871774469933,0.0949211790739319,1.2677447587533417,-0.0059785479076379,1.9535069199328703,0.014980552387305,12,0.9724008870116521,0.0002983368637698002,0.0016199260707351996,0.7164911602670148,0.2164582644438402,0.42857142857142855,-2.3034366005253855,0.02,0.43178557952412466,MACE-MP::composition_offset,0.5551264523557616,0.43178557952412466,shallow_gradient_boosting,ML_estimate_only
job_201_Cr_fe_-1.216_n4_generated_crystals_cif__gen_0,Cr,Li1 Cr2 O4,8e1161299b2d424281e606752573a70ea3aef39211010d3f63d81962652d343d,SM_Cr_004,12,7.0,8,1.973914,10.550378,-8.08252225603376,-8.083751678466797,0.0702726332084171,0.7331066934179449,-0.0020976168224907,1.961870773637256,0.0142398420179631,12,-7.110395334087259,-7.111496002952605,0.0518980853559135,0.6675320207998715,-0.0025711809358244,1.964671340273474,0.0089914111028769,12,0.9722556755141918,0.005248430915086201,0.00047356411333369973,0.8923967713067077,0.12387466652351747,0.42857142857142855,-2.3040608290080575,0.02,0.4195513170921683,MACE-MP::composition_offset,0.6539727936068334,0.4195513170921683,shallow_gradient_boosting,ML_estimate_only
job_201_Cr_fe_-1.216_n4_generated_crystals_cif__gen_1,Cr,Li1 Cr2 O4,4751c143cd58adc58522d069f17750c5498dfd7dc2267e3087694a2f6c433bbf,SM_Cr_003,20,7.0,10,1.945326,10.53169,-8.080854143415179,-8.081849234444755,0.0784190971818365,0.7917563539673951,0.0016440750975903,1.944346716402606,0.0110784596613165,10,-7.101250779923338,-7.102732069134761,0.0869293504319753,1.092534908853945,0.0015740033060387,1.9371934718334525,0.0162800460164702,10,0.9791171653099946,0.005201586355153699,7.007179155159998e-05,0.7408974536265167,0.19598316641941865,0.42857142857142855,-2.295296895190213,0.02,0.5929558775823153,MACE-MP::composition_offset,0.29780915377138917,0.5929558775823153,shallow_gradient_boosting,ML_estimate_only
job_201_Cr_fe_-1.216_n4_generated_crystals_cif__gen_3,Cr,Li1 Cr2 O4,97c9a06972ade2a874040e09d37326fc2c4c00c419dd515a1cab5969898f735f,SM_Cr_006,14,7.0,1,1.948107,10.615802,-8.070374625069755,-8.07125473022461,0.085093239783229,0.5526387186168153,-3.710131085732371e-05,1.9538082675600932,0.0086401702913097,12,-7.093765642670734,-7.094731378779059,0.0444861346406153,0.6214935460818809,-0.0015340064643628,1.9550754506939532,0.0091932913771366,12,0.9765233514455502,0.0005531210858269013,0.0014969051535054763,0.8535448838678896,0.17268244942042654,0.42857142857142855,-2.2872962048345116,0.02,0.737347668955876,MACE-MP::composition_offset,0.3692824099718953,0.737347668955876,shallow_gradient_boosting,ML_estimate_only
job_204_Cr_fe_-0.932_n4_generated_crystals_cif__gen_0,Cr,Li1 Cr2 O4,b8eb5306bac9eee19af8a05860932ecc0c16990079f0db1f1f7a6c5fb49f979c,SM_Cr_006,14,7.0,1,1.950641,10.566526,-8.070267813546318,-8.071572440011161,0.0963941371808606,0.6314883057908016,0.0008577002073348,1.9345946401791312,0.0169259494223887,12,-7.0934971837386485,-7.09450001110238,0.0741012701335947,0.8439836620213264,-0.0012763667710534,1.955270068505944,0.0091290303313704,12,0.9770724289087811,0.0077969190910183,0.0021340669783882,0.7771414844243733,0.17682085996803432,0.42857142857142855,-2.287064837157833,0.02,0.741105756607456,MACE-MP::composition_offset,0.4093351157538122,0.741105756607456,shallow_gradient_boosting,ML_estimate_only
job_207_Cr_fe_-0.848_n4_generated_crystals_cif__gen_1,Cr,Li1 Cr2 O4,221406c747970d4bbd11eb3c66300f3ad316795557972b9ada92e7c8250a1873,SM_Cr_003,20,7.0,6,1.9304,10.671035,-8.081586565290179,-8.081586565290179,0.0710974795286738,0.9410793075436118,0.0,1.930399806420109,0.0,10,-7.102381009193356,-7.103072991244487,0.0922298850403933,1.0891137614727138,-0.0007047205313457,1.925094762979972,0.0067110797863932,10,0.9785135740456914,0.0067110797863932,0.0007047205313457,0.6941126738251753,0.21579818365783263,0.42857142857142855,-2.29563781729994,0.02,0.5863279599797007,MACE-MP::composition_offset,0.4149215357574296,0.5863279599797007,shallow_gradient_boosting,ML_estimate_only
job_207_Cr_fe_-0.848_n4_generated_crystals_cif__gen_2,Cr,Li1 Cr2 O4,a3ff6e003638e1c13a7ad1a333a9f12c05d090cd525920b424af480a06b2c4d1,SM_Cr_003,20,7.0,6,1.927832,10.582394,-8.081174577985491,-8.081873212541852,0.0586153485786043,0.9532075971384152,0.0022341536472192,1.936781175977816,0.006611751434387,10,-7.102107444544909,-7.1028295614260495,0.0836890513599524,1.0833215689151203,0.0025145910202317,1.933481927641376,0.0066394903222489,10,0.9790436511158029,2.7738887861899694e-05,0.00028043737301249993,0.7008958908275648,0.2226867601724819,0.42857142857142855,-2.295394387481502,0.02,0.5910631428156001,MACE-MP::composition_offset,0.783997055011221,0.5910631428156001,shallow_gradient_boosting,ML_estimate_only
job_208_Cr_fe_-1.031_n4_generated_crystals_cif__gen_0,Cr,Li1 Cr2 O4,5e3317dbfc07e58c39b9c4be8d2e4355b9d3f441cf2fcf37c4a2c80382dbb116,SM_Cr_003,20,7.0,10,1.947542,10.630023,-8.081729888916016,-8.081766401018415,0.0950867280438759,0.44688187167062,-1.5598556430962418e-06,1.9479403032353408,0.0006010005448307,10,-7.102086162378487,-7.102988368701019,0.0937554488998632,0.9820974803981174,-0.0007972595446168,1.937540085372668,0.0096077481879706,10,0.978778032317396,0.0090067476431399,0.0007956996889737038,0.7473003986235223,0.19880036524907957,0.42857142857142855,-2.2955531947564713,0.02,0.5879754941484289,MACE-MP::composition_offset,0.39848524418991793,0.5879754941484289,shallow_gradient_boosting,ML_estimate_only
job_208_Cr_fe_-1.031_n4_generated_crystals_cif__gen_1,Cr,Li1 Cr2 O4,08bf01cf2381e2d10e62e9b9bc1dcda99b506e5cd2053afaf29a996b380e65b5,SM_Cr_005,12,7.0,1,1.791559,10.041996,-8.031684875488281,-8.033243451799665,0.0839329559250838,0.4617503331397725,-0.0006002500491359,1.7727027253887202,0.0146049303923752,8,-7.069613176208819,-7.075390086175083,0.0888746150178441,0.8041328807559603,-0.0137185263178427,1.8426071854697408,0.0445983155634147,8,0.9578533656245822,0.029993385171039503,0.0131182762687068,0.7345485881416998,0.19660264471777422,0.42857142857142855,-2.267954912230535,0.02,0.9454503162986209,MACE-MP::composition_offset,0.582643044011643,0.9454503162986209,shallow_gradient_boosting,ML_estimate_only
job_208_Cr_fe_-1.031_n4_generated_crystals_cif__gen_2,Cr,Li1 Cr2 O4,3fe5c82569bd27b76cfa514676159d79f99c754b72d8eee31561f1801ec5b95b,SM_Cr_003,20,7.0,1,1.940192,10.683228,-8.08154024396624,-8.081895010811943,0.0922123247016964,0.2670809408600585,-0.0004958574348311,1.942003623829844,0.0048449263677482,10,-7.102467378557227,-7.103281360621362,0.0986677748845329,0.6521624704822597,-0.0011762858761164,1.934185135131231,0.009926636411507,10,0.9786136501905807,0.005081710043758799,0.0006804284412852999,0.7375624292912804,0.19637929952060204,0.42857142857142855,-2.2958461866768145,0.02,0.5822647469517519,MACE-MP::composition_offset,0.3399281865092254,0.5822647469517519,shallow_gradient_boosting,ML_estimate_only
job_208_Cr_fe_-1.031_n4_generated_crystals_cif__gen_3,Cr,Li1 Cr2 O4,2f5ad66b415dbe5f605634821feee2ff0c23d4214244b1cb10b9b24a4c6d442d,SM_Cr_003,20,7.0,6,1.927078,10.375319,-8.078665597098214,-8.08169446672712,0.0778942019336134,1.0323607981613088,0.0117572606554059,1.9379893136511943,0.0173264898271918,10,-7.099276243982016,-7.103305774955939,0.0259223917523741,1.2238934505314174,0.017862796867611,1.924465259025825,0.0228651122080386,10,0.9783886917711806,0.0055386223808467985,0.006105536212205101,0.8784462298782373,0.12477572032268736,0.42857142857142855,-2.2958706010113916,0.02,0.5817880820517326,MACE-MP::composition_offset,0.8736114564752915,0.5817880820517326,shallow_gradient_boosting,ML_estimate_only
job_212_Cr_fe_-1.473_n4_generated_crystals_cif__gen_0,Cr,Li1 Cr2 O4,aab97403ec853b8f49fc6f9b14ace0640bcddf24f132bbe8148030891a4c6877,SM_Cr_004,12,7.0,12,1.981658,10.647302,-8.081739153180804,-8.083856855119977,0.0990814321169143,0.747511620584785,-0.005298190663647,1.9646360481994705,0.0176399695652821,12,-7.108887810213929,-7.111163341591521,0.0682248284165323,1.4568067159304678,-0.0045647947574465,1.9693358084280117,0.0120741711938661,12,0.9726935135284567,0.005565798371416001,0.0007333959062004996,0.7524268590684586,0.19383295608652196,0.42857142857142855,-2.303728167646973,0.02,0.4260622597371402,MACE-MP::composition_offset,0.1314713489644217,0.4260622597371402,shallow_gradient_boosting,ML_estimate_only
job_212_Cr_fe_-1.473_n4_generated_crystals_cif__gen_2,Cr,Li1 Cr2 O4,7f33bb79af2084e7bc7bcf69bdecc89f3870846c05a680fc44da4154479bf8da,SM_Cr_002,15,7.0,44,1.970959,9.893825,-8.032047271728516,-8.033108847481865,0.0901686565465148,1.4104255824432723,0.0054290913184076,1.9620103771186408,0.0072635124359669,119,-7.077405274564748,-7.077405274564748,0.0885160924401653,1.5645793778863937,0.0,1.970959416390058,0.0,119,0.9557035729171162,0.0072635124359669,0.0054290913184076,0.7809973745565075,0.16197832829512365,0.42857142857142855,-2.269970100620201,0.02,0.9333862065132074,MACE-MP::composition_offset,0.4070343826979723,0.9333862065132074,shallow_gradient_boosting,ML_estimate_only
job_212_Cr_fe_-1.473_n4_generated_crystals_cif__gen_3,Cr,Li1 Cr2 O4,8ecfacf109827abc7385e46a3d8b8f813f60181bb6351a1b8b38e01f32a3c85f,SM_Cr_004,12,7.0,8,1.976337,10.529904,-8.081860678536552,-8.083648681640625,0.0862920038690127,1.204161546952284,-0.0029520197680918,1.9647108152411172,0.017667633946461,12,-7.109143408905395,-7.110922766741775,0.0608732658376401,1.0489574536286548,-0.0032211595187644,1.967692741554251,0.0114546074753033,12,0.9727259148988496,0.006213026471157698,0.00026913975067259987,0.8866023054897056,0.13009218324098645,0.42857142857142855,-2.303487592797228,0.02,0.4307835571041604,MACE-MP::composition_offset,0.3275740561982191,0.4307835571041604,shallow_gradient_boosting,ML_estimate_only
job_214_Cr_fe_-0.857_n4_generated_crystals_cif__gen_1,Cr,Li1 Cr2 O4,02c085d184b33ad4dbf3f8a275e8980f4743a319ac4b4a661ab45a8420ea5397,SM_Cr_011,4,7.0,10,1.926701,10.951101,-8.057320731026786,-8.06015123639788,0.0803331146987512,1.0779045914621328,0.0018983509841683,1.8832720315806024,0.0242404835866777,10,-7.078467270186353,-7.084615665275321,0.0649739046804992,1.3651154732285498,0.0049159946058598,1.8457772883158656,0.0425128575440191,10,0.9755355711225588,0.018272373957341402,0.0030176436216915,0.496215297908662,0.2954470275112286,0.42857142857142855,-2.277180491330774,0.02,0.8730599268622705,MACE-MP::composition_offset,0.18069850525513054,0.8730599268622705,shallow_gradient_boosting,ML_estimate_only
job_214_Cr_fe_-0.857_n4_generated_crystals_cif__gen_3,Cr,Li1 Cr2 O4,aad6f536f21b4fdd4e2644a539021142ce1f5ec1a1d29d36121cb210fae8d944,SM_Cr_005,12,7.0,8,1.80045,10.115854,-8.03057861328125,-8.033133370535714,0.0950991560433945,0.7572322624297213,-0.003573685858903,1.773702291966411,0.0203723303893083,8,-7.068877889531059,-7.075617236302995,0.0954245518077323,0.763748721249557,-0.0219887289301683,1.83352948168813,0.0461066378337105,8,0.9575161342327183,0.025734307444402204,0.018415043071265298,0.7530299591698077,0.1895970382925015,0.42857142857142855,-2.2681820623584477,0.02,0.9441836078103029,MACE-MP::composition_offset,0.6135476787570802,0.9441836078103029,shallow_gradient_boosting,ML_estimate_only
job_216_Cr_fe_-0.890_n4_generated_crystals_cif__gen_0,Cr,Li1 Cr2 O4,761f16a951c9739e446ad83b7d71c48d267e6c286e4960cf8b6b9198671db698,SM_Cr_002,15,7.0,44,1.947882,9.91291,-8.031762259347099,-8.032285417829241,0.0268399965882901,1.4100801512796306,0.0046353343623957,1.9511846125212555,0.003566007221356,44,-7.077798129707391,-7.07880590782198,0.0800213298781039,1.332441739374397,0.0024685686257661,1.9516568172079511,0.0110688538313821,44,0.953479510007261,0.0075028466100261005,0.0021667657366296,0.7375337521995776,0.1949647928601982,0.42857142857142855,-2.2713707338774327,0.02,0.9238512619237653,MACE-MP::composition_offset,0.48466950001650744,0.9238512619237653,shallow_gradient_boosting,ML_estimate_only
job_216_Cr_fe_-0.890_n4_generated_crystals_cif__gen_2,Cr,Li1 Cr2 O4,535a29eab5877764f21ab849d3ec3977cc9be54e5dc719f96993214ebb45331b,SM_Cr_002,15,7.0,8,1.946467,9.845351,-8.030349731445312,-8.03259767804827,0.0377044098809403,1.4323924678073572,0.0123377854280255,1.9525053779104813,0.0120070272042508,44,-7.077049786838748,-7.078907373099668,0.0642706007943343,1.220677882454251,0.0099734573357981,1.9519205744467223,0.0159658185377409,44,0.9536903049486032,0.0039587913334901,0.0023643280922274,0.7687369530599756,0.2039068379215967,0.42857142857142855,-2.27147219915512,0.02,0.9231221067865616,MACE-MP::composition_offset,0.9655605262559952,0.9231221067865616,shallow_gradient_boosting,ML_estimate_only
job_216_Cr_fe_-0.890_n4_generated_crystals_cif__gen_3,Cr,Li1 Cr2 O4,8a37adb745f0f4888f34b3e253319105791cf3b4782e0a028dbf1b0bb2be0cd0,SM_Cr_005,12,7.0,8,1.841265,9.935483,-8.027879987444196,-8.032472882952009,0.0819625918981433,1.335067722397835,0.0058613790578321,1.7797019288424214,0.0273902269947375,8,-7.072720761004469,-7.075551185795439,0.0681109707407134,1.2313225737955134,7.444423754909835e-05,1.84632554145986,0.0222019825155717,8,0.9569216971565693,0.005188244479165802,0.005786934820283002,0.7216774394870843,0.20455026042660343,0.42857142857142855,-2.268116011850892,0.02,0.94455431039737,MACE-MP::composition_offset,0.9942840452212426,0.94455431039737,shallow_gradient_boosting,ML_estimate_only
job_220_Cr_fe_-1.305_n4_generated_crystals_cif__gen_0,Cr,Li1 Cr2 O4,b35c945df131fae69276ed8897ea0752e0e1aa53a30f4542973ef4f66724de74,SM_Cr_002,15,7.0,1,1.937664,10.044787,-8.031214032854352,-8.031595502580915,0.0648789675543782,1.0048779068247198,0.0009008573381801,1.941591358086644,0.0047189693234455,44,-7.076766543338127,-7.077821109003415,0.0660987894693327,1.544672965713406,-0.0011674598126952,1.9480446469571409,0.0120138367554735,44,0.9537743935774996,0.007294867432027999,0.0020683171508753,0.7612806672219367,0.19400458507238139,0.42857142857142855,-2.2703859350588678,0.02,0.9306571658270757,MACE-MP::composition_offset,0.2166086556017257,0.9306571658270757,shallow_gradient_boosting,ML_estimate_only
job_220_Cr_fe_-1.305_n4_generated_crystals_cif__gen_1,Cr,Li1 Cr2 O4,4adfcd0765a6d9c60c3d6870392bd735d59ebbbce59c090b15556522a35b7a7a,SM_Cr_006,14,7.0,8,1.941675,10.630626,-8.068674904959542,-8.07024165562221,0.0838219170828583,0.8859228289623847,0.0012167578662718,1.943333186911963,0.0143618367398752,12,-7.093288007882778,-7.09427463025512,0.0382015862951594,0.6225094214340217,-0.0006071056961162,1.9496375762673392,0.0096864394667288,12,0.9759670253670905,0.004675397273146401,0.0018238635623879999,0.8883401709575751,0.12374917268972521,0.42857142857142855,-2.286839456310572,0.02,0.7447396683613527,MACE-MP::composition_offset,0.8252660209629692,0.7447396683613527,shallow_gradient_boosting,ML_estimate_only
job_220_Cr_fe_-1.305_n4_generated_crystals_cif__gen_2,Cr,Li1 Cr2 O4,58b63df8d357144ee7731b3e7b607b82a1f6e35e553c8ac744ed5d15e3e02050,SM_Cr_010,6,7.0,8,1.800618,11.369898,-8.01650619506836,-8.019162859235491,0.039696741963377,1.27186635345473,-0.0041549153492074,1.7986366825194795,0.0192682288237012,8,-7.0431768250346,-7.047701087355099,0.0815848718281493,1.3734970714192434,-0.0033438564819441,1.814525457863323,0.023149327543958,8,0.9714617718803922,0.0038810987202568016,0.0008110588672633002,0.3684799898345629,0.24758408949945748,0.42857142857142855,-2.2402659134105516,0.02,0.9985899884202184,MACE-MP::composition_offset,0.9748644930937285,0.9985899884202184,shallow_gradient_boosting,ML_estimate_only
job_223_Mg_fe_-1.268_n4_generated_crystals_cif__gen_1,Mg,Li1 Mg2 O4,0a4bfb327d0db0c0cf4c2e8b5b93999520197cc06b5c52fcf761e39e2271e1db,SM_Mg_004,15,7.0,5,1.999021,10.630247,-5.447895050048828,-5.461432320731027,0.0492459357882119,1.3118307246946923,0.0493503121966447,2.023161103222673,0.1018428058917328,119,-5.062499349195186,-5.0632092856105855,0.047471139395528,1.4576594309058406,-4.041899753071121e-05,2.0104923226162303,0.0062192638060677,119,0.39822303512044144,0.09562354208566509,0.04939073119417541,0.8282808992221965,0.13537765463190857,0.75,-1.516409087970457,0.02,0.7940214423829499,MACE-MP::composition_offset,0.9990664302453149,0.7940214423829499,shallow_gradient_boosting,ML_estimate_only
job_224_Mn_fe_-1.419_n4_generated_crystals_cif__gen_0,Mn,Li1 Mn2 O4,8bcf6585177d669a3a2550de4eb7ce09e693305052e8c2ea389f3f2d73579757,SM_Mn_004,35,7.0,1,1.91953,11.104885,-7.719790322440011,-7.720466613769531,0.0811793041239535,0.4862550557527645,-0.0009959777114664,1.919460590086111,0.0094783887973562,1,-6.850847738971519,-6.8514909015518,0.0988924685721534,0.7606776158968162,-0.0006479051800513,1.9149927359094825,0.0068712380323713,1,0.8689757122177308,0.002607150764984899,0.0003480725314151,0.4257333249194916,0.2534935618299236,0.5,-1.8555558085102044,0.02,1.0,MACE-MP::composition_offset,1.0,1.0,shallow_gradient_boosting,ML_estimate_only
job_224_Mn_fe_-1.419_n4_generated_crystals_cif__gen_2,Mn,Li1 Mn2 O4,dd36e74b345ea57f64ec2b465d257f2c9bcac0cb8150789606a13a1cb7f2b8fb,SM_Mn_007,7,7.0,1,1.881909,10.157541,-7.672604697091239,-7.676027570452009,0.0786903533551857,0.660775645966233,0.0066066387191348,1.902677794872059,0.0464609264852645,1,-6.79479630444267,-6.798117043505354,0.0946787993259346,0.8417051608510889,0.0027710009628603,1.896033906165267,0.0304124204573002,1,0.8779105269466543,0.0160485060279643,0.0038356377562745,0.5017713662295313,0.2603618312243048,0.5,-1.8021819504637584,0.02,1.0,MACE-MP::composition_offset,1.0,1.0,shallow_gradient_boosting,ML_estimate_only
job_224_Mn_fe_-1.419_n4_generated_crystals_cif__gen_3,Mn,Li1 Mn2 O4,5a8cf57d460660b7822c7862338e0bc716970365f5ebc8969ac48e568f460e1b,SM_Mn_004,35,7.0,1,1.916365,10.719872,-7.721509660993304,-7.722315652029855,0.0896913403162,1.012395249938626,0.002320424453446,1.9233344960925869,0.0070950702348925,2,-6.853043535815215,-6.85405937471868,0.0851669759015695,1.163213052814514,0.0057608993469546,1.9173075469385363,0.0112904785633117,2,0.8682562773111746,0.004195408328419201,0.0034404748935086002,0.5083165093688496,0.26243309218131505,0.5,-1.8581242816770844,0.02,1.0,MACE-MP::composition_offset,1.0,1.0,shallow_gradient_boosting,ML_estimate_only
job_227_Mg_fe_-1.196_n4_generated_crystals_cif__gen_3,Mg,Li1 Mg2 O4,c69f9885a6b066abc1ba9266052d32e315af7c4863e52132361bf269216c86cb,SM_Mg_004,15,7.0,44,2.03619,11.099212,-5.456117357526507,-5.464929853166852,0.0720420571518064,1.2253973567283505,0.0208038426323633,2.0371868126021333,0.1206738571592921,119,-5.066915033498162,-5.067197029160494,0.0955765651718887,1.4140648125539867,-0.0011007712662356,2.0364405220397037,0.0023962044458582,119,0.3977328240063587,0.1182776527134339,0.0219046138985989,0.5812318586127019,0.2495258212524905,0.75,-1.5203968315203653,0.02,0.84609819920392,MACE-MP::composition_offset,0.9583869265176449,0.84609819920392,shallow_gradient_boosting,ML_estimate_only
job_230_Mg_fe_-1.419_n4_generated_crystals_cif__gen_3,Mg,Li1 Mg2 O4,6786fc3eb3d8e90f7cb3f6bd3e8c56a7bb5dbf6b495b18ae672fe4db70b71fcf,SM_Mg_004,15,7.0,8,2.036821,10.88812,-5.452491215297154,-5.460118974958148,0.0612141906200175,1.3058893086800534,0.0167711121236546,2.033016059583483,0.0618150428196586,119,-5.064224576164475,-5.064812326713056,0.056264891404068,1.4366175072730647,-0.0027504813419326,2.029815028416434,0.0048860550078963,119,0.395306648245092,0.0569289878117623,0.0195215934655872,0.7878704734201486,0.16580203838038549,0.75,-1.5180121290729272,0.02,0.8161011989833107,MACE-MP::composition_offset,0.9861774215073668,0.8161011989833107,shallow_gradient_boosting,ML_estimate_only
job_232_Mn_fe_-1.004_n4_generated_crystals_cif__gen_1,Mn,Li1 Mn2 O4,5d2b3447081631b0751ce28584b9c06f557977dcd83d01fb007763d563b4280d,SM_Mn_013,8,7.0,8,1.910576,10.180845,-7.67768314906529,-7.677822113037109,0.0959093302824773,1.1297120291136151,6.526411256690956e-05,1.9124015585950929,0.0018330782693456,119,-6.81110791961956,-6.811212477995598,0.0544309792727977,1.5347082226487605,-0.0006386239194936,1.910037299701954,0.0012342741439385,119,0.8666096350415113,0.0005988041254070999,0.0007038880320605096,0.6925450094089673,0.23151934662670087,0.5,-1.815277384954002,0.02,1.0,MACE-MP::composition_offset,1.0,1.0,shallow_gradient_boosting,ML_estimate_only
job_232_Mn_fe_-1.004_n4_generated_crystals_cif__gen_2,Mn,Li1 Mn2 O4,ae8947258c7de037dc91ef7a5a9b35d4633b82b7db3cae4d19f86b4fc22d975c,SM_Mn_012,5,7.0,1,1.823281,11.707497,-7.639573778424944,-7.6451535906110495,0.0796434053812635,0.5469228027516594,0.0077663272655126,1.8368123591110344,0.0301115686322204,1,-6.771744456023714,-6.798888515486035,0.0740779040356194,0.5777801275473519,-0.0451981450715009,1.8810822183949645,0.1964197791871422,1,0.8462650751250145,0.16630821055492181,0.0529644723370135,0.3672340531805006,0.2503422159925214,0.5,-1.802953422444439,0.02,1.0,MACE-MP::composition_offset,0.9999999999999992,1.0,shallow_gradient_boosting,ML_estimate_only
job_232_Mn_fe_-1.004_n4_generated_crystals_cif__gen_3,Mn,Li1 Mn2 O4,c62b5ff72d7b3737f7657c61f1d23bbc31a126a65a95cf189faf05385ab3eb13,SM_Mn_012,5,7.0,1,1.7887,11.602327,-7.63428715297154,-7.658802032470703,0.0951228479708574,0.768841136957295,-0.02441981192755,1.8850566131615527,0.1189609724834969,8,-6.774154510055672,-6.799145622005463,0.0967879499006632,1.216135749142224,-0.038015536104797,1.875896087429676,0.1248094622502532,8,0.8596564104652398,0.00584848976675631,0.013595724177246998,0.3740849240523277,0.2544543947348741,0.5,-1.8032105289638674,0.02,1.0,MACE-MP::composition_offset,1.0,1.0,shallow_gradient_boosting,ML_estimate_only
job_233_Mn_fe_-1.136_n4_generated_crystals_cif__gen_0,Mn,Li1 Mn2 O4,db26636f75c47b2e7f4e5ea20e6040f4071573fbf55b99b481e6688e522bdbb6,SM_Mn_010,10,7.0,1,1.856141,10.23144,-7.66527339390346,-7.667542593819754,0.0840673280788376,0.9049235573560792,0.0028886467667474,1.876600455275081,0.0165276915029522,1,-6.800119831190641,-6.801883291600044,0.0920700064347248,0.7201851453974444,0.0016272359737059,1.8749891336172235,0.0119863853614674,1,0.8656593022197105,0.0045413061414848015,0.0012614107930414998,0.5303784975295541,0.25122027287372467,0.5,-1.8059481985584478,0.02,1.0,MACE-MP::composition_offset,1.0,1.0,shallow_gradient_boosting,ML_estimate_only
job_233_Mn_fe_-1.136_n4_generated_crystals_cif__gen_1,Mn,Li1 Mn2 O4,295d6fe863eebebe759049c21f1f36051e756ecebf001d573188e7d6fa688434,SM_Mn_010,10,7.0,1,1.859697,10.261261,-7.666308266775949,-7.668363298688616,0.0989254075146065,0.4489626654403759,0.0016486916183848,1.877738962321152,0.0169071850414406,1,-6.800082960309328,-6.802156730291692,0.0911910301706638,0.592610178064282,0.0012441008861354,1.877283468055993,0.0179429722225678,1,0.8662065683969242,0.0010357871811271999,0.00040459073224940003,0.5049877247567938,0.2539017146935688,0.5,-1.806221637250096,0.02,1.0,MACE-MP::composition_offset,1.0,1.0,shallow_gradient_boosting,ML_estimate_only
job_233_Mn_fe_-1.136_n4_generated_crystals_cif__gen_2,Mn,Li1 Mn2 O4,fd948a3b7b7cae7ce8d53e94ea74f0fdd0fba0f7cf78e3029f1915f780efe8de,SM_Mn_004,35,7.0,6,1.923331,10.711757,-7.722752707345145,-7.723015921456473,0.0849886333926977,0.963716762086706,0.0010407536680587,1.926655837251652,0.0025625718531828,10,-6.854293658879251,-6.855006928271787,0.0824374398640006,1.0420439447227714,0.0043386996741918,1.9291143313550947,0.0069810719474743,10,0.8680089931846862,0.0044185000942915,0.0032979460061331,0.5318208314387465,0.26249638875059217,0.5,-1.859071835230191,0.02,1.0,MACE-MP::composition_offset,1.0,1.0,shallow_gradient_boosting,ML_estimate_only
job_234_Cr_fe_-1.123_n4_generated_crystals_cif__gen_0,Cr,Li1 Cr2 O4,f65cc900009010b0e60c4595590a59a95f2e81e2f0dce2be0db1488aa6a5c5d4,SM_Cr_006,14,7.0,8,1.942167,10.518673,-8.070238930838448,-8.071108136858259,0.0973958513389987,0.6107801178698703,0.0007222986409254,1.9485234833004568,0.0085762004908608,12,-7.093345551715651,-7.094127597124411,0.0445125044063791,0.6901899538186811,-0.0007290690869395,1.9499556195860477,0.0084983045290382,12,0.976980539733848,7.789596182260043e-05,0.0014513677278649001,0.8711079774887389,0.161673166701764,0.42857142857142855,-2.286692423179863,0.02,0.7470958925768556,MACE-MP::composition_offset,0.6346612677708807,0.7470958925768556,shallow_gradient_boosting,ML_estimate_only
job_234_Cr_fe_-1.123_n4_generated_crystals_cif__gen_2,Cr,Li1 Cr2 O4,580806bb87643bfa3de7297ff59b2285d110b9d46cd49f1f2f295420b6db6528,SM_Cr_008,15,7.0,1,1.850188,9.725232,-8.025804792131696,-8.02905763898577,0.0987715823869962,0.5694169369350653,0.0135298332776232,1.8606322883744688,0.026367413268142,8,-7.075278553539441,-7.077348426861491,0.0911203072999606,0.8496846296041548,0.0061398658793132,1.881556249843736,0.0266663830539062,8,0.9517092121242801,0.00029896978576419986,0.00738996739831,0.6994444702210099,0.2116599464439429,0.42857142857142855,-2.2699132529169432,0.02,0.9337527371904006,MACE-MP::composition_offset,0.9974071233694336,0.9337527371904006,shallow_gradient_boosting,ML_estimate_only
job_234_Cr_fe_-1.123_n4_generated_crystals_cif__gen_3,Cr,Li1 Cr2 O4,bb4a63891ac5b1af49b278cb564beeb0669ccb0f7eb0d9039ad64294b4983624,SM_Cr_016,2,7.0,8,1.785264,10.601085,-7.959594181605747,-7.963027954101562,0.0790527943970708,0.6114360267413945,0.0007115000354207,1.7569205999204631,0.0244783617901,156,-7.004425829479655,-7.00929267538226,0.0583608215793101,1.4928296916610415,-0.0012668714729455,1.7677931718510542,0.0374733344329857,156,0.9537352787193019,0.0129949726428857,0.0019783715083662,0.43642586256871196,0.278312080223821,0.42857142857142855,-2.201857501437712,0.02,0.9999995378941582,MACE-MP::composition_offset,0.9987898557536451,0.9999995378941582,shallow_gradient_boosting,ML_estimate_only
job_239_Mg_fe_-1.280_n4_generated_crystals_cif__gen_2,Mg,Li1 Mg2 O4,1811ea54d273335eeb6a43da3da9fa856e1ba6d7e630ea2b6408b478b3595a48,SM_Mg_005,2,7.0,1,1.508819,11.010256,-5.472527640206473,-5.576765877859933,0.1098053732940468,1.5493662032479136,-0.1023867546881166,1.4274589580119394,0.3891336352775076,12,-5.215243991231548,-5.255070068455159,0.0569764768696768,1.1284639743460834,0.0030005596555477,1.4755329273440216,0.2453495158949482,12,0.3216958094047744,0.14378411938255942,0.1053873143436643,0.4253849099058595,0.26456556379524077,0.75,-1.7082698708150303,0.02,1.0,MACE-MP::composition_offset,2.3288079874707034e-13,1.0,shallow_gradient_boosting,ML_estimate_only
job_240_Cr_fe_-1.413_n4_generated_crystals_cif__gen_0,Cr,Li1 Cr2 O4,79d305803e47dce6d5ae186527a2e2442b9999687894dfa65fd5dde054000df3,SM_Cr_006,14,7.0,8,1.943465,10.496248,-8.06981931413923,-8.071119035993304,0.0961206272567721,0.5590797041933866,0.0018394393127747,1.9466054192375628,0.0165854550705654,12,-7.09301367905161,-7.093857198868088,0.0736725897153949,0.7094484513967563,-0.0005482436704353,1.9510344715020589,0.0086633153224942,12,0.9772618371252157,0.0079221397480712,0.00238768298321,0.7794804207375529,0.17350895894397483,0.42857142857142855,-2.2864220249235405,0.02,0.7513989923134561,MACE-MP::composition_offset,0.6719320284672265,0.7513989923134561,shallow_gradient_boosting,ML_estimate_only
job_240_Cr_fe_-1.413_n4_generated_crystals_cif__gen_1,Cr,Li1 Cr2 O4,f287935f6e59e351d349b7b9c75e349fba32e8196699b811fc2ef068ff14a32c,SM_Cr_008,15,7.0,8,1.855314,9.80462,-8.025812421526227,-8.029432024274554,0.0847887996942444,0.9530844953198389,0.011109439358063,1.8554096459038036,0.0472938845865045,8,-7.074553450798521,-7.077392074919833,0.0878006604726824,0.9779888016268612,-0.002334282555187,1.8797036718983,0.0371771321206577,8,0.9520399493547211,0.010116752465846798,0.01344372191325,0.7413713478264299,0.19431964922686537,0.42857142857142855,-2.269956900975285,0.02,0.9334714520123262,MACE-MP::composition_offset,0.9894800496256962,0.9334714520123262,shallow_gradient_boosting,ML_estimate_only
job_240_Cr_fe_-1.413_n4_generated_crystals_cif__gen_2,Cr,Li1 Cr2 O4,f56a0f97453506841797375b4e3bb41ee10f9888a390f18cf73b1ebc9deea85e,SM_Cr_008,15,7.0,1,1.862688,9.869342,-8.02761949811663,-8.028450012207031,0.0941341443101626,0.8963741733595257,-0.0001590528845129,1.86212901868266,0.007812849173736,8,-7.074732992474794,-7.07636897981596,0.0851202012870952,1.3644205746303548,-0.0052387873641851,1.8744682133078088,0.0150321248054896,8,0.9520810323910709,0.0072192756317536,0.005079734479672199,0.728915944454991,0.20960389753578604,0.42857142857142855,-2.268933805871413,0.02,0.939825418763732,MACE-MP::composition_offset,0.9771844504768762,0.939825418763732,shallow_gradient_boosting,ML_estimate_only
job_249_Cr_fe_-1.500_n4_generated_crystals_cif__gen_0,Cr,Li1 Cr2 O4,b2eb10dd50999799bf2bc0c5a2043a1cc5b8b3bc3b967d64465c4a36c5113036,SM_Cr_004,12,7.0,8,1.981394,10.748732,-8.081408364432198,-8.083976745605469,0.0926021953885882,0.8793303162382203,-0.0067405789086495,1.9598476304376735,0.0171041279474065,12,-7.108465364344132,-7.111329158012554,0.1000141926882884,0.765120741079822,-0.0083233389249666,1.9653681141334736,0.0176527012127994,12,0.972647587592915,0.0005485732653928987,0.0015827600163170995,0.6658840078735365,0.2425490081595474,0.42857142857142855,-2.303893984068006,0.02,0.4228142177860593,MACE-MP::composition_offset,0.05751167264909285,0.4228142177860593,shallow_gradient_boosting,ML_estimate_only
job_249_Cr_fe_-1.500_n4_generated_crystals_cif__gen_2,Cr,Li1 Cr2 O4,40e388f330037c9c897bc1c83ea63dadb98206b3369351ae1a5eba450ebc482a,SM_Cr_010,6,7.0,8,1.828482,11.379953,-8.015027727399554,-8.019290924072266,0.0631535509336288,0.9986172467605724,-0.007422737110184,1.7996656418362698,0.024958824861395,8,-7.043619190357566,-7.047399874260818,0.0623842213636579,1.0461781796600174,-0.0076154197833313,1.8130053566541189,0.016201423251911,8,0.9718910498114477,0.008757401609484003,0.00019268267314729963,0.6201196832143931,0.24977062079539322,0.42857142857142855,-2.2399647003162704,0.02,0.998657903434255,MACE-MP::composition_offset,0.9783680606493398,0.998657903434255,shallow_gradient_boosting,ML_estimate_only
job_249_Cr_fe_-1.500_n4_generated_crystals_cif__gen_3,Cr,Li1 Cr2 O4,785f0049ace05b8c492c66728ae311fdf3f862cca90b9ae6aae15f172606d285,SM_Cr_021,1,7.0,1,1.915505,11.12234,-8.074896676199776,-8.075600760323661,0.0995596301596265,0.8861565732033545,0.0011408691090686,1.915645411364828,0.00725967141983,1,-7.095834294076515,-7.096395394190769,0.0742881962856229,1.0692768399908192,0.000735729766345,1.9180420610666544,0.006417958859686,1,0.9792053661328923,0.0008417125601440003,0.00040513934272359993,0.2814329514868702,0.22778316931850157,0.42857142857142855,-2.2889602202462216,0.02,0.709522050908496,MACE-MP::composition_offset,0.5633475581735357,0.709522050908496,shallow_gradient_boosting,ML_estimate_only
