relative_path,bytes,sha256
".gitattributes",198,9f8ba588649bfd40db8641d8b7b5119381632cea7586797cc131554e691b46ca
".gitignore",470,5f651c2e550f9d4f585806693e5aadf8175e13056cd089a569b1e177eaea04e8
".zenodo.json",656,dfeb9fa48fb64c32bd986ae2161d6f16858ce549656c31ea255211006a060bfb
"CITATION.cff",679,079490f38fe2a5b3b4836af0719831b21dddd15ab74d1a2457ee4616a26f44d3
"code/experiments/active_learning/.pytest_cache/.gitignore",39,e7c6bb30148cf667606dcd63e7ca77acaa3cfb0c8303bf09e6419e1e1669dc6d
"code/experiments/active_learning/.pytest_cache/CACHEDIR.TAG",191,37dc88ef9a0abeddbe81053a6dd8fdfb13afb613045ea1eb4a5c815a74a3bde4
"code/experiments/active_learning/.pytest_cache/README.md",310,420e808d79a6c25d3cda0af33bc4782314a14949866682c68ce8149e89b66b70
"code/experiments/active_learning/.pytest_cache/v/cache/lastfailed",249,978753fe0b964ea042a7ad4a67d62db7472ad677c50cd96f6148144c486eb18e
"code/experiments/active_learning/.pytest_cache/v/cache/nodeids",4068,1ec114496a2362dc5c3a7bf87ea77320e271c2ef03d972545e656fae18a81d50
"code/experiments/active_learning/__pycache__/active_learning_energy_gate_ablation.cpython-311.pyc",39894,3e11d09bcd956009019ad28d729bfc8d493ffb436b1efcf92bdb40dfa48b5c78
"code/experiments/active_learning/__pycache__/mc_dropout_protocol.cpython-311.pyc",11064,fea36278d74e5b0ab5d140c05f4e438f7534d053341d315f2bed2b0718279539
"code/experiments/active_learning/__pycache__/mc_dropout_seed_policy.cpython-311.pyc",3652,24e33d2f747b4e8fa8a7749a7a552b98d68e7219177876902fc9d581bc5c2680
"code/experiments/active_learning/__pycache__/uncertainty_units.cpython-311.pyc",7362,8153f02faafdfaac429b653ac1a233b8280b59e119c9039fe4e1afa185e611a0
"code/experiments/active_learning/active_learning_energy_gate_ablation.py",24069,6e3dd1dac9518be4bb8c6a286c68b70f6b00afb894bbcf0879b1017b524f64b3
"code/experiments/active_learning/active_learning_etdg_tage.py",22777,07a7003a48c7701405449ab0f19bf586caf3d6e6d65583efab4bb48b1d341a67
"code/experiments/active_learning/analysis/__init__.py",54,02fbd6300ebd84a08eb5e8d02b737be5c5a037f1f0825667f0f62a74fce63a5b
"code/experiments/active_learning/analysis/__pycache__/__init__.cpython-311.pyc",363,ebbb4654f2fdcc76d43f210f0e05bc50c4a7935f3065bc0ff9c5f0c95ca28013
"code/experiments/active_learning/analysis/__pycache__/audit_common.cpython-311.pyc",8569,a2d28bbbf6d198c4f4b1c2c86de4db9f8cf8c232a76b31ca41a663d8fbc2ee74
"code/experiments/active_learning/analysis/__pycache__/run_gate_ablation_smoke.cpython-311.pyc",40652,e00259343990e193b7c16bf4d0ec5fb69cb00381e28d1363edd2a755d27e1bb5
"code/experiments/active_learning/analysis/analyze_concurrency_benchmarks.py",24315,2b8e4934dfd330c42c95330a6ca8d873af008a5e7e8953670ab72f4cb2d25ce7
"code/experiments/active_learning/analysis/analyze_dft_kpoint_convergence.py",13036,2d9b7249fa42c5f3ce0d7f0643c390d149d34fdc97bc7b6cbfb9077905d59fa3
"code/experiments/active_learning/analysis/analyze_gpu_parameter_calibration.py",15012,1b65c32846b92e9f3a5e0926fd7089633692787f39064267d0ba253011d64757
"code/experiments/active_learning/analysis/analyze_mc_dropout_selection.py",16460,24008fde54948dd137e40c1b5f72e9f1aa7211f33428016fbfe7b41833edcc2f
"code/experiments/active_learning/analysis/analyze_structural_gate_feasibility.py",23477,cee2336876bf2683e2ae0ced7c09d101e40cf5678d62be5d58ceeb100fe4b72f
"code/experiments/active_learning/analysis/audit_common.py",4554,730291cea0b2a23e781f575f4015343696e1bbfa8db2dddd868eb2e728ee5f5e
"code/experiments/active_learning/analysis/audit_seed_variation.py",19050,2f5fe8f7fd27c4ca57faca72373d9b6f9376f265e56be4ba594a46ad0788c3d9
"code/experiments/active_learning/analysis/build_audit_output_manifest.py",3371,cd93235af4ae9f2f239895fff93c2e73bfe6e86cdf852f6307421715df1f945b
"code/experiments/active_learning/analysis/build_dft_manifest.py",21641,af4f8207ecb3d7dc7f235f9a0436bbeb3257f4a149add5aaca0c9df97e2fd604
"code/experiments/active_learning/analysis/build_formal_group_key_maps.py",2552,30780db037d0deb3c4623c453023a00572aedf329056caceb177ddc9f595e132
"code/experiments/active_learning/analysis/build_group_key_inventory.py",14986,14f553004af5e589a8d93d65197a8b21166db7e0048464fcf8720b5f8f4d3b23
"code/experiments/active_learning/analysis/build_hidden_evaluability_audit_scores.py",2289,220936a6bc77b040a7f94aeb81fde9d99c714aef5893a3683de0248cd7b3d352
"code/experiments/active_learning/analysis/build_matched_seed_figures.py",13562,bd68bf283dcf51493c0ad82e08ab173d638af7f06cd605c7f0d2602bfb9f592c
"code/experiments/active_learning/analysis/build_mn_mg_gpu_manifest.py",4121,92c089082e98993f7568c3c6a765d545bd55f7f2125012dacd7cc36c30cbffa0
"code/experiments/active_learning/analysis/build_mn_mg_report_artifact.py",28056,760a71b138757e9130cf1213e8dead3c4b15de3983b1f3b6531c5e0ed10f38e6
"code/experiments/active_learning/analysis/build_structural_gate_feasibility_assets.py",7392,6afc856ac42909e65cc95f593c1fa3761afcd66dc14c0feb2a91d2418068cb5b
"code/experiments/active_learning/analysis/build_structural_gate_feasibility_manifest.py",5711,485209495561f7966c53ae66a85d8ec6ad542e5176b91c6e72d4c7272db15b6d
"code/experiments/active_learning/analysis/extract_dft_audit.py",30957,7943ae7aa3436a9137589ba6ad7dbf65c5e814ab0521dfc78f4d7bb45426fb81
"code/experiments/active_learning/analysis/finalize_gpu_calibration.py",4102,3e7389b3c428bded786bc97000dc44eff05532edb1adbf9c9e8d6238181d565d
"code/experiments/active_learning/analysis/freeze_final_gpu_protocol.py",7351,e7a126a74be71bb5f241b7f1cd7b06959c9f5cca4365ed36a38b1f460d8e7a26
"code/experiments/active_learning/analysis/mn_mg_interval_analysis.py",65860,9758af9aeba6810d20dc38d6bdd70901b5570410e6e69c12bc656ae7c9bbf3ef
"code/experiments/active_learning/analysis/prepare_dft_kpoint_extension.py",6101,b533d0179d687d9f50727e5c5b6c41f26df04a470cea2dead454d469b1f7d347
"code/experiments/active_learning/analysis/prepare_dft_kpoint_jobs.py",8987,a7d16e0c4e1bb81b9f9d93645a2814f86fe30a0674da35abe8a735d7aad592f0
"code/experiments/active_learning/analysis/prepare_gpu_development_jobs.py",5443,238f502d476e4a76491178844bb585c5af9ac29dbbe5ab39728bff5df21fd44f
"code/experiments/active_learning/analysis/prepare_gpu_formal_jobs.py",10271,a37da7bce91b568a0b6f9f274810214d2f4cac68a56b66cbba7e42a78a6038f2
"code/experiments/active_learning/analysis/prepare_gpu_threshold_calibration.py",5415,5785f155e8cc5aa50b44ce8049fbcdfb273bc529ef2fade6e47b5d027b9d18e5
"code/experiments/active_learning/analysis/prepare_gpu_weight_calibration.py",6146,36d38ccdc7bee05ae972756b5e4e3099b3e805fe0968fdd58eeef12fee344450
"code/experiments/active_learning/analysis/recompute_statistics.py",32508,9de095f4e4c709cc97a7a132a2d9d1e67d9096ab86af150b6cd91346e42914fa
"code/experiments/active_learning/analysis/render_parameter_calibration_report.py",5745,693089e07610b4ddafe8ee08e18a4b484f2a50ec17ea379fd0c173fc6f9fcb82
"code/experiments/active_learning/analysis/run_audited_job_queue.py",21766,0e314365c1b6da3c3b2c2dcd5d1d16def22a46764de2315470d0b950cb1a60cf
"code/experiments/active_learning/analysis/run_concurrency_benchmark.py",21351,aeae52dc8dd4f1c2fd3813aedaa91647d68687d797521f7469093ac44b49ed9b
"code/experiments/active_learning/analysis/run_gate_ablation_smoke.py",27633,3de265e2193605aac0aef110ce512580ac6218392172a709ff2df2f1f7a6b76d
"code/experiments/active_learning/analysis/run_mc_dropout_microbenchmark.py",25796,bd883697266c35e6b14db9a2832e29965436e43eac3853dd6e58d328e25133be
"code/experiments/active_learning/analysis/run_vasp_benchmark_task.py",5167,8a4d8204a763a6dfad1185680044fe08146c68af52beb3cc8f28a2c49d019849
"code/experiments/active_learning/analysis/server_experiment_watchdog.py",21112,b29f2612e1c0451e7aa3ab5a0f678ea18c3dd15208956921a24948c06c28ea23
"code/experiments/active_learning/analysis/update_active_gpu_manifest.py",2178,859f2e4f70bf0f1affc78a56070f06e9f7ffca9cfbac8a17ccb53021cbaad2a9
"code/experiments/active_learning/analysis/v33_table_reference.json",11855,6c66a0a298cb43134aeacb48b30a341d84788db996dc1c519302741db962221a
"code/experiments/active_learning/analysis/validate_structural_gate_results.py",10554,2b3eb80930904276fe73fd2acd37fa178a00722ad3d09be7feab42e6444bf037
"code/experiments/active_learning/atom_init.json",28392,cb90bd2257dbf8cfc4e6b2b6d4348d4616e8e9680f1339b1461137032e0f1894
"code/experiments/active_learning/cgcnn/__init__.py",0,e3b0c44298fc1c149afbf4c8996fb92427ae41e4649b934ca495991b7852b855
"code/experiments/active_learning/cgcnn/data.py",12928,95fa4602ef54134c261512fbd8330eaf555fd924fc47a947fb89e7c650ca2597
"code/experiments/active_learning/cgcnn/model.py",7031,cfe9fb7cc9066fa23c29d3484e3de2fb24aab5cc055d931a27cee530eb452af5
"code/experiments/active_learning/checkpoint_formation_clean.pth.tar",674717,30e125c18399eca143245ddc3662e93801cdd4ea6f99b0146182f448e72d316b
"code/experiments/active_learning/configs/frozen_final_protocol.yaml",549,2a8d0fb5114c0e2f2457d9887ff5cfc6b8c9ff701669f473e018984855fcac84
"code/experiments/active_learning/configs/frozen_protocols/egdatpp_psfix_v1/frozen_protocol_manifest.json",1995,1dbb1a6a431a47796bb726dc91e052703283fff8046d4fc9e68fcc135d502059
"code/experiments/active_learning/configs/frozen_protocols/egdatpp_psfix_v1/limo_mc_k10.yaml",446,0474d591e6bae6b7c739957912122d9e22efc6075c5ace7425abd2fbf9e063f4
"code/experiments/active_learning/configs/frozen_protocols/egdatpp_psfix_v1/limo_mc_k3.yaml",445,a792f3105929ab62e843ae092ead2b86c324bc09d52a1ebb43e389eaacc3e22e
"code/experiments/active_learning/configs/frozen_protocols/egdatpp_psfix_v1/limo_mc_k30.yaml",446,4bf7daf49faf6275615bd071307c4506a8d4d788286fd5b92e86a39aed1375f9
"code/experiments/active_learning/configs/frozen_protocols/egdatpp_psfix_v1/mnoxide_block.yaml",529,51e3123a91e96b0048e82915e10a3c8357e08b9c9429a687ff252b635a628827
"code/experiments/active_learning/configs/frozen_protocols/egdatpp_psfix_v1/mnoxide_iupac.yaml",531,84a7f116265b07ae7a63c9809830c3a8ef8a63a5b9a5c28dc7e39d00d968d55b
"code/experiments/active_learning/configs/frozen_protocols/egdatpp_psfix_v1/mnoxide_original.yaml",573,cd9bbcb87405f503ace94700ea7a3842b4d082b2658868ead7165c0a78b9beea
"code/experiments/active_learning/configs/gpu_development/mc_k10.yaml",465,57613c0e54d10afe1a5cba525910edd38af332f071e8e74e6829839ad0cc6237
"code/experiments/active_learning/configs/gpu_development/mc_k3.yaml",464,66b86267c35e786b57ca2d3e7c5530e70d4a701b30c50c867bb8f27331cd356b
"code/experiments/active_learning/configs/gpu_development/mc_k30.yaml",465,4128f035dd135b3a67479381977b913244c3d844f0039d74f2148b22285682db
"code/experiments/active_learning/configs/group_keys/egdatpp_psfix_v1/mnoxide_coelement_block_multiset.csv",8852,214ff60f0370320d0fda982ea4caab316dc4068a163615d409c25ea9b1978f3a
"code/experiments/active_learning/configs/group_keys/egdatpp_psfix_v1/mnoxide_coelement_iupac_group_set.csv",10297,db416e3c12de4df41690fe34b519d8f8a5b11bcf3aec9c305800f5aa2ad61f07
"code/experiments/active_learning/configs/group_keys/egdatpp_psfix_v1/mnoxide_element_system_current.csv",12828,9eeb02e12dcc750c068f452917c70fe439907a0ed3ea31b04ac5f23bec0124f3
"code/experiments/active_learning/configs/mg_interval_w0p2_gpu.json",549,bcc67e9e291e9cde64e1fbb9286733782885eac2dbcae1dfae71253e53d6b08f
"code/experiments/active_learning/configs/mg_interval_w0p2_gpu_smoke.json",545,e2b8c5096af707d7f8e308bc71500f5023acafc1cebd51d0196a94e395a35bdd
"code/experiments/active_learning/configs/mn_interval_w0p2_gpu.json",549,53a319216fa656cd31e339646e6b23a1a8128577b69935a5f7bd047165c6a978
"code/experiments/active_learning/configs/mn_interval_w0p2_gpu_smoke.json",545,6241d0a2a76306505cfada86365ea23fbe9ad84516ade2c61fa3e85d2cb48bf9
"code/experiments/active_learning/configs/mn_mg_initial_sets.csv",5052,2c986c08eaa7ffbf1b11afe2a55e3f3a8f1e40a5d9698a76e7de612b00e8464c
"code/experiments/active_learning/configs/mn_mg_interval_gpu_protocol.json",608,893c54f9f5f97f83e8ec3594a85dfc0761d48ad7a39c2875a0d8b2e61677f64d
"code/experiments/active_learning/configs/parameter_calibration/threshold_k30/threshold_m0_0p75_g0_0p40.yaml",413,8e23367d14bdba1bf0b7e81814a42789def71bb1207101a66d35d6400d154908
"code/experiments/active_learning/configs/parameter_calibration/threshold_k30/threshold_m0_0p75_g0_0p50.yaml",413,b1f3a13501617d43af083c68f207c2d9aa623455bd5905c9f289918330fe2d53
"code/experiments/active_learning/configs/parameter_calibration/threshold_k30/threshold_m0_0p75_g0_0p60.yaml",413,c17def5009525bda4eaa82f062de8ced2509a7a1fb1e3218d51623ca93785b43
"code/experiments/active_learning/configs/parameter_calibration/threshold_k30/threshold_m0_1p00_g0_0p40.yaml",412,8442ad98216c380dd85601c2223352495633fa8017baafbf0673dff4d6a92393
"code/experiments/active_learning/configs/parameter_calibration/threshold_k30/threshold_m0_1p00_g0_0p50.yaml",412,87134d51a76c525c0c9b1f599ab1757f0f6133f151c71ea18ba7970d0e278ae2
"code/experiments/active_learning/configs/parameter_calibration/threshold_k30/threshold_m0_1p00_g0_0p60.yaml",412,044e1de2d4ac5a4222f691f8e30b9058ee0e9ba1e8823926ac95cd46c8e29663
"code/experiments/active_learning/configs/parameter_calibration/threshold_k30/threshold_m0_1p25_g0_0p40.yaml",413,af985df37dc673456d04faf903a0d8e77c5fc4683eab79fed319499ac081d1c8
"code/experiments/active_learning/configs/parameter_calibration/threshold_k30/threshold_m0_1p25_g0_0p50.yaml",413,7bd8c431a2054961ea78b454257f298d86952f3d59f50309323c79c9d5d5f2d8
"code/experiments/active_learning/configs/parameter_calibration/threshold_k30/threshold_m0_1p25_g0_0p60.yaml",413,d768aff01c79a3912770660f266ce8bc0ac74e6f16cc9b8d6e741e541dca6d5d
"code/experiments/active_learning/configs/parameter_calibration/weight_k30_20260717T171437Z/weight_alpha_0p05.yaml",441,be713211040e3d128845576805a15a09dae5bde22d881357209a4d61ee453982
"code/experiments/active_learning/configs/parameter_calibration/weight_k30_20260717T171437Z/weight_alpha_0p20.yaml",440,f9e2ea522044ea6747dff99e3147028d3e94524827271de406d3bd4e91d8d79d
"code/experiments/active_learning/configs/parameter_calibration/weight_k30_20260717T171437Z/weight_baseline.yaml",438,d1510a67697449d561c8c558772773e3a6da31775fd86822ce02be62efb459a9
"code/experiments/active_learning/configs/parameter_calibration/weight_k30_20260717T171437Z/weight_beta_0p10.yaml",439,c6a51bb77e9dfd521b2c51018075fe99c5fa8332e215ff62a9332ee71a743840
"code/experiments/active_learning/configs/parameter_calibration/weight_k30_20260717T171437Z/weight_beta_0p40.yaml",439,333ff5ecb7803ab32295d0ba43bef86d8bb222d453b4569c347aaebd50d1140a
"code/experiments/active_learning/configs/parameter_calibration/weight_k30_20260717T171437Z/weight_gamma_0p05.yaml",441,f0f61b79c530cebb2c7b37623282d45a8f2154f29d7b8cfaeef5d89c9b624d5b
"code/experiments/active_learning/configs/parameter_calibration/weight_k30_20260717T171437Z/weight_gamma_0p20.yaml",440,608a1aa4ab88183d989cae0dfe8d9c518344c720e3063fd01783599fb2633d4a
"code/experiments/active_learning/configs/parameter_calibration/weight_k30_20260717T171939Z/weight_alpha_0p05.yaml",411,0500f568785349eb0185cf1f61182a63894935be735df5c9c00748e1ae6e7b59
"code/experiments/active_learning/configs/parameter_calibration/weight_k30_20260717T171939Z/weight_alpha_0p20.yaml",410,3ebdc3df29ca14c1e3087f67ceaf62a5f330d22dd05e74cf1eae51634528da62
"code/experiments/active_learning/configs/parameter_calibration/weight_k30_20260717T171939Z/weight_baseline.yaml",410,0c7cd4c2789eeeef4664c4c86baaafc4bdd2e2da92bd47f8aca2926bbaa324bb
"code/experiments/active_learning/configs/parameter_calibration/weight_k30_20260717T171939Z/weight_beta_0p10.yaml",410,7709a7664f666635e0f244d4ffd9459a0e4bc01e2a73676c6893ac005c09dae4
"code/experiments/active_learning/configs/parameter_calibration/weight_k30_20260717T171939Z/weight_beta_0p40.yaml",410,fb877a7637a83baa75fa430f92d12771197a1dea4a6dae4a69fed636d7c55540
"code/experiments/active_learning/configs/parameter_calibration/weight_k30_20260717T171939Z/weight_gamma_0p05.yaml",411,1e821320197777c40cd30177f57a1af2b6249e9375a90b0c72047cdc82568e7e
"code/experiments/active_learning/configs/parameter_calibration/weight_k30_20260717T171939Z/weight_gamma_0p20.yaml",410,3c4df8180eed2d4e9f4e9c8e981f6813da81245552277498beb8592b911e9ab8
"code/experiments/active_learning/configs/server_watchdog.json",2787,b802be5805e51624b6ed9d9d6d9e9a6cdeb4353720744e57ef803665a943149b
"code/experiments/active_learning/configs/structural_group_feasibility/heldout_initial_sets.csv",2552,fe556b2ea8c7c0971fb114c16b6f0b92863986eec5151f1fecda1f55b295540b
"code/experiments/active_learning/configs/structural_group_feasibility/jobs_manifest.csv",70569,4d177c2ff8df312d95de8c730a858bfa21350f2abacab09b3bba8f96583c8640
"code/experiments/active_learning/configs/structural_group_feasibility/jobs_manifest_v2.csv",78769,0b8b46b20adf6c076043e28572a5f812a6460f6b2d142d331716317e5b216546
"code/experiments/active_learning/configs/structural_group_feasibility/legacy_protocol.json",525,7baac830f3a75a4e5f16cbfc86195969519783672758c64e457d561c535a2da4
"code/experiments/active_learning/configs/structural_group_feasibility/mg_task.json",642,5b806a5a9f52aae14f84d7e21817a19b4b5d597efdf928fb8acf476e41ce588e
"code/experiments/active_learning/configs/structural_group_feasibility/mn_smoke_task.json",582,6817c57dd6d8796c552d82129f7b25c123008edb2de92531f30145da50fd4e5e
"code/experiments/active_learning/configs/structural_group_feasibility/mn_task.json",642,29c9f95bd2926c5cf385bbea73c43608867486ec910e780221321eda4a1a9ede
"code/experiments/active_learning/configs/structural_group_feasibility/SHA256SUMS.csv",676,bc0953100baf9270015f3f5c4cd15e859945a7f9f5650bc68cd6d84eea20732e
"code/experiments/active_learning/configs/structural_group_feasibility/structural_protocol.json",535,dceb5e0912c290cbca884490aadc10c5f90c36b3462c0473b38dfb19b4d45e64
"code/experiments/active_learning/configs/structural_group_feasibility/structural_q95_protocol.json",539,5885d08a2f0c092ab2bdfa84ef8f3141754d02e7bc5a1811c10cc7dcc4bdf4af
"code/experiments/active_learning/configs/structural_group_feasibility/structure_matcher_group_map.csv",40983,46f2c5569f4a0a73ace11566aeb21cbd8e0bfac9f4b3568fa1179b5b7168bb03
"code/experiments/active_learning/EARLY_LiM2O4_ALIGNN_HARD640_m2p18_m2p02_20260617/oracle.csv",161679,669b8cab102d2259811664723134be506f4b927825821e094e449fa3c11017d6
"code/experiments/active_learning/EARLY_LiM2O4_ALIGNN_HARD640_m2p18_m2p02_FLAT_20260617/atom_init.json",28392,cb90bd2257dbf8cfc4e6b2b6d4348d4616e8e9680f1339b1461137032e0f1894
"code/experiments/active_learning/EARLY_LiM2O4_ALIGNN_HARD640_m2p18_m2p02_FLAT_20260617/id_prop.csv",47649,5b7a405ed8bcc8b822c888cdb3e2cd73da975a7410dd376dfe0a6a31413daead
"code/experiments/active_learning/EARLY_LiM2O4_ALIGNN_HARD640_m2p18_m2p02_FLAT_20260617/job_000_Ti_fe_-1.422_n4_generated_crystals_cif__gen_0.cif",1254,d9f40b78bac7d3d7163aff03dab9102ca96d64b3406044ad2346b15a62016c4c
"code/experiments/active_learning/EARLY_LiM2O4_ALIGNN_HARD640_m2p18_m2p02_FLAT_20260617/job_000_Ti_fe_-1.422_n4_generated_crystals_cif__gen_3.cif",1251,a02bb55643a2983251c09c4b66d7afbea51cd5c1d30b5fb99d7207a05f4e7ac6
"code/experiments/active_learning/EARLY_LiM2O4_ALIGNN_HARD640_m2p18_m2p02_FLAT_20260617/job_001_Ti_fe_-1.307_n4_generated_crystals_cif__gen_0.cif",1255,16174fef7ac1ae5d764d5929817b9df90b9e4b5d68f8ef924083640f2a8632ec
"code/experiments/active_learning/EARLY_LiM2O4_ALIGNN_HARD640_m2p18_m2p02_FLAT_20260617/job_001_Ti_fe_-1.307_n4_generated_crystals_cif__gen_1.cif",1254,e8489d4902fbf4167ed8414a337c7662ea91df588943f6f91d90d19bc32d5011
"code/experiments/active_learning/EARLY_LiM2O4_ALIGNN_HARD640_m2p18_m2p02_FLAT_20260617/job_001_Ti_fe_-1.307_n4_generated_crystals_cif__gen_2.cif",1251,f19820c51814ad4abe43fe2867ace09ca119d349dfc60fa41a28cdf86ca945d3
"code/experiments/active_learning/EARLY_LiM2O4_ALIGNN_HARD640_m2p18_m2p02_FLAT_20260617/job_001_Ti_fe_-1.307_n4_generated_crystals_cif__gen_3.cif",1249,f4349ad2fd87e7b3ebc918208784033a8c6aa8bd8f12855fcefad53a6f10807c
"code/experiments/active_learning/EARLY_LiM2O4_ALIGNN_HARD640_m2p18_m2p02_FLAT_20260617/job_002_Ni_fe_-1.402_n4_generated_crystals_cif__gen_0.cif",1258,99763fb587d2c20407d37bca484a36342b01e1141b2fb1b1d183ff57730ff6d7
"code/experiments/active_learning/EARLY_LiM2O4_ALIGNN_HARD640_m2p18_m2p02_FLAT_20260617/job_002_Ni_fe_-1.402_n4_generated_crystals_cif__gen_3.cif",1249,90dcbe8ef1488734ce92033b52e7fe3c9e98ff27f2590040026f0b1a57414021
"code/experiments/active_learning/EARLY_LiM2O4_ALIGNN_HARD640_m2p18_m2p02_FLAT_20260617/job_003_Mn_fe_-1.026_n4_generated_crystals_cif__gen_0.cif",1254,ced48d13944bae706a40dacb1c6474a4240bd421323c1b98700fe04e51642029
"code/experiments/active_learning/EARLY_LiM2O4_ALIGNN_HARD640_m2p18_m2p02_FLAT_20260617/job_004_Mg_fe_-1.439_n4_generated_crystals_cif__gen_1.cif",1253,d30ef35cef96557bccac29af3e61948c95076454400f903119c0678324a0de28
"code/experiments/active_learning/EARLY_LiM2O4_ALIGNN_HARD640_m2p18_m2p02_FLAT_20260617/job_005_Al_fe_-1.478_n4_generated_crystals_cif__gen_0.cif",1258,1dcde2570dc45c7dbcf7c4fc96fcb701fd884fe3615083a85d8338e34bde99d0
"code/experiments/active_learning/EARLY_LiM2O4_ALIGNN_HARD640_m2p18_m2p02_FLAT_20260617/job_005_Al_fe_-1.478_n4_generated_crystals_cif__gen_2.cif",1249,ab22c99f26c9901b30a7c9d0a39621e687ec7f42c39589ffe0d6945bbd472952
"code/experiments/active_learning/EARLY_LiM2O4_ALIGNN_HARD640_m2p18_m2p02_FLAT_20260617/job_006_Mn_fe_-1.347_n4_generated_crystals_cif__gen_0.cif",1257,0ccbbbd01ba179ab8fa37ffc9c24fa2e878b7923f688336a14bf0095264629a9
"code/experiments/active_learning/EARLY_LiM2O4_ALIGNN_HARD640_m2p18_m2p02_FLAT_20260617/job_006_Mn_fe_-1.347_n4_generated_crystals_cif__gen_1.cif",1254,7d477e8e15ee0d8b50ded2c3ba393d7b0879806265f82a5c7a4075aef534faec
"code/experiments/active_learning/EARLY_LiM2O4_ALIGNN_HARD640_m2p18_m2p02_FLAT_20260617/job_006_Mn_fe_-1.347_n4_generated_crystals_cif__gen_2.cif",1252,bcae1467b5eb770bb19c274ad2da64824b36534bdd4c62acef5c57b7045fe4de
"code/experiments/active_learning/EARLY_LiM2O4_ALIGNN_HARD640_m2p18_m2p02_FLAT_20260617/job_006_Mn_fe_-1.347_n4_generated_crystals_cif__gen_3.cif",1254,b9f766150de5e238ead0aabdeadf6ec2615ede110838c691d9f5662b88280473
"code/experiments/active_learning/EARLY_LiM2O4_ALIGNN_HARD640_m2p18_m2p02_FLAT_20260617/job_007_Mg_fe_-1.079_n4_generated_crystals_cif__gen_0.cif",1252,5e193017aa6038ef0c43c26745809d1cc05d440fedfb3c96fc933b2326adb061
"code/experiments/active_learning/EARLY_LiM2O4_ALIGNN_HARD640_m2p18_m2p02_FLAT_20260617/job_008_Mg_fe_-1.361_n4_generated_crystals_cif__gen_1.cif",1254,245181ae7fe00bb9bb626d5575d646f821757001361c5a3b0b05cb503695403f
"code/experiments/active_learning/EARLY_LiM2O4_ALIGNN_HARD640_m2p18_m2p02_FLAT_20260617/job_009_Ti_fe_-1.009_n4_generated_crystals_cif__gen_1.cif",1248,4b03defe3da42ef822b5e8a9ac0f64e279a43c3c5e2f5fcde984ec34587b5d25
"code/experiments/active_learning/EARLY_LiM2O4_ALIGNN_HARD640_m2p18_m2p02_FLAT_20260617/job_009_Ti_fe_-1.009_n4_generated_crystals_cif__gen_3.cif",1256,ad84229a3c72cdba6b9fe18ae550b8b0becd22c37bbbde2da516d02b5968055b
"code/experiments/active_learning/EARLY_LiM2O4_ALIGNN_HARD640_m2p18_m2p02_FLAT_20260617/job_010_Al_fe_-1.346_n4_generated_crystals_cif__gen_0.cif",1257,d0655d4712d5936551268a95366b47ab4744e621c283d68c6c15388046ed3625
"code/experiments/active_learning/EARLY_LiM2O4_ALIGNN_HARD640_m2p18_m2p02_FLAT_20260617/job_010_Al_fe_-1.346_n4_generated_crystals_cif__gen_2.cif",1251,74151d4ab6412d5c266395ffe6f105d2091d6cc9916aed3e05cd35f1b10e7498
"code/experiments/active_learning/EARLY_LiM2O4_ALIGNN_HARD640_m2p18_m2p02_FLAT_20260617/job_010_Al_fe_-1.346_n4_generated_crystals_cif__gen_3.cif",1251,e06347cde1f40a632c43db09404cf0a512f9ad477be4362c43f0879505b4f7eb
"code/experiments/active_learning/EARLY_LiM2O4_ALIGNN_HARD640_m2p18_m2p02_FLAT_20260617/job_011_Mg_fe_-1.305_n4_generated_crystals_cif__gen_0.cif",1248,5f1b84fb96aabe84a71c405a3ce88ed6b55004f52c43975786477db888a555ac
"code/experiments/active_learning/EARLY_LiM2O4_ALIGNN_HARD640_m2p18_m2p02_FLAT_20260617/job_011_Mg_fe_-1.305_n4_generated_crystals_cif__gen_2.cif",1251,d3113093a1b509f2238e0e30d3069bb267d4b03845d20fdd4b9dc46a1a5f860a
"code/experiments/active_learning/EARLY_LiM2O4_ALIGNN_HARD640_m2p18_m2p02_FLAT_20260617/job_012_Cr_fe_-1.495_n4_generated_crystals_cif__gen_0.cif",1250,b757361728846d8b05724e722a7c3eae8b2244f368537a08bff5ecc82bfe68fe
"code/experiments/active_learning/EARLY_LiM2O4_ALIGNN_HARD640_m2p18_m2p02_FLAT_20260617/job_012_Cr_fe_-1.495_n4_generated_crystals_cif__gen_3.cif",1250,8593c814b4474ac0a72b22654a292d9ac92795d83788a516d57b525cbda4c8fc
"code/experiments/active_learning/EARLY_LiM2O4_ALIGNN_HARD640_m2p18_m2p02_FLAT_20260617/job_013_Cr_fe_-1.388_n4_generated_crystals_cif__gen_0.cif",1251,97326b9332ad197e85a1d34dfd69064296673947bc46fb5f2c7e6fd6a44c2b73
"code/experiments/active_learning/EARLY_LiM2O4_ALIGNN_HARD640_m2p18_m2p02_FLAT_20260617/job_013_Cr_fe_-1.388_n4_generated_crystals_cif__gen_1.cif",1254,ed8ccd2739e03c85e0e1887552982c08bfd783a2efaafba4ca3cf1a50948c866
"code/experiments/active_learning/EARLY_LiM2O4_ALIGNN_HARD640_m2p18_m2p02_FLAT_20260617/job_013_Cr_fe_-1.388_n4_generated_crystals_cif__gen_2.cif",1255,6613be44be6575280bdfcc918153bb7e5846e25eaab4fade97aca352bd5944e1
"code/experiments/active_learning/EARLY_LiM2O4_ALIGNN_HARD640_m2p18_m2p02_FLAT_20260617/job_013_Cr_fe_-1.388_n4_generated_crystals_cif__gen_3.cif",1256,f09aa1041b97fc03a6f96935da754d5cff92e1ac17f619790b051b987e833a18
"code/experiments/active_learning/EARLY_LiM2O4_ALIGNN_HARD640_m2p18_m2p02_FLAT_20260617/job_014_Al_fe_-1.262_n4_generated_crystals_cif__gen_1.cif",1253,c9d1a9ee2612e22eeafe8c7d14d19ca2781e1b4a993e95ce4b3b325390384598
"code/experiments/active_learning/EARLY_LiM2O4_ALIGNN_HARD640_m2p18_m2p02_FLAT_20260617/job_015_Ni_fe_-1.349_n4_generated_crystals_cif__gen_0.cif",1256,13c72665cd257a20a8632e183afa10e4ce94381c17d0eec56a4b4dedd203f821
"code/experiments/active_learning/EARLY_LiM2O4_ALIGNN_HARD640_m2p18_m2p02_FLAT_20260617/job_015_Ni_fe_-1.349_n4_generated_crystals_cif__gen_1.cif",1253,35e8cc6da9d2df0b74e97585fe547573936111a15817e666390ceb3c7a1adb4a
"code/experiments/active_learning/EARLY_LiM2O4_ALIGNN_HARD640_m2p18_m2p02_FLAT_20260617/job_015_Ni_fe_-1.349_n4_generated_crystals_cif__gen_2.cif",1253,5e4fff21af3ae19502d299bd4c338f9d6587f833aefb127f254bcfa803a3e370
"code/experiments/active_learning/EARLY_LiM2O4_ALIGNN_HARD640_m2p18_m2p02_FLAT_20260617/job_015_Ni_fe_-1.349_n4_generated_crystals_cif__gen_3.cif",1252,d363869e62b9dc1e29c896f223b0a65407f8a0687fb1b46381d0b32820bb57e3
"code/experiments/active_learning/EARLY_LiM2O4_ALIGNN_HARD640_m2p18_m2p02_FLAT_20260617/job_016_Cr_fe_-1.264_n4_generated_crystals_cif__gen_1.cif",1249,a9c1292c22a4eabf7159fb233396e2f725d8dbe463b688e88a2411577926f8f6
"code/experiments/active_learning/EARLY_LiM2O4_ALIGNN_HARD640_m2p18_m2p02_FLAT_20260617/job_016_Cr_fe_-1.264_n4_generated_crystals_cif__gen_2.cif",1251,2afece50ed186f8fa1dd32f60521ab8cf5a8502d59db3dfccca530e19d65457c
"code/experiments/active_learning/EARLY_LiM2O4_ALIGNN_HARD640_m2p18_m2p02_FLAT_20260617/job_016_Cr_fe_-1.264_n4_generated_crystals_cif__gen_3.cif",1254,43b988cf2780ea75e2bfa73e9589c0c44884dc9a8f1357dcd4ced1c60cb24b3f
"code/experiments/active_learning/EARLY_LiM2O4_ALIGNN_HARD640_m2p18_m2p02_FLAT_20260617/job_017_Mn_fe_-1.234_n4_generated_crystals_cif__gen_0.cif",1252,21e8fe9b1ba165b596d3322f21e4d41569da1acb3ba836115b2980339bbfe95a
"code/experiments/active_learning/EARLY_LiM2O4_ALIGNN_HARD640_m2p18_m2p02_FLAT_20260617/job_017_Mn_fe_-1.234_n4_generated_crystals_cif__gen_1.cif",1251,9aaa81e9b3292e88ddf20ab44b7ff4b7eb03abae429e2d838d29f1214adcd26e
"code/experiments/active_learning/EARLY_LiM2O4_ALIGNN_HARD640_m2p18_m2p02_FLAT_20260617/job_017_Mn_fe_-1.234_n4_generated_crystals_cif__gen_2.cif",1249,d93578a990da2ea6f438e9ecd66ce71677fb5423a67f2f21019c1fb0ef43e3a1
"code/experiments/active_learning/EARLY_LiM2O4_ALIGNN_HARD640_m2p18_m2p02_FLAT_20260617/job_017_Mn_fe_-1.234_n4_generated_crystals_cif__gen_3.cif",1255,15615e8cad2dd2c794966689c0ddf0c584c825af061e371deb7b2ac44df80bd2
"code/experiments/active_learning/EARLY_LiM2O4_ALIGNN_HARD640_m2p18_m2p02_FLAT_20260617/job_018_Co_fe_-0.907_n4_generated_crystals_cif__gen_0.cif",1262,2be6136eb8fc63854e7ec6b6c674c587040d2afb6dd327ed09eefd3ffd7401af
"code/experiments/active_learning/EARLY_LiM2O4_ALIGNN_HARD640_m2p18_m2p02_FLAT_20260617/job_018_Co_fe_-0.907_n4_generated_crystals_cif__gen_3.cif",1250,215274baa303288275c95fd7c048d1e0f8923c2eb055368c53e670a416ee2a7a
"code/experiments/active_learning/EARLY_LiM2O4_ALIGNN_HARD640_m2p18_m2p02_FLAT_20260617/job_019_Mg_fe_-1.315_n4_generated_crystals_cif__gen_0.cif",1254,3a0a3881c9e6e9e64a81fbcc6e05bc15eea4be53418a55cc7a89dbd991882fbc
"code/experiments/active_learning/EARLY_LiM2O4_ALIGNN_HARD640_m2p18_m2p02_FLAT_20260617/job_020_Mn_fe_-0.989_n4_generated_crystals_cif__gen_0.cif",1249,5053b3d87925dd1289d064cae84253886d9f4f065bc7b7176eb5d45b92e85dac
"code/experiments/active_learning/EARLY_LiM2O4_ALIGNN_HARD640_m2p18_m2p02_FLAT_20260617/job_020_Mn_fe_-0.989_n4_generated_crystals_cif__gen_1.cif",1252,0ce85b7361a87f55926b6ced6a7b1cf28fa839eac6dfac90cf36bec9c1b270a5
"code/experiments/active_learning/EARLY_LiM2O4_ALIGNN_HARD640_m2p18_m2p02_FLAT_20260617/job_020_Mn_fe_-0.989_n4_generated_crystals_cif__gen_3.cif",1253,d6bdcb6a5bec336b837859b592c47446a25056360b502548c8059479ee1d239e
"code/experiments/active_learning/EARLY_LiM2O4_ALIGNN_HARD640_m2p18_m2p02_FLAT_20260617/job_021_Mg_fe_-1.413_n4_generated_crystals_cif__gen_0.cif",1254,3d3ebc368b1d947f7645d0117ba6e1d86ce47bf3d90c6ffb327182a4db79bccc
"code/experiments/active_learning/EARLY_LiM2O4_ALIGNN_HARD640_m2p18_m2p02_FLAT_20260617/job_021_Mg_fe_-1.413_n4_generated_crystals_cif__gen_3.cif",1252,128a6c0116a760efd53c41e5b9a5e555be5cb6b735dd3e1265d61877fcc61a3d
"code/experiments/active_learning/EARLY_LiM2O4_ALIGNN_HARD640_m2p18_m2p02_FLAT_20260617/job_022_Al_fe_-1.445_n4_generated_crystals_cif__gen_2.cif",1258,2b75e729abdc17407a7279c2d3ee55daf88e9189973ab166d3e1a5186a0917ae
"code/experiments/active_learning/EARLY_LiM2O4_ALIGNN_HARD640_m2p18_m2p02_FLAT_20260617/job_023_Co_fe_-0.919_n4_generated_crystals_cif__gen_0.cif",1255,a727e1241e8672e9c3e7b9c13cc8280070586b13223094f3e7f31354b4c9099f
"code/experiments/active_learning/EARLY_LiM2O4_ALIGNN_HARD640_m2p18_m2p02_FLAT_20260617/job_023_Co_fe_-0.919_n4_generated_crystals_cif__gen_1.cif",1255,1d8feef28f7d0575fbd07ee3ff0611708073089909e60279fd81c869e4f9b0af
"code/experiments/active_learning/EARLY_LiM2O4_ALIGNN_HARD640_m2p18_m2p02_FLAT_20260617/job_023_Co_fe_-0.919_n4_generated_crystals_cif__gen_2.cif",1257,51e8465d94bb7f8570952846f0fb222f34cb0cf3931944f61624b27457b53f70
"code/experiments/active_learning/EARLY_LiM2O4_ALIGNN_HARD640_m2p18_m2p02_FLAT_20260617/job_023_Co_fe_-0.919_n4_generated_crystals_cif__gen_3.cif",1254,98fe74b0e2d2327790fdb8829c40e6414479211a4259a528890beb8823e2ae4b
"code/experiments/active_learning/EARLY_LiM2O4_ALIGNN_HARD640_m2p18_m2p02_FLAT_20260617/job_024_Mg_fe_-0.880_n4_generated_crystals_cif__gen_0.cif",1248,e31ef546cd0b5dbc12dc24ff8691047c9889dda7df6cdd43a80cd1106c2dcc1c
"code/experiments/active_learning/EARLY_LiM2O4_ALIGNN_HARD640_m2p18_m2p02_FLAT_20260617/job_024_Mg_fe_-0.880_n4_generated_crystals_cif__gen_3.cif",1247,37ee89b346b5021774944c231056882893de1d34cf579a71c8728f72fde019dd
"code/experiments/active_learning/EARLY_LiM2O4_ALIGNN_HARD640_m2p18_m2p02_FLAT_20260617/job_025_Co_fe_-1.096_n4_generated_crystals_cif__gen_0.cif",1252,51544065ba40cb72365205f5e31bc3294d20a7577ec98be1b5de74a335e7695f
"code/experiments/active_learning/EARLY_LiM2O4_ALIGNN_HARD640_m2p18_m2p02_FLAT_20260617/job_025_Co_fe_-1.096_n4_generated_crystals_cif__gen_1.cif",1259,0a950bd7cc626b7fbeb4597877b42ce13e8d21c279d6b8a445b24a701c7d8c35
"code/experiments/active_learning/EARLY_LiM2O4_ALIGNN_HARD640_m2p18_m2p02_FLAT_20260617/job_025_Co_fe_-1.096_n4_generated_crystals_cif__gen_2.cif",1260,e1013475759fb137283825d924a36a656e84370ec5a1a635021a9741018a8233
"code/experiments/active_learning/EARLY_LiM2O4_ALIGNN_HARD640_m2p18_m2p02_FLAT_20260617/job_025_Co_fe_-1.096_n4_generated_crystals_cif__gen_3.cif",1251,646cf5da62cba6edabd5ffd51016b4283da7f81a0f6f84ff4ee4b6d911d9c82f
"code/experiments/active_learning/EARLY_LiM2O4_ALIGNN_HARD640_m2p18_m2p02_FLAT_20260617/job_026_Ti_fe_-1.451_n4_generated_crystals_cif__gen_0.cif",1255,db5136bf8b497fc60a8f3040942d7beb0d6af4d9201730c57990f9c62bd4ba41
"code/experiments/active_learning/EARLY_LiM2O4_ALIGNN_HARD640_m2p18_m2p02_FLAT_20260617/job_026_Ti_fe_-1.451_n4_generated_crystals_cif__gen_2.cif",1252,ac3270bd362821a0b682f88c77321f3db76b340c945e5156589654571f307bb2
"code/experiments/active_learning/EARLY_LiM2O4_ALIGNN_HARD640_m2p18_m2p02_FLAT_20260617/job_026_Ti_fe_-1.451_n4_generated_crystals_cif__gen_3.cif",1256,42d6c57120a0ea7194cf44ffc708d0f6cca623e33e6697a10a43b986f2e93d32
"code/experiments/active_learning/EARLY_LiM2O4_ALIGNN_HARD640_m2p18_m2p02_FLAT_20260617/job_027_Ti_fe_-1.340_n4_generated_crystals_cif__gen_0.cif",1259,e274c4592749b40672648be275db4afffd22a55f80c5efea32bd332b01d6fa78
"code/experiments/active_learning/EARLY_LiM2O4_ALIGNN_HARD640_m2p18_m2p02_FLAT_20260617/job_027_Ti_fe_-1.340_n4_generated_crystals_cif__gen_2.cif",1248,fb8b339bd0b6f173e8c87eefdea5710deab6a60a81bf7813811684d61d8bfa6e
"code/experiments/active_learning/EARLY_LiM2O4_ALIGNN_HARD640_m2p18_m2p02_FLAT_20260617/job_027_Ti_fe_-1.340_n4_generated_crystals_cif__gen_3.cif",1255,33d98cddb78bdfb55d0136ee318866da7a2e7610ca750b414690afd241e96946
"code/experiments/active_learning/EARLY_LiM2O4_ALIGNN_HARD640_m2p18_m2p02_FLAT_20260617/job_028_Co_fe_-0.810_n4_generated_crystals_cif__gen_0.cif",1255,d6bec0d74db58745bf9afb03070729ca407e002087a26306c79299c2c73195f5
"code/experiments/active_learning/EARLY_LiM2O4_ALIGNN_HARD640_m2p18_m2p02_FLAT_20260617/job_028_Co_fe_-0.810_n4_generated_crystals_cif__gen_1.cif",1255,21e4511791d74ee4bb59640fbc3b9810860c20869a381901402666e7fd58bab4
"code/experiments/active_learning/EARLY_LiM2O4_ALIGNN_HARD640_m2p18_m2p02_FLAT_20260617/job_028_Co_fe_-0.810_n4_generated_crystals_cif__gen_3.cif",1256,b24248191972f125a8a17f8489ff6f6b6f792a73a1df52572a808348ce387a62
"code/experiments/active_learning/EARLY_LiM2O4_ALIGNN_HARD640_m2p18_m2p02_FLAT_20260617/job_029_Cr_fe_-1.337_n4_generated_crystals_cif__gen_1.cif",1256,1cbbcd701d0d49de36fa1de028be17ccbed2d565a25fa2361aefdfbb73651909
"code/experiments/active_learning/EARLY_LiM2O4_ALIGNN_HARD640_m2p18_m2p02_FLAT_20260617/job_029_Cr_fe_-1.337_n4_generated_crystals_cif__gen_2.cif",1247,f67fdb95b9f0c719f4efe0cd6472993566fe38568d4f8a12365753c98dd1d594
"code/experiments/active_learning/EARLY_LiM2O4_ALIGNN_HARD640_m2p18_m2p02_FLAT_20260617/job_029_Cr_fe_-1.337_n4_generated_crystals_cif__gen_3.cif",1255,6871cbd461f46bea7813508e40edab47a9cbe47d16148c6eab9d30bc31e4f107
"code/experiments/active_learning/EARLY_LiM2O4_ALIGNN_HARD640_m2p18_m2p02_FLAT_20260617/job_030_Mn_fe_-1.234_n4_generated_crystals_cif__gen_0.cif",1245,f309970653c1e143ac829bd162ade59a924a536196ae2cbac5ceb87c340ea8ed
"code/experiments/active_learning/EARLY_LiM2O4_ALIGNN_HARD640_m2p18_m2p02_FLAT_20260617/job_030_Mn_fe_-1.234_n4_generated_crystals_cif__gen_1.cif",1251,159e9a35339975e2d3b1fee78290ca6bc9fa25d3847881974a400fc11f99f373
"code/experiments/active_learning/EARLY_LiM2O4_ALIGNN_HARD640_m2p18_m2p02_FLAT_20260617/job_030_Mn_fe_-1.234_n4_generated_crystals_cif__gen_2.cif",1256,22efd1aaca0e03e60c38523f1fffd335e24ef9049dc2f468baa9631a4ec312ad
"code/experiments/active_learning/EARLY_LiM2O4_ALIGNN_HARD640_m2p18_m2p02_FLAT_20260617/job_030_Mn_fe_-1.234_n4_generated_crystals_cif__gen_3.cif",1255,ea0f3523d9f76ac61c9ab26e4e96e1037ef64d0c0d7a274cf3a585842d5d2bb2
"code/experiments/active_learning/EARLY_LiM2O4_ALIGNN_HARD640_m2p18_m2p02_FLAT_20260617/job_031_Al_fe_-1.055_n4_generated_crystals_cif__gen_0.cif",1256,b864e928371d6d9100fbc7f2519dcba56d16cce00e1c26fff663338ca85a6f93
"code/experiments/active_learning/EARLY_LiM2O4_ALIGNN_HARD640_m2p18_m2p02_FLAT_20260617/job_031_Al_fe_-1.055_n4_generated_crystals_cif__gen_1.cif",1256,e6b29edb64408eed65c5a8e9c4f899c3a8a83aad4b77156fd42a6cfc0238ce97
"code/experiments/active_learning/EARLY_LiM2O4_ALIGNN_HARD640_m2p18_m2p02_FLAT_20260617/job_032_Co_fe_-1.386_n4_generated_crystals_cif__gen_0.cif",1255,4e5afedb49328266fc803118a4a5110215a6c19ba694b6b6f158857330a09739
"code/experiments/active_learning/EARLY_LiM2O4_ALIGNN_HARD640_m2p18_m2p02_FLAT_20260617/job_032_Co_fe_-1.386_n4_generated_crystals_cif__gen_1.cif",1256,bfceb0ded6413ed2e2219bbef086e9dedf2ba4ffc6741012e8149935b8110a00
"code/experiments/active_learning/EARLY_LiM2O4_ALIGNN_HARD640_m2p18_m2p02_FLAT_20260617/job_032_Co_fe_-1.386_n4_generated_crystals_cif__gen_2.cif",1253,478af4c8cb8df43b30fb5ccd77d76085a220e6aa6ba1f70f21c5bf80ac27b238
"code/experiments/active_learning/EARLY_LiM2O4_ALIGNN_HARD640_m2p18_m2p02_FLAT_20260617/job_032_Co_fe_-1.386_n4_generated_crystals_cif__gen_3.cif",1255,381b9eab8ee8ea4d45e56126451d1dbcb4dd285d158aef597fae0fac86f988f2
"code/experiments/active_learning/EARLY_LiM2O4_ALIGNN_HARD640_m2p18_m2p02_FLAT_20260617/job_033_Co_fe_-1.353_n4_generated_crystals_cif__gen_2.cif",1251,7e7bac4751c2d79dc7bc1e06f6f95afa8e99b339996285b742040eb35c40ae4e
"code/experiments/active_learning/EARLY_LiM2O4_ALIGNN_HARD640_m2p18_m2p02_FLAT_20260617/job_034_Co_fe_-1.009_n4_generated_crystals_cif__gen_0.cif",1253,a3127fb1273768b66b8796ff7f306e7101ded8cae118121ffca7d04782b07b6a
"code/experiments/active_learning/EARLY_LiM2O4_ALIGNN_HARD640_m2p18_m2p02_FLAT_20260617/job_034_Co_fe_-1.009_n4_generated_crystals_cif__gen_1.cif",1253,25c10a39e6ad075a8a247600ca2418e4f2d03c85470e00da9282142636f4cb5d
"code/experiments/active_learning/EARLY_LiM2O4_ALIGNN_HARD640_m2p18_m2p02_FLAT_20260617/job_034_Co_fe_-1.009_n4_generated_crystals_cif__gen_2.cif",1247,0c5eaf8234ca5900c6cd1fd165d65fbd5b5c3323a30915db3fb82497893e89d4
"code/experiments/active_learning/EARLY_LiM2O4_ALIGNN_HARD640_m2p18_m2p02_FLAT_20260617/job_034_Co_fe_-1.009_n4_generated_crystals_cif__gen_3.cif",1256,3ddc8b3cf051d3e6f4e638bf36eb4bbea4306170d9758c869affa490be23408a
"code/experiments/active_learning/EARLY_LiM2O4_ALIGNN_HARD640_m2p18_m2p02_FLAT_20260617/job_035_Ti_fe_-1.046_n4_generated_crystals_cif__gen_0.cif",1246,301fba2bd7ed360eb8184bbf16f63ae760691a14621d00460f6644ec6e6edc7f
"code/experiments/active_learning/EARLY_LiM2O4_ALIGNN_HARD640_m2p18_m2p02_FLAT_20260617/job_035_Ti_fe_-1.046_n4_generated_crystals_cif__gen_1.cif",1250,924e0345c590d234cc3f19bf5dd6433e0056c63e9c883df9a5f59c48e5f79bc9
"code/experiments/active_learning/EARLY_LiM2O4_ALIGNN_HARD640_m2p18_m2p02_FLAT_20260617/job_035_Ti_fe_-1.046_n4_generated_crystals_cif__gen_2.cif",1251,01d9812905b8752e412288cadd38c04ae47fdf869dd1c6e8ef4f7e94f47e6954
"code/experiments/active_learning/EARLY_LiM2O4_ALIGNN_HARD640_m2p18_m2p02_FLAT_20260617/job_036_Mg_fe_-1.056_n4_generated_crystals_cif__gen_1.cif",1245,027044de4317ff04ba6fd75dd3906b3025b76094f39e61bd4f60aaf055acf745
"code/experiments/active_learning/EARLY_LiM2O4_ALIGNN_HARD640_m2p18_m2p02_FLAT_20260617/job_038_Ni_fe_-1.176_n4_generated_crystals_cif__gen_0.cif",1253,4fdf373d6ca669310e912320e5f1470d94bd45ad588715f32d17a295ea1acb27
"code/experiments/active_learning/EARLY_LiM2O4_ALIGNN_HARD640_m2p18_m2p02_FLAT_20260617/job_038_Ni_fe_-1.176_n4_generated_crystals_cif__gen_1.cif",1248,27e5679a3d99badd333eaaee4d3524e1e83d2b405927431eddcdaf878e233c5f
"code/experiments/active_learning/EARLY_LiM2O4_ALIGNN_HARD640_m2p18_m2p02_FLAT_20260617/job_038_Ni_fe_-1.176_n4_generated_crystals_cif__gen_2.cif",1254,57c473064aef75ab5183d03d497ebbd7d39162134f6332e2514ee4dcbd664eef
"code/experiments/active_learning/EARLY_LiM2O4_ALIGNN_HARD640_m2p18_m2p02_FLAT_20260617/job_038_Ni_fe_-1.176_n4_generated_crystals_cif__gen_3.cif",1253,c2a2bb96b252e3a80185ff92f3ffeac20286dde5e27d29427f46d39db1f3c176
"code/experiments/active_learning/EARLY_LiM2O4_ALIGNN_HARD640_m2p18_m2p02_FLAT_20260617/job_039_Co_fe_-0.807_n4_generated_crystals_cif__gen_0.cif",1255,4c01116936f55718a425f3c595d54f45e0e8514de3669992270df4a5aec82b16
"code/experiments/active_learning/EARLY_LiM2O4_ALIGNN_HARD640_m2p18_m2p02_FLAT_20260617/job_039_Co_fe_-0.807_n4_generated_crystals_cif__gen_3.cif",1252,515d72afcfe922b05ab9c28acc17e35e56ef6856aebb29ff3ecb1b45ce598106
"code/experiments/active_learning/EARLY_LiM2O4_ALIGNN_HARD640_m2p18_m2p02_FLAT_20260617/job_040_Ti_fe_-1.018_n4_generated_crystals_cif__gen_1.cif",1254,e4b9a724d7bafb3587bce548ff555727f95a16bd9fa8803a8a707920b2619c8c
"code/experiments/active_learning/EARLY_LiM2O4_ALIGNN_HARD640_m2p18_m2p02_FLAT_20260617/job_041_Ni_fe_-1.021_n4_generated_crystals_cif__gen_0.cif",1249,8dfca2b8c346b701a8e34ac72c6827212dd7936567b286d80cd106d415893e3b
"code/experiments/active_learning/EARLY_LiM2O4_ALIGNN_HARD640_m2p18_m2p02_FLAT_20260617/job_041_Ni_fe_-1.021_n4_generated_crystals_cif__gen_1.cif",1254,68aa3cf88e86f36925d7b04d15615186fa13d21957abd20fa6226d8af005195b
"code/experiments/active_learning/EARLY_LiM2O4_ALIGNN_HARD640_m2p18_m2p02_FLAT_20260617/job_041_Ni_fe_-1.021_n4_generated_crystals_cif__gen_3.cif",1252,f68dacb26af1e7ebe317128519aca1eb857ee1ee246ceb863e417986a0237447
"code/experiments/active_learning/EARLY_LiM2O4_ALIGNN_HARD640_m2p18_m2p02_FLAT_20260617/job_042_Cr_fe_-0.962_n4_generated_crystals_cif__gen_0.cif",1250,e4f6e69265ee72a0909a84120471735122b57518a3441a46ba9af675b3630e08
"code/experiments/active_learning/EARLY_LiM2O4_ALIGNN_HARD640_m2p18_m2p02_FLAT_20260617/job_042_Cr_fe_-0.962_n4_generated_crystals_cif__gen_1.cif",1252,3a6189a7d7a9ebdbf82efbf148f4150520e98f8667fc7a8674265411627d2349
"code/experiments/active_learning/EARLY_LiM2O4_ALIGNN_HARD640_m2p18_m2p02_FLAT_20260617/job_042_Cr_fe_-0.962_n4_generated_crystals_cif__gen_2.cif",1253,6cc9fa38c02cb613974b5af4c2d103bfe7b4a6520c1144b31a16baecd9a84b80
"code/experiments/active_learning/EARLY_LiM2O4_ALIGNN_HARD640_m2p18_m2p02_FLAT_20260617/job_042_Cr_fe_-0.962_n4_generated_crystals_cif__gen_3.cif",1250,00c088fbb2cf798fd17b7e206ae3deecbe85575cbc377e70c9acb060e9763ebc
"code/experiments/active_learning/EARLY_LiM2O4_ALIGNN_HARD640_m2p18_m2p02_FLAT_20260617/job_043_Mn_fe_-1.340_n4_generated_crystals_cif__gen_1.cif",1246,1c5e42b8167deba2e4340a8118407ff87d329d7c91ef8f472eaea9a79c5907b5
"code/experiments/active_learning/EARLY_LiM2O4_ALIGNN_HARD640_m2p18_m2p02_FLAT_20260617/job_043_Mn_fe_-1.340_n4_generated_crystals_cif__gen_3.cif",1256,06dff3f9d070d72d2dce810957c1a4b074ef447478e0a37953608a87a3c91b5b
"code/experiments/active_learning/EARLY_LiM2O4_ALIGNN_HARD640_m2p18_m2p02_FLAT_20260617/job_044_Mn_fe_-0.936_n4_generated_crystals_cif__gen_0.cif",1253,353809a23a15c0dabfdee78926939395784abef3a1de378626b4a45ed84a0d6f
"code/experiments/active_learning/EARLY_LiM2O4_ALIGNN_HARD640_m2p18_m2p02_FLAT_20260617/job_044_Mn_fe_-0.936_n4_generated_crystals_cif__gen_1.cif",1253,cb2abf4b7074c2d692e82ae87ab9ed61b51546ecf0414aab8f6582199ed2280b
"code/experiments/active_learning/EARLY_LiM2O4_ALIGNN_HARD640_m2p18_m2p02_FLAT_20260617/job_044_Mn_fe_-0.936_n4_generated_crystals_cif__gen_2.cif",1252,e1d5895cc2cfe6a2292d9fcf6c5a4049983ce86b1f4c1f4662757ec0cfefe4df
"code/experiments/active_learning/EARLY_LiM2O4_ALIGNN_HARD640_m2p18_m2p02_FLAT_20260617/job_044_Mn_fe_-0.936_n4_generated_crystals_cif__gen_3.cif",1255,32a4f2457bb107bb31bdf2e64e3d1f06e59c54b2051238e8fd73518b65320f11
"code/experiments/active_learning/EARLY_LiM2O4_ALIGNN_HARD640_m2p18_m2p02_FLAT_20260617/job_045_Al_fe_-1.313_n4_generated_crystals_cif__gen_0.cif",1253,1c4d9382041dae4de15a56eadb3ad18673b1f1a0ff300565c63fc451e79a25db
"code/experiments/active_learning/EARLY_LiM2O4_ALIGNN_HARD640_m2p18_m2p02_FLAT_20260617/job_045_Al_fe_-1.313_n4_generated_crystals_cif__gen_1.cif",1251,3d02d582cbe412131eae2971f23521c1eea5aec3dae62ee2557f2e25a88409eb
"code/experiments/active_learning/EARLY_LiM2O4_ALIGNN_HARD640_m2p18_m2p02_FLAT_20260617/job_045_Al_fe_-1.313_n4_generated_crystals_cif__gen_3.cif",1258,30265728ea261a4da4c832c63be09d6c6d06ecca49c61f3cb6ffc98d202bb09b
"code/experiments/active_learning/EARLY_LiM2O4_ALIGNN_HARD640_m2p18_m2p02_FLAT_20260617/job_046_Ni_fe_-0.861_n4_generated_crystals_cif__gen_0.cif",1250,27630403cda22ecfc5b265f525be6e6f3777e9927a30fc5eb0868ba2ab541791
"code/experiments/active_learning/EARLY_LiM2O4_ALIGNN_HARD640_m2p18_m2p02_FLAT_20260617/job_046_Ni_fe_-0.861_n4_generated_crystals_cif__gen_1.cif",1252,61aa96a7b6e13135b49822c2a88b1ae93e08c14faf0a372a27742ae165011f09
"code/experiments/active_learning/EARLY_LiM2O4_ALIGNN_HARD640_m2p18_m2p02_FLAT_20260617/job_046_Ni_fe_-0.861_n4_generated_crystals_cif__gen_2.cif",1250,b512fac8811ad3d4c130aec8845c0086f1aeb8d42d00a9ee0b5993198436725a
"code/experiments/active_learning/EARLY_LiM2O4_ALIGNN_HARD640_m2p18_m2p02_FLAT_20260617/job_046_Ni_fe_-0.861_n4_generated_crystals_cif__gen_3.cif",1252,148b8c17fd0144628f0ed9efa8e9a77c53162746ecf4e4bf6a579aea90b1c1ca
"code/experiments/active_learning/EARLY_LiM2O4_ALIGNN_HARD640_m2p18_m2p02_FLAT_20260617/job_047_Mg_fe_-0.887_n4_generated_crystals_cif__gen_3.cif",1259,005e5dbea05af585725d0da3dae14cd1085d4fd3bc4fb2e3f0e32d3b67b130f1
"code/experiments/active_learning/EARLY_LiM2O4_ALIGNN_HARD640_m2p18_m2p02_FLAT_20260617/job_048_Co_fe_-1.351_n4_generated_crystals_cif__gen_0.cif",1253,ea9a7e3d8a893cd87f3396d1da218fb966c30afc00a5fd9ca0a5857abac31bb7
"code/experiments/active_learning/EARLY_LiM2O4_ALIGNN_HARD640_m2p18_m2p02_FLAT_20260617/job_048_Co_fe_-1.351_n4_generated_crystals_cif__gen_1.cif",1251,5e54c66bd7517a21394c947ae96cd32cb06f5c9195f70ed223a50d7df1eb4fd2
"code/experiments/active_learning/EARLY_LiM2O4_ALIGNN_HARD640_m2p18_m2p02_FLAT_20260617/job_048_Co_fe_-1.351_n4_generated_crystals_cif__gen_3.cif",1253,326e0b1b167459312e7a7b7090ec00f53049610f3f96b0391f04c4f8002094fc
"code/experiments/active_learning/EARLY_LiM2O4_ALIGNN_HARD640_m2p18_m2p02_FLAT_20260617/job_049_Al_fe_-1.223_n4_generated_crystals_cif__gen_1.cif",1256,e5c0a3ff70fa8d3d5fcb3fc1c5145aff7be7f314d8f4e5a562bbe8b76b279edd
"code/experiments/active_learning/EARLY_LiM2O4_ALIGNN_HARD640_m2p18_m2p02_FLAT_20260617/job_049_Al_fe_-1.223_n4_generated_crystals_cif__gen_2.cif",1252,b1fd0febb46d2e97f2959322a52d025103e9cc65ebda99a7b2be66491ede94dd
"code/experiments/active_learning/EARLY_LiM2O4_ALIGNN_HARD640_m2p18_m2p02_FLAT_20260617/job_049_Al_fe_-1.223_n4_generated_crystals_cif__gen_3.cif",1253,2d91d286e37f264e7043a02f4522f6c8cf614d3bf598647b6108bd80f7c663da
"code/experiments/active_learning/EARLY_LiM2O4_ALIGNN_HARD640_m2p18_m2p02_FLAT_20260617/job_050_Ti_fe_-1.179_n4_generated_crystals_cif__gen_0.cif",1255,2defca5937bff648a95810e012e328e17e566fdc517faf94542706e452424864
"code/experiments/active_learning/EARLY_LiM2O4_ALIGNN_HARD640_m2p18_m2p02_FLAT_20260617/job_050_Ti_fe_-1.179_n4_generated_crystals_cif__gen_1.cif",1247,df1d464ccb49a6016ddc294e4e01f5bc2d6c680aab2040c6c76c5eaee11e7b8f
"code/experiments/active_learning/EARLY_LiM2O4_ALIGNN_HARD640_m2p18_m2p02_FLAT_20260617/job_050_Ti_fe_-1.179_n4_generated_crystals_cif__gen_2.cif",1256,7b49580b3c46ed87827f730d18ca7f0b79af3a0a72f62dd01964cc1a9e387f09
"code/experiments/active_learning/EARLY_LiM2O4_ALIGNN_HARD640_m2p18_m2p02_FLAT_20260617/job_050_Ti_fe_-1.179_n4_generated_crystals_cif__gen_3.cif",1254,b7ce0538966d5efd3887e3c5d14eb5687c3f1ddf2ad7323181e896d2113733ea
"code/experiments/active_learning/EARLY_LiM2O4_ALIGNN_HARD640_m2p18_m2p02_FLAT_20260617/job_051_Co_fe_-1.402_n4_generated_crystals_cif__gen_0.cif",1253,ed1383b08766eb92c79781a916b17b44537e678e3b1ba0a23929b8e58d172bf5
"code/experiments/active_learning/EARLY_LiM2O4_ALIGNN_HARD640_m2p18_m2p02_FLAT_20260617/job_051_Co_fe_-1.402_n4_generated_crystals_cif__gen_1.cif",1253,20c841f45d427d4fdf21107a39be9c63de6b239afc5ba36a1e1c42b7e532854e
"code/experiments/active_learning/EARLY_LiM2O4_ALIGNN_HARD640_m2p18_m2p02_FLAT_20260617/job_051_Co_fe_-1.402_n4_generated_crystals_cif__gen_2.cif",1253,8946854f06963a0e8279eea9d79f8ca7541c7f4d46c8aa77905c280174bf4eee
"code/experiments/active_learning/EARLY_LiM2O4_ALIGNN_HARD640_m2p18_m2p02_FLAT_20260617/job_052_Ti_fe_-1.107_n4_generated_crystals_cif__gen_0.cif",1255,2ad82802f09bbde152a59f405d1fe52d15c1219f3d82b1075807546eb0c67bcf
"code/experiments/active_learning/EARLY_LiM2O4_ALIGNN_HARD640_m2p18_m2p02_FLAT_20260617/job_052_Ti_fe_-1.107_n4_generated_crystals_cif__gen_2.cif",1253,9c78d1469feb3aa721d38d9bdd8bec4e4d645b675899db50b9f29c1195b33853
"code/experiments/active_learning/EARLY_LiM2O4_ALIGNN_HARD640_m2p18_m2p02_FLAT_20260617/job_052_Ti_fe_-1.107_n4_generated_crystals_cif__gen_3.cif",1248,5ebf08714cf5b50aaa1d4e2bdeea7ce3e3076607b5ceb5443a75608c667c1768
"code/experiments/active_learning/EARLY_LiM2O4_ALIGNN_HARD640_m2p18_m2p02_FLAT_20260617/job_053_Co_fe_-0.977_n4_generated_crystals_cif__gen_1.cif",1256,5d232a074b6bd0496eff1c703649ca22a7abca82ec0de6d8e926f315b448a1b3
"code/experiments/active_learning/EARLY_LiM2O4_ALIGNN_HARD640_m2p18_m2p02_FLAT_20260617/job_053_Co_fe_-0.977_n4_generated_crystals_cif__gen_2.cif",1254,6b166ab94c3fc75bc3b383e75e772827dc7852487e7bf6fc837bb7a4a1b095fc
"code/experiments/active_learning/EARLY_LiM2O4_ALIGNN_HARD640_m2p18_m2p02_FLAT_20260617/job_053_Co_fe_-0.977_n4_generated_crystals_cif__gen_3.cif",1247,6166ec360babaddf3d8b9dac95ee0067a91794ae5b114d0b40fc8364911d9723
"code/experiments/active_learning/EARLY_LiM2O4_ALIGNN_HARD640_m2p18_m2p02_FLAT_20260617/job_054_Al_fe_-0.872_n4_generated_crystals_cif__gen_2.cif",1250,c430f01bc4e063a94d0d00755705550916e49696081a0ac9044c19539e8f5ed9
"code/experiments/active_learning/EARLY_LiM2O4_ALIGNN_HARD640_m2p18_m2p02_FLAT_20260617/job_055_Al_fe_-1.247_n4_generated_crystals_cif__gen_2.cif",1256,e5f8a7eaaafbb675bc6e0cf368fb305a6b109ae33e46f590b95230bf37c3eb5a
"code/experiments/active_learning/EARLY_LiM2O4_ALIGNN_HARD640_m2p18_m2p02_FLAT_20260617/job_056_Ni_fe_-1.143_n4_generated_crystals_cif__gen_3.cif",1253,49bfa9a0573ab814634ba82a8bf9fc397e99f0ff9d748754a98ac4842fcf23a5
"code/experiments/active_learning/EARLY_LiM2O4_ALIGNN_HARD640_m2p18_m2p02_FLAT_20260617/job_057_Mn_fe_-0.971_n4_generated_crystals_cif__gen_0.cif",1254,d6b8d41c371ed1415350f51f19ef2560d07c4ad500fd550db81b1a98abaa5ac9
"code/experiments/active_learning/EARLY_LiM2O4_ALIGNN_HARD640_m2p18_m2p02_FLAT_20260617/job_057_Mn_fe_-0.971_n4_generated_crystals_cif__gen_1.cif",1253,f2d0b6e1f5685171da281d8252df7440f72fb2b99445f1addd5343c2499ed58c
"code/experiments/active_learning/EARLY_LiM2O4_ALIGNN_HARD640_m2p18_m2p02_FLAT_20260617/job_058_Cr_fe_-1.423_n4_generated_crystals_cif__gen_0.cif",1255,4b1529e818c3bc678973bfb28aebeddfe016fd62fa65af04a12f1d325fa30e39
"code/experiments/active_learning/EARLY_LiM2O4_ALIGNN_HARD640_m2p18_m2p02_FLAT_20260617/job_058_Cr_fe_-1.423_n4_generated_crystals_cif__gen_1.cif",1251,19c9344b6afcee5847bf01d91159b15f2da1966f779f32cd50f109be62eb6084
"code/experiments/active_learning/EARLY_LiM2O4_ALIGNN_HARD640_m2p18_m2p02_FLAT_20260617/job_058_Cr_fe_-1.423_n4_generated_crystals_cif__gen_2.cif",1251,8ee91608336a1ce6fbeab3db7c4a0c92fa97913f0526f163b1cd0ba13d972b7d
"code/experiments/active_learning/EARLY_LiM2O4_ALIGNN_HARD640_m2p18_m2p02_FLAT_20260617/job_058_Cr_fe_-1.423_n4_generated_crystals_cif__gen_3.cif",1258,279377e6729bedb91bec3038fb1d29189e4c02f24363c5632a7a5ba76516bbdd
"code/experiments/active_learning/EARLY_LiM2O4_ALIGNN_HARD640_m2p18_m2p02_FLAT_20260617/job_059_Ti_fe_-1.388_n4_generated_crystals_cif__gen_2.cif",1261,42120c9f9f38a9b195459fd8b63cf644ea20c2804b60dd6098fc6dd8e686ffd6
"code/experiments/active_learning/EARLY_LiM2O4_ALIGNN_HARD640_m2p18_m2p02_FLAT_20260617/job_060_Ti_fe_-1.204_n4_generated_crystals_cif__gen_0.cif",1252,660a7838be177f734c8ffdd2964ea3e961a9c0df6f6119a20eb5193a417ddb31
"code/experiments/active_learning/EARLY_LiM2O4_ALIGNN_HARD640_m2p18_m2p02_FLAT_20260617/job_060_Ti_fe_-1.204_n4_generated_crystals_cif__gen_1.cif",1250,053a0128a553191d060de0f57cc8d635acbf7f5e282cf7020613785a5b695948
"code/experiments/active_learning/EARLY_LiM2O4_ALIGNN_HARD640_m2p18_m2p02_FLAT_20260617/job_060_Ti_fe_-1.204_n4_generated_crystals_cif__gen_3.cif",1252,18c361466731f8f425b8cfd7c97382078ea009e85d54145bb42ab5011ec30073
"code/experiments/active_learning/EARLY_LiM2O4_ALIGNN_HARD640_m2p18_m2p02_FLAT_20260617/job_061_Mn_fe_-1.231_n4_generated_crystals_cif__gen_0.cif",1252,27a7a8b42c5af3a0ecbf854c856364be0abd132cfcb9b9eb83e3f8cc4a9722ff
"code/experiments/active_learning/EARLY_LiM2O4_ALIGNN_HARD640_m2p18_m2p02_FLAT_20260617/job_061_Mn_fe_-1.231_n4_generated_crystals_cif__gen_2.cif",1255,133551cf86f909d9f79a73875f5d063b32e8bee8bcd7280be5c1ecde1e500666
"code/experiments/active_learning/EARLY_LiM2O4_ALIGNN_HARD640_m2p18_m2p02_FLAT_20260617/job_061_Mn_fe_-1.231_n4_generated_crystals_cif__gen_3.cif",1256,81aa4f7eaba58ce469dfd2b06fbc5e809804ef544a857a092fe93b77f01ad7e1
"code/experiments/active_learning/EARLY_LiM2O4_ALIGNN_HARD640_m2p18_m2p02_FLAT_20260617/job_062_Mg_fe_-0.803_n4_generated_crystals_cif__gen_0.cif",1252,483b63278f7c2d922a898693f46fd2b952f3c5571710dffb9b7b57fa86b95569
"code/experiments/active_learning/EARLY_LiM2O4_ALIGNN_HARD640_m2p18_m2p02_FLAT_20260617/job_062_Mg_fe_-0.803_n4_generated_crystals_cif__gen_1.cif",1254,15bc8fa686c0a8437ee4f367a413e0f31f2d61bf8f2dabd51ad0f2200b67977f
"code/experiments/active_learning/EARLY_LiM2O4_ALIGNN_HARD640_m2p18_m2p02_FLAT_20260617/job_065_Mn_fe_-1.024_n4_generated_crystals_cif__gen_0.cif",1248,9b6c9fdc14fc5657b061d4660dedc3e7bad89dfed06122dd626ac787df176be4
"code/experiments/active_learning/EARLY_LiM2O4_ALIGNN_HARD640_m2p18_m2p02_FLAT_20260617/job_065_Mn_fe_-1.024_n4_generated_crystals_cif__gen_1.cif",1255,7b153f005e5f7666b8a2955fe87b1d609b9f33ff8e46819474b934a8ee95aefe
"code/experiments/active_learning/EARLY_LiM2O4_ALIGNN_HARD640_m2p18_m2p02_FLAT_20260617/job_065_Mn_fe_-1.024_n4_generated_crystals_cif__gen_2.cif",1256,36c2f46107a76890564aa6cfdde2ab9e20517a1d3a748eecbc32969327fef2e0
"code/experiments/active_learning/EARLY_LiM2O4_ALIGNN_HARD640_m2p18_m2p02_FLAT_20260617/job_066_Mn_fe_-1.023_n4_generated_crystals_cif__gen_0.cif",1254,47511780add7c9fd4a542cae808c6c331bf256488e081a10ff054a736317445a
"code/experiments/active_learning/EARLY_LiM2O4_ALIGNN_HARD640_m2p18_m2p02_FLAT_20260617/job_066_Mn_fe_-1.023_n4_generated_crystals_cif__gen_1.cif",1247,96ad1471e49273ea7e06cbf64034e50364a1e5a56b2ccc8ec0aedfb0808cf0ce
"code/experiments/active_learning/EARLY_LiM2O4_ALIGNN_HARD640_m2p18_m2p02_FLAT_20260617/job_066_Mn_fe_-1.023_n4_generated_crystals_cif__gen_2.cif",1250,3e22470c44281cf1b1f4c414875ff26d328267fc24076aa63008aa21b0898274
"code/experiments/active_learning/EARLY_LiM2O4_ALIGNN_HARD640_m2p18_m2p02_FLAT_20260617/job_066_Mn_fe_-1.023_n4_generated_crystals_cif__gen_3.cif",1248,5d1c39ef49450392da5bc08acd96e339921a2fb2f17a5023cd84744081a8e4a8
"code/experiments/active_learning/EARLY_LiM2O4_ALIGNN_HARD640_m2p18_m2p02_FLAT_20260617/job_067_Mg_fe_-0.974_n4_generated_crystals_cif__gen_1.cif",1254,a4476adb8ff723ffd77ad906458dbb731bf44b1e23449d157c165aeeec123c9b
"code/experiments/active_learning/EARLY_LiM2O4_ALIGNN_HARD640_m2p18_m2p02_FLAT_20260617/job_068_Cr_fe_-1.051_n4_generated_crystals_cif__gen_0.cif",1256,5edb345d9d1c5a43430530e24a44a30c73c1f1597a408a00802952c837cb3339
"code/experiments/active_learning/EARLY_LiM2O4_ALIGNN_HARD640_m2p18_m2p02_FLAT_20260617/job_068_Cr_fe_-1.051_n4_generated_crystals_cif__gen_1.cif",1259,5a038822cb57c157b4630fd0345acaeb340e932a741bae8c713790dfaeacb132
"code/experiments/active_learning/EARLY_LiM2O4_ALIGNN_HARD640_m2p18_m2p02_FLAT_20260617/job_068_Cr_fe_-1.051_n4_generated_crystals_cif__gen_3.cif",1254,f02499c0e55ad2081fcfdc71215c6bff37176a9f5e6efe33a699bbde26351105
"code/experiments/active_learning/EARLY_LiM2O4_ALIGNN_HARD640_m2p18_m2p02_FLAT_20260617/job_069_Mn_fe_-1.295_n4_generated_crystals_cif__gen_0.cif",1251,7ebabd54abce3a5c263d39fbba2e68be93f45c09af0b8764d32869766c40e792
"code/experiments/active_learning/EARLY_LiM2O4_ALIGNN_HARD640_m2p18_m2p02_FLAT_20260617/job_069_Mn_fe_-1.295_n4_generated_crystals_cif__gen_1.cif",1257,158dd132d10005972595183478e68ef41a9a68b8eea74c2810906e3622592747
"code/experiments/active_learning/EARLY_LiM2O4_ALIGNN_HARD640_m2p18_m2p02_FLAT_20260617/job_069_Mn_fe_-1.295_n4_generated_crystals_cif__gen_2.cif",1251,3968b2f509f497c78206b1324eeebf6567a425d76eb4ebdd36737177304d27cf
"code/experiments/active_learning/EARLY_LiM2O4_ALIGNN_HARD640_m2p18_m2p02_FLAT_20260617/job_069_Mn_fe_-1.295_n4_generated_crystals_cif__gen_3.cif",1248,4de52341c4809108d6086bf052dcbabf8b140229e8778a2fc795088100515a95
"code/experiments/active_learning/EARLY_LiM2O4_ALIGNN_HARD640_m2p18_m2p02_FLAT_20260617/job_070_Ni_fe_-1.182_n4_generated_crystals_cif__gen_1.cif",1251,702360048aacdcaaf9088114a2fead17be67d7cf262ba13628f8113732cd8c33
"code/experiments/active_learning/EARLY_LiM2O4_ALIGNN_HARD640_m2p18_m2p02_FLAT_20260617/job_070_Ni_fe_-1.182_n4_generated_crystals_cif__gen_2.cif",1251,0f33d5484f32ee17eef81006d63436abb18b68cafa40f3630faca0e76e94d781
"code/experiments/active_learning/EARLY_LiM2O4_ALIGNN_HARD640_m2p18_m2p02_FLAT_20260617/job_070_Ni_fe_-1.182_n4_generated_crystals_cif__gen_3.cif",1253,bbc18bf0d24c86c3c8aa02c3d9c60a920bffbf3743aa716d0e9a9697b46121a7
"code/experiments/active_learning/EARLY_LiM2O4_ALIGNN_HARD640_m2p18_m2p02_FLAT_20260617/job_071_Ti_fe_-0.887_n4_generated_crystals_cif__gen_2.cif",1251,2db6570940d2e2e74edc560ed2b8a547592ac7ee9e59112d4022aedc61805739
"code/experiments/active_learning/EARLY_LiM2O4_ALIGNN_HARD640_m2p18_m2p02_FLAT_20260617/job_071_Ti_fe_-0.887_n4_generated_crystals_cif__gen_3.cif",1253,06dc0695ff93af06b93745da8ac5e062299e774bce36da9c9b1824fecd569324
"code/experiments/active_learning/EARLY_LiM2O4_ALIGNN_HARD640_m2p18_m2p02_FLAT_20260617/job_072_Co_fe_-0.820_n4_generated_crystals_cif__gen_0.cif",1261,eb4e71b12154407280d04b4162804487a92f9e1f84756af6bcb6ed3a7b8660a5
"code/experiments/active_learning/EARLY_LiM2O4_ALIGNN_HARD640_m2p18_m2p02_FLAT_20260617/job_072_Co_fe_-0.820_n4_generated_crystals_cif__gen_1.cif",1257,f95ee38935efd314b998c754959b3d2853b3ed8ac6a124cd8a6733ed3e6c5e1c
"code/experiments/active_learning/EARLY_LiM2O4_ALIGNN_HARD640_m2p18_m2p02_FLAT_20260617/job_072_Co_fe_-0.820_n4_generated_crystals_cif__gen_2.cif",1260,e259a078c4f1e16e51e839b2f4e94537ad40f5eb54d2ac6a30629d8871dc6cf1
"code/experiments/active_learning/EARLY_LiM2O4_ALIGNN_HARD640_m2p18_m2p02_FLAT_20260617/job_072_Co_fe_-0.820_n4_generated_crystals_cif__gen_3.cif",1254,db328d2204ef1a99b2c5c8ca7457d8d59cf4c287ae4092b69698c910a5d637b4
"code/experiments/active_learning/EARLY_LiM2O4_ALIGNN_HARD640_m2p18_m2p02_FLAT_20260617/job_073_Cr_fe_-1.375_n4_generated_crystals_cif__gen_0.cif",1260,ead5ba5e33ba08568b115d6f8bcf95b59646545ceb32f05c0c1291c59053fbd5
"code/experiments/active_learning/EARLY_LiM2O4_ALIGNN_HARD640_m2p18_m2p02_FLAT_20260617/job_073_Cr_fe_-1.375_n4_generated_crystals_cif__gen_1.cif",1250,04267f0d6af643582c16fa4f8f902acc52b362446a752b76304eae1c18a60e3e
"code/experiments/active_learning/EARLY_LiM2O4_ALIGNN_HARD640_m2p18_m2p02_FLAT_20260617/job_073_Cr_fe_-1.375_n4_generated_crystals_cif__gen_2.cif",1248,688645c4d1e458da0d239c34b60aa2d234417d02481d9154855a2e7525989c11
"code/experiments/active_learning/EARLY_LiM2O4_ALIGNN_HARD640_m2p18_m2p02_FLAT_20260617/job_073_Cr_fe_-1.375_n4_generated_crystals_cif__gen_3.cif",1257,04f640fe9be2fcbd5ddc2de82fd4bb47b030167b291afb2f0017a50d152f9469
"code/experiments/active_learning/EARLY_LiM2O4_ALIGNN_HARD640_m2p18_m2p02_FLAT_20260617/job_074_Mn_fe_-0.891_n4_generated_crystals_cif__gen_1.cif",1256,9e6a9aa1dc05e219e846d8e815fd11433ca7826164a44eda51056c762ddbe1b1
"code/experiments/active_learning/EARLY_LiM2O4_ALIGNN_HARD640_m2p18_m2p02_FLAT_20260617/job_074_Mn_fe_-0.891_n4_generated_crystals_cif__gen_2.cif",1253,b2925af81fe243851d80689c32ba4705e2a6d4ce118c7cb47d47998953ef9f26
"code/experiments/active_learning/EARLY_LiM2O4_ALIGNN_HARD640_m2p18_m2p02_FLAT_20260617/job_074_Mn_fe_-0.891_n4_generated_crystals_cif__gen_3.cif",1251,ae3f457ccfe0f8b44f999139c234f9b05d339bad21dc5513a68bc23a74f2cd6c
"code/experiments/active_learning/EARLY_LiM2O4_ALIGNN_HARD640_m2p18_m2p02_FLAT_20260617/job_075_Co_fe_-0.911_n4_generated_crystals_cif__gen_0.cif",1261,fe55109f44302ebe81e8931f6bea922d5a95140f2b5f424ec279e367f91e013b
"code/experiments/active_learning/EARLY_LiM2O4_ALIGNN_HARD640_m2p18_m2p02_FLAT_20260617/job_075_Co_fe_-0.911_n4_generated_crystals_cif__gen_1.cif",1249,849c3455c1c43f12af811b363ab4f72565e8d70cea6f9d0ea40351030887bd27
"code/experiments/active_learning/EARLY_LiM2O4_ALIGNN_HARD640_m2p18_m2p02_FLAT_20260617/job_075_Co_fe_-0.911_n4_generated_crystals_cif__gen_2.cif",1254,6199444980236cd77ef620cbae1a0f52fb8a81a611b9f0c8c848b8fa4958d9c5
"code/experiments/active_learning/EARLY_LiM2O4_ALIGNN_HARD640_m2p18_m2p02_FLAT_20260617/job_075_Co_fe_-0.911_n4_generated_crystals_cif__gen_3.cif",1253,0c5c5c63418d4c49f7f0aadff7f022a8f1574e6b591d871a65d0bfa627d9c9ed
"code/experiments/active_learning/EARLY_LiM2O4_ALIGNN_HARD640_m2p18_m2p02_FLAT_20260617/job_076_Mg_fe_-1.074_n4_generated_crystals_cif__gen_0.cif",1255,2e519c8bf92dc6d96a7dfc3f930c68a2226936f2c88e9c6aeee7a2d8f5e1275d
"code/experiments/active_learning/EARLY_LiM2O4_ALIGNN_HARD640_m2p18_m2p02_FLAT_20260617/job_077_Ni_fe_-1.238_n4_generated_crystals_cif__gen_0.cif",1255,dd0d32616934378acef226006fc07f56acef5654c85a88757156e0bba777aa44
"code/experiments/active_learning/EARLY_LiM2O4_ALIGNN_HARD640_m2p18_m2p02_FLAT_20260617/job_077_Ni_fe_-1.238_n4_generated_crystals_cif__gen_1.cif",1251,d2bb4413282b89401f4b91b4779b58fec0d3f6f7a8b627d6c48f8bbd270c7a7a
"code/experiments/active_learning/EARLY_LiM2O4_ALIGNN_HARD640_m2p18_m2p02_FLAT_20260617/job_077_Ni_fe_-1.238_n4_generated_crystals_cif__gen_3.cif",1254,af3b3d952581794878b9dadd5434a2cdab530d7c4ed04a0fe15d5ec89159568b
"code/experiments/active_learning/EARLY_LiM2O4_ALIGNN_HARD640_m2p18_m2p02_FLAT_20260617/job_078_Ni_fe_-1.122_n4_generated_crystals_cif__gen_0.cif",1251,de7ede144b6964b639aad7c0d8adf66f54be559c7c433c59db19f7801a47882d
"code/experiments/active_learning/EARLY_LiM2O4_ALIGNN_HARD640_m2p18_m2p02_FLAT_20260617/job_078_Ni_fe_-1.122_n4_generated_crystals_cif__gen_1.cif",1253,0b6dd4b4a5e29ea74ddc471c9b059abe1e7b304838033d9f89acee70f8b746f2
"code/experiments/active_learning/EARLY_LiM2O4_ALIGNN_HARD640_m2p18_m2p02_FLAT_20260617/job_078_Ni_fe_-1.122_n4_generated_crystals_cif__gen_2.cif",1255,58bc42cd23c922a2fb57f31fceff6d4f4ca217fa5a8b0b360af04ca4b68d8294
"code/experiments/active_learning/EARLY_LiM2O4_ALIGNN_HARD640_m2p18_m2p02_FLAT_20260617/job_078_Ni_fe_-1.122_n4_generated_crystals_cif__gen_3.cif",1254,6c0481530f12a0e2d56ded8fe2511e6b94e8b3b43da97ba9a2202b1a24fc9bc0
"code/experiments/active_learning/EARLY_LiM2O4_ALIGNN_HARD640_m2p18_m2p02_FLAT_20260617/job_079_Cr_fe_-0.854_n4_generated_crystals_cif__gen_0.cif",1251,a847ff31eed7c0b4ac7666c393484e3bfe4f34121f4525ed1b4c421a97fad4e4
"code/experiments/active_learning/EARLY_LiM2O4_ALIGNN_HARD640_m2p18_m2p02_FLAT_20260617/job_079_Cr_fe_-0.854_n4_generated_crystals_cif__gen_1.cif",1249,8d19c028019780f5298180cf94f61d447c58dee6fadffbb89b682c786a70931a
"code/experiments/active_learning/EARLY_LiM2O4_ALIGNN_HARD640_m2p18_m2p02_FLAT_20260617/job_079_Cr_fe_-0.854_n4_generated_crystals_cif__gen_2.cif",1249,1425e6a09c4b7a7d8cdf4f26bfbcdf7b773378124852a52cada3ef4778ecfb1e
"code/experiments/active_learning/EARLY_LiM2O4_ALIGNN_HARD640_m2p18_m2p02_FLAT_20260617/job_080_Mn_fe_-1.081_n4_generated_crystals_cif__gen_0.cif",1252,5ca33b2eaf4fe8a0fc6bbc956f1c212e7c649c3fc3dac5bd25c91793f31524b6
"code/experiments/active_learning/EARLY_LiM2O4_ALIGNN_HARD640_m2p18_m2p02_FLAT_20260617/job_080_Mn_fe_-1.081_n4_generated_crystals_cif__gen_1.cif",1261,5640a0d4b906f89afe176aba2aaf0e6e3f43f5d32e36acd358a8c7e2cec4c0c4
"code/experiments/active_learning/EARLY_LiM2O4_ALIGNN_HARD640_m2p18_m2p02_FLAT_20260617/job_080_Mn_fe_-1.081_n4_generated_crystals_cif__gen_2.cif",1255,093aabce68aa98edb7ce954f6831b04c189f05c3f4c2730dad1c7cc1f2162f3a
"code/experiments/active_learning/EARLY_LiM2O4_ALIGNN_HARD640_m2p18_m2p02_FLAT_20260617/job_080_Mn_fe_-1.081_n4_generated_crystals_cif__gen_3.cif",1254,49fa9ff818857f7c6cd4b8907fa83e775d638e52c20af2d994a3bdee68e3a3bd
"code/experiments/active_learning/EARLY_LiM2O4_ALIGNN_HARD640_m2p18_m2p02_FLAT_20260617/job_081_Al_fe_-1.486_n4_generated_crystals_cif__gen_3.cif",1251,fbbc61eff3048cab39ab8d6b2e66db53bea158021cff9e891d1365f2bd368e59
"code/experiments/active_learning/EARLY_LiM2O4_ALIGNN_HARD640_m2p18_m2p02_FLAT_20260617/job_082_Co_fe_-0.885_n4_generated_crystals_cif__gen_0.cif",1259,49535d3830f89dcc04f652267ec6ef43e3e451503703178ca6cf94c773a61301
"code/experiments/active_learning/EARLY_LiM2O4_ALIGNN_HARD640_m2p18_m2p02_FLAT_20260617/job_082_Co_fe_-0.885_n4_generated_crystals_cif__gen_1.cif",1255,6f7374e62f6ffdfe96e6fbdaeee4112556a8d64197069c1c8388d294887a0ea0
"code/experiments/active_learning/EARLY_LiM2O4_ALIGNN_HARD640_m2p18_m2p02_FLAT_20260617/job_083_Cr_fe_-0.935_n4_generated_crystals_cif__gen_1.cif",1250,927a46aabafe07974a0e8ff93e61ebeeff4fb55eb3c402e05e3bbc95d486939d
"code/experiments/active_learning/EARLY_LiM2O4_ALIGNN_HARD640_m2p18_m2p02_FLAT_20260617/job_083_Cr_fe_-0.935_n4_generated_crystals_cif__gen_2.cif",1253,6ef13abdd31bac7241092ed23afca24c77acac5eef44f48106201997f8ed6f3f
"code/experiments/active_learning/EARLY_LiM2O4_ALIGNN_HARD640_m2p18_m2p02_FLAT_20260617/job_084_Ni_fe_-1.459_n4_generated_crystals_cif__gen_0.cif",1249,a9b55cabe922544ed71713739a6642043d14f5e6d3f937d36010e1b6b0f690a4
"code/experiments/active_learning/EARLY_LiM2O4_ALIGNN_HARD640_m2p18_m2p02_FLAT_20260617/job_084_Ni_fe_-1.459_n4_generated_crystals_cif__gen_1.cif",1253,9739d217a36dbcc9aafee63ef89efd79b03d16c8531e3f09561dd2ba6229f25e
"code/experiments/active_learning/EARLY_LiM2O4_ALIGNN_HARD640_m2p18_m2p02_FLAT_20260617/job_084_Ni_fe_-1.459_n4_generated_crystals_cif__gen_3.cif",1251,86231323460082d8b036b7bf55fd96967c1c96b648923b0cf23ff68486708bf5
"code/experiments/active_learning/EARLY_LiM2O4_ALIGNN_HARD640_m2p18_m2p02_FLAT_20260617/job_085_Mg_fe_-0.837_n4_generated_crystals_cif__gen_2.cif",1258,2fb76f741dadb416d68dd8e77aa92ee2742979763fcccfdf739db0fe8d797dc1
"code/experiments/active_learning/EARLY_LiM2O4_ALIGNN_HARD640_m2p18_m2p02_FLAT_20260617/job_086_Mn_fe_-0.988_n4_generated_crystals_cif__gen_0.cif",1257,95ac0be9b7301b973ec21499717c000fd8ef8da903ab70bb72f85c507d00b0a8
"code/experiments/active_learning/EARLY_LiM2O4_ALIGNN_HARD640_m2p18_m2p02_FLAT_20260617/job_086_Mn_fe_-0.988_n4_generated_crystals_cif__gen_1.cif",1250,4bc61166f7313b9a77c11a53f5787fb356462249f0fdc64f5efc0a527a6c20cc
"code/experiments/active_learning/EARLY_LiM2O4_ALIGNN_HARD640_m2p18_m2p02_FLAT_20260617/job_086_Mn_fe_-0.988_n4_generated_crystals_cif__gen_2.cif",1252,b8cb5f8ce4c313508fb9f23fe0407a4b68806b346906666a0a9b7000cbe4daf9
"code/experiments/active_learning/EARLY_LiM2O4_ALIGNN_HARD640_m2p18_m2p02_FLAT_20260617/job_086_Mn_fe_-0.988_n4_generated_crystals_cif__gen_3.cif",1251,f31a857e9db175bad2d2cb76b08566cb63c68bb3ac8ee9a9cf19bb7ba45111dd
"code/experiments/active_learning/EARLY_LiM2O4_ALIGNN_HARD640_m2p18_m2p02_FLAT_20260617/job_087_Cr_fe_-1.452_n4_generated_crystals_cif__gen_0.cif",1253,80425455bf99694a88ff175787de90f0128869a01a313f755dc04703112ab02a
"code/experiments/active_learning/EARLY_LiM2O4_ALIGNN_HARD640_m2p18_m2p02_FLAT_20260617/job_087_Cr_fe_-1.452_n4_generated_crystals_cif__gen_2.cif",1251,842f5cdcb8cdb9dbcf44af997f06a42b11918f56dc4013678b486424fdb2d05d
"code/experiments/active_learning/EARLY_LiM2O4_ALIGNN_HARD640_m2p18_m2p02_FLAT_20260617/job_087_Cr_fe_-1.452_n4_generated_crystals_cif__gen_3.cif",1247,9d446ad9625b9f3ad1197f8ec250ec901ababc1f4af612020a89c8599a0762bc
"code/experiments/active_learning/EARLY_LiM2O4_ALIGNN_HARD640_m2p18_m2p02_FLAT_20260617/job_088_Cr_fe_-1.127_n4_generated_crystals_cif__gen_0.cif",1260,0c2022e4146bdc4a8758837145d89d04f78706a013205891f904d22214ddd568
"code/experiments/active_learning/EARLY_LiM2O4_ALIGNN_HARD640_m2p18_m2p02_FLAT_20260617/job_088_Cr_fe_-1.127_n4_generated_crystals_cif__gen_1.cif",1253,4a5e6a22f7b06f93f5b15bdaadeaea6437e9b3aaa2f8191f43ba3a7fad4b33a1
"code/experiments/active_learning/EARLY_LiM2O4_ALIGNN_HARD640_m2p18_m2p02_FLAT_20260617/job_088_Cr_fe_-1.127_n4_generated_crystals_cif__gen_2.cif",1255,133681b91b2632c4652c8e78c215ae331288ea83058ee557287dc7f296a8395b
"code/experiments/active_learning/EARLY_LiM2O4_ALIGNN_HARD640_m2p18_m2p02_FLAT_20260617/job_088_Cr_fe_-1.127_n4_generated_crystals_cif__gen_3.cif",1253,0131af485496d3becdc23a4bb6200cb0ef068715ac53af1d176966f9056c6022
"code/experiments/active_learning/EARLY_LiM2O4_ALIGNN_HARD640_m2p18_m2p02_FLAT_20260617/job_089_Ni_fe_-1.410_n4_generated_crystals_cif__gen_0.cif",1255,a07c1fbbe526b0a16f7f9e48fc96a975e2b8e63f1f5254ea29bf5489c5ddb868
"code/experiments/active_learning/EARLY_LiM2O4_ALIGNN_HARD640_m2p18_m2p02_FLAT_20260617/job_089_Ni_fe_-1.410_n4_generated_crystals_cif__gen_1.cif",1253,6626e66c3dd685990445189ee0fce9d78f25fd027f737d316c45499fe3f950d0
"code/experiments/active_learning/EARLY_LiM2O4_ALIGNN_HARD640_m2p18_m2p02_FLAT_20260617/job_089_Ni_fe_-1.410_n4_generated_crystals_cif__gen_2.cif",1252,6a13bae3e6735a7ca95b88e0d33671bd4a54afa3be898be9160b526566dd92db
"code/experiments/active_learning/EARLY_LiM2O4_ALIGNN_HARD640_m2p18_m2p02_FLAT_20260617/job_089_Ni_fe_-1.410_n4_generated_crystals_cif__gen_3.cif",1260,411a26cc3650fa4273e114e4bfcb19cd2657ee278f9b5305c78cf0e5b37854c5
"code/experiments/active_learning/EARLY_LiM2O4_ALIGNN_HARD640_m2p18_m2p02_FLAT_20260617/job_090_Al_fe_-0.837_n4_generated_crystals_cif__gen_1.cif",1257,af074d2b328d31e38ec2643969de558b157fb9b2e02b367a42a5cd4da452334e
"code/experiments/active_learning/EARLY_LiM2O4_ALIGNN_HARD640_m2p18_m2p02_FLAT_20260617/job_090_Al_fe_-0.837_n4_generated_crystals_cif__gen_2.cif",1252,15205ab9ab8584147ad3d648024afca2251e0be04e755cf8a9de8615635316a0
"code/experiments/active_learning/EARLY_LiM2O4_ALIGNN_HARD640_m2p18_m2p02_FLAT_20260617/job_090_Al_fe_-0.837_n4_generated_crystals_cif__gen_3.cif",1251,b26634bcd710bfd97342629bdb546a7e71fd02546d8541715fc15cd0b0fa622c
"code/experiments/active_learning/EARLY_LiM2O4_ALIGNN_HARD640_m2p18_m2p02_FLAT_20260617/job_091_Ni_fe_-1.314_n4_generated_crystals_cif__gen_0.cif",1253,5ab8b348f7cc1149ec2cc7065a1407b3837bb3861a9010d645059e8936ebd094
"code/experiments/active_learning/EARLY_LiM2O4_ALIGNN_HARD640_m2p18_m2p02_FLAT_20260617/job_091_Ni_fe_-1.314_n4_generated_crystals_cif__gen_1.cif",1256,95f29141c0e60aa86de415215d87f52fa437732e14c3fe05fb47eabcad98d118
"code/experiments/active_learning/EARLY_LiM2O4_ALIGNN_HARD640_m2p18_m2p02_FLAT_20260617/job_091_Ni_fe_-1.314_n4_generated_crystals_cif__gen_2.cif",1249,2d7b32b6c12cbf150635a5d20ee7761e670168ac0ef9d65ff437dde2ce8ab797
"code/experiments/active_learning/EARLY_LiM2O4_ALIGNN_HARD640_m2p18_m2p02_FLAT_20260617/job_091_Ni_fe_-1.314_n4_generated_crystals_cif__gen_3.cif",1250,fe4d023f4fe0bb8d560e22ba95810464631644cbb881cb1ef9456dbe647aae26
"code/experiments/active_learning/EARLY_LiM2O4_ALIGNN_HARD640_m2p18_m2p02_FLAT_20260617/job_092_Cr_fe_-1.075_n4_generated_crystals_cif__gen_1.cif",1252,6b750457d7845efa9bda20fbd1f2ea9566f879195a18aef868323bbc6fd9fe8e
"code/experiments/active_learning/EARLY_LiM2O4_ALIGNN_HARD640_m2p18_m2p02_FLAT_20260617/job_092_Cr_fe_-1.075_n4_generated_crystals_cif__gen_2.cif",1251,fe76e62cf2504cfabcb215e14e01e92bcb9ac70802db70f10e3df248f826b8c4
"code/experiments/active_learning/EARLY_LiM2O4_ALIGNN_HARD640_m2p18_m2p02_FLAT_20260617/job_092_Cr_fe_-1.075_n4_generated_crystals_cif__gen_3.cif",1252,49e21a0d98aee6ff8d6db6f3f3881cf59dfd7c6ee4441c0356ec913745936730
"code/experiments/active_learning/EARLY_LiM2O4_ALIGNN_HARD640_m2p18_m2p02_FLAT_20260617/job_093_Ni_fe_-0.850_n4_generated_crystals_cif__gen_1.cif",1250,bae94632bf2251b37780f99572109ccfec6681036c487279858ff9db376dfe93
"code/experiments/active_learning/EARLY_LiM2O4_ALIGNN_HARD640_m2p18_m2p02_FLAT_20260617/job_093_Ni_fe_-0.850_n4_generated_crystals_cif__gen_2.cif",1250,2baa9f8cfb036bbab2ffb6291c8073901f0de4bb3579bf67eab42362f952c4be
"code/experiments/active_learning/EARLY_LiM2O4_ALIGNN_HARD640_m2p18_m2p02_FLAT_20260617/job_093_Ni_fe_-0.850_n4_generated_crystals_cif__gen_3.cif",1250,354c1a90d3eb945a0ca27b1e1d15c7aaf3d399915a4aa659289e484ca2d9f335
"code/experiments/active_learning/EARLY_LiM2O4_ALIGNN_HARD640_m2p18_m2p02_FLAT_20260617/job_094_Cr_fe_-0.989_n4_generated_crystals_cif__gen_0.cif",1248,98eeacaabc6f82adf641465d6f0313cace2698374a58bf36126a7958c2d9cbda
"code/experiments/active_learning/EARLY_LiM2O4_ALIGNN_HARD640_m2p18_m2p02_FLAT_20260617/job_094_Cr_fe_-0.989_n4_generated_crystals_cif__gen_1.cif",1259,ede4015309ad6ecd094f8ed39dd43e0bba4a94764ba11a0d9be2d0edac3c035f
"code/experiments/active_learning/EARLY_LiM2O4_ALIGNN_HARD640_m2p18_m2p02_FLAT_20260617/job_094_Cr_fe_-0.989_n4_generated_crystals_cif__gen_2.cif",1257,876c7d9ee28d4696d4d462be9d7456a53329226b0084712ebb94335e4fccd27c
"code/experiments/active_learning/EARLY_LiM2O4_ALIGNN_HARD640_m2p18_m2p02_FLAT_20260617/job_095_Ni_fe_-1.001_n4_generated_crystals_cif__gen_0.cif",1255,4ae8f09f9d118392253d5b4ad43e2db9e6f200be510567203f19ddd79e1aee43
"code/experiments/active_learning/EARLY_LiM2O4_ALIGNN_HARD640_m2p18_m2p02_FLAT_20260617/job_095_Ni_fe_-1.001_n4_generated_crystals_cif__gen_1.cif",1255,5b5008e07daac3fb3b59bc7fd31efc0ae3151cd903beecd1725a59967f9a06ee
"code/experiments/active_learning/EARLY_LiM2O4_ALIGNN_HARD640_m2p18_m2p02_FLAT_20260617/job_095_Ni_fe_-1.001_n4_generated_crystals_cif__gen_3.cif",1259,0f6e68df3a4bfd846244f3481aa5d83c371364111b7bbee86f3216a3cb0a7639
"code/experiments/active_learning/EARLY_LiM2O4_ALIGNN_HARD640_m2p18_m2p02_FLAT_20260617/job_096_Al_fe_-0.803_n4_generated_crystals_cif__gen_2.cif",1253,6322705220d9dd0a7ff63e709584adadcdf52280ff72401dc8509c7b2710cece
"code/experiments/active_learning/EARLY_LiM2O4_ALIGNN_HARD640_m2p18_m2p02_FLAT_20260617/job_096_Al_fe_-0.803_n4_generated_crystals_cif__gen_3.cif",1249,dd3a4d59609a56fca3a2228548ae1156625ba29ff0db5787d4b3c43a6e742314
"code/experiments/active_learning/EARLY_LiM2O4_ALIGNN_HARD640_m2p18_m2p02_FLAT_20260617/job_097_Ti_fe_-1.239_n4_generated_crystals_cif__gen_0.cif",1256,6754844535c2dfdba88d3d138e6f898e2f479607a6ab4f8648d22bd76307cc58
"code/experiments/active_learning/EARLY_LiM2O4_ALIGNN_HARD640_m2p18_m2p02_FLAT_20260617/job_097_Ti_fe_-1.239_n4_generated_crystals_cif__gen_1.cif",1254,86a73c5966e9d55c3e30be0da05e65e2728456c0f707054d71fafc9e8fed9754
"code/experiments/active_learning/EARLY_LiM2O4_ALIGNN_HARD640_m2p18_m2p02_FLAT_20260617/job_097_Ti_fe_-1.239_n4_generated_crystals_cif__gen_2.cif",1254,4bd4979ed03aa970f304bce73f103fc8e04086e0e45d0e84a4df73bdc9ba3521
"code/experiments/active_learning/EARLY_LiM2O4_ALIGNN_HARD640_m2p18_m2p02_FLAT_20260617/job_097_Ti_fe_-1.239_n4_generated_crystals_cif__gen_3.cif",1251,c3662844dff894c6d660f4a824b22bb9e7454b70a160ad7cebfae7de81c05e8b
"code/experiments/active_learning/EARLY_LiM2O4_ALIGNN_HARD640_m2p18_m2p02_FLAT_20260617/job_098_Mg_fe_-1.184_n4_generated_crystals_cif__gen_1.cif",1253,f2f1fc8c1e40b6cfe508121983e4c3f0a5a7577762ac98d45ec857b39d5f76c2
"code/experiments/active_learning/EARLY_LiM2O4_ALIGNN_HARD640_m2p18_m2p02_FLAT_20260617/job_099_Ni_fe_-1.343_n4_generated_crystals_cif__gen_0.cif",1249,c3ca657709c1fa086a55c680af65f8527e9ac11ca97d1085f4833461e549fa75
"code/experiments/active_learning/EARLY_LiM2O4_ALIGNN_HARD640_m2p18_m2p02_FLAT_20260617/job_099_Ni_fe_-1.343_n4_generated_crystals_cif__gen_1.cif",1249,9f65a885d3e2a2875a2bf456c5137cc587a15545e57c6d269008dd519e94d236
"code/experiments/active_learning/EARLY_LiM2O4_ALIGNN_HARD640_m2p18_m2p02_FLAT_20260617/job_099_Ni_fe_-1.343_n4_generated_crystals_cif__gen_2.cif",1257,3f5f8d1cefd7094cda79a626c61be059997317a593d196c154a6ef63fcb9b392
"code/experiments/active_learning/EARLY_LiM2O4_ALIGNN_HARD640_m2p18_m2p02_FLAT_20260617/job_099_Ni_fe_-1.343_n4_generated_crystals_cif__gen_3.cif",1252,aa0d1e9b0e267643b0cf1b562cdb24c2bd251319bbf2c3f573a08a7bc36b7632
"code/experiments/active_learning/EARLY_LiM2O4_ALIGNN_HARD640_m2p18_m2p02_FLAT_20260617/job_100_Co_fe_-1.485_n4_generated_crystals_cif__gen_0.cif",1255,4cad21b9bb28989ff35b92273f77f6fad51d1bd0ae89657176aedb3f7065de8b
"code/experiments/active_learning/EARLY_LiM2O4_ALIGNN_HARD640_m2p18_m2p02_FLAT_20260617/job_100_Co_fe_-1.485_n4_generated_crystals_cif__gen_1.cif",1254,d3a8ee025a11d79ba74a81420089c829db04d98c335b0065d664625f8ac1199d
"code/experiments/active_learning/EARLY_LiM2O4_ALIGNN_HARD640_m2p18_m2p02_FLAT_20260617/job_100_Co_fe_-1.485_n4_generated_crystals_cif__gen_2.cif",1250,3d6dfb9ed9add3b8b0ca0c04611c9ad0014949ba1757607bc94bb9bb1198dae0
"code/experiments/active_learning/EARLY_LiM2O4_ALIGNN_HARD640_m2p18_m2p02_FLAT_20260617/job_100_Co_fe_-1.485_n4_generated_crystals_cif__gen_3.cif",1256,4a27597c6fac0775cf2c7c959bc926f790204bd8e5b6a73b16cdbbe3d0f63fa8
"code/experiments/active_learning/EARLY_LiM2O4_ALIGNN_HARD640_m2p18_m2p02_FLAT_20260617/job_101_Mg_fe_-1.339_n4_generated_crystals_cif__gen_1.cif",1254,2488899b4345db5d6cb83a912e513d57e1699a9a1b4ca1b131833fabe65eb5d7
"code/experiments/active_learning/EARLY_LiM2O4_ALIGNN_HARD640_m2p18_m2p02_FLAT_20260617/job_101_Mg_fe_-1.339_n4_generated_crystals_cif__gen_2.cif",1254,4658a733b4105cb73b721c63cf2110725e436be0064c618574c5ac5ad668af4f
"code/experiments/active_learning/EARLY_LiM2O4_ALIGNN_HARD640_m2p18_m2p02_FLAT_20260617/job_102_Ni_fe_-1.495_n4_generated_crystals_cif__gen_0.cif",1254,d178489e8906299e3b100a905b6e739afc544806e7d232a6f87a3676538e9639
"code/experiments/active_learning/EARLY_LiM2O4_ALIGNN_HARD640_m2p18_m2p02_FLAT_20260617/job_102_Ni_fe_-1.495_n4_generated_crystals_cif__gen_2.cif",1249,4137942d749c6274b39cd5b10c3935cfa1d2ea2c3bed9c4ce878af39e2323955
"code/experiments/active_learning/EARLY_LiM2O4_ALIGNN_HARD640_m2p18_m2p02_FLAT_20260617/job_102_Ni_fe_-1.495_n4_generated_crystals_cif__gen_3.cif",1253,9bd19e012d6cae02edc81189d8cda3765463bc2e955c0a95bd1d538887f67a40
"code/experiments/active_learning/EARLY_LiM2O4_ALIGNN_HARD640_m2p18_m2p02_FLAT_20260617/job_103_Ti_fe_-1.058_n4_generated_crystals_cif__gen_0.cif",1254,75370039705170e018f4f59ccd02baa0efef38e5da9384fb99568753d78af70f
"code/experiments/active_learning/EARLY_LiM2O4_ALIGNN_HARD640_m2p18_m2p02_FLAT_20260617/job_103_Ti_fe_-1.058_n4_generated_crystals_cif__gen_1.cif",1251,5fcb9a041f4807bc97ff1d7667181ab12b3c9c5030c64407ecb5bc7d7d3b65b7
"code/experiments/active_learning/EARLY_LiM2O4_ALIGNN_HARD640_m2p18_m2p02_FLAT_20260617/job_103_Ti_fe_-1.058_n4_generated_crystals_cif__gen_2.cif",1248,8596667a1287173f1b384495c2d9fa671a558dbeeb76458ebc8cf725f1afa19e
"code/experiments/active_learning/EARLY_LiM2O4_ALIGNN_HARD640_m2p18_m2p02_FLAT_20260617/job_103_Ti_fe_-1.058_n4_generated_crystals_cif__gen_3.cif",1250,9b520a8ad659897d151d092ecbd8069897eb2e749cb22d6346be04b55356a2e3
"code/experiments/active_learning/EARLY_LiM2O4_ALIGNN_HARD640_m2p18_m2p02_FLAT_20260617/job_104_Ni_fe_-1.453_n4_generated_crystals_cif__gen_0.cif",1258,4628251c9f2f62d53fec7e6697fbb22378b14e8eda4913ea52f7a699844d2996
"code/experiments/active_learning/EARLY_LiM2O4_ALIGNN_HARD640_m2p18_m2p02_FLAT_20260617/job_104_Ni_fe_-1.453_n4_generated_crystals_cif__gen_2.cif",1250,d650a1ae2572d097fc63821212896fcf4af60d890bc16feff5a2c544076b36a0
"code/experiments/active_learning/EARLY_LiM2O4_ALIGNN_HARD640_m2p18_m2p02_FLAT_20260617/job_105_Mn_fe_-0.898_n4_generated_crystals_cif__gen_0.cif",1252,bd0811b415114b92ba36e669f78bd808bcdc24a5a9e7169b772deb41abb0f8c7
"code/experiments/active_learning/EARLY_LiM2O4_ALIGNN_HARD640_m2p18_m2p02_FLAT_20260617/job_105_Mn_fe_-0.898_n4_generated_crystals_cif__gen_1.cif",1253,392c0014697bea0a838f1abea2aa2c85a2085273a4f3734949b4a6feead76c1e
"code/experiments/active_learning/EARLY_LiM2O4_ALIGNN_HARD640_m2p18_m2p02_FLAT_20260617/job_105_Mn_fe_-0.898_n4_generated_crystals_cif__gen_2.cif",1252,4a0f5bc664357e89bd0034a7f95c7b0541a1db2efc5183512bc3a98142da9e24
"code/experiments/active_learning/EARLY_LiM2O4_ALIGNN_HARD640_m2p18_m2p02_FLAT_20260617/job_105_Mn_fe_-0.898_n4_generated_crystals_cif__gen_3.cif",1253,7a7df65aad55f668fa3c5da529dbf520cd4513cdf50736ea9be430c14b8a90b0
"code/experiments/active_learning/EARLY_LiM2O4_ALIGNN_HARD640_m2p18_m2p02_FLAT_20260617/job_106_Mn_fe_-1.140_n4_generated_crystals_cif__gen_1.cif",1248,7b92ff2fbc7784f79ec52ab218f3005478090df26b66401ccc51647fa7fa8d0c
"code/experiments/active_learning/EARLY_LiM2O4_ALIGNN_HARD640_m2p18_m2p02_FLAT_20260617/job_106_Mn_fe_-1.140_n4_generated_crystals_cif__gen_2.cif",1256,53999a73a304da206eb1a446bfa46350afe0c42d11476975685aa8f2607415af
"code/experiments/active_learning/EARLY_LiM2O4_ALIGNN_HARD640_m2p18_m2p02_FLAT_20260617/job_106_Mn_fe_-1.140_n4_generated_crystals_cif__gen_3.cif",1254,111fe1d31c60a7f1884c078fe7b64220e7a8b3f6ab27c141af85be1eb2ad1049
"code/experiments/active_learning/EARLY_LiM2O4_ALIGNN_HARD640_m2p18_m2p02_FLAT_20260617/job_107_Co_fe_-1.032_n4_generated_crystals_cif__gen_0.cif",1254,fa02a2a4096c5bc7612dbd46eaa90ad7368e5c8a82b0427d72daf305e2748c3f
"code/experiments/active_learning/EARLY_LiM2O4_ALIGNN_HARD640_m2p18_m2p02_FLAT_20260617/job_107_Co_fe_-1.032_n4_generated_crystals_cif__gen_1.cif",1257,df2490042afcba5e3afe40c301a443bcaeb2f0a746cbfc2d47678f205af27241
"code/experiments/active_learning/EARLY_LiM2O4_ALIGNN_HARD640_m2p18_m2p02_FLAT_20260617/job_107_Co_fe_-1.032_n4_generated_crystals_cif__gen_2.cif",1248,29549bac3789414296186df55df6242f28d8b1ae5e22d6dcc83bd0c61bddbdd6
"code/experiments/active_learning/EARLY_LiM2O4_ALIGNN_HARD640_m2p18_m2p02_FLAT_20260617/job_108_Ni_fe_-1.123_n4_generated_crystals_cif__gen_0.cif",1256,24f852d53303a016b3e4ae12ba817a7f45d810ec600ada66aca8a72dff4446e4
"code/experiments/active_learning/EARLY_LiM2O4_ALIGNN_HARD640_m2p18_m2p02_FLAT_20260617/job_108_Ni_fe_-1.123_n4_generated_crystals_cif__gen_1.cif",1251,0969f8d8c04673f8e5798c6c1d0d6d40b61beeecde5ec152ef3d19bedabe38f6
"code/experiments/active_learning/EARLY_LiM2O4_ALIGNN_HARD640_m2p18_m2p02_FLAT_20260617/job_108_Ni_fe_-1.123_n4_generated_crystals_cif__gen_2.cif",1252,70b239e762372ba66fd29f8225d0e53d56fd48c6a70987d253a90a8b192659b4
"code/experiments/active_learning/EARLY_LiM2O4_ALIGNN_HARD640_m2p18_m2p02_FLAT_20260617/job_108_Ni_fe_-1.123_n4_generated_crystals_cif__gen_3.cif",1258,0008fbeed374abf57096b825512136700e7d61c0ca04661a52191c09662bd24d
"code/experiments/active_learning/EARLY_LiM2O4_ALIGNN_HARD640_m2p18_m2p02_FLAT_20260617/job_109_Ti_fe_-0.845_n4_generated_crystals_cif__gen_0.cif",1251,5b11315be41294bc5f30474fce1c646fd1cd6fde1e5474be6423d2527f3e159d
"code/experiments/active_learning/EARLY_LiM2O4_ALIGNN_HARD640_m2p18_m2p02_FLAT_20260617/job_109_Ti_fe_-0.845_n4_generated_crystals_cif__gen_1.cif",1254,6f5078a3526d4ff5d4e7af5af70644711ebf5aad475747819f34439e6a4cfda6
"code/experiments/active_learning/EARLY_LiM2O4_ALIGNN_HARD640_m2p18_m2p02_FLAT_20260617/job_109_Ti_fe_-0.845_n4_generated_crystals_cif__gen_2.cif",1250,3be8a5feb69bc184e15016351f4c1085fdb9734740e67dc72745972374c1ecf2
"code/experiments/active_learning/EARLY_LiM2O4_ALIGNN_HARD640_m2p18_m2p02_FLAT_20260617/job_109_Ti_fe_-0.845_n4_generated_crystals_cif__gen_3.cif",1254,df60165f742f27d46ef23f9ce7c24dea77b5feb49350d537a2fd8fe3009acedf
"code/experiments/active_learning/EARLY_LiM2O4_ALIGNN_HARD640_m2p18_m2p02_FLAT_20260617/job_111_Ni_fe_-0.951_n4_generated_crystals_cif__gen_0.cif",1255,f8a6e508b5da02304b4d9c94b204316c37b2f0b8b417390ea033cdfe26527a11
"code/experiments/active_learning/EARLY_LiM2O4_ALIGNN_HARD640_m2p18_m2p02_FLAT_20260617/job_111_Ni_fe_-0.951_n4_generated_crystals_cif__gen_1.cif",1251,126b2f60e91fb3d3ed629861497c9f34b413c1ebadd566c29519ce1b7b405fed
"code/experiments/active_learning/EARLY_LiM2O4_ALIGNN_HARD640_m2p18_m2p02_FLAT_20260617/job_111_Ni_fe_-0.951_n4_generated_crystals_cif__gen_3.cif",1255,eb557b2cc22cb1ab99ad01b2610b13624cfdb609759050740d7bc00c86fdb043
"code/experiments/active_learning/EARLY_LiM2O4_ALIGNN_HARD640_m2p18_m2p02_FLAT_20260617/job_112_Cr_fe_-1.215_n4_generated_crystals_cif__gen_0.cif",1249,a0dbe6d2aebe8109f183430e0864a994588954d2d91b2f24ac4335503b71bc5e
"code/experiments/active_learning/EARLY_LiM2O4_ALIGNN_HARD640_m2p18_m2p02_FLAT_20260617/job_112_Cr_fe_-1.215_n4_generated_crystals_cif__gen_1.cif",1254,855c83f7e02dff95d1b737cdaa27dfcc8181c36e6fb6a0ebc07cc6ca1d37c656
"code/experiments/active_learning/EARLY_LiM2O4_ALIGNN_HARD640_m2p18_m2p02_FLAT_20260617/job_112_Cr_fe_-1.215_n4_generated_crystals_cif__gen_2.cif",1254,b34553f194991a5efa608728ce22e51fd70115a18c3280959198cc96d95b5d86
"code/experiments/active_learning/EARLY_LiM2O4_ALIGNN_HARD640_m2p18_m2p02_FLAT_20260617/job_112_Cr_fe_-1.215_n4_generated_crystals_cif__gen_3.cif",1248,969c5b98bf7263afb9e946c941877e385e9b46b0b92a1e00260ad5b90a9ca4f3
"code/experiments/active_learning/EARLY_LiM2O4_ALIGNN_HARD640_m2p18_m2p02_FLAT_20260617/job_113_Mn_fe_-1.432_n4_generated_crystals_cif__gen_0.cif",1257,ea30bb912485a27764a31395006cebcc50db0179cdcf6aaeefc55d2755966f6f
"code/experiments/active_learning/EARLY_LiM2O4_ALIGNN_HARD640_m2p18_m2p02_FLAT_20260617/job_113_Mn_fe_-1.432_n4_generated_crystals_cif__gen_1.cif",1256,e99ee167cc42a6cf12cfcded340e4a2d82e46283ea10f472fe8c433c8ea06a5d
"code/experiments/active_learning/EARLY_LiM2O4_ALIGNN_HARD640_m2p18_m2p02_FLAT_20260617/job_113_Mn_fe_-1.432_n4_generated_crystals_cif__gen_2.cif",1255,750c3afc6f05a98fbf7e33cd88215af45e5cebc92fbd3e3fc0513c25e87274b4
"code/experiments/active_learning/EARLY_LiM2O4_ALIGNN_HARD640_m2p18_m2p02_FLAT_20260617/job_114_Al_fe_-1.252_n4_generated_crystals_cif__gen_0.cif",1246,ab8400bf07a69fa73e528721ad5e47a7867054206353a252ba6caebcd899d9f2
"code/experiments/active_learning/EARLY_LiM2O4_ALIGNN_HARD640_m2p18_m2p02_FLAT_20260617/job_114_Al_fe_-1.252_n4_generated_crystals_cif__gen_1.cif",1254,9690bc0eaff67aaba8907d835e63ef1bbbfcdb1c9db03b541a7ff7d76b3b95e0
"code/experiments/active_learning/EARLY_LiM2O4_ALIGNN_HARD640_m2p18_m2p02_FLAT_20260617/job_114_Al_fe_-1.252_n4_generated_crystals_cif__gen_2.cif",1255,21fdb7369af2417680670bb744e38ff6b7c6e684652b43beee977111be61cfd4
"code/experiments/active_learning/EARLY_LiM2O4_ALIGNN_HARD640_m2p18_m2p02_FLAT_20260617/job_115_Al_fe_-1.173_n4_generated_crystals_cif__gen_0.cif",1251,fcdd63102b7716f0e30e6362213086863c56ed812b1ddf3f9c8973001150540c
"code/experiments/active_learning/EARLY_LiM2O4_ALIGNN_HARD640_m2p18_m2p02_FLAT_20260617/job_115_Al_fe_-1.173_n4_generated_crystals_cif__gen_1.cif",1249,9542e28738c1e43d7a707e3b0624bc8476e32246de8ef1230b10950872b6ef56
"code/experiments/active_learning/EARLY_LiM2O4_ALIGNN_HARD640_m2p18_m2p02_FLAT_20260617/job_116_Ti_fe_-1.462_n4_generated_crystals_cif__gen_1.cif",1256,0280669bdf4c99c7140ca4fec910293e05a41e851e8860b43ff41906aa738862
"code/experiments/active_learning/EARLY_LiM2O4_ALIGNN_HARD640_m2p18_m2p02_FLAT_20260617/job_116_Ti_fe_-1.462_n4_generated_crystals_cif__gen_2.cif",1254,028bf61f47fcbea5589d608c8339674b5d504d2f57516031c7f08d3adb20f2fc
"code/experiments/active_learning/EARLY_LiM2O4_ALIGNN_HARD640_m2p18_m2p02_FLAT_20260617/job_116_Ti_fe_-1.462_n4_generated_crystals_cif__gen_3.cif",1254,7a3f3182be80b9e1c7e86ce8e4a6e3a5c03f4b27e579e4ff0f1e3dfff0bcd0d8
"code/experiments/active_learning/EARLY_LiM2O4_ALIGNN_HARD640_m2p18_m2p02_FLAT_20260617/job_117_Ti_fe_-0.811_n4_generated_crystals_cif__gen_0.cif",1256,e7947f0994f69cf557ce11cb83c09fa656285d14e4c913a6f06a370093fe5836
"code/experiments/active_learning/EARLY_LiM2O4_ALIGNN_HARD640_m2p18_m2p02_FLAT_20260617/job_117_Ti_fe_-0.811_n4_generated_crystals_cif__gen_1.cif",1253,21ba38bb0ae546447e5d9a5ab25b98fee89ea6e4411ddd4f40bc5d81ffd7842a
"code/experiments/active_learning/EARLY_LiM2O4_ALIGNN_HARD640_m2p18_m2p02_FLAT_20260617/job_117_Ti_fe_-0.811_n4_generated_crystals_cif__gen_2.cif",1255,a54259f2f28dbb7b79824a98f911e1fd36f944c74c51c9cf0122760f2f46ca81
"code/experiments/active_learning/EARLY_LiM2O4_ALIGNN_HARD640_m2p18_m2p02_FLAT_20260617/job_118_Mn_fe_-1.458_n4_generated_crystals_cif__gen_0.cif",1251,88678a399e63387a24c48e490f712b81b0e0ce084661066dc15ad9ab278daeb4
"code/experiments/active_learning/EARLY_LiM2O4_ALIGNN_HARD640_m2p18_m2p02_FLAT_20260617/job_118_Mn_fe_-1.458_n4_generated_crystals_cif__gen_1.cif",1252,f7b913dbeab4912e39d09203a7e7de6222799823fb80c38a74bf816323312ffb
"code/experiments/active_learning/EARLY_LiM2O4_ALIGNN_HARD640_m2p18_m2p02_FLAT_20260617/job_118_Mn_fe_-1.458_n4_generated_crystals_cif__gen_2.cif",1257,e63070b52f592d8ba5abcc2c19ab3683f21bb3e13a489e44d98e6dcdc11e0f77
"code/experiments/active_learning/EARLY_LiM2O4_ALIGNN_HARD640_m2p18_m2p02_FLAT_20260617/job_118_Mn_fe_-1.458_n4_generated_crystals_cif__gen_3.cif",1256,753f18074d67d2446ef26b3118d40ad538f396852b7c6f024d72d52aba59183e
"code/experiments/active_learning/EARLY_LiM2O4_ALIGNN_HARD640_m2p18_m2p02_FLAT_20260617/job_119_Ti_fe_-1.262_n4_generated_crystals_cif__gen_0.cif",1257,93a40994e1a4830b0ad1248176672a466b5528bc06aae363254469e9e4d6cf01
"code/experiments/active_learning/EARLY_LiM2O4_ALIGNN_HARD640_m2p18_m2p02_FLAT_20260617/job_119_Ti_fe_-1.262_n4_generated_crystals_cif__gen_1.cif",1255,d5d20c169e8228e59853c0da478d4ea2b5f5e6ae149441a1a3457e14d537bca4
"code/experiments/active_learning/EARLY_LiM2O4_ALIGNN_HARD640_m2p18_m2p02_FLAT_20260617/job_119_Ti_fe_-1.262_n4_generated_crystals_cif__gen_3.cif",1262,7f9ba8fcb83f33dd1ee35379b89f0a92b601b180eadb6eb1915e035a259f1ca2
"code/experiments/active_learning/EARLY_LiM2O4_ALIGNN_HARD640_m2p18_m2p02_FLAT_20260617/job_120_Cr_fe_-1.424_n4_generated_crystals_cif__gen_1.cif",1258,97a8d77dadf88a81b090ce0ebc95a4115e5a1dbcdf867c452739f491975491c3
"code/experiments/active_learning/EARLY_LiM2O4_ALIGNN_HARD640_m2p18_m2p02_FLAT_20260617/job_120_Cr_fe_-1.424_n4_generated_crystals_cif__gen_2.cif",1254,8d031e8d55c42135d4c40d804d01a3228402fdd7a229be511392614bd3af1b5b
"code/experiments/active_learning/EARLY_LiM2O4_ALIGNN_HARD640_m2p18_m2p02_FLAT_20260617/job_120_Cr_fe_-1.424_n4_generated_crystals_cif__gen_3.cif",1252,ff8aa225590de5f7e3fad1257347509ff4a705228ae08686a15d7f24a9921325
"code/experiments/active_learning/EARLY_LiM2O4_ALIGNN_HARD640_m2p18_m2p02_FLAT_20260617/job_121_Ni_fe_-1.367_n4_generated_crystals_cif__gen_0.cif",1255,ab2109937cb2569f71ce6921237e379a8264d4dd01e45b6c51676eb89a30ea96
"code/experiments/active_learning/EARLY_LiM2O4_ALIGNN_HARD640_m2p18_m2p02_FLAT_20260617/job_121_Ni_fe_-1.367_n4_generated_crystals_cif__gen_3.cif",1255,4e2f64b1d02d432beae21026f1b0057628b36edd89dcc2e5a0ee3d3bb64943c4
"code/experiments/active_learning/EARLY_LiM2O4_ALIGNN_HARD640_m2p18_m2p02_FLAT_20260617/job_122_Al_fe_-1.402_n4_generated_crystals_cif__gen_1.cif",1255,20f6fcce303dd04a0480dbb787bd55d293ee9c8fb5cec6e8d050cd8ac18f8455
"code/experiments/active_learning/EARLY_LiM2O4_ALIGNN_HARD640_m2p18_m2p02_FLAT_20260617/job_123_Ni_fe_-1.305_n4_generated_crystals_cif__gen_0.cif",1249,0cbb9508c02115ac4ef1a7570e6c2346cd75560f65f32c4066c11ef781def396
"code/experiments/active_learning/EARLY_LiM2O4_ALIGNN_HARD640_m2p18_m2p02_FLAT_20260617/job_123_Ni_fe_-1.305_n4_generated_crystals_cif__gen_1.cif",1253,a81fa21e86273d3976dd96e7c2649afe35ea4a1fa263c57cc6b494b12bb56dac
"code/experiments/active_learning/EARLY_LiM2O4_ALIGNN_HARD640_m2p18_m2p02_FLAT_20260617/job_123_Ni_fe_-1.305_n4_generated_crystals_cif__gen_2.cif",1254,0ba2da980948022778e08e0b676fbaaae148d1889d5a3004151b48e4807b1bdb
"code/experiments/active_learning/EARLY_LiM2O4_ALIGNN_HARD640_m2p18_m2p02_FLAT_20260617/job_123_Ni_fe_-1.305_n4_generated_crystals_cif__gen_3.cif",1261,171e5437d3520f9ad9aaee3b85186c2421ebfdce07df890f82e91b0053b2c0d7
"code/experiments/active_learning/EARLY_LiM2O4_ALIGNN_HARD640_m2p18_m2p02_FLAT_20260617/job_124_Ni_fe_-0.888_n4_generated_crystals_cif__gen_0.cif",1257,21ddcea46bcff32a991a63faf155a6f4d11a8e2046e7c7d79554bca28d81f411
"code/experiments/active_learning/EARLY_LiM2O4_ALIGNN_HARD640_m2p18_m2p02_FLAT_20260617/job_124_Ni_fe_-0.888_n4_generated_crystals_cif__gen_1.cif",1251,f5b5a192e6718e6a01bbcd73378257728c0fb2482d7c73e0d3acc95ee5b27859
"code/experiments/active_learning/EARLY_LiM2O4_ALIGNN_HARD640_m2p18_m2p02_FLAT_20260617/job_124_Ni_fe_-0.888_n4_generated_crystals_cif__gen_3.cif",1257,8bc2c5896615c4316521a60a51f1fb703c98d7627785da38260f084a388848fa
"code/experiments/active_learning/EARLY_LiM2O4_ALIGNN_HARD640_m2p18_m2p02_FLAT_20260617/job_125_Mn_fe_-1.190_n4_generated_crystals_cif__gen_1.cif",1251,4a400bd732e5c44a598a110c4e9e8b3986f85c0910986a70e74d56dc264a213d
"code/experiments/active_learning/EARLY_LiM2O4_ALIGNN_HARD640_m2p18_m2p02_FLAT_20260617/job_125_Mn_fe_-1.190_n4_generated_crystals_cif__gen_2.cif",1258,1d7a4bb976d2ccb3aeb728b002eaf41ee25b696bcc72144724bbc2ac20c07e56
"code/experiments/active_learning/EARLY_LiM2O4_ALIGNN_HARD640_m2p18_m2p02_FLAT_20260617/job_125_Mn_fe_-1.190_n4_generated_crystals_cif__gen_3.cif",1250,f22fd45752cb67e2d1f5a44d0fdfeba4e1272302945053df4012ad86e3dd3137
"code/experiments/active_learning/EARLY_LiM2O4_ALIGNN_HARD640_m2p18_m2p02_FLAT_20260617/job_126_Cr_fe_-0.901_n4_generated_crystals_cif__gen_0.cif",1261,6cd767d5118edb9cc80b5183cc6bc7c90348563fbaf2b6459f576554fe6abee4
"code/experiments/active_learning/EARLY_LiM2O4_ALIGNN_HARD640_m2p18_m2p02_FLAT_20260617/job_126_Cr_fe_-0.901_n4_generated_crystals_cif__gen_2.cif",1252,6f378027132fdd59004ede8a3cd6979cc25513fbff280d224754423b9d66a904
"code/experiments/active_learning/EARLY_LiM2O4_ALIGNN_HARD640_m2p18_m2p02_FLAT_20260617/job_126_Cr_fe_-0.901_n4_generated_crystals_cif__gen_3.cif",1253,db6c06f0db4f24b0b42c4ae46e3935dcbbd30b081dbe5f4667aa555d17f9cd66
"code/experiments/active_learning/EARLY_LiM2O4_ALIGNN_HARD640_m2p18_m2p02_FLAT_20260617/job_127_Mn_fe_-1.465_n4_generated_crystals_cif__gen_0.cif",1247,4c925a90f3a65bc9fcb16b857d0a9ac355edf52b119673bb0c05612fe8de5bf4
"code/experiments/active_learning/EARLY_LiM2O4_ALIGNN_HARD640_m2p18_m2p02_FLAT_20260617/job_127_Mn_fe_-1.465_n4_generated_crystals_cif__gen_1.cif",1250,4fa25e54485fcce56ac0b8d897142853f2cbbf350d84510ab795587727518826
"code/experiments/active_learning/EARLY_LiM2O4_ALIGNN_HARD640_m2p18_m2p02_FLAT_20260617/job_127_Mn_fe_-1.465_n4_generated_crystals_cif__gen_2.cif",1247,b6daf99e0c2fd7f106aba0a5d13f6712792ad1967f734de89f744677f7915f19
"code/experiments/active_learning/EARLY_LiM2O4_ALIGNN_HARD640_m2p18_m2p02_FLAT_20260617/job_127_Mn_fe_-1.465_n4_generated_crystals_cif__gen_3.cif",1254,529a0700b55c56862238e1d47a3f333d9183735967c768fe808f6ce08d13abd7
"code/experiments/active_learning/EARLY_LiM2O4_ALIGNN_HARD640_m2p18_m2p02_FLAT_20260617/job_128_Mg_fe_-0.915_n4_generated_crystals_cif__gen_2.cif",1253,b83e55a55a5f965a14fc23f617b991c2185fe03f187919b7daf25f72ff91f928
"code/experiments/active_learning/EARLY_LiM2O4_ALIGNN_HARD640_m2p18_m2p02_FLAT_20260617/job_129_Mn_fe_-0.852_n4_generated_crystals_cif__gen_0.cif",1256,7277df5d052f46a2c3fe3d18cb95486df369b23388e9c12bbc49535adbbf0f61
"code/experiments/active_learning/EARLY_LiM2O4_ALIGNN_HARD640_m2p18_m2p02_FLAT_20260617/job_129_Mn_fe_-0.852_n4_generated_crystals_cif__gen_1.cif",1252,371a447880691b44da3791e070e077db3c8883a94586269ac9fbb58678119b39
"code/experiments/active_learning/EARLY_LiM2O4_ALIGNN_HARD640_m2p18_m2p02_FLAT_20260617/job_129_Mn_fe_-0.852_n4_generated_crystals_cif__gen_3.cif",1254,1e49d2b2d9ed2251a8057b49ae2830c5fd59f8532c2e4a4982723e29f026f77c
"code/experiments/active_learning/EARLY_LiM2O4_ALIGNN_HARD640_m2p18_m2p02_FLAT_20260617/job_130_Cr_fe_-1.335_n4_generated_crystals_cif__gen_0.cif",1256,5d0aeda54709167d2296bcd9583a84339a68601f64a3b55de9db1c0fe4e1d893
"code/experiments/active_learning/EARLY_LiM2O4_ALIGNN_HARD640_m2p18_m2p02_FLAT_20260617/job_130_Cr_fe_-1.335_n4_generated_crystals_cif__gen_1.cif",1252,f397e193ad5733b4cab3e0958f978d5043124420884aa7b27a0da73b4696f6a9
"code/experiments/active_learning/EARLY_LiM2O4_ALIGNN_HARD640_m2p18_m2p02_FLAT_20260617/job_130_Cr_fe_-1.335_n4_generated_crystals_cif__gen_2.cif",1252,490376cf11c3f1559b53c15522f17d130fad0ab77912ca8139705e4c6b3eb56c
"code/experiments/active_learning/EARLY_LiM2O4_ALIGNN_HARD640_m2p18_m2p02_FLAT_20260617/job_130_Cr_fe_-1.335_n4_generated_crystals_cif__gen_3.cif",1252,646b48c7f7dc7e7c23e11686da55744f274d29f30fd115f24dca4bf92b289506
"code/experiments/active_learning/EARLY_LiM2O4_ALIGNN_HARD640_m2p18_m2p02_FLAT_20260617/job_131_Al_fe_-1.160_n4_generated_crystals_cif__gen_2.cif",1259,d45fc8c529ca23cdf905daa768da727502b2ce59c9ebfa9190277c6e1c0c4239
"code/experiments/active_learning/EARLY_LiM2O4_ALIGNN_HARD640_m2p18_m2p02_FLAT_20260617/job_132_Ni_fe_-0.895_n4_generated_crystals_cif__gen_0.cif",1256,f123217ba3a6854f8c9af60f00c04daddc46d02c00e2ed9121c2fc04405fdf38
"code/experiments/active_learning/EARLY_LiM2O4_ALIGNN_HARD640_m2p18_m2p02_FLAT_20260617/job_132_Ni_fe_-0.895_n4_generated_crystals_cif__gen_1.cif",1249,5516ca5fb743d697c9c8954e42f9521655f446f1a35397b63023fba0a8a8dfe3
"code/experiments/active_learning/EARLY_LiM2O4_ALIGNN_HARD640_m2p18_m2p02_FLAT_20260617/job_133_Mn_fe_-1.385_n4_generated_crystals_cif__gen_0.cif",1255,e13cfe9a93d46b2f7375de397a007fc38eab6c9a514bc664a86cf296274f5be7
"code/experiments/active_learning/EARLY_LiM2O4_ALIGNN_HARD640_m2p18_m2p02_FLAT_20260617/job_133_Mn_fe_-1.385_n4_generated_crystals_cif__gen_2.cif",1251,0d7addc31ccbd88e228bbf222a07bdd30dfcf7a2eb27eb0af566c15c6311d0af
"code/experiments/active_learning/EARLY_LiM2O4_ALIGNN_HARD640_m2p18_m2p02_FLAT_20260617/job_133_Mn_fe_-1.385_n4_generated_crystals_cif__gen_3.cif",1251,6b42724f63d3e8d0c05d0478ff87525f5b5c214457ab2bba47df0a977c67cc2f
"code/experiments/active_learning/EARLY_LiM2O4_ALIGNN_HARD640_m2p18_m2p02_FLAT_20260617/job_134_Mn_fe_-0.810_n4_generated_crystals_cif__gen_0.cif",1253,4a916592f9091c5bc2a603d33a24a952edbc3e8758fdd9ce49986d372bee9f1c
"code/experiments/active_learning/EARLY_LiM2O4_ALIGNN_HARD640_m2p18_m2p02_FLAT_20260617/job_134_Mn_fe_-0.810_n4_generated_crystals_cif__gen_1.cif",1254,9d5fc4541378657d87f02161f9bf744ae6f29c10f2dfa9c2f350adb3da340405
"code/experiments/active_learning/EARLY_LiM2O4_ALIGNN_HARD640_m2p18_m2p02_FLAT_20260617/job_134_Mn_fe_-0.810_n4_generated_crystals_cif__gen_2.cif",1253,c88a5ea8b98405cd84a8ca53ac5d59774ba3310b7541f2cfdce28001597cee02
"code/experiments/active_learning/EARLY_LiM2O4_ALIGNN_HARD640_m2p18_m2p02_FLAT_20260617/job_134_Mn_fe_-0.810_n4_generated_crystals_cif__gen_3.cif",1249,bbd97d6d365abc16e2b98935e0424571841a86aeff6a081cadc27f397bcb6436
"code/experiments/active_learning/EARLY_LiM2O4_ALIGNN_HARD640_m2p18_m2p02_FLAT_20260617/job_135_Co_fe_-0.851_n4_generated_crystals_cif__gen_1.cif",1256,79ebf2f73256014814ca7da02c5c73e728abb669b466c6815a618c2ea9a202c8
"code/experiments/active_learning/EARLY_LiM2O4_ALIGNN_HARD640_m2p18_m2p02_FLAT_20260617/job_135_Co_fe_-0.851_n4_generated_crystals_cif__gen_2.cif",1257,0c7e940fe7f1631b65b84a973b105e919c45bf57396dddbaf9e14369065b7eff
"code/experiments/active_learning/EARLY_LiM2O4_ALIGNN_HARD640_m2p18_m2p02_FLAT_20260617/job_135_Co_fe_-0.851_n4_generated_crystals_cif__gen_3.cif",1254,fb4818a3aa7de1ca3cd722dfc6857a78beeb31f58acca1df7b417894f1ce6f79
"code/experiments/active_learning/EARLY_LiM2O4_ALIGNN_HARD640_m2p18_m2p02_FLAT_20260617/job_136_Cr_fe_-1.181_n4_generated_crystals_cif__gen_0.cif",1251,496805b69ea7883cee38b7a120b911a22ec00623110d0a24d3ad99fbec898daf
"code/experiments/active_learning/EARLY_LiM2O4_ALIGNN_HARD640_m2p18_m2p02_FLAT_20260617/job_136_Cr_fe_-1.181_n4_generated_crystals_cif__gen_1.cif",1251,482dc6960d3373f344ef0bbe4c7da05c384cdb8a076376d7097c7151e8e38206
"code/experiments/active_learning/EARLY_LiM2O4_ALIGNN_HARD640_m2p18_m2p02_FLAT_20260617/job_136_Cr_fe_-1.181_n4_generated_crystals_cif__gen_2.cif",1257,0b139d6a489b48608268151dd6b8f04cf0303f01144f76241cd0aba276ca628c
"code/experiments/active_learning/EARLY_LiM2O4_ALIGNN_HARD640_m2p18_m2p02_FLAT_20260617/job_137_Al_fe_-1.012_n4_generated_crystals_cif__gen_1.cif",1253,e84dd34c8ee199ecde06c840fdeb0a4ccd7ff549dda29e5f071b3d8f3a732fd3
"code/experiments/active_learning/EARLY_LiM2O4_ALIGNN_HARD640_m2p18_m2p02_FLAT_20260617/job_137_Al_fe_-1.012_n4_generated_crystals_cif__gen_3.cif",1252,86ecda2e1da1a78872f339413e13b4b4035682d5c57b22103bb8a5d5085ea1ad
"code/experiments/active_learning/EARLY_LiM2O4_ALIGNN_HARD640_m2p18_m2p02_FLAT_20260617/job_138_Ti_fe_-0.803_n4_generated_crystals_cif__gen_1.cif",1255,504580828811390c21cec62d66265c598fc6ea42bdb69338a6266670ffa8234c
"code/experiments/active_learning/EARLY_LiM2O4_ALIGNN_HARD640_m2p18_m2p02_FLAT_20260617/job_138_Ti_fe_-0.803_n4_generated_crystals_cif__gen_2.cif",1255,727f4b1064337c24f9938f1b67cac3a224356bec159cb6d9032f2d3365520998
"code/experiments/active_learning/EARLY_LiM2O4_ALIGNN_HARD640_m2p18_m2p02_FLAT_20260617/job_138_Ti_fe_-0.803_n4_generated_crystals_cif__gen_3.cif",1254,9f45298e04fe148156bead66317debdefe3db0c4c045be0c138f9be08588af4e
"code/experiments/active_learning/EARLY_LiM2O4_ALIGNN_HARD640_m2p18_m2p02_FLAT_20260617/job_140_Al_fe_-1.392_n4_generated_crystals_cif__gen_1.cif",1252,b1ab083ba3853e6c8adc20e59fff38640fb3dba82efb12931838a292b8bc6bb3
"code/experiments/active_learning/EARLY_LiM2O4_ALIGNN_HARD640_m2p18_m2p02_FLAT_20260617/job_141_Co_fe_-1.348_n4_generated_crystals_cif__gen_0.cif",1253,2284fa4a87d1d9313c09a9d174999242ff812690d2e24fc1a40e43beac265860
"code/experiments/active_learning/EARLY_LiM2O4_ALIGNN_HARD640_m2p18_m2p02_FLAT_20260617/job_141_Co_fe_-1.348_n4_generated_crystals_cif__gen_1.cif",1253,d137a54ce5ef74f745b6a0cd7dbafa60666bacf5a771d1ab5092e23c294f8248
"code/experiments/active_learning/EARLY_LiM2O4_ALIGNN_HARD640_m2p18_m2p02_FLAT_20260617/job_141_Co_fe_-1.348_n4_generated_crystals_cif__gen_2.cif",1253,295d78764bc0772ad84f32e9cd123e69fb1b02dd6aa88463bd32af980813d082
"code/experiments/active_learning/EARLY_LiM2O4_ALIGNN_HARD640_m2p18_m2p02_FLAT_20260617/job_142_Mn_fe_-1.095_n4_generated_crystals_cif__gen_0.cif",1253,520378643c0bb669d83f501c33c3ba279d160eefb80ab1cd18275a2ee92c239e
"code/experiments/active_learning/EARLY_LiM2O4_ALIGNN_HARD640_m2p18_m2p02_FLAT_20260617/job_142_Mn_fe_-1.095_n4_generated_crystals_cif__gen_1.cif",1257,da0b8c23d57d65969b36a81079ba0b4f18492cb25c1aa53c99f94c538329bcdc
"code/experiments/active_learning/EARLY_LiM2O4_ALIGNN_HARD640_m2p18_m2p02_FLAT_20260617/job_142_Mn_fe_-1.095_n4_generated_crystals_cif__gen_3.cif",1248,cdf9b6c1796fbdf409b9ed4e85e43c673d0a9dfecf5e58e09cdce4abced8ee42
"code/experiments/active_learning/EARLY_LiM2O4_ALIGNN_HARD640_m2p18_m2p02_FLAT_20260617/job_143_Mg_fe_-1.457_n4_generated_crystals_cif__gen_1.cif",1250,6c5bbd9e79874e286fd76be48b47e29bddfd9fff4cf3ac4aec3e69ae700e4e06
"code/experiments/active_learning/EARLY_LiM2O4_ALIGNN_HARD640_m2p18_m2p02_FLAT_20260617/job_144_Co_fe_-1.460_n4_generated_crystals_cif__gen_0.cif",1254,ebb316f0fb8b7489ccbb7ff184ebf0e486f7286066f49230e74ed4fcb1f34e79
"code/experiments/active_learning/EARLY_LiM2O4_ALIGNN_HARD640_m2p18_m2p02_FLAT_20260617/job_144_Co_fe_-1.460_n4_generated_crystals_cif__gen_1.cif",1254,c073c687adff00b0b2e0a77454a69ea89f7e78e8df886980913018ce9a66af22
"code/experiments/active_learning/EARLY_LiM2O4_ALIGNN_HARD640_m2p18_m2p02_FLAT_20260617/job_144_Co_fe_-1.460_n4_generated_crystals_cif__gen_2.cif",1258,c99078bf2ba718f71676348b654a01d6754499e5487723853ff2c533156a5184
"code/experiments/active_learning/EARLY_LiM2O4_ALIGNN_HARD640_m2p18_m2p02_FLAT_20260617/job_144_Co_fe_-1.460_n4_generated_crystals_cif__gen_3.cif",1251,9f5c38e350dc6a3ab461eecace6d05b1f49ee4e4074a1d6f92886c1034f872d7
"code/experiments/active_learning/EARLY_LiM2O4_ALIGNN_HARD640_m2p18_m2p02_FLAT_20260617/job_146_Cr_fe_-1.128_n4_generated_crystals_cif__gen_0.cif",1259,baffdf5e1422e53e58f8dd1a943af8fb6eb554f62c26343854cbba309ae83120
"code/experiments/active_learning/EARLY_LiM2O4_ALIGNN_HARD640_m2p18_m2p02_FLAT_20260617/job_146_Cr_fe_-1.128_n4_generated_crystals_cif__gen_1.cif",1254,207ccda09e4bcd470acfbacebd34ccc40104f7dde5565034e8b22b2129b43f50
"code/experiments/active_learning/EARLY_LiM2O4_ALIGNN_HARD640_m2p18_m2p02_FLAT_20260617/job_146_Cr_fe_-1.128_n4_generated_crystals_cif__gen_2.cif",1254,96d6641aa65b7fc05ffb5bcd8043b0684b59907b9b209818d012b087dc4e122e
"code/experiments/active_learning/EARLY_LiM2O4_ALIGNN_HARD640_m2p18_m2p02_FLAT_20260617/job_146_Cr_fe_-1.128_n4_generated_crystals_cif__gen_3.cif",1246,06f0dad14b1d56979a46a6046aa893508b2503ee6f48444ebb8d54141e42a991
"code/experiments/active_learning/EARLY_LiM2O4_ALIGNN_HARD640_m2p18_m2p02_FLAT_20260617/job_147_Mn_fe_-0.827_n4_generated_crystals_cif__gen_0.cif",1253,b362b91a16ba695acfe132789256b4326a020807ebaaa9326fa19be277410cbf
"code/experiments/active_learning/EARLY_LiM2O4_ALIGNN_HARD640_m2p18_m2p02_FLAT_20260617/job_147_Mn_fe_-0.827_n4_generated_crystals_cif__gen_1.cif",1254,020b6424e5b977ad6da5684d6d006384872ba4177c6720dfd4bc81295cfeb0be
"code/experiments/active_learning/EARLY_LiM2O4_ALIGNN_HARD640_m2p18_m2p02_FLAT_20260617/job_148_Mn_fe_-0.904_n4_generated_crystals_cif__gen_0.cif",1253,1682b4de7540a9679f74846f7a70c19688190eb169a2e98ac7798abc537b7086
"code/experiments/active_learning/EARLY_LiM2O4_ALIGNN_HARD640_m2p18_m2p02_FLAT_20260617/job_148_Mn_fe_-0.904_n4_generated_crystals_cif__gen_1.cif",1256,c71990e5361bb33347a1b97df61f83a779c841de8a18ca1a11392682156a0d6a
"code/experiments/active_learning/EARLY_LiM2O4_ALIGNN_HARD640_m2p18_m2p02_FLAT_20260617/job_148_Mn_fe_-0.904_n4_generated_crystals_cif__gen_2.cif",1253,9ad02dd1332bd11e9cd0bfd38d8fe16a4dd0e73f3172edc02223ee7a37083733
"code/experiments/active_learning/EARLY_LiM2O4_ALIGNN_HARD640_m2p18_m2p02_FLAT_20260617/job_148_Mn_fe_-0.904_n4_generated_crystals_cif__gen_3.cif",1253,6ddd4f9034ad7e04c721cee1d6672f8bb5f966a5b77f3b1ae4cc54922021998e
"code/experiments/active_learning/EARLY_LiM2O4_ALIGNN_HARD640_m2p18_m2p02_FLAT_20260617/job_149_Mn_fe_-1.083_n4_generated_crystals_cif__gen_0.cif",1253,d2af73daf9bc8ebd3d6d9ef81cf25dc5da5b4aa6066b3cb8852c4af072099a58
"code/experiments/active_learning/EARLY_LiM2O4_ALIGNN_HARD640_m2p18_m2p02_FLAT_20260617/job_149_Mn_fe_-1.083_n4_generated_crystals_cif__gen_2.cif",1252,36a8bc58a182c5e117a60962acf2f09a9fe2bf4b9ff3196201c33640144ad0d2
"code/experiments/active_learning/EARLY_LiM2O4_ALIGNN_HARD640_m2p18_m2p02_FLAT_20260617/job_149_Mn_fe_-1.083_n4_generated_crystals_cif__gen_3.cif",1252,84d7a5f7370c4257513369ccfff64b5aee7df384c4ac467e7052f89575e14c95
"code/experiments/active_learning/EARLY_LiM2O4_ALIGNN_HARD640_m2p18_m2p02_FLAT_20260617/job_150_Ti_fe_-0.897_n4_generated_crystals_cif__gen_0.cif",1257,93073df3248b4f1a451d3b8c607d4454569bf95b597c3392ddca06d6fd232775
"code/experiments/active_learning/EARLY_LiM2O4_ALIGNN_HARD640_m2p18_m2p02_FLAT_20260617/job_150_Ti_fe_-0.897_n4_generated_crystals_cif__gen_1.cif",1250,3df5ad863570cb9fd713e2199dda0d533dd54dbab4e57813ff6d5c2c825166c3
"code/experiments/active_learning/EARLY_LiM2O4_ALIGNN_HARD640_m2p18_m2p02_FLAT_20260617/job_150_Ti_fe_-0.897_n4_generated_crystals_cif__gen_3.cif",1254,75555de0cc9386292f3062aa955c426672ce71711c88690a0019b141c6561bb8
"code/experiments/active_learning/EARLY_LiM2O4_ALIGNN_HARD640_m2p18_m2p02_FLAT_20260617/job_151_Al_fe_-1.416_n4_generated_crystals_cif__gen_0.cif",1259,c673c82cae65b3678aa4694009520b537dac6cbeda1d25ab25ec1e703de0ed51
"code/experiments/active_learning/EARLY_LiM2O4_ALIGNN_HARD640_m2p18_m2p02_FLAT_20260617/job_151_Al_fe_-1.416_n4_generated_crystals_cif__gen_1.cif",1252,58a18317de988f24054c7af771469871f64646f978b2d7b2ccfe900d53bd4d6c
"code/experiments/active_learning/EARLY_LiM2O4_ALIGNN_HARD640_m2p18_m2p02_FLAT_20260617/job_154_Mn_fe_-1.207_n4_generated_crystals_cif__gen_1.cif",1255,d14a7624ee2cacd145134b1abf3023c1f72f236e5ce6d0156684da37fa7254e1
"code/experiments/active_learning/EARLY_LiM2O4_ALIGNN_HARD640_m2p18_m2p02_FLAT_20260617/job_154_Mn_fe_-1.207_n4_generated_crystals_cif__gen_2.cif",1258,c0c16b00349024f72940139d9491628d031242c1e7c5c39076508e4e40a5f1f4
"code/experiments/active_learning/EARLY_LiM2O4_ALIGNN_HARD640_m2p18_m2p02_FLAT_20260617/job_154_Mn_fe_-1.207_n4_generated_crystals_cif__gen_3.cif",1248,9c4d58c46f101a63c730d663e0da1dd101147b0f8b558c00895eccff1841264c
"code/experiments/active_learning/EARLY_LiM2O4_ALIGNN_HARD640_m2p18_m2p02_FLAT_20260617/job_155_Mg_fe_-1.104_n4_generated_crystals_cif__gen_3.cif",1255,e5b2ea799f1f3f780db1eafd567a4aad76e6f42f3a7546c4e795857602e82f83
"code/experiments/active_learning/EARLY_LiM2O4_ALIGNN_HARD640_m2p18_m2p02_FLAT_20260617/job_156_Co_fe_-0.846_n4_generated_crystals_cif__gen_1.cif",1258,f55004967077dc5d539dd4f9caf717da7a29f57ab2eaf3ca1f423c112a1f3b66
"code/experiments/active_learning/EARLY_LiM2O4_ALIGNN_HARD640_m2p18_m2p02_FLAT_20260617/job_156_Co_fe_-0.846_n4_generated_crystals_cif__gen_2.cif",1249,0a7eeecc50c6620037f14dec749ae0fd468c70968d971b8b65e22b163bb1ad60
"code/experiments/active_learning/EARLY_LiM2O4_ALIGNN_HARD640_m2p18_m2p02_FLAT_20260617/job_157_Ni_fe_-1.031_n4_generated_crystals_cif__gen_0.cif",1257,bdbdebe63447b72f2e999746c393bf5e3d9d0beea6a41a8204ab093846febd02
"code/experiments/active_learning/EARLY_LiM2O4_ALIGNN_HARD640_m2p18_m2p02_FLAT_20260617/job_157_Ni_fe_-1.031_n4_generated_crystals_cif__gen_1.cif",1251,4f88a36ce192e4eb916e3c35ab76f0a53a52fe11c4212a6b3466e10911021724
"code/experiments/active_learning/EARLY_LiM2O4_ALIGNN_HARD640_m2p18_m2p02_FLAT_20260617/job_157_Ni_fe_-1.031_n4_generated_crystals_cif__gen_2.cif",1250,710e18dd719b4424f06a9f98f3eeb7d8d25d9f07451bcfafe39b723903d74648
"code/experiments/active_learning/EARLY_LiM2O4_ALIGNN_HARD640_m2p18_m2p02_FLAT_20260617/job_158_Co_fe_-1.333_n4_generated_crystals_cif__gen_1.cif",1248,5d8bbbde231764173310c05f989d9e699897587c9362c6ce7961405790284a54
"code/experiments/active_learning/EARLY_LiM2O4_ALIGNN_HARD640_m2p18_m2p02_FLAT_20260617/job_158_Co_fe_-1.333_n4_generated_crystals_cif__gen_2.cif",1259,68bc04b8eeeab6ab547a14ee24f546f791906b10e68a1e9e67627368d2f1307c
"code/experiments/active_learning/EARLY_LiM2O4_ALIGNN_HARD640_m2p18_m2p02_FLAT_20260617/job_158_Co_fe_-1.333_n4_generated_crystals_cif__gen_3.cif",1254,47227ded35390dbb52584190058ddfeb1d283809651f528673c5a7e53bb459e7
"code/experiments/active_learning/EARLY_LiM2O4_ALIGNN_HARD640_m2p18_m2p02_FLAT_20260617/job_159_Al_fe_-1.408_n4_generated_crystals_cif__gen_1.cif",1247,9921c452228d0a2bdfd151f43cb59941208efe10d148dce3e0ad884d598d0dde
"code/experiments/active_learning/EARLY_LiM2O4_ALIGNN_HARD640_m2p18_m2p02_FLAT_20260617/job_160_Ti_fe_-1.290_n4_generated_crystals_cif__gen_0.cif",1253,cb3a9875b24d8dce1ef0847feb27a153c9f736b91fcf367a1cfecfc71d46eb7c
"code/experiments/active_learning/EARLY_LiM2O4_ALIGNN_HARD640_m2p18_m2p02_FLAT_20260617/job_160_Ti_fe_-1.290_n4_generated_crystals_cif__gen_2.cif",1253,b55ec86d12d52c1b30624cd7da901186f5a600d42bd16fe52bb4d7ed32172907
"code/experiments/active_learning/EARLY_LiM2O4_ALIGNN_HARD640_m2p18_m2p02_FLAT_20260617/job_160_Ti_fe_-1.290_n4_generated_crystals_cif__gen_3.cif",1251,43b29fc232579976921eb055baccee4250d865c85fcf77f2b1b77845a5775f32
"code/experiments/active_learning/EARLY_LiM2O4_ALIGNN_HARD640_m2p18_m2p02_FLAT_20260617/job_161_Co_fe_-0.850_n4_generated_crystals_cif__gen_0.cif",1249,278a37e5cd6a8e9ce11786ed28f40cc2b535888055ae7f3e4c621ab757f5caa5
"code/experiments/active_learning/EARLY_LiM2O4_ALIGNN_HARD640_m2p18_m2p02_FLAT_20260617/job_161_Co_fe_-0.850_n4_generated_crystals_cif__gen_1.cif",1250,458a6c3ee4469beb04e3a4ac83b32d553d04d0d9adade18de4256cf3ecb874f5
"code/experiments/active_learning/EARLY_LiM2O4_ALIGNN_HARD640_m2p18_m2p02_FLAT_20260617/job_161_Co_fe_-0.850_n4_generated_crystals_cif__gen_2.cif",1255,260aff02d3db7618d31c501724d43c243b36ccbbb7247e625f071a1ed9f433d1
"code/experiments/active_learning/EARLY_LiM2O4_ALIGNN_HARD640_m2p18_m2p02_FLAT_20260617/job_162_Mn_fe_-1.493_n4_generated_crystals_cif__gen_0.cif",1246,20c0dd4003df2b0ea67e5c2aca36e20dd83e4b6e4a153e56edac9286dcd56d45
"code/experiments/active_learning/EARLY_LiM2O4_ALIGNN_HARD640_m2p18_m2p02_FLAT_20260617/job_162_Mn_fe_-1.493_n4_generated_crystals_cif__gen_1.cif",1255,02e1cd785a3bbcaf4f1a3a1e11dd2b86cb4c8e5edda54821114e1b837fd09a4f
"code/experiments/active_learning/EARLY_LiM2O4_ALIGNN_HARD640_m2p18_m2p02_FLAT_20260617/job_162_Mn_fe_-1.493_n4_generated_crystals_cif__gen_2.cif",1247,c4dfb430dd75dd7bdfaeb7fb060c37d08fea12da1daa6b17fe19d53260dfdb8e
"code/experiments/active_learning/EARLY_LiM2O4_ALIGNN_HARD640_m2p18_m2p02_FLAT_20260617/job_162_Mn_fe_-1.493_n4_generated_crystals_cif__gen_3.cif",1253,afa406a7327cae1914ada4c9d188cb1d5801f16a9771cad218f970ebda662bde
"code/experiments/active_learning/EARLY_LiM2O4_ALIGNN_HARD640_m2p18_m2p02_FLAT_20260617/job_163_Mg_fe_-0.801_n4_generated_crystals_cif__gen_3.cif",1258,569138f2e62614cf139364bd66a3b7ec6a6f4605d888f5dac520d405fc45ce0d
"code/experiments/active_learning/EARLY_LiM2O4_ALIGNN_HARD640_m2p18_m2p02_FLAT_20260617/job_164_Mn_fe_-1.449_n4_generated_crystals_cif__gen_1.cif",1253,adf3860adfea75fb47fe2cd40a23fc17fbb2cdadc3bb67903460141ee06464db
"code/experiments/active_learning/EARLY_LiM2O4_ALIGNN_HARD640_m2p18_m2p02_FLAT_20260617/job_164_Mn_fe_-1.449_n4_generated_crystals_cif__gen_2.cif",1251,ef1eacb84a8a70c75ce06b7920949b0a155ae3edf8aac9a4abdf8cffc3ec6a11
"code/experiments/active_learning/EARLY_LiM2O4_ALIGNN_HARD640_m2p18_m2p02_FLAT_20260617/job_165_Ni_fe_-1.146_n4_generated_crystals_cif__gen_0.cif",1250,794ba3c7a86ace111ea05eb981333393561bdbd102a33b86cbfbbceb1fcccbcd
"code/experiments/active_learning/EARLY_LiM2O4_ALIGNN_HARD640_m2p18_m2p02_FLAT_20260617/job_165_Ni_fe_-1.146_n4_generated_crystals_cif__gen_2.cif",1254,0359a0a63f1a255f918440a1c8e0aaa2da49c3d859ed10c9119c6cc7155c83cd
"code/experiments/active_learning/EARLY_LiM2O4_ALIGNN_HARD640_m2p18_m2p02_FLAT_20260617/job_165_Ni_fe_-1.146_n4_generated_crystals_cif__gen_3.cif",1257,84ee4bb5c434e6b43a03cf6a72cdaf06c2ce93c421b95c2fbdde56517401e361
"code/experiments/active_learning/EARLY_LiM2O4_ALIGNN_HARD640_m2p18_m2p02_FLAT_20260617/job_166_Ni_fe_-0.847_n4_generated_crystals_cif__gen_0.cif",1250,8b5a27337e2cca5dd67d9bf0eb97bf2ab4b20862d499d2cd7fb9addb6bced361
"code/experiments/active_learning/EARLY_LiM2O4_ALIGNN_HARD640_m2p18_m2p02_FLAT_20260617/job_166_Ni_fe_-0.847_n4_generated_crystals_cif__gen_1.cif",1255,834a6fa76771543b92cecbefb267531dddbae1290349561bc4fb5c0e31efe22e
"code/experiments/active_learning/EARLY_LiM2O4_ALIGNN_HARD640_m2p18_m2p02_FLAT_20260617/job_166_Ni_fe_-0.847_n4_generated_crystals_cif__gen_2.cif",1256,1907077b5732d97f3a8286f525e67fe7016e11051fc4a1b3f28c8ea5b9064d3c
"code/experiments/active_learning/EARLY_LiM2O4_ALIGNN_HARD640_m2p18_m2p02_FLAT_20260617/job_166_Ni_fe_-0.847_n4_generated_crystals_cif__gen_3.cif",1251,f14e42fe62f15db45487791ae5140cb57783fde0b21464940e6f49d31ff35b42
"code/experiments/active_learning/EARLY_LiM2O4_ALIGNN_HARD640_m2p18_m2p02_FLAT_20260617/job_167_Mn_fe_-0.885_n4_generated_crystals_cif__gen_1.cif",1257,427ef8b74c825db835de56a88e6a5141552b6ad183626d445c8f7e76adf860af
"code/experiments/active_learning/EARLY_LiM2O4_ALIGNN_HARD640_m2p18_m2p02_FLAT_20260617/job_167_Mn_fe_-0.885_n4_generated_crystals_cif__gen_2.cif",1258,980842bb718a2158e7e296150ccc9195d3a6c9add1d661c331c94432142c6b89
"code/experiments/active_learning/EARLY_LiM2O4_ALIGNN_HARD640_m2p18_m2p02_FLAT_20260617/job_167_Mn_fe_-0.885_n4_generated_crystals_cif__gen_3.cif",1253,ccc5c33dbe7d1b097d45040acb5314feeaa67a20c7ba3f048e8ea440a4308363
"code/experiments/active_learning/EARLY_LiM2O4_ALIGNN_HARD640_m2p18_m2p02_FLAT_20260617/job_168_Co_fe_-1.301_n4_generated_crystals_cif__gen_0.cif",1249,76bf2f6c450f28e01584b96fba9bd05a775e62cbbfa057780de62f8370cb44dd
"code/experiments/active_learning/EARLY_LiM2O4_ALIGNN_HARD640_m2p18_m2p02_FLAT_20260617/job_168_Co_fe_-1.301_n4_generated_crystals_cif__gen_2.cif",1258,56dd424d03095775ad2e1e4b3cc8a5b9c0758ddd84b4165f6c601bc4a6c1194b
"code/experiments/active_learning/EARLY_LiM2O4_ALIGNN_HARD640_m2p18_m2p02_FLAT_20260617/job_168_Co_fe_-1.301_n4_generated_crystals_cif__gen_3.cif",1251,a5713093dc876dbc064df66b7be61698af181120fc37b7708289e96e3e670ff5
"code/experiments/active_learning/EARLY_LiM2O4_ALIGNN_HARD640_m2p18_m2p02_FLAT_20260617/job_169_Al_fe_-0.916_n4_generated_crystals_cif__gen_1.cif",1251,adc4f31432949f5ed9f01f6cf3bca7bee268e75e73e44df7cff584cf32c3c1a3
"code/experiments/active_learning/EARLY_LiM2O4_ALIGNN_HARD640_m2p18_m2p02_FLAT_20260617/job_169_Al_fe_-0.916_n4_generated_crystals_cif__gen_2.cif",1256,8d74e1a608f44d9b6118d5454bc860a19a4940fec88095840baf271e192df87c
"code/experiments/active_learning/EARLY_LiM2O4_ALIGNN_HARD640_m2p18_m2p02_FLAT_20260617/job_169_Al_fe_-0.916_n4_generated_crystals_cif__gen_3.cif",1254,60de171fff1cc41d47f9babf6303aea4b09122a917f0cd747991e8456cea0245
"code/experiments/active_learning/EARLY_LiM2O4_ALIGNN_HARD640_m2p18_m2p02_FLAT_20260617/job_170_Ti_fe_-1.288_n4_generated_crystals_cif__gen_3.cif",1252,5c8822cee07312240af4fb39005e7d113921ab47e1f713565b40219e59576780
"code/experiments/active_learning/EARLY_LiM2O4_ALIGNN_HARD640_m2p18_m2p02_FLAT_20260617/job_171_Cr_fe_-1.042_n4_generated_crystals_cif__gen_0.cif",1255,9eeeb2cf56f8186440d6ee21f53c010f219fd955f697fa42965372026f695286
"code/experiments/active_learning/EARLY_LiM2O4_ALIGNN_HARD640_m2p18_m2p02_FLAT_20260617/job_171_Cr_fe_-1.042_n4_generated_crystals_cif__gen_1.cif",1257,55fb01001edccdb4cdd0f98f3c0c6c0f1a32e114b16b8ffabeb68fea6fcae635
"code/experiments/active_learning/EARLY_LiM2O4_ALIGNN_HARD640_m2p18_m2p02_FLAT_20260617/job_171_Cr_fe_-1.042_n4_generated_crystals_cif__gen_2.cif",1255,5d271662cff7d66525547a8e93bfe5d3918aa1ab87fde55bfa548c5d441f5eda
"code/experiments/active_learning/EARLY_LiM2O4_ALIGNN_HARD640_m2p18_m2p02_FLAT_20260617/job_171_Cr_fe_-1.042_n4_generated_crystals_cif__gen_3.cif",1252,dfc34fd59b070dffc531a6f3af490fefcd43977f7011547fe7a3877141f15d06
"code/experiments/active_learning/EARLY_LiM2O4_ALIGNN_HARD640_m2p18_m2p02_FLAT_20260617/job_172_Mn_fe_-1.032_n4_generated_crystals_cif__gen_1.cif",1254,d7bfbe28e31f4b75ba7534db10873330d9aae26102c3f8f3b58dc5bae68acc20
"code/experiments/active_learning/EARLY_LiM2O4_ALIGNN_HARD640_m2p18_m2p02_FLAT_20260617/job_172_Mn_fe_-1.032_n4_generated_crystals_cif__gen_3.cif",1245,d8b8363212402d87b255073c108b9605508b3b889f66ee2d96467c94c9c4c6b7
"code/experiments/active_learning/EARLY_LiM2O4_ALIGNN_HARD640_m2p18_m2p02_FLAT_20260617/job_173_Mg_fe_-1.290_n4_generated_crystals_cif__gen_2.cif",1250,f43e3f39b03b56187cb6f4ab4fb4c97667ab118fc8a3ace2373cf57c5348d969
"code/experiments/active_learning/EARLY_LiM2O4_ALIGNN_HARD640_m2p18_m2p02_FLAT_20260617/job_174_Ti_fe_-1.427_n4_generated_crystals_cif__gen_0.cif",1253,2263bcb1afd595b8ad34582cdfb72c4e92b52b9235f38f2947c983d3e0739d3a
"code/experiments/active_learning/EARLY_LiM2O4_ALIGNN_HARD640_m2p18_m2p02_FLAT_20260617/job_174_Ti_fe_-1.427_n4_generated_crystals_cif__gen_1.cif",1259,c7959b392561c605163aaa164fd48ba69be7c2f3c7ff91bb633bcaf44884afd4
"code/experiments/active_learning/EARLY_LiM2O4_ALIGNN_HARD640_m2p18_m2p02_FLAT_20260617/job_174_Ti_fe_-1.427_n4_generated_crystals_cif__gen_2.cif",1251,b67f28efa8f149ad08032bc760877e02c4f67c6e567eac891cc19d96521aeb37
"code/experiments/active_learning/EARLY_LiM2O4_ALIGNN_HARD640_m2p18_m2p02_FLAT_20260617/job_174_Ti_fe_-1.427_n4_generated_crystals_cif__gen_3.cif",1251,ac209d57bb9f4b2eaa918d71fc091e584845be0861354651c4869371be6adede
"code/experiments/active_learning/EARLY_LiM2O4_ALIGNN_HARD640_m2p18_m2p02_FLAT_20260617/job_175_Ni_fe_-1.315_n4_generated_crystals_cif__gen_1.cif",1254,a8701528c4cbf279f0be17a5ed796c31c0945c62d54b27a826af8e10bc95f56b
"code/experiments/active_learning/EARLY_LiM2O4_ALIGNN_HARD640_m2p18_m2p02_FLAT_20260617/job_175_Ni_fe_-1.315_n4_generated_crystals_cif__gen_2.cif",1258,ab2c6b70ea88b86c8057bef2047ab68f41ecfbb8ce8fffb5da7b17d2274457ee
"code/experiments/active_learning/EARLY_LiM2O4_ALIGNN_HARD640_m2p18_m2p02_FLAT_20260617/job_176_Mn_fe_-0.980_n4_generated_crystals_cif__gen_0.cif",1251,5131e43ba47349d4a0505d7bdbf192d34d167718f7c8cdc6b581846f67348464
"code/experiments/active_learning/EARLY_LiM2O4_ALIGNN_HARD640_m2p18_m2p02_FLAT_20260617/job_176_Mn_fe_-0.980_n4_generated_crystals_cif__gen_1.cif",1255,79e1cb06f5ef0a8c4f81f7a72bb5d740693a1704941e755bd949546ff4a95ea1
"code/experiments/active_learning/EARLY_LiM2O4_ALIGNN_HARD640_m2p18_m2p02_FLAT_20260617/job_176_Mn_fe_-0.980_n4_generated_crystals_cif__gen_2.cif",1256,bb2bab80fae6da0c08d75d2b358c9229ea2f2f15094da7870df2d2d727434ddd
"code/experiments/active_learning/EARLY_LiM2O4_ALIGNN_HARD640_m2p18_m2p02_FLAT_20260617/job_176_Mn_fe_-0.980_n4_generated_crystals_cif__gen_3.cif",1258,45831f1576c4d0c5abd4eeb493cff2b8128887cb09d4f9eb3cd7b5eda5bea665
"code/experiments/active_learning/EARLY_LiM2O4_ALIGNN_HARD640_m2p18_m2p02_FLAT_20260617/job_177_Ni_fe_-1.309_n4_generated_crystals_cif__gen_1.cif",1251,bf20d8619826d702c2caf88210963ffc54d70036f45d0a2bbd51ee81445d250f
"code/experiments/active_learning/EARLY_LiM2O4_ALIGNN_HARD640_m2p18_m2p02_FLAT_20260617/job_177_Ni_fe_-1.309_n4_generated_crystals_cif__gen_2.cif",1255,9a3ad7769e53639692d155b702eeec7f32052cc95ae45917d84e51fcc0020e9f
"code/experiments/active_learning/EARLY_LiM2O4_ALIGNN_HARD640_m2p18_m2p02_FLAT_20260617/job_178_Mg_fe_-1.353_n4_generated_crystals_cif__gen_1.cif",1251,5895463233afebe27cc2871ceb31b31d30a7eded2058acc486403272f69d4168
"code/experiments/active_learning/EARLY_LiM2O4_ALIGNN_HARD640_m2p18_m2p02_FLAT_20260617/job_179_Co_fe_-1.357_n4_generated_crystals_cif__gen_0.cif",1256,1ddae0009e98f4db63fcdfa4ef04ee72341b039073da5aa4a9df6bf91caca7aa
"code/experiments/active_learning/EARLY_LiM2O4_ALIGNN_HARD640_m2p18_m2p02_FLAT_20260617/job_179_Co_fe_-1.357_n4_generated_crystals_cif__gen_3.cif",1251,1e8625907d7b9c079e5f1886e79a13b86bda5617bd1f4d24a66fc10ba78449e4
"code/experiments/active_learning/EARLY_LiM2O4_ALIGNN_HARD640_m2p18_m2p02_FLAT_20260617/job_180_Ti_fe_-0.903_n4_generated_crystals_cif__gen_0.cif",1247,4082ca5c9261ca993ec74d411796ffa5e96536b8d2454c98ac24581169e8abf5
"code/experiments/active_learning/EARLY_LiM2O4_ALIGNN_HARD640_m2p18_m2p02_FLAT_20260617/job_180_Ti_fe_-0.903_n4_generated_crystals_cif__gen_1.cif",1252,2634df7549f80885258a03a84d031ac555aab8db4216290cb3c4ace405d976d1
"code/experiments/active_learning/EARLY_LiM2O4_ALIGNN_HARD640_m2p18_m2p02_FLAT_20260617/job_180_Ti_fe_-0.903_n4_generated_crystals_cif__gen_2.cif",1256,53e7cc3e7b45c60c13ecc7b0445172200c534c265a0d138f9d26736fe347cb4e
"code/experiments/active_learning/EARLY_LiM2O4_ALIGNN_HARD640_m2p18_m2p02_FLAT_20260617/job_180_Ti_fe_-0.903_n4_generated_crystals_cif__gen_3.cif",1254,922db8e2bef6abab70baf0c35353a755028fe435bba151c13cbdd08b045e537c
"code/experiments/active_learning/EARLY_LiM2O4_ALIGNN_HARD640_m2p18_m2p02_FLAT_20260617/job_181_Mg_fe_-1.158_n4_generated_crystals_cif__gen_0.cif",1254,cdb5220903b1673ffedddb91b4feac0cefcbc4cd3cc7d23877b8c02e1dcfeb02
"code/experiments/active_learning/EARLY_LiM2O4_ALIGNN_HARD640_m2p18_m2p02_FLAT_20260617/job_181_Mg_fe_-1.158_n4_generated_crystals_cif__gen_3.cif",1249,497b855b17e32026f83b7969644f6fdec4c63fc03b73da6b1ad0114784592cf2
"code/experiments/active_learning/EARLY_LiM2O4_ALIGNN_HARD640_m2p18_m2p02_FLAT_20260617/job_182_Cr_fe_-1.464_n4_generated_crystals_cif__gen_0.cif",1258,2c683634f865f8b2854323aba7ac1fa4e1fb1a85be88f04ec381430c14368c65
"code/experiments/active_learning/EARLY_LiM2O4_ALIGNN_HARD640_m2p18_m2p02_FLAT_20260617/job_182_Cr_fe_-1.464_n4_generated_crystals_cif__gen_1.cif",1254,727339759e08af87296bc3970b7c0be17efc7c763efc187060ade436ef445e55
"code/experiments/active_learning/EARLY_LiM2O4_ALIGNN_HARD640_m2p18_m2p02_FLAT_20260617/job_182_Cr_fe_-1.464_n4_generated_crystals_cif__gen_2.cif",1250,b4d45a300ac2186c2fc733341b81af4dacbc510f4b1765f7c9ccec15f69ee684
"code/experiments/active_learning/EARLY_LiM2O4_ALIGNN_HARD640_m2p18_m2p02_FLAT_20260617/job_182_Cr_fe_-1.464_n4_generated_crystals_cif__gen_3.cif",1258,caf4e989cdbe795bd7c34115bd53d7efe433eacb1b1b64b1850ccc54b1be9b3a
"code/experiments/active_learning/EARLY_LiM2O4_ALIGNN_HARD640_m2p18_m2p02_FLAT_20260617/job_183_Ti_fe_-1.203_n4_generated_crystals_cif__gen_0.cif",1253,2519cb862c98b6ed81b8cc74e73779eba49f9975577239180947ac82ac39a5d9
"code/experiments/active_learning/EARLY_LiM2O4_ALIGNN_HARD640_m2p18_m2p02_FLAT_20260617/job_183_Ti_fe_-1.203_n4_generated_crystals_cif__gen_1.cif",1253,86958c35d2e47b56441042af6346bcfbd0c4672caf4b335a6aa25c4f6129fb2f
"code/experiments/active_learning/EARLY_LiM2O4_ALIGNN_HARD640_m2p18_m2p02_FLAT_20260617/job_183_Ti_fe_-1.203_n4_generated_crystals_cif__gen_3.cif",1255,6e7712705215c863bdbe11249a3d18050e788816aa394fc0bd19fca8c887ddfb
"code/experiments/active_learning/EARLY_LiM2O4_ALIGNN_HARD640_m2p18_m2p02_FLAT_20260617/job_184_Co_fe_-1.469_n4_generated_crystals_cif__gen_0.cif",1252,caf546f5ec5a158868233ee19326fc6ad7d486d482e2a5cfa26187b99f2b268b
"code/experiments/active_learning/EARLY_LiM2O4_ALIGNN_HARD640_m2p18_m2p02_FLAT_20260617/job_184_Co_fe_-1.469_n4_generated_crystals_cif__gen_1.cif",1252,cd540d042bc7ab3ead4873ba88dbacfc443bff37759c8ee449b2d9728487dc0b
"code/experiments/active_learning/EARLY_LiM2O4_ALIGNN_HARD640_m2p18_m2p02_FLAT_20260617/job_184_Co_fe_-1.469_n4_generated_crystals_cif__gen_2.cif",1252,213b674a8af9951e4f8321b5dc13b1c94444137d8f2a53b1a152ec273c2f3cc4
"code/experiments/active_learning/EARLY_LiM2O4_ALIGNN_HARD640_m2p18_m2p02_FLAT_20260617/job_185_Co_fe_-0.960_n4_generated_crystals_cif__gen_0.cif",1253,8f84dbfafc13cdbebd798a44cefb28e1a36d7f54c09ca0ee5a960b4630d1e584
"code/experiments/active_learning/EARLY_LiM2O4_ALIGNN_HARD640_m2p18_m2p02_FLAT_20260617/job_185_Co_fe_-0.960_n4_generated_crystals_cif__gen_2.cif",1259,59fc4f75d9536c714f4ad1700a531e4360dd603445bce6f24a81611af294b6c8
"code/experiments/active_learning/EARLY_LiM2O4_ALIGNN_HARD640_m2p18_m2p02_FLAT_20260617/job_185_Co_fe_-0.960_n4_generated_crystals_cif__gen_3.cif",1249,f2a7fec94a0fd7ffcfb344acdf7291370a64882e1f8884938b2f811290b3a77b
"code/experiments/active_learning/EARLY_LiM2O4_ALIGNN_HARD640_m2p18_m2p02_FLAT_20260617/job_186_Ti_fe_-0.814_n4_generated_crystals_cif__gen_0.cif",1252,086df25965a26043e32bd6be4cd96457f380a0b8eca6f3e7b978680542b57829
"code/experiments/active_learning/EARLY_LiM2O4_ALIGNN_HARD640_m2p18_m2p02_FLAT_20260617/job_186_Ti_fe_-0.814_n4_generated_crystals_cif__gen_1.cif",1255,01cc228e0f0cc422f06d1b1229a3c7e012be4f34a46faf34454f1e25df2a9514
"code/experiments/active_learning/EARLY_LiM2O4_ALIGNN_HARD640_m2p18_m2p02_FLAT_20260617/job_186_Ti_fe_-0.814_n4_generated_crystals_cif__gen_2.cif",1252,850dbc0ba368611cddcd803e12ec51d4536e6fbcf893035dd921a551eb25f7e9
"code/experiments/active_learning/EARLY_LiM2O4_ALIGNN_HARD640_m2p18_m2p02_FLAT_20260617/job_187_Ni_fe_-0.981_n4_generated_crystals_cif__gen_1.cif",1254,f95d93d1ed9804da04f35768478eba72e850fb811018232d8e59842965e60d56
"code/experiments/active_learning/EARLY_LiM2O4_ALIGNN_HARD640_m2p18_m2p02_FLAT_20260617/job_187_Ni_fe_-0.981_n4_generated_crystals_cif__gen_2.cif",1251,c3d79fb92f2f611f4b1e1bb28c1c9e0e08329ca93789dcbbd4e563a186a2a0ca
"code/experiments/active_learning/EARLY_LiM2O4_ALIGNN_HARD640_m2p18_m2p02_FLAT_20260617/job_187_Ni_fe_-0.981_n4_generated_crystals_cif__gen_3.cif",1245,88de32f9c65702e95caca9d34dd23486da5ddb67d7167a61002efd69234cd11a
"code/experiments/active_learning/EARLY_LiM2O4_ALIGNN_HARD640_m2p18_m2p02_FLAT_20260617/job_189_Mg_fe_-1.493_n4_generated_crystals_cif__gen_1.cif",1249,73a6c8a800aa792ac8522bee1a9329ae8f286db80e36764e12b8e4c3c2dd11f4
"code/experiments/active_learning/EARLY_LiM2O4_ALIGNN_HARD640_m2p18_m2p02_FLAT_20260617/job_190_Mn_fe_-0.838_n4_generated_crystals_cif__gen_1.cif",1255,d22086d36b63be2d113f3b1bcbdae95ebfdef7a562a3c369680f7c10d0c8ad8c
"code/experiments/active_learning/EARLY_LiM2O4_ALIGNN_HARD640_m2p18_m2p02_FLAT_20260617/job_190_Mn_fe_-0.838_n4_generated_crystals_cif__gen_2.cif",1251,bb5c9b052707b2f17d979dc70ff0078340588d7e73d50019dd3fe3e146463b8b
"code/experiments/active_learning/EARLY_LiM2O4_ALIGNN_HARD640_m2p18_m2p02_FLAT_20260617/job_191_Ti_fe_-0.867_n4_generated_crystals_cif__gen_0.cif",1255,7e8bfd83211f8f1f1b34b1fb9d5055c89f2028b80ce2d2577ea169b4a84af0dc
"code/experiments/active_learning/EARLY_LiM2O4_ALIGNN_HARD640_m2p18_m2p02_FLAT_20260617/job_191_Ti_fe_-0.867_n4_generated_crystals_cif__gen_1.cif",1260,7949c28c44e1fe9a8aacf59aa1a2d48a244da59a785e318eee7dc8808a2399bf
"code/experiments/active_learning/EARLY_LiM2O4_ALIGNN_HARD640_m2p18_m2p02_FLAT_20260617/job_191_Ti_fe_-0.867_n4_generated_crystals_cif__gen_3.cif",1255,931b4976ff663de9134aff4922f235a8251f27645f09e442c38585af7fbc4934
"code/experiments/active_learning/EARLY_LiM2O4_ALIGNN_HARD640_m2p18_m2p02_FLAT_20260617/job_192_Mg_fe_-1.475_n4_generated_crystals_cif__gen_0.cif",1254,e42615fe43eb21526f3a01ad52a2cc510a4edc32c6157ede60f2112b17a6b44a
"code/experiments/active_learning/EARLY_LiM2O4_ALIGNN_HARD640_m2p18_m2p02_FLAT_20260617/job_193_Co_fe_-1.092_n4_generated_crystals_cif__gen_0.cif",1252,12ccb4e38bcc70a18c0bd75040c69b49bd417818858358b2f24d7a5ce693fc82
"code/experiments/active_learning/EARLY_LiM2O4_ALIGNN_HARD640_m2p18_m2p02_FLAT_20260617/job_193_Co_fe_-1.092_n4_generated_crystals_cif__gen_1.cif",1252,6c4ee2760bd02a006b8111c2afec2c7c700ecaf1f4b8410198e99023f73a9064
"code/experiments/active_learning/EARLY_LiM2O4_ALIGNN_HARD640_m2p18_m2p02_FLAT_20260617/job_193_Co_fe_-1.092_n4_generated_crystals_cif__gen_3.cif",1255,58b53cc7b4aa2f61be518a7df67cf29f2071fd621883c1b23cb23999b044bcf9
"code/experiments/active_learning/EARLY_LiM2O4_ALIGNN_HARD640_m2p18_m2p02_FLAT_20260617/job_194_Ni_fe_-1.199_n4_generated_crystals_cif__gen_0.cif",1252,57a5b51ba22dc8a84871a0f9bb66f23775068042c8b19ff61200521550d95209
"code/experiments/active_learning/EARLY_LiM2O4_ALIGNN_HARD640_m2p18_m2p02_FLAT_20260617/job_194_Ni_fe_-1.199_n4_generated_crystals_cif__gen_1.cif",1247,3edb8556431796cc38091ca54ee6ca51eef44319430179a149ee662106c2abbb
"code/experiments/active_learning/EARLY_LiM2O4_ALIGNN_HARD640_m2p18_m2p02_FLAT_20260617/job_194_Ni_fe_-1.199_n4_generated_crystals_cif__gen_2.cif",1258,cb8a52e5852eb3ee42bce0ac87bba841c9cd2281ca6bcc7b1059203f85e7a352
"code/experiments/active_learning/EARLY_LiM2O4_ALIGNN_HARD640_m2p18_m2p02_FLAT_20260617/job_195_Mn_fe_-1.284_n4_generated_crystals_cif__gen_0.cif",1252,6711b2d09265927f8dd4f2dcb5ff12e7a93a2838e8724ce75f30b23b5c28d749
"code/experiments/active_learning/EARLY_LiM2O4_ALIGNN_HARD640_m2p18_m2p02_FLAT_20260617/job_195_Mn_fe_-1.284_n4_generated_crystals_cif__gen_1.cif",1251,b4526c40789404074bdcbfd3c02b700226152c7f23937aaaff2e9efab56d90db
"code/experiments/active_learning/EARLY_LiM2O4_ALIGNN_HARD640_m2p18_m2p02_FLAT_20260617/job_195_Mn_fe_-1.284_n4_generated_crystals_cif__gen_3.cif",1256,1f9b48d310b4849da4b3709ad71c2a68e349a9712d375961b7a5c28e6c8847fa
"code/experiments/active_learning/EARLY_LiM2O4_ALIGNN_HARD640_m2p18_m2p02_FLAT_20260617/job_196_Cr_fe_-0.819_n4_generated_crystals_cif__gen_1.cif",1256,9fb0028a1a629ecf5ea4018d36ef1eeab01e3bd13874ebf591bbc42802f51dc8
"code/experiments/active_learning/EARLY_LiM2O4_ALIGNN_HARD640_m2p18_m2p02_FLAT_20260617/job_196_Cr_fe_-0.819_n4_generated_crystals_cif__gen_2.cif",1249,bbdf99ca52bba5fd6c1406cfaa3e1803c9f6d857f8576e541919a5265ec3ea7e
"code/experiments/active_learning/EARLY_LiM2O4_ALIGNN_HARD640_m2p18_m2p02_FLAT_20260617/job_196_Cr_fe_-0.819_n4_generated_crystals_cif__gen_3.cif",1254,d6d3fa4cc1776b6ea368464a2be8adf6e680a19c765ae08664c838f3e4c31099
"code/experiments/active_learning/EARLY_LiM2O4_ALIGNN_HARD640_m2p18_m2p02_FLAT_20260617/job_197_Mn_fe_-0.871_n4_generated_crystals_cif__gen_0.cif",1251,c686c9845d9057685d16ca9bab0e3b055af6a6733771582219d234c30d059635
"code/experiments/active_learning/EARLY_LiM2O4_ALIGNN_HARD640_m2p18_m2p02_FLAT_20260617/job_197_Mn_fe_-0.871_n4_generated_crystals_cif__gen_1.cif",1255,aaffeb1a4ca0cc257b602f86e6feb2ac9827ff819555c805f94dd8bfe48f143e
"code/experiments/active_learning/EARLY_LiM2O4_ALIGNN_HARD640_m2p18_m2p02_FLAT_20260617/job_197_Mn_fe_-0.871_n4_generated_crystals_cif__gen_2.cif",1255,8599b3cab4dfec94f2f1dfea5faf5f3dcd1e3f4d485fb778e474d373e48f3e12
"code/experiments/active_learning/EARLY_LiM2O4_ALIGNN_HARD640_m2p18_m2p02_FLAT_20260617/job_198_Ni_fe_-1.023_n4_generated_crystals_cif__gen_0.cif",1253,910d54934ad4c8b60dc36422b794fa3821940da1a9f05d55f2a4050b085a252b
"code/experiments/active_learning/EARLY_LiM2O4_ALIGNN_HARD640_m2p18_m2p02_FLAT_20260617/job_198_Ni_fe_-1.023_n4_generated_crystals_cif__gen_2.cif",1258,4066ceeaf82875978396bf1ba8f10319dfce812a580cd9f06372e3404b502815
"code/experiments/active_learning/EARLY_LiM2O4_ALIGNN_HARD640_m2p18_m2p02_FLAT_20260617/job_198_Ni_fe_-1.023_n4_generated_crystals_cif__gen_3.cif",1259,e95b85e3a1fb88dbd3768ddf069532ac61b11bd646cd7d4b3101d2524611754b
"code/experiments/active_learning/EARLY_LiM2O4_ALIGNN_HARD640_m2p18_m2p02_FLAT_20260617/job_199_Ti_fe_-1.428_n4_generated_crystals_cif__gen_0.cif",1249,cae9167f51ab82b4a8c464ef2df5620b8932403526d7fecd4513b8b4deda859d
"code/experiments/active_learning/EARLY_LiM2O4_ALIGNN_HARD640_m2p18_m2p02_FLAT_20260617/job_199_Ti_fe_-1.428_n4_generated_crystals_cif__gen_1.cif",1249,c3a86c468d9449291d014bb7706306ab2c7da8b70f82144d5326212dc5711853
"code/experiments/active_learning/EARLY_LiM2O4_ALIGNN_HARD640_m2p18_m2p02_FLAT_20260617/job_199_Ti_fe_-1.428_n4_generated_crystals_cif__gen_2.cif",1257,b73ca2627363162be0b3094053432e0908b27fab8e4d40e970c7e6bac4deed51
"code/experiments/active_learning/EARLY_LiM2O4_ALIGNN_HARD640_m2p18_m2p02_FLAT_20260617/job_200_Cr_fe_-1.108_n4_generated_crystals_cif__gen_0.cif",1251,523406bb7d1291a8c0c5ae4803af95eb82c638b32bd19a1febf9d37149b690f6
"code/experiments/active_learning/EARLY_LiM2O4_ALIGNN_HARD640_m2p18_m2p02_FLAT_20260617/job_200_Cr_fe_-1.108_n4_generated_crystals_cif__gen_2.cif",1254,58bd00c7c483a76f2fc66b6d2ba3d8a4bf8417baeb149046fd676c278d4be2b7
"code/experiments/active_learning/EARLY_LiM2O4_ALIGNN_HARD640_m2p18_m2p02_FLAT_20260617/job_200_Cr_fe_-1.108_n4_generated_crystals_cif__gen_3.cif",1256,48b3b61bb5e81434952330f3697efd56ede53e1ee58bfec67b00b6a0a8ba0bb4
"code/experiments/active_learning/EARLY_LiM2O4_ALIGNN_HARD640_m2p18_m2p02_FLAT_20260617/job_201_Cr_fe_-1.216_n4_generated_crystals_cif__gen_0.cif",1252,8e1161299b2d424281e606752573a70ea3aef39211010d3f63d81962652d343d
"code/experiments/active_learning/EARLY_LiM2O4_ALIGNN_HARD640_m2p18_m2p02_FLAT_20260617/job_201_Cr_fe_-1.216_n4_generated_crystals_cif__gen_1.cif",1260,4751c143cd58adc58522d069f17750c5498dfd7dc2267e3087694a2f6c433bbf
"code/experiments/active_learning/EARLY_LiM2O4_ALIGNN_HARD640_m2p18_m2p02_FLAT_20260617/job_201_Cr_fe_-1.216_n4_generated_crystals_cif__gen_2.cif",1257,2ab81081f8990baf758c3e3022cb95a3c5d242499716103d51830a11d84a8170
"code/experiments/active_learning/EARLY_LiM2O4_ALIGNN_HARD640_m2p18_m2p02_FLAT_20260617/job_201_Cr_fe_-1.216_n4_generated_crystals_cif__gen_3.cif",1254,97c9a06972ade2a874040e09d37326fc2c4c00c419dd515a1cab5969898f735f
"code/experiments/active_learning/EARLY_LiM2O4_ALIGNN_HARD640_m2p18_m2p02_FLAT_20260617/job_203_Ni_fe_-0.895_n4_generated_crystals_cif__gen_0.cif",1254,ad6808cdd07f1364746f54b19127fc0a586731484e775d254f3f0765d33a4a40
"code/experiments/active_learning/EARLY_LiM2O4_ALIGNN_HARD640_m2p18_m2p02_FLAT_20260617/job_203_Ni_fe_-0.895_n4_generated_crystals_cif__gen_1.cif",1255,f2a6c46ad6a6bab9566f4552f1d21a8c65c62ba1076497d8f3dd1c3ee224a7cd
"code/experiments/active_learning/EARLY_LiM2O4_ALIGNN_HARD640_m2p18_m2p02_FLAT_20260617/job_204_Cr_fe_-0.932_n4_generated_crystals_cif__gen_0.cif",1254,b8eb5306bac9eee19af8a05860932ecc0c16990079f0db1f1f7a6c5fb49f979c
"code/experiments/active_learning/EARLY_LiM2O4_ALIGNN_HARD640_m2p18_m2p02_FLAT_20260617/job_204_Cr_fe_-0.932_n4_generated_crystals_cif__gen_3.cif",1248,e605a804e5db0023418446c1016abb117b356ea0baa66e8063dcce31d02b69c0
"code/experiments/active_learning/EARLY_LiM2O4_ALIGNN_HARD640_m2p18_m2p02_FLAT_20260617/job_205_Al_fe_-1.483_n4_generated_crystals_cif__gen_2.cif",1255,1b61f609f8e1109ce2713ad3c8f60e72ab058675ed76fae94a94f90f1021d829
"code/experiments/active_learning/EARLY_LiM2O4_ALIGNN_HARD640_m2p18_m2p02_FLAT_20260617/job_206_Ti_fe_-0.853_n4_generated_crystals_cif__gen_0.cif",1254,c8d14828bca8265769f8c5e6a246075329b444fe23d7e37420d7347015b3c010
"code/experiments/active_learning/EARLY_LiM2O4_ALIGNN_HARD640_m2p18_m2p02_FLAT_20260617/job_206_Ti_fe_-0.853_n4_generated_crystals_cif__gen_1.cif",1258,83d9ab4863cec94113a3d6f21768dfb034855898a599feed57546f7ff97b53b4
"code/experiments/active_learning/EARLY_LiM2O4_ALIGNN_HARD640_m2p18_m2p02_FLAT_20260617/job_207_Cr_fe_-0.848_n4_generated_crystals_cif__gen_1.cif",1245,221406c747970d4bbd11eb3c66300f3ad316795557972b9ada92e7c8250a1873
"code/experiments/active_learning/EARLY_LiM2O4_ALIGNN_HARD640_m2p18_m2p02_FLAT_20260617/job_207_Cr_fe_-0.848_n4_generated_crystals_cif__gen_2.cif",1254,a3ff6e003638e1c13a7ad1a333a9f12c05d090cd525920b424af480a06b2c4d1
"code/experiments/active_learning/EARLY_LiM2O4_ALIGNN_HARD640_m2p18_m2p02_FLAT_20260617/job_208_Cr_fe_-1.031_n4_generated_crystals_cif__gen_0.cif",1253,5e3317dbfc07e58c39b9c4be8d2e4355b9d3f441cf2fcf37c4a2c80382dbb116
"code/experiments/active_learning/EARLY_LiM2O4_ALIGNN_HARD640_m2p18_m2p02_FLAT_20260617/job_208_Cr_fe_-1.031_n4_generated_crystals_cif__gen_1.cif",1256,08bf01cf2381e2d10e62e9b9bc1dcda99b506e5cd2053afaf29a996b380e65b5
"code/experiments/active_learning/EARLY_LiM2O4_ALIGNN_HARD640_m2p18_m2p02_FLAT_20260617/job_208_Cr_fe_-1.031_n4_generated_crystals_cif__gen_2.cif",1251,3fe5c82569bd27b76cfa514676159d79f99c754b72d8eee31561f1801ec5b95b
"code/experiments/active_learning/EARLY_LiM2O4_ALIGNN_HARD640_m2p18_m2p02_FLAT_20260617/job_208_Cr_fe_-1.031_n4_generated_crystals_cif__gen_3.cif",1251,2f5ad66b415dbe5f605634821feee2ff0c23d4214244b1cb10b9b24a4c6d442d
"code/experiments/active_learning/EARLY_LiM2O4_ALIGNN_HARD640_m2p18_m2p02_FLAT_20260617/job_209_Ti_fe_-0.932_n4_generated_crystals_cif__gen_0.cif",1253,2d8e509f06cf89599cdd82ecf320aab8738d3808385958a4e4d33dbb1565687a
"code/experiments/active_learning/EARLY_LiM2O4_ALIGNN_HARD640_m2p18_m2p02_FLAT_20260617/job_209_Ti_fe_-0.932_n4_generated_crystals_cif__gen_1.cif",1253,1c742b3f54434a398e967473fda97a8b60687b4d08622a15a6c3bd75a6a45764
"code/experiments/active_learning/EARLY_LiM2O4_ALIGNN_HARD640_m2p18_m2p02_FLAT_20260617/job_210_Co_fe_-1.389_n4_generated_crystals_cif__gen_1.cif",1248,97975ef87eddb8ed48ea6ab155a6086fd5ea79b423fb013f642cad95246530cd
"code/experiments/active_learning/EARLY_LiM2O4_ALIGNN_HARD640_m2p18_m2p02_FLAT_20260617/job_210_Co_fe_-1.389_n4_generated_crystals_cif__gen_2.cif",1249,329e0a52ac54bf2f46e5cf12f56ac73a4cb16a11cd25a0768266e0f8df11f982
"code/experiments/active_learning/EARLY_LiM2O4_ALIGNN_HARD640_m2p18_m2p02_FLAT_20260617/job_211_Ti_fe_-1.424_n4_generated_crystals_cif__gen_0.cif",1255,7403b2c9e530949f75ec11432738c7d72fd5955bda5398dc5b0acbbda28dc247
"code/experiments/active_learning/EARLY_LiM2O4_ALIGNN_HARD640_m2p18_m2p02_FLAT_20260617/job_211_Ti_fe_-1.424_n4_generated_crystals_cif__gen_1.cif",1260,22bd82099d8ddf87a51ed15a5c1fded06acc3e108dcd17b3da28c7b149662f22
"code/experiments/active_learning/EARLY_LiM2O4_ALIGNN_HARD640_m2p18_m2p02_FLAT_20260617/job_211_Ti_fe_-1.424_n4_generated_crystals_cif__gen_2.cif",1252,79eedb0a3b1a8e7ff50681bf48c83d1491d834c50524211ca3d2dd9c67d422c5
"code/experiments/active_learning/EARLY_LiM2O4_ALIGNN_HARD640_m2p18_m2p02_FLAT_20260617/job_211_Ti_fe_-1.424_n4_generated_crystals_cif__gen_3.cif",1257,3a8e1d322370ebbc8a43eb6ba9cd74ddd17be8df0537f8efa5e174ff3e77b1f8
"code/experiments/active_learning/EARLY_LiM2O4_ALIGNN_HARD640_m2p18_m2p02_FLAT_20260617/job_212_Cr_fe_-1.473_n4_generated_crystals_cif__gen_0.cif",1257,aab97403ec853b8f49fc6f9b14ace0640bcddf24f132bbe8148030891a4c6877
"code/experiments/active_learning/EARLY_LiM2O4_ALIGNN_HARD640_m2p18_m2p02_FLAT_20260617/job_212_Cr_fe_-1.473_n4_generated_crystals_cif__gen_2.cif",1254,7f33bb79af2084e7bc7bcf69bdecc89f3870846c05a680fc44da4154479bf8da
"code/experiments/active_learning/EARLY_LiM2O4_ALIGNN_HARD640_m2p18_m2p02_FLAT_20260617/job_212_Cr_fe_-1.473_n4_generated_crystals_cif__gen_3.cif",1255,8ecfacf109827abc7385e46a3d8b8f813f60181bb6351a1b8b38e01f32a3c85f
"code/experiments/active_learning/EARLY_LiM2O4_ALIGNN_HARD640_m2p18_m2p02_FLAT_20260617/job_213_Al_fe_-1.344_n4_generated_crystals_cif__gen_1.cif",1259,f0da8ff7ef0ade950e6adb80a996a766eb1384d047b72fe5f750b8a4bfa7160f
"code/experiments/active_learning/EARLY_LiM2O4_ALIGNN_HARD640_m2p18_m2p02_FLAT_20260617/job_214_Cr_fe_-0.857_n4_generated_crystals_cif__gen_0.cif",1255,f1249a61e766c6ffa1ba4a337d6612c9ecbe86a8c0e611190aa7f9c79212ffdd
"code/experiments/active_learning/EARLY_LiM2O4_ALIGNN_HARD640_m2p18_m2p02_FLAT_20260617/job_214_Cr_fe_-0.857_n4_generated_crystals_cif__gen_1.cif",1250,02c085d184b33ad4dbf3f8a275e8980f4743a319ac4b4a661ab45a8420ea5397
"code/experiments/active_learning/EARLY_LiM2O4_ALIGNN_HARD640_m2p18_m2p02_FLAT_20260617/job_214_Cr_fe_-0.857_n4_generated_crystals_cif__gen_3.cif",1257,aad6f536f21b4fdd4e2644a539021142ce1f5ec1a1d29d36121cb210fae8d944
"code/experiments/active_learning/EARLY_LiM2O4_ALIGNN_HARD640_m2p18_m2p02_FLAT_20260617/job_215_Co_fe_-1.286_n4_generated_crystals_cif__gen_1.cif",1256,36937c34935c3431a2f418530f3a347a572baee33c4a81b6ca0e575834ee5338
"code/experiments/active_learning/EARLY_LiM2O4_ALIGNN_HARD640_m2p18_m2p02_FLAT_20260617/job_215_Co_fe_-1.286_n4_generated_crystals_cif__gen_2.cif",1255,5c11859a881ffb9006ef8372ab36bda624a23bb427f1cc9e674c96aca3cea8c0
"code/experiments/active_learning/EARLY_LiM2O4_ALIGNN_HARD640_m2p18_m2p02_FLAT_20260617/job_216_Cr_fe_-0.890_n4_generated_crystals_cif__gen_0.cif",1252,761f16a951c9739e446ad83b7d71c48d267e6c286e4960cf8b6b9198671db698
"code/experiments/active_learning/EARLY_LiM2O4_ALIGNN_HARD640_m2p18_m2p02_FLAT_20260617/job_216_Cr_fe_-0.890_n4_generated_crystals_cif__gen_2.cif",1254,535a29eab5877764f21ab849d3ec3977cc9be54e5dc719f96993214ebb45331b
"code/experiments/active_learning/EARLY_LiM2O4_ALIGNN_HARD640_m2p18_m2p02_FLAT_20260617/job_216_Cr_fe_-0.890_n4_generated_crystals_cif__gen_3.cif",1258,8a37adb745f0f4888f34b3e253319105791cf3b4782e0a028dbf1b0bb2be0cd0
"code/experiments/active_learning/EARLY_LiM2O4_ALIGNN_HARD640_m2p18_m2p02_FLAT_20260617/job_217_Ni_fe_-1.483_n4_generated_crystals_cif__gen_0.cif",1255,7b3085e42a421541688bcb7fc919d5ef67815e4a1680b2940cd3dcc8b1e1db49
"code/experiments/active_learning/EARLY_LiM2O4_ALIGNN_HARD640_m2p18_m2p02_FLAT_20260617/job_217_Ni_fe_-1.483_n4_generated_crystals_cif__gen_2.cif",1251,2e12f4067a20463d5b7cbf5a4364e1cd69140ecc153986790522ac211b273db3
"code/experiments/active_learning/EARLY_LiM2O4_ALIGNN_HARD640_m2p18_m2p02_FLAT_20260617/job_217_Ni_fe_-1.483_n4_generated_crystals_cif__gen_3.cif",1255,ecfc9496f918fb3c6f89772b0924c1fa3632507a2d0dad9f014dd3786a52d2c2
"code/experiments/active_learning/EARLY_LiM2O4_ALIGNN_HARD640_m2p18_m2p02_FLAT_20260617/job_218_Ni_fe_-1.221_n4_generated_crystals_cif__gen_0.cif",1255,8372812c13854f2abc5117dce5ae649d27e2007542ffdfadad7abf684243684f
"code/experiments/active_learning/EARLY_LiM2O4_ALIGNN_HARD640_m2p18_m2p02_FLAT_20260617/job_218_Ni_fe_-1.221_n4_generated_crystals_cif__gen_1.cif",1258,39937c7f0454fb08ec554498129ec71ade2d391d2d99c229fa78601802b5f7f3
"code/experiments/active_learning/EARLY_LiM2O4_ALIGNN_HARD640_m2p18_m2p02_FLAT_20260617/job_218_Ni_fe_-1.221_n4_generated_crystals_cif__gen_2.cif",1253,efd46752de3a82531041f43300047846090d2f77c0612b8af256fbb73574deee
"code/experiments/active_learning/EARLY_LiM2O4_ALIGNN_HARD640_m2p18_m2p02_FLAT_20260617/job_218_Ni_fe_-1.221_n4_generated_crystals_cif__gen_3.cif",1253,b51f7eb555753ada97c23cb7e6d5d96449d632eba12631a176dbe2ff71ad8e13
"code/experiments/active_learning/EARLY_LiM2O4_ALIGNN_HARD640_m2p18_m2p02_FLAT_20260617/job_219_Co_fe_-0.895_n4_generated_crystals_cif__gen_0.cif",1256,9841e613ea3cf4e6a248c8203e7ea52562bd507045a0aad5187c7b8b3206fa44
"code/experiments/active_learning/EARLY_LiM2O4_ALIGNN_HARD640_m2p18_m2p02_FLAT_20260617/job_219_Co_fe_-0.895_n4_generated_crystals_cif__gen_1.cif",1256,882220c39567a5366e65dde713960766dbaab32cbf5217bdaa2f2ab55036732b
"code/experiments/active_learning/EARLY_LiM2O4_ALIGNN_HARD640_m2p18_m2p02_FLAT_20260617/job_219_Co_fe_-0.895_n4_generated_crystals_cif__gen_3.cif",1245,fc1763778ae44e8b8340498b5f532a8d4122bbba4cfd830b93f53c4906af5cf8
"code/experiments/active_learning/EARLY_LiM2O4_ALIGNN_HARD640_m2p18_m2p02_FLAT_20260617/job_220_Cr_fe_-1.305_n4_generated_crystals_cif__gen_0.cif",1254,b35c945df131fae69276ed8897ea0752e0e1aa53a30f4542973ef4f66724de74
"code/experiments/active_learning/EARLY_LiM2O4_ALIGNN_HARD640_m2p18_m2p02_FLAT_20260617/job_220_Cr_fe_-1.305_n4_generated_crystals_cif__gen_1.cif",1256,4adfcd0765a6d9c60c3d6870392bd735d59ebbbce59c090b15556522a35b7a7a
"code/experiments/active_learning/EARLY_LiM2O4_ALIGNN_HARD640_m2p18_m2p02_FLAT_20260617/job_220_Cr_fe_-1.305_n4_generated_crystals_cif__gen_2.cif",1257,58b63df8d357144ee7731b3e7b607b82a1f6e35e553c8ac744ed5d15e3e02050
"code/experiments/active_learning/EARLY_LiM2O4_ALIGNN_HARD640_m2p18_m2p02_FLAT_20260617/job_221_Ti_fe_-1.143_n4_generated_crystals_cif__gen_0.cif",1254,c93c61d84a0bb5fe173d09a1460e35e300c1a89a84a8efb2315e243d1c0edd6b
"code/experiments/active_learning/EARLY_LiM2O4_ALIGNN_HARD640_m2p18_m2p02_FLAT_20260617/job_221_Ti_fe_-1.143_n4_generated_crystals_cif__gen_1.cif",1256,8a1508af68c113980c2786fa15fc7d2f556be85b04953cab51d8203d357fee82
"code/experiments/active_learning/EARLY_LiM2O4_ALIGNN_HARD640_m2p18_m2p02_FLAT_20260617/job_221_Ti_fe_-1.143_n4_generated_crystals_cif__gen_3.cif",1249,c2b92220b1adfedac21ca9b1389ed38b6231d1c33130e2bfa44f19fbb95b993f
"code/experiments/active_learning/EARLY_LiM2O4_ALIGNN_HARD640_m2p18_m2p02_FLAT_20260617/job_222_Ti_fe_-0.813_n4_generated_crystals_cif__gen_1.cif",1252,20881d8100fcbaa76c08b097a7890443ca68cb20fac7354a2e86caf9f50fde75
"code/experiments/active_learning/EARLY_LiM2O4_ALIGNN_HARD640_m2p18_m2p02_FLAT_20260617/job_222_Ti_fe_-0.813_n4_generated_crystals_cif__gen_3.cif",1258,f9b06a1ca50e9a90d2e16d0c6b419fb6cdd11c09e451d1591f6733a14f874a72
"code/experiments/active_learning/EARLY_LiM2O4_ALIGNN_HARD640_m2p18_m2p02_FLAT_20260617/job_223_Mg_fe_-1.268_n4_generated_crystals_cif__gen_1.cif",1252,0a4bfb327d0db0c0cf4c2e8b5b93999520197cc06b5c52fcf761e39e2271e1db
"code/experiments/active_learning/EARLY_LiM2O4_ALIGNN_HARD640_m2p18_m2p02_FLAT_20260617/job_224_Mn_fe_-1.419_n4_generated_crystals_cif__gen_0.cif",1252,8bcf6585177d669a3a2550de4eb7ce09e693305052e8c2ea389f3f2d73579757
"code/experiments/active_learning/EARLY_LiM2O4_ALIGNN_HARD640_m2p18_m2p02_FLAT_20260617/job_224_Mn_fe_-1.419_n4_generated_crystals_cif__gen_2.cif",1255,dd36e74b345ea57f64ec2b465d257f2c9bcac0cb8150789606a13a1cb7f2b8fb
"code/experiments/active_learning/EARLY_LiM2O4_ALIGNN_HARD640_m2p18_m2p02_FLAT_20260617/job_224_Mn_fe_-1.419_n4_generated_crystals_cif__gen_3.cif",1248,5a8cf57d460660b7822c7862338e0bc716970365f5ebc8969ac48e568f460e1b
"code/experiments/active_learning/EARLY_LiM2O4_ALIGNN_HARD640_m2p18_m2p02_FLAT_20260617/job_225_Co_fe_-1.375_n4_generated_crystals_cif__gen_1.cif",1250,cc3814ae4c5c2e4a1ec34381441549d69d235c4d46b4d279ff9868ec3b73e21e
"code/experiments/active_learning/EARLY_LiM2O4_ALIGNN_HARD640_m2p18_m2p02_FLAT_20260617/job_225_Co_fe_-1.375_n4_generated_crystals_cif__gen_2.cif",1250,ed5d9bcc362a23c1d868d33683f06e9656e6e299225989fdc631324c116afc50
"code/experiments/active_learning/EARLY_LiM2O4_ALIGNN_HARD640_m2p18_m2p02_FLAT_20260617/job_227_Mg_fe_-1.196_n4_generated_crystals_cif__gen_3.cif",1248,c69f9885a6b066abc1ba9266052d32e315af7c4863e52132361bf269216c86cb
"code/experiments/active_learning/EARLY_LiM2O4_ALIGNN_HARD640_m2p18_m2p02_FLAT_20260617/job_228_Ti_fe_-0.950_n4_generated_crystals_cif__gen_0.cif",1263,7157ec212c701efbc9eeb026d14c93a2393951efefb020f74dad0351a61910da
"code/experiments/active_learning/EARLY_LiM2O4_ALIGNN_HARD640_m2p18_m2p02_FLAT_20260617/job_228_Ti_fe_-0.950_n4_generated_crystals_cif__gen_1.cif",1253,672fae3fb48e85b44062bee36a934dd3f39598aa473c26d2cce0eefe9c3044c9
"code/experiments/active_learning/EARLY_LiM2O4_ALIGNN_HARD640_m2p18_m2p02_FLAT_20260617/job_229_Al_fe_-1.076_n4_generated_crystals_cif__gen_2.cif",1245,a08136605fe9ec61f9eb1b5fe52ebd6453df18eaaeb4f6d37bebea94514621c4
"code/experiments/active_learning/EARLY_LiM2O4_ALIGNN_HARD640_m2p18_m2p02_FLAT_20260617/job_229_Al_fe_-1.076_n4_generated_crystals_cif__gen_3.cif",1253,4bb818559acc60c81d57ca22a8b7dfd53da81bb2667b3ec09d6975d909a47ab3
"code/experiments/active_learning/EARLY_LiM2O4_ALIGNN_HARD640_m2p18_m2p02_FLAT_20260617/job_230_Mg_fe_-1.419_n4_generated_crystals_cif__gen_3.cif",1256,6786fc3eb3d8e90f7cb3f6bd3e8c56a7bb5dbf6b495b18ae672fe4db70b71fcf
"code/experiments/active_learning/EARLY_LiM2O4_ALIGNN_HARD640_m2p18_m2p02_FLAT_20260617/job_232_Mn_fe_-1.004_n4_generated_crystals_cif__gen_1.cif",1246,5d2b3447081631b0751ce28584b9c06f557977dcd83d01fb007763d563b4280d
"code/experiments/active_learning/EARLY_LiM2O4_ALIGNN_HARD640_m2p18_m2p02_FLAT_20260617/job_232_Mn_fe_-1.004_n4_generated_crystals_cif__gen_2.cif",1254,ae8947258c7de037dc91ef7a5a9b35d4633b82b7db3cae4d19f86b4fc22d975c
"code/experiments/active_learning/EARLY_LiM2O4_ALIGNN_HARD640_m2p18_m2p02_FLAT_20260617/job_232_Mn_fe_-1.004_n4_generated_crystals_cif__gen_3.cif",1260,c62b5ff72d7b3737f7657c61f1d23bbc31a126a65a95cf189faf05385ab3eb13
"code/experiments/active_learning/EARLY_LiM2O4_ALIGNN_HARD640_m2p18_m2p02_FLAT_20260617/job_233_Mn_fe_-1.136_n4_generated_crystals_cif__gen_0.cif",1247,db26636f75c47b2e7f4e5ea20e6040f4071573fbf55b99b481e6688e522bdbb6
"code/experiments/active_learning/EARLY_LiM2O4_ALIGNN_HARD640_m2p18_m2p02_FLAT_20260617/job_233_Mn_fe_-1.136_n4_generated_crystals_cif__gen_1.cif",1250,295d6fe863eebebe759049c21f1f36051e756ecebf001d573188e7d6fa688434
"code/experiments/active_learning/EARLY_LiM2O4_ALIGNN_HARD640_m2p18_m2p02_FLAT_20260617/job_233_Mn_fe_-1.136_n4_generated_crystals_cif__gen_2.cif",1259,fd948a3b7b7cae7ce8d53e94ea74f0fdd0fba0f7cf78e3029f1915f780efe8de
"code/experiments/active_learning/EARLY_LiM2O4_ALIGNN_HARD640_m2p18_m2p02_FLAT_20260617/job_234_Cr_fe_-1.123_n4_generated_crystals_cif__gen_0.cif",1254,f65cc900009010b0e60c4595590a59a95f2e81e2f0dce2be0db1488aa6a5c5d4
"code/experiments/active_learning/EARLY_LiM2O4_ALIGNN_HARD640_m2p18_m2p02_FLAT_20260617/job_234_Cr_fe_-1.123_n4_generated_crystals_cif__gen_2.cif",1256,580806bb87643bfa3de7297ff59b2285d110b9d46cd49f1f2f295420b6db6528
"code/experiments/active_learning/EARLY_LiM2O4_ALIGNN_HARD640_m2p18_m2p02_FLAT_20260617/job_234_Cr_fe_-1.123_n4_generated_crystals_cif__gen_3.cif",1248,bb4a63891ac5b1af49b278cb564beeb0669ccb0f7eb0d9039ad64294b4983624
"code/experiments/active_learning/EARLY_LiM2O4_ALIGNN_HARD640_m2p18_m2p02_FLAT_20260617/job_235_Ti_fe_-0.842_n4_generated_crystals_cif__gen_0.cif",1251,c05461b348fbd440ae16bb4e8d89202df20ff74d6e3ac3ea85c427bc00c06101
"code/experiments/active_learning/EARLY_LiM2O4_ALIGNN_HARD640_m2p18_m2p02_FLAT_20260617/job_235_Ti_fe_-0.842_n4_generated_crystals_cif__gen_1.cif",1257,5bebbe4bf42803c951281c3922e8bff603df76a9711572d160aef2e2892c7c1b
"code/experiments/active_learning/EARLY_LiM2O4_ALIGNN_HARD640_m2p18_m2p02_FLAT_20260617/job_235_Ti_fe_-0.842_n4_generated_crystals_cif__gen_2.cif",1255,fb8a7e3b72eb93c8782ad41f4303952f0b6a073a2753691d99537e2f04de2f79
"code/experiments/active_learning/EARLY_LiM2O4_ALIGNN_HARD640_m2p18_m2p02_FLAT_20260617/job_235_Ti_fe_-0.842_n4_generated_crystals_cif__gen_3.cif",1256,9fe53dad568de0c2ae1a78086f030a5bfa6d7671bd87231e6928080cf0067dc3
"code/experiments/active_learning/EARLY_LiM2O4_ALIGNN_HARD640_m2p18_m2p02_FLAT_20260617/job_236_Ti_fe_-1.031_n4_generated_crystals_cif__gen_0.cif",1244,66f2f2f8c480420dd913c108b1270381bb834706c8ecf45fff0888092a0db035
"code/experiments/active_learning/EARLY_LiM2O4_ALIGNN_HARD640_m2p18_m2p02_FLAT_20260617/job_236_Ti_fe_-1.031_n4_generated_crystals_cif__gen_1.cif",1251,dcae74855d59b6eaf6d99d10862239d7b0ca3dca9c7ba5cd246042fabb0d16ea
"code/experiments/active_learning/EARLY_LiM2O4_ALIGNN_HARD640_m2p18_m2p02_FLAT_20260617/job_236_Ti_fe_-1.031_n4_generated_crystals_cif__gen_3.cif",1256,da1d9ae7b1258508f5b90a7c6475f18e936933b3277d4ce8a190750aee3b07df
"code/experiments/active_learning/EARLY_LiM2O4_ALIGNN_HARD640_m2p18_m2p02_FLAT_20260617/job_237_Co_fe_-1.198_n4_generated_crystals_cif__gen_0.cif",1250,42f1eaf6d156b4f976adad12a5d1e1e3c79eb0c3bd9db2725ccfb812d4a0a843
"code/experiments/active_learning/EARLY_LiM2O4_ALIGNN_HARD640_m2p18_m2p02_FLAT_20260617/job_237_Co_fe_-1.198_n4_generated_crystals_cif__gen_1.cif",1251,b262ba5b85f2b34472073a0a0903018fdeb14aba138ac0043608e301eb399e99
"code/experiments/active_learning/EARLY_LiM2O4_ALIGNN_HARD640_m2p18_m2p02_FLAT_20260617/job_237_Co_fe_-1.198_n4_generated_crystals_cif__gen_2.cif",1254,ba096155452c6f2a29cc3c5596ab59153918b4d0f610eaeaa59e1dd80c286efc
"code/experiments/active_learning/EARLY_LiM2O4_ALIGNN_HARD640_m2p18_m2p02_FLAT_20260617/job_237_Co_fe_-1.198_n4_generated_crystals_cif__gen_3.cif",1257,784fea9b9e867786c482690f9c7925778db2794f4b1ac822646f729e8e777698
"code/experiments/active_learning/EARLY_LiM2O4_ALIGNN_HARD640_m2p18_m2p02_FLAT_20260617/job_238_Ti_fe_-0.855_n4_generated_crystals_cif__gen_0.cif",1258,f3cc67cae60535a25156a48ac5714ede23674e0e93b205825cd03db144278e62
"code/experiments/active_learning/EARLY_LiM2O4_ALIGNN_HARD640_m2p18_m2p02_FLAT_20260617/job_238_Ti_fe_-0.855_n4_generated_crystals_cif__gen_1.cif",1259,93a3602d8d5a8972adcc0aaf2496e76c8571831eb825f919212b703f1c040ef7
"code/experiments/active_learning/EARLY_LiM2O4_ALIGNN_HARD640_m2p18_m2p02_FLAT_20260617/job_238_Ti_fe_-0.855_n4_generated_crystals_cif__gen_3.cif",1255,ede86375e56e71df66482651db6d0ba33213ef03a6b2b29655cbce536e931caa
"code/experiments/active_learning/EARLY_LiM2O4_ALIGNN_HARD640_m2p18_m2p02_FLAT_20260617/job_239_Mg_fe_-1.280_n4_generated_crystals_cif__gen_2.cif",1254,1811ea54d273335eeb6a43da3da9fa856e1ba6d7e630ea2b6408b478b3595a48
"code/experiments/active_learning/EARLY_LiM2O4_ALIGNN_HARD640_m2p18_m2p02_FLAT_20260617/job_240_Cr_fe_-1.413_n4_generated_crystals_cif__gen_0.cif",1252,79d305803e47dce6d5ae186527a2e2442b9999687894dfa65fd5dde054000df3
"code/experiments/active_learning/EARLY_LiM2O4_ALIGNN_HARD640_m2p18_m2p02_FLAT_20260617/job_240_Cr_fe_-1.413_n4_generated_crystals_cif__gen_1.cif",1254,f287935f6e59e351d349b7b9c75e349fba32e8196699b811fc2ef068ff14a32c
"code/experiments/active_learning/EARLY_LiM2O4_ALIGNN_HARD640_m2p18_m2p02_FLAT_20260617/job_240_Cr_fe_-1.413_n4_generated_crystals_cif__gen_2.cif",1257,f56a0f97453506841797375b4e3bb41ee10f9888a390f18cf73b1ebc9deea85e
"code/experiments/active_learning/EARLY_LiM2O4_ALIGNN_HARD640_m2p18_m2p02_FLAT_20260617/job_241_Co_fe_-1.145_n4_generated_crystals_cif__gen_0.cif",1254,b4d7ecbb063f8d3cf557950c19c1aa2de5f975f5af3824491b330c8941fab71c
"code/experiments/active_learning/EARLY_LiM2O4_ALIGNN_HARD640_m2p18_m2p02_FLAT_20260617/job_241_Co_fe_-1.145_n4_generated_crystals_cif__gen_2.cif",1254,5c192ad79937e91680080923c368d681e728c12e13ef76e3faa9ebe02f98e28a
"code/experiments/active_learning/EARLY_LiM2O4_ALIGNN_HARD640_m2p18_m2p02_FLAT_20260617/job_241_Co_fe_-1.145_n4_generated_crystals_cif__gen_3.cif",1256,bef4ba203f0edd7bb390c1874f2591d5672eb5ddcb02d83c1517fb599e2cef24
"code/experiments/active_learning/EARLY_LiM2O4_ALIGNN_HARD640_m2p18_m2p02_FLAT_20260617/job_242_Ti_fe_-1.214_n4_generated_crystals_cif__gen_0.cif",1251,da197842cfd3863a56f4fadde888f6514b4157f7636af2bf8adee5ca0efbf325
"code/experiments/active_learning/EARLY_LiM2O4_ALIGNN_HARD640_m2p18_m2p02_FLAT_20260617/job_242_Ti_fe_-1.214_n4_generated_crystals_cif__gen_1.cif",1253,5cecdaab9229e78cc691943edfbcff306316fbe13dbf6713847d809ebed449a5
"code/experiments/active_learning/EARLY_LiM2O4_ALIGNN_HARD640_m2p18_m2p02_FLAT_20260617/job_242_Ti_fe_-1.214_n4_generated_crystals_cif__gen_2.cif",1256,c55bd966bb1970b3dfebe0697dd5434b75415627b23ab41088577f3fb4c29f08
"code/experiments/active_learning/EARLY_LiM2O4_ALIGNN_HARD640_m2p18_m2p02_FLAT_20260617/job_243_Al_fe_-1.012_n4_generated_crystals_cif__gen_1.cif",1250,62f69d2b0cfe95599780e0cf73b254c299bb1a112359d6b4c92ae42d8b442bd8
"code/experiments/active_learning/EARLY_LiM2O4_ALIGNN_HARD640_m2p18_m2p02_FLAT_20260617/job_243_Al_fe_-1.012_n4_generated_crystals_cif__gen_2.cif",1253,f19cfa24960cfd9f30b0e998b6fbe8b99bfbfb099e7c87ec5b302ff9142a834f
"code/experiments/active_learning/EARLY_LiM2O4_ALIGNN_HARD640_m2p18_m2p02_FLAT_20260617/job_245_Al_fe_-1.035_n4_generated_crystals_cif__gen_0.cif",1254,2a026b6b2ea7afbde9f30ad68a73030b57f0550f9cb93cb0532f54b6f4c93ffb
"code/experiments/active_learning/EARLY_LiM2O4_ALIGNN_HARD640_m2p18_m2p02_FLAT_20260617/job_245_Al_fe_-1.035_n4_generated_crystals_cif__gen_2.cif",1252,966ee0590910a164d124c97059c5f0f54a95c64fe5d6b7985a164f7a459bc258
"code/experiments/active_learning/EARLY_LiM2O4_ALIGNN_HARD640_m2p18_m2p02_FLAT_20260617/job_245_Al_fe_-1.035_n4_generated_crystals_cif__gen_3.cif",1255,98d624bc4248947a95f955bdf5ccb744f1f5806fac8aa935a18782c09c228580
"code/experiments/active_learning/EARLY_LiM2O4_ALIGNN_HARD640_m2p18_m2p02_FLAT_20260617/job_246_Al_fe_-1.026_n4_generated_crystals_cif__gen_0.cif",1257,cfdec80abd51794669ff21d9c7f9522e1b2c68e00c0451df5347ff64bb7c049a
"code/experiments/active_learning/EARLY_LiM2O4_ALIGNN_HARD640_m2p18_m2p02_FLAT_20260617/job_246_Al_fe_-1.026_n4_generated_crystals_cif__gen_2.cif",1258,441af144f0b25dc6414e858f1f1cd36c9982a7f429ba6708eeced261e6e0bc92
"code/experiments/active_learning/EARLY_LiM2O4_ALIGNN_HARD640_m2p18_m2p02_FLAT_20260617/job_247_Ni_fe_-1.069_n4_generated_crystals_cif__gen_0.cif",1257,03e629a7dad1172688e201d4db431f238e7145601a72a0ff8a845ca337603aa6
"code/experiments/active_learning/EARLY_LiM2O4_ALIGNN_HARD640_m2p18_m2p02_FLAT_20260617/job_247_Ni_fe_-1.069_n4_generated_crystals_cif__gen_1.cif",1251,d97c4e33bf1d151c8d81c5b88269a0be38a4fb9c9170f7849ed320d3473bad87
"code/experiments/active_learning/EARLY_LiM2O4_ALIGNN_HARD640_m2p18_m2p02_FLAT_20260617/job_247_Ni_fe_-1.069_n4_generated_crystals_cif__gen_2.cif",1254,549eb06388faed4fb7373b1f85c507d7093437f1b62d0342e4b223567d8dccc3
"code/experiments/active_learning/EARLY_LiM2O4_ALIGNN_HARD640_m2p18_m2p02_FLAT_20260617/job_249_Cr_fe_-1.500_n4_generated_crystals_cif__gen_0.cif",1255,b2eb10dd50999799bf2bc0c5a2043a1cc5b8b3bc3b967d64465c4a36c5113036
"code/experiments/active_learning/EARLY_LiM2O4_ALIGNN_HARD640_m2p18_m2p02_FLAT_20260617/job_249_Cr_fe_-1.500_n4_generated_crystals_cif__gen_1.cif",1256,f49dfb6e27d30f364b84424e576764ac219f8896ce6667826fe5395ab720568c
"code/experiments/active_learning/EARLY_LiM2O4_ALIGNN_HARD640_m2p18_m2p02_FLAT_20260617/job_249_Cr_fe_-1.500_n4_generated_crystals_cif__gen_2.cif",1254,40e388f330037c9c897bc1c83ea63dadb98206b3369351ae1a5eba450ebc482a
"code/experiments/active_learning/EARLY_LiM2O4_ALIGNN_HARD640_m2p18_m2p02_FLAT_20260617/job_249_Cr_fe_-1.500_n4_generated_crystals_cif__gen_3.cif",1254,785f0049ace05b8c492c66728ae311fdf3f862cca90b9ae6aae15f172606d285
"code/experiments/active_learning/experiments/reproducibility/__pycache__/formal_protocol.cpython-311.pyc",14343,a7b3956d5f571ba319b0696c331c2b7a07a5bf7cc86db5857e48b9b4b27547de
"code/experiments/active_learning/experiments/reproducibility/__pycache__/interval_task_protocol.cpython-311.pyc",12147,a78f3005735cc119c060789893df5df2145ba2dbd0eb393bef83eeae2fa949eb
"code/experiments/active_learning/experiments/reproducibility/__pycache__/protocol_artifacts.cpython-311.pyc",3573,53f2370556841a38bafe74ae87e8d89ec4feb60c237cb7091400e58bdaaa9fc0
"code/experiments/active_learning/experiments/reproducibility/__pycache__/run_paired_dataset_job.cpython-311.pyc",52684,5c8298cdd43f879e9fa3a67494b2545bdf04d7cd958ace3bba66a72241991581
"code/experiments/active_learning/experiments/reproducibility/__pycache__/two_dataset_paired_protocol.cpython-311.pyc",12101,4ef95ba04e12a3aefabc2f22cb6affc4c7f21f07c986aeadf6d75400f71d7a8b
"code/experiments/active_learning/experiments/reproducibility/aggregate_corrected_seeds_5_14.py",18041,03eab370fec1c02ecfcef1ac967bc1eb419151fde39b8f9bc0ee66b1696a2abf
"code/experiments/active_learning/experiments/reproducibility/aggregate_two_dataset_paired_confirmation.py",17976,881e524a96b1f2b8e49fb863ed9e830178debb97c00f428a83d391562426f0c9
"code/experiments/active_learning/experiments/reproducibility/formal_protocol.py",8302,76236384078dc09d70b42d380404640bfecfb6d264641e4c5ef3a67c45a8df35
"code/experiments/active_learning/experiments/reproducibility/interval_task_protocol.py",7152,5204eb3c55243e9e07f12b66370135db38b8c705237e206c4769ae9f1712a5dd
"code/experiments/active_learning/experiments/reproducibility/paired_predict_no_shuffle.py",11653,a5b13aecb46f9bb3fdf5a03e8c20a1c7014a9ac735832dcea82a87c0df17c188
"code/experiments/active_learning/experiments/reproducibility/protocol_artifacts.py",1991,ba38c12b0732505a2a77719a6686610cd9b7734ef29e5ec8053eebaf3125aa5d
"code/experiments/active_learning/experiments/reproducibility/run_paired_dataset_job.py",42685,791d2260206cbbcefd506fd5094f946275d00dee2523a1ac9a04a7c220ae6bd5
"code/experiments/active_learning/experiments/reproducibility/run_paired_dataset_job_seed10_14.py",4928,0164b862834ca859dfa1cb4a37bc68f444c5523e5322630f4e1a43f349f1be2c
"code/experiments/active_learning/experiments/reproducibility/run_two_dataset_paired_confirmation.py",14324,fa3fd37d79533cdfd5c5ce5dd8aedfd65fbdb8bc12ed20ac447b32c2c5327f13
"code/experiments/active_learning/experiments/reproducibility/run_two_dataset_paired_confirmation_seeds10_14.py",12968,2f2c589261763226797bc41f72c8064379356961b9c6529e4620b2deb4e02da3
"code/experiments/active_learning/experiments/reproducibility/seeded_runpy_torch_compat.py",1455,7575310f20b6a1abb75f1a2a1f4a07c257ef95aa9c8f441e9a6bf5b3748ed90b
"code/experiments/active_learning/experiments/reproducibility/staging/paired_confirmation_server_20260712/__pycache__/active_learning_etdg_tage.cpython-311.pyc",41266,b0ad9e50e15a1f100342a98d232058b6ab32682ce45f5b50ec5097e29f8df56a
"code/experiments/active_learning/experiments/reproducibility/staging/paired_confirmation_server_20260712/active_learning_energy_gate_ablation.py",13936,0ae903c1cd51b9db39461cf674362a234a881931dbbe545ad262e09573be8b46
"code/experiments/active_learning/experiments/reproducibility/staging/paired_confirmation_server_20260712/active_learning_etdg_tage.py",23323,3a90c6dbcf194632b644ff87f35e665bc4b5eaeba6ac541357d23e8df806ac83
"code/experiments/active_learning/experiments/reproducibility/staging/paired_confirmation_server_20260712/atom_init.json",28392,cb90bd2257dbf8cfc4e6b2b6d4348d4616e8e9680f1339b1461137032e0f1894
"code/experiments/active_learning/experiments/reproducibility/staging/paired_confirmation_server_20260712/cgcnn/__init__.py",0,e3b0c44298fc1c149afbf4c8996fb92427ae41e4649b934ca495991b7852b855
"code/experiments/active_learning/experiments/reproducibility/staging/paired_confirmation_server_20260712/cgcnn/__pycache__/__init__.cpython-311.pyc",375,1ef556fb1d5b16c2f30819bb33c81582d6db49c6b8c3c0d2148fa8d4ad29f454
"code/experiments/active_learning/experiments/reproducibility/staging/paired_confirmation_server_20260712/cgcnn/__pycache__/data.cpython-311.pyc",20157,737187e91297a7d3e75ce1d1c71238903a755b6429090d25350283abdca8304d
"code/experiments/active_learning/experiments/reproducibility/staging/paired_confirmation_server_20260712/cgcnn/__pycache__/model.cpython-311.pyc",10899,1a59b0fee950875938b1a86e363256d0d61fa9180f2b029c133f88a8d7c4067f
"code/experiments/active_learning/experiments/reproducibility/staging/paired_confirmation_server_20260712/cgcnn/data.py",13285,d7ddc87873ae697dba13ccb80e6329247fb8f9bf2d006c70c694643a01d84e06
"code/experiments/active_learning/experiments/reproducibility/staging/paired_confirmation_server_20260712/cgcnn/model.py",7224,b4dd4e4c79ebb843762abc523562f3c66f5b1ab4c0bb2168eef9970b48295f27
"code/experiments/active_learning/experiments/reproducibility/staging/paired_confirmation_server_20260712/EARLY_LiM2O4_ALIGNN_HARD640_m2p18_m2p02_20260617/oracle.csv",161679,669b8cab102d2259811664723134be506f4b927825821e094e449fa3c11017d6
"code/experiments/active_learning/experiments/reproducibility/staging/paired_confirmation_server_20260712/EARLY_LiM2O4_ALIGNN_HARD640_m2p18_m2p02_FLAT_20260617/atom_init.json",28392,cb90bd2257dbf8cfc4e6b2b6d4348d4616e8e9680f1339b1461137032e0f1894
"code/experiments/active_learning/experiments/reproducibility/staging/paired_confirmation_server_20260712/EARLY_LiM2O4_ALIGNN_HARD640_m2p18_m2p02_FLAT_20260617/id_prop.csv",47649,5b7a405ed8bcc8b822c888cdb3e2cd73da975a7410dd376dfe0a6a31413daead
"code/experiments/active_learning/experiments/reproducibility/staging/paired_confirmation_server_20260712/experiments/reproducibility/aggregate_two_dataset_paired_confirmation.py",18285,cc51415f37d9033b47116cc806643f91c6edbff8c8d97839d0d96431742e01df
"code/experiments/active_learning/experiments/reproducibility/staging/paired_confirmation_server_20260712/experiments/reproducibility/paired_predict_no_shuffle.py",11653,a5b13aecb46f9bb3fdf5a03e8c20a1c7014a9ac735832dcea82a87c0df17c188
"code/experiments/active_learning/experiments/reproducibility/staging/paired_confirmation_server_20260712/experiments/reproducibility/run_paired_dataset_job.py",27702,4048d96c241ec75d34690636247797f0abd9eeb7245d0c892088450db10bbba3
"code/experiments/active_learning/experiments/reproducibility/staging/paired_confirmation_server_20260712/experiments/reproducibility/run_two_dataset_paired_confirmation.py",14646,0e5f94b7a30e39c3b725fc2463eed93937b83eb31d0407ed3bef6b837f137188
"code/experiments/active_learning/experiments/reproducibility/staging/paired_confirmation_server_20260712/experiments/reproducibility/seeded_runpy_torch_compat.py",1455,7575310f20b6a1abb75f1a2a1f4a07c257ef95aa9c8f441e9a6bf5b3748ed90b
"code/experiments/active_learning/experiments/reproducibility/staging/paired_confirmation_server_20260712/experiments/reproducibility/two_dataset_paired_protocol.py",6110,c7b1ee5d436efad1bf55408b48ad646e4d9e85dd70148a7c66cf7c2b9106d1c0
"code/experiments/active_learning/experiments/reproducibility/staging/paired_confirmation_server_20260712/main.py",22976,c92c271650e8cdaae07e3065b2020f5984b5abbb7b34f102dd7e2941c1e9bb85
"code/experiments/active_learning/experiments/reproducibility/staging/paired_confirmation_server_20260712/NON_GEN_INTERVAL_POOLS_20260618/Mn_NON_GEN_HARD640_FLAT_20260619/atom_init.json",28392,cb90bd2257dbf8cfc4e6b2b6d4348d4616e8e9680f1339b1461137032e0f1894
"code/experiments/active_learning/experiments/reproducibility/staging/paired_confirmation_server_20260712/NON_GEN_INTERVAL_POOLS_20260618/Mn_NON_GEN_HARD640_FLAT_20260619/id_prop.csv",17632,1d3ad5567027ab2771faa625456672bc5c0ef68e52eb17c3c242f0a77bc4e36e
"code/experiments/active_learning/experiments/reproducibility/staging/paired_confirmation_server_20260712/NON_GEN_INTERVAL_POOLS_20260618/Mn_NON_GEN_HARD640_M2P59_M2P47_111_20260709/oracle.csv",180592,22b3b02158d89d355653fb432f35e994970a0c0563e57b556e485b1ef9461c3b
"code/experiments/active_learning/experiments/reproducibility/two_dataset_paired_protocol.py",6110,c7b1ee5d436efad1bf55408b48ad646e4d9e85dd70148a7c66cf7c2b9106d1c0
"code/experiments/active_learning/main.py",22419,f329655bc810c655ccfaa93666026e626c512c088532e1a34dd8458532f8456b
"code/experiments/active_learning/mc_dropout_protocol.py",8079,a8043f6769259857f916db691a1a98b8892ac51c888d5fe4ae34851e681b6ec0
"code/experiments/active_learning/mc_dropout_seed_policy.py",2440,9c08ff96884d5405821d5145424ce870736b8b69c96767148ef06b409ffb022e
"code/experiments/active_learning/NON_GEN_INTERVAL_POOLS_20260618/Mn_NON_GEN_HARD640_FLAT_20260619/1032694.cif",1529,9d2c9b012421f5d84b71f04de74b22640fc654339ae9ebbf83b8a6117ea9e1e8
"code/experiments/active_learning/NON_GEN_INTERVAL_POOLS_20260618/Mn_NON_GEN_HARD640_FLAT_20260619/1032752.cif",1541,052d8bab776571b2a80f7631cd9b1ef55548063a5ed3ad60baca5a9afd65b6e3
"code/experiments/active_learning/NON_GEN_INTERVAL_POOLS_20260618/Mn_NON_GEN_HARD640_FLAT_20260619/1036235.cif",2388,f563526691e94248aba76fa47527d31d3601a5874abedb095c6698c6d9488647
"code/experiments/active_learning/NON_GEN_INTERVAL_POOLS_20260618/Mn_NON_GEN_HARD640_FLAT_20260619/1036400.cif",2388,bdbc8b774579e5963822094c5b84e225d8cdf3669f1e77989b58c3b2d48968d0
"code/experiments/active_learning/NON_GEN_INTERVAL_POOLS_20260618/Mn_NON_GEN_HARD640_FLAT_20260619/1042474.cif",1169,2114986c5617e8c203ac4677854b1cdfa957442fab5283b1a56495736a72d761
"code/experiments/active_learning/NON_GEN_INTERVAL_POOLS_20260618/Mn_NON_GEN_HARD640_FLAT_20260619/1042652.cif",4063,c600a7f29330efdb050a0c7a734d034da08aa5e80d476ee9556b3f4d85c3391d
"code/experiments/active_learning/NON_GEN_INTERVAL_POOLS_20260618/Mn_NON_GEN_HARD640_FLAT_20260619/1042773.cif",3007,e248d05411caadb47c469f92d4300dd73a889ebb409b974de054498cd738a99e
"code/experiments/active_learning/NON_GEN_INTERVAL_POOLS_20260618/Mn_NON_GEN_HARD640_FLAT_20260619/1042806.cif",3007,1b9115d21bd4e559e17caa210cb430516ee959a5050f2f0abf893a51758cfe16
"code/experiments/active_learning/NON_GEN_INTERVAL_POOLS_20260618/Mn_NON_GEN_HARD640_FLAT_20260619/1043125.cif",3629,4ac1d8d5ff113452f54b9f230672bb11df8a00ae6449909d847c5504eed7b2d9
"code/experiments/active_learning/NON_GEN_INTERVAL_POOLS_20260618/Mn_NON_GEN_HARD640_FLAT_20260619/1043484.cif",1747,6ba69460a573d205549a7e2ba6380dec97c9d8e4f8e470397c534ff0c7700e10
"code/experiments/active_learning/NON_GEN_INTERVAL_POOLS_20260618/Mn_NON_GEN_HARD640_FLAT_20260619/1043996.cif",1749,101f7b76d2ffde2be6922af62af4fc0031ee1609ffad6d455944f5b5f737d740
"code/experiments/active_learning/NON_GEN_INTERVAL_POOLS_20260618/Mn_NON_GEN_HARD640_FLAT_20260619/1044277.cif",2580,12fc9853903851c504075d97f1d919b5de5dc977cf9dc9063f17a19ddf5cff07
"code/experiments/active_learning/NON_GEN_INTERVAL_POOLS_20260618/Mn_NON_GEN_HARD640_FLAT_20260619/1044300.cif",1427,de033967db13fac377a8d3e8c0cc26d8bcfb617909f54b4a905921433870e3f0
"code/experiments/active_learning/NON_GEN_INTERVAL_POOLS_20260618/Mn_NON_GEN_HARD640_FLAT_20260619/1044381.cif",1427,d77b34b6d30e45843d59e2855ece67c7a6fe15e882e6f24e4bfe311ac077845f
"code/experiments/active_learning/NON_GEN_INTERVAL_POOLS_20260618/Mn_NON_GEN_HARD640_FLAT_20260619/1044531.cif",1743,c075b3d9221e1c940d387ed81ccc92dc40aab1beb59c86cbe426bd1c4fe765d3
"code/experiments/active_learning/NON_GEN_INTERVAL_POOLS_20260618/Mn_NON_GEN_HARD640_FLAT_20260619/1044544.cif",1427,617823db6906cf3ffc7ed7fc941dbf5251681fdaa82ee193af2a995cdea94322
"code/experiments/active_learning/NON_GEN_INTERVAL_POOLS_20260618/Mn_NON_GEN_HARD640_FLAT_20260619/1045744.cif",1752,07bca8a3d1196e09a2830c52765a294600497649719282c3a8ef303e2cf830a8
"code/experiments/active_learning/NON_GEN_INTERVAL_POOLS_20260618/Mn_NON_GEN_HARD640_FLAT_20260619/1045984.cif",1385,2edd26c845e1d2124c4137b4be421d5dbbd0810ab85c6cf216b36c4c5402513c
"code/experiments/active_learning/NON_GEN_INTERVAL_POOLS_20260618/Mn_NON_GEN_HARD640_FLAT_20260619/1046302.cif",1524,252dce965d6e380855b941b2f6d633448cf3f7e901b2cb6dbc8137619339bea9
"code/experiments/active_learning/NON_GEN_INTERVAL_POOLS_20260618/Mn_NON_GEN_HARD640_FLAT_20260619/1046905.cif",2071,e852475f686fd4348585e74185eac8b0601d9d92a0384f0c63de4d9d768de21a
"code/experiments/active_learning/NON_GEN_INTERVAL_POOLS_20260618/Mn_NON_GEN_HARD640_FLAT_20260619/1048385.cif",2278,3e7bc8212e623e318e349e6ea4f18e335674dfbee0e8565d26af1f9f62ffaf08
"code/experiments/active_learning/NON_GEN_INTERVAL_POOLS_20260618/Mn_NON_GEN_HARD640_FLAT_20260619/1048447.cif",1380,4e950c8ffd67e71ceb05c896cdf1c0add82dc311853d45e61398ea81f97c730b
"code/experiments/active_learning/NON_GEN_INTERVAL_POOLS_20260618/Mn_NON_GEN_HARD640_FLAT_20260619/1048457.cif",1385,1330f7760b316b5e74cd625f919b94f479b7cf1ef4bc913b1ae6c53e36276e87
"code/experiments/active_learning/NON_GEN_INTERVAL_POOLS_20260618/Mn_NON_GEN_HARD640_FLAT_20260619/1048458.cif",2065,ec3289b5eb47638498357877c1b5cfb12762f8e32070aad7b1a6ac6bc9e348ea
"code/experiments/active_learning/NON_GEN_INTERVAL_POOLS_20260618/Mn_NON_GEN_HARD640_FLAT_20260619/1048461.cif",1323,3f6b72473343260674c77128b92513022b484f4ed148dc596394dc9bd2e227e6
"code/experiments/active_learning/NON_GEN_INTERVAL_POOLS_20260618/Mn_NON_GEN_HARD640_FLAT_20260619/1048549.cif",1922,96c829da19094f576ec112bead5b3045d22c92693fc4d11f42309f25d601b1ed
"code/experiments/active_learning/NON_GEN_INTERVAL_POOLS_20260618/Mn_NON_GEN_HARD640_FLAT_20260619/1048574.cif",1922,3d28c8b9a83b490a5f4e4e153129917366bf325e39ff7b36d6f29890919457d5
"code/experiments/active_learning/NON_GEN_INTERVAL_POOLS_20260618/Mn_NON_GEN_HARD640_FLAT_20260619/1048631.cif",1388,8f7b6c26e1c7caa2ef1bf564fe20b07e930a9d5ba8caed202aedf7ee7efa3aa7
"code/experiments/active_learning/NON_GEN_INTERVAL_POOLS_20260618/Mn_NON_GEN_HARD640_FLAT_20260619/1048672.cif",2289,b73939aff7c13a3c1d6220192a0d1836834a2d5a5f9c44f3d52faf4971ab0314
"code/experiments/active_learning/NON_GEN_INTERVAL_POOLS_20260618/Mn_NON_GEN_HARD640_FLAT_20260619/1049231.cif",1749,fdd9f1448d8747f694fcf3e2d0ae41e2bcd7525b575cb6f85912eb8a2d2e9130
"code/experiments/active_learning/NON_GEN_INTERVAL_POOLS_20260618/Mn_NON_GEN_HARD640_FLAT_20260619/1049271.cif",1749,57e5cef024de5b9dee1810a0831f6cc26640bcfa008e79b132fead1a4f793069
"code/experiments/active_learning/NON_GEN_INTERVAL_POOLS_20260618/Mn_NON_GEN_HARD640_FLAT_20260619/1075988.cif",2813,7184bf85a329621ea0aa91d11170e1d0b9e90e5084d7ef88d68f3c8abf149d0b
"code/experiments/active_learning/NON_GEN_INTERVAL_POOLS_20260618/Mn_NON_GEN_HARD640_FLAT_20260619/1076214.cif",2811,47a395a9ea714fbb52c5785423637c0d69488aca5e32c8e3296f393022cadd5c
"code/experiments/active_learning/NON_GEN_INTERVAL_POOLS_20260618/Mn_NON_GEN_HARD640_FLAT_20260619/1076487.cif",8367,67d67e7bccab8a1e3746eedf498e17d05dc1cd82cb872cceaf79aeae43122d93
"code/experiments/active_learning/NON_GEN_INTERVAL_POOLS_20260618/Mn_NON_GEN_HARD640_FLAT_20260619/1076543.cif",2811,cda8552a315a2d5bc94295bcdacdec29a81b122037a347c9e2448affad1dd07c
"code/experiments/active_learning/NON_GEN_INTERVAL_POOLS_20260618/Mn_NON_GEN_HARD640_FLAT_20260619/1076592.cif",2811,d9fc3a82c11746a677656f2a4d10bad7ab9608ab278a848c1536baf2a9ddc91e
"code/experiments/active_learning/NON_GEN_INTERVAL_POOLS_20260618/Mn_NON_GEN_HARD640_FLAT_20260619/1077691.cif",8373,2ac044e4cd90f3698edc9890d99da56a3a99f3a57f62332a97378b7d0a9ce279
"code/experiments/active_learning/NON_GEN_INTERVAL_POOLS_20260618/Mn_NON_GEN_HARD640_FLAT_20260619/1078286.cif",1112,25a41d6d363f13fb6ebb2233136ba473277cc2ac26849082020d9309387ba4b0
"code/experiments/active_learning/NON_GEN_INTERVAL_POOLS_20260618/Mn_NON_GEN_HARD640_FLAT_20260619/1101152.cif",1535,2b26b30a188b2651895f947160e0ca363aeed4cfc83dc2d14c0cbe08ac9500df
"code/experiments/active_learning/NON_GEN_INTERVAL_POOLS_20260618/Mn_NON_GEN_HARD640_FLAT_20260619/1103771.cif",2166,4f0141f67e8e932501341cc3ebeddf4850e13de04839ae9d1e588ae7ed6fa9e5
"code/experiments/active_learning/NON_GEN_INTERVAL_POOLS_20260618/Mn_NON_GEN_HARD640_FLAT_20260619/1103922.cif",1429,25317450b03f971727a4a08f328a65230848e109e0f92937440ed47c73ea3d71
"code/experiments/active_learning/NON_GEN_INTERVAL_POOLS_20260618/Mn_NON_GEN_HARD640_FLAT_20260619/1104505.cif",1476,870ddf3556e4d4d995c0f7375bc6320ec1b2fae1d422fd46d32b85dc7fe7f40c
"code/experiments/active_learning/NON_GEN_INTERVAL_POOLS_20260618/Mn_NON_GEN_HARD640_FLAT_20260619/1105735.cif",1522,368075f0a7dcf492aac8388db233ce87399495da9dc4c105bef0524a798d5425
"code/experiments/active_learning/NON_GEN_INTERVAL_POOLS_20260618/Mn_NON_GEN_HARD640_FLAT_20260619/1105934.cif",2374,af48a097a19480b42d4ddf8e2b339204463e38f9fe0ffb222a4a1a32954817d2
"code/experiments/active_learning/NON_GEN_INTERVAL_POOLS_20260618/Mn_NON_GEN_HARD640_FLAT_20260619/1106150.cif",1752,11ad5818847998a2918a53a6a81ad71ad9ab5e34aec5a4af2795de6219715835
"code/experiments/active_learning/NON_GEN_INTERVAL_POOLS_20260618/Mn_NON_GEN_HARD640_FLAT_20260619/1120814.cif",1214,111490c8d7829f758a898c0da8f25bd1fb34228ea102e6fa568213eb271cbc02
"code/experiments/active_learning/NON_GEN_INTERVAL_POOLS_20260618/Mn_NON_GEN_HARD640_FLAT_20260619/1173263.cif",3024,9cf0e58b1639f15388c32acd97e9f8dc679b6f247ef1bc8984d512731d697af8
"code/experiments/active_learning/NON_GEN_INTERVAL_POOLS_20260618/Mn_NON_GEN_HARD640_FLAT_20260619/1173545.cif",2075,b21f99f8aa70ba7c876ab810154a01c8e9a89e5f1eca8058ff9c30ef9e048745
"code/experiments/active_learning/NON_GEN_INTERVAL_POOLS_20260618/Mn_NON_GEN_HARD640_FLAT_20260619/1173587.cif",2806,c5e417a463b4fe58b47993f0051c370a89c7d39de253202d87e22102e387b375
"code/experiments/active_learning/NON_GEN_INTERVAL_POOLS_20260618/Mn_NON_GEN_HARD640_FLAT_20260619/1173820.cif",2806,e0d3ce816e6b3f9ab83fd8b35381f5bf3849f6840badb2ad059bcbe14098420b
"code/experiments/active_learning/NON_GEN_INTERVAL_POOLS_20260618/Mn_NON_GEN_HARD640_FLAT_20260619/1173896.cif",1535,219189ef464536058777270f2e33ee55eacf643b68d33e34a23f158d2e5c3792
"code/experiments/active_learning/NON_GEN_INTERVAL_POOLS_20260618/Mn_NON_GEN_HARD640_FLAT_20260619/1176460.cif",2575,71552d6de4fc3bb78e6e6c7a9f9e6405c6e9e7d00e87736822ecc6b6f9d87429
"code/experiments/active_learning/NON_GEN_INTERVAL_POOLS_20260618/Mn_NON_GEN_HARD640_FLAT_20260619/1176503.cif",1958,2f86a4f4c2e87e80e564bd27ff44b4d3755cdf0e0fa7a3f0515855160655d8b0
"code/experiments/active_learning/NON_GEN_INTERVAL_POOLS_20260618/Mn_NON_GEN_HARD640_FLAT_20260619/1177025.cif",2800,eca234381c58fc0bebe49807f1800ea9e9ac059f2c06be970bd49c361cdb9151
"code/experiments/active_learning/NON_GEN_INTERVAL_POOLS_20260618/Mn_NON_GEN_HARD640_FLAT_20260619/1177150.cif",2227,55f8b72af27a443a2e3020b8c21268e59cd9d7b2421a4a24da2239aa0a6d744b
"code/experiments/active_learning/NON_GEN_INTERVAL_POOLS_20260618/Mn_NON_GEN_HARD640_FLAT_20260619/1177389.cif",2810,f3a92d394dacc476286e70d5cb4e9c128b5099c596e3b88730c3e3e9d222c18f
"code/experiments/active_learning/NON_GEN_INTERVAL_POOLS_20260618/Mn_NON_GEN_HARD640_FLAT_20260619/1177395.cif",2810,5d7d8daf421d592cb6ff3c28f3d327b63a8138e925b7d2ec2554382f6dd9ac86
"code/experiments/active_learning/NON_GEN_INTERVAL_POOLS_20260618/Mn_NON_GEN_HARD640_FLAT_20260619/1177907.cif",1744,0c306733ab3d4f9e717b88369214399d99331c3b62eee0599832ee0cf864b767
"code/experiments/active_learning/NON_GEN_INTERVAL_POOLS_20260618/Mn_NON_GEN_HARD640_FLAT_20260619/1180142.cif",1197,190ac301f6685be997b38dd1d2b34d83a993009269725bcc915716d59416d25e
"code/experiments/active_learning/NON_GEN_INTERVAL_POOLS_20260618/Mn_NON_GEN_HARD640_FLAT_20260619/1180198.cif",3401,e7117a96cdb003cbebb826657e02a47ab59b0dcb4c83af3b77d8725da2b1c8a0
"code/experiments/active_learning/NON_GEN_INTERVAL_POOLS_20260618/Mn_NON_GEN_HARD640_FLAT_20260619/1180441.cif",1380,4f763e02dbd640c21866e60ee6b93d688192b683d90de1b0a53feef2dbde3f36
"code/experiments/active_learning/NON_GEN_INTERVAL_POOLS_20260618/Mn_NON_GEN_HARD640_FLAT_20260619/1181758.cif",2871,327446567c5de5c12efecd2e1f89a6e1dac757624b6be9b6b8d98ba3fe923726
"code/experiments/active_learning/NON_GEN_INTERVAL_POOLS_20260618/Mn_NON_GEN_HARD640_FLAT_20260619/1182186.cif",1632,05f7a458e8c379e35c6ff19fe3a0230765c17f686d86e86820d1a5650273ace5
"code/experiments/active_learning/NON_GEN_INTERVAL_POOLS_20260618/Mn_NON_GEN_HARD640_FLAT_20260619/1182615.cif",3098,b1551aab3531682ec5696891a08d7245eded2d447dc170f4ae9b87d700d387c0
"code/experiments/active_learning/NON_GEN_INTERVAL_POOLS_20260618/Mn_NON_GEN_HARD640_FLAT_20260619/1182654.cif",4384,dc9ce4f257e333aa93955a441b4a6da4b066a0d5c11e8f783b13968f93bb3f92
"code/experiments/active_learning/NON_GEN_INTERVAL_POOLS_20260618/Mn_NON_GEN_HARD640_FLAT_20260619/1182674.cif",5092,708e63bf16f03e42f0d73be7908650aca42bbb71d82c0184e3155a0e47638e3c
"code/experiments/active_learning/NON_GEN_INTERVAL_POOLS_20260618/Mn_NON_GEN_HARD640_FLAT_20260619/1182751.cif",6186,27541cf573baa40f392d508d5e0ba5869369d379e84703c092fad77cd1b3bb37
"code/experiments/active_learning/NON_GEN_INTERVAL_POOLS_20260618/Mn_NON_GEN_HARD640_FLAT_20260619/1189676.cif",1684,7fe27183ff0c3a9217e794c599fc3527b9c4ba1bcca9396d049945d6a2cae896
"code/experiments/active_learning/NON_GEN_INTERVAL_POOLS_20260618/Mn_NON_GEN_HARD640_FLAT_20260619/1189894.cif",1736,41b08e626bec01b31f0e2b449c793ba60aee59306828b9ce7bd6d73712f296f6
"code/experiments/active_learning/NON_GEN_INTERVAL_POOLS_20260618/Mn_NON_GEN_HARD640_FLAT_20260619/1190924.cif",1951,bf9b03f1db46ed4859e1f7a81efa84d1e4948b2b891e7e6021eaeb4d0a73cb6f
"code/experiments/active_learning/NON_GEN_INTERVAL_POOLS_20260618/Mn_NON_GEN_HARD640_FLAT_20260619/1191373.cif",2019,856ddc169182750bd61790197ee6b16c360115600f73bc624c0056ba6cef004c
"code/experiments/active_learning/NON_GEN_INTERVAL_POOLS_20260618/Mn_NON_GEN_HARD640_FLAT_20260619/1192277.cif",1936,5e25b87819e380a130c16857dd8de53431347adbf731f573a200e75b16d8eb17
"code/experiments/active_learning/NON_GEN_INTERVAL_POOLS_20260618/Mn_NON_GEN_HARD640_FLAT_20260619/1192289.cif",1956,974e5809bbde728f8738b8e60c73693cc0aff24536ea1fc4a92be35fc93475ef
"code/experiments/active_learning/NON_GEN_INTERVAL_POOLS_20260618/Mn_NON_GEN_HARD640_FLAT_20260619/1192441.cif",2155,8873adbb49681236d2880a855f4e4711f7301606ef000efee56ac5458ffc3ac1
"code/experiments/active_learning/NON_GEN_INTERVAL_POOLS_20260618/Mn_NON_GEN_HARD640_FLAT_20260619/1193229.cif",2108,4d6561581329476afdfaa200667233b3ddbf498db21da9d6b62a97b4a6ff0493
"code/experiments/active_learning/NON_GEN_INTERVAL_POOLS_20260618/Mn_NON_GEN_HARD640_FLAT_20260619/1193263.cif",2283,7791a3fb2f5484c4939a4cd016c02c37cf4dde790ab1a892f2e57f9ced5b5944
"code/experiments/active_learning/NON_GEN_INTERVAL_POOLS_20260618/Mn_NON_GEN_HARD640_FLAT_20260619/1193463.cif",2290,a4a258bf2db6b292094f8c5de129408e6f63787a23cddef2c88c98139b972545
"code/experiments/active_learning/NON_GEN_INTERVAL_POOLS_20260618/Mn_NON_GEN_HARD640_FLAT_20260619/1193478.cif",2184,cfe95f268d201c0ca283a019cd8668cbc35ff8d7ef7a0985139e82e8f81c6260
"code/experiments/active_learning/NON_GEN_INTERVAL_POOLS_20260618/Mn_NON_GEN_HARD640_FLAT_20260619/1193494.cif",2154,f63749865a617177fea44c0a2976066648cdd082906c4660db45cb9a6b5a67cc
"code/experiments/active_learning/NON_GEN_INTERVAL_POOLS_20260618/Mn_NON_GEN_HARD640_FLAT_20260619/1193774.cif",2144,62a5f73d6cbdac6483c4728c666adc12c1b9ee39d1bc8a6cb6c8ad648a883c99
"code/experiments/active_learning/NON_GEN_INTERVAL_POOLS_20260618/Mn_NON_GEN_HARD640_FLAT_20260619/1193890.cif",2290,17ffb4a8a6ff614cc0c8cea2ddf46f683314c5b86374f37eaee4e249fdfb88ee
"code/experiments/active_learning/NON_GEN_INTERVAL_POOLS_20260618/Mn_NON_GEN_HARD640_FLAT_20260619/1194144.cif",2207,63c694e8eb7fd54c3d6d8c6d7c4acf4957a61b81fd1f6d2be165a5c37f436eb3
"code/experiments/active_learning/NON_GEN_INTERVAL_POOLS_20260618/Mn_NON_GEN_HARD640_FLAT_20260619/1194554.cif",2184,f531d86ba1902ad7fe3ee7685b3547375e453b4c6f51f6d20ae003c1afa7c796
"code/experiments/active_learning/NON_GEN_INTERVAL_POOLS_20260618/Mn_NON_GEN_HARD640_FLAT_20260619/1194593.cif",3639,8d41d2d569cf66c932f70d37091af1a443d554741bad62960270c001a0756638
"code/experiments/active_learning/NON_GEN_INTERVAL_POOLS_20260618/Mn_NON_GEN_HARD640_FLAT_20260619/1194603.cif",2790,7a9c0fe03b90454084b25a8be513f535ce3f036ac3da23672bc4fd936bf0a86e
"code/experiments/active_learning/NON_GEN_INTERVAL_POOLS_20260618/Mn_NON_GEN_HARD640_FLAT_20260619/1194843.cif",10014,41a4075c65900f946590b56f4856b12c4009df8a7c472d71c203de4fbdd0bdf4
"code/experiments/active_learning/NON_GEN_INTERVAL_POOLS_20260618/Mn_NON_GEN_HARD640_FLAT_20260619/1194882.cif",2591,23095a5c3d0d3a607f23ae6a065b54b7644f3088534a967bc98bbea9e318c788
"code/experiments/active_learning/NON_GEN_INTERVAL_POOLS_20260618/Mn_NON_GEN_HARD640_FLAT_20260619/1195006.cif",2682,d84100db72a096b013c4836c68e1a5dc2de3eb81bbf9a61ef436cf570e99f778
"code/experiments/active_learning/NON_GEN_INTERVAL_POOLS_20260618/Mn_NON_GEN_HARD640_FLAT_20260619/1195414.cif",5574,c44ed8c88b0dbbdf4ad90d2c05758c5c3dc0defc0bb07eb67ba5f73b2921bf83
"code/experiments/active_learning/NON_GEN_INTERVAL_POOLS_20260618/Mn_NON_GEN_HARD640_FLAT_20260619/1195426.cif",3935,2bac5f08e556f2e40f16c7bab190df5a93da3411f8f574a8ec665410df4bf79f
"code/experiments/active_learning/NON_GEN_INTERVAL_POOLS_20260618/Mn_NON_GEN_HARD640_FLAT_20260619/1195634.cif",3337,1e9713c522eb43c6f95d5e7dddc9e8aab00faeadd16297bf890f6eda5eedc403
"code/experiments/active_learning/NON_GEN_INTERVAL_POOLS_20260618/Mn_NON_GEN_HARD640_FLAT_20260619/1195724.cif",3344,82d7108911bc955640117899643b47dcd87519070d443cda7407258a4960dbd5
"code/experiments/active_learning/NON_GEN_INTERVAL_POOLS_20260618/Mn_NON_GEN_HARD640_FLAT_20260619/1195729.cif",7413,60c16a0818805bc1775ac55ca3bb6fd394ecd7a89e3c86d570f3f3871342ef62
"code/experiments/active_learning/NON_GEN_INTERVAL_POOLS_20260618/Mn_NON_GEN_HARD640_FLAT_20260619/1195778.cif",2797,c765347774e352e422b99273a405bebe4cf8c426e61f0d7be2134445d998db58
"code/experiments/active_learning/NON_GEN_INTERVAL_POOLS_20260618/Mn_NON_GEN_HARD640_FLAT_20260619/1196033.cif",9583,a572d205242480d09928531364e520018e7008e20c7deea1e76103155789a124
"code/experiments/active_learning/NON_GEN_INTERVAL_POOLS_20260618/Mn_NON_GEN_HARD640_FLAT_20260619/1196077.cif",5380,d4e7340db51772fd8df47faf79ede6f2332517494eb55caf4628ec4df3298a80
"code/experiments/active_learning/NON_GEN_INTERVAL_POOLS_20260618/Mn_NON_GEN_HARD640_FLAT_20260619/1196143.cif",3470,12af644585e3e93bd6716cf839869d8a5f63f8b80387a751e891159dfaad5c4b
"code/experiments/active_learning/NON_GEN_INTERVAL_POOLS_20260618/Mn_NON_GEN_HARD640_FLAT_20260619/1196709.cif",3523,9339cc7e1ade8476d1b20c2ce20d9bb0eab5a4be39237511aa716dc0b452254a
"code/experiments/active_learning/NON_GEN_INTERVAL_POOLS_20260618/Mn_NON_GEN_HARD640_FLAT_20260619/1196770.cif",5644,8ace92101d4c6e1bf580a879a0ad60a9b7949f57ae036c68f5189e8fa64ee0f7
"code/experiments/active_learning/NON_GEN_INTERVAL_POOLS_20260618/Mn_NON_GEN_HARD640_FLAT_20260619/1197034.cif",2798,314c818d76a1845f10a6fa065132756b211cb52eace373c3f1667fcbf4d987de
"code/experiments/active_learning/NON_GEN_INTERVAL_POOLS_20260618/Mn_NON_GEN_HARD640_FLAT_20260619/1197208.cif",4608,43ed7b2a56e3a7bdca69ec2f0d0e47cade9b3a8080498f7da6a23233eae623ba
"code/experiments/active_learning/NON_GEN_INTERVAL_POOLS_20260618/Mn_NON_GEN_HARD640_FLAT_20260619/1197360.cif",4371,b26451bb7ab0d29ddccff6f56c4ff4eaf8263e97e4bd1a118d4d247678ae3f07
"code/experiments/active_learning/NON_GEN_INTERVAL_POOLS_20260618/Mn_NON_GEN_HARD640_FLAT_20260619/1197574.cif",8568,65283ffe784234cb15262de2caab50756b1f7653f36396913bc0e5a96afc4df1
"code/experiments/active_learning/NON_GEN_INTERVAL_POOLS_20260618/Mn_NON_GEN_HARD640_FLAT_20260619/1197780.cif",4031,8d4cc210b14f7428c4489116e9756bc19883ced384bc33f2af9bbb365a48944c
"code/experiments/active_learning/NON_GEN_INTERVAL_POOLS_20260618/Mn_NON_GEN_HARD640_FLAT_20260619/1197899.cif",11874,ca2dab67e6d916ec63f4edf8c177cd37a7d0b3f2f749e67bd277b4d00c22bc75
"code/experiments/active_learning/NON_GEN_INTERVAL_POOLS_20260618/Mn_NON_GEN_HARD640_FLAT_20260619/1198149.cif",2884,713a91d799bee71bdacf6c803cae8ce0219988ee9cf4fec9c54cccfd3ce6d93c
"code/experiments/active_learning/NON_GEN_INTERVAL_POOLS_20260618/Mn_NON_GEN_HARD640_FLAT_20260619/1199926.cif",3005,0fa1db1fdea4ea9d395336f6e0fe651597741848af100738127fe591c988e2fd
"code/experiments/active_learning/NON_GEN_INTERVAL_POOLS_20260618/Mn_NON_GEN_HARD640_FLAT_20260619/1199960.cif",6334,44b19f25c7a1b61f9707d0a1eb72e19e2424cc1eb8965cd34a44783d71a3c4c2
"code/experiments/active_learning/NON_GEN_INTERVAL_POOLS_20260618/Mn_NON_GEN_HARD640_FLAT_20260619/1200010.cif",4814,f6300e14be5ac6f156f4dfc2176e4cb365a956c678b9d0e728f942dbf6c7b5d8
"code/experiments/active_learning/NON_GEN_INTERVAL_POOLS_20260618/Mn_NON_GEN_HARD640_FLAT_20260619/1200379.cif",6047,266f0bd4eb0bff2f719e95047d0e24f3ee1df0564e408de83f4b7d6beb2fb0dd
"code/experiments/active_learning/NON_GEN_INTERVAL_POOLS_20260618/Mn_NON_GEN_HARD640_FLAT_20260619/1200431.cif",2800,9f07e3d6e54c364822c928add51096cc740b5b28bd8307da39b384ae9d649945
"code/experiments/active_learning/NON_GEN_INTERVAL_POOLS_20260618/Mn_NON_GEN_HARD640_FLAT_20260619/1200531.cif",4722,d24f0358221be2a512dc5d4923271dc05ea704b6a1d9ffe70ace3e32abb5c3e6
"code/experiments/active_learning/NON_GEN_INTERVAL_POOLS_20260618/Mn_NON_GEN_HARD640_FLAT_20260619/1200751.cif",4137,3fa730b024499c9e4465a842b5182149e63eac8a709593e35eceb2de9f72105e
"code/experiments/active_learning/NON_GEN_INTERVAL_POOLS_20260618/Mn_NON_GEN_HARD640_FLAT_20260619/1200911.cif",3532,6338a91acd20d00e2c4d10bc5be8d7f52838d257d0d26aa0c2e53fc794a327e7
"code/experiments/active_learning/NON_GEN_INTERVAL_POOLS_20260618/Mn_NON_GEN_HARD640_FLAT_20260619/1201453.cif",5847,8880ee29bbc53c80ab7c291bc001a8092bcbe6bb2774be6da9d3d79ac4b8cc69
"code/experiments/active_learning/NON_GEN_INTERVAL_POOLS_20260618/Mn_NON_GEN_HARD640_FLAT_20260619/1201658.cif",3838,14532cc1d0b175f4b4056980f9dd38b6f07c4459c59a5a15245b6992558f1ab3
"code/experiments/active_learning/NON_GEN_INTERVAL_POOLS_20260618/Mn_NON_GEN_HARD640_FLAT_20260619/1201808.cif",3730,d382631e627c2de2b7de6f3cf0009565d65fc930adcb88ce5b38e63688f75108
"code/experiments/active_learning/NON_GEN_INTERVAL_POOLS_20260618/Mn_NON_GEN_HARD640_FLAT_20260619/1201950.cif",3346,746a12bd5e6de40e58a098c6370c0c515631756ae06f547f51411aabb88e62a6
"code/experiments/active_learning/NON_GEN_INTERVAL_POOLS_20260618/Mn_NON_GEN_HARD640_FLAT_20260619/1202031.cif",3029,8fa7c03e990caff13a96e415b47af18cd33a33404432ad7957e5f10b93b3ef25
"code/experiments/active_learning/NON_GEN_INTERVAL_POOLS_20260618/Mn_NON_GEN_HARD640_FLAT_20260619/1202299.cif",5053,2b6951bb68482d754a1983543ccac043bd8589769d9ee6fd60e50a10e3a280dc
"code/experiments/active_learning/NON_GEN_INTERVAL_POOLS_20260618/Mn_NON_GEN_HARD640_FLAT_20260619/1202382.cif",3930,6ea03e8c947826eaf6c0ef3d414e8216c8af35f22331b58619e70f26a8c2054f
"code/experiments/active_learning/NON_GEN_INTERVAL_POOLS_20260618/Mn_NON_GEN_HARD640_FLAT_20260619/1203019.cif",3291,5b17a93e5dbddde560dd6459c1bf96bc4dd92feb98e8c279802e0d44e00a32a0
"code/experiments/active_learning/NON_GEN_INTERVAL_POOLS_20260618/Mn_NON_GEN_HARD640_FLAT_20260619/1203335.cif",3209,29e5c3caa98442e1721532963670bf76bc7bb316380ba5ae40d41b31101d3a4a
"code/experiments/active_learning/NON_GEN_INTERVAL_POOLS_20260618/Mn_NON_GEN_HARD640_FLAT_20260619/1203724.cif",3346,cb3941e8f4e8984efd63ca057df70de0d80962f84a2bc8015d8ab134452dc03f
"code/experiments/active_learning/NON_GEN_INTERVAL_POOLS_20260618/Mn_NON_GEN_HARD640_FLAT_20260619/1203956.cif",8681,7734e1609ff5897f3ca9edc567a5def9126dabac47b7c22dda83028c4543f96d
"code/experiments/active_learning/NON_GEN_INTERVAL_POOLS_20260618/Mn_NON_GEN_HARD640_FLAT_20260619/1204173.cif",2681,329d892b98da2111385c99deaf2e698f13c84ff4630b0b2db8c10ece426d3276
"code/experiments/active_learning/NON_GEN_INTERVAL_POOLS_20260618/Mn_NON_GEN_HARD640_FLAT_20260619/1204184.cif",4790,15116841c9b9d223c938e1f1082e285ac166ea60834b7ff4f21453e76dd2b596
"code/experiments/active_learning/NON_GEN_INTERVAL_POOLS_20260618/Mn_NON_GEN_HARD640_FLAT_20260619/1204197.cif",2908,3aa7c276669ce9a53e315579933f891232a427913d669acf18ba5fd4315cfadd
"code/experiments/active_learning/NON_GEN_INTERVAL_POOLS_20260618/Mn_NON_GEN_HARD640_FLAT_20260619/1204233.cif",3241,d0d22613e65bf7dbd8a51e43430eb35feb47cd21295c18a5cda2afcae7d3c545
"code/experiments/active_learning/NON_GEN_INTERVAL_POOLS_20260618/Mn_NON_GEN_HARD640_FLAT_20260619/1204234.cif",2990,fec89639164f8a729befd823a9f5241939b43300f320b1320c13008e4a390397
"code/experiments/active_learning/NON_GEN_INTERVAL_POOLS_20260618/Mn_NON_GEN_HARD640_FLAT_20260619/1204299.cif",3866,04e054c41d83bb058bcf2d7c1d71d21d22e89df38842fc49cc408fcaa300866f
"code/experiments/active_learning/NON_GEN_INTERVAL_POOLS_20260618/Mn_NON_GEN_HARD640_FLAT_20260619/1204710.cif",3856,53a4915ffdff1e7d885f18090599b0e46a4697cf152497c89025af31e15295b1
"code/experiments/active_learning/NON_GEN_INTERVAL_POOLS_20260618/Mn_NON_GEN_HARD640_FLAT_20260619/1204766.cif",4482,c70253ba487161800394c66531d73d0b480a29b8cb8182e570d2eaeda0b04704
"code/experiments/active_learning/NON_GEN_INTERVAL_POOLS_20260618/Mn_NON_GEN_HARD640_FLAT_20260619/1205048.cif",5504,2f694576cc33771616a1e56c90dd83fee93bbd1e27fbcadabfa90060d8fef40e
"code/experiments/active_learning/NON_GEN_INTERVAL_POOLS_20260618/Mn_NON_GEN_HARD640_FLAT_20260619/1208646.cif",2373,931fd3d4be6e59757d10c7a0ee3eccd38fc237a19923f3057d2b1c851f0034a8
"code/experiments/active_learning/NON_GEN_INTERVAL_POOLS_20260618/Mn_NON_GEN_HARD640_FLAT_20260619/1208762.cif",1743,2f1685299e851f22da9e4e3035996e863026aa0ce95710557aae3466bfdff2ea
"code/experiments/active_learning/NON_GEN_INTERVAL_POOLS_20260618/Mn_NON_GEN_HARD640_FLAT_20260619/1210177.cif",2798,5183f61f5a6b8bbfaa9d22b401a9452f9ff996f11f9ec6fc67bdb0c66a0db4e0
"code/experiments/active_learning/NON_GEN_INTERVAL_POOLS_20260618/Mn_NON_GEN_HARD640_FLAT_20260619/1210269.cif",3622,201ce0d46d95ea50e0a499846a127bb59b7c0f824372318a399b9e05bc9b16e3
"code/experiments/active_learning/NON_GEN_INTERVAL_POOLS_20260618/Mn_NON_GEN_HARD640_FLAT_20260619/1210502.cif",2800,21f35dee0788c9114d95c03d164b6d88302237b7d945bfa07883f46af0757ede
"code/experiments/active_learning/NON_GEN_INTERVAL_POOLS_20260618/Mn_NON_GEN_HARD640_FLAT_20260619/1210812.cif",4371,572593d60229698ea2c373944da2b85a38e3ee9f5d8a91a1322dd4f9e5390388
"code/experiments/active_learning/NON_GEN_INTERVAL_POOLS_20260618/Mn_NON_GEN_HARD640_FLAT_20260619/1210873.cif",2373,7497429f297ad3ba8343e2847fbc55e3b58b9788ac13e6a7bc930909798bc4d6
"code/experiments/active_learning/NON_GEN_INTERVAL_POOLS_20260618/Mn_NON_GEN_HARD640_FLAT_20260619/1210889.cif",2848,e499820986b16645535ceb41de805f04953ec31d9ca31b1d0e5583c538acf720
"code/experiments/active_learning/NON_GEN_INTERVAL_POOLS_20260618/Mn_NON_GEN_HARD640_FLAT_20260619/1210930.cif",4901,01a5babd8cecd0eba403227954ca83195c519b302a9fa062a68ea96e5cb66455
"code/experiments/active_learning/NON_GEN_INTERVAL_POOLS_20260618/Mn_NON_GEN_HARD640_FLAT_20260619/1211169.cif",3620,2bb58cc6d57bf22b4cb579d1982a8a42602d9e655462108a08ada574d8aaf12e
"code/experiments/active_learning/NON_GEN_INTERVAL_POOLS_20260618/Mn_NON_GEN_HARD640_FLAT_20260619/1211470.cif",4927,552828c86eb1fbdc05c13b33472449b8f51ed7ed6a33e0f880974e862be6b371
"code/experiments/active_learning/NON_GEN_INTERVAL_POOLS_20260618/Mn_NON_GEN_HARD640_FLAT_20260619/1211939.cif",5031,90c991d7d78ae88fc52d877fb7354177e2eef87851953c597ba1fb0247c40375
"code/experiments/active_learning/NON_GEN_INTERVAL_POOLS_20260618/Mn_NON_GEN_HARD640_FLAT_20260619/1212109.cif",3829,c243e4d6b8052a902be716d0f008b004f992d385a81b55c9c9fc4131c3668bc8
"code/experiments/active_learning/NON_GEN_INTERVAL_POOLS_20260618/Mn_NON_GEN_HARD640_FLAT_20260619/1212163.cif",5695,c990f6e5cb5051a27ef90368c56b3a74acb3a584bfee945f5f77f785cfd200ed
"code/experiments/active_learning/NON_GEN_INTERVAL_POOLS_20260618/Mn_NON_GEN_HARD640_FLAT_20260619/1212184.cif",7491,b5084b1b69c766acd8725fa26311f33541a1750767ee8c83955950f45f852d10
"code/experiments/active_learning/NON_GEN_INTERVAL_POOLS_20260618/Mn_NON_GEN_HARD640_FLAT_20260619/1212305.cif",2527,7eb15b6a7e10c014e8cef72c824c78ebaedea2dc036142fe92ea066852ab1bac
"code/experiments/active_learning/NON_GEN_INTERVAL_POOLS_20260618/Mn_NON_GEN_HARD640_FLAT_20260619/1212395.cif",4939,f9f7cdaff823424fa9afbf7a57bd55b6f7b02e256647bbe6a2d13a0e3dfb8348
"code/experiments/active_learning/NON_GEN_INTERVAL_POOLS_20260618/Mn_NON_GEN_HARD640_FLAT_20260619/1212984.cif",2373,7a53b1046690262d8f69bbd1c967cf3fa33af79fb394ed37fcc1376df48359f2
"code/experiments/active_learning/NON_GEN_INTERVAL_POOLS_20260618/Mn_NON_GEN_HARD640_FLAT_20260619/1213032.cif",2373,a590d56b5a55059a34f9fbb16cf495eafff996adb822c722b091dfd0e170fd41
"code/experiments/active_learning/NON_GEN_INTERVAL_POOLS_20260618/Mn_NON_GEN_HARD640_FLAT_20260619/1213628.cif",2184,e105ef8b2834b0b91846aa8a648a3cf394c8396280c0aad464fc67ca8a0311a2
"code/experiments/active_learning/NON_GEN_INTERVAL_POOLS_20260618/Mn_NON_GEN_HARD640_FLAT_20260619/1214074.cif",2166,6fe4a223a704accf1288c4ec34a2e5ead70ec3a7ea69f73184414771aa7add94
"code/experiments/active_learning/NON_GEN_INTERVAL_POOLS_20260618/Mn_NON_GEN_HARD640_FLAT_20260619/1214191.cif",3017,44a1567e6ebc949ee24a4de9dbb8ae50e3fd1dd0dbf215666b12d4cb93f1985c
"code/experiments/active_learning/NON_GEN_INTERVAL_POOLS_20260618/Mn_NON_GEN_HARD640_FLAT_20260619/1214341.cif",3107,4c587e41d9825fb3f381b53d48aae853c8bdad1d8dd638b488cb1957b9bffe6d
"code/experiments/active_learning/NON_GEN_INTERVAL_POOLS_20260618/Mn_NON_GEN_HARD640_FLAT_20260619/1214390.cif",4706,f6b3c89d7fb1824f99b97cde9f8a61e682699b00e55f5a2ba179d486131fe93f
"code/experiments/active_learning/NON_GEN_INTERVAL_POOLS_20260618/Mn_NON_GEN_HARD640_FLAT_20260619/1214549.cif",1631,4d8d7db8a439599c79bdf9bcbe156945ec2a40173a51d9ee3936d792c86fb95f
"code/experiments/active_learning/NON_GEN_INTERVAL_POOLS_20260618/Mn_NON_GEN_HARD640_FLAT_20260619/1214612.cif",3991,b744c8fa87955d344ea5be664b14b29b273166a2be072f67120eb3bb66a8de54
"code/experiments/active_learning/NON_GEN_INTERVAL_POOLS_20260618/Mn_NON_GEN_HARD640_FLAT_20260619/1214895.cif",3770,9673a08d1684103ac83ac055fe671c96f85bf9a9de75f634acf63bbaf2d7163a
"code/experiments/active_learning/NON_GEN_INTERVAL_POOLS_20260618/Mn_NON_GEN_HARD640_FLAT_20260619/1215056.cif",6356,0998e8dd6f27356d0990233e30ae470872f582b170bc97ab31c11e6622dfb4f6
"code/experiments/active_learning/NON_GEN_INTERVAL_POOLS_20260618/Mn_NON_GEN_HARD640_FLAT_20260619/1215061.cif",5372,ef5d7f7713eb249e9c57c24c4bbfe11608f4c2d661d72cbbc473c440c3e7b1d9
"code/experiments/active_learning/NON_GEN_INTERVAL_POOLS_20260618/Mn_NON_GEN_HARD640_FLAT_20260619/1215068.cif",1530,f84f61eb921ef1270b880c147e2a4741463a010b7f653f7d85bceace4007b03c
"code/experiments/active_learning/NON_GEN_INTERVAL_POOLS_20260618/Mn_NON_GEN_HARD640_FLAT_20260619/1217765.cif",1220,a32f577db03cf54a2d1c2e0dd17c3875fb5ea18057412f84f9430129b36fc396
"code/experiments/active_learning/NON_GEN_INTERVAL_POOLS_20260618/Mn_NON_GEN_HARD640_FLAT_20260619/1218143.cif",1220,6ad277997fe5d5dae1551ea394d43d84c512728a59f7650d0ed1392c2fdf7840
"code/experiments/active_learning/NON_GEN_INTERVAL_POOLS_20260618/Mn_NON_GEN_HARD640_FLAT_20260619/1218209.cif",1220,db91e6035960c356ad142379f0e36851824805686c02d2fb6ecd610053999d24
"code/experiments/active_learning/NON_GEN_INTERVAL_POOLS_20260618/Mn_NON_GEN_HARD640_FLAT_20260619/1218247.cif",1215,c7464af83bc6fe528eb8e95d112457f93f1f6eb67f3c5504e8812fac2abbf47b
"code/experiments/active_learning/NON_GEN_INTERVAL_POOLS_20260618/Mn_NON_GEN_HARD640_FLAT_20260619/1218266.cif",1755,7804754a16de1696616efc0ef3069c57d6dbf8ed84a72253762c0d304d88d392
"code/experiments/active_learning/NON_GEN_INTERVAL_POOLS_20260618/Mn_NON_GEN_HARD640_FLAT_20260619/1218309.cif",1767,9e6af9daa368fc3203e113c71a0783c4ab7e0989a282d979758dc7338c77e14c
"code/experiments/active_learning/NON_GEN_INTERVAL_POOLS_20260618/Mn_NON_GEN_HARD640_FLAT_20260619/1218544.cif",1749,b7d096dec663d81830bb5472d8e17dcfee5a3771d9a8b7b7b319cfb2fa480873
"code/experiments/active_learning/NON_GEN_INTERVAL_POOLS_20260618/Mn_NON_GEN_HARD640_FLAT_20260619/1218651.cif",1697,92b96dd3b05f92c3fda744515b7f9bf1893ba5597b7f80ec555aff953ca7d726
"code/experiments/active_learning/NON_GEN_INTERVAL_POOLS_20260618/Mn_NON_GEN_HARD640_FLAT_20260619/1218672.cif",2011,4429998b6510aa13b4ef9288f0e3da3829664691bcc334c85d12381d35d79f70
"code/experiments/active_learning/NON_GEN_INTERVAL_POOLS_20260618/Mn_NON_GEN_HARD640_FLAT_20260619/1218675.cif",2011,f5943186069cd6de24ec0621eac9a62031f0a601245590f1c2d658644e282ba9
"code/experiments/active_learning/NON_GEN_INTERVAL_POOLS_20260618/Mn_NON_GEN_HARD640_FLAT_20260619/1218747.cif",1183,04f19920d4fe5fbd71f0a20e27adf8538e26b80506b041041d7918ef18711a18
"code/experiments/active_learning/NON_GEN_INTERVAL_POOLS_20260618/Mn_NON_GEN_HARD640_FLAT_20260619/1218788.cif",1587,b1414f7cd129cb91266291aaffc13694a51d47ccd6cbe668b6c5dcc864f5ad9f
"code/experiments/active_learning/NON_GEN_INTERVAL_POOLS_20260618/Mn_NON_GEN_HARD640_FLAT_20260619/1218815.cif",1329,168da471d40ca5fb649b8fd8aa4b7529e2cf114e6ec56fb6822e5b5449584ae2
"code/experiments/active_learning/NON_GEN_INTERVAL_POOLS_20260618/Mn_NON_GEN_HARD640_FLAT_20260619/1218911.cif",2547,0224d7dd1cb6cfbe826af98230702a30862464f7fae9655ac103356c0e1e08a0
"code/experiments/active_learning/NON_GEN_INTERVAL_POOLS_20260618/Mn_NON_GEN_HARD640_FLAT_20260619/1219299.cif",2806,a8ccf606a7436bdad2fabc55e45c88dce8e5c600ba4d0523552f3936fab18999
"code/experiments/active_learning/NON_GEN_INTERVAL_POOLS_20260618/Mn_NON_GEN_HARD640_FLAT_20260619/1221189.cif",3900,436598a58f29f4dda9b618100dddbedc83b8ee6e267163e393d5eeeb1d404ba2
"code/experiments/active_learning/NON_GEN_INTERVAL_POOLS_20260618/Mn_NON_GEN_HARD640_FLAT_20260619/1221227.cif",1330,378005901eee9bb1fe8b28532caa8906da046a58bec0af5668f2fbeb33f1fd03
"code/experiments/active_learning/NON_GEN_INTERVAL_POOLS_20260618/Mn_NON_GEN_HARD640_FLAT_20260619/1221274.cif",4091,912cdc075d40dd710ebbb649b8722aadff23cab6474c80487a0284f0acc9e3a3
"code/experiments/active_learning/NON_GEN_INTERVAL_POOLS_20260618/Mn_NON_GEN_HARD640_FLAT_20260619/1221366.cif",2588,74f968618bc14a029a2101e55e1f0fd0f6ced2d9fc32fa1ceb0b9deec14e3012
"code/experiments/active_learning/NON_GEN_INTERVAL_POOLS_20260618/Mn_NON_GEN_HARD640_FLAT_20260619/1221663.cif",2588,ba002b7fd3901b675ee4de8f4d5df9fef4d6616ccfd1ff4b896f6f4686b3c2e8
"code/experiments/active_learning/NON_GEN_INTERVAL_POOLS_20260618/Mn_NON_GEN_HARD640_FLAT_20260619/1221712.cif",1116,3815cab98ecf1dbf01b7f47a2ab8345dee69758b266c64ed0347e31fb64060e6
"code/experiments/active_learning/NON_GEN_INTERVAL_POOLS_20260618/Mn_NON_GEN_HARD640_FLAT_20260619/1221788.cif",1629,a039938310b893930e1fe44b6619e432e9f67f6b7b09a4653c0b829d735335dc
"code/experiments/active_learning/NON_GEN_INTERVAL_POOLS_20260618/Mn_NON_GEN_HARD640_FLAT_20260619/1221792.cif",2800,a243984d7feb347b41a1641de893e1a70c963bfd7ccf04a53b7f04c0b167505f
"code/experiments/active_learning/NON_GEN_INTERVAL_POOLS_20260618/Mn_NON_GEN_HARD640_FLAT_20260619/1221830.cif",2171,55a5cd837e59b289af9c3ad7ffbf4cadb63f1ce263a042f5f1f3795d22e9d52e
"code/experiments/active_learning/NON_GEN_INTERVAL_POOLS_20260618/Mn_NON_GEN_HARD640_FLAT_20260619/1221913.cif",7737,16499e581d28c5ab88d653688d013db321ff100128624dc1debc2580934cdbe7
"code/experiments/active_learning/NON_GEN_INTERVAL_POOLS_20260618/Mn_NON_GEN_HARD640_FLAT_20260619/1221941.cif",2986,4b5e41798374b4b600f2c220898ed46003c10f05273a0f28f929952e3ee56815
"code/experiments/active_learning/NON_GEN_INTERVAL_POOLS_20260618/Mn_NON_GEN_HARD640_FLAT_20260619/1221942.cif",1853,4f3199cd87c501d87d9ddcadd6097cd281c7b44ebe463a8781a51d8721fa57bd
"code/experiments/active_learning/NON_GEN_INTERVAL_POOLS_20260618/Mn_NON_GEN_HARD640_FLAT_20260619/1222018.cif",1430,f2196c81f0cc3edb18b5db6256a6b2345e52bb42b59aad0379f5f7971af9119a
"code/experiments/active_learning/NON_GEN_INTERVAL_POOLS_20260618/Mn_NON_GEN_HARD640_FLAT_20260619/1222044.cif",2920,86506605ece04fcc7557204ebf19adce734f99d2c5e3c5bc0894aba9eadf697f
"code/experiments/active_learning/NON_GEN_INTERVAL_POOLS_20260618/Mn_NON_GEN_HARD640_FLAT_20260619/1222064.cif",2266,0188ae0634f58d5e4ca91994bda984cd26686d0390ffea9768636b9c6dd68438
"code/experiments/active_learning/NON_GEN_INTERVAL_POOLS_20260618/Mn_NON_GEN_HARD640_FLAT_20260619/1222244.cif",2568,d43532955176f46dc4145557d3924b2b32daf3fc8764936148db41874930bc80
"code/experiments/active_learning/NON_GEN_INTERVAL_POOLS_20260618/Mn_NON_GEN_HARD640_FLAT_20260619/1222245.cif",3336,30417f12916a80a7829d8565cd7b1752cf0c9a5e9348a74f580604b154c43357
"code/experiments/active_learning/NON_GEN_INTERVAL_POOLS_20260618/Mn_NON_GEN_HARD640_FLAT_20260619/1222510.cif",1331,7673d23638f9f6dcb975e9cb23796c9f603f211c83fff1d32610cecd809bc842
"code/experiments/active_learning/NON_GEN_INTERVAL_POOLS_20260618/Mn_NON_GEN_HARD640_FLAT_20260619/1222576.cif",3640,51443267ede0b5f384751746118f1f874682edd36d42dcb5922cdf4fabec537c
"code/experiments/active_learning/NON_GEN_INTERVAL_POOLS_20260618/Mn_NON_GEN_HARD640_FLAT_20260619/1222893.cif",1743,7b502372eadf297abc8bd8db47df435c792c7cbba75328958f302f2b3054d67a
"code/experiments/active_learning/NON_GEN_INTERVAL_POOLS_20260618/Mn_NON_GEN_HARD640_FLAT_20260619/1223013.cif",1757,4d84a9f3f00b9adb58d6cd59d8a8cc80948a3e4024dc2611f76a72c1bacd473b
"code/experiments/active_learning/NON_GEN_INTERVAL_POOLS_20260618/Mn_NON_GEN_HARD640_FLAT_20260619/1223238.cif",1747,3d9d131dd133c42c0eb36816c5b7608e73830812edac64dcf2827fd3cd767b4f
"code/experiments/active_learning/NON_GEN_INTERVAL_POOLS_20260618/Mn_NON_GEN_HARD640_FLAT_20260619/1223358.cif",6092,e08d87a7e5bb03a57cbd1764e3bf767d29e30a4842053badc3133ee70af1e357
"code/experiments/active_learning/NON_GEN_INTERVAL_POOLS_20260618/Mn_NON_GEN_HARD640_FLAT_20260619/1223644.cif",3859,6e2b476622e9570a1357c038b681ae5f6d40fa5edc4f4d8ffed66c7ddd671a78
"code/experiments/active_learning/NON_GEN_INTERVAL_POOLS_20260618/Mn_NON_GEN_HARD640_FLAT_20260619/1224833.cif",1743,0bd1f37945d351e7eed82130845ff2dae8dbed403a408add1c7ac464ba923f74
"code/experiments/active_learning/NON_GEN_INTERVAL_POOLS_20260618/Mn_NON_GEN_HARD640_FLAT_20260619/1225171.cif",7014,0d1f2c72aa7d8af3dcf79f70439ef0d3f952c50dd6c3273c4cc8cf6bb84bf48f
"code/experiments/active_learning/NON_GEN_INTERVAL_POOLS_20260618/Mn_NON_GEN_HARD640_FLAT_20260619/1226407.cif",1744,90c37931780b45adbeebbe09b602bc4fa4d19b3c893bb2613cc28fa8a7981c44
"code/experiments/active_learning/NON_GEN_INTERVAL_POOLS_20260618/Mn_NON_GEN_HARD640_FLAT_20260619/1226446.cif",3578,d566c50168487ef80a96e689d1997fd81490d7a9b5142303b0c2200f25948c86
"code/experiments/active_learning/NON_GEN_INTERVAL_POOLS_20260618/Mn_NON_GEN_HARD640_FLAT_20260619/1226784.cif",1067,ea6cf7f92b4b1d9a164a6a32d3617232069dc07d03f9cf552f7d61ae1b5f88df
"code/experiments/active_learning/NON_GEN_INTERVAL_POOLS_20260618/Mn_NON_GEN_HARD640_FLAT_20260619/1227160.cif",1743,314e85b272d9856ac1ef358990bd92eb695e1daf87cf35738d2c6e5d6b5a5d32
"code/experiments/active_learning/NON_GEN_INTERVAL_POOLS_20260618/Mn_NON_GEN_HARD640_FLAT_20260619/1227173.cif",2805,f8a7fda70407dc055a74277100e25d49e00bd940b02cbed38a30fe5859b09a34
"code/experiments/active_learning/NON_GEN_INTERVAL_POOLS_20260618/Mn_NON_GEN_HARD640_FLAT_20260619/1227180.cif",1743,0e1920694508612f78488973c1e547afda8cedb4c7ef07b2d3aa360b0656f28d
"code/experiments/active_learning/NON_GEN_INTERVAL_POOLS_20260618/Mn_NON_GEN_HARD640_FLAT_20260619/1227209.cif",1749,b7b0de6943b9794fd5762898e6db42949b40f04babc3d8cb252588a87aa8b8aa
"code/experiments/active_learning/NON_GEN_INTERVAL_POOLS_20260618/Mn_NON_GEN_HARD640_FLAT_20260619/1227223.cif",1749,74ea00bd9b752367a6e39cf56249405f3f16c3882a92805d1f8c76b48d9fdb46
"code/experiments/active_learning/NON_GEN_INTERVAL_POOLS_20260618/Mn_NON_GEN_HARD640_FLAT_20260619/1227234.cif",1759,7fb85f6685b452df39da8d8d81c8f7695866b64bd5a65432e39d979b8399b7d2
"code/experiments/active_learning/NON_GEN_INTERVAL_POOLS_20260618/Mn_NON_GEN_HARD640_FLAT_20260619/1227302.cif",3859,62b621b18c4c238a08fbf69789dacd940d214eb03478b6fe29e6edb93bea17f5
"code/experiments/active_learning/NON_GEN_INTERVAL_POOLS_20260618/Mn_NON_GEN_HARD640_FLAT_20260619/1227378.cif",1220,64561882bcc25204b606e521ead6ec0b79ff6496a80a7d6b4ef9345a035697e2
"code/experiments/active_learning/NON_GEN_INTERVAL_POOLS_20260618/Mn_NON_GEN_HARD640_FLAT_20260619/1227467.cif",1755,19a98f28ba617e78242614defa9b94de799bc164cb7a45555eb7b6073e64d195
"code/experiments/active_learning/NON_GEN_INTERVAL_POOLS_20260618/Mn_NON_GEN_HARD640_FLAT_20260619/1227517.cif",1436,b63284eb949236f1a53a7b4fbb2a6aae1815ab711d759dad7974bfd3c37471d5
"code/experiments/active_learning/NON_GEN_INTERVAL_POOLS_20260618/Mn_NON_GEN_HARD640_FLAT_20260619/1227519.cif",2799,ed0058268e1cae6c7371d36ea737141d4ed846692809856e4bb2ced8e5916d50
"code/experiments/active_learning/NON_GEN_INTERVAL_POOLS_20260618/Mn_NON_GEN_HARD640_FLAT_20260619/1227572.cif",1755,5b7f24febd603c987e48c4bbf2154e4f62ed2288cae6bb84d0ef74efef368ded
"code/experiments/active_learning/NON_GEN_INTERVAL_POOLS_20260618/Mn_NON_GEN_HARD640_FLAT_20260619/1227575.cif",1743,7a02be13a88eaed821918790f8893d5b896b984e81821e0ba22bfa0942a911af
"code/experiments/active_learning/NON_GEN_INTERVAL_POOLS_20260618/Mn_NON_GEN_HARD640_FLAT_20260619/1227616.cif",2178,2a7fdcfb481a8935f36ebbe584d7553784838b23190f6ac600c2b2f2898d5608
"code/experiments/active_learning/NON_GEN_INTERVAL_POOLS_20260618/Mn_NON_GEN_HARD640_FLAT_20260619/1227712.cif",1748,1963d774aa1c878612015a6d2851ff8c337d13c479e459d6e4eb73b508c97238
"code/experiments/active_learning/NON_GEN_INTERVAL_POOLS_20260618/Mn_NON_GEN_HARD640_FLAT_20260619/1227724.cif",1747,49892ae7fa523337be214d42f4737b5e99b3e1d3da84043b1605d195b9b27e35
"code/experiments/active_learning/NON_GEN_INTERVAL_POOLS_20260618/Mn_NON_GEN_HARD640_FLAT_20260619/1227749.cif",3240,3e4d22c740e5c75f849c98dd611d6a9eb406f6c37673cafe1aa169819b9c2476
"code/experiments/active_learning/NON_GEN_INTERVAL_POOLS_20260618/Mn_NON_GEN_HARD640_FLAT_20260619/1227754.cif",1747,c93b26d9a18447855232bfa03ba19f8ca04da8b6ad6f988e18d40adf5129690b
"code/experiments/active_learning/NON_GEN_INTERVAL_POOLS_20260618/Mn_NON_GEN_HARD640_FLAT_20260619/1227761.cif",1747,33c98e5fe6decc634b42b07a368c0654b4694e88256719cb66f3aeee98a95143
"code/experiments/active_learning/NON_GEN_INTERVAL_POOLS_20260618/Mn_NON_GEN_HARD640_FLAT_20260619/1227783.cif",2489,1e8a7e8fa8db0516d2456fb93d8254f5512472dc077fc9a2fb194f6eb5b4ddee
"code/experiments/active_learning/NON_GEN_INTERVAL_POOLS_20260618/Mn_NON_GEN_HARD640_FLAT_20260619/1227840.cif",1169,fc3210ef48d7c143e79fb46afaea102d62c99de20f4f8b94ac4f5b42a92190cb
"code/experiments/active_learning/NON_GEN_INTERVAL_POOLS_20260618/Mn_NON_GEN_HARD640_FLAT_20260619/1227846.cif",1759,d8878e3d14b2f435172aa6f6d1b72c67a682a9a708ef16c0493f54cd1141430f
"code/experiments/active_learning/NON_GEN_INTERVAL_POOLS_20260618/Mn_NON_GEN_HARD640_FLAT_20260619/1227855.cif",1220,0f5757ad96a46f8a9366d8b08e5ad93bc36ca78ed3ccf4e4d494ebd4e3037e79
"code/experiments/active_learning/NON_GEN_INTERVAL_POOLS_20260618/Mn_NON_GEN_HARD640_FLAT_20260619/1227874.cif",1749,2d7dcddac6a83672adfbb13acfc28cafd0330e9778152fee03b721aa143327b1
"code/experiments/active_learning/NON_GEN_INTERVAL_POOLS_20260618/Mn_NON_GEN_HARD640_FLAT_20260619/1227877.cif",3029,94f7d78c52b64013c2f58ea908d107700702eeb7971c1de78247acefea7bdd2d
"code/experiments/active_learning/NON_GEN_INTERVAL_POOLS_20260618/Mn_NON_GEN_HARD640_FLAT_20260619/1227919.cif",2281,bd12ec5f080f4e364902ceb3e3ef004ea9c6b0b96427ecaf95cd3930dba89d4f
"code/experiments/active_learning/NON_GEN_INTERVAL_POOLS_20260618/Mn_NON_GEN_HARD640_FLAT_20260619/1227926.cif",3848,8abd2293b448521024f4574726f0e623488d2d5c639e5966c456604b290dfb08
"code/experiments/active_learning/NON_GEN_INTERVAL_POOLS_20260618/Mn_NON_GEN_HARD640_FLAT_20260619/1227930.cif",2281,3ca49c7ffab97ea2656e00f9201cce039c60672167e6b1adc8a8b3d0d911f057
"code/experiments/active_learning/NON_GEN_INTERVAL_POOLS_20260618/Mn_NON_GEN_HARD640_FLAT_20260619/1227954.cif",4729,0201ab5d7e4889bac5095060e53615b958510768f03ccbd126adda9c18812ad3
"code/experiments/active_learning/NON_GEN_INTERVAL_POOLS_20260618/Mn_NON_GEN_HARD640_FLAT_20260619/1228000.cif",4176,8da9e9b267ef36df1c173a8675f370429f5752a7478ce36360d66446c2586e13
"code/experiments/active_learning/NON_GEN_INTERVAL_POOLS_20260618/Mn_NON_GEN_HARD640_FLAT_20260619/1228074.cif",1480,0dd19248877e4b72f012fb8b2fc72c7e32506cd89c9235a0ce8e0b1efc5410e6
"code/experiments/active_learning/NON_GEN_INTERVAL_POOLS_20260618/Mn_NON_GEN_HARD640_FLAT_20260619/1228080.cif",2012,eb5f82374bab62bebfbafb615ce19a0b4ba398cde506e9855456007779fce722
"code/experiments/active_learning/NON_GEN_INTERVAL_POOLS_20260618/Mn_NON_GEN_HARD640_FLAT_20260619/1228163.cif",2597,2b3fae3e8cd79b85b71c0dc96c2b89161253d6783cb6154ab4c63dc26df3d016
"code/experiments/active_learning/NON_GEN_INTERVAL_POOLS_20260618/Mn_NON_GEN_HARD640_FLAT_20260619/1228205.cif",2813,2c0dd6905fdf024953205b21ece1b039e8237321a793cb425b7a93027570ef23
"code/experiments/active_learning/NON_GEN_INTERVAL_POOLS_20260618/Mn_NON_GEN_HARD640_FLAT_20260619/1228289.cif",2726,ed6769fdcfe14379747f3ddb2386c49b7e8897f35afb5a38592754efbaaca489
"code/experiments/active_learning/NON_GEN_INTERVAL_POOLS_20260618/Mn_NON_GEN_HARD640_FLAT_20260619/1228293.cif",2235,7ae117dffd9704105f04240d0e0a2db45f2a702dc77c313127d6df2cac256578
"code/experiments/active_learning/NON_GEN_INTERVAL_POOLS_20260618/Mn_NON_GEN_HARD640_FLAT_20260619/1228330.cif",2765,b2b845d168eec8dda98d74af89732e14df3b8e3f0d2dff588732d79905d1583c
"code/experiments/active_learning/NON_GEN_INTERVAL_POOLS_20260618/Mn_NON_GEN_HARD640_FLAT_20260619/1228475.cif",3234,0c887699e11977f2cf5818309d70d009d0a2cdae96e543d300b88d69e3d07564
"code/experiments/active_learning/NON_GEN_INTERVAL_POOLS_20260618/Mn_NON_GEN_HARD640_FLAT_20260619/1228499.cif",2593,9dbf1ca90693ae88f44136eb93ec25e09a01a3f17f38f4027f4bd90079e43484
"code/experiments/active_learning/NON_GEN_INTERVAL_POOLS_20260618/Mn_NON_GEN_HARD640_FLAT_20260619/1228618.cif",1748,f8100b8d7877efa0fc40e031f63eeb235992b64dff9ac125d5a0b1a530c007f1
"code/experiments/active_learning/NON_GEN_INTERVAL_POOLS_20260618/Mn_NON_GEN_HARD640_FLAT_20260619/1228678.cif",2272,ac17b68cf37c106603e6d75fe8425d38fd2111841c2741df2e07f307e261d245
"code/experiments/active_learning/NON_GEN_INTERVAL_POOLS_20260618/Mn_NON_GEN_HARD640_FLAT_20260619/1228733.cif",3825,ce58282b4d6d82db5f994cef3fe25ee00889107c87b2908590ba317918147889
"code/experiments/active_learning/NON_GEN_INTERVAL_POOLS_20260618/Mn_NON_GEN_HARD640_FLAT_20260619/1228743.cif",3005,34e90937211ceaefc9146ef7ae79256e58732f4102acbe8f653a97530a15e942
"code/experiments/active_learning/NON_GEN_INTERVAL_POOLS_20260618/Mn_NON_GEN_HARD640_FLAT_20260619/1228797.cif",3144,e0614095211200d640d21b9ef1eaa67383d9c5ebd4a524fb420c3168a110d035
"code/experiments/active_learning/NON_GEN_INTERVAL_POOLS_20260618/Mn_NON_GEN_HARD640_FLAT_20260619/1233081.cif",1910,264fef7353fb4aecff8e9cbc3946ce235b23aa23a83b98d5c65041c97af5ca24
"code/experiments/active_learning/NON_GEN_INTERVAL_POOLS_20260618/Mn_NON_GEN_HARD640_FLAT_20260619/1233090.cif",2011,8a75448008f78d4945d0ab496aeb3ce6b58f33669ae4ce238fb696e46b308a36
"code/experiments/active_learning/NON_GEN_INTERVAL_POOLS_20260618/Mn_NON_GEN_HARD640_FLAT_20260619/1233094.cif",1759,a7cdeab8e324d6840797a296c6489755685b70a61b5fb0d477aa9ddd44309180
"code/experiments/active_learning/NON_GEN_INTERVAL_POOLS_20260618/Mn_NON_GEN_HARD640_FLAT_20260619/1233273.cif",2978,edec7539b3a7400b31992102e827caa5d94b50b9be6ed20fcb00cb1226ff90ee
"code/experiments/active_learning/NON_GEN_INTERVAL_POOLS_20260618/Mn_NON_GEN_HARD640_FLAT_20260619/1233368.cif",1805,66ecaa0fab1ac5a874e847bc7d189b98fb1676d7ef5035cf2f024a63b765f561
"code/experiments/active_learning/NON_GEN_INTERVAL_POOLS_20260618/Mn_NON_GEN_HARD640_FLAT_20260619/1233415.cif",2978,da388242875fc43ce87eb0e5b07abc3544ed53f4722ec8eda559cf34188ed1a9
"code/experiments/active_learning/NON_GEN_INTERVAL_POOLS_20260618/Mn_NON_GEN_HARD640_FLAT_20260619/1233420.cif",1691,50dde0a00fa37eb4bce465ab38531dc8c2cbbb6abfdee24962390b0ac04dbdee
"code/experiments/active_learning/NON_GEN_INTERVAL_POOLS_20260618/Mn_NON_GEN_HARD640_FLAT_20260619/1233500.cif",2429,f77725ee8a09e19b4aeafb80bdec32d37c478f1475d0a372299369ae9608f68b
"code/experiments/active_learning/NON_GEN_INTERVAL_POOLS_20260618/Mn_NON_GEN_HARD640_FLAT_20260619/1233854.cif",3061,3c58a75363b1cfeec064aec841a97f0adc3e5965acac39c07de8bdc36c5c2b15
"code/experiments/active_learning/NON_GEN_INTERVAL_POOLS_20260618/Mn_NON_GEN_HARD640_FLAT_20260619/1233975.cif",1759,ab8e554d5346ebe3fbdd0c687406b33c1c7ce2d2841d2bf3130dca142109fc2e
"code/experiments/active_learning/NON_GEN_INTERVAL_POOLS_20260618/Mn_NON_GEN_HARD640_FLAT_20260619/1234332.cif",1687,b234c339c2d035a1fef07f4105ea12a83fa319fbce80d366cb5df2da018b6b12
"code/experiments/active_learning/NON_GEN_INTERVAL_POOLS_20260618/Mn_NON_GEN_HARD640_FLAT_20260619/1234487.cif",1663,1b688e086e20e5dbccdf4996c16076a608fbf14b8e9aaf7ea984212f1a15b204
"code/experiments/active_learning/NON_GEN_INTERVAL_POOLS_20260618/Mn_NON_GEN_HARD640_FLAT_20260619/1234758.cif",3098,c13af3cf8f344dbad8c4ed76572b5f7e064656a65601a58f1636e134a6d57be7
"code/experiments/active_learning/NON_GEN_INTERVAL_POOLS_20260618/Mn_NON_GEN_HARD640_FLAT_20260619/1234827.cif",2641,7696d0cbdfeb89c294f2129e1dedbb996a8e0cae0330bc336d171c895d14b286
"code/experiments/active_learning/NON_GEN_INTERVAL_POOLS_20260618/Mn_NON_GEN_HARD640_FLAT_20260619/1234849.cif",2543,1dcff00884a1ff47f29bc10d83ab41d98535b420498087e23aae7d234ffce93f
"code/experiments/active_learning/NON_GEN_INTERVAL_POOLS_20260618/Mn_NON_GEN_HARD640_FLAT_20260619/1235162.cif",1271,3ccd9ee5984537154ea91ee41771d0f7d0317ffac42eb52d091e434ef808c3d7
"code/experiments/active_learning/NON_GEN_INTERVAL_POOLS_20260618/Mn_NON_GEN_HARD640_FLAT_20260619/1235597.cif",1805,63add2f9f50ee55300d90e3a4fef441f92ae34ff9be41b784c31388a95cad41e
"code/experiments/active_learning/NON_GEN_INTERVAL_POOLS_20260618/Mn_NON_GEN_HARD640_FLAT_20260619/1236005.cif",1909,4e974ffdd953b5c6b61d9a05e21f7052729c0a568d0ebe4d083a9cfd70664172
"code/experiments/active_learning/NON_GEN_INTERVAL_POOLS_20260618/Mn_NON_GEN_HARD640_FLAT_20260619/1236297.cif",1709,de2ed4f868c7ccab969750675f13c32f68dc650a018525bef433563e6001e3d8
"code/experiments/active_learning/NON_GEN_INTERVAL_POOLS_20260618/Mn_NON_GEN_HARD640_FLAT_20260619/1237102.cif",1749,03e97cc7aeddc483e31c28e7fa4a0d2afc795ed2a9e1a846b23258176101605a
"code/experiments/active_learning/NON_GEN_INTERVAL_POOLS_20260618/Mn_NON_GEN_HARD640_FLAT_20260619/1247579.cif",2709,c707328711643cd6fcf6add15cc59cfa3c153c3dc86db4a332ffbd246d04b1ad
"code/experiments/active_learning/NON_GEN_INTERVAL_POOLS_20260618/Mn_NON_GEN_HARD640_FLAT_20260619/1247590.cif",8569,f324f166f5bc6935885f2fc8f35fb87355eac79b86ea850e460f856b9925aed8
"code/experiments/active_learning/NON_GEN_INTERVAL_POOLS_20260618/Mn_NON_GEN_HARD640_FLAT_20260619/1247595.cif",2759,d9e0fdd53742dccbe2592441be31eaf024957a4b64c693c1146420e918bcc2c3
"code/experiments/active_learning/NON_GEN_INTERVAL_POOLS_20260618/Mn_NON_GEN_HARD640_FLAT_20260619/1247602.cif",9213,a7e50d4bfe727cdcc5f01e39fdbef1e180c38e3a9ac72a161e9acce49c26d0c6
"code/experiments/active_learning/NON_GEN_INTERVAL_POOLS_20260618/Mn_NON_GEN_HARD640_FLAT_20260619/1247615.cif",4711,5d612019bf4b0aa7b525d226d43e07b8dacf92430909384602b0ff7cd840c747
"code/experiments/active_learning/NON_GEN_INTERVAL_POOLS_20260618/Mn_NON_GEN_HARD640_FLAT_20260619/1247622.cif",2699,1b04e95f2ba0df83d09e1ba62b898dcb642a0fcf845fd593bd16c561b8baebd4
"code/experiments/active_learning/NON_GEN_INTERVAL_POOLS_20260618/Mn_NON_GEN_HARD640_FLAT_20260619/1247627.cif",2753,d52f2545e5c394ba748040c2dd91109a21142ef5ff9acf48385b1dc634456da0
"code/experiments/active_learning/NON_GEN_INTERVAL_POOLS_20260618/Mn_NON_GEN_HARD640_FLAT_20260619/1247679.cif",8580,445681b632f37ba035e467847853e11a5ecf065916d026edbbaef0169edf27fc
"code/experiments/active_learning/NON_GEN_INTERVAL_POOLS_20260618/Mn_NON_GEN_HARD640_FLAT_20260619/1247686.cif",2649,ad592fb02d497a44ef03fe55ca28adb22110778119c418843ee836fef92c53cf
"code/experiments/active_learning/NON_GEN_INTERVAL_POOLS_20260618/Mn_NON_GEN_HARD640_FLAT_20260619/1247706.cif",8985,d2f5d47a30941f815c44433e755f64c1fc443bb268a0682990a8ef2bc49be084
"code/experiments/active_learning/NON_GEN_INTERVAL_POOLS_20260618/Mn_NON_GEN_HARD640_FLAT_20260619/1250945.cif",4922,a42bed53482ad1aa0899918ddbba266a27342dcdd1af63b3d073fb544da60021
"code/experiments/active_learning/NON_GEN_INTERVAL_POOLS_20260618/Mn_NON_GEN_HARD640_FLAT_20260619/1254079.cif",1944,5cac579bba62dc55c5720af40c5d91794cc6b67871c6d4b74c34fdbb567994e0
"code/experiments/active_learning/NON_GEN_INTERVAL_POOLS_20260618/Mn_NON_GEN_HARD640_FLAT_20260619/1262567.cif",2076,6f960b45917a2eea2b60a6d0ecd11d59b6746ce7da72fdbd1fb006fd8ebdf9df
"code/experiments/active_learning/NON_GEN_INTERVAL_POOLS_20260618/Mn_NON_GEN_HARD640_FLAT_20260619/1268194.cif",2595,79bd5dde744d4dfe07cc374390689980aa16255d209e50ce793659822dd9a166
"code/experiments/active_learning/NON_GEN_INTERVAL_POOLS_20260618/Mn_NON_GEN_HARD640_FLAT_20260619/1272796.cif",1221,11146a20c1962e84b2159ff6f8b979677a82be724fcf8749f501322da36644ef
"code/experiments/active_learning/NON_GEN_INTERVAL_POOLS_20260618/Mn_NON_GEN_HARD640_FLAT_20260619/1274377.cif",1638,c26f9371b61b62dfd2a78c803b9e1377bb66e83162a119d422c83decff7b5929
"code/experiments/active_learning/NON_GEN_INTERVAL_POOLS_20260618/Mn_NON_GEN_HARD640_FLAT_20260619/1274811.cif",2784,0698cfddff293496b3aacf762eb7a4490f65a1aa87cef84dfe0d17f60b3145d8
"code/experiments/active_learning/NON_GEN_INTERVAL_POOLS_20260618/Mn_NON_GEN_HARD640_FLAT_20260619/1275931.cif",1743,58f0f0d4455570fe68b3ca981a8a0e899fb25d32fc2669b69f3f3d5a13b1f7f4
"code/experiments/active_learning/NON_GEN_INTERVAL_POOLS_20260618/Mn_NON_GEN_HARD640_FLAT_20260619/1278519.cif",2800,6c67c6d8cfb2cc2d945a91f41053abc7d1a6fa333bdc843be70d8f0212db14da
"code/experiments/active_learning/NON_GEN_INTERVAL_POOLS_20260618/Mn_NON_GEN_HARD640_FLAT_20260619/1286205.cif",1214,ce85ac5bf08ee505380bb5dbfcf2ef7938c84e29506ce95694f83f769a2f37d9
"code/experiments/active_learning/NON_GEN_INTERVAL_POOLS_20260618/Mn_NON_GEN_HARD640_FLAT_20260619/1290713.cif",1626,6f3690b9bc68f0e37a67a913f8fcaeff25d4a53e4a29d0c63299eb995594e6be
"code/experiments/active_learning/NON_GEN_INTERVAL_POOLS_20260618/Mn_NON_GEN_HARD640_FLAT_20260619/1297726.cif",1964,831b7b1559dc1df55c6637ffcfc587f092e48cc3e80e1d7bf942bef99b76b28c
"code/experiments/active_learning/NON_GEN_INTERVAL_POOLS_20260618/Mn_NON_GEN_HARD640_FLAT_20260619/1302395.cif",2491,d558b8abed2a8e508aac5ab905957548d966102268af0065a6ce2c4aba695670
"code/experiments/active_learning/NON_GEN_INTERVAL_POOLS_20260618/Mn_NON_GEN_HARD640_FLAT_20260619/1309882.cif",2801,5f139c601d912bac23472b1486f9f522340c2e85d2033d78fb00cdcfc785bf2d
"code/experiments/active_learning/NON_GEN_INTERVAL_POOLS_20260618/Mn_NON_GEN_HARD640_FLAT_20260619/1311459.cif",3117,1c9d2fdb23b1dfe7a53fe2d0c35fcc48c2590a08022f60765b3925dfc8871e57
"code/experiments/active_learning/NON_GEN_INTERVAL_POOLS_20260618/Mn_NON_GEN_HARD640_FLAT_20260619/1329093.cif",1805,f0fc18f2c718f07a4642ac9ac480748ed32d5cb3f2df2fe211419d8594344c4f
"code/experiments/active_learning/NON_GEN_INTERVAL_POOLS_20260618/Mn_NON_GEN_HARD640_FLAT_20260619/1343780.cif",2062,9d24a60be4a51ff3cd61d3948f1a10c1e0021020f88dc495d7fddfb5be5e6415
"code/experiments/active_learning/NON_GEN_INTERVAL_POOLS_20260618/Mn_NON_GEN_HARD640_FLAT_20260619/1345521.cif",1695,02055ece88886cf3bd3ff477eab9a05ed778e2ceb319368d214df0d14d56e5b6
"code/experiments/active_learning/NON_GEN_INTERVAL_POOLS_20260618/Mn_NON_GEN_HARD640_FLAT_20260619/1346226.cif",2890,53c70f42f80fc6ce56b9c1a37edb4ca33494bbbead990407189fe3513e4dfadb
"code/experiments/active_learning/NON_GEN_INTERVAL_POOLS_20260618/Mn_NON_GEN_HARD640_FLAT_20260619/1355282.cif",2374,a75ffbc1b2af3970c4be11a2aa8d71dd8059d203a138300bb5ac9a8e8d20cf07
"code/experiments/active_learning/NON_GEN_INTERVAL_POOLS_20260618/Mn_NON_GEN_HARD640_FLAT_20260619/1367209.cif",1703,221595291b80ad307ee92a0c43682b9be4cfed7f94a2a6114d38495891576462
"code/experiments/active_learning/NON_GEN_INTERVAL_POOLS_20260618/Mn_NON_GEN_HARD640_FLAT_20260619/1368992.cif",1733,37a698e20268a341b43e759c56a5ac60b03cf49bdfe0139b554e304e4034e598
"code/experiments/active_learning/NON_GEN_INTERVAL_POOLS_20260618/Mn_NON_GEN_HARD640_FLAT_20260619/1374903.cif",1697,531a4727dcc26ed916fbb180db818befa7926ad296f08e5386224ba602829c04
"code/experiments/active_learning/NON_GEN_INTERVAL_POOLS_20260618/Mn_NON_GEN_HARD640_FLAT_20260619/1382589.cif",1852,dc1a956f74816cd4b3c485642135d6af64d30d97dc167c2a57214616783aa51f
"code/experiments/active_learning/NON_GEN_INTERVAL_POOLS_20260618/Mn_NON_GEN_HARD640_FLAT_20260619/1385844.cif",1413,56eee7b5be44c9715c17538a262a6d0aa7522f954e2347ee9109ba5f56d87ec7
"code/experiments/active_learning/NON_GEN_INTERVAL_POOLS_20260618/Mn_NON_GEN_HARD640_FLAT_20260619/1399724.cif",944,2f98ad57208e042894de4f932fe8b57cf75dd774f0b3edb40a03464e2220cc84
"code/experiments/active_learning/NON_GEN_INTERVAL_POOLS_20260618/Mn_NON_GEN_HARD640_FLAT_20260619/1516248.cif",1220,e706a02843be5c141e78a2670d47493f1668fca10fb9e0f4ffd94f994e03bb48
"code/experiments/active_learning/NON_GEN_INTERVAL_POOLS_20260618/Mn_NON_GEN_HARD640_FLAT_20260619/1516338.cif",1752,742560c662deda1e9daecd9073a50cb9e06d0c8f679e97afcd0234b923cec84c
"code/experiments/active_learning/NON_GEN_INTERVAL_POOLS_20260618/Mn_NON_GEN_HARD640_FLAT_20260619/1516447.cif",1640,311abd68bed16fcbd49af5e89efab0928c48ab0aa55b8bf4a9417dae438d4935
"code/experiments/active_learning/NON_GEN_INTERVAL_POOLS_20260618/Mn_NON_GEN_HARD640_FLAT_20260619/1516574.cif",1216,6e93b38db9bd092351f4f6d2e6019c6233221e36cb273df00dc3d4124483c72f
"code/experiments/active_learning/NON_GEN_INTERVAL_POOLS_20260618/Mn_NON_GEN_HARD640_FLAT_20260619/1516683.cif",1223,deb60e4c8c588ac09a1f11e6032bd799317222161fdf4cdc946d3fd0588fbea6
"code/experiments/active_learning/NON_GEN_INTERVAL_POOLS_20260618/Mn_NON_GEN_HARD640_FLAT_20260619/1516824.cif",1640,dac22c3daf83131b473fcfdd90416245b2d34a98d8544d63ef77ca7d914842fd
"code/experiments/active_learning/NON_GEN_INTERVAL_POOLS_20260618/Mn_NON_GEN_HARD640_FLAT_20260619/1516942.cif",1215,9adfaadf71b1bebd1a10ea2bca3bcc5e8f7082d6d92aa8b13291b1c358668cdb
"code/experiments/active_learning/NON_GEN_INTERVAL_POOLS_20260618/Mn_NON_GEN_HARD640_FLAT_20260619/1517145.cif",2802,d858fb31ca2b08bfa86a039e030d60702312abaabc595166c0aa523c83e1f5c9
"code/experiments/active_learning/NON_GEN_INTERVAL_POOLS_20260618/Mn_NON_GEN_HARD640_FLAT_20260619/1517187.cif",1640,40bd25c8cef67f8a77ae3d06ee68b1fe39732d63abfb49a0aef8f2945d65cd14
"code/experiments/active_learning/NON_GEN_INTERVAL_POOLS_20260618/Mn_NON_GEN_HARD640_FLAT_20260619/1517356.cif",1220,95ecf888064257cb70dc7b3534a73d78e9bfa81cb681b935f0572ca72295755f
"code/experiments/active_learning/NON_GEN_INTERVAL_POOLS_20260618/Mn_NON_GEN_HARD640_FLAT_20260619/1517363.cif",1221,37c9ad384845590a3e492952d30384ab030517a9b77930964d10219418541e04
"code/experiments/active_learning/NON_GEN_INTERVAL_POOLS_20260618/Mn_NON_GEN_HARD640_FLAT_20260619/1517402.cif",1222,c0bcfbdfc8b34871359bc4d2899acb3013207697cac7d65bc17f8131c59e8ad2
"code/experiments/active_learning/NON_GEN_INTERVAL_POOLS_20260618/Mn_NON_GEN_HARD640_FLAT_20260619/1517613.cif",1213,569a9537742c4be993e3c5e9eddd57c9e3fe814bde45cb14e6d1a22467d1f67b
"code/experiments/active_learning/NON_GEN_INTERVAL_POOLS_20260618/Mn_NON_GEN_HARD640_FLAT_20260619/1517646.cif",1215,0bacac94cc7f5f7ae2025c177c8da4c6ce976c3eca5ee31b1d59f2597c56868c
"code/experiments/active_learning/NON_GEN_INTERVAL_POOLS_20260618/Mn_NON_GEN_HARD640_FLAT_20260619/1517679.cif",1220,3864a2e8a8403907d7260b9ea5cf0158f30263c9e2a4fd168fb163f1139c3d02
"code/experiments/active_learning/NON_GEN_INTERVAL_POOLS_20260618/Mn_NON_GEN_HARD640_FLAT_20260619/1517693.cif",1642,77a5e4f8d4eb18975a4df487a3866e2397e38733c0566dadde81c2f744c0c513
"code/experiments/active_learning/NON_GEN_INTERVAL_POOLS_20260618/Mn_NON_GEN_HARD640_FLAT_20260619/1517699.cif",1222,069527638e3a8ee50874f30e0d5b401972ee5458881c2eca53c055757ffcc5d6
"code/experiments/active_learning/NON_GEN_INTERVAL_POOLS_20260618/Mn_NON_GEN_HARD640_FLAT_20260619/1517753.cif",1220,cc0be40709ec6e9a6152733145fbd00e676e409c06bad12292033f0356056c5f
"code/experiments/active_learning/NON_GEN_INTERVAL_POOLS_20260618/Mn_NON_GEN_HARD640_FLAT_20260619/1517761.cif",1220,8d1d2e4d05764cbc69f08af901b9e52e6aa9f80943516a5621790391a8ed979f
"code/experiments/active_learning/NON_GEN_INTERVAL_POOLS_20260618/Mn_NON_GEN_HARD640_FLAT_20260619/1517829.cif",1222,7dd33cdc799e3588c5488aebfae4735deff14b6462f735c793ec78201a4e13b6
"code/experiments/active_learning/NON_GEN_INTERVAL_POOLS_20260618/Mn_NON_GEN_HARD640_FLAT_20260619/1518034.cif",1215,fefa60f3b2a5c067f962db081c97aa7f3401b4c2b630916810c91db5c01710db
"code/experiments/active_learning/NON_GEN_INTERVAL_POOLS_20260618/Mn_NON_GEN_HARD640_FLAT_20260619/1518192.cif",1753,20f07e2088341f039ada4c582879269672660901a5b08e9a9e7c057ac69757e3
"code/experiments/active_learning/NON_GEN_INTERVAL_POOLS_20260618/Mn_NON_GEN_HARD640_FLAT_20260619/1518490.cif",1218,bca9f8324a646d3af8062ede44fa459db1517e164d065d40db452d3db500d7f0
"code/experiments/active_learning/NON_GEN_INTERVAL_POOLS_20260618/Mn_NON_GEN_HARD640_FLAT_20260619/1518514.cif",1220,7b0846b0863b8397d06824c8bef1776b6ee9e344df134b992f6f93859d6825a2
"code/experiments/active_learning/NON_GEN_INTERVAL_POOLS_20260618/Mn_NON_GEN_HARD640_FLAT_20260619/1518593.cif",1223,649494d35c32cee551987fcb9e44a3d0fbeea40417a8b2eabcd3204041f8c7de
"code/experiments/active_learning/NON_GEN_INTERVAL_POOLS_20260618/Mn_NON_GEN_HARD640_FLAT_20260619/1518782.cif",2811,ad4f59829763bce08f7af524bff2fb67f86db7469bb462023ae38310caacce39
"code/experiments/active_learning/NON_GEN_INTERVAL_POOLS_20260618/Mn_NON_GEN_HARD640_FLAT_20260619/1518813.cif",2808,bbf2990e540a97e6a2200c9c8c60c58b77672e3be9f6142a8ad4e06060c6c700
"code/experiments/active_learning/NON_GEN_INTERVAL_POOLS_20260618/Mn_NON_GEN_HARD640_FLAT_20260619/1518884.cif",1220,aae6d3ffe360ddd865fc42eed7f5ac3d12a0312148db10cf7d03ee8ef59e886e
"code/experiments/active_learning/NON_GEN_INTERVAL_POOLS_20260618/Mn_NON_GEN_HARD640_FLAT_20260619/1519441.cif",1216,342f5365b927ede906d366209d99aecdec8cd0c2185335e37ec50ac37c615cab
"code/experiments/active_learning/NON_GEN_INTERVAL_POOLS_20260618/Mn_NON_GEN_HARD640_FLAT_20260619/1519543.cif",1222,4741cbee7b9768b4da3195b346d6178fb264af5b3aceb2cc2681187273b3a4c5
"code/experiments/active_learning/NON_GEN_INTERVAL_POOLS_20260618/Mn_NON_GEN_HARD640_FLAT_20260619/1519764.cif",1222,37e19a5c543192f05f2815db004f4314ddbb3335b0768d6229593e02887ae51a
"code/experiments/active_learning/NON_GEN_INTERVAL_POOLS_20260618/Mn_NON_GEN_HARD640_FLAT_20260619/1520083.cif",1217,c4eb8795ca93ec41d4aff56de12b895ff8fb94daf25b7da58dcf73e18eb74fb5
"code/experiments/active_learning/NON_GEN_INTERVAL_POOLS_20260618/Mn_NON_GEN_HARD640_FLAT_20260619/1520156.cif",1215,231a1bb1e40db5e8b391f91d49451ad5fcffff3802b52585027b2de6d5870eb8
"code/experiments/active_learning/NON_GEN_INTERVAL_POOLS_20260618/Mn_NON_GEN_HARD640_FLAT_20260619/1520158.cif",1220,191100cb6a16112ebd09c23063482b9b8513212ff632a1a5a0502de609f942bd
"code/experiments/active_learning/NON_GEN_INTERVAL_POOLS_20260618/Mn_NON_GEN_HARD640_FLAT_20260619/1520426.cif",1215,0186ccbd413a66b240c4db94a7a812e637b0b383151d666761312802fbbe84a4
"code/experiments/active_learning/NON_GEN_INTERVAL_POOLS_20260618/Mn_NON_GEN_HARD640_FLAT_20260619/1520467.cif",1217,7601ef34d018170c857e6eb9c0e4bb05d396569c890b9b54001e00255bb705e2
"code/experiments/active_learning/NON_GEN_INTERVAL_POOLS_20260618/Mn_NON_GEN_HARD640_FLAT_20260619/1520623.cif",1215,034e80a10323f5fcda1960e581f1b7b96e0265ff3bfb945229206f62002e0a02
"code/experiments/active_learning/NON_GEN_INTERVAL_POOLS_20260618/Mn_NON_GEN_HARD640_FLAT_20260619/1520978.cif",1215,6207e7dab861634996bd09ac3a0a4658d6444fec6faa4df29b9f1c5db4b1b4cb
"code/experiments/active_learning/NON_GEN_INTERVAL_POOLS_20260618/Mn_NON_GEN_HARD640_FLAT_20260619/1521256.cif",1222,b5a96710503fb85a065b94d25d6b6a475f257906ea47e97f7031ea33d7ca7d71
"code/experiments/active_learning/NON_GEN_INTERVAL_POOLS_20260618/Mn_NON_GEN_HARD640_FLAT_20260619/1521356.cif",1755,e97bde28d73d817296e49b2c9e166a725b596592c05f6f19b622a4225eb6bd3d
"code/experiments/active_learning/NON_GEN_INTERVAL_POOLS_20260618/Mn_NON_GEN_HARD640_FLAT_20260619/1521466.cif",1215,016b232ecd7a7b8496690e94f6707c5f216aafb4dbcd7d60eb79f6862a378bfb
"code/experiments/active_learning/NON_GEN_INTERVAL_POOLS_20260618/Mn_NON_GEN_HARD640_FLAT_20260619/1521485.cif",1218,65425050ee41262c948f6c14a92750dcfb5329ccf45f77fd30096c06455d1553
"code/experiments/active_learning/NON_GEN_INTERVAL_POOLS_20260618/Mn_NON_GEN_HARD640_FLAT_20260619/1521496.cif",1215,a33aea7a7a121118ddb7ab53539ef066ff852987e8c18a74d7ffe6eb9093a3d8
"code/experiments/active_learning/NON_GEN_INTERVAL_POOLS_20260618/Mn_NON_GEN_HARD640_FLAT_20260619/1521595.cif",1640,3820b6b9bb4c26793365c65b7278bbcdf493884e8721304060d088220c8ac54a
"code/experiments/active_learning/NON_GEN_INTERVAL_POOLS_20260618/Mn_NON_GEN_HARD640_FLAT_20260619/1521618.cif",1220,a18e06dde6941c697ef6e0b18319ccbee029b865162a5a1359d85d25531cf2af
"code/experiments/active_learning/NON_GEN_INTERVAL_POOLS_20260618/Mn_NON_GEN_HARD640_FLAT_20260619/1521849.cif",1641,6681e9a100db719ce928d5838581d981e1b6564dc2511eefed17fb90a8f181c5
"code/experiments/active_learning/NON_GEN_INTERVAL_POOLS_20260618/Mn_NON_GEN_HARD640_FLAT_20260619/1522001.cif",1221,510f934b2a7b471222af8d4a7c2f8e71eacc03b502fc8df6e0ca48bd8d944964
"code/experiments/active_learning/NON_GEN_INTERVAL_POOLS_20260618/Mn_NON_GEN_HARD640_FLAT_20260619/1522145.cif",1220,b674c5b33968ab9370df1e60e2fca615333faf882e0a04ef73b1eaf689186cab
"code/experiments/active_learning/NON_GEN_INTERVAL_POOLS_20260618/Mn_NON_GEN_HARD640_FLAT_20260619/1522193.cif",1216,1cba24bf1b33a538fc12b04f7ec643d771a9781db3ffc9088fef3c8f295af678
"code/experiments/active_learning/NON_GEN_INTERVAL_POOLS_20260618/Mn_NON_GEN_HARD640_FLAT_20260619/1522194.cif",2807,6219278a677b4973a41d5423639a046a801f306218a4f0974d200dab4b687835
"code/experiments/active_learning/NON_GEN_INTERVAL_POOLS_20260618/Mn_NON_GEN_HARD640_FLAT_20260619/1522301.cif",1212,21836a9f59f29ef87d57666c73c87bffb24ed8b7c50cfcca508d91d4dc332105
"code/experiments/active_learning/NON_GEN_INTERVAL_POOLS_20260618/Mn_NON_GEN_HARD640_FLAT_20260619/1522553.cif",1220,ba796c15dda3626c24ad9fcde16924bf8bf1ea752990e2ef602e380b24342df5
"code/experiments/active_learning/NON_GEN_INTERVAL_POOLS_20260618/Mn_NON_GEN_HARD640_FLAT_20260619/1522554.cif",1221,e0dd0794148ea2d131d9d88d41ca1288715c8c0109c97bbd2b30a004b3760735
"code/experiments/active_learning/NON_GEN_INTERVAL_POOLS_20260618/Mn_NON_GEN_HARD640_FLAT_20260619/1522791.cif",1220,3c94c7b23a07871f84eb07709fd47de565c1272f7a68467f48e80e1961cc5ed7
"code/experiments/active_learning/NON_GEN_INTERVAL_POOLS_20260618/Mn_NON_GEN_HARD640_FLAT_20260619/1522792.cif",1221,c7a946d703c49fe22b496583bdd98ce2f512719d2c74f4c585ca70ab39adbc93
"code/experiments/active_learning/NON_GEN_INTERVAL_POOLS_20260618/Mn_NON_GEN_HARD640_FLAT_20260619/1522815.cif",1216,5bb5fe9c7774af6183648b8f777996e830a300029c70cc55a038354f5573c0e9
"code/experiments/active_learning/NON_GEN_INTERVAL_POOLS_20260618/Mn_NON_GEN_HARD640_FLAT_20260619/1522829.cif",2809,ec7f8cb75a2256cc75f69e2394955d9fc9484a2181117e2fd4688494549ee94b
"code/experiments/active_learning/NON_GEN_INTERVAL_POOLS_20260618/Mn_NON_GEN_HARD640_FLAT_20260619/1522851.cif",2809,61575008abdcb29cff54dc7c71f32a85b989e1b0cac3e367c38eeb3b24c3c5a6
"code/experiments/active_learning/NON_GEN_INTERVAL_POOLS_20260618/Mn_NON_GEN_HARD640_FLAT_20260619/1523111.cif",1215,1898294f9a4448bb533a366bb4f3fa699fed9e630f104c91c4f738c05accde01
"code/experiments/active_learning/NON_GEN_INTERVAL_POOLS_20260618/Mn_NON_GEN_HARD640_FLAT_20260619/1523324.cif",1216,bd65aee5002dc71c067232342452079c334700daea7480cf71898346e7a98582
"code/experiments/active_learning/NON_GEN_INTERVAL_POOLS_20260618/Mn_NON_GEN_HARD640_FLAT_20260619/15282.cif",4946,fa8ce87942e034d495f4c2799fcd7cd705641a4b1e027cb385e0b6ad4ed49d7e
"code/experiments/active_learning/NON_GEN_INTERVAL_POOLS_20260618/Mn_NON_GEN_HARD640_FLAT_20260619/1638973.cif",1748,d0f7bf466cf7ef8db71108270486809fd46c1259353f9d837c61c38a7fbb2d63
"code/experiments/active_learning/NON_GEN_INTERVAL_POOLS_20260618/Mn_NON_GEN_HARD640_FLAT_20260619/1649939.cif",2785,58a69e5d56c2d9b997ec5bb832383323ad8805414dc6d047640785bdb07d437a
"code/experiments/active_learning/NON_GEN_INTERVAL_POOLS_20260618/Mn_NON_GEN_HARD640_FLAT_20260619/1650384.cif",3334,a1d9f3413a07687da76b9378572ef96ab5d75b1dfcd2b5924ecd750fafaca320
"code/experiments/active_learning/NON_GEN_INTERVAL_POOLS_20260618/Mn_NON_GEN_HARD640_FLAT_20260619/1666963.cif",1743,68b5066c58082469f73518719523cf29af2b538d64e943944d1b78a268209193
"code/experiments/active_learning/NON_GEN_INTERVAL_POOLS_20260618/Mn_NON_GEN_HARD640_FLAT_20260619/17341.cif",2275,e5365ad3bb9fb0147867dc51f9a66885103499ace557496b53c700b26b37aab7
"code/experiments/active_learning/NON_GEN_INTERVAL_POOLS_20260618/Mn_NON_GEN_HARD640_FLAT_20260619/17445.cif",2166,9ca0d70ffd4425f4bd5d896d8c5732acf4b4bf6f46988c4d18d597f6c2352480
"code/experiments/active_learning/NON_GEN_INTERVAL_POOLS_20260618/Mn_NON_GEN_HARD640_FLAT_20260619/17876.cif",2166,ee1df97570e31d12ee41fb481973a75ef8f29c281b11d83e53183aa58928f58c
"code/experiments/active_learning/NON_GEN_INTERVAL_POOLS_20260618/Mn_NON_GEN_HARD640_FLAT_20260619/18320.cif",3137,4165665ff28c7fe1c9a5d41e56c0500d561fd206e64eef3f452c948da9b2ee2a
"code/experiments/active_learning/NON_GEN_INTERVAL_POOLS_20260618/Mn_NON_GEN_HARD640_FLAT_20260619/18554.cif",3147,ff2fe1df29a3132c5411300954ec987df06b03f7e598b44c69cc7081cc300fec
"code/experiments/active_learning/NON_GEN_INTERVAL_POOLS_20260618/Mn_NON_GEN_HARD640_FLAT_20260619/18870.cif",1370,ce34a91e5e9ba86201cbc054b8baa9f3ae4bfc08bfa9bf7764b3e621548ab021
"code/experiments/active_learning/NON_GEN_INTERVAL_POOLS_20260618/Mn_NON_GEN_HARD640_FLAT_20260619/18990.cif",5086,6ee59031207a44241ee997ef1cf3ea9fe21aa78a20d0369ea46d41f560cd2c2c
"code/experiments/active_learning/NON_GEN_INTERVAL_POOLS_20260618/Mn_NON_GEN_HARD640_FLAT_20260619/18992.cif",2801,9e1fef5dc7b781d9a38da445be2b448e1fa507efe10a88b92c62ec317da8a0c5
"code/experiments/active_learning/NON_GEN_INTERVAL_POOLS_20260618/Mn_NON_GEN_HARD640_FLAT_20260619/19045.cif",2629,00e9170e714cfb53b640367bd6e6b6f8fcc081bc545b97adda4a2962f71b9faf
"code/experiments/active_learning/NON_GEN_INTERVAL_POOLS_20260618/Mn_NON_GEN_HARD640_FLAT_20260619/19054.cif",1530,a696208ad21623aa046012dd6b4dfca11fb06096cbc4873f052d8b95b3e43995
"code/experiments/active_learning/NON_GEN_INTERVAL_POOLS_20260618/Mn_NON_GEN_HARD640_FLAT_20260619/19060.cif",1178,cc875bd5b16987dd27215a2027f2bf7ce69c91abc3852f5dc2d471d0c5489208
"code/experiments/active_learning/NON_GEN_INTERVAL_POOLS_20260618/Mn_NON_GEN_HARD640_FLAT_20260619/19122.cif",1919,bd76751089eaee6abe7b4604c36f673f3bf8b4c7b5350b4ee137ba47d005932d
"code/experiments/active_learning/NON_GEN_INTERVAL_POOLS_20260618/Mn_NON_GEN_HARD640_FLAT_20260619/19174.cif",2172,d1febe98171cecd836704e941d322bb76f9748676ca272c7234f719878ed8845
"code/experiments/active_learning/NON_GEN_INTERVAL_POOLS_20260618/Mn_NON_GEN_HARD640_FLAT_20260619/19213.cif",1441,7aba63ca9b6d4337e9efdda651834806c2fe55c81f2e8a8846447d72cd72f5f2
"code/experiments/active_learning/NON_GEN_INTERVAL_POOLS_20260618/Mn_NON_GEN_HARD640_FLAT_20260619/19224.cif",1851,48c2e43b07e5ed25d7fb5267698899044ae8c308e345f68ce5eafa9ebf489222
"code/experiments/active_learning/NON_GEN_INTERVAL_POOLS_20260618/Mn_NON_GEN_HARD640_FLAT_20260619/19304.cif",2986,abddf91b78fd560261b00c74ca78514115ab464dd4615ffba3db41706b6c6029
"code/experiments/active_learning/NON_GEN_INTERVAL_POOLS_20260618/Mn_NON_GEN_HARD640_FLAT_20260619/19314.cif",3130,d927a8fd796c42dc1b596e0cb15b509a75b9f39b790d4723886a386ecf45fc61
"code/experiments/active_learning/NON_GEN_INTERVAL_POOLS_20260618/Mn_NON_GEN_HARD640_FLAT_20260619/19485.cif",2707,9e1ce4812f039ef8aa8630e4304af7e3deafc039aa6133e2698f36f52fb1b0e9
"code/experiments/active_learning/NON_GEN_INTERVAL_POOLS_20260618/Mn_NON_GEN_HARD640_FLAT_20260619/19487.cif",3419,732c71263e78d8873c4eb4f988f4d85501ed36500472e41d6b5d1e0425c7566b
"code/experiments/active_learning/NON_GEN_INTERVAL_POOLS_20260618/Mn_NON_GEN_HARD640_FLAT_20260619/19488.cif",3005,f2de5876eeb3a9d4fc1b847bb6d8237fa21861c9188c64cca78d5486209c0c41
"code/experiments/active_learning/NON_GEN_INTERVAL_POOLS_20260618/Mn_NON_GEN_HARD640_FLAT_20260619/19502.cif",3858,f16d03ca66642e2bcc7ffc0021331fb3ad6f8b7210e6029d2afb4ff2bfd4837e
"code/experiments/active_learning/NON_GEN_INTERVAL_POOLS_20260618/Mn_NON_GEN_HARD640_FLAT_20260619/19507.cif",3420,7d9b6b69b5a1b71fe8d1c98021d4f3269528ee3508dadb044d46288a2b6e6995
"code/experiments/active_learning/NON_GEN_INTERVAL_POOLS_20260618/Mn_NON_GEN_HARD640_FLAT_20260619/19823.cif",1112,d54b806f341145d612b60aa5c07af3b666403a26c7edfaa06b6b7099a369c2a5
"code/experiments/active_learning/NON_GEN_INTERVAL_POOLS_20260618/Mn_NON_GEN_HARD640_FLAT_20260619/19882.cif",2154,627c85641e8f1b50dbc9c48464134f45db531a6ab6b547ea93a65c9684459ea9
"code/experiments/active_learning/NON_GEN_INTERVAL_POOLS_20260618/Mn_NON_GEN_HARD640_FLAT_20260619/20813.cif",1214,fa082dba490028e4b7f3904a35c7078cb57664f8bf4dc6ff192811632c99e2c9
"code/experiments/active_learning/NON_GEN_INTERVAL_POOLS_20260618/Mn_NON_GEN_HARD640_FLAT_20260619/21535.cif",3137,7649b1373a72f8bcc87ef82f6cff431a6e967d0560fe9ad0f25af4f2ddb14bad
"code/experiments/active_learning/NON_GEN_INTERVAL_POOLS_20260618/Mn_NON_GEN_HARD640_FLAT_20260619/21616.cif",3130,3e72a5c1ed251d856a66e84207abe83d7384881d36d593276dcb1cc19c845ece
"code/experiments/active_learning/NON_GEN_INTERVAL_POOLS_20260618/Mn_NON_GEN_HARD640_FLAT_20260619/21635.cif",2697,99b8a098141a70e94dc37e0d69da3af4a264c899c10fa21ffcb0a461c9e6e8ad
"code/experiments/active_learning/NON_GEN_INTERVAL_POOLS_20260618/Mn_NON_GEN_HARD640_FLAT_20260619/2210750.cif",955,ee863e6f7905fe84cd32c6618898df75be5af1cf7a921570fa277f344962cc00
"code/experiments/active_learning/NON_GEN_INTERVAL_POOLS_20260618/Mn_NON_GEN_HARD640_FLAT_20260619/2217598.cif",1276,668af0ab8d95703a13feaec4434fffab7904da00886bafe2255df65e768ba23a
"code/experiments/active_learning/NON_GEN_INTERVAL_POOLS_20260618/Mn_NON_GEN_HARD640_FLAT_20260619/2217716.cif",1282,32166722afd06ec11f66db54c8367d9407f0137f81c13b26e17f5a88c48ee689
"code/experiments/active_learning/NON_GEN_INTERVAL_POOLS_20260618/Mn_NON_GEN_HARD640_FLAT_20260619/2217896.cif",1272,7f9a4d980272ce4a9e59a220bc7f8e22b756fed6979b774d41de97150286b020
"code/experiments/active_learning/NON_GEN_INTERVAL_POOLS_20260618/Mn_NON_GEN_HARD640_FLAT_20260619/2217950.cif",1259,ded977238a1cd6fa50fec0d0c3a0f5bfdd2e54017c778dbf357b41f13ace2695
"code/experiments/active_learning/NON_GEN_INTERVAL_POOLS_20260618/Mn_NON_GEN_HARD640_FLAT_20260619/2220589.cif",2636,a78182009d380aedf30d43738f0862e64d50c5138335fb923e03fa8eb86fac77
"code/experiments/active_learning/NON_GEN_INTERVAL_POOLS_20260618/Mn_NON_GEN_HARD640_FLAT_20260619/22213.cif",1211,07f90058fd757908ce9ec45567075697d5ca25cc2162a6a49a51525849578fe2
"code/experiments/active_learning/NON_GEN_INTERVAL_POOLS_20260618/Mn_NON_GEN_HARD640_FLAT_20260619/2222873.cif",1225,9b1292a9b54bff85c1f0b30a3b5fa607fde3d43a46129d640db39ad8da2e34dd
"code/experiments/active_learning/NON_GEN_INTERVAL_POOLS_20260618/Mn_NON_GEN_HARD640_FLAT_20260619/2223891.cif",1225,9d1a41291c9becbd760ac8244abd04ae7661a7189276225a810387a28c2103c3
"code/experiments/active_learning/NON_GEN_INTERVAL_POOLS_20260618/Mn_NON_GEN_HARD640_FLAT_20260619/2226157.cif",1486,2c9b57853edf621848402e214092fffe0fdc506de62aa621e1c801a0309a469f
"code/experiments/active_learning/NON_GEN_INTERVAL_POOLS_20260618/Mn_NON_GEN_HARD640_FLAT_20260619/2226471.cif",1448,8e95fd1ef74900fb093be6eb89722e39461acf2108e256eb69607485a36e0fe6
"code/experiments/active_learning/NON_GEN_INTERVAL_POOLS_20260618/Mn_NON_GEN_HARD640_FLAT_20260619/2226724.cif",1276,7cdd40f7c0be9b90a90a6a40cb851df4c7217cb52555c0134cce13b7d0b85165
"code/experiments/active_learning/NON_GEN_INTERVAL_POOLS_20260618/Mn_NON_GEN_HARD640_FLAT_20260619/2226941.cif",1282,8471342cb520811baa56332a1ce534c36aad033b48b945b268114de4ebfab9bf
"code/experiments/active_learning/NON_GEN_INTERVAL_POOLS_20260618/Mn_NON_GEN_HARD640_FLAT_20260619/2227694.cif",1491,3b1d3ccc3a95285b40f7265a18fded1a19d7efd8d0738c80e7830d0ab1aa4823
"code/experiments/active_learning/NON_GEN_INTERVAL_POOLS_20260618/Mn_NON_GEN_HARD640_FLAT_20260619/2227745.cif",1501,5d1c6d71871ece6e839deb4bdcd652d8a7d3ff8901b4155a35717df8020ad8f3
"code/experiments/active_learning/NON_GEN_INTERVAL_POOLS_20260618/Mn_NON_GEN_HARD640_FLAT_20260619/2227822.cif",1374,9c888d056f7fa909edc2e58175d5e94960acebcd9f3c20e95a738e68b48111d3
"code/experiments/active_learning/NON_GEN_INTERVAL_POOLS_20260618/Mn_NON_GEN_HARD640_FLAT_20260619/2228426.cif",1654,1f21dfbf7350641e7a147686ce08daf95bf0e128a905654f02a5241f3a52a23c
"code/experiments/active_learning/NON_GEN_INTERVAL_POOLS_20260618/Mn_NON_GEN_HARD640_FLAT_20260619/2228455.cif",1444,80a4730c524932774e1be950f004073e0b335f08788a00417ac4bca8f271086c
"code/experiments/active_learning/NON_GEN_INTERVAL_POOLS_20260618/Mn_NON_GEN_HARD640_FLAT_20260619/2228502.cif",1448,b535348ca65db2d2916d7e5f8755f82600a55f12d825436e165730387bce7529
"code/experiments/active_learning/NON_GEN_INTERVAL_POOLS_20260618/Mn_NON_GEN_HARD640_FLAT_20260619/2228910.cif",1431,afbb80e7b89eba03498591712f11aa8d3a2c4830891307369e30fa70510292cb
"code/experiments/active_learning/NON_GEN_INTERVAL_POOLS_20260618/Mn_NON_GEN_HARD640_FLAT_20260619/2228987.cif",1596,a746fcc8a5bd2420f537d77dbd420b9708d9d253ee50030764dacd6eec10a3a4
"code/experiments/active_learning/NON_GEN_INTERVAL_POOLS_20260618/Mn_NON_GEN_HARD640_FLAT_20260619/2229285.cif",1659,d74e19c9ba742efa2b4dbea996f8feac5355038cd30832114d960f68f6a48afb
"code/experiments/active_learning/NON_GEN_INTERVAL_POOLS_20260618/Mn_NON_GEN_HARD640_FLAT_20260619/2230022.cif",1773,4b52470f874256132c66a672294db560a74a77b8c0e77ac76b656605a93a4628
"code/experiments/active_learning/NON_GEN_INTERVAL_POOLS_20260618/Mn_NON_GEN_HARD640_FLAT_20260619/2230028.cif",1763,d6def381464cea12eb7eac6dcd8fb3f7703638ff72a17d0c64306efe91e98190
"code/experiments/active_learning/NON_GEN_INTERVAL_POOLS_20260618/Mn_NON_GEN_HARD640_FLAT_20260619/2230458.cif",1689,ee354acce418ead8e33b874bf59d35197593402fd423d3d61c6db1905d3307a3
"code/experiments/active_learning/NON_GEN_INTERVAL_POOLS_20260618/Mn_NON_GEN_HARD640_FLAT_20260619/2232382.cif",1496,7528db1d5ac9e5dcf20e5c69eadf225a78939f18025839c706472a79ccfa6b41
"code/experiments/active_learning/NON_GEN_INTERVAL_POOLS_20260618/Mn_NON_GEN_HARD640_FLAT_20260619/2233123.cif",1538,833e75e594c90caad2d7e0ef51dd0abb8c87935b476d1d689f362b6a439cd58a
"code/experiments/active_learning/NON_GEN_INTERVAL_POOLS_20260618/Mn_NON_GEN_HARD640_FLAT_20260619/2233226.cif",1543,6fee56086777900ee8b968cc75383d2e6fa5c389854ab23452398fe12f4ecbfc
"code/experiments/active_learning/NON_GEN_INTERVAL_POOLS_20260618/Mn_NON_GEN_HARD640_FLAT_20260619/2240013.cif",1271,2b4e49a5dfdfdec338835c4859246397d78ae526c420602ec1f07273a191d538
"code/experiments/active_learning/NON_GEN_INTERVAL_POOLS_20260618/Mn_NON_GEN_HARD640_FLAT_20260619/2241425.cif",1389,58c3f8f1ceebf108e4b7dbdd5bf8cec14558a0f69097e550bc3f70be72e4e624
"code/experiments/active_learning/NON_GEN_INTERVAL_POOLS_20260618/Mn_NON_GEN_HARD640_FLAT_20260619/22533.cif",1851,98760e2be7bcc832555bf88440e027173797c226eebda6c4deb6691e97253572
"code/experiments/active_learning/NON_GEN_INTERVAL_POOLS_20260618/Mn_NON_GEN_HARD640_FLAT_20260619/23718.cif",2688,d02a11afc0840e9696855ac7814630e7b1b096a7edd22cb045db4125bd24de78
"code/experiments/active_learning/NON_GEN_INTERVAL_POOLS_20260618/Mn_NON_GEN_HARD640_FLAT_20260619/23928.cif",1859,28c833d5cc5c6d8b95cc037264e332cd8718fff058d96b6478f6020667ea90d1
"code/experiments/active_learning/NON_GEN_INTERVAL_POOLS_20260618/Mn_NON_GEN_HARD640_FLAT_20260619/24036.cif",1847,33cecd90fd7aca33c191fdfd9928f6be081ddd7f64f7d74bdb90a897c2d299f1
"code/experiments/active_learning/NON_GEN_INTERVAL_POOLS_20260618/Mn_NON_GEN_HARD640_FLAT_20260619/2901884.cif",1805,808584ef4c9ea58d0796bf3e8dd043be64c0694bb24c67ae3650066979cfedf2
"code/experiments/active_learning/NON_GEN_INTERVAL_POOLS_20260618/Mn_NON_GEN_HARD640_FLAT_20260619/39207.cif",2814,fbf230ce30086c1cf0c19cd46ef637e40a41128cfe1dc874376c039bfaa6184d
"code/experiments/active_learning/NON_GEN_INTERVAL_POOLS_20260618/Mn_NON_GEN_HARD640_FLAT_20260619/39440.cif",1743,8b8dd3d5729aa719c5bb13497ed15a6d4e4b5698a397c92650d85ff8668eaa07
"code/experiments/active_learning/NON_GEN_INTERVAL_POOLS_20260618/Mn_NON_GEN_HARD640_FLAT_20260619/41963.cif",1750,7882bc707019b7ed03a34d4676cbd37af08c0a4a6d224d4a8b1c201c8516a9c3
"code/experiments/active_learning/NON_GEN_INTERVAL_POOLS_20260618/Mn_NON_GEN_HARD640_FLAT_20260619/510487.cif",1112,992a2e910f4be305bf8140fa62b9a2469817349f09b53c53912259f6561ba58d
"code/experiments/active_learning/NON_GEN_INTERVAL_POOLS_20260618/Mn_NON_GEN_HARD640_FLAT_20260619/510570.cif",1752,6db04f5b84e81aa5bec925b2f8bca89a435d60dcab3867d5db57c54ba605423b
"code/experiments/active_learning/NON_GEN_INTERVAL_POOLS_20260618/Mn_NON_GEN_HARD640_FLAT_20260619/532537.cif",4906,ee088908af672c6ea2d449c9c1e70656aec90c06c06ddf0beb28910dbd5a156a
"code/experiments/active_learning/NON_GEN_INTERVAL_POOLS_20260618/Mn_NON_GEN_HARD640_FLAT_20260619/532591.cif",5981,8e1141ed3c3511c8b8158cff91618be2de41cb4b2850cd04844a9b5c7489a6ee
"code/experiments/active_learning/NON_GEN_INTERVAL_POOLS_20260618/Mn_NON_GEN_HARD640_FLAT_20260619/532650.cif",3430,f68bce620fdd447747a8317c8dbac4206aa97ad7254303d445375618dd5b4419
"code/experiments/active_learning/NON_GEN_INTERVAL_POOLS_20260618/Mn_NON_GEN_HARD640_FLAT_20260619/540545.cif",3836,42c48a497e08f986fe3bbf97790b29b9d9e24c74ca52ef4964283877a5e5c8dc
"code/experiments/active_learning/NON_GEN_INTERVAL_POOLS_20260618/Mn_NON_GEN_HARD640_FLAT_20260619/541777.cif",2171,156ae21767083621c7fe3573179d8c1bdc7507090ed50f585e879017bd0a1fe0
"code/experiments/active_learning/NON_GEN_INTERVAL_POOLS_20260618/Mn_NON_GEN_HARD640_FLAT_20260619/542064.cif",2895,eb6f40c96a3667f723ef07d0d11457f0b59540aa657d5807c20f965aa57aae87
"code/experiments/active_learning/NON_GEN_INTERVAL_POOLS_20260618/Mn_NON_GEN_HARD640_FLAT_20260619/542187.cif",1431,3477363319a3ed25550528e5d1a3a727b6c0192c61021a34239f68b80c76e604
"code/experiments/active_learning/NON_GEN_INTERVAL_POOLS_20260618/Mn_NON_GEN_HARD640_FLAT_20260619/542292.cif",2912,a8def0b6e4bc40b558f1452736253aa2012ec2699d1a6098b7b095ae9ac65cec
"code/experiments/active_learning/NON_GEN_INTERVAL_POOLS_20260618/Mn_NON_GEN_HARD640_FLAT_20260619/542399.cif",3770,a5f2fa8ffd57bc2c190437d1d5c1be529ba394a0871d73af7018c8d13c5f88a6
"code/experiments/active_learning/NON_GEN_INTERVAL_POOLS_20260618/Mn_NON_GEN_HARD640_FLAT_20260619/545769.cif",1747,a6f6a790b49d72225332bc4a462d2aa15a20e128ab88e72e9492f4c071c7a412
"code/experiments/active_learning/NON_GEN_INTERVAL_POOLS_20260618/Mn_NON_GEN_HARD640_FLAT_20260619/546339.cif",1214,1e1f081c14858406900d528b1bc843f4f05f2b78c228249c6a5691a6fa3a4d8c
"code/experiments/active_learning/NON_GEN_INTERVAL_POOLS_20260618/Mn_NON_GEN_HARD640_FLAT_20260619/546798.cif",1205,d6d4316079f46c5a8c185c582e1ebf65e653775dea673c68715a274ba90bda4c
"code/experiments/active_learning/NON_GEN_INTERVAL_POOLS_20260618/Mn_NON_GEN_HARD640_FLAT_20260619/554449.cif",2789,feca9b1ee020b6bc37c541a9d5722d7925bcb8651c1e0835f451ea45d96a9523
"code/experiments/active_learning/NON_GEN_INTERVAL_POOLS_20260618/Mn_NON_GEN_HARD640_FLAT_20260619/554477.cif",3231,fd68e10feab6b91f5f65d6ca9515d02f053c7651c2d1f5b6ddaec6e3a94e685d
"code/experiments/active_learning/NON_GEN_INTERVAL_POOLS_20260618/Mn_NON_GEN_HARD640_FLAT_20260619/554839.cif",2373,b850277be602165dbc5f996be99cbfd5f10b696f7aabf3d4292fdd9424975f99
"code/experiments/active_learning/NON_GEN_INTERVAL_POOLS_20260618/Mn_NON_GEN_HARD640_FLAT_20260619/555498.cif",2275,02d7162f622d9a7257e7e7972d382bc0ad703fc8e2adc178f59abb17f36f52e5
"code/experiments/active_learning/NON_GEN_INTERVAL_POOLS_20260618/Mn_NON_GEN_HARD640_FLAT_20260619/556391.cif",1442,048e5568fb586cac4388601513a49d0d9d9c223a04ca6a2a1ad8d2fecbcec8b5
"code/experiments/active_learning/NON_GEN_INTERVAL_POOLS_20260618/Mn_NON_GEN_HARD640_FLAT_20260619/556632.cif",1750,f25aadac3dfee0590badb412f26763b3b07e3e90468975fce3265bd1206b8f86
"code/experiments/active_learning/NON_GEN_INTERVAL_POOLS_20260618/Mn_NON_GEN_HARD640_FLAT_20260619/557447.cif",1820,5757d4a9120dba7455f43314f6a24787d55097c7e670a64bd72ad325e2444106
"code/experiments/active_learning/NON_GEN_INTERVAL_POOLS_20260618/Mn_NON_GEN_HARD640_FLAT_20260619/558201.cif",8556,e3aeda08e237ca4e44b48380c2dc398118e448b8dab165a9b874e9b21efc822d
"code/experiments/active_learning/NON_GEN_INTERVAL_POOLS_20260618/Mn_NON_GEN_HARD640_FLAT_20260619/558402.cif",2373,792532f73241a34e8a87a006376f8c3c702afcc1f5dd3413d43faa4fda2244f8
"code/experiments/active_learning/NON_GEN_INTERVAL_POOLS_20260618/Mn_NON_GEN_HARD640_FLAT_20260619/558651.cif",3438,a5cf0ed1c574c86ac015fd8e66e05cdbe102ad285a3521827a7c44c250222f2a
"code/experiments/active_learning/NON_GEN_INTERVAL_POOLS_20260618/Mn_NON_GEN_HARD640_FLAT_20260619/558892.cif",1524,1a137e5ef826841aa95f2d626e09ab6e07364423368af84d6357f19972a5a26f
"code/experiments/active_learning/NON_GEN_INTERVAL_POOLS_20260618/Mn_NON_GEN_HARD640_FLAT_20260619/558968.cif",8470,b3bf83e242e9f231983c10f6623e0db5ae315b18edda51ec9d57118d0e3ee411
"code/experiments/active_learning/NON_GEN_INTERVAL_POOLS_20260618/Mn_NON_GEN_HARD640_FLAT_20260619/558986.cif",4927,b946ceb2eec085936a22e85c7f009137673c4545342f9ef37ed1c591f32ebe12
"code/experiments/active_learning/NON_GEN_INTERVAL_POOLS_20260618/Mn_NON_GEN_HARD640_FLAT_20260619/559046.cif",5570,8600790714169de667400db07ccec6154859315aed907bd477ccf5489520d255
"code/experiments/active_learning/NON_GEN_INTERVAL_POOLS_20260618/Mn_NON_GEN_HARD640_FLAT_20260619/559195.cif",1861,2e02f7815a811c76d8e1ed35d5971112dfff7891acbb92abb13c0ae857df3ca0
"code/experiments/active_learning/NON_GEN_INTERVAL_POOLS_20260618/Mn_NON_GEN_HARD640_FLAT_20260619/559604.cif",3194,6107cd4efe6b22262c3311997d6be233b16f77f4845278645c2c45e57d092da4
"code/experiments/active_learning/NON_GEN_INTERVAL_POOLS_20260618/Mn_NON_GEN_HARD640_FLAT_20260619/560306.cif",4895,4c677c03bcbc105f76475e832bd0db2c3746a66bb4eea35de5df3cd02a7ad73d
"code/experiments/active_learning/NON_GEN_INTERVAL_POOLS_20260618/Mn_NON_GEN_HARD640_FLAT_20260619/560883.cif",2915,528145560dc2eca8ade9fae44cf43434aa8ef280627fe849424ddf7e79a8e6e4
"code/experiments/active_learning/NON_GEN_INTERVAL_POOLS_20260618/Mn_NON_GEN_HARD640_FLAT_20260619/560911.cif",5715,b407596345028b30b6b57b80a111e5eefb39fb418931ef03e723207a83e16192
"code/experiments/active_learning/NON_GEN_INTERVAL_POOLS_20260618/Mn_NON_GEN_HARD640_FLAT_20260619/560912.cif",2495,89aaeb62e8e89d39ca31ad41040f0ca4f223e8026bbb5330e2d932a7885b82a3
"code/experiments/active_learning/NON_GEN_INTERVAL_POOLS_20260618/Mn_NON_GEN_HARD640_FLAT_20260619/560917.cif",3303,8bfbab3886f219c9534f2d2c7a841c9c3b24fa1c0c2403999704603cabe09578
"code/experiments/active_learning/NON_GEN_INTERVAL_POOLS_20260618/Mn_NON_GEN_HARD640_FLAT_20260619/560955.cif",3757,594f8738a9075cc6494eef8a71124590055266b9b2ab74b99809a80345b2799e
"code/experiments/active_learning/NON_GEN_INTERVAL_POOLS_20260618/Mn_NON_GEN_HARD640_FLAT_20260619/561610.cif",1851,fc43d0481663fff96cf4fff13c74a8f97a6f0fa976b071aaa8a6e3e237f0cc99
"code/experiments/active_learning/NON_GEN_INTERVAL_POOLS_20260618/Mn_NON_GEN_HARD640_FLAT_20260619/562612.cif",1747,f7fb0dccff722b73197416bfd646a0dd0dec0475bfcc5d8f1a752122c55da277
"code/experiments/active_learning/NON_GEN_INTERVAL_POOLS_20260618/Mn_NON_GEN_HARD640_FLAT_20260619/565428.cif",1900,42740675901fcef901d652f0d5ab2ccceacc77da2994db84f70adab513a8540f
"code/experiments/active_learning/NON_GEN_INTERVAL_POOLS_20260618/Mn_NON_GEN_HARD640_FLAT_20260619/572800.cif",2073,96eaad9c526c28cba27f5914116d5f8fa8c6abd2f5c582e80160df28e7a763f2
"code/experiments/active_learning/NON_GEN_INTERVAL_POOLS_20260618/Mn_NON_GEN_HARD640_FLAT_20260619/573229.cif",2074,6f02fe4cff23b8da32605f11065eddfad994962658430f7d9e13bf2b1ab3e43a
"code/experiments/active_learning/NON_GEN_INTERVAL_POOLS_20260618/Mn_NON_GEN_HARD640_FLAT_20260619/573318.cif",2102,8cd59242882ef0f3f59383da01bc2c2ab7893d5065e3d6c86e481a0cf3139640
"code/experiments/active_learning/NON_GEN_INTERVAL_POOLS_20260618/Mn_NON_GEN_HARD640_FLAT_20260619/579071.cif",1960,47770c6d9d755b40306617788258c6d1f43267c64e9ef285adc8154edf585400
"code/experiments/active_learning/NON_GEN_INTERVAL_POOLS_20260618/Mn_NON_GEN_HARD640_FLAT_20260619/616160.cif",5077,0cfd68c2714a09761cf91a95224a0527f6c5e93664ab9dccb937f01ea206b168
"code/experiments/active_learning/NON_GEN_INTERVAL_POOLS_20260618/Mn_NON_GEN_HARD640_FLAT_20260619/616555.cif",1829,875e817eb29e37d49c667dd559290d1df3a46ba60fba4fe28d811d16c0b4499e
"code/experiments/active_learning/NON_GEN_INTERVAL_POOLS_20260618/Mn_NON_GEN_HARD640_FLAT_20260619/623924.cif",3199,df5e11cf5eb446009b30a0164377d25b55a35af57275f1daf4534e99000e0303
"code/experiments/active_learning/NON_GEN_INTERVAL_POOLS_20260618/Mn_NON_GEN_HARD640_FLAT_20260619/630403.cif",2592,a6634a19799af730900d8f9bd390894be2a60de4d2ef9b114422de3a73f0596e
"code/experiments/active_learning/NON_GEN_INTERVAL_POOLS_20260618/Mn_NON_GEN_HARD640_FLAT_20260619/631350.cif",3199,240a8f032e0d93ac3e5d22a2c4cfd66ac97c6d6bf8ce97582e65f8b151da6cfb
"code/experiments/active_learning/NON_GEN_INTERVAL_POOLS_20260618/Mn_NON_GEN_HARD640_FLAT_20260619/637244.cif",5947,751ba10d7d300112bb9f466172951fe596e46b68004b5e8c8a47d1fb588f6ce1
"code/experiments/active_learning/NON_GEN_INTERVAL_POOLS_20260618/Mn_NON_GEN_HARD640_FLAT_20260619/637502.cif",5946,db7522946fd88ea1af78045e6e6188c4e73644e02275cd73d72f52911ddb09fe
"code/experiments/active_learning/NON_GEN_INTERVAL_POOLS_20260618/Mn_NON_GEN_HARD640_FLAT_20260619/643670.cif",9548,e572dd9d0b741432c62b23f39869d0a7ac1777098e51e2bbe11206b5ec2d5f40
"code/experiments/active_learning/NON_GEN_INTERVAL_POOLS_20260618/Mn_NON_GEN_HARD640_FLAT_20260619/648164.cif",1893,ce449646546599b3f49937f210a1667b10930b938c9b3bc9bd796dcdc672f44a
"code/experiments/active_learning/NON_GEN_INTERVAL_POOLS_20260618/Mn_NON_GEN_HARD640_FLAT_20260619/650943.cif",4456,e629793192c52092840a3b664f86822aa4456a27988a56eb91b7ba52f4a22cfa
"code/experiments/active_learning/NON_GEN_INTERVAL_POOLS_20260618/Mn_NON_GEN_HARD640_FLAT_20260619/651122.cif",7835,fa9b33dcda88330d2ddb8e449d01948f182933174a10620b2a757139c600b10d
"code/experiments/active_learning/NON_GEN_INTERVAL_POOLS_20260618/Mn_NON_GEN_HARD640_FLAT_20260619/651406.cif",9553,33f97b9313afe0c4736d47a345aaab20d0e54fd392f6ca53e84e6dc823a76bc4
"code/experiments/active_learning/NON_GEN_INTERVAL_POOLS_20260618/Mn_NON_GEN_HARD640_FLAT_20260619/651786.cif",3721,f951a5bd9cbfb622d2a67f07506e964daa40b17f98407577a82d7989d7148373
"code/experiments/active_learning/NON_GEN_INTERVAL_POOLS_20260618/Mn_NON_GEN_HARD640_FLAT_20260619/653429.cif",2920,db3950ea517881ae0d6782415a65d4eec9e2da8e4275e4d5e8447e9196df18ef
"code/experiments/active_learning/NON_GEN_INTERVAL_POOLS_20260618/Mn_NON_GEN_HARD640_FLAT_20260619/655140.cif",1941,923c06e092aaed49f4f72c9ace457468b7320c250f84df69a8c63733a2aa6956
"code/experiments/active_learning/NON_GEN_INTERVAL_POOLS_20260618/Mn_NON_GEN_HARD640_FLAT_20260619/683652.cif",3207,57cb898509fc91d96e396d3db9f8170d81bd4a682270ddd94b5f1cf469cf7380
"code/experiments/active_learning/NON_GEN_INTERVAL_POOLS_20260618/Mn_NON_GEN_HARD640_FLAT_20260619/683668.cif",3213,0717db32537acb2fd4abd1b8006d82b82b247d03b925542a53802237374b5c3e
"code/experiments/active_learning/NON_GEN_INTERVAL_POOLS_20260618/Mn_NON_GEN_HARD640_FLAT_20260619/683791.cif",3213,bef0c594982023a60ea0e1c5d8728f5defe598bda53f3fdb5006517a4f3833b2
"code/experiments/active_learning/NON_GEN_INTERVAL_POOLS_20260618/Mn_NON_GEN_HARD640_FLAT_20260619/684705.cif",1749,64fb2839235a81736a1f7545df6e44ad6ff062c5a99cc54195f0f4b278a869f1
"code/experiments/active_learning/NON_GEN_INTERVAL_POOLS_20260618/Mn_NON_GEN_HARD640_FLAT_20260619/684803.cif",2229,bb1a11c30c43cc497e720200e37b84e89b2230c6b727950db5421ed85703d572
"code/experiments/active_learning/NON_GEN_INTERVAL_POOLS_20260618/Mn_NON_GEN_HARD640_FLAT_20260619/690556.cif",1749,b655c2d2251e5c178d371a611b2ecb0e0b8a603772a6425166d037d7de5fe691
"code/experiments/active_learning/NON_GEN_INTERVAL_POOLS_20260618/Mn_NON_GEN_HARD640_FLAT_20260619/690564.cif",2275,47cc7a5671295405cbe527a9c67e0e760152332c70f2e17ec4f13b459afe93f0
"code/experiments/active_learning/NON_GEN_INTERVAL_POOLS_20260618/Mn_NON_GEN_HARD640_FLAT_20260619/690617.cif",1961,dd995bbcb82dd5046cff4df477fec6334101926d74230ee58248fb3ef4ef01a1
"code/experiments/active_learning/NON_GEN_INTERVAL_POOLS_20260618/Mn_NON_GEN_HARD640_FLAT_20260619/694915.cif",1749,7e490d18a208925b2d5b0293b159228fe5d5682f15868f54076e5295e399b549
"code/experiments/active_learning/NON_GEN_INTERVAL_POOLS_20260618/Mn_NON_GEN_HARD640_FLAT_20260619/694988.cif",4913,9b5481aa2e84bda883a0dd8dd51b955cba42da9fb41eff4e2e772f3647d93933
"code/experiments/active_learning/NON_GEN_INTERVAL_POOLS_20260618/Mn_NON_GEN_HARD640_FLAT_20260619/695044.cif",2807,e6e67e00863f9b9d28d2e9752c6ad202f36cf03a9273a73b820b404794b11306
"code/experiments/active_learning/NON_GEN_INTERVAL_POOLS_20260618/Mn_NON_GEN_HARD640_FLAT_20260619/696630.cif",1841,5845e9b133b197374a93d6223dc4e895bdabcc7fac98b22951d91f11f8568e1f
"code/experiments/active_learning/NON_GEN_INTERVAL_POOLS_20260618/Mn_NON_GEN_HARD640_FLAT_20260619/697820.cif",2806,fb47b53959f8fa47fef3417234acbe0b626236617541a03dd088798e5512777d
"code/experiments/active_learning/NON_GEN_INTERVAL_POOLS_20260618/Mn_NON_GEN_HARD640_FLAT_20260619/699041.cif",5986,730c33691fbdf26b04b699e7d7daf29ea6804017f527cae89dc0472f9e7f5561
"code/experiments/active_learning/NON_GEN_INTERVAL_POOLS_20260618/Mn_NON_GEN_HARD640_FLAT_20260619/699691.cif",2915,6d02b584e6071705abdcf215a723ab6aacf9fda49c6f7fc4c44eb1e81e055822
"code/experiments/active_learning/NON_GEN_INTERVAL_POOLS_20260618/Mn_NON_GEN_HARD640_FLAT_20260619/703684.cif",2903,0fb70296f98048d88f105d1638bf45dc264b00ac28867b6e71c4c14d673e68dd
"code/experiments/active_learning/NON_GEN_INTERVAL_POOLS_20260618/Mn_NON_GEN_HARD640_FLAT_20260619/704255.cif",10203,074d7554bfcce91f893731d2ac7e5698559d2454bc70ece1430c6d5aae564cd4
"code/experiments/active_learning/NON_GEN_INTERVAL_POOLS_20260618/Mn_NON_GEN_HARD640_FLAT_20260619/705288.cif",2816,8abfee1d1e2d77110e88c135f64c1e43956fb91e79a289c4515694f3a0f1b3ed
"code/experiments/active_learning/NON_GEN_INTERVAL_POOLS_20260618/Mn_NON_GEN_HARD640_FLAT_20260619/706246.cif",5987,646287f0bb4e9f2f00aa6d45b63555a84a88c845726d0bfa91d5d2689d5c3e0d
"code/experiments/active_learning/NON_GEN_INTERVAL_POOLS_20260618/Mn_NON_GEN_HARD640_FLAT_20260619/706248.cif",3873,8fc2884e0eb9485928ac1cddb82d5f847592d9fa52d3bfaa501c140d24c859b3
"code/experiments/active_learning/NON_GEN_INTERVAL_POOLS_20260618/Mn_NON_GEN_HARD640_FLAT_20260619/707875.cif",3811,f60dfaf495a8d6bb92d925210f7e9ed1f10bddc431b4db76a7eb0308011910d9
"code/experiments/active_learning/NON_GEN_INTERVAL_POOLS_20260618/Mn_NON_GEN_HARD640_FLAT_20260619/720103.cif",3348,ffdff9f084a9bb085fc4fe13baba3b9130d8fd0d1d9dbfae80c5a93cb1c3965a
"code/experiments/active_learning/NON_GEN_INTERVAL_POOLS_20260618/Mn_NON_GEN_HARD640_FLAT_20260619/720196.cif",2800,84499f385b2b2feebb55ce4b20ec0b9765c240a944b560a4b382e6b87b9b148a
"code/experiments/active_learning/NON_GEN_INTERVAL_POOLS_20260618/Mn_NON_GEN_HARD640_FLAT_20260619/721172.cif",3654,83c52b0f2f9ba10b3c37b4ac5336b699ed4750f006b33bf95bc86e6f07e5fbd4
"code/experiments/active_learning/NON_GEN_INTERVAL_POOLS_20260618/Mn_NON_GEN_HARD640_FLAT_20260619/726800.cif",2337,6891fd8e1c37c27fdedc93f0845aa9c62a6cfac5dcf91fc5d1267195a5c91980
"code/experiments/active_learning/NON_GEN_INTERVAL_POOLS_20260618/Mn_NON_GEN_HARD640_FLAT_20260619/727111.cif",3618,2f1750db772a484e4453d7f2e8ca0a79f539e602f0afd8375f583b0be59ff529
"code/experiments/active_learning/NON_GEN_INTERVAL_POOLS_20260618/Mn_NON_GEN_HARD640_FLAT_20260619/728301.cif",2463,46180844d36aa34681822ba23e894b364f3e3ccb3caabbc9af12b34ac2b26a8f
"code/experiments/active_learning/NON_GEN_INTERVAL_POOLS_20260618/Mn_NON_GEN_HARD640_FLAT_20260619/729027.cif",5519,ba63c3b4f8025007e43c509d90315911cd0dd412a748162aba79c48ff5f4246c
"code/experiments/active_learning/NON_GEN_INTERVAL_POOLS_20260618/Mn_NON_GEN_HARD640_FLAT_20260619/729033.cif",6173,56615e2b4a98c9d6e60c2f95e48d678a0fef62551286ad8d5f490e6d384816bf
"code/experiments/active_learning/NON_GEN_INTERVAL_POOLS_20260618/Mn_NON_GEN_HARD640_FLAT_20260619/729389.cif",5422,15399edc34f462dd38fc209bdf6b7b3e1bcd2b3afcb65778a1fd0dad04c032b3
"code/experiments/active_learning/NON_GEN_INTERVAL_POOLS_20260618/Mn_NON_GEN_HARD640_FLAT_20260619/729824.cif",9329,b47949105732e6ce7f3551e209c4a3250b465df15dae41c6ffee5c7332664e9d
"code/experiments/active_learning/NON_GEN_INTERVAL_POOLS_20260618/Mn_NON_GEN_HARD640_FLAT_20260619/731668.cif",2274,520fe70d6404ac1e35f611cb0b50162682c72b4d044a2947c42b9bc7d8824f0a
"code/experiments/active_learning/NON_GEN_INTERVAL_POOLS_20260618/Mn_NON_GEN_HARD640_FLAT_20260619/733680.cif",5340,47e74e5a691f7fa807fcfeb4386189cf5e8fbfbddc92e9674126210fd17f5b6e
"code/experiments/active_learning/NON_GEN_INTERVAL_POOLS_20260618/Mn_NON_GEN_HARD640_FLAT_20260619/735626.cif",7216,c6a0a795217de39da0d1d441cbaa23b1ad7e16dfb33d71678a15c811e7e00f0e
"code/experiments/active_learning/NON_GEN_INTERVAL_POOLS_20260618/Mn_NON_GEN_HARD640_FLAT_20260619/743698.cif",2816,e0c116dfd0a64bd5469e3716f6f5f995ef675ab9d9780f2016c1ce6e823b429d
"code/experiments/active_learning/NON_GEN_INTERVAL_POOLS_20260618/Mn_NON_GEN_HARD640_FLAT_20260619/743838.cif",3875,200b7233ce6ddd5aeaec680a4e79879094a8104ac7cd15b2fb8b6ecb37fd4a5a
"code/experiments/active_learning/NON_GEN_INTERVAL_POOLS_20260618/Mn_NON_GEN_HARD640_FLAT_20260619/744084.cif",2573,b16c2f4eaf3034820b482b73c9e6fa9d84d9d223e31262d44ad2f67d35a3dbac
"code/experiments/active_learning/NON_GEN_INTERVAL_POOLS_20260618/Mn_NON_GEN_HARD640_FLAT_20260619/745107.cif",3027,3ddfb2bfb9cc352c94194afc8530f45bec73180fea53472c57b27bd79b814cbb
"code/experiments/active_learning/NON_GEN_INTERVAL_POOLS_20260618/Mn_NON_GEN_HARD640_FLAT_20260619/746793.cif",5143,3e627232c3f5e9761f5827e58b2ad28b6e858493f19c2adda513a01257e01d26
"code/experiments/active_learning/NON_GEN_INTERVAL_POOLS_20260618/Mn_NON_GEN_HARD640_FLAT_20260619/753545.cif",2183,a83bc889b7243251275c22bda9406fb2e3502048b1442f33736b15edbba593a9
"code/experiments/active_learning/NON_GEN_INTERVAL_POOLS_20260618/Mn_NON_GEN_HARD640_FLAT_20260619/753882.cif",2068,a8e889f1dfaa47f40554ca941344c0b6e956b568a59005b117a0b02e740b34f2
"code/experiments/active_learning/NON_GEN_INTERVAL_POOLS_20260618/Mn_NON_GEN_HARD640_FLAT_20260619/754076.cif",2185,546281e68f8f1b9ffd457d69266b9db82ebf32e173af0b0fe17d89211d5515fc
"code/experiments/active_learning/NON_GEN_INTERVAL_POOLS_20260618/Mn_NON_GEN_HARD640_FLAT_20260619/754649.cif",1723,a225248c5c44f682bff0fec81a086119d054acf533171c7318a5af8b0b352a3b
"code/experiments/active_learning/NON_GEN_INTERVAL_POOLS_20260618/Mn_NON_GEN_HARD640_FLAT_20260619/755012.cif",2185,a2c1b57d0e5b2609506300bbac62927d325a6ad3dee0ab86d7dac8db38cd1031
"code/experiments/active_learning/NON_GEN_INTERVAL_POOLS_20260618/Mn_NON_GEN_HARD640_FLAT_20260619/756399.cif",2183,bf0847d0309e933a41f827c48e648ea86881d4ad281d8cc760bec08e47746ec2
"code/experiments/active_learning/NON_GEN_INTERVAL_POOLS_20260618/Mn_NON_GEN_HARD640_FLAT_20260619/756893.cif",1626,d9022c0f0a6f387a1ac776e6f01b49d0b55b1aae7657669ae152c973a07be391
"code/experiments/active_learning/NON_GEN_INTERVAL_POOLS_20260618/Mn_NON_GEN_HARD640_FLAT_20260619/757046.cif",3427,2aa8f07c5320bdec688d279c303171def5f7a3c75c5109388aa17cd5e1dc71bd
"code/experiments/active_learning/NON_GEN_INTERVAL_POOLS_20260618/Mn_NON_GEN_HARD640_FLAT_20260619/757178.cif",3442,397e19c8f2a11bced09e6fc63b9847d8d7ba53270d973a97b49d2b349144db38
"code/experiments/active_learning/NON_GEN_INTERVAL_POOLS_20260618/Mn_NON_GEN_HARD640_FLAT_20260619/757199.cif",1751,6d2f0da29b43e23b3d9c4940cba618da818d5dc93abc4dc6973d30d68b1db9d2
"code/experiments/active_learning/NON_GEN_INTERVAL_POOLS_20260618/Mn_NON_GEN_HARD640_FLAT_20260619/757236.cif",2073,62daefd578c5efeb068d7f78f15b905b8e0fda9c20fc73aca78a402332bf964c
"code/experiments/active_learning/NON_GEN_INTERVAL_POOLS_20260618/Mn_NON_GEN_HARD640_FLAT_20260619/757284.cif",2584,2f1880ea994234727caa3baccb372325e767c51354fc48c47199d0c7441c1c40
"code/experiments/active_learning/NON_GEN_INTERVAL_POOLS_20260618/Mn_NON_GEN_HARD640_FLAT_20260619/757439.cif",2584,016c689d8f33d039e76855318135704f5ec97bfebaddf55667bdf6010ec80f65
"code/experiments/active_learning/NON_GEN_INTERVAL_POOLS_20260618/Mn_NON_GEN_HARD640_FLAT_20260619/757703.cif",2584,0c25f80ba938d8281fb0e3eb7aee3787774b68c30fd759a250ec958bd58cb4b8
"code/experiments/active_learning/NON_GEN_INTERVAL_POOLS_20260618/Mn_NON_GEN_HARD640_FLAT_20260619/757903.cif",1957,70309d12e91576d4bbc9892b28f4e8f42443561f1574ba9001234748526e65e0
"code/experiments/active_learning/NON_GEN_INTERVAL_POOLS_20260618/Mn_NON_GEN_HARD640_FLAT_20260619/758211.cif",2183,2532a1937e0988e8400615abe7992875a899c0a32d776feccf0a7c74d9fa2d4f
"code/experiments/active_learning/NON_GEN_INTERVAL_POOLS_20260618/Mn_NON_GEN_HARD640_FLAT_20260619/758256.cif",2584,a3a05edb6420cbf33334c39db2358a8bb316bfc353e4ee6fe38b7009d9fa55aa
"code/experiments/active_learning/NON_GEN_INTERVAL_POOLS_20260618/Mn_NON_GEN_HARD640_FLAT_20260619/758293.cif",2584,2b8048f204c197f14bd6e060fd2bde54710e72f3c39c00147617ebf7d135e78a
"code/experiments/active_learning/NON_GEN_INTERVAL_POOLS_20260618/Mn_NON_GEN_HARD640_FLAT_20260619/758445.cif",2810,821c4afcbb69dfd1f0611c5a26fe06eb8600fa613b6684995135ebd193d9b680
"code/experiments/active_learning/NON_GEN_INTERVAL_POOLS_20260618/Mn_NON_GEN_HARD640_FLAT_20260619/759559.cif",2173,d06a436ff4be8092dbf794a926e1ec3a9c34231b1a06115517ffe115b4d94044
"code/experiments/active_learning/NON_GEN_INTERVAL_POOLS_20260618/Mn_NON_GEN_HARD640_FLAT_20260619/759656.cif",2267,7de2e33fb90376b3e16fe6b1892d7e45dbd3bbb7c397deaefad78ebb244b64d3
"code/experiments/active_learning/NON_GEN_INTERVAL_POOLS_20260618/Mn_NON_GEN_HARD640_FLAT_20260619/759748.cif",3753,2410284578b634526fdc86701c972e95ac3cfac39294c86682812975321c1dbd
"code/experiments/active_learning/NON_GEN_INTERVAL_POOLS_20260618/Mn_NON_GEN_HARD640_FLAT_20260619/759934.cif",3416,99904aa75716d7691c25625491f1606b04077234f9b18e98acddf42e1b431f03
"code/experiments/active_learning/NON_GEN_INTERVAL_POOLS_20260618/Mn_NON_GEN_HARD640_FLAT_20260619/759967.cif",2472,4ec73bfcf90882be26df1cb33978288b55eb35733c0705ce71032e2a597e86b9
"code/experiments/active_learning/NON_GEN_INTERVAL_POOLS_20260618/Mn_NON_GEN_HARD640_FLAT_20260619/759992.cif",4466,fe7a8fa07fc96e995eb0a6fbd7ee465ccd817482ccfbf07022c98457b12592dc
"code/experiments/active_learning/NON_GEN_INTERVAL_POOLS_20260618/Mn_NON_GEN_HARD640_FLAT_20260619/760023.cif",2479,ea3deddb494d220f1d09212791d95ac3bff634eda98267d460ac7a715f0a99f8
"code/experiments/active_learning/NON_GEN_INTERVAL_POOLS_20260618/Mn_NON_GEN_HARD640_FLAT_20260619/760033.cif",2846,33d2eac23ab8462a71e49b06a9358fc70c25d18fbf73f3d136e985dd1c5c8143
"code/experiments/active_learning/NON_GEN_INTERVAL_POOLS_20260618/Mn_NON_GEN_HARD640_FLAT_20260619/761556.cif",995,38b0e4addb954e70b08c3c0b973f0686abbcf1ca01f39f66bbed1e4e68491b87
"code/experiments/active_learning/NON_GEN_INTERVAL_POOLS_20260618/Mn_NON_GEN_HARD640_FLAT_20260619/764245.cif",1957,58021e4ae4fae1ceff334486393ae1a3445de1ee310d1d9e3c24014e939f17c0
"code/experiments/active_learning/NON_GEN_INTERVAL_POOLS_20260618/Mn_NON_GEN_HARD640_FLAT_20260619/764613.cif",2173,b6dd802c42101c9a0ad1cfb2a1c554ca9b4e1dd13432a47dc62f0ee5ff7866a4
"code/experiments/active_learning/NON_GEN_INTERVAL_POOLS_20260618/Mn_NON_GEN_HARD640_FLAT_20260619/764870.cif",5126,38ac0799b475b051b30830df2f7c6aeff18dc2865f88fb20d4b77154d0aa8724
"code/experiments/active_learning/NON_GEN_INTERVAL_POOLS_20260618/Mn_NON_GEN_HARD640_FLAT_20260619/766468.cif",2599,c60bbb39827b7ddac4efcd74e8de40f38b2265e011839dc975b5b7654fe66e81
"code/experiments/active_learning/NON_GEN_INTERVAL_POOLS_20260618/Mn_NON_GEN_HARD640_FLAT_20260619/766470.cif",2599,0c46f4d4d568aa4d641c2aab82f6335f52cfb44d026b250dac4c1bdfe6820d2b
"code/experiments/active_learning/NON_GEN_INTERVAL_POOLS_20260618/Mn_NON_GEN_HARD640_FLAT_20260619/766498.cif",2369,831356c4c63b82f51075fa1210de59349db94c062e39088d8b143297f361229c
"code/experiments/active_learning/NON_GEN_INTERVAL_POOLS_20260618/Mn_NON_GEN_HARD640_FLAT_20260619/766510.cif",3447,ee8ce6386b7fe720413b8b23ea04bc5ac106128e2490ef99a9e8eefe4a27c672
"code/experiments/active_learning/NON_GEN_INTERVAL_POOLS_20260618/Mn_NON_GEN_HARD640_FLAT_20260619/766531.cif",3447,b7ecc719a62945f4cf8a24416403bae9b833607f413bc9fe26696e1e309b8b18
"code/experiments/active_learning/NON_GEN_INTERVAL_POOLS_20260618/Mn_NON_GEN_HARD640_FLAT_20260619/766616.cif",3426,90be4c1d06fe049b698663cec8133c110cd659228a2c6cbe1aa19126d58e4eb5
"code/experiments/active_learning/NON_GEN_INTERVAL_POOLS_20260618/Mn_NON_GEN_HARD640_FLAT_20260619/767054.cif",3978,579a61dc652f2d54789eccb0b61c31d8bd953559803ba205e9da9cb43c9d310f
"code/experiments/active_learning/NON_GEN_INTERVAL_POOLS_20260618/Mn_NON_GEN_HARD640_FLAT_20260619/768579.cif",1949,eae1caea0a8cfbe13135b0157579860239ed538338922b9beb70dcd40ab0c4c8
"code/experiments/active_learning/NON_GEN_INTERVAL_POOLS_20260618/Mn_NON_GEN_HARD640_FLAT_20260619/768606.cif",3223,b5ab6833c7b225d3ecb30ab4e0fdbfdc25ccca01b88945507f4e90868d33c0c9
"code/experiments/active_learning/NON_GEN_INTERVAL_POOLS_20260618/Mn_NON_GEN_HARD640_FLAT_20260619/769455.cif",3978,c13d851a2fa9f11446b8072b081bd4362f4b5d9a9806a243a9fa1f5c1bd4d4c6
"code/experiments/active_learning/NON_GEN_INTERVAL_POOLS_20260618/Mn_NON_GEN_HARD640_FLAT_20260619/769474.cif",3210,b8fea4e1ac7a6cf2bf42452e0571c96b5fc017cf0e99c658ed211af4a38efeb7
"code/experiments/active_learning/NON_GEN_INTERVAL_POOLS_20260618/Mn_NON_GEN_HARD640_FLAT_20260619/770412.cif",1524,802be379237173a99d6333d1e761071d26145c3b652cdfdc5bfe4afd3d91bf4a
"code/experiments/active_learning/NON_GEN_INTERVAL_POOLS_20260618/Mn_NON_GEN_HARD640_FLAT_20260619/770518.cif",2186,81a60eb47139fead952ac82cfe54cac92f3052f8be7ce054021439335a93e0e4
"code/experiments/active_learning/NON_GEN_INTERVAL_POOLS_20260618/Mn_NON_GEN_HARD640_FLAT_20260619/770554.cif",1959,84f89df25e3e4a79a79597ff062900bdd2ddbd707c285235f559dbc1fe354be6
"code/experiments/active_learning/NON_GEN_INTERVAL_POOLS_20260618/Mn_NON_GEN_HARD640_FLAT_20260619/770680.cif",4947,850e300c7737ceec10880c126ae95690aa33269c13da46dfccebc4af3007d937
"code/experiments/active_learning/NON_GEN_INTERVAL_POOLS_20260618/Mn_NON_GEN_HARD640_FLAT_20260619/770725.cif",2489,caba324b263321f96b3aaf22fa01b0850fc15d2668cdce5c9a69ffe23ae993d1
"code/experiments/active_learning/NON_GEN_INTERVAL_POOLS_20260618/Mn_NON_GEN_HARD640_FLAT_20260619/770761.cif",3209,078e867ab7834acebf6e90f1b571ff18e7d1992342d492b447884052e2ad79ce
"code/experiments/active_learning/NON_GEN_INTERVAL_POOLS_20260618/Mn_NON_GEN_HARD640_FLAT_20260619/770765.cif",3440,55cf808d59342a564309cb7fad59b17b5ba45ebfee741b4735067a12e1361c68
"code/experiments/active_learning/NON_GEN_INTERVAL_POOLS_20260618/Mn_NON_GEN_HARD640_FLAT_20260619/770842.cif",2184,b4697572fd1641b1f6c3c31e9790dc8f1e5523368d1b6bdf878e3810641abd54
"code/experiments/active_learning/NON_GEN_INTERVAL_POOLS_20260618/Mn_NON_GEN_HARD640_FLAT_20260619/770859.cif",1960,19fac11a958bdeedf6ef311e7d9bfb84bbe10fc2cc2a209e3e84e6a3e2acbbc2
"code/experiments/active_learning/NON_GEN_INTERVAL_POOLS_20260618/Mn_NON_GEN_HARD640_FLAT_20260619/770881.cif",2160,a12f1e0ab4a03dd9d2974ae7ad94a8f288b6fffa4f2d523971c925c0b28b6a98
"code/experiments/active_learning/NON_GEN_INTERVAL_POOLS_20260618/Mn_NON_GEN_HARD640_FLAT_20260619/770900.cif",1846,efa8ededc31ff1ccf8691ab778795e745fc75c6da1bd5fd8046da421d1e4308a
"code/experiments/active_learning/NON_GEN_INTERVAL_POOLS_20260618/Mn_NON_GEN_HARD640_FLAT_20260619/770905.cif",1846,bf2e6f71256a0902555cb49c280c50f1ee04993a99a13f505c358d523dc0acd5
"code/experiments/active_learning/NON_GEN_INTERVAL_POOLS_20260618/Mn_NON_GEN_HARD640_FLAT_20260619/770910.cif",3220,d919f6fa703fd3fe7cf4f5862124d5bfcbe642fe5ef4f318805bebd13004cf84
"code/experiments/active_learning/NON_GEN_INTERVAL_POOLS_20260618/Mn_NON_GEN_HARD640_FLAT_20260619/771061.cif",2154,56e5c43cfb17d98924056d9ccb5dbf9b6fe93cbb693e18c6c0fa52b2bfd52a2a
"code/experiments/active_learning/NON_GEN_INTERVAL_POOLS_20260618/Mn_NON_GEN_HARD640_FLAT_20260619/771092.cif",2800,941ebb31bd983bf8f07822604eb7618e6e969202135c74e1bfb27b2e8b3217bb
"code/experiments/active_learning/NON_GEN_INTERVAL_POOLS_20260618/Mn_NON_GEN_HARD640_FLAT_20260619/771142.cif",1949,331bf18bea6a11ca2fbb852e612d6273dc0072e8a04619428d7bb9867afd4e22
"code/experiments/active_learning/NON_GEN_INTERVAL_POOLS_20260618/Mn_NON_GEN_HARD640_FLAT_20260619/771360.cif",2800,4ce242edd3ab20a46b2462f8390dfc28112610fb0b334862711fe17586a33f5e
"code/experiments/active_learning/NON_GEN_INTERVAL_POOLS_20260618/Mn_NON_GEN_HARD640_FLAT_20260619/771641.cif",2574,919da3de02780195ab1ae6d864b4b19ef01be16fbf8e3314e6e4ee82917fdf8d
"code/experiments/active_learning/NON_GEN_INTERVAL_POOLS_20260618/Mn_NON_GEN_HARD640_FLAT_20260619/771706.cif",1949,323f930413a88d3da094efb69f20aa90451da11c3f8c0adc9b468fb61f197638
"code/experiments/active_learning/NON_GEN_INTERVAL_POOLS_20260618/Mn_NON_GEN_HARD640_FLAT_20260619/771824.cif",1949,dcee40a8f71273d9022548358aed78ef0a649d7b48d8933f4e97d1b015a90904
"code/experiments/active_learning/NON_GEN_INTERVAL_POOLS_20260618/Mn_NON_GEN_HARD640_FLAT_20260619/771910.cif",1957,bb6938824deca659469c4018358e68e0b85b36902049dcad44a9d5c11ce08ee9
"code/experiments/active_learning/NON_GEN_INTERVAL_POOLS_20260618/Mn_NON_GEN_HARD640_FLAT_20260619/771946.cif",1959,c50fb0666ec9d365f0a219203399dad3ff28c7ef48eac5e745a44e16079b1547
"code/experiments/active_learning/NON_GEN_INTERVAL_POOLS_20260618/Mn_NON_GEN_HARD640_FLAT_20260619/772101.cif",3438,64980e69e289f94050654ac60492665315edfd4c2cdc6600cc3b343b8828df91
"code/experiments/active_learning/NON_GEN_INTERVAL_POOLS_20260618/Mn_NON_GEN_HARD640_FLAT_20260619/772182.cif",1956,ef4353a95420a386d56e0386ad8ffa930ad8e04264074769e4b5f896cb1f2d81
"code/experiments/active_learning/NON_GEN_INTERVAL_POOLS_20260618/Mn_NON_GEN_HARD640_FLAT_20260619/772308.cif",3445,7dad5ed23b931441021a6806a45bbb099b25df6055b861c06d84e419b707d655
"code/experiments/active_learning/NON_GEN_INTERVAL_POOLS_20260618/Mn_NON_GEN_HARD640_FLAT_20260619/772970.cif",3438,34bdd17c1926e064ebdf8966b8a3848f1a2fc67591d76aecff084b5f01074c5c
"code/experiments/active_learning/NON_GEN_INTERVAL_POOLS_20260618/Mn_NON_GEN_HARD640_FLAT_20260619/773432.cif",1833,b13c37e3ae2d285ebd6fc6b6f4fbb74e0334a1c2b832774a983ab92815c9b47f
"code/experiments/active_learning/NON_GEN_INTERVAL_POOLS_20260618/Mn_NON_GEN_HARD640_FLAT_20260619/773605.cif",3220,41be3e3fea3e3400c3d339fba23a19c52eed5244e5bd1d6428ac60ad2a37dc90
"code/experiments/active_learning/NON_GEN_INTERVAL_POOLS_20260618/Mn_NON_GEN_HARD640_FLAT_20260619/774293.cif",3978,a68e728861fe287f942f9b04c03d5a5e7330d2a2979eb269c55ff3f12e5f6020
"code/experiments/active_learning/NON_GEN_INTERVAL_POOLS_20260618/Mn_NON_GEN_HARD640_FLAT_20260619/774294.cif",2183,b7cd3e8f48a21adf3c0b9d04b761cbf58c4a0e73c3b9d5612fdbd093c1e095aa
"code/experiments/active_learning/NON_GEN_INTERVAL_POOLS_20260618/Mn_NON_GEN_HARD640_FLAT_20260619/774604.cif",2178,11cfcd2dde0bf6b17e4e446c535eed31062a150a1d465baf1c17aaf3583d8465
"code/experiments/active_learning/NON_GEN_INTERVAL_POOLS_20260618/Mn_NON_GEN_HARD640_FLAT_20260619/774791.cif",2185,dbe025a097210c8cce58bdc7fa26da02fda3c591859640d9640888ebd34c97cb
"code/experiments/active_learning/NON_GEN_INTERVAL_POOLS_20260618/Mn_NON_GEN_HARD640_FLAT_20260619/774806.cif",2185,afa465d971285e8be4d7364c6c8bec6d71c97819d916aaa68a4e981ddb7d20c3
"code/experiments/active_learning/NON_GEN_INTERVAL_POOLS_20260618/Mn_NON_GEN_HARD640_FLAT_20260619/774916.cif",2584,57f9b1202a99b20a8fa7e6dd4392157ef5bd3aca0393fc4af66d7f7e836fe773
"code/experiments/active_learning/NON_GEN_INTERVAL_POOLS_20260618/Mn_NON_GEN_HARD640_FLAT_20260619/775116.cif",1946,4520a8b0382e19b4669e30c4b82ddc10bdcc2a2baa524066d8742052f3fe7260
"code/experiments/active_learning/NON_GEN_INTERVAL_POOLS_20260618/Mn_NON_GEN_HARD640_FLAT_20260619/775171.cif",2810,6c99c19cca88b9c8094bdb0fd5042698e76dbdb350deabdfca76d17ec9809663
"code/experiments/active_learning/NON_GEN_INTERVAL_POOLS_20260618/Mn_NON_GEN_HARD640_FLAT_20260619/775289.cif",2584,0930c27b284fd3dbdf82c0eaf623ad444f2957b2b2d762f071fbc03b34ef7156
"code/experiments/active_learning/NON_GEN_INTERVAL_POOLS_20260618/Mn_NON_GEN_HARD640_FLAT_20260619/775298.cif",2184,29be1dbeba3f05df3cec00311c7fcabbb7274437bfb2fc72099ad463cd6bd3c4
"code/experiments/active_learning/NON_GEN_INTERVAL_POOLS_20260618/Mn_NON_GEN_HARD640_FLAT_20260619/775601.cif",2804,cb28220daab8b9594410645a45784138c63f3877ed096e9dda05ccd2e3171ec7
"code/experiments/active_learning/NON_GEN_INTERVAL_POOLS_20260618/Mn_NON_GEN_HARD640_FLAT_20260619/776269.cif",2185,92d9d05d71dbed9ef70ddc32981105e4fe3fda413e4e55099e58a19d30e7f6d9
"code/experiments/active_learning/NON_GEN_INTERVAL_POOLS_20260618/Mn_NON_GEN_HARD640_FLAT_20260619/776829.cif",4688,b98395a58ebb90468bf05aa0aa263efb6adb948a5a669ac8208bdcaffe37d8d2
"code/experiments/active_learning/NON_GEN_INTERVAL_POOLS_20260618/Mn_NON_GEN_HARD640_FLAT_20260619/777063.cif",2513,b54f86906bae3b1974a4aad287e9e38d465970177d8fbbccd9afbf77d171c488
"code/experiments/active_learning/NON_GEN_INTERVAL_POOLS_20260618/Mn_NON_GEN_HARD640_FLAT_20260619/778261.cif",2810,7904316496dd3bc63de18f16cc943304c6a6a65998e2a9f6976b4fcc3db3f506
"code/experiments/active_learning/NON_GEN_INTERVAL_POOLS_20260618/Mn_NON_GEN_HARD640_FLAT_20260619/778282.cif",7840,4552cb6c7ad064bedbc9286a9cacc2a9b9192eff7ed720d1bc2ae9c02ab0f21d
"code/experiments/active_learning/NON_GEN_INTERVAL_POOLS_20260618/Mn_NON_GEN_HARD640_FLAT_20260619/778493.cif",2597,4b35f4cdb4903b41cf6565f94160f2f236888ee4ca56d105808c10736cb14db3
"code/experiments/active_learning/NON_GEN_INTERVAL_POOLS_20260618/Mn_NON_GEN_HARD640_FLAT_20260619/778885.cif",2510,558f686d049d2f3cb7e70d1f682aadccace20c0dfd9f4f068de98c773c4846e1
"code/experiments/active_learning/NON_GEN_INTERVAL_POOLS_20260618/Mn_NON_GEN_HARD640_FLAT_20260619/779026.cif",2810,af1f840ed983d30353609844056f7cee6d23498a3890e91f8efa7ccc287f7193
"code/experiments/active_learning/NON_GEN_INTERVAL_POOLS_20260618/Mn_NON_GEN_HARD640_FLAT_20260619/780308.cif",2537,c4416e344da29174927dc563610554594dcd38bbaa9f713967b7b86a16708e64
"code/experiments/active_learning/NON_GEN_INTERVAL_POOLS_20260618/Mn_NON_GEN_HARD640_FLAT_20260619/780696.cif",2797,e64a7ff80e372a67b23bb0c34bbebd796794a8efcaa68c0bfe6c0f34775953d7
"code/experiments/active_learning/NON_GEN_INTERVAL_POOLS_20260618/Mn_NON_GEN_HARD640_FLAT_20260619/780872.cif",3647,a7f74cd532c59219acae56b6bc8a190c459e05b90fe2246743c81d4756274d07
"code/experiments/active_learning/NON_GEN_INTERVAL_POOLS_20260618/Mn_NON_GEN_HARD640_FLAT_20260619/818613.cif",2386,3a71d7d19973c75876b71deadaadf66a3639c195b35cde93051e3a0f41f9ad8c
"code/experiments/active_learning/NON_GEN_INTERVAL_POOLS_20260618/Mn_NON_GEN_HARD640_FLAT_20260619/820860.cif",3106,e8cdaed1155b99787cf2a22c6c8cf6d58fa572ccf6f0cf209170a132e2bcbe3a
"code/experiments/active_learning/NON_GEN_INTERVAL_POOLS_20260618/Mn_NON_GEN_HARD640_FLAT_20260619/831077.cif",3744,d9539efb540b8a94dcccde96e92cf147ae52639c0dce510c4f68d927cd6c7e0d
"code/experiments/active_learning/NON_GEN_INTERVAL_POOLS_20260618/Mn_NON_GEN_HARD640_FLAT_20260619/849251.cif",2584,c11bf64b54d828d96649ce70b52f8fe377191936337e78e98ab2dc10074d1c94
"code/experiments/active_learning/NON_GEN_INTERVAL_POOLS_20260618/Mn_NON_GEN_HARD640_FLAT_20260619/850186.cif",2184,ef68c02966b8c22bac5390ccc3a016eab2e44d71627ce8fe929572d0710a5308
"code/experiments/active_learning/NON_GEN_INTERVAL_POOLS_20260618/Mn_NON_GEN_HARD640_FLAT_20260619/850531.cif",1957,029fe6e1f3933000e5b395379c9b463f3c45e6c9848fedeb73e030dfa1bba1e6
"code/experiments/active_learning/NON_GEN_INTERVAL_POOLS_20260618/Mn_NON_GEN_HARD640_FLAT_20260619/861478.cif",2173,06e38ee14c791513f0a4004a76813d63982a5e145288261f4a86e6dce8a99b2b
"code/experiments/active_learning/NON_GEN_INTERVAL_POOLS_20260618/Mn_NON_GEN_HARD640_FLAT_20260619/862748.cif",1185,11c181dcd464363bacfbf6dd9648b91e75136a1e78c842f0a705d59a02507cd4
"code/experiments/active_learning/NON_GEN_INTERVAL_POOLS_20260618/Mn_NON_GEN_HARD640_FLAT_20260619/863857.cif",1960,351d36299446e7568ecbcc6eed750e27fd1ba1a55bf97c3129dc6224780a33fd
"code/experiments/active_learning/NON_GEN_INTERVAL_POOLS_20260618/Mn_NON_GEN_HARD640_FLAT_20260619/867530.cif",2184,66d775ca77471778020041ddaa1de99569a3202a3e835485b02134eb6d870945
"code/experiments/active_learning/NON_GEN_INTERVAL_POOLS_20260618/Mn_NON_GEN_HARD640_FLAT_20260619/867667.cif",2184,0832efa10735c0e4f0b6caebf6c9fa253b9a87aaecf0ab06f2bb65f47b82c3fc
"code/experiments/active_learning/NON_GEN_INTERVAL_POOLS_20260618/Mn_NON_GEN_HARD640_FLAT_20260619/997183.cif",897,21910e9dde527b1661a0bfaff7f92d4f810ca438bec30944c6aa7e1597bad28f
"code/experiments/active_learning/NON_GEN_INTERVAL_POOLS_20260618/Mn_NON_GEN_HARD640_FLAT_20260619/atom_init.json",28392,cb90bd2257dbf8cfc4e6b2b6d4348d4616e8e9680f1339b1461137032e0f1894
"code/experiments/active_learning/NON_GEN_INTERVAL_POOLS_20260618/Mn_NON_GEN_HARD640_FLAT_20260619/id_prop.csv",17632,1d3ad5567027ab2771faa625456672bc5c0ef68e52eb17c3c242f0a77bc4e36e
"code/experiments/active_learning/NON_GEN_INTERVAL_POOLS_20260618/Mn_NON_GEN_HARD640_M2P59_M2P47_111_20260709/oracle.csv",180592,22b3b02158d89d355653fb432f35e994970a0c0563e57b556e485b1ef9461c3b
"code/experiments/active_learning/provenance/structural_gate_feasibility_upload_manifest.csv",2634,241ed3550533b55afb1725ebc506b97805a1045760d3a609a2d5518a24d5c9c0
"code/experiments/active_learning/provenance/structural_gate_hidden_evaluability_scores_all275.csv",26069,1a4779cbd5ed8626a81575f88ea2c81e72c5d5c7a98193d6082404dc7a1022ea
"code/experiments/active_learning/pytest.ini",45,9ce201839b42a025c46e2d9627450e1cbf0ed14fb05fa1b731dcabb432a03bd5
"code/experiments/active_learning/tests/__pycache__/test_formal_protocol.cpython-311-pytest-9.0.3.pyc",10624,5ab82dfacf36f665342edf6082539d760f6056337150c834ed6c7f10563faa8a
"code/experiments/active_learning/tests/__pycache__/test_mc_dropout_seed_policy.cpython-311-pytest-9.0.3.pyc",23672,53af6d48ae14c7cac8ce1af7571c63810850febbae5d954be90234c58b747a93
"code/experiments/active_learning/tests/__pycache__/test_run_paired_dataset_job.cpython-311-pytest-9.0.3.pyc",6264,62c814846943e7c9cecbd8d18798ead43f730496f07138e0706c8b8eb3a82bb0
"code/experiments/active_learning/tests/__pycache__/test_uncertainty_units.cpython-311-pytest-9.0.3.pyc",19152,a9f854d6dc7b3cdfe4f6389478a9d623791951957671939da17841f1fb051d89
"code/experiments/active_learning/tests/audit/test_audit_common.py",3370,9c30ac10dfaf7abe76b3e1d69fb91e5217fdfd46128105c030eb9bf7f20b04f1
"code/experiments/active_learning/tests/audit/test_audit_output_manifest.py",1002,d5346a2748046298f07a7f76f0e892322184e31e2162e9b85ed28af7b000aec5
"code/experiments/active_learning/tests/audit/test_dft_manifest.py",4837,2781e9a5352f1b825f0cbe8223fe70f630f514023eca41d6c3fa9f9656eea3f6
"code/experiments/active_learning/tests/audit/test_extract_dft_audit.py",6703,5d801df7a97c49086a3bb40d8582cf303c5fcfdba3d43e9096fd67f327b169eb
"code/experiments/active_learning/tests/audit/test_gate_ablation_smoke.py",5966,94cdb633a47058f4e046de02ba91bd18aff3ffb719a228f83a893f6f86c76c9b
"code/experiments/active_learning/tests/audit/test_group_key_inventory.py",2651,1d9495907a0dc8ac2b8dea7884a1c662d24c422a370e780a7948caf754a14efe
"code/experiments/active_learning/tests/audit/test_matched_seed_figures.py",3917,448866b8199e801ebf1a18de3179e5224802a2c57f3ff421238ccbeded874490
"code/experiments/active_learning/tests/audit/test_mc_dropout_microbenchmark.py",3315,f2109bcc4889bee2c24b4bdb5bfd264d4c2418af777052c7aed0dc506ba2122d
"code/experiments/active_learning/tests/audit/test_recompute_statistics.py",9984,c7b3e01b93a2862080875dae84b642d67f266e8ffcc09b3495a6595bd2cbc6c4
"code/experiments/active_learning/tests/audit/test_seed_variation.py",1638,4e7cc193fe0a73864b7ba679f39506046a0ae94ad5b0fece1da1a42d2279373a
"code/experiments/active_learning/tests/test_analyze_dft_kpoint_convergence.py",6632,2b121cd9cdf9e781211eefb7e22530e5af5031fe4e247edab2828861c3eb622d
"code/experiments/active_learning/tests/test_analyze_gpu_parameter_calibration.py",11392,c0453333fed138889b292289b67a3dc2314a43a075a4d1d0393afe5642282faa
"code/experiments/active_learning/tests/test_analyze_mc_dropout_selection.py",5713,7bfc2a47a882c1941520b96efb1afabbd24de251f7e0a36b3cb62cb6f9a5b091
"code/experiments/active_learning/tests/test_analyze_structural_gate_feasibility.py",8432,b903c70e685ec267548dd430ca4b0d32b9bf8e51521a2b874bc5e43f79bcb4cc
"code/experiments/active_learning/tests/test_audited_job_queue.py",9345,931d4d113d2074380b0ef6e0b27ba71b869da3b005efd6478b3ee1f35ca8d613
"code/experiments/active_learning/tests/test_build_formal_group_key_maps.py",1545,747d0963c155cbc113d0a79ca2c26d764db6612266ed31ff4b769ea1fd8d0a56
"code/experiments/active_learning/tests/test_build_hidden_evaluability_audit_scores.py",2072,eb466165232ba4f79aff45dd1b6fdd7b7bc00518fdbf8b32ca3abea80477d146
"code/experiments/active_learning/tests/test_build_structural_gate_feasibility_assets.py",2298,0955d4b4b54abc51d0d042f3dec6bc6fef58e1c3d49ae7733059d425963020d6
"code/experiments/active_learning/tests/test_build_structural_gate_feasibility_manifest.py",3842,23ca845997d216410ae34d1c2201f29ff7d6d0b34de7af29e314a465d9b165e1
"code/experiments/active_learning/tests/test_concurrency_benchmark.py",4655,a69e0518b26d1f963edfe4806b4e9012398e61900fd72f0901d1f66976986435
"code/experiments/active_learning/tests/test_concurrency_benchmark_analysis.py",6501,3ee8dfeb913bece96d38e3beb68c2d9439bab168c55629d87fc480ad6e71e624
"code/experiments/active_learning/tests/test_formal_protocol.py",4275,f9cc1c032eaea378ac7cffbebe0fb4dae4d5d44c08bbcb0edf02616576b7b9c3
"code/experiments/active_learning/tests/test_freeze_final_gpu_protocol.py",2805,d9d2ec5ab34d9e9bf0789518ff06bc34127834dd54550082c2a63b1baa7aee4f
"code/experiments/active_learning/tests/test_interval_gpu_protocol.py",11501,7154166e245d148d73b5931ebfeac89ed543b9a29488f8326d67c587dada00e8
"code/experiments/active_learning/tests/test_mc_dropout_seed_policy.py",4037,e28eae3b3e4d304ae3dd0110c1257a70fd05e54dfd8eb8f529902c81cff22ec3
"code/experiments/active_learning/tests/test_mn_mg_interval_analysis.py",2860,2d2524f9ea184d10140d39feb82ce1ccf948fb04d5edd1a90b8be6d07e08b356
"code/experiments/active_learning/tests/test_prepare_dft_kpoint_extension.py",2937,83cc2f164722000ed9a6858860765dd8c4d1c12130312d39da061ff90bba8bbe
"code/experiments/active_learning/tests/test_prepare_dft_kpoint_jobs.py",3222,d754463ed958762d77c8d79162e393a378f5a44d80ff5006f256ddf21058b969
"code/experiments/active_learning/tests/test_prepare_gpu_development_jobs.py",1769,78e62d48fa7b747f384dbd8f9a31d62fa28527614f46cbd8b58768561147999e
"code/experiments/active_learning/tests/test_prepare_gpu_formal_jobs.py",2548,59069f198b7860ef9a11808d79564b4f733cd4130eceb97897ffe60851604a78
"code/experiments/active_learning/tests/test_prepare_gpu_threshold_calibration.py",2250,40b7db9f70bc39a1137cc2694e80bd2e3dfed47e85124689ef2b21ab8387793f
"code/experiments/active_learning/tests/test_prepare_gpu_weight_calibration.py",2225,dd121cfe744e2d42a76fa8df48fa9d8a7b7a27791e6ac6a90e50683ae608ceb4
"code/experiments/active_learning/tests/test_render_parameter_calibration_report.py",2126,17d2d21d6103caac59806593bfe068002a19c5c3684d7a0c7b8ffa7306a0e3a5
"code/experiments/active_learning/tests/test_run_paired_dataset_job.py",1069,b885a4e6d387cdc1c171a25a761339e7a02b58aefb9614ae6b99ed42a7532768
"code/experiments/active_learning/tests/test_server_experiment_watchdog.py",10928,19c37f61f798f3ab838e9af9e1dab8ff98ccd596c025de3afb6a61c0545154ca
"code/experiments/active_learning/tests/test_structural_gate_feasibility_protocol.py",3515,5dd2e161b0d207984594445f09ca824c3097cad0bfb43d8e20e12596b3098805
"code/experiments/active_learning/tests/test_structural_gate_quality_safeguard.py",1327,d36749e348a8e88131f94ea398b3b3696406d6ee607d4af02594d7390cd994b4
"code/experiments/active_learning/tests/test_uncertainty_units.py",6040,1f1c3984b6f281cc37fa1e5de665b1414a3f057684ae8d3b5cef58276d6afb31
"code/experiments/active_learning/tests/test_update_active_gpu_manifest.py",1393,ea538e899389e3790eb3a03035dce1a662e270d99b794752a73047f6345c7027
"code/experiments/active_learning/tests/test_vasp_benchmark_task.py",3137,ad8fea16731bcfce8e9f435c0551ee007ade40078f10370e2f93a45e40613ba3
"code/experiments/active_learning/uncertainty_units.py",4322,2df8a61a0ee7f5bda8eabb08fa0ee0b5a75f235877a28ba07ebdb056dfa369a8
"code/experiments/dft_audit/.pytest_cache/.gitignore",39,e7c6bb30148cf667606dcd63e7ca77acaa3cfb0c8303bf09e6419e1e1669dc6d
"code/experiments/dft_audit/.pytest_cache/CACHEDIR.TAG",191,37dc88ef9a0abeddbe81053a6dd8fdfb13afb613045ea1eb4a5c815a74a3bde4
"code/experiments/dft_audit/.pytest_cache/README.md",310,420e808d79a6c25d3cda0af33bc4782314a14949866682c68ce8149e89b66b70
"code/experiments/dft_audit/.pytest_cache/v/cache/nodeids",1109,b5000bd16ddd375c246a0d58c8886943746fa3bb7ea5ced3cab85428924be7be
"code/experiments/dft_audit/analysis/__init__.py",69,63c9ddbffc94e70882e16b4b35024a3f4a5982fd93fa9d50ad2c0ffe3e9be3bb
"code/experiments/dft_audit/analysis/__pycache__/__init__.cpython-311.pyc",372,70cb5cea26af27ab6eadb90b17f8b9590f7d89875b9dd85a381747e3de4bf310
"code/experiments/dft_audit/analysis/__pycache__/audit_current_potcars_remote.cpython-311.pyc",18848,ca8c4160722c9895006d9fcaa56aefad3f0f0e96ef3610ff83116bd31c2f9f56
"code/experiments/dft_audit/analysis/__pycache__/collect_prospective_cr_current.cpython-311.pyc",30484,d03c5120760a7a0594df9d1f5ae242c65e7dd48f7b9f5dae19e4247fb456df89
"code/experiments/dft_audit/analysis/__pycache__/compute_self_consistent_fe.cpython-311.pyc",3404,7083dd8412b434192ecde576f61391c5440d790d07f97b3891227db085f3059e
"code/experiments/dft_audit/analysis/__pycache__/prospective_cr_current.cpython-311.pyc",36074,9c0ac132702d996106c2b8c39b8c8ce7b2531d654c42216fc2aa54eaab2a5e0d
"code/experiments/dft_audit/analysis/__pycache__/recompute_self_consistent_fe_decimal.cpython-311.pyc",3668,df4a6b302ba2a62ab7371f88977082501a4d7c40242ec0ef829700596b926386
"code/experiments/dft_audit/analysis/__pycache__/run_prospective_cr_current_remote.cpython-311.pyc",17163,ab07d14a986144a15d75b76130ea0e9a123e9cb3d4eb213cdff9c677eb79690f
"code/experiments/dft_audit/analysis/analyze_concurrency_benchmarks.py",24315,2b8e4934dfd330c42c95330a6ca8d873af008a5e7e8953670ab72f4cb2d25ce7
"code/experiments/dft_audit/analysis/analyze_dft_kpoint_convergence.py",13036,2d9b7249fa42c5f3ce0d7f0643c390d149d34fdc97bc7b6cbfb9077905d59fa3
"code/experiments/dft_audit/analysis/analyze_gpu_parameter_calibration.py",15012,1b65c32846b92e9f3a5e0926fd7089633692787f39064267d0ba253011d64757
"code/experiments/dft_audit/analysis/analyze_mc_dropout_selection.py",16460,24008fde54948dd137e40c1b5f72e9f1aa7211f33428016fbfe7b41833edcc2f
"code/experiments/dft_audit/analysis/audit_checkpoint_provenance.py",18545,ac9b4494791700e291162da0d618a19238db84e4b715e2d0e531d38986b66eac
"code/experiments/dft_audit/analysis/audit_common.py",4554,730291cea0b2a23e781f575f4015343696e1bbfa8db2dddd868eb2e728ee5f5e
"code/experiments/dft_audit/analysis/audit_current_potcars_remote.py",13062,01b54371016c99f7a26f99a22e658768864b4759fdcb52384a8374ad1bd02a40
"code/experiments/dft_audit/analysis/audit_formal_selection.py",13861,24bbd7f8033e492c7af5af1f1816e040f00250b4460b22e9eea3036d141ae485
"code/experiments/dft_audit/analysis/audit_minimal_dft_remote.py",10607,841f94c24f8d8cf227c89a17905197e12d65cff774d9efcce11b9e4972e023a8
"code/experiments/dft_audit/analysis/audit_pilot_relaxation_artifacts.py",6136,0898e455aebe5ef63c42b26a0c9288df2457be4e8b79f2ba72eb4d7d3794c365
"code/experiments/dft_audit/analysis/audit_seed_variation.py",19050,2f5fe8f7fd27c4ca57faca72373d9b6f9376f265e56be4ba594a46ad0788c3d9
"code/experiments/dft_audit/analysis/build_audit_output_manifest.py",3371,cd93235af4ae9f2f239895fff93c2e73bfe6e86cdf852f6307421715df1f945b
"code/experiments/dft_audit/analysis/build_dft_finalization_manifest.py",22891,6c127f4b26eb08b4507facde903802c07c2099ee38860fac2f66265f746ff691
"code/experiments/dft_audit/analysis/build_dft_manifest.py",23071,a209cd95d1d848e3ae8a5e0ea87e24ba32daa4dc4b68216968213011fe153455
"code/experiments/dft_audit/analysis/build_formal_group_key_maps.py",2552,30780db037d0deb3c4623c453023a00572aedf329056caceb177ddc9f595e132
"code/experiments/dft_audit/analysis/build_group_key_inventory.py",14986,14f553004af5e589a8d93d65197a8b21166db7e0048464fcf8720b5f8f4d3b23
"code/experiments/dft_audit/analysis/build_matched_seed_figures.py",13562,bd68bf283dcf51493c0ad82e08ab173d638af7f06cd605c7f0d2602bfb9f592c
"code/experiments/dft_audit/analysis/build_parameter_calibration_evidence.py",4627,ba3cca6b643832b55580ab03548176247304de24fb6f5aae171e60ce8bb4639f
"code/experiments/dft_audit/analysis/build_v34_dft_verification_evidence.py",13191,adc471fc62a737ddeef83d0b72997842ef2ad90eca0dc4859b12d02d37586c7c
"code/experiments/dft_audit/analysis/build_v34_evidence_tables.py",30629,89f72239b55e67d78fb76f4d031cfdafd9188a3826a953854f4fb3c11d8dd0a7
"code/experiments/dft_audit/analysis/build_v34_figures.py",43878,2a6482b6071c1b71f699e8448af37dfb5544e542ec76b929768cbb8813235d06
"code/experiments/dft_audit/analysis/check_v34_consistency.py",11692,3026075c3d90b1774ee06f8c61d1246e26f53ff4a321c524d91a0bea593505c2
"code/experiments/dft_audit/analysis/collect_prospective_cr_current.py",22470,a7f124ace66b00db84c5c9df5dfb02ae0a79b95bbed569bd015307edf906e847
"code/experiments/dft_audit/analysis/compute_self_consistent_fe.py",1618,130b04811cea2c77a25eda2d71ffbc2a1321eb0b0c618a0f76e873538f540c3c
"code/experiments/dft_audit/analysis/dft_finalization_runner.py",6959,97eb864fce7b0d7bb084e541d290708ad68a88f8e8c150d2dab250f8be7a4625
"code/experiments/dft_audit/analysis/extract_dft_audit.py",30957,7943ae7aa3436a9137589ba6ad7dbf65c5e814ab0521dfc78f4d7bb45426fb81
"code/experiments/dft_audit/analysis/finalize_gpu_calibration.py",4102,3e7389b3c428bded786bc97000dc44eff05532edb1adbf9c9e8d6238181d565d
"code/experiments/dft_audit/analysis/finalize_minimal_dft_results.py",12004,d5ecd2b72bd647b6956b36afd007a896679e4f99354ccd078e455a4bc63eb429
"code/experiments/dft_audit/analysis/freeze_final_gpu_protocol.py",7351,e7a126a74be71bb5f241b7f1cd7b06959c9f5cca4365ed36a38b1f460d8e7a26
"code/experiments/dft_audit/analysis/launch_minimal_dft_batch.py",18361,6623310f2938a8c2643c7533b6f1852f259823b5c26b6520e51a7316f5f50107
"code/experiments/dft_audit/analysis/minimal_dft_batch.py",19837,cf9e36103effab17bc6351c107f0a7fcba152a7839af131e8dc3b4772e14829b
"code/experiments/dft_audit/analysis/postprocess_dft_elemental_references.py",13182,9497bed72a5ef9282563af08e1186def4626d2b684990ba457e1b8e4c8be970e
"code/experiments/dft_audit/analysis/postprocess_dft_verification_relaxations.py",15170,05254efdd2f8b7e7d17ccffe634111249cfe835d83bfaf3b7bb62451a5f7cc76
"code/experiments/dft_audit/analysis/postprocess_dft_verification_statics.py",20386,a4c6c1583fdf228b7b8fa57350c030b0eacb661e9df1f2815dac167bf84a871c
"code/experiments/dft_audit/analysis/postprocess_formal_results.py",8568,b4e9828d68df3ad9f58fb5daa86e00cbcdad960729ad0845ed0b8364e9beb9a9
"code/experiments/dft_audit/analysis/prepare_dft_candidate_static_jobs.py",18784,373b3907fc064664065d0972eff257eb68916333f2c3893898b56d4213dfadc7
"code/experiments/dft_audit/analysis/prepare_dft_elemental_reference_jobs.py",13777,e5c4477f8ef85efc0682f1eb2e94e99ff6ac270b86eb032d8251d436ccad3d1c
"code/experiments/dft_audit/analysis/prepare_dft_finalization_inputs.py",18766,ec52341c107f96bf0e095d8c9f650a04f520f9f933190463402a35c42c93f36b
"code/experiments/dft_audit/analysis/prepare_dft_kpoint_extension.py",6101,b533d0179d687d9f50727e5c5b6c41f26df04a470cea2dead454d469b1f7d347
"code/experiments/dft_audit/analysis/prepare_dft_kpoint_jobs.py",8987,a7d16e0c4e1bb81b9f9d93645a2814f86fe30a0674da35abe8a735d7aad592f0
"code/experiments/dft_audit/analysis/prepare_gpu_development_jobs.py",5443,238f502d476e4a76491178844bb585c5af9ac29dbbe5ab39728bff5df21fd44f
"code/experiments/dft_audit/analysis/prepare_gpu_formal_jobs.py",10271,a37da7bce91b568a0b6f9f274810214d2f4cac68a56b66cbba7e42a78a6038f2
"code/experiments/dft_audit/analysis/prepare_gpu_threshold_calibration.py",5415,5785f155e8cc5aa50b44ce8049fbcdfb273bc529ef2fade6e47b5d027b9d18e5
"code/experiments/dft_audit/analysis/prepare_gpu_weight_calibration.py",6146,36d38ccdc7bee05ae972756b5e4e3099b3e805fe0968fdd58eeef12fee344450
"code/experiments/dft_audit/analysis/prepare_minimal_dft_batch.py",22878,f4a74e2ef475fd2be5052aa8ac3ea7646d8cf2c53e591d6df73b8c8fb6202e0f
"code/experiments/dft_audit/analysis/prospective_cr_current.py",28883,9cd851c1e2e18b9b0702bc8b7fdff133cbd8063c0b2fb441c3fa47402b42d85d
"code/experiments/dft_audit/analysis/prospective_cr_v2.py",35138,5101fd98d9e1d9b4527a85f497565e35a1a5d0b2b353668551dc8830399f9d68
"code/experiments/dft_audit/analysis/recompute_partial_budget_metrics.py",7515,34707a32f35c7fc95c25fe861a65e6b14c908f6e331c5b34b21b7c72b95ae411
"code/experiments/dft_audit/analysis/recompute_self_consistent_fe_decimal.py",1602,d854c434b39e7face0ebb64147e7d54a7a0f2f564903a62215017e77b6e3d6ba
"code/experiments/dft_audit/analysis/recompute_statistics.py",32508,9de095f4e4c709cc97a7a132a2d9d1e67d9096ab86af150b6cd91346e42914fa
"code/experiments/dft_audit/analysis/remote_current_dft_controller.py",22601,e07aa915cc3e039af751a132cdabd01b6f05231e8fab6050a4eb8dd6b94c8655
"code/experiments/dft_audit/analysis/render_parameter_calibration_report.py",5745,693089e07610b4ddafe8ee08e18a4b484f2a50ec17ea379fd0c173fc6f9fcb82
"code/experiments/dft_audit/analysis/report_alpha_mn_probe.py",9336,79b04d8c09a32d7fa09db32776fedbfd697115c0f32619717317d0ec8f5f062b
"code/experiments/dft_audit/analysis/retrieve_dft_verification_stage.py",10302,3e070513b2624df5667ff29b1be6505b375cfe5e0e09febbf3dc7556a611b755
"code/experiments/dft_audit/analysis/run_audited_job_queue.py",21688,1ae147173a727a60733ec8623d434d45c0a25fe1ab024f715e1bd9e4df176217
"code/experiments/dft_audit/analysis/run_concurrency_benchmark.py",21351,aeae52dc8dd4f1c2fd3813aedaa91647d68687d797521f7469093ac44b49ed9b
"code/experiments/dft_audit/analysis/run_dft_candidate_static_stage.py",8699,e879d96dc3ffa6b63319884561c96b992b83087a2f82914b3c007bf110c0fedc
"code/experiments/dft_audit/analysis/run_dft_verification_supervisor.py",14933,c03e7b84f22c848f27727807960bbf16dbc819d676823d5e6b2555890ba37ce4
"code/experiments/dft_audit/analysis/run_gate_ablation_smoke.py",27633,3de265e2193605aac0aef110ce512580ac6218392172a709ff2df2f1f7a6b76d
"code/experiments/dft_audit/analysis/run_mc_dropout_microbenchmark.py",25796,bd883697266c35e6b14db9a2832e29965436e43eac3853dd6e58d328e25133be
"code/experiments/dft_audit/analysis/run_minimal_dft_remote.py",29970,753a41ad3635c0881b71c7fa697523804db03304d29374f53dc203b77274babd
"code/experiments/dft_audit/analysis/run_postcompute_analysis.py",79668,a6ef9ebcadc57c3982abfa6ef7f636632f0599e23020276d58da747a548721f9
"code/experiments/dft_audit/analysis/run_prospective_cr_current_remote.py",13317,81667a49081d55b4c94d3cc6dc3feebbd8c6ab9adfebded232067c5312713593
"code/experiments/dft_audit/analysis/run_vasp_benchmark_task.py",5167,8a4d8204a763a6dfad1185680044fe08146c68af52beb3cc8f28a2c49d019849
"code/experiments/dft_audit/analysis/server_completion_finalizer.py",65649,af8a9f1f304c72922c8de5a5393db2ba5d1d0119e220461fc9a89f10cd673fbc
"code/experiments/dft_audit/analysis/server_experiment_watchdog.py",21112,b29f2612e1c0451e7aa3ab5a0f678ea18c3dd15208956921a24948c06c28ea23
"code/experiments/dft_audit/analysis/update_active_gpu_manifest.py",2178,859f2e4f70bf0f1affc78a56070f06e9f7ffca9cfbac8a17ccb53021cbaad2a9
"code/experiments/dft_audit/analysis/v33_table_reference.json",11855,6c66a0a298cb43134aeacb48b30a341d84788db996dc1c519302741db962221a
"code/experiments/dft_audit/analysis/verify_postcompute_analysis.py",7734,d412810e88a840bd34133a392729fb111443559ba004ec175b3e921bebbb3678
"code/experiments/dft_audit/analysis/watch_dft_verification_postprocess.py",9564,692e37ae68ce2b04662b2aea583d64bb7ed7be762b7175ffc8946dea17ec4b88
"code/experiments/dft_audit/candidate_pool_master.csv",897082,7171701be18a7d391dfd58e15b12461fcb32f7db34395e6c785f7cfc6742ad1a
"code/experiments/dft_audit/configs/dft_candidate_static_reuse_map.json",559,37708ac08402cf616734914a0bfd5c354abb640575470eac561c2811ed2edac7
"code/experiments/dft_audit/configs/dft_elemental_reference_plan.json",4338,cfb96e8d5b0bcdec4bf98f7bf05cc379cdc7f993aced2dc6af8d805563bfcd2a
"code/experiments/dft_audit/dft/audit/alpha_mn_probe_metrics.json",2125,c8650939a2a3c8c9a49ad4db480ed55f9c799dfce91a0aa9bb299e65159a56c3
"code/experiments/dft_audit/dft/audit/convergence_inventory.csv",39364,4c6eeb59062113fa9810973ca91e54e51194f55971d8e564d88a8f27a1dd1b93
"code/experiments/dft_audit/dft/audit/dft_candidate_manifest.csv",22650,ee48fdbc604da3e52eb3383bd07ace7a22926c388522f6feebfbdc98b5204f8c
"code/experiments/dft_audit/dft/audit/dft_settings.csv",103203,d423ae49b1085b5afee92d9b8ec11be5304d9aa95549da2b4c1f3c33c70c0c1a
"code/experiments/dft_audit/dft/audit/elemental_reference_preflight_20260717T200000Z/source_validation.json",5205,e05cc11f12e483652ba17a262baba61b51269330e8853dffa2c927b48e948e96
"code/experiments/dft_audit/dft/audit/elemental_references.csv",5499,60db75cd1614931027a40cd09d78ae5b171b9e399f48b06037ab75d7a5891f73
"code/experiments/dft_audit/dft/audit/magnetic_initializations.csv",5405,a49ba873c4d1c5fc3e6385b037fc0ef75b2ea4f3ccd87379d4204e8bfae6d3d1
"code/experiments/dft_audit/dft/audit/pilot_relaxation_artifact_search.csv",2368,50c7a1b840730deb33cebcfad4bd8225831c1e0d6a75ad47cc97df6f20273a91
"code/experiments/dft_audit/dft/audit/remote_pilot_search_20260717T193331Z/candidate_summary.csv",1121,e2010a17d4b156f76ced3b27127399339eee9662f7658f4e1b8c5368d717ef64
"code/experiments/dft_audit/dft/audit/remote_pilot_search_20260717T193331Z/evidence_files.csv",15816,e03a28cdc4bcdc321b3a65e44a0f2aeb3eb509a947cf10a6a85d6768585974d8
"code/experiments/dft_audit/dft/audit/remote_pilot_search_20260717T193331Z/search_metadata.json",357,b666ea926c635fada15d9e03b48dd4e40c94ebe63701622d2d90d37c4a4e8880
"code/experiments/dft_audit/dft/audit/structure_metrics.csv",17459,97647958a10b577196a76e3ab83250b2020214bc52f583ad399d84554bb3d87f
"code/experiments/dft_audit/dft/audit/superseded_v1_static_fmax/convergence_inventory.csv",39200,e637ec11dcc946fc4acb69e86cf71e28e959fff2e626b7337b4d0f89a99b08c4
"code/experiments/dft_audit/dft/audit/superseded_v1_static_fmax/dft_settings.csv",104087,dfc8695ac41b8db9b84613fb7426124024a9652229f757c7cc7927f56b0ce6e1
"code/experiments/dft_audit/dft/audit/superseded_v1_static_fmax/elemental_references.csv",5516,ac16a09e523ca5dc76d00b1967ad28805695a8ba2bdff17cb303103d0c5721ae
"code/experiments/dft_audit/dft/audit/superseded_v1_static_fmax/magnetic_initializations.csv",5221,9cd3eab92f11d005d6c9facbff5c16ff5610f2c6b88c09db131ef83439928008
"code/experiments/dft_audit/dft/audit/superseded_v1_static_fmax/README.md",1464,ebddaaade955a7b4e93c9d53a1fc42fd21614300a58ac868e16106fe70f4f29a
"code/experiments/dft_audit/dft/audit/superseded_v1_static_fmax/structure_metrics.csv",15435,d4c8b1cdbe8e5cae1e52f6994f4e9df6915340ae65c98c34def2db821ab0f793
"code/experiments/dft_audit/dft/audit/superseded_v2_missing_output_reason/convergence_inventory.csv",39200,e637ec11dcc946fc4acb69e86cf71e28e959fff2e626b7337b4d0f89a99b08c4
"code/experiments/dft_audit/dft/audit/superseded_v2_missing_output_reason/dft_settings.csv",103067,3ee76b174a66705aeec81c582250383f4a81be212d66165ced017437454ec9c0
"code/experiments/dft_audit/dft/audit/superseded_v2_missing_output_reason/elemental_references.csv",5499,60db75cd1614931027a40cd09d78ae5b171b9e399f48b06037ab75d7a5891f73
"code/experiments/dft_audit/dft/audit/superseded_v2_missing_output_reason/magnetic_initializations.csv",5405,a49ba873c4d1c5fc3e6385b037fc0ef75b2ea4f3ccd87379d4204e8bfae6d3d1
"code/experiments/dft_audit/dft/audit/superseded_v2_missing_output_reason/README.md",1228,75c14163b5674795c8b3b5bbc70c33d592afb898604f553fdbec5d599a978e76
"code/experiments/dft_audit/dft/audit/superseded_v2_missing_output_reason/structure_metrics.csv",17459,97647958a10b577196a76e3ab83250b2020214bc52f583ad399d84554bb3d87f
"code/experiments/dft_audit/dft/audit/superseded_v3_pre_live_remote_search/dft_candidate_manifest.csv",22650,ee48fdbc604da3e52eb3383bd07ace7a22926c388522f6feebfbdc98b5204f8c
"code/experiments/dft_audit/dft/audit/superseded_v3_pre_live_remote_search/DFT_SELECTION_TIMELINE.md",5464,b7476e0d677ce6999209f81812011a9b395c6ca34664b42539430a5bbf55b329
"code/experiments/dft_audit/dft/audit/superseded_v3_pre_live_remote_search/pilot_relaxation_artifact_search.csv",2116,b069fb32c098b619a549a0d07b0c36adb9b2046b36f0045f1a61dec72d860f0e
"code/experiments/dft_audit/tests/__pycache__/test_prospective_cr_current.cpython-311-pytest-9.0.3.pyc",35436,44762376056cf386e2b6680eb6b273ae0846e3cd6368eb86045ac74220d81bed
"code/experiments/dft_audit/tests/__pycache__/test_prospective_cr_current_results.cpython-311-pytest-9.0.3.pyc",8035,878e46c54548f12b3ef6bd646ac0cace4ae4b0892b448a205a73d8ce52ac7b8f
"code/experiments/dft_audit/tests/audit/test_audit_common.py",3370,9c30ac10dfaf7abe76b3e1d69fb91e5217fdfd46128105c030eb9bf7f20b04f1
"code/experiments/dft_audit/tests/audit/test_audit_output_manifest.py",1002,d5346a2748046298f07a7f76f0e892322184e31e2162e9b85ed28af7b000aec5
"code/experiments/dft_audit/tests/audit/test_dft_manifest.py",5071,15b0d0e8a4b84d9ee7b3be67532ca797d3b1a0a99f0b68b9bfda77bc8abdb7d2
"code/experiments/dft_audit/tests/audit/test_extract_dft_audit.py",6703,5d801df7a97c49086a3bb40d8582cf303c5fcfdba3d43e9096fd67f327b169eb
"code/experiments/dft_audit/tests/audit/test_gate_ablation_smoke.py",5966,94cdb633a47058f4e046de02ba91bd18aff3ffb719a228f83a893f6f86c76c9b
"code/experiments/dft_audit/tests/audit/test_group_key_inventory.py",2651,1d9495907a0dc8ac2b8dea7884a1c662d24c422a370e780a7948caf754a14efe
"code/experiments/dft_audit/tests/audit/test_matched_seed_figures.py",3917,448866b8199e801ebf1a18de3179e5224802a2c57f3ff421238ccbeded874490
"code/experiments/dft_audit/tests/audit/test_mc_dropout_microbenchmark.py",3315,f2109bcc4889bee2c24b4bdb5bfd264d4c2418af777052c7aed0dc506ba2122d
"code/experiments/dft_audit/tests/audit/test_pilot_remote_artifacts.py",1888,947c1f93a8022b2a52ba513234824e13d1418f320bc95c20f3948132f4db669c
"code/experiments/dft_audit/tests/audit/test_recompute_statistics.py",9984,c7b3e01b93a2862080875dae84b642d67f266e8ffcc09b3495a6595bd2cbc6c4
"code/experiments/dft_audit/tests/audit/test_seed_variation.py",1638,4e7cc193fe0a73864b7ba679f39506046a0ae94ad5b0fece1da1a42d2279373a
"code/experiments/dft_audit/tests/test_analyze_dft_kpoint_convergence.py",6632,2b121cd9cdf9e781211eefb7e22530e5af5031fe4e247edab2828861c3eb622d
"code/experiments/dft_audit/tests/test_analyze_gpu_parameter_calibration.py",11392,c0453333fed138889b292289b67a3dc2314a43a075a4d1d0393afe5642282faa
"code/experiments/dft_audit/tests/test_analyze_mc_dropout_selection.py",5713,7bfc2a47a882c1941520b96efb1afabbd24de251f7e0a36b3cb62cb6f9a5b091
"code/experiments/dft_audit/tests/test_audited_job_queue.py",8725,53b86bf2e6a57dd5a6d01d4e85b36213178868d7178f9b876c2fded8504e50fd
"code/experiments/dft_audit/tests/test_build_formal_group_key_maps.py",1545,747d0963c155cbc113d0a79ca2c26d764db6612266ed31ff4b769ea1fd8d0a56
"code/experiments/dft_audit/tests/test_build_v34_dft_verification_evidence.py",7782,f01751ce5e75e39defdd9968c1b114d3b7c84c6f3d13de50f9320fc704a6b565
"code/experiments/dft_audit/tests/test_build_v34_evidence_tables.py",12810,6a536f0fc4c5cf3b366bc5a26a6dc3099d912fb067c71391123a36da5ffcf405
"code/experiments/dft_audit/tests/test_build_v34_figures.py",5882,6bfa11e672e0e45c4baed113ad77543e58d40061ad663c2040cb511d26d97f90
"code/experiments/dft_audit/tests/test_check_v34_consistency.py",2421,8e023a47e16231d9dcdc5cb6a01080827d890c96a917f654fababa45dcbed242
"code/experiments/dft_audit/tests/test_checkpoint_provenance_audit.py",3882,d57c23795802b72ac4c1dd98da3a7d71e3d3cd84290fce6f289cd2046a5205f2
"code/experiments/dft_audit/tests/test_concurrency_benchmark.py",4655,a69e0518b26d1f963edfe4806b4e9012398e61900fd72f0901d1f66976986435
"code/experiments/dft_audit/tests/test_concurrency_benchmark_analysis.py",6501,3ee8dfeb913bece96d38e3beb68c2d9439bab168c55629d87fc480ad6e71e624
"code/experiments/dft_audit/tests/test_cosine_similarity_behavior.py",2290,2816e787ac9b134ae949f111809bc535e0a92de7bc946492560657754df5f253
"code/experiments/dft_audit/tests/test_deterministic_ranking.py",1951,578288a0aab95900f8684563e426c79b96e5159515719bd5a5af800feeff962b
"code/experiments/dft_audit/tests/test_dft_finalization_manifest.py",4975,7af560e500c7eb125a6f536fe48cf420df002b261482c3e0149255bad976e98e
"code/experiments/dft_audit/tests/test_dft_finalization_runner.py",11399,8f50a465259f94e421901b4ab7b1cf1389cf8a081ac3d1c4a3a378f3f6f53a32
"code/experiments/dft_audit/tests/test_dft_verification_supervisor.py",3237,a2c7ebef4d2a12a917f10bdf8afc32529cb4f453ef481384a17a91134793cefc
"code/experiments/dft_audit/tests/test_finalize_minimal_dft_results.py",5483,65050153a7ad0737c7da41213b26f142dceaa91b11e213ee93a560e8c0700e18
"code/experiments/dft_audit/tests/test_formal_protocol.py",4275,f9cc1c032eaea378ac7cffbebe0fb4dae4d5d44c08bbcb0edf02616576b7b9c3
"code/experiments/dft_audit/tests/test_freeze_final_gpu_protocol.py",2805,d9d2ec5ab34d9e9bf0789518ff06bc34127834dd54550082c2a63b1baa7aee4f
"code/experiments/dft_audit/tests/test_mc_dropout_seed_policy.py",4037,e28eae3b3e4d304ae3dd0110c1257a70fd05e54dfd8eb8f529902c81cff22ec3
"code/experiments/dft_audit/tests/test_minimal_dft_batch.py",14475,139f49213020bf83b44696862d95fd387b216490daa76f68054f67f87f1041bb
"code/experiments/dft_audit/tests/test_parameter_calibration_evidence.py",2899,f80f405da24474dcacd38d9e1332f72688bc326eaa533563fc97ed9596434425
"code/experiments/dft_audit/tests/test_partial_budget_metrics.py",1557,d3c1258bb99addc9f6decb6779a307fde8447a2fe2d06db26e56f5099b16e554
"code/experiments/dft_audit/tests/test_postprocess_dft_elemental_references.py",7620,241525181448c3221cad6a7f8c20005fc7b7bbb41d31d8c9976f99e53e5c31b6
"code/experiments/dft_audit/tests/test_postprocess_dft_verification_relaxations.py",9168,3474f5188802e53863793c3d7680e6a7c82a6c9aa2b1afa3694c0b8a2e71f755
"code/experiments/dft_audit/tests/test_postprocess_dft_verification_statics.py",7934,06a9e755eb2ef1a7bfefd4883a697b5c534d2ec914a8870fe3031f35babd1869
"code/experiments/dft_audit/tests/test_postprocess_formal_results.py",6295,629711a8814492642ff6c0df93c617e06cb8d4a9a258db876614d715bcc15f4e
"code/experiments/dft_audit/tests/test_prepare_dft_candidate_static_jobs.py",8365,ccec7c582c7bcbc51c3b26a5a2db8b5158062d4ee1d616d3c833cdda631532c1
"code/experiments/dft_audit/tests/test_prepare_dft_elemental_reference_jobs.py",7851,8b469f2acac15b1399611fa5feab83ad5fc3b1760a39cff6174d34735dc3c8aa
"code/experiments/dft_audit/tests/test_prepare_dft_kpoint_extension.py",2937,83cc2f164722000ed9a6858860765dd8c4d1c12130312d39da061ff90bba8bbe
"code/experiments/dft_audit/tests/test_prepare_dft_kpoint_jobs.py",3222,d754463ed958762d77c8d79162e393a378f5a44d80ff5006f256ddf21058b969
"code/experiments/dft_audit/tests/test_prepare_gpu_development_jobs.py",1769,78e62d48fa7b747f384dbd8f9a31d62fa28527614f46cbd8b58768561147999e
"code/experiments/dft_audit/tests/test_prepare_gpu_formal_jobs.py",2548,59069f198b7860ef9a11808d79564b4f733cd4130eceb97897ffe60851604a78
"code/experiments/dft_audit/tests/test_prepare_gpu_threshold_calibration.py",2250,40b7db9f70bc39a1137cc2694e80bd2e3dfed47e85124689ef2b21ab8387793f
"code/experiments/dft_audit/tests/test_prepare_gpu_weight_calibration.py",2225,dd121cfe744e2d42a76fa8df48fa9d8a7b7a27791e6ac6a90e50683ae608ceb4
"code/experiments/dft_audit/tests/test_prospective_cr_current.py",7784,99a562cb06ca45cc053db618694e36408dc1055bd41a7205fdccb46e829cb5f6
"code/experiments/dft_audit/tests/test_prospective_cr_current_results.py",3200,1e096e8553371e10f64ee72fb0d83bae85ebaacf6d06f1b89350f1621d51215a
"code/experiments/dft_audit/tests/test_prospective_cr_v2.py",4993,abcabe126e01e74aa04194158259edd5410176481d094e09ff80064f91414d9d
"code/experiments/dft_audit/tests/test_render_parameter_calibration_report.py",2126,17d2d21d6103caac59806593bfe068002a19c5c3684d7a0c7b8ffa7306a0e3a5
"code/experiments/dft_audit/tests/test_report_alpha_mn_probe.py",2153,efde8b12b8a505a1e01ab1bca41ca096c44b6a9145f146b6f2fc73502720651d
"code/experiments/dft_audit/tests/test_retrieve_dft_verification_stage.py",1917,f5b1e5fa8a7ac96c28ed399c24d5b7b929c23ee760ae9f5693b35f14f0846ba7
"code/experiments/dft_audit/tests/test_run_dft_candidate_static_stage.py",2236,45673ed2cb8b0d99da71e2d004a9e506a23f9bce8d257f83c2d438546803b922
"code/experiments/dft_audit/tests/test_run_minimal_dft_remote.py",4281,3be0daad3714eb3499d4116dd5191339114eae1aadefa379560f2b6fdf2d7071
"code/experiments/dft_audit/tests/test_run_paired_dataset_job.py",1069,b885a4e6d387cdc1c171a25a761339e7a02b58aefb9614ae6b99ed42a7532768
"code/experiments/dft_audit/tests/test_server_completion_finalizer.py",22655,bc0160f3ac617d57007ddd7b9031d170a5b19642db061b111bc1f8ba037bccb7
"code/experiments/dft_audit/tests/test_server_experiment_watchdog.py",10928,19c37f61f798f3ab838e9af9e1dab8ff98ccd596c025de3afb6a61c0545154ca
"code/experiments/dft_audit/tests/test_uncertainty_units.py",6040,1f1c3984b6f281cc37fa1e5de665b1414a3f057684ae8d3b5cef58276d6afb31
"code/experiments/dft_audit/tests/test_update_active_gpu_manifest.py",1393,ea538e899389e3790eb3a03035dce1a662e270d99b794752a73047f6345c7027
"code/experiments/dft_audit/tests/test_vasp_benchmark_task.py",3137,ad8fea16731bcfce8e9f435c0551ee007ade40078f10370e2f93a45e40613ba3
"code/experiments/dft_audit/tests/test_watch_dft_verification_postprocess.py",1635,4d8c119fc4be6875df49e1537735bcee4fa00f67ae31934ab6e9c825939607ec
"code/experiments/hidden_evaluability/.pytest_cache/.gitignore",39,e7c6bb30148cf667606dcd63e7ca77acaa3cfb0c8303bf09e6419e1e1669dc6d
"code/experiments/hidden_evaluability/.pytest_cache/CACHEDIR.TAG",191,37dc88ef9a0abeddbe81053a6dd8fdfb13afb613045ea1eb4a5c815a74a3bde4
"code/experiments/hidden_evaluability/.pytest_cache/README.md",310,420e808d79a6c25d3cda0af33bc4782314a14949866682c68ce8149e89b66b70
"code/experiments/hidden_evaluability/.pytest_cache/v/cache/nodeids",3176,179a9e0834c513e36389b0b578c3198fa712b19c06993c958e89609a50c0516d
"code/experiments/hidden_evaluability/analysis/three_system/__init__.py",71,86785e4a6e43e856d468f580e517737ae41afe2085431222378d280e9879e256
"code/experiments/hidden_evaluability/analysis/three_system/__pycache__/__init__.cpython-311.pyc",397,e7a2fdcf2ec626e1fcb5638228b8b371400b4c516c424e048d6bd6da10759fe7
"code/experiments/hidden_evaluability/analysis/three_system/__pycache__/data.cpython-311.pyc",13309,283975acff5f105f90485b97a940ed960b825f41d8aabe9565c00fb645297569
"code/experiments/hidden_evaluability/analysis/three_system/__pycache__/manuscript_assets.cpython-311.pyc",39603,2705042dc2c491bbb908bc5a1f45441169b45adf412c384124c0627eb8377ce2
"code/experiments/hidden_evaluability/analysis/three_system/__pycache__/models.cpython-311.pyc",33504,9dd1e00d7157fbca9c381986173ac95dec716ea7cb271e7adc5d4fbb4f7394bd
"code/experiments/hidden_evaluability/analysis/three_system/__pycache__/pipeline.cpython-311.pyc",34874,b83e74b781ef6e9f109746ddaddbb088cab01a0296d61fd3d151bcd72a107475
"code/experiments/hidden_evaluability/analysis/three_system/__pycache__/replay.cpython-311.pyc",30405,b1c2023ac93e000d32f8ed84cbbcd1cb5712f2284e58b4a9ecb443434acdb274
"code/experiments/hidden_evaluability/analysis/three_system/__pycache__/retrospective_actual_dft.cpython-311.pyc",15592,302f2e0ef928224038dfb583413e41c9995b0234e169429c56ef097b853cb60b
"code/experiments/hidden_evaluability/analysis/three_system/data.py",8676,3383c062205cb62245a76c844cf98bf858530cf52f28ecf591977d8e193c5e73
"code/experiments/hidden_evaluability/analysis/three_system/manuscript_assets.py",30862,632680038bfe643bfacb94b2786800b9a32ab0f5ac8559eb4a780e6e5893310a
"code/experiments/hidden_evaluability/analysis/three_system/models.py",23460,759f953a78eaaa49520747e1ffd350f24b400012a7a1f87b732867de02c03b92
"code/experiments/hidden_evaluability/analysis/three_system/pipeline.py",25550,39e4f1055a5aa627ab3666691649c05c6755937d16cf0d5bdad8341bc6ad06da
"code/experiments/hidden_evaluability/analysis/three_system/replay.py",23023,2568877aad4012a54bbcd9d0072ed430d4204f559c0001e92ae3386953df03ef
"code/experiments/hidden_evaluability/analysis/three_system/retrospective_actual_dft.py",11411,5399bd238de6bbf47b699a2f2a6f56a3f5ee9cfd8cb72fbb26daa7c578d3e08a
"code/experiments/hidden_evaluability/dft/audit/alpha_mn_probe_metrics.json",2125,c8650939a2a3c8c9a49ad4db480ed55f9c799dfce91a0aa9bb299e65159a56c3
"code/experiments/hidden_evaluability/dft/audit/convergence_inventory.csv",39364,4c6eeb59062113fa9810973ca91e54e51194f55971d8e564d88a8f27a1dd1b93
"code/experiments/hidden_evaluability/dft/audit/dft_candidate_manifest.csv",22650,ee48fdbc604da3e52eb3383bd07ace7a22926c388522f6feebfbdc98b5204f8c
"code/experiments/hidden_evaluability/dft/audit/dft_settings.csv",103203,d423ae49b1085b5afee92d9b8ec11be5304d9aa95549da2b4c1f3c33c70c0c1a
"code/experiments/hidden_evaluability/dft/audit/elemental_reference_preflight_20260717T200000Z/source_validation.json",5205,e05cc11f12e483652ba17a262baba61b51269330e8853dffa2c927b48e948e96
"code/experiments/hidden_evaluability/dft/audit/elemental_references.csv",5499,60db75cd1614931027a40cd09d78ae5b171b9e399f48b06037ab75d7a5891f73
"code/experiments/hidden_evaluability/dft/audit/magnetic_initializations.csv",5405,a49ba873c4d1c5fc3e6385b037fc0ef75b2ea4f3ccd87379d4204e8bfae6d3d1
"code/experiments/hidden_evaluability/dft/audit/pilot_relaxation_artifact_search.csv",2368,50c7a1b840730deb33cebcfad4bd8225831c1e0d6a75ad47cc97df6f20273a91
"code/experiments/hidden_evaluability/dft/audit/remote_pilot_search_20260717T193331Z/candidate_summary.csv",1121,e2010a17d4b156f76ced3b27127399339eee9662f7658f4e1b8c5368d717ef64
"code/experiments/hidden_evaluability/dft/audit/remote_pilot_search_20260717T193331Z/evidence_files.csv",15816,e03a28cdc4bcdc321b3a65e44a0f2aeb3eb509a947cf10a6a85d6768585974d8
"code/experiments/hidden_evaluability/dft/audit/remote_pilot_search_20260717T193331Z/search_metadata.json",357,b666ea926c635fada15d9e03b48dd4e40c94ebe63701622d2d90d37c4a4e8880
"code/experiments/hidden_evaluability/dft/audit/structure_metrics.csv",17459,97647958a10b577196a76e3ab83250b2020214bc52f583ad399d84554bb3d87f
"code/experiments/hidden_evaluability/dft/audit/superseded_v1_static_fmax/convergence_inventory.csv",39200,e637ec11dcc946fc4acb69e86cf71e28e959fff2e626b7337b4d0f89a99b08c4
"code/experiments/hidden_evaluability/dft/audit/superseded_v1_static_fmax/dft_settings.csv",104087,dfc8695ac41b8db9b84613fb7426124024a9652229f757c7cc7927f56b0ce6e1
"code/experiments/hidden_evaluability/dft/audit/superseded_v1_static_fmax/elemental_references.csv",5516,ac16a09e523ca5dc76d00b1967ad28805695a8ba2bdff17cb303103d0c5721ae
"code/experiments/hidden_evaluability/dft/audit/superseded_v1_static_fmax/magnetic_initializations.csv",5221,9cd3eab92f11d005d6c9facbff5c16ff5610f2c6b88c09db131ef83439928008
"code/experiments/hidden_evaluability/dft/audit/superseded_v1_static_fmax/README.md",1464,ebddaaade955a7b4e93c9d53a1fc42fd21614300a58ac868e16106fe70f4f29a
"code/experiments/hidden_evaluability/dft/audit/superseded_v1_static_fmax/structure_metrics.csv",15435,d4c8b1cdbe8e5cae1e52f6994f4e9df6915340ae65c98c34def2db821ab0f793
"code/experiments/hidden_evaluability/dft/audit/superseded_v2_missing_output_reason/convergence_inventory.csv",39200,e637ec11dcc946fc4acb69e86cf71e28e959fff2e626b7337b4d0f89a99b08c4
"code/experiments/hidden_evaluability/dft/audit/superseded_v2_missing_output_reason/dft_settings.csv",103067,3ee76b174a66705aeec81c582250383f4a81be212d66165ced017437454ec9c0
"code/experiments/hidden_evaluability/dft/audit/superseded_v2_missing_output_reason/elemental_references.csv",5499,60db75cd1614931027a40cd09d78ae5b171b9e399f48b06037ab75d7a5891f73
"code/experiments/hidden_evaluability/dft/audit/superseded_v2_missing_output_reason/magnetic_initializations.csv",5405,a49ba873c4d1c5fc3e6385b037fc0ef75b2ea4f3ccd87379d4204e8bfae6d3d1
"code/experiments/hidden_evaluability/dft/audit/superseded_v2_missing_output_reason/README.md",1228,75c14163b5674795c8b3b5bbc70c33d592afb898604f553fdbec5d599a978e76
"code/experiments/hidden_evaluability/dft/audit/superseded_v2_missing_output_reason/structure_metrics.csv",17459,97647958a10b577196a76e3ab83250b2020214bc52f583ad399d84554bb3d87f
"code/experiments/hidden_evaluability/dft/audit/superseded_v3_pre_live_remote_search/dft_candidate_manifest.csv",22650,ee48fdbc604da3e52eb3383bd07ace7a22926c388522f6feebfbdc98b5204f8c
"code/experiments/hidden_evaluability/dft/audit/superseded_v3_pre_live_remote_search/DFT_SELECTION_TIMELINE.md",5464,b7476e0d677ce6999209f81812011a9b395c6ca34664b42539430a5bbf55b329
"code/experiments/hidden_evaluability/dft/audit/superseded_v3_pre_live_remote_search/pilot_relaxation_artifact_search.csv",2116,b069fb32c098b619a549a0d07b0c36adb9b2046b36f0045f1a61dec72d860f0e
"code/experiments/hidden_evaluability/environment/prospective_environment.json",2502,5dc96c48fb6661a129c99971c47f15048024ebc8451d2077a325df549039ee8f
"code/experiments/hidden_evaluability/environment/prospective_environment_lock.json",357,309861e0f070dc328d3d30a866ed3c3e17a23619e566f50a2f221c93944ca2ee
"code/experiments/hidden_evaluability/inputs/three_system/candidate_pool_master.csv",897082,7171701be18a7d391dfd58e15b12461fcb32f7db34395e6c785f7cfc6742ad1a
"code/experiments/hidden_evaluability/inputs/three_system/mlip_full_pool_results.csv",600405,37fc2a9ce0f7eb9c4d914b5f347f0c127a32754edb1bc38c06748f7fb7a51892
"code/experiments/hidden_evaluability/PROSPECTIVE_PROTOCOL_FREEZE.yaml",4730,c7c7d062338e38a99941cd22872afc80e9c16436efc12d6c9ae81119a37dfdf1
"code/experiments/hidden_evaluability/pytest.ini",64,116043a3d7f460918fcd72e5c5e2b8960e7a179b5a87595fe5540c983ade89e4
"code/experiments/hidden_evaluability/results/post_submission_analysis/egdatpp_psfix_v1_20260719T031102Z/dft/recomputed_formation_energies.csv",17383,20f0e9f291dfef21d5d456c6c69e0da0e63cad6eeb3d3eb2aa7b38f2ce9de796
"code/experiments/hidden_evaluability/results/three_system_low_data_v3_joint_endpoint/dft_evaluability_model_cv.csv",430,51569e8b52757f5fb80918cd509ff947823165bd318399c66095ac974f7c7e1f
"code/experiments/hidden_evaluability/results/three_system_low_data_v3_joint_endpoint/dft_evaluability_model_oof_predictions.csv",8848,aab20045a24efd4ce8d912127d902cca6749fdcb30ef0a4d7dd1b534141ab1d8
"code/experiments/hidden_evaluability/results/three_system_low_data_v3_joint_endpoint/three_system_candidate_scores.csv",174462,f46131d02839ff63248acfb816c204d26edaf5bec3bbd16828e7e9c54a11b58f
"code/experiments/hidden_evaluability/tests/three_system/__pycache__/test_actual_dft_replay.cpython-311-pytest-9.0.3.pyc",5180,d30fd190fd2e4946d79cca7a52c649ef805b49e00e0466ca93dcb80434c49aff
"code/experiments/hidden_evaluability/tests/three_system/__pycache__/test_hidden_evaluability_overlay.cpython-311-pytest-9.0.3.pyc",18039,8a2722a82e2cae52dd4e86e5bf42c6ac14233a9e148007fff044a6c25b1e63d6
"code/experiments/hidden_evaluability/tests/three_system/__pycache__/test_manuscript_assets.cpython-311-pytest-9.0.3.pyc",41037,0b0337d9966aaa0f5fbbd97a65b31b6d8be5441b8c834d73a2613a2f5989865d
"code/experiments/hidden_evaluability/tests/three_system/__pycache__/test_three_system_data.cpython-311-pytest-9.0.3.pyc",13494,2bdfe6052bfd21408dab5a73fa2700e4b45946bbad5f7e08400573f350c6bf69
"code/experiments/hidden_evaluability/tests/three_system/__pycache__/test_three_system_models.cpython-311-pytest-9.0.3.pyc",23484,30676f51c2ca305492c702e1acc1636bd829f995347f7bb84a255bf2592a78d4
"code/experiments/hidden_evaluability/tests/three_system/__pycache__/test_three_system_pipeline.cpython-311-pytest-9.0.3.pyc",18824,e9f078ad6393af93ebcda58b580f40bca474fa2c90643b7dabdeb3f496eebf68
"code/experiments/hidden_evaluability/tests/three_system/__pycache__/test_three_system_replay.cpython-311-pytest-9.0.3.pyc",23004,23b5fcd6542bb2b7c88b2b66eac988b67062fd4390b827e4a35bdaeb63f6e258
"code/experiments/hidden_evaluability/tests/three_system/test_actual_dft_replay.py",1024,2d94a1c6d9b8c4f5aa1debebca7e906aeffff06fb967f057203ea0739c87976d
"code/experiments/hidden_evaluability/tests/three_system/test_hidden_evaluability_overlay.py",6380,05b0d9e16cb0df99b266c504769ecafa444f20ba567bc90d238f0fe0d545658c
"code/experiments/hidden_evaluability/tests/three_system/test_manuscript_assets.py",15765,e8eb3e2ec2f23f88b1d1c55813c2c98f3d626edd342e51717a3fc0efd8392398
"code/experiments/hidden_evaluability/tests/three_system/test_three_system_data.py",2535,21ca939f873b38866f7766605f8d51fd743c9704c003e1b7a891c712936a7200
"code/experiments/hidden_evaluability/tests/three_system/test_three_system_models.py",4576,4a5efc78ea33ac70377b6a94daf539f85361051412e78f194caa3b155a59e62c
"code/experiments/hidden_evaluability/tests/three_system/test_three_system_pipeline.py",4575,ba66ce7cafaad59c5a63454c6ad33525a86b9cdfff7ca063fb1e441796059875
"code/experiments/hidden_evaluability/tests/three_system/test_three_system_replay.py",6190,321cef5fa80c9ec9f0ac26c2db6067219e3bae6f0ceb1a4f49ac29bf4b8793ae
"code/experiments/hidden_evaluability/THREE_SYSTEM_PROTOCOL_AMENDMENT_V2.yaml",2524,9cfde91e2e1da87878e455c314037399a56b7ce7ab71b72e7953cc112ccd0ad4
"code/experiments/hidden_evaluability/THREE_SYSTEM_PROTOCOL_FREEZE.yaml",4642,077bf4f947b181a9cb349b72d03bf8c33489ac729a326f20fca57e9c90f6e800
"CODE_INVENTORY.md",1851,87cd96e22e84e405ab4ca1cb4cfa3991ba5f8e97eefd311fc8566e8b38da8b5f
"CODE_TO_CLAIM.md",1365,36d74ca17d41a5c6319d5333fd2c20a7038031efb286f65da93883c6d544df01
"config/paths.example.yml",237,5a7fc94755cd26a42d3aa977535620af8572c38f96aed17e5c1776b14eeafe0c
"CONTRIBUTING.md",487,89a592a495f7de52391321f0101796086a8da0a4e34bf955a5ff9fb370e3a9e0
"data/archived_single_run/jobs/bs16_dropout/al_history.csv",89719,2ddebb42641e7c1ff4ae0f0ace0a066b0f71e2d54663129b033b8b21187415a5
"data/archived_single_run/jobs/bs16_explore/al_history.csv",89773,543bf9c575752ef47148329a2b295138e1d2de1fb80cf02243ff923caf304d98
"data/archived_single_run/jobs/bs16_gated_ta_dpp/al_history.csv",125286,1320f8da4ed5f6d7eac62463eff03b5618b896ed96c2c5bd8506dfae6070fddc
"data/archived_single_run/jobs/bs16_greedy/al_history.csv",89149,7ee02ed39b5102095857900c6408b418495b1bc9de2ea73442ed3d7d6d65616e
"data/archived_single_run/jobs/bs16_modulus/al_history.csv",89710,2e0350842b45712aaa518bcaccaf6199bb4d28091d9563783120ec6ebeacd6df
"data/archived_single_run/jobs/bs16_random/al_history.csv",89103,10486f470f1a251ac19b78e09cad5bb5a49adecce8138eeb8c507c63ce83a79e
"data/source_tables/CGCNN_HIDDEN_EVALUABILITY_REPORT.md",6339,896f940cdee65eb40d4a9bf5141001190814b488938a4321fbd338d16798f077
"data/source_tables/CGCNN_HIDDEN_EVALUATOR_PROTOCOL.yaml",1366,ad4ad2848637aec58b214b10285482b619e36f5d75488a4b4b520a4518970925
"data/source_tables/corrected_formal_histories.csv",4541842,1d078b18bdc4cf9a25ccdc2c90958fdc5fc72cf6706e5eae169ed18f379f30e4
"data/source_tables/corrected_formal_paired_statistics.json",1465,15bdcdb6da96a94c9fe51442a42e4832891463f27778b0475ca97fcb4c439725
"data/source_tables/corrected_formal_per_seed.csv",8135,5b8060d042ddf6fc4ee3ef608a4fbc1025bd4521140c6b8545cc5279f39a4843
"data/source_tables/corrected_formal_summary.csv",6223,b5c4b3c5be29fa1c099ddde4675f88369ae71f62c60aaac75c97071e9e69c4bc
"data/source_tables/corrected_target_composition_inventory.csv",134,e26eeba14d23c40f412e79bbb4d712e4189e0c8dbaae015ed7ca36facdc48642
"data/source_tables/DFT_completed_candidates_report_zh.md",7620,5b9e738f1a82077248ee6ad53770da8d603d2281bbc45c5ae5a90765753a2a2d
"data/source_tables/dft_cr_case_freeze.csv",810,338289c70aed38bd11ee9a7b977648f168c5315e38865fe8b6db49b56370ee5b
"data/source_tables/dft_evaluability_model_cv.csv",430,51569e8b52757f5fb80918cd509ff947823165bd318399c66095ac974f7c7e1f
"data/source_tables/DFT_relaxed_structures/job_079_gen_1_CONTCAR",1134,f5f44933c19753c838cbded1c49813e0fa9c07a386fd868ebda3ad619da5cc7d
"data/source_tables/DFT_relaxed_structures/job_126_gen_0_CONTCAR",1134,a97cc5388568790cc7c2a9e0daa41f2850ea916c3e4486691cbbe8151fed11c6
"data/source_tables/DFT_relaxed_structures/job_196_gen_1_CONTCAR",1134,344c4d4678d579e32bf56f4a68150116d8009e05f1f96ecbda010c7696a2a53a
"data/source_tables/DFT_relaxed_structures/job_234_gen_3_CONTCAR",1134,3b48d368b42560b36d9512bb5d4cc1f2249a1b8a13f6131aef3873949c51b1d3
"data/source_tables/Figure2_six_policy_target_recovery.csv",53601,27f6d221124caa1637a8ee8de4a2160d25f12a20a9c8ecfb6f4d635d3fc14892
"data/source_tables/Figure3_hidden_evaluability_audit.csv",35250,6e9b3d0d03c630e00fdf37064c698803a78deda1af22924637697ce884d13643
"data/source_tables/Figure4_DFT_feasibility.csv",391,5e45c12047b089556b7864fab6e856bc2018f948c046b695eefcb111a6e7a7ed
"data/source_tables/formal_histories.csv",4541842,1d078b18bdc4cf9a25ccdc2c90958fdc5fc72cf6706e5eae169ed18f379f30e4
"data/source_tables/formal_paired_statistics.json",1465,15bdcdb6da96a94c9fe51442a42e4832891463f27778b0475ca97fcb4c439725
"data/source_tables/formal_per_seed.csv",8135,5b8060d042ddf6fc4ee3ef608a4fbc1025bd4521140c6b8545cc5279f39a4843
"data/source_tables/formal_summary.csv",6223,b5c4b3c5be29fa1c099ddde4675f88369ae71f62c60aaac75c97071e9e69c4bc
"data/source_tables/hidden_dft_evaluability_scores.csv",26824,58173cc573ee2adce4d92e0ac9f3bc39c0da9e31eafb23d8617e37f03ce7f59b
"data/source_tables/historical_dft_binary_labels.csv",10679,613fd22771d9eecfa6987ed9b377a71017e61968b7167e7230a15dcc7aa9e39d
"data/source_tables/INPUT_SHA256_MANIFEST.csv",9100,cb66696251664ab53957d76e103565ba5f9622379fd9cb44d4d92962fbdc1f1d
"data/source_tables/model_validation.csv",1878,4656a85893d26383b8348f1d6ba8b6dd92b95e2ed39642b5a905f8a8e2083e10
"data/source_tables/OUTPUT_SHA256_MANIFEST.csv",3927,7657fa00d9f5ff6f0f3e96d81fad56759f8aae8b054fc935d21f0ee500bf806c
"data/source_tables/paired_autc_at_320.csv",764,59aad1fe5b102f47b5d1a6ee7ebb065fd4d18654e0cc265aa4d2762fae1bc812
"data/source_tables/paired_cgcnn_histories.csv",5757932,c9d77c31699263b4101e5cd50583133a054452c4834d7139cd31de48f7abab38
"data/source_tables/paired_gate_minus_greedy.csv",1901,e50140f76c8666da7596f3fe669a57f1d218261071fdfff3e4f89bf6cf384eb9
"data/source_tables/paired_hidden_evaluability_detail.csv",6696787,faf7fc2ec62d9e0a3de9e2d57cacafbe74bd6ebabb0afd915003062966ae38c3
"data/source_tables/paired_hidden_evaluability_results.csv",11678,7fedb2ac92617106abdbf63745283d2422ad7694bc38bf1c2e44ae4262a72833
"data/source_tables/paired_hidden_evaluability_summary.csv",2749,8e96b545825d357ef8623ee4cf4030e244a038f30f57b0cebd4c2ca7ee0d248e
"data/source_tables/single_run_baseline_histories.csv",1277524,a4216d8fb7c57288d784bd8050cafb49faad59e7fcffc72ee93fa79e38ce627a
"data/source_tables/target_composition_inventory.csv",134,e26eeba14d23c40f412e79bbb4d712e4189e0c8dbaae015ed7ca36facdc48642
"data/source_tables/target_set_identity_audit.csv",13054,ba01ccc3cd1a8358d0a41fb0a8ddbd0006b055964acee6f243d96362c45a60ba
"data/source_tables/target_set_identity_summary.csv",340,f16e997f1012499fe476ad9c36204d158b8cc13a5c81b6a231aa867f2cd31dae
"DATA_DICTIONARY.md",1963,631fb2e59870502cd99d88a25bc1c80aa685778317ad6e3a4f59f45e0f81742c
"docs/audit/superpowers/plans/2026-08-04-structural-group-gate-feasibility.md",21905,3c80c2a42c8d4902c590095efbf41c9bf163a1791869985f283ec96fe4401bbb
"docs/audit/superpowers/specs/2026-08-04-structural-group-gate-feasibility-design.md",11144,95ec8a7746ce075d79a38023e0ce1dd062b9fe545fcf92ba0b00c44d39009524
"docs/DATA_AVAILABILITY_RELEASE_TEXT.md",827,c37eb24330999c10a122697dce310f4e179c187bdab5425cb4d81fc859d93b54
"docs/FIGURE_AND_SI_TECHNICAL_AUDIT.md",1935,517e688252e518c6d2b8359dd44db4c0df478cf24ab9b8a3882cc1ade4b8b2e2
"docs/GITHUB_REPOSITORY_SETUP.md",946,1aab08fda36c25675079705d406d65b7a9ff4b3e003247980878845fd86fc173
"docs/PUBLISHING_CHECKLIST.md",1188,7931ad0dfdd4afb1cb54b3e374c79cee2328027aa0a412e58dd8fd4627722f78
"ENVIRONMENT.md",1237,2d1bb7ec6dcba017202f24d05faf5b4abf7c41b63c177c34d980d07f4c0ba480
"environment.yml",330,93f12d8a41e1f5609a3f3cf6e752ed31fbfaac7e885266b7d94f851c2fccd174
"EXCLUSIONS.md",648,3a5175cc070cacd57747fe4ff1a0d444d70d2c5df95be92c2f01ada60422753d
"manuscript/Definitions/image-f001.pdf",8848,a86b8b8c21cf2d195c67a9af659c727f0d8a07696523f57fbbd92255a4181953
"manuscript/Definitions/image-f002.pdf",80002,8f3ed959da7cab2a05ec9149b586cf184c8a090e44312dfd8ed457ce52970c8e
"manuscript/Definitions/journalnames.tex",8802,560df08939f8ab6a3bf10318c48a66e8537095bedb4cea0b1b3e12fc167f7f6a
"manuscript/Definitions/logo-orcid.pdf",12671,0558a0097dc4d1ffe3f4a1b3c9b4b98c6e568eac7d7439d447ca56ed1a8ec759
"manuscript/Definitions/logo-tsp.pdf",521265,7cee539dec5bede6630de37981051d862c44f0508fa81db9a1dbf1ae959ecdeb
"manuscript/Definitions/logo-updates.pdf",44725,e1403534c34b8f746544f3ea12db8bce59b7d3732b00ce94867892c038cd9d8b
"manuscript/Definitions/package.tex",1815,70b47b1143cc19185995d788fa33fd1524b483363c56b8fd6700680465bb8a0f
"manuscript/Definitions/tsp.cls",46895,8347ea0a5b034e2d6ff82169d27ef45862dd6b0b765ddb88e75a50be9ea6833d
"manuscript/Definitions/unicode.tex",7430,683a1fb7b960a6a1c79848f427243fdf00c70b117f8d928676958cd0f3d87682
"manuscript/Definitions/vancouver.bst",42615,3050daa9db51aff29e31983add243e09ae06158d461a4f905ca58182b7021428
"manuscript/Energy_Gated_DA_TPP_v71_manuscript.pdf",4486729,ad4fcfd45fc08f5feb245c331a713a80cba809cfc65673d516a43498ede39334
"manuscript/Energy_Gated_DA_TPP_v71_manuscript.tex",8430,74126252d60866feac1dd85712d6ab5ea1c5e953a4dc6c62d5a3d1eb2e6a2398
"manuscript/Energy_Gated_DA_TPP_v71_supplementary.pdf",1149200,11f942600e6c095873e1b283efa114e934e3f6caa805d37fce5d1179f7d923ef
"manuscript/Energy_Gated_DA_TPP_v71_supplementary.tex",27614,b8fb2906628e8116af4911b9dfeeb2c99747c32aebe102c9523ea45931272fb7
"manuscript/Figures/Figure1_user_supplied_workflow.png",1160618,e3975bde9fa553a3a70c83efc3ebe42aab5ea3af3198569f1960dfa65f0476b0
"manuscript/Figures/Figure1_user_supplied_workflow_600dpi.png",2976856,83242db19f607b0db07e3365faea6d9ded4d253f8213daa55190885859e92bd9
"manuscript/Figures/Figure1_user_supplied_workflow_600dpi.tif",6787012,e23d17430a96594937973547c59c19c33b49fbc3c59d81ae36112b388cbdf364
"manuscript/Figures/Figure2_v50_six_policy_mentor.pdf",34858,1a7f3815f6e16bd29aa7159c8ddd77c033f48d3677b45b2206d573d73ff24674
"manuscript/Figures/Figure2_v50_six_policy_mentor.png",567923,f62cf5e0bdecf0cd946f9ee542a8352fc00aa0346eb609a3c73f31335ac3a230
"manuscript/Figures/Figure2_v50_six_policy_mentor.svg",39823,da9ad74269c9a4c475e58233d8a5edc9bd4ea272d307ae7ef44e79afff4b7725
"manuscript/Figures/Figure2_v50_six_policy_mentor.tiff",1168614,e30b1ada54537566d138f2f7c158920a22e023c9439fb7e02361daee893e3919
"manuscript/Figures/Figure3_v50_gate_greedy_evidence.pdf",50292,7cc539e48e5a8898a38eb2c3ac5bae775451c0b5085d6e338601f96ca772343c
"manuscript/Figures/Figure3_v50_gate_greedy_evidence.png",463252,60144d34827f257cc09f2a257ba2a579405621e783138505e18072a4a60433da
"manuscript/Figures/Figure3_v50_gate_greedy_evidence.svg",50043,1b5a6228ae2bc179e193fbfd87b52684a3fa262ebec9ff9ed94c13a260fbb448
"manuscript/Figures/Figure3_v50_gate_greedy_evidence.tiff",1173414,ca9533475031970c39d0512001e0cdd6bf1beb1f142b62c7083776f85d8b994c
"manuscript/Figures/Figure4_v50_mace_dft_calibration.pdf",49782,2c9c48d17053a663990d6ef595cb4dd9e6fa5f57e6f74f6ce36142ca18f7304f
"manuscript/Figures/Figure4_v50_mace_dft_calibration.png",215841,372a36067cdae4f2b6c0204f6835eaf3fe386c34e15db761979a1c448e154e99
"manuscript/Figures/Figure4_v50_mace_dft_calibration.svg",36877,0b1086fc724cd1fc49acc311d2daabcd010cd9055202a2cb4f2e5bad0cc7be76
"manuscript/Figures/Figure4_v50_mace_dft_calibration.tiff",403222,64cb6bdc869bb4e49741e7e8b9b500592b55594e0a711eef07b1870ca9290d29
"manuscript/Figures/Figure5_v50_relaxed_structures.pdf",54626,d8df44b9638dfbd8b76c7ad1dda26e6f29c66f0c15fc876e8bfab50f569962d2
"manuscript/Figures/Figure5_v50_relaxed_structures.png",610214,6880b23e3dc5aec9d2180ec312ff94656f07f168478d6f4ad2c818a489fc3477
"manuscript/Figures/Figure5_v50_relaxed_structures.svg",129626,6fa07515b2f3e1b15c06883d5db1caf56653b4fb8f51ae01b85570a8eb420435
"manuscript/Figures/Figure5_v50_relaxed_structures.tiff",1022728,9e7dd1304c91f901db15a759600a835d6a92914d35135b9ad179cd902f93418c
"manuscript/Figures/Figure7_v63_parameter_sensitivity_light.pdf",81984,433686f8f5377a38253b6d1e0df64389b459b69f2cc368f7c58860562a7b1a9a
"manuscript/Figures/Figure7_v63_parameter_sensitivity_light.png",430871,1993e8c636dbea2717ca88f089fcdc405bc247876016f4d92698b240f522950b
"manuscript/Figures/Figure7_v63_parameter_sensitivity_light.svg",151762,fdb54761f811edfcbc4cb0c5c832e9a3f181116f936c47ff1f01a7752e399dc8
"manuscript/Figures/Figure7_v69_gamma005_holdout_clean.pdf",56264,45c73633dad784f4b8ae31a48c6fb2905442e233410f78d15057fb5e202b574a
"manuscript/Figures/Figure7_v69_gamma005_holdout_clean.png",270586,2eb9997c58400782804e0356170a522cc1d8de7175719d2be8087321e9506026
"manuscript/Figures/Figure7_v69_gamma005_holdout_clean.svg",33737,6055167b73c8e8ac41c5b63ad8796b89a134890ca852ff4284fa2917998f688d
"manuscript/Figures/FigureS_v50_mlip_runtime.pdf",44112,39f6344858c3bab8a175b103d8c23e79d52032d278a06fcb96770d15287fe776
"manuscript/Figures/FigureS_v50_mlip_runtime.png",192531,82df8d89b37a564b04ec8fa247288840e9c56af0bee531125eb44347548841e8
"manuscript/Figures/FigureS_v50_mlip_runtime.svg",22941,b6c81e42ad846c77ac3620f889d9020b780bf58f0a2a2b8929483f978f78d984
"manuscript/Figures/FigureS_v50_mlip_runtime.tiff",393216,9e126e06d44d345abc516d925f79489d54fa402b59accedcdcb8ce9fd52a33cd
"manuscript/manuscript_body_v71.tex",39383,df160dc2ef25d45b010d640bdfdc4f3f7515fd1ac4afe2fc4d98dc84c163756b
"manuscript/references.tex",5452,661e97ae9326b72d59ec45ad35090e393cd92b139d4e48d83cf4e5f5649565f4
"manuscript/Scripts/__pycache__/rebuild_v63_discussion_figures.cpython-311.pyc",16132,9239b5e21efa662f400d8b58e1cc9dc5c5213eaa14822f6672ffc1606f2186d1
"manuscript/Scripts/analyze_v60_crystal_structures.py",4739,e1be060003bfe34cdf04d05ef222159a5099809f1e8451d6596bb9d5f48e97ca
"manuscript/Scripts/audit_v62_figures.py",3674,7d980697c737b1d3e0e0d0a6f69474839bdab4dfd86c2410d02074b24fcf491e
"manuscript/Scripts/build_nature_figure_audit.py",10814,6a85157ebe70d3cb164f0001566be177dca480d3ee24eaa706226ac8ead90960
"manuscript/Scripts/build_v50_mlip_figures.py",8879,53b8f4d19e785667b50ea333fcc77984c9e7ff37e82d50eb687130a1d87b1e70
"manuscript/Scripts/build_v50_recovery_figures.py",14082,225ac016cd3eef60363f78b10a744aee739777ecd81709b03a925340cd1cfce6
"manuscript/Scripts/build_v50_relaxed_structures.py",13187,b9cd8258e24ddfe3651c73dbb22520b74b4c7c0b63ac2bfba60635b25d5ae9f6
"manuscript/Scripts/build_v60_gamma005_holdout.py",10175,ddd567c4fde7fde951e81a60cb9946f0ff6fb483d256ee23e88b6aeac6ff2130
"manuscript/Scripts/build_v60_information_boundary.py",6224,c20209ddb907ad7c1d84eb74ebadd250c8eb20f42f692ce6317f24e3585fd9bd
"manuscript/Scripts/build_v60_mnoxide_control.py",15880,ab7cd0ed168a96ff82ee55fa08713ec149b5cfafa3f9ed3da0974fbb5ea3beca
"manuscript/Scripts/build_v60_parameter_sensitivity.py",18151,579be1c73758ac6bbdc1fd682f2209d7b1c1caf6cec1a329e207570bb82ef1f1
"manuscript/Scripts/build_v60_same_protocol_baselines.py",7695,b3fe9bd29b84b4900de62416a12ef9a8ebe4797dfc6338857f365fe1066a9ad2
"manuscript/Scripts/build_v61_gamma005_holdout_figure.py",5087,e27892a0c85245afa8fb36f71ce5108b6b402c72ca48b689f69bee2752c180a4
"manuscript/Scripts/build_v62_contact_sheet.py",1024,b8dbe0a6cac09891334a60018156348b460869b99af7c581ac0e8093a5254cfa
"manuscript/Scripts/prepare_figure1_submission_raster.py",745,9bcba595d90f3cbb035e47cc6afb1eab7b1577d7f04f3850f1e8c3cd57977e40
"manuscript/Scripts/rebuild_v63_discussion_figures.py",8030,faf3f873481670ff2e4e3e26a880bbd94da4f2047c65c7b5f287ad08b6d84769
"manuscript/Scripts/rebuild_v68_holdout_figure.py",4802,4016014f986c3b6c4720714be38ec15482aca505d18fff0cf1086ac5833174c0
"manuscript/Scripts/rebuild_v69_holdout_figure.py",3087,a2cbfc3c61ca5c5c06e77fb2de5ac30d1a38bf30b8f37979ab3923995b9cd543
"manuscript/SourceData/DFT_completed_candidates_report_zh.md",7620,5b9e738f1a82077248ee6ad53770da8d603d2281bbc45c5ae5a90765753a2a2d
"manuscript/SourceData/dft_evaluability_model_cv.csv",430,51569e8b52757f5fb80918cd509ff947823165bd318399c66095ac974f7c7e1f
"manuscript/SourceData/dft_evaluability_protocol.yaml",1467,fdde7e820df987074404f258299ca794dab934692afae3ad5dc256d42c42fcbe
"manuscript/SourceData/dft_evaluability_scores.csv",26817,196df9abb93a9db59b22345fdcc161edd1a67f7ac02213b8407673faac43a199
"manuscript/SourceData/energy_calibration_best_oof.csv",2321,d2d114d5b95b88f8753b9a5d943f6424119344ae1fed707a208aa0ec89e8b904
"manuscript/SourceData/Figure1_dft_evaluability_overlay.csv",35251,a81d5a4950d21f53f94b20436ccd89539cea507d9475e9aa6fcbe1a5da6361f0
"manuscript/SourceData/Figure2_six_policy_target_recovery.csv",53601,27f6d221124caa1637a8ee8de4a2160d25f12a20a9c8ecfb6f4d635d3fc14892
"manuscript/SourceData/Figure3_dft_evaluability_audit.csv",35251,a81d5a4950d21f53f94b20436ccd89539cea507d9475e9aa6fcbe1a5da6361f0
"manuscript/SourceData/Gamma005HoldoutAnalysis/v60_gamma005_holdout_output_sha256.csv",717,e5c368f94c08b2f9e7e6ee1c23689bb1a6ae54a1eb4a7bb523a6a430643b4897
"manuscript/SourceData/Gamma005HoldoutAnalysis/v60_gamma005_holdout_paired.csv",1709,1a52e6c84a8b4d866f07e128ce62163f2b523fecb54c67c49eedfd2dd30874ee
"manuscript/SourceData/Gamma005HoldoutAnalysis/v60_gamma005_holdout_per_seed.csv",10150,421729b986f84f93f5e47bd678fa9fd29a46876c829d3c5102e0e4dfa81411b6
"manuscript/SourceData/Gamma005HoldoutAnalysis/V60_GAMMA005_HOLDOUT_REPORT_ZH.md",667,3a982015a0772cfd76c34a9a9e2f837dcce06739123d77a0b110ffefaf5436ec
"manuscript/SourceData/Gamma005HoldoutAnalysis/v60_gamma005_holdout_statistics.json",684,2c4c86d39070998b6a01fedd9bcd8b438f85ed6117131fe0868c811b6df3c3d4
"manuscript/SourceData/Gamma005HoldoutAnalysis/v60_gamma005_holdout_summary.csv",678,60116e75c158b03359e45e9617317c66cabaddb27299f95efb78eb25de0e6886
"manuscript/SourceData/historical_dft_binary_labels.csv",6919,f31058536ebe13ac6f13d46ae3f28f23bca7f848985c127a010f0da6861b9ab8
"manuscript/SourceData/mlip_full_pool_results.csv",600405,37fc2a9ce0f7eb9c4d914b5f347f0c127a32754edb1bc38c06748f7fb7a51892
"manuscript/SourceData/mnoxide_corrected_seed_metrics.csv",5500,9fce275eaa7b70d3116f2545bb7444754520f45bf02c62ce0e46a4e3b80b1feb
"manuscript/SourceData/mnoxide_element_system_groups.csv",13469,1f806e10621c09ca2e5b92343b302e92bac41395d7aa1360677c38298f889a9e
"manuscript/SourceData/mnoxide_group_inventory.csv",201,1c33d2b239074094b0b7971111af51b34e26b9397f8c4d3c8c6940c9b5a7c3cb
"manuscript/SourceData/mnoxide_recovery_trajectories.csv",12918,c28ee3cf5660f32b2cc01efecee42bfc9fe8f054bc5e92befba8bf237f053d5b
"manuscript/SourceData/mnoxide_seed_pairing_audit.csv",858,89872b1d14e42892cee0cf225fc8205545031a88fb25a63805073fe106d38498
"manuscript/SourceData/paired_autc_at_320.csv",764,59aad1fe5b102f47b5d1a6ee7ebb065fd4d18654e0cc265aa4d2762fae1bc812
"manuscript/SourceData/paired_cgcnn_histories.csv",4183532,0861e6bddfb2f44e9b3c1af09dd774560db3c98b2d12ac1d59b9bdcc75772f73
"manuscript/SourceData/paired_dft_evaluability_detail.csv",5045580,bad6a676ffb648f537e499b0eed942d4e6eb7dc678ae4a29325befe8c4eed25b
"manuscript/SourceData/paired_dft_evaluability_results.csv",11591,059af6852fbd7d124256b354d9fbf5b8328bdf3a1397d0b89c533120063fe52a
"manuscript/SourceData/paired_dft_evaluability_summary.csv",2721,f8c3324ea67a771713870eb40e220e6291b846a48d9229fb3e675d78117dc4ae
"manuscript/SourceData/single_run_baseline_histories.csv",1277524,a4216d8fb7c57288d784bd8050cafb49faad59e7fcffc72ee93fa79e38ce627a
"manuscript/SourceData/target_set_identity_audit.csv",13054,ba01ccc3cd1a8358d0a41fb0a8ddbd0006b055964acee6f243d96362c45a60ba
"manuscript/SourceData/target_set_identity_summary.csv",340,f16e997f1012499fe476ad9c36204d158b8cc13a5c81b6a231aa867f2cd31dae
"manuscript/SourceData/v50_autc_checkpoints.csv",216,a3e95eb4bf187baacd0c0d5f10b4fa8ab047d370e7f509ce7993f8eba5ee2a39
"manuscript/SourceData/v50_final_structure_provenance.csv",2179,0c37756f2f312a55bf7346be201f3a488f294d2f29db445decc4cbd6c5647434
"manuscript/SourceData/v50_recovery_figure_values.csv",5678,e64044f4da9a3fd2d1e5cf07639e6e0a4d601dfe6d692b48d6de7a2336bed34e
"manuscript/SourceData/v56_proxy_window_target_composition.csv",263,c2c028b85afac05969f8262ee2be8c0059ab301901590ed0a3af618cc473b21a
"manuscript/SourceData/v56_structural_gate_method_summary.csv",3798,ff46284428db45b5b19cf8108bf34b6d7d3f1bdc4f46e48c22c6c02a1356500a
"manuscript/SourceData/v56_structural_gate_paired_differences.csv",10580,3adb90227772f4d22c116ea0f1c0295a5245ff79b766de60a383388bc2bcf6bd
"manuscript/SourceData/v60_crystallographic_descriptors.csv",1062,ba2f1588ee3034463149092647f8f9b90cdce090cbd7776c07decf227618830b
"manuscript/SourceData/v60_information_boundary_output_sha256.csv",492,710950375f4d16e4df55e52db181eaaaa76f344d5bee5338998e03d9c9d2105d
"manuscript/SourceData/v60_information_boundary_sha256.csv",492,dffd95d6a907b12d82353b59ebb7f851eda063d99f9ffb658637a4e1eddf9f9f
"manuscript/SourceData/v60_mnoxide_output_sha256.csv",1220,c9c234468112786ac398fc73bf8ad592fb91bb4a8608db19eeae96f7bbfd82e4
"manuscript/SourceData/v60_parameter_sensitivity_output_sha256.csv",1246,94ef82d4bf1721c74e63fc7f08be7d052ce093f044ee5e699c7d696fbdfb5d12
"manuscript/SourceData/v60_parameter_sensitivity_per_seed.csv",37768,7cb5c23fcc281a8fa72494895a14b584e5baeb24d323d0b842de56992c28d955
"manuscript/SourceData/v60_parameter_sensitivity_reproducibility_audit.csv",5660,a7899d45efb9e939c8c94af74579452a8c8a3c06d052c70b5aa063dba4ed0f3e
"manuscript/SourceData/v60_parameter_sensitivity_seed_audit.csv",588,ba399274bf37a229505234248c8d16f194cb9c4ae6f53c8848010721171195c0
"manuscript/SourceData/v60_parameter_sensitivity_summary.csv",4716,9e2c1c72791fa2c4db3c2ad386ab2e9bf2d6ac3feda0851ea560249943881a85
"manuscript/SourceData/v60_same_protocol_baselines_output_sha256.csv",636,e4b5e436a50b71fcc89f6fb9ddfae056d231cec47ebef2141803594d4b13581b
"manuscript/SourceData/v60_same_protocol_baselines_per_seed.csv",9121,12f5ba87ecae55416abad62aceb060ebe7f077288c31421021327be322afb3cf
"manuscript/SourceData/v60_same_protocol_baselines_seed_audit.csv",174,61ee43954fbc5e2ac21c94f370f3e7177bdc307b477fcf884ad9e0a5b40152ad
"manuscript/SourceData/v60_same_protocol_baselines_summary.csv",1039,463713ba39cf2d5d74c656291e2470a6878a609f5cf271e8109fbac52a0a3585
"manuscript/SourceData/v60_same_protocol_gate_greedy_paired.csv",1022,3fe16afa678ff03d1d2aec84c65977f689dc5a48fb58ba58d8770c9db4d30941
"manuscript/SourceData/v60_structure_matcher_pairs.csv",399,b399d3b4faefd0cf1c1baceb2c3981b2ed150cb64c5d62519c2a2a0d423045bb
"manuscript/Structures/C079-1_final.cif",1050,29c21ef90f33e1f607ad505d02b3fa6ce3a4268eabf50f1140b574f733158853
"manuscript/Structures/C126-0_final.cif",1052,d6d77596818f46ab781b28e978a0ac11484e44fa534f3e82a83492a8a62bf0fd
"manuscript/Structures/C196-1_final.cif",1050,0246a289b052ead62d303c713bd439cb783cdf378316a50e4eeaac2f90d95495
"manuscript/Structures/C234-3_final.cif",1050,9bb5a5d968d43840441d1387524a7fec1db30417b2b19ca9a2ce7728730dc6bc
"manuscript/Tables/generated/table_DFT_candidates.tex",547,11b27ed5f334e1a092b937cd589b2bef1fe075d7be60ced62a195a9574aaa8b6
"manuscript/Tables/generated/table_v37_legacy_baselines.tex",1264,28b355323299ed3a5c44050c6294de015dd0dddbc115bd34b094bee2f52daa93
"manuscript/Tables/generated/table_v37_model_validation.tex",725,338fd8d9802f094a2218b4a0b56966ec1a02479a535b3b521f369ed3dcea348c
"manuscript/Tables/generated/table_v37_parameters.tex",761,9f79fbb06b77b16e12278068791976bae344c1fc7de1d489fd9d6e74ee5f25f5
"manuscript/Tables/generated/table_v48_claim_evidence.tex",1493,8c945e2878fd201b8c6153ae93b293895d8ea670d20711c02f19e9336e7252f2
"manuscript/Tables/generated/table_v48_notation.tex",1061,505d712d44567471327e097dd308d7986219f39339411e14a806272761a12a4f
"manuscript/Tables/generated/table_v50_autc.tex",290,5e181de5c8598b10c29704e56c2b3137a598955043d36131bdd54a9b33d4b2c0
"manuscript/Tables/generated/table_v50_dft_evaluability.tex",870,68ac97648aaeb503065e4971b9cd9bbd24b03ac1e039c1684497dfc05419e47d
"manuscript/Tables/generated/table_v56_structural_gate_feasibility.tex",1650,0a93166fa5e96ae3e43c38d2099a9cdb0698208a4017b9dc7879f86b19aa94fe
"manuscript/Tables/generated/table_v60_crystallography.tex",398,ae99c7b9aabf5fa11cea91e64b25403845405aeb902a9b4d23397619e6dbefd7
"manuscript/Tables/generated/table_v60_mnoxide_control.tex",521,c760c031dd1d6638dec67a3142bc10b1ffbafd825ab1c3b54f469f0623c545b4
"manuscript/Tables/generated/table_v60_mnoxide_control_per_seed.tex",641,ac86540935a2d358bca57dc93c89781700d31415830d6101b021f751981396cb
"manuscript/Tables/generated/table_v60_parameter_sensitivity.tex",1314,17379cddbd454d8222bea03ee20f42afa38a72bd537a88ff00a031ad6b8f3983
"manuscript/Tables/generated/table_v60_parameter_sensitivity_full.tex",2234,48aefdc31065053718f747cf0321416299905ab5054f02dc6ca9822c7ba81490
"manuscript/Tables/generated/table_v60_parameter_sensitivity_si.tex",2234,48aefdc31065053718f747cf0321416299905ab5054f02dc6ca9822c7ba81490
"manuscript/Tables/generated/table_v60_same_protocol_baselines.tex",658,e70cca54ac5ab8d413d8eabfaf86e3a24cf13f469317850a8dc8741c120e25c6
"manuscript/Tables/generated/table_v61_gamma005_holdout.tex",866,a060049cd3b24c93996797ad2569915331fcadc6a3a994d9d0e9c9ca453fd2e6
"manuscript/Tables/generated/table_v61_gamma005_holdout_per_seed.tex",761,2fd664d017907096ea312edfbea122927336a2af7380c78af31d2197c4f4bf2b
"manuscript/Tables/generated/table_v67_claim_evidence.tex",1373,454bf49cfecbcec038b4fcf4509d20c2aa6070683c67f1195563e41b83502597
"manuscript/Tables/generated/table_v67_parameters.tex",715,0ace2641136eee5493df41da62f4c9dada0e953e4e1fc97fe4a9189027b92725
"manuscript/Tables/generated/table_v67_same_protocol_baselines.tex",682,3433a4c0a5010797ed2d1034cc8f43cd05bbc41e67fd74677110dd8e1459e265
"manuscript/V71_LANGUAGE_AND_CLAIM_AUDIT.md",4551,ff47d18ddc3b5d56d62feff9032066b73e19c51d7158fee45ed4eb7c23df3571
"manuscript/V71_SUBMISSION_PACKAGE_README.md",1878,c4f8b503e82440f3373d15ec20daec08827dcde9ae90929cd86491364a3224cc
"provenance/security_audit.md",999,2bc5a955a30e3a946aa7108c1b56531cde416c9c4ddcb9d5cc6c0a461f832786
"provenance/source_inventory.csv",599546,aa8a819aec3e43a1172a766a48416e0eee63525c84ec60c2f3fadefd58dc82ca
"README.md",4004,bfd31653e1c684dadd865f8d46ebdcb98b77bdbd7efb723aefba0e587d0e8e0c
"requirements-lock.txt",210,db6d1ad51e018af16ab6c0226a089bbcac86530da2d65c9107277c48db54966a
"requirements.txt",175,22589996a3350270205d5fa250900ea0e3e3e6040cb3b489074bb073ab7d456b
"scripts/paper_rebuild/build_acquisition_architecture_source.py",43878,2a6482b6071c1b71f699e8448af37dfb5544e542ec76b929768cbb8813235d06
"scripts/paper_rebuild/build_dft_feasibility_figure.py",8934,e56c0122aa99fe98a90339e229c4e203b68fe2d90c18d91b52201d4a131c1c3d
"scripts/paper_rebuild/build_formal_evidence.py",14827,68fba85e8b8c5edddd35ca23281acead09741d549544257abc4f74ccc7bf3686
"scripts/paper_rebuild/build_submission_figures.py",8543,fd889f5925006814e991f477a31a97c4dd64c76b4f1731fb24d80c289f87751a
"scripts/paper_rebuild/mentor_active_learning_analysis_original.py",9361,74c38dc67b70dc23807f3229b3570413d7c2c61b28fa383b16cf8c61c47055a6
"scripts/paper_rebuild/run_cgcnn_hidden_evaluability_overlay.py",22962,f6b893bc3120a98aa8c7f5890aff80fa0b5b1d59c02245c5c11c67abc0ab36c7
"scripts/validate_repository.py",4924,bea6d4ea10ccb1bc43af2f13f276615ab26251ddf81d114e75dc59ba742f5cab
"VALIDATION_REPORT.md",2072,cfc2dc75ce87d1ce6ff936b0fe10fb0f699ac737cc5bde445d8bbdc6b7488116
