"source","relative_path","bytes","last_write_utc","sha256"
"gpu_mn_mg_cgcnn_20260803","CODE_INVENTORY.md","1851","2026-07-30T08:47:29.2845139Z","87cd96e22e84e405ab4ca1cb4cfa3991ba5f8e97eefd311fc8566e8b38da8b5f"
"gpu_mn_mg_cgcnn_20260803","environment.yml","330","2026-07-30T08:47:29.2835080Z","93f12d8a41e1f5609a3f3cf6e752ed31fbfaac7e885266b7d94f851c2fccd174"
"gpu_mn_mg_cgcnn_20260803","EXCLUSIONS.md","648","2026-07-30T08:47:29.2855185Z","3a5175cc070cacd57747fe4ff1a0d444d70d2c5df95be92c2f01ada60422753d"
"gpu_mn_mg_cgcnn_20260803","README.md","4287","2026-07-30T08:47:29.2800013Z","811527401a610a44b9fe883a2d0c6af803e7369ef8b575beb7135522b0d0bf23"
"gpu_mn_mg_cgcnn_20260803","requirements.txt","175","2026-07-30T08:47:29.2820020Z","22589996a3350270205d5fa250900ea0e3e3e6040cb3b489074bb073ab7d456b"
"gpu_mn_mg_cgcnn_20260803","VALIDATION_REPORT.md","1336","2026-07-30T09:04:32.8410136Z","c65742f9e559f2e56da37b60808a5145d0e17faa07068770a5438c0e45431c00"
"gpu_mn_mg_cgcnn_20260803","data/source_tables/CGCNN_HIDDEN_EVALUABILITY_REPORT.md","6339","2026-07-28T08:53:00.0000000Z","896f940cdee65eb40d4a9bf5141001190814b488938a4321fbd338d16798f077"
"gpu_mn_mg_cgcnn_20260803","data/source_tables/CGCNN_HIDDEN_EVALUATOR_PROTOCOL.yaml","1366","2026-07-28T08:53:00.0000000Z","ad4ad2848637aec58b214b10285482b619e36f5d75488a4b4b520a4518970925"
"gpu_mn_mg_cgcnn_20260803","data/source_tables/corrected_formal_histories.csv","4541842","2026-07-29T14:12:24.1991608Z","1d078b18bdc4cf9a25ccdc2c90958fdc5fc72cf6706e5eae169ed18f379f30e4"
"gpu_mn_mg_cgcnn_20260803","data/source_tables/corrected_formal_paired_statistics.json","1465","2026-07-29T14:12:24.2031609Z","15bdcdb6da96a94c9fe51442a42e4832891463f27778b0475ca97fcb4c439725"
"gpu_mn_mg_cgcnn_20260803","data/source_tables/corrected_formal_per_seed.csv","8135","2026-07-29T14:12:24.2011668Z","5b8060d042ddf6fc4ee3ef608a4fbc1025bd4521140c6b8545cc5279f39a4843"
"gpu_mn_mg_cgcnn_20260803","data/source_tables/corrected_formal_summary.csv","6223","2026-07-29T14:12:24.2031609Z","b5c4b3c5be29fa1c099ddde4675f88369ae71f62c60aaac75c97071e9e69c4bc"
"gpu_mn_mg_cgcnn_20260803","data/source_tables/corrected_target_composition_inventory.csv","134","2026-07-29T14:12:24.2201761Z","e26eeba14d23c40f412e79bbb4d712e4189e0c8dbaae015ed7ca36facdc48642"
"gpu_mn_mg_cgcnn_20260803","data/source_tables/DFT_completed_candidates_report_zh.md","7620","2026-07-28T16:39:17.9611557Z","5b9e738f1a82077248ee6ad53770da8d603d2281bbc45c5ae5a90765753a2a2d"
"gpu_mn_mg_cgcnn_20260803","data/source_tables/dft_cr_case_freeze.csv","810","2026-07-29T14:26:53.3640058Z","338289c70aed38bd11ee9a7b977648f168c5315e38865fe8b6db49b56370ee5b"
"gpu_mn_mg_cgcnn_20260803","data/source_tables/dft_evaluability_model_cv.csv","430","2026-07-28T05:56:04.0000000Z","51569e8b52757f5fb80918cd509ff947823165bd318399c66095ac974f7c7e1f"
"gpu_mn_mg_cgcnn_20260803","data/source_tables/Figure2_six_policy_target_recovery.csv","53601","2026-07-29T04:18:42.0000000Z","27f6d221124caa1637a8ee8de4a2160d25f12a20a9c8ecfb6f4d635d3fc14892"
"gpu_mn_mg_cgcnn_20260803","data/source_tables/Figure3_hidden_evaluability_audit.csv","35250","2026-07-29T03:13:26.0000000Z","6e9b3d0d03c630e00fdf37064c698803a78deda1af22924637697ce884d13643"
"gpu_mn_mg_cgcnn_20260803","data/source_tables/Figure4_DFT_feasibility.csv","391","2026-07-29T05:45:42.8683391Z","5e45c12047b089556b7864fab6e856bc2018f948c046b695eefcb111a6e7a7ed"
"gpu_mn_mg_cgcnn_20260803","data/source_tables/formal_histories.csv","4541842","2026-07-29T15:00:36.8449453Z","1d078b18bdc4cf9a25ccdc2c90958fdc5fc72cf6706e5eae169ed18f379f30e4"
"gpu_mn_mg_cgcnn_20260803","data/source_tables/formal_paired_statistics.json","1465","2026-07-29T15:00:36.8489459Z","15bdcdb6da96a94c9fe51442a42e4832891463f27778b0475ca97fcb4c439725"
"gpu_mn_mg_cgcnn_20260803","data/source_tables/formal_per_seed.csv","8135","2026-07-29T15:00:36.8469467Z","5b8060d042ddf6fc4ee3ef608a4fbc1025bd4521140c6b8545cc5279f39a4843"
"gpu_mn_mg_cgcnn_20260803","data/source_tables/formal_summary.csv","6223","2026-07-29T15:00:36.8479462Z","b5c4b3c5be29fa1c099ddde4675f88369ae71f62c60aaac75c97071e9e69c4bc"
"gpu_mn_mg_cgcnn_20260803","data/source_tables/hidden_dft_evaluability_scores.csv","26824","2026-07-28T08:53:00.0000000Z","58173cc573ee2adce4d92e0ac9f3bc39c0da9e31eafb23d8617e37f03ce7f59b"
"gpu_mn_mg_cgcnn_20260803","data/source_tables/historical_dft_binary_labels.csv","10679","2026-07-28T05:54:00.0000000Z","613fd22771d9eecfa6987ed9b377a71017e61968b7167e7230a15dcc7aa9e39d"
"gpu_mn_mg_cgcnn_20260803","data/source_tables/INPUT_SHA256_MANIFEST.csv","9100","2026-07-28T08:53:00.0000000Z","cb66696251664ab53957d76e103565ba5f9622379fd9cb44d4d92962fbdc1f1d"
"gpu_mn_mg_cgcnn_20260803","data/source_tables/model_validation.csv","1878","2026-07-28T06:06:50.0000000Z","4656a85893d26383b8348f1d6ba8b6dd92b95e2ed39642b5a905f8a8e2083e10"
"gpu_mn_mg_cgcnn_20260803","data/source_tables/OUTPUT_SHA256_MANIFEST.csv","3927","2026-07-28T08:53:00.0000000Z","7657fa00d9f5ff6f0f3e96d81fad56759f8aae8b054fc935d21f0ee500bf806c"
"gpu_mn_mg_cgcnn_20260803","data/source_tables/paired_autc_at_320.csv","764","2026-07-29T03:09:44.0000000Z","59aad1fe5b102f47b5d1a6ee7ebb065fd4d18654e0cc265aa4d2762fae1bc812"
"gpu_mn_mg_cgcnn_20260803","data/source_tables/paired_cgcnn_histories.csv","5757932","2026-07-28T08:53:00.0000000Z","c9d77c31699263b4101e5cd50583133a054452c4834d7139cd31de48f7abab38"
"gpu_mn_mg_cgcnn_20260803","data/source_tables/paired_gate_minus_greedy.csv","1901","2026-07-28T08:53:00.0000000Z","e50140f76c8666da7596f3fe669a57f1d218261071fdfff3e4f89bf6cf384eb9"
"gpu_mn_mg_cgcnn_20260803","data/source_tables/paired_hidden_evaluability_detail.csv","6696787","2026-07-28T08:53:00.0000000Z","faf7fc2ec62d9e0a3de9e2d57cacafbe74bd6ebabb0afd915003062966ae38c3"
"gpu_mn_mg_cgcnn_20260803","data/source_tables/paired_hidden_evaluability_results.csv","11678","2026-07-28T08:53:00.0000000Z","7fedb2ac92617106abdbf63745283d2422ad7694bc38bf1c2e44ae4262a72833"
"gpu_mn_mg_cgcnn_20260803","data/source_tables/paired_hidden_evaluability_summary.csv","2749","2026-07-28T08:53:00.0000000Z","8e96b545825d357ef8623ee4cf4030e244a038f30f57b0cebd4c2ca7ee0d248e"
"gpu_mn_mg_cgcnn_20260803","data/source_tables/single_run_baseline_histories.csv","1277524","2026-07-28T08:53:00.0000000Z","a4216d8fb7c57288d784bd8050cafb49faad59e7fcffc72ee93fa79e38ce627a"
"gpu_mn_mg_cgcnn_20260803","data/source_tables/target_composition_inventory.csv","134","2026-07-29T15:00:36.8579458Z","e26eeba14d23c40f412e79bbb4d712e4189e0c8dbaae015ed7ca36facdc48642"
"gpu_mn_mg_cgcnn_20260803","data/source_tables/target_set_identity_audit.csv","13054","2026-07-28T08:53:00.0000000Z","ba01ccc3cd1a8358d0a41fb0a8ddbd0006b055964acee6f243d96362c45a60ba"
"gpu_mn_mg_cgcnn_20260803","data/source_tables/target_set_identity_summary.csv","340","2026-07-28T08:53:00.0000000Z","f16e997f1012499fe476ad9c36204d158b8cc13a5c81b6a231aa867f2cd31dae"
"gpu_mn_mg_cgcnn_20260803","data/source_tables/DFT_relaxed_structures/job_079_gen_1_CONTCAR","1134","2026-07-28T01:48:03.0000000Z","f5f44933c19753c838cbded1c49813e0fa9c07a386fd868ebda3ad619da5cc7d"
"gpu_mn_mg_cgcnn_20260803","data/source_tables/DFT_relaxed_structures/job_126_gen_0_CONTCAR","1134","2026-07-28T01:05:12.0000000Z","a97cc5388568790cc7c2a9e0daa41f2850ea916c3e4486691cbbe8151fed11c6"
"gpu_mn_mg_cgcnn_20260803","data/source_tables/DFT_relaxed_structures/job_196_gen_1_CONTCAR","1134","2026-07-28T06:05:45.0000000Z","344c4d4678d579e32bf56f4a68150116d8009e05f1f96ecbda010c7696a2a53a"
"gpu_mn_mg_cgcnn_20260803","data/source_tables/DFT_relaxed_structures/job_234_gen_3_CONTCAR","1134","2026-07-28T05:37:42.0000000Z","3b48d368b42560b36d9512bb5d4cc1f2249a1b8a13f6131aef3873949c51b1d3"
"gpu_mn_mg_cgcnn_20260803","docs/superpowers/plans/2026-08-04-structural-group-gate-feasibility.md","21905","2026-08-04T08:42:17.1045956Z","3c80c2a42c8d4902c590095efbf41c9bf163a1791869985f283ec96fe4401bbb"
"gpu_mn_mg_cgcnn_20260803","docs/superpowers/specs/2026-08-04-structural-group-gate-feasibility-design.md","11144","2026-08-04T08:02:22.3449110Z","95ec8a7746ce075d79a38023e0ce1dd062b9fe545fcf92ba0b00c44d39009524"
"gpu_mn_mg_cgcnn_20260803","experiments/active_learning/active_learning_energy_gate_ablation.py","24069","2026-08-04T08:47:44.1695841Z","6e3dd1dac9518be4bb8c6a286c68b70f6b00afb894bbcf0879b1017b524f64b3"
"gpu_mn_mg_cgcnn_20260803","experiments/active_learning/active_learning_etdg_tage.py","22777","2026-07-18T18:46:09.0246025Z","07a7003a48c7701405449ab0f19bf586caf3d6e6d65583efab4bb48b1d341a67"
"gpu_mn_mg_cgcnn_20260803","experiments/active_learning/atom_init.json","28392","2026-07-18T18:46:09.0636026Z","cb90bd2257dbf8cfc4e6b2b6d4348d4616e8e9680f1339b1461137032e0f1894"
"gpu_mn_mg_cgcnn_20260803","experiments/active_learning/checkpoint_formation_clean.pth.tar","674717","2026-07-18T18:46:09.7803716Z","30e125c18399eca143245ddc3662e93801cdd4ea6f99b0146182f448e72d316b"
"gpu_mn_mg_cgcnn_20260803","experiments/active_learning/main.py","22419","2026-07-18T18:47:21.3032814Z","f329655bc810c655ccfaa93666026e626c512c088532e1a34dd8458532f8456b"
"gpu_mn_mg_cgcnn_20260803","experiments/active_learning/mc_dropout_protocol.py","8079","2026-07-18T18:47:21.3042813Z","a8043f6769259857f916db691a1a98b8892ac51c888d5fe4ae34851e681b6ec0"
"gpu_mn_mg_cgcnn_20260803","experiments/active_learning/mc_dropout_seed_policy.py","2440","2026-07-18T18:47:21.3042813Z","9c08ff96884d5405821d5145424ce870736b8b69c96767148ef06b409ffb022e"
"gpu_mn_mg_cgcnn_20260803","experiments/active_learning/pytest.ini","45","2026-07-18T18:47:21.3052806Z","9ce201839b42a025c46e2d9627450e1cbf0ed14fb05fa1b731dcabb432a03bd5"
"gpu_mn_mg_cgcnn_20260803","experiments/active_learning/uncertainty_units.py","4322","2026-07-18T18:47:21.3611029Z","2df8a61a0ee7f5bda8eabb08fa0ee0b5a75f235877a28ba07ebdb056dfa369a8"
"gpu_mn_mg_cgcnn_20260803","experiments/active_learning/.pytest_cache/.gitignore","39","2026-07-30T08:49:23.7656943Z","e7c6bb30148cf667606dcd63e7ca77acaa3cfb0c8303bf09e6419e1e1669dc6d"
"gpu_mn_mg_cgcnn_20260803","experiments/active_learning/.pytest_cache/CACHEDIR.TAG","191","2026-07-30T08:49:23.7661946Z","37dc88ef9a0abeddbe81053a6dd8fdfb13afb613045ea1eb4a5c815a74a3bde4"
"gpu_mn_mg_cgcnn_20260803","experiments/active_learning/.pytest_cache/README.md","310","2026-07-30T08:49:23.7646955Z","420e808d79a6c25d3cda0af33bc4782314a14949866682c68ce8149e89b66b70"
"gpu_mn_mg_cgcnn_20260803","experiments/active_learning/.pytest_cache/v/cache/lastfailed","2319","2026-08-04T13:04:13.5060334Z","34244388cf3bfe64eef8ecd097cc99551159879f612c479ff464942aab6c978c"
"gpu_mn_mg_cgcnn_20260803","experiments/active_learning/.pytest_cache/v/cache/nodeids","23868","2026-08-04T13:08:58.9580862Z","5221e9163c5487310e9fdca63db7aed79a2ed752a0a90244e41cdb27143e0ba7"
"gpu_mn_mg_cgcnn_20260803","experiments/active_learning/analysis/analyze_concurrency_benchmarks.py","24315","2026-07-18T18:46:09.0356030Z","2b8e4934dfd330c42c95330a6ca8d873af008a5e7e8953670ab72f4cb2d25ce7"
"gpu_mn_mg_cgcnn_20260803","experiments/active_learning/analysis/analyze_dft_kpoint_convergence.py","13036","2026-07-18T18:46:09.0366042Z","2d9b7249fa42c5f3ce0d7f0643c390d149d34fdc97bc7b6cbfb9077905d59fa3"
"gpu_mn_mg_cgcnn_20260803","experiments/active_learning/analysis/analyze_gpu_parameter_calibration.py","15012","2026-07-18T18:46:09.0376021Z","1b65c32846b92e9f3a5e0926fd7089633692787f39064267d0ba253011d64757"
"gpu_mn_mg_cgcnn_20260803","experiments/active_learning/analysis/analyze_mc_dropout_selection.py","16460","2026-07-18T18:46:09.0386022Z","24008fde54948dd137e40c1b5f72e9f1aa7211f33428016fbfe7b41833edcc2f"
"gpu_mn_mg_cgcnn_20260803","experiments/active_learning/analysis/analyze_structural_gate_feasibility.py","23477","2026-08-04T12:58:53.0110238Z","cee2336876bf2683e2ae0ced7c09d101e40cf5678d62be5d58ceeb100fe4b72f"
"gpu_mn_mg_cgcnn_20260803","experiments/active_learning/analysis/audit_common.py","4554","2026-07-18T18:46:09.0396031Z","730291cea0b2a23e781f575f4015343696e1bbfa8db2dddd868eb2e728ee5f5e"
"gpu_mn_mg_cgcnn_20260803","experiments/active_learning/analysis/audit_seed_variation.py","19050","2026-07-18T18:46:09.0406036Z","2f5fe8f7fd27c4ca57faca72373d9b6f9376f265e56be4ba594a46ad0788c3d9"
"gpu_mn_mg_cgcnn_20260803","experiments/active_learning/analysis/build_audit_output_manifest.py","3371","2026-07-18T18:46:09.0416027Z","cd93235af4ae9f2f239895fff93c2e73bfe6e86cdf852f6307421715df1f945b"
"gpu_mn_mg_cgcnn_20260803","experiments/active_learning/analysis/build_dft_manifest.py","21641","2026-07-18T18:46:09.0426040Z","af4f8207ecb3d7dc7f235f9a0436bbeb3257f4a149add5aaca0c9df97e2fd604"
"gpu_mn_mg_cgcnn_20260803","experiments/active_learning/analysis/build_formal_group_key_maps.py","2552","2026-07-18T18:46:09.0426040Z","30780db037d0deb3c4623c453023a00572aedf329056caceb177ddc9f595e132"
"gpu_mn_mg_cgcnn_20260803","experiments/active_learning/analysis/build_group_key_inventory.py","14986","2026-07-18T18:46:09.0436035Z","14f553004af5e589a8d93d65197a8b21166db7e0048464fcf8720b5f8f4d3b23"
"gpu_mn_mg_cgcnn_20260803","experiments/active_learning/analysis/build_hidden_evaluability_audit_scores.py","2289","2026-08-04T09:38:21.0454515Z","220936a6bc77b040a7f94aeb81fde9d99c714aef5893a3683de0248cd7b3d352"
"gpu_mn_mg_cgcnn_20260803","experiments/active_learning/analysis/build_matched_seed_figures.py","13562","2026-07-18T18:46:09.0446031Z","bd68bf283dcf51493c0ad82e08ab173d638af7f06cd605c7f0d2602bfb9f592c"
"gpu_mn_mg_cgcnn_20260803","experiments/active_learning/analysis/build_mn_mg_gpu_manifest.py","4121","2026-08-03T12:46:54.1969634Z","92c089082e98993f7568c3c6a765d545bd55f7f2125012dacd7cc36c30cbffa0"
"gpu_mn_mg_cgcnn_20260803","experiments/active_learning/analysis/build_mn_mg_report_artifact.py","28056","2026-08-04T06:30:53.9407033Z","760a71b138757e9130cf1213e8dead3c4b15de3983b1f3b6531c5e0ed10f38e6"
"gpu_mn_mg_cgcnn_20260803","experiments/active_learning/analysis/build_structural_gate_feasibility_assets.py","7392","2026-08-04T08:50:56.9807500Z","6afc856ac42909e65cc95f593c1fa3761afcd66dc14c0feb2a91d2418068cb5b"
"gpu_mn_mg_cgcnn_20260803","experiments/active_learning/analysis/build_structural_gate_feasibility_manifest.py","5711","2026-08-04T08:55:14.7803235Z","485209495561f7966c53ae66a85d8ec6ad542e5176b91c6e72d4c7272db15b6d"
"gpu_mn_mg_cgcnn_20260803","experiments/active_learning/analysis/extract_dft_audit.py","30957","2026-07-18T18:46:09.0456034Z","7943ae7aa3436a9137589ba6ad7dbf65c5e814ab0521dfc78f4d7bb45426fb81"
"gpu_mn_mg_cgcnn_20260803","experiments/active_learning/analysis/finalize_gpu_calibration.py","4102","2026-07-18T18:46:09.0466035Z","3e7389b3c428bded786bc97000dc44eff05532edb1adbf9c9e8d6238181d565d"
"gpu_mn_mg_cgcnn_20260803","experiments/active_learning/analysis/freeze_final_gpu_protocol.py","7351","2026-07-18T18:46:09.0466035Z","e7a126a74be71bb5f241b7f1cd7b06959c9f5cca4365ed36a38b1f460d8e7a26"
"gpu_mn_mg_cgcnn_20260803","experiments/active_learning/analysis/mn_mg_interval_analysis.py","65860","2026-08-04T05:09:22.4844448Z","9758af9aeba6810d20dc38d6bdd70901b5570410e6e69c12bc656ae7c9bbf3ef"
"gpu_mn_mg_cgcnn_20260803","experiments/active_learning/analysis/prepare_dft_kpoint_extension.py","6101","2026-07-18T18:46:09.0476016Z","b533d0179d687d9f50727e5c5b6c41f26df04a470cea2dead454d469b1f7d347"
"gpu_mn_mg_cgcnn_20260803","experiments/active_learning/analysis/prepare_dft_kpoint_jobs.py","8987","2026-07-18T18:46:09.0486027Z","a7d16e0c4e1bb81b9f9d93645a2814f86fe30a0674da35abe8a735d7aad592f0"
"gpu_mn_mg_cgcnn_20260803","experiments/active_learning/analysis/prepare_gpu_development_jobs.py","5443","2026-07-18T18:46:09.0496050Z","238f502d476e4a76491178844bb585c5af9ac29dbbe5ab39728bff5df21fd44f"
"gpu_mn_mg_cgcnn_20260803","experiments/active_learning/analysis/prepare_gpu_formal_jobs.py","10271","2026-07-18T18:46:09.0496050Z","a37da7bce91b568a0b6f9f274810214d2f4cac68a56b66cbba7e42a78a6038f2"
"gpu_mn_mg_cgcnn_20260803","experiments/active_learning/analysis/prepare_gpu_threshold_calibration.py","5415","2026-07-18T18:46:09.0506034Z","5785f155e8cc5aa50b44ce8049fbcdfb273bc529ef2fade6e47b5d027b9d18e5"
"gpu_mn_mg_cgcnn_20260803","experiments/active_learning/analysis/prepare_gpu_weight_calibration.py","6146","2026-07-18T18:46:09.0516037Z","36d38ccdc7bee05ae972756b5e4e3099b3e805fe0968fdd58eeef12fee344450"
"gpu_mn_mg_cgcnn_20260803","experiments/active_learning/analysis/recompute_statistics.py","32508","2026-07-18T18:46:09.0526042Z","9de095f4e4c709cc97a7a132a2d9d1e67d9096ab86af150b6cd91346e42914fa"
"gpu_mn_mg_cgcnn_20260803","experiments/active_learning/analysis/render_parameter_calibration_report.py","5745","2026-07-18T18:46:09.0536034Z","693089e07610b4ddafe8ee08e18a4b484f2a50ec17ea379fd0c173fc6f9fcb82"
"gpu_mn_mg_cgcnn_20260803","experiments/active_learning/analysis/run_audited_job_queue.py","21766","2026-08-04T09:51:33.8378687Z","0e314365c1b6da3c3b2c2dcd5d1d16def22a46764de2315470d0b950cb1a60cf"
"gpu_mn_mg_cgcnn_20260803","experiments/active_learning/analysis/run_concurrency_benchmark.py","21351","2026-07-18T18:46:09.0556039Z","aeae52dc8dd4f1c2fd3813aedaa91647d68687d797521f7469093ac44b49ed9b"
"gpu_mn_mg_cgcnn_20260803","experiments/active_learning/analysis/run_gate_ablation_smoke.py","27633","2026-07-18T18:46:09.0566035Z","3de265e2193605aac0aef110ce512580ac6218392172a709ff2df2f1f7a6b76d"
"gpu_mn_mg_cgcnn_20260803","experiments/active_learning/analysis/run_mc_dropout_microbenchmark.py","25796","2026-07-18T18:46:09.0576035Z","bd883697266c35e6b14db9a2832e29965436e43eac3853dd6e58d328e25133be"
"gpu_mn_mg_cgcnn_20260803","experiments/active_learning/analysis/run_vasp_benchmark_task.py","5167","2026-07-18T18:46:09.0586033Z","8a4d8204a763a6dfad1185680044fe08146c68af52beb3cc8f28a2c49d019849"
"gpu_mn_mg_cgcnn_20260803","experiments/active_learning/analysis/server_experiment_watchdog.py","21112","2026-07-18T18:46:09.0606027Z","b29f2612e1c0451e7aa3ab5a0f678ea18c3dd15208956921a24948c06c28ea23"
"gpu_mn_mg_cgcnn_20260803","experiments/active_learning/analysis/update_active_gpu_manifest.py","2178","2026-07-18T18:46:09.0606027Z","859f2e4f70bf0f1affc78a56070f06e9f7ffca9cfbac8a17ccb53021cbaad2a9"
"gpu_mn_mg_cgcnn_20260803","experiments/active_learning/analysis/v33_table_reference.json","11855","2026-07-18T18:46:09.0616024Z","6c66a0a298cb43134aeacb48b30a341d84788db996dc1c519302741db962221a"
"gpu_mn_mg_cgcnn_20260803","experiments/active_learning/analysis/validate_structural_gate_results.py","10554","2026-08-04T12:49:56.3110379Z","2b3eb80930904276fe73fd2acd37fa178a00722ad3d09be7feab42e6444bf037"
"gpu_mn_mg_cgcnn_20260803","experiments/active_learning/analysis/__init__.py","54","2026-07-18T18:46:09.0256024Z","02fbd6300ebd84a08eb5e8d02b737be5c5a037f1f0825667f0f62a74fce63a5b"
"gpu_mn_mg_cgcnn_20260803","experiments/active_learning/analysis/__pycache__/analyze_concurrency_benchmarks.cpython-311.pyc","36624","2026-08-03T12:33:54.9162278Z","9c45653e51f788e9e25fc470358fda667e4ab22cd14a446f0a7d9249e2dea5f3"
"gpu_mn_mg_cgcnn_20260803","experiments/active_learning/analysis/__pycache__/analyze_dft_kpoint_convergence.cpython-311.pyc","18657","2026-08-03T12:33:54.8235948Z","8a9ce94e2178af5b25582df2c4ae216c053b7e73db482989ffd2c718d9f45cfa"
"gpu_mn_mg_cgcnn_20260803","experiments/active_learning/analysis/__pycache__/analyze_gpu_parameter_calibration.cpython-311.pyc","23254","2026-08-03T12:33:54.8426261Z","adecb447418c6fde2ea1fff3f80ef0ed94d89324a512248f7b9e0dce02f57608"
"gpu_mn_mg_cgcnn_20260803","experiments/active_learning/analysis/__pycache__/analyze_mc_dropout_selection.cpython-311.pyc","22180","2026-08-03T12:33:54.8626260Z","a65113ce6bd3e146cb7db7155b20338a784a7f891cd0db25a2fa2a74d7fbae16"
"gpu_mn_mg_cgcnn_20260803","experiments/active_learning/analysis/__pycache__/analyze_structural_gate_feasibility.cpython-311.pyc","34910","2026-08-04T13:03:16.7330355Z","dcf82f0f59124447b856544aa2af031411ccdd13d5fa0c407362c65fe981f85a"
"gpu_mn_mg_cgcnn_20260803","experiments/active_learning/analysis/__pycache__/audit_common.cpython-311.pyc","8572","2026-07-30T08:49:11.5984664Z","1c5dfcda0c334c491fc065f60628ece79ae9946a81edab3fc408fbfa2d6c21dd"
"gpu_mn_mg_cgcnn_20260803","experiments/active_learning/analysis/__pycache__/audit_seed_variation.cpython-311.pyc","23703","2026-08-03T12:33:54.8115948Z","6299a97d35f4a346cf559ea6313923a4bff8e5cd2aec0b5ae582131d666b2558"
"gpu_mn_mg_cgcnn_20260803","experiments/active_learning/analysis/__pycache__/build_audit_output_manifest.cpython-311.pyc","6221","2026-08-03T12:33:47.9353375Z","4d173f71de1b72e8916f62a31440c4947460c9e51ac39ddfda75cd5e017f1972"
"gpu_mn_mg_cgcnn_20260803","experiments/active_learning/analysis/__pycache__/build_dft_manifest.cpython-311.pyc","25647","2026-08-03T12:33:48.4095791Z","4c071fcb006a504fdca454767e6945575c0a4b0917247f9b8297ab3d0a242a27"
"gpu_mn_mg_cgcnn_20260803","experiments/active_learning/analysis/__pycache__/build_formal_group_key_maps.cpython-311.pyc","5334","2026-08-03T12:33:54.8936312Z","fbd27bf465bd53eb38750fc4eb067c83964f6efcea37961796c5b8f97a1fb2d0"
"gpu_mn_mg_cgcnn_20260803","experiments/active_learning/analysis/__pycache__/build_group_key_inventory.cpython-311.pyc","24035","2026-08-03T12:33:52.7252709Z","7fdcda72bddb3a3b8eee8788e5f9f274db1833b081944c1dc14e052e0758fead"
"gpu_mn_mg_cgcnn_20260803","experiments/active_learning/analysis/__pycache__/build_hidden_evaluability_audit_scores.cpython-311.pyc","4506","2026-08-04T09:38:29.0020501Z","6eeea22d46c46430370b6883aad51ddb41fb63c4c958e8f560a9b3a75241db41"
"gpu_mn_mg_cgcnn_20260803","experiments/active_learning/analysis/__pycache__/build_matched_seed_figures.cpython-311.pyc","18772","2026-08-03T12:33:54.7245502Z","dceb8e2172b20742da25c56404746a03dcf53cea664b98b366d2613268510a34"
"gpu_mn_mg_cgcnn_20260803","experiments/active_learning/analysis/__pycache__/build_mn_mg_gpu_manifest.cpython-311.pyc","5361","2026-08-03T12:47:03.1992035Z","64167e608506ee2f901cabfbd3618cb5a405c6795690a2d48ae380949fd85a49"
"gpu_mn_mg_cgcnn_20260803","experiments/active_learning/analysis/__pycache__/build_structural_gate_feasibility_assets.cpython-311.pyc","12381","2026-08-04T08:51:10.5621750Z","79824eed2be29f7b0fc9cbf8426bec0bfb099ecf422477f83aacc29f3de7ef84"
"gpu_mn_mg_cgcnn_20260803","experiments/active_learning/analysis/__pycache__/build_structural_gate_feasibility_manifest.cpython-311.pyc","8166","2026-08-04T08:55:21.6212142Z","8b991d761975ad698a9e6a56f19499e9e39b462bc1f00d66c7aee53bb98e7426"
"gpu_mn_mg_cgcnn_20260803","experiments/active_learning/analysis/__pycache__/extract_dft_audit.cpython-311.pyc","40346","2026-08-03T12:33:48.4956254Z","67b705ec28016139ac7cbe8d98676453fa0590e321017a1c4363a0aa69d35929"
"gpu_mn_mg_cgcnn_20260803","experiments/active_learning/analysis/__pycache__/finalize_gpu_calibration.cpython-311.pyc","6262","2026-08-03T12:33:54.8486266Z","ba1923276804ec43061142fc09a6cd9834b22a6e1865b0ed8e274d41a899cbb5"
"gpu_mn_mg_cgcnn_20260803","experiments/active_learning/analysis/__pycache__/freeze_final_gpu_protocol.cpython-311.pyc","10042","2026-08-03T12:33:54.9417447Z","e06b0f80c28554e8c25c8a8b551fe5bf4f5b819266e6667298daaac0511c8bb1"
"gpu_mn_mg_cgcnn_20260803","experiments/active_learning/analysis/__pycache__/mn_mg_interval_analysis.cpython-311.pyc","88854","2026-08-04T05:09:32.5596917Z","edca1ae5ce033903c994372946b8157290b474bd025c9ce1e57d47e8f943d8c9"
"gpu_mn_mg_cgcnn_20260803","experiments/active_learning/analysis/__pycache__/prepare_dft_kpoint_extension.cpython-311.pyc","10338","2026-08-03T12:33:57.7233918Z","af8a9e3f74b1b2ff0bfeb21768f34ad4faeddf279ebf6ff0973d42391defeb9b"
"gpu_mn_mg_cgcnn_20260803","experiments/active_learning/analysis/__pycache__/prepare_dft_kpoint_jobs.cpython-311.pyc","14194","2026-08-03T12:33:57.7263924Z","32bcde05a318e252b87e8eea96b1eab046b1d16600d24165d34657f257266b0f"
"gpu_mn_mg_cgcnn_20260803","experiments/active_learning/analysis/__pycache__/prepare_gpu_development_jobs.cpython-311.pyc","7556","2026-08-03T12:33:57.7504660Z","0d12c5126927b4ce6ef1a1335178c4623eb0a2151aa915b6e2bebb763df0e768"
"gpu_mn_mg_cgcnn_20260803","experiments/active_learning/analysis/__pycache__/prepare_gpu_formal_jobs.cpython-311.pyc","11943","2026-08-03T12:33:57.7624648Z","c8c7f7702fdd3efa1d4b0145b66a957b19b2487cab9927ccaec23fe9bfe3dea5"
"gpu_mn_mg_cgcnn_20260803","experiments/active_learning/analysis/__pycache__/prepare_gpu_threshold_calibration.cpython-311.pyc","8050","2026-08-03T12:33:57.7734652Z","8f656d78d74e6f79e0c85b85b661247f7cc17c8174c4593a0f7eaec4da8fcc21"
"gpu_mn_mg_cgcnn_20260803","experiments/active_learning/analysis/__pycache__/prepare_gpu_weight_calibration.cpython-311.pyc","9009","2026-08-03T12:33:54.8456264Z","abd5c51c71125726c8f4de3b310b86e74318b0a44e183345581dc5d383efd772"
"gpu_mn_mg_cgcnn_20260803","experiments/active_learning/analysis/__pycache__/recompute_statistics.cpython-311.pyc","45020","2026-08-03T12:33:54.7985941Z","1552c8e2c7806b4e6e43f6d77f8d74a00a549bec754539a77df87ca4cc41eb45"
"gpu_mn_mg_cgcnn_20260803","experiments/active_learning/analysis/__pycache__/render_parameter_calibration_report.cpython-311.pyc","8511","2026-08-03T12:33:57.7904666Z","307f2967e4a7652e41b3c4765fbb2606862bd32d19ad8a2c40f7fd38863452d9"
"gpu_mn_mg_cgcnn_20260803","experiments/active_learning/analysis/__pycache__/run_audited_job_queue.cpython-311.pyc","31646","2026-08-04T09:51:41.3763975Z","e5688b9851d24fb5bf0711c452b0121a585995ae64765e8766d6a8222b54ba1b"
"gpu_mn_mg_cgcnn_20260803","experiments/active_learning/analysis/__pycache__/run_concurrency_benchmark.cpython-311.pyc","40221","2026-08-03T12:33:54.8826258Z","b82ba0f4a209ab606a48d74587ce0e7ff243459ee8a6b841593affc6d0c10138"
"gpu_mn_mg_cgcnn_20260803","experiments/active_learning/analysis/__pycache__/run_gate_ablation_smoke.cpython-311.pyc","40655","2026-07-30T08:49:11.5898911Z","aeb83a53a7cc1f866a8ef807f7056995d03648554b53f98ef00d8e60ba0d558f"
"gpu_mn_mg_cgcnn_20260803","experiments/active_learning/analysis/__pycache__/run_mc_dropout_microbenchmark.cpython-311.pyc","38983","2026-08-03T12:33:54.7765956Z","554849f562ae74ac3303067a48acf9a9779c56f2bb6b26d0d50a6cdea53ec977"
"gpu_mn_mg_cgcnn_20260803","experiments/active_learning/analysis/__pycache__/run_vasp_benchmark_task.cpython-311.pyc","10181","2026-08-03T12:33:57.8404704Z","6a5fe3efdf8f8eb04e8ec1fd42bb05106a9498320833193291c410510af5f56c"
"gpu_mn_mg_cgcnn_20260803","experiments/active_learning/analysis/__pycache__/server_experiment_watchdog.cpython-311.pyc","26572","2026-08-03T12:33:57.8154646Z","06cdfdc4997ea344ac2e59d8be3b13bd11b07895ede3df37656cfbed0e5fd1e5"
"gpu_mn_mg_cgcnn_20260803","experiments/active_learning/analysis/__pycache__/update_active_gpu_manifest.cpython-311.pyc","4328","2026-08-03T12:33:57.8294685Z","06cea67d8fb2ed0cde0ad56fbc30cb42b606d8e0665533c757278613785f0586"
"gpu_mn_mg_cgcnn_20260803","experiments/active_learning/analysis/__pycache__/__init__.cpython-311.pyc","366","2026-07-30T08:49:11.5794297Z","3f153c8ad89b86f4671b3c3c97f251d23728313f2264402416dae732868e7369"
"gpu_mn_mg_cgcnn_20260803","experiments/active_learning/cgcnn/data.py","12928","2026-07-18T18:46:09.7783717Z","95fa4602ef54134c261512fbd8330eaf555fd924fc47a947fb89e7c650ca2597"
"gpu_mn_mg_cgcnn_20260803","experiments/active_learning/cgcnn/model.py","7031","2026-07-18T18:46:09.7793726Z","cfe9fb7cc9066fa23c29d3484e3de2fb24aab5cc055d931a27cee530eb452af5"
"gpu_mn_mg_cgcnn_20260803","experiments/active_learning/cgcnn/__init__.py","0","2026-07-18T18:46:09.7763749Z","e3b0c44298fc1c149afbf4c8996fb92427ae41e4649b934ca495991b7852b855"
"gpu_mn_mg_cgcnn_20260803","experiments/active_learning/cgcnn/__pycache__/data.cpython-311.pyc","20064","2026-08-03T12:28:58.8077720Z","aa566f9fe9bd63a79fe3dea4f45ec50b8e35cbf059afe9af4d38756690c3b135"
"gpu_mn_mg_cgcnn_20260803","experiments/active_learning/cgcnn/__pycache__/model.cpython-311.pyc","10806","2026-08-03T12:28:59.0818502Z","b49673a27716f2162d51f6e5674cd2a86ad1de4c6d25d2bf0cfbb90ad4d652a4"
"gpu_mn_mg_cgcnn_20260803","experiments/active_learning/cgcnn/__pycache__/__init__.cpython-311.pyc","282","2026-08-03T12:28:58.8037720Z","479d80524a4dc75f416162d73954c9ff6c699427eed9ea7cc2b09838ea032e8c"
"gpu_mn_mg_cgcnn_20260803","experiments/active_learning/configs/frozen_final_protocol.yaml","549","2026-07-18T18:46:09.7813731Z","2a8d0fb5114c0e2f2457d9887ff5cfc6b8c9ff701669f473e018984855fcac84"
"gpu_mn_mg_cgcnn_20260803","experiments/active_learning/configs/mg_interval_w0p2_gpu.json","549","2026-08-03T12:36:46.3672324Z","bcc67e9e291e9cde64e1fbb9286733782885eac2dbcae1dfae71253e53d6b08f"
"gpu_mn_mg_cgcnn_20260803","experiments/active_learning/configs/mg_interval_w0p2_gpu_smoke.json","545","2026-08-03T12:36:46.3692302Z","e2b8c5096af707d7f8e308bc71500f5023acafc1cebd51d0196a94e395a35bdd"
"gpu_mn_mg_cgcnn_20260803","experiments/active_learning/configs/mn_interval_w0p2_gpu.json","549","2026-08-03T12:36:46.3662369Z","53a319216fa656cd31e339646e6b23a1a8128577b69935a5f7bd047165c6a978"
"gpu_mn_mg_cgcnn_20260803","experiments/active_learning/configs/mn_interval_w0p2_gpu_smoke.json","545","2026-08-03T12:36:46.3682329Z","6241d0a2a76306505cfada86365ea23fbe9ad84516ade2c61fa3e85d2cb48bf9"
"gpu_mn_mg_cgcnn_20260803","experiments/active_learning/configs/mn_mg_initial_sets.csv","5052","2026-08-03T12:36:46.3692302Z","2c986c08eaa7ffbf1b11afe2a55e3f3a8f1e40a5d9698a76e7de612b00e8464c"
"gpu_mn_mg_cgcnn_20260803","experiments/active_learning/configs/mn_mg_interval_gpu_protocol.json","608","2026-08-03T12:36:46.3662369Z","893c54f9f5f97f83e8ec3594a85dfc0761d48ad7a39c2875a0d8b2e61677f64d"
"gpu_mn_mg_cgcnn_20260803","experiments/active_learning/configs/server_watchdog.json","2787","2026-07-18T18:46:09.7998551Z","b802be5805e51624b6ed9d9d6d9e9a6cdeb4353720744e57ef803665a943149b"
"gpu_mn_mg_cgcnn_20260803","experiments/active_learning/configs/frozen_protocols/egdatpp_psfix_v1/frozen_protocol_manifest.json","1995","2026-07-18T18:46:09.7813731Z","1dbb1a6a431a47796bb726dc91e052703283fff8046d4fc9e68fcc135d502059"
"gpu_mn_mg_cgcnn_20260803","experiments/active_learning/configs/frozen_protocols/egdatpp_psfix_v1/limo_mc_k10.yaml","446","2026-07-18T18:46:09.7828575Z","0474d591e6bae6b7c739957912122d9e22efc6075c5ace7425abd2fbf9e063f4"
"gpu_mn_mg_cgcnn_20260803","experiments/active_learning/configs/frozen_protocols/egdatpp_psfix_v1/limo_mc_k3.yaml","445","2026-07-18T18:46:09.7828575Z","a792f3105929ab62e843ae092ead2b86c324bc09d52a1ebb43e389eaacc3e22e"
"gpu_mn_mg_cgcnn_20260803","experiments/active_learning/configs/frozen_protocols/egdatpp_psfix_v1/limo_mc_k30.yaml","446","2026-07-18T18:46:09.7838586Z","4bf7daf49faf6275615bd071307c4506a8d4d788286fd5b92e86a39aed1375f9"
"gpu_mn_mg_cgcnn_20260803","experiments/active_learning/configs/frozen_protocols/egdatpp_psfix_v1/mnoxide_block.yaml","529","2026-07-18T18:46:09.7838586Z","51e3123a91e96b0048e82915e10a3c8357e08b9c9429a687ff252b635a628827"
"gpu_mn_mg_cgcnn_20260803","experiments/active_learning/configs/frozen_protocols/egdatpp_psfix_v1/mnoxide_iupac.yaml","531","2026-07-18T18:46:09.7848552Z","84a7f116265b07ae7a63c9809830c3a8ef8a63a5b9a5c28dc7e39d00d968d55b"
"gpu_mn_mg_cgcnn_20260803","experiments/active_learning/configs/frozen_protocols/egdatpp_psfix_v1/mnoxide_original.yaml","573","2026-07-18T18:46:09.7848552Z","cd9bbcb87405f503ace94700ea7a3842b4d082b2658868ead7165c0a78b9beea"
"gpu_mn_mg_cgcnn_20260803","experiments/active_learning/configs/gpu_development/mc_k10.yaml","465","2026-07-18T18:46:09.7858561Z","57613c0e54d10afe1a5cba525910edd38af332f071e8e74e6829839ad0cc6237"
"gpu_mn_mg_cgcnn_20260803","experiments/active_learning/configs/gpu_development/mc_k3.yaml","464","2026-07-18T18:46:09.7858561Z","66b86267c35e786b57ca2d3e7c5530e70d4a701b30c50c867bb8f27331cd356b"
"gpu_mn_mg_cgcnn_20260803","experiments/active_learning/configs/gpu_development/mc_k30.yaml","465","2026-07-18T18:46:09.7868571Z","4128f035dd135b3a67479381977b913244c3d844f0039d74f2148b22285682db"
"gpu_mn_mg_cgcnn_20260803","experiments/active_learning/configs/group_keys/egdatpp_psfix_v1/mnoxide_coelement_block_multiset.csv","8852","2026-07-18T18:46:09.7868571Z","214ff60f0370320d0fda982ea4caab316dc4068a163615d409c25ea9b1978f3a"
"gpu_mn_mg_cgcnn_20260803","experiments/active_learning/configs/group_keys/egdatpp_psfix_v1/mnoxide_coelement_iupac_group_set.csv","10297","2026-07-18T18:46:09.7878561Z","db416e3c12de4df41690fe34b519d8f8a5b11bcf3aec9c305800f5aa2ad61f07"
"gpu_mn_mg_cgcnn_20260803","experiments/active_learning/configs/group_keys/egdatpp_psfix_v1/mnoxide_element_system_current.csv","12828","2026-07-18T18:46:09.7878561Z","9eeb02e12dcc750c068f452917c70fe439907a0ed3ea31b04ac5f23bec0124f3"
"gpu_mn_mg_cgcnn_20260803","experiments/active_learning/configs/parameter_calibration/threshold_k30/threshold_m0_0p75_g0_0p40.yaml","413","2026-07-18T18:46:09.7888553Z","8e23367d14bdba1bf0b7e81814a42789def71bb1207101a66d35d6400d154908"
"gpu_mn_mg_cgcnn_20260803","experiments/active_learning/configs/parameter_calibration/threshold_k30/threshold_m0_0p75_g0_0p50.yaml","413","2026-07-18T18:46:09.7898552Z","b1f3a13501617d43af083c68f207c2d9aa623455bd5905c9f289918330fe2d53"
"gpu_mn_mg_cgcnn_20260803","experiments/active_learning/configs/parameter_calibration/threshold_k30/threshold_m0_0p75_g0_0p60.yaml","413","2026-07-18T18:46:09.7898552Z","c17def5009525bda4eaa82f062de8ced2509a7a1fb1e3218d51623ca93785b43"
"gpu_mn_mg_cgcnn_20260803","experiments/active_learning/configs/parameter_calibration/threshold_k30/threshold_m0_1p00_g0_0p40.yaml","412","2026-07-18T18:46:09.7908549Z","8442ad98216c380dd85601c2223352495633fa8017baafbf0673dff4d6a92393"
"gpu_mn_mg_cgcnn_20260803","experiments/active_learning/configs/parameter_calibration/threshold_k30/threshold_m0_1p00_g0_0p50.yaml","412","2026-07-18T18:46:09.7908549Z","87134d51a76c525c0c9b1f599ab1757f0f6133f151c71ea18ba7970d0e278ae2"
"gpu_mn_mg_cgcnn_20260803","experiments/active_learning/configs/parameter_calibration/threshold_k30/threshold_m0_1p00_g0_0p60.yaml","412","2026-07-18T18:46:09.7918559Z","044e1de2d4ac5a4222f691f8e30b9058ee0e9ba1e8823926ac95cd46c8e29663"
"gpu_mn_mg_cgcnn_20260803","experiments/active_learning/configs/parameter_calibration/threshold_k30/threshold_m0_1p25_g0_0p40.yaml","413","2026-07-18T18:46:09.7918559Z","af985df37dc673456d04faf903a0d8e77c5fc4683eab79fed319499ac081d1c8"
"gpu_mn_mg_cgcnn_20260803","experiments/active_learning/configs/parameter_calibration/threshold_k30/threshold_m0_1p25_g0_0p50.yaml","413","2026-07-18T18:46:09.7928556Z","7bd8c431a2054961ea78b454257f298d86952f3d59f50309323c79c9d5d5f2d8"
"gpu_mn_mg_cgcnn_20260803","experiments/active_learning/configs/parameter_calibration/threshold_k30/threshold_m0_1p25_g0_0p60.yaml","413","2026-07-18T18:46:09.7928556Z","d768aff01c79a3912770660f266ce8bc0ac74e6f16cc9b8d6e741e541dca6d5d"
"gpu_mn_mg_cgcnn_20260803","experiments/active_learning/configs/parameter_calibration/weight_k30_20260717T171437Z/weight_alpha_0p05.yaml","441","2026-07-18T18:46:09.7938554Z","be713211040e3d128845576805a15a09dae5bde22d881357209a4d61ee453982"
"gpu_mn_mg_cgcnn_20260803","experiments/active_learning/configs/parameter_calibration/weight_k30_20260717T171437Z/weight_alpha_0p20.yaml","440","2026-07-18T18:46:09.7938554Z","f9e2ea522044ea6747dff99e3147028d3e94524827271de406d3bd4e91d8d79d"
"gpu_mn_mg_cgcnn_20260803","experiments/active_learning/configs/parameter_calibration/weight_k30_20260717T171437Z/weight_baseline.yaml","438","2026-07-18T18:46:09.7948555Z","d1510a67697449d561c8c558772773e3a6da31775fd86822ce02be62efb459a9"
"gpu_mn_mg_cgcnn_20260803","experiments/active_learning/configs/parameter_calibration/weight_k30_20260717T171437Z/weight_beta_0p10.yaml","439","2026-07-18T18:46:09.7948555Z","c6a51bb77e9dfd521b2c51018075fe99c5fa8332e215ff62a9332ee71a743840"
"gpu_mn_mg_cgcnn_20260803","experiments/active_learning/configs/parameter_calibration/weight_k30_20260717T171437Z/weight_beta_0p40.yaml","439","2026-07-18T18:46:09.7958554Z","333ff5ecb7803ab32295d0ba43bef86d8bb222d453b4569c347aaebd50d1140a"
"gpu_mn_mg_cgcnn_20260803","experiments/active_learning/configs/parameter_calibration/weight_k30_20260717T171437Z/weight_gamma_0p05.yaml","441","2026-07-18T18:46:09.7958554Z","f0f61b79c530cebb2c7b37623282d45a8f2154f29d7b8cfaeef5d89c9b624d5b"
"gpu_mn_mg_cgcnn_20260803","experiments/active_learning/configs/parameter_calibration/weight_k30_20260717T171437Z/weight_gamma_0p20.yaml","440","2026-07-18T18:46:09.7958554Z","608a1aa4ab88183d989cae0dfe8d9c518344c720e3063fd01783599fb2633d4a"
"gpu_mn_mg_cgcnn_20260803","experiments/active_learning/configs/parameter_calibration/weight_k30_20260717T171939Z/weight_alpha_0p05.yaml","411","2026-07-18T18:46:09.7968561Z","0500f568785349eb0185cf1f61182a63894935be735df5c9c00748e1ae6e7b59"
"gpu_mn_mg_cgcnn_20260803","experiments/active_learning/configs/parameter_calibration/weight_k30_20260717T171939Z/weight_alpha_0p20.yaml","410","2026-07-18T18:46:09.7978554Z","3ebdc3df29ca14c1e3087f67ceaf62a5f330d22dd05e74cf1eae51634528da62"
"gpu_mn_mg_cgcnn_20260803","experiments/active_learning/configs/parameter_calibration/weight_k30_20260717T171939Z/weight_baseline.yaml","410","2026-07-18T18:46:09.7978554Z","0c7cd4c2789eeeef4664c4c86baaafc4bdd2e2da92bd47f8aca2926bbaa324bb"
"gpu_mn_mg_cgcnn_20260803","experiments/active_learning/configs/parameter_calibration/weight_k30_20260717T171939Z/weight_beta_0p10.yaml","410","2026-07-18T18:46:09.7988555Z","7709a7664f666635e0f244d4ffd9459a0e4bc01e2a73676c6893ac005c09dae4"
"gpu_mn_mg_cgcnn_20260803","experiments/active_learning/configs/parameter_calibration/weight_k30_20260717T171939Z/weight_beta_0p40.yaml","410","2026-07-18T18:46:09.7988555Z","fb877a7637a83baa75fa430f92d12771197a1dea4a6dae4a69fed636d7c55540"
"gpu_mn_mg_cgcnn_20260803","experiments/active_learning/configs/parameter_calibration/weight_k30_20260717T171939Z/weight_gamma_0p05.yaml","411","2026-07-18T18:46:09.7988555Z","1e821320197777c40cd30177f57a1af2b6249e9375a90b0c72047cdc82568e7e"
"gpu_mn_mg_cgcnn_20260803","experiments/active_learning/configs/parameter_calibration/weight_k30_20260717T171939Z/weight_gamma_0p20.yaml","410","2026-07-18T18:46:09.7998551Z","3c4df8180eed2d4e9f4e9c8e981f6813da81245552277498beb8592b911e9ab8"
"gpu_mn_mg_cgcnn_20260803","experiments/active_learning/configs/structural_group_feasibility/heldout_initial_sets.csv","2552","2026-08-04T08:51:12.9379778Z","fe556b2ea8c7c0971fb114c16b6f0b92863986eec5151f1fecda1f55b295540b"
"gpu_mn_mg_cgcnn_20260803","experiments/active_learning/configs/structural_group_feasibility/jobs_manifest.csv","70569","2026-08-04T08:55:35.3906616Z","4d177c2ff8df312d95de8c730a858bfa21350f2abacab09b3bba8f96583c8640"
"gpu_mn_mg_cgcnn_20260803","experiments/active_learning/configs/structural_group_feasibility/jobs_manifest_v2.csv","78769","2026-08-04T09:00:33.3330114Z","0b8b46b20adf6c076043e28572a5f812a6460f6b2d142d331716317e5b216546"
"gpu_mn_mg_cgcnn_20260803","experiments/active_learning/configs/structural_group_feasibility/legacy_protocol.json","525","2026-08-04T08:51:12.9399774Z","7baac830f3a75a4e5f16cbfc86195969519783672758c64e457d561c535a2da4"
"gpu_mn_mg_cgcnn_20260803","experiments/active_learning/configs/structural_group_feasibility/mg_task.json","642","2026-08-04T08:51:12.9409777Z","5b806a5a9f52aae14f84d7e21817a19b4b5d597efdf928fb8acf476e41ce588e"
"gpu_mn_mg_cgcnn_20260803","experiments/active_learning/configs/structural_group_feasibility/mn_smoke_task.json","582","2026-08-04T09:02:13.6310710Z","6817c57dd6d8796c552d82129f7b25c123008edb2de92531f30145da50fd4e5e"
"gpu_mn_mg_cgcnn_20260803","experiments/active_learning/configs/structural_group_feasibility/mn_task.json","642","2026-08-04T08:51:12.9409777Z","29c9f95bd2926c5cf385bbea73c43608867486ec910e780221321eda4a1a9ede"
"gpu_mn_mg_cgcnn_20260803","experiments/active_learning/configs/structural_group_feasibility/SHA256SUMS.csv","676","2026-08-04T08:51:13.0080985Z","bc0953100baf9270015f3f5c4cd15e859945a7f9f5650bc68cd6d84eea20732e"
"gpu_mn_mg_cgcnn_20260803","experiments/active_learning/configs/structural_group_feasibility/structural_protocol.json","535","2026-08-04T08:51:12.9399774Z","dceb5e0912c290cbca884490aadc10c5f90c36b3462c0473b38dfb19b4d45e64"
"gpu_mn_mg_cgcnn_20260803","experiments/active_learning/configs/structural_group_feasibility/structural_q95_protocol.json","539","2026-08-04T08:51:12.9409777Z","5885d08a2f0c092ab2bdfa84ef8f3141754d02e7bc5a1811c10cc7dcc4bdf4af"
"gpu_mn_mg_cgcnn_20260803","experiments/active_learning/configs/structural_group_feasibility/structure_matcher_group_map.csv","40983","2026-08-04T08:51:12.9359772Z","46f2c5569f4a0a73ace11566aeb21cbd8e0bfac9f4b3568fa1179b5b7168bb03"
"gpu_mn_mg_cgcnn_20260803","experiments/active_learning/EARLY_LiM2O4_ALIGNN_HARD640_m2p18_m2p02_20260617/oracle.csv","161679","2026-07-18T18:46:07.9437287Z","669b8cab102d2259811664723134be506f4b927825821e094e449fa3c11017d6"
"gpu_mn_mg_cgcnn_20260803","experiments/active_learning/EARLY_LiM2O4_ALIGNN_HARD640_m2p18_m2p02_FLAT_20260617/atom_init.json","28392","2026-07-18T18:46:07.9477379Z","cb90bd2257dbf8cfc4e6b2b6d4348d4616e8e9680f1339b1461137032e0f1894"
"gpu_mn_mg_cgcnn_20260803","experiments/active_learning/EARLY_LiM2O4_ALIGNN_HARD640_m2p18_m2p02_FLAT_20260617/id_prop.csv","47649","2026-07-18T18:46:07.9487377Z","5b7a405ed8bcc8b822c888cdb3e2cd73da975a7410dd376dfe0a6a31413daead"
"gpu_mn_mg_cgcnn_20260803","experiments/active_learning/EARLY_LiM2O4_ALIGNN_HARD640_m2p18_m2p02_FLAT_20260617/job_000_Ti_fe_-1.422_n4_generated_crystals_cif__gen_0.cif","1254","2026-07-18T18:46:07.9497379Z","d9f40b78bac7d3d7163aff03dab9102ca96d64b3406044ad2346b15a62016c4c"
"gpu_mn_mg_cgcnn_20260803","experiments/active_learning/EARLY_LiM2O4_ALIGNN_HARD640_m2p18_m2p02_FLAT_20260617/job_000_Ti_fe_-1.422_n4_generated_crystals_cif__gen_3.cif","1251","2026-07-18T18:46:07.9507376Z","a02bb55643a2983251c09c4b66d7afbea51cd5c1d30b5fb99d7207a05f4e7ac6"
"gpu_mn_mg_cgcnn_20260803","experiments/active_learning/EARLY_LiM2O4_ALIGNN_HARD640_m2p18_m2p02_FLAT_20260617/job_001_Ti_fe_-1.307_n4_generated_crystals_cif__gen_0.cif","1255","2026-07-18T18:46:07.9507376Z","16174fef7ac1ae5d764d5929817b9df90b9e4b5d68f8ef924083640f2a8632ec"
"gpu_mn_mg_cgcnn_20260803","experiments/active_learning/EARLY_LiM2O4_ALIGNN_HARD640_m2p18_m2p02_FLAT_20260617/job_001_Ti_fe_-1.307_n4_generated_crystals_cif__gen_1.cif","1254","2026-07-18T18:46:07.9517282Z","e8489d4902fbf4167ed8414a337c7662ea91df588943f6f91d90d19bc32d5011"
"gpu_mn_mg_cgcnn_20260803","experiments/active_learning/EARLY_LiM2O4_ALIGNN_HARD640_m2p18_m2p02_FLAT_20260617/job_001_Ti_fe_-1.307_n4_generated_crystals_cif__gen_2.cif","1251","2026-07-18T18:46:07.9527290Z","f19820c51814ad4abe43fe2867ace09ca119d349dfc60fa41a28cdf86ca945d3"
"gpu_mn_mg_cgcnn_20260803","experiments/active_learning/EARLY_LiM2O4_ALIGNN_HARD640_m2p18_m2p02_FLAT_20260617/job_001_Ti_fe_-1.307_n4_generated_crystals_cif__gen_3.cif","1249","2026-07-18T18:46:07.9537307Z","f4349ad2fd87e7b3ebc918208784033a8c6aa8bd8f12855fcefad53a6f10807c"
"gpu_mn_mg_cgcnn_20260803","experiments/active_learning/EARLY_LiM2O4_ALIGNN_HARD640_m2p18_m2p02_FLAT_20260617/job_002_Ni_fe_-1.402_n4_generated_crystals_cif__gen_0.cif","1258","2026-07-18T18:46:07.9547309Z","99763fb587d2c20407d37bca484a36342b01e1141b2fb1b1d183ff57730ff6d7"
"gpu_mn_mg_cgcnn_20260803","experiments/active_learning/EARLY_LiM2O4_ALIGNN_HARD640_m2p18_m2p02_FLAT_20260617/job_002_Ni_fe_-1.402_n4_generated_crystals_cif__gen_3.cif","1249","2026-07-18T18:46:07.9547309Z","90dcbe8ef1488734ce92033b52e7fe3c9e98ff27f2590040026f0b1a57414021"
"gpu_mn_mg_cgcnn_20260803","experiments/active_learning/EARLY_LiM2O4_ALIGNN_HARD640_m2p18_m2p02_FLAT_20260617/job_003_Mn_fe_-1.026_n4_generated_crystals_cif__gen_0.cif","1254","2026-07-18T18:46:07.9557305Z","ced48d13944bae706a40dacb1c6474a4240bd421323c1b98700fe04e51642029"
"gpu_mn_mg_cgcnn_20260803","experiments/active_learning/EARLY_LiM2O4_ALIGNN_HARD640_m2p18_m2p02_FLAT_20260617/job_004_Mg_fe_-1.439_n4_generated_crystals_cif__gen_1.cif","1253","2026-07-18T18:46:07.9567294Z","d30ef35cef96557bccac29af3e61948c95076454400f903119c0678324a0de28"
"gpu_mn_mg_cgcnn_20260803","experiments/active_learning/EARLY_LiM2O4_ALIGNN_HARD640_m2p18_m2p02_FLAT_20260617/job_005_Al_fe_-1.478_n4_generated_crystals_cif__gen_0.cif","1258","2026-07-18T18:46:07.9567294Z","1dcde2570dc45c7dbcf7c4fc96fcb701fd884fe3615083a85d8338e34bde99d0"
"gpu_mn_mg_cgcnn_20260803","experiments/active_learning/EARLY_LiM2O4_ALIGNN_HARD640_m2p18_m2p02_FLAT_20260617/job_005_Al_fe_-1.478_n4_generated_crystals_cif__gen_2.cif","1249","2026-07-18T18:46:07.9577390Z","ab22c99f26c9901b30a7c9d0a39621e687ec7f42c39589ffe0d6945bbd472952"
"gpu_mn_mg_cgcnn_20260803","experiments/active_learning/EARLY_LiM2O4_ALIGNN_HARD640_m2p18_m2p02_FLAT_20260617/job_006_Mn_fe_-1.347_n4_generated_crystals_cif__gen_0.cif","1257","2026-07-18T18:46:07.9587330Z","0ccbbbd01ba179ab8fa37ffc9c24fa2e878b7923f688336a14bf0095264629a9"
"gpu_mn_mg_cgcnn_20260803","experiments/active_learning/EARLY_LiM2O4_ALIGNN_HARD640_m2p18_m2p02_FLAT_20260617/job_006_Mn_fe_-1.347_n4_generated_crystals_cif__gen_1.cif","1254","2026-07-18T18:46:07.9607385Z","7d477e8e15ee0d8b50ded2c3ba393d7b0879806265f82a5c7a4075aef534faec"
"gpu_mn_mg_cgcnn_20260803","experiments/active_learning/EARLY_LiM2O4_ALIGNN_HARD640_m2p18_m2p02_FLAT_20260617/job_006_Mn_fe_-1.347_n4_generated_crystals_cif__gen_2.cif","1252","2026-07-18T18:46:07.9617398Z","bcae1467b5eb770bb19c274ad2da64824b36534bdd4c62acef5c57b7045fe4de"
"gpu_mn_mg_cgcnn_20260803","experiments/active_learning/EARLY_LiM2O4_ALIGNN_HARD640_m2p18_m2p02_FLAT_20260617/job_006_Mn_fe_-1.347_n4_generated_crystals_cif__gen_3.cif","1254","2026-07-18T18:46:07.9617398Z","b9f766150de5e238ead0aabdeadf6ec2615ede110838c691d9f5662b88280473"
"gpu_mn_mg_cgcnn_20260803","experiments/active_learning/EARLY_LiM2O4_ALIGNN_HARD640_m2p18_m2p02_FLAT_20260617/job_007_Mg_fe_-1.079_n4_generated_crystals_cif__gen_0.cif","1252","2026-07-18T18:46:07.9627306Z","5e193017aa6038ef0c43c26745809d1cc05d440fedfb3c96fc933b2326adb061"
"gpu_mn_mg_cgcnn_20260803","experiments/active_learning/EARLY_LiM2O4_ALIGNN_HARD640_m2p18_m2p02_FLAT_20260617/job_008_Mg_fe_-1.361_n4_generated_crystals_cif__gen_1.cif","1254","2026-07-18T18:46:07.9637301Z","245181ae7fe00bb9bb626d5575d646f821757001361c5a3b0b05cb503695403f"
"gpu_mn_mg_cgcnn_20260803","experiments/active_learning/EARLY_LiM2O4_ALIGNN_HARD640_m2p18_m2p02_FLAT_20260617/job_009_Ti_fe_-1.009_n4_generated_crystals_cif__gen_1.cif","1248","2026-07-18T18:46:07.9647350Z","4b03defe3da42ef822b5e8a9ac0f64e279a43c3c5e2f5fcde984ec34587b5d25"
"gpu_mn_mg_cgcnn_20260803","experiments/active_learning/EARLY_LiM2O4_ALIGNN_HARD640_m2p18_m2p02_FLAT_20260617/job_009_Ti_fe_-1.009_n4_generated_crystals_cif__gen_3.cif","1256","2026-07-18T18:46:07.9657363Z","ad84229a3c72cdba6b9fe18ae550b8b0becd22c37bbbde2da516d02b5968055b"
"gpu_mn_mg_cgcnn_20260803","experiments/active_learning/EARLY_LiM2O4_ALIGNN_HARD640_m2p18_m2p02_FLAT_20260617/job_010_Al_fe_-1.346_n4_generated_crystals_cif__gen_0.cif","1257","2026-07-18T18:46:07.9657363Z","d0655d4712d5936551268a95366b47ab4744e621c283d68c6c15388046ed3625"
"gpu_mn_mg_cgcnn_20260803","experiments/active_learning/EARLY_LiM2O4_ALIGNN_HARD640_m2p18_m2p02_FLAT_20260617/job_010_Al_fe_-1.346_n4_generated_crystals_cif__gen_2.cif","1251","2026-07-18T18:46:07.9667354Z","74151d4ab6412d5c266395ffe6f105d2091d6cc9916aed3e05cd35f1b10e7498"
"gpu_mn_mg_cgcnn_20260803","experiments/active_learning/EARLY_LiM2O4_ALIGNN_HARD640_m2p18_m2p02_FLAT_20260617/job_010_Al_fe_-1.346_n4_generated_crystals_cif__gen_3.cif","1251","2026-07-18T18:46:07.9677437Z","e06347cde1f40a632c43db09404cf0a512f9ad477be4362c43f0879505b4f7eb"
"gpu_mn_mg_cgcnn_20260803","experiments/active_learning/EARLY_LiM2O4_ALIGNN_HARD640_m2p18_m2p02_FLAT_20260617/job_011_Mg_fe_-1.305_n4_generated_crystals_cif__gen_0.cif","1248","2026-07-18T18:46:07.9687345Z","5f1b84fb96aabe84a71c405a3ce88ed6b55004f52c43975786477db888a555ac"
"gpu_mn_mg_cgcnn_20260803","experiments/active_learning/EARLY_LiM2O4_ALIGNN_HARD640_m2p18_m2p02_FLAT_20260617/job_011_Mg_fe_-1.305_n4_generated_crystals_cif__gen_2.cif","1251","2026-07-18T18:46:07.9687345Z","d3113093a1b509f2238e0e30d3069bb267d4b03845d20fdd4b9dc46a1a5f860a"
"gpu_mn_mg_cgcnn_20260803","experiments/active_learning/EARLY_LiM2O4_ALIGNN_HARD640_m2p18_m2p02_FLAT_20260617/job_012_Cr_fe_-1.495_n4_generated_crystals_cif__gen_0.cif","1250","2026-07-18T18:46:07.9697431Z","b757361728846d8b05724e722a7c3eae8b2244f368537a08bff5ecc82bfe68fe"
"gpu_mn_mg_cgcnn_20260803","experiments/active_learning/EARLY_LiM2O4_ALIGNN_HARD640_m2p18_m2p02_FLAT_20260617/job_012_Cr_fe_-1.495_n4_generated_crystals_cif__gen_3.cif","1250","2026-07-18T18:46:07.9707352Z","8593c814b4474ac0a72b22654a292d9ac92795d83788a516d57b525cbda4c8fc"
"gpu_mn_mg_cgcnn_20260803","experiments/active_learning/EARLY_LiM2O4_ALIGNN_HARD640_m2p18_m2p02_FLAT_20260617/job_013_Cr_fe_-1.388_n4_generated_crystals_cif__gen_0.cif","1251","2026-07-18T18:46:07.9717347Z","97326b9332ad197e85a1d34dfd69064296673947bc46fb5f2c7e6fd6a44c2b73"
"gpu_mn_mg_cgcnn_20260803","experiments/active_learning/EARLY_LiM2O4_ALIGNN_HARD640_m2p18_m2p02_FLAT_20260617/job_013_Cr_fe_-1.388_n4_generated_crystals_cif__gen_1.cif","1254","2026-07-18T18:46:07.9727356Z","ed8ccd2739e03c85e0e1887552982c08bfd783a2efaafba4ca3cf1a50948c866"
"gpu_mn_mg_cgcnn_20260803","experiments/active_learning/EARLY_LiM2O4_ALIGNN_HARD640_m2p18_m2p02_FLAT_20260617/job_013_Cr_fe_-1.388_n4_generated_crystals_cif__gen_2.cif","1255","2026-07-18T18:46:07.9727356Z","6613be44be6575280bdfcc918153bb7e5846e25eaab4fade97aca352bd5944e1"
"gpu_mn_mg_cgcnn_20260803","experiments/active_learning/EARLY_LiM2O4_ALIGNN_HARD640_m2p18_m2p02_FLAT_20260617/job_013_Cr_fe_-1.388_n4_generated_crystals_cif__gen_3.cif","1256","2026-07-18T18:46:07.9737357Z","f09aa1041b97fc03a6f96935da754d5cff92e1ac17f619790b051b987e833a18"
"gpu_mn_mg_cgcnn_20260803","experiments/active_learning/EARLY_LiM2O4_ALIGNN_HARD640_m2p18_m2p02_FLAT_20260617/job_014_Al_fe_-1.262_n4_generated_crystals_cif__gen_1.cif","1253","2026-07-18T18:46:07.9747437Z","c9d1a9ee2612e22eeafe8c7d14d19ca2781e1b4a993e95ce4b3b325390384598"
"gpu_mn_mg_cgcnn_20260803","experiments/active_learning/EARLY_LiM2O4_ALIGNN_HARD640_m2p18_m2p02_FLAT_20260617/job_015_Ni_fe_-1.349_n4_generated_crystals_cif__gen_0.cif","1256","2026-07-18T18:46:07.9757352Z","13c72665cd257a20a8632e183afa10e4ce94381c17d0eec56a4b4dedd203f821"
"gpu_mn_mg_cgcnn_20260803","experiments/active_learning/EARLY_LiM2O4_ALIGNN_HARD640_m2p18_m2p02_FLAT_20260617/job_015_Ni_fe_-1.349_n4_generated_crystals_cif__gen_1.cif","1253","2026-07-18T18:46:07.9767346Z","35e8cc6da9d2df0b74e97585fe547573936111a15817e666390ceb3c7a1adb4a"
"gpu_mn_mg_cgcnn_20260803","experiments/active_learning/EARLY_LiM2O4_ALIGNN_HARD640_m2p18_m2p02_FLAT_20260617/job_015_Ni_fe_-1.349_n4_generated_crystals_cif__gen_2.cif","1253","2026-07-18T18:46:07.9777433Z","5e4fff21af3ae19502d299bd4c338f9d6587f833aefb127f254bcfa803a3e370"
"gpu_mn_mg_cgcnn_20260803","experiments/active_learning/EARLY_LiM2O4_ALIGNN_HARD640_m2p18_m2p02_FLAT_20260617/job_015_Ni_fe_-1.349_n4_generated_crystals_cif__gen_3.cif","1252","2026-07-18T18:46:07.9787380Z","d363869e62b9dc1e29c896f223b0a65407f8a0687fb1b46381d0b32820bb57e3"
"gpu_mn_mg_cgcnn_20260803","experiments/active_learning/EARLY_LiM2O4_ALIGNN_HARD640_m2p18_m2p02_FLAT_20260617/job_016_Cr_fe_-1.264_n4_generated_crystals_cif__gen_1.cif","1249","2026-07-18T18:46:07.9787380Z","a9c1292c22a4eabf7159fb233396e2f725d8dbe463b688e88a2411577926f8f6"
"gpu_mn_mg_cgcnn_20260803","experiments/active_learning/EARLY_LiM2O4_ALIGNN_HARD640_m2p18_m2p02_FLAT_20260617/job_016_Cr_fe_-1.264_n4_generated_crystals_cif__gen_2.cif","1251","2026-07-18T18:46:07.9797453Z","2afece50ed186f8fa1dd32f60521ab8cf5a8502d59db3dfccca530e19d65457c"
"gpu_mn_mg_cgcnn_20260803","experiments/active_learning/EARLY_LiM2O4_ALIGNN_HARD640_m2p18_m2p02_FLAT_20260617/job_016_Cr_fe_-1.264_n4_generated_crystals_cif__gen_3.cif","1254","2026-07-18T18:46:07.9808207Z","43b988cf2780ea75e2bfa73e9589c0c44884dc9a8f1357dcd4ced1c60cb24b3f"
"gpu_mn_mg_cgcnn_20260803","experiments/active_learning/EARLY_LiM2O4_ALIGNN_HARD640_m2p18_m2p02_FLAT_20260617/job_017_Mn_fe_-1.234_n4_generated_crystals_cif__gen_0.cif","1252","2026-07-18T18:46:07.9818294Z","21e8fe9b1ba165b596d3322f21e4d41569da1acb3ba836115b2980339bbfe95a"
"gpu_mn_mg_cgcnn_20260803","experiments/active_learning/EARLY_LiM2O4_ALIGNN_HARD640_m2p18_m2p02_FLAT_20260617/job_017_Mn_fe_-1.234_n4_generated_crystals_cif__gen_1.cif","1251","2026-07-18T18:46:07.9828298Z","9aaa81e9b3292e88ddf20ab44b7ff4b7eb03abae429e2d838d29f1214adcd26e"
"gpu_mn_mg_cgcnn_20260803","experiments/active_learning/EARLY_LiM2O4_ALIGNN_HARD640_m2p18_m2p02_FLAT_20260617/job_017_Mn_fe_-1.234_n4_generated_crystals_cif__gen_2.cif","1249","2026-07-18T18:46:07.9828298Z","d93578a990da2ea6f438e9ecd66ce71677fb5423a67f2f21019c1fb0ef43e3a1"
"gpu_mn_mg_cgcnn_20260803","experiments/active_learning/EARLY_LiM2O4_ALIGNN_HARD640_m2p18_m2p02_FLAT_20260617/job_017_Mn_fe_-1.234_n4_generated_crystals_cif__gen_3.cif","1255","2026-07-18T18:46:07.9838295Z","15615e8cad2dd2c794966689c0ddf0c584c825af061e371deb7b2ac44df80bd2"
"gpu_mn_mg_cgcnn_20260803","experiments/active_learning/EARLY_LiM2O4_ALIGNN_HARD640_m2p18_m2p02_FLAT_20260617/job_018_Co_fe_-0.907_n4_generated_crystals_cif__gen_0.cif","1262","2026-07-18T18:46:07.9848211Z","2be6136eb8fc63854e7ec6b6c674c587040d2afb6dd327ed09eefd3ffd7401af"
"gpu_mn_mg_cgcnn_20260803","experiments/active_learning/EARLY_LiM2O4_ALIGNN_HARD640_m2p18_m2p02_FLAT_20260617/job_018_Co_fe_-0.907_n4_generated_crystals_cif__gen_3.cif","1250","2026-07-18T18:46:07.9858206Z","215274baa303288275c95fd7c048d1e0f8923c2eb055368c53e670a416ee2a7a"
"gpu_mn_mg_cgcnn_20260803","experiments/active_learning/EARLY_LiM2O4_ALIGNN_HARD640_m2p18_m2p02_FLAT_20260617/job_019_Mg_fe_-1.315_n4_generated_crystals_cif__gen_0.cif","1254","2026-07-18T18:46:07.9858206Z","3a0a3881c9e6e9e64a81fbcc6e05bc15eea4be53418a55cc7a89dbd991882fbc"
"gpu_mn_mg_cgcnn_20260803","experiments/active_learning/EARLY_LiM2O4_ALIGNN_HARD640_m2p18_m2p02_FLAT_20260617/job_020_Mn_fe_-0.989_n4_generated_crystals_cif__gen_0.cif","1249","2026-07-18T18:46:07.9868208Z","5053b3d87925dd1289d064cae84253886d9f4f065bc7b7176eb5d45b92e85dac"
"gpu_mn_mg_cgcnn_20260803","experiments/active_learning/EARLY_LiM2O4_ALIGNN_HARD640_m2p18_m2p02_FLAT_20260617/job_020_Mn_fe_-0.989_n4_generated_crystals_cif__gen_1.cif","1252","2026-07-18T18:46:07.9878204Z","0ce85b7361a87f55926b6ced6a7b1cf28fa839eac6dfac90cf36bec9c1b270a5"
"gpu_mn_mg_cgcnn_20260803","experiments/active_learning/EARLY_LiM2O4_ALIGNN_HARD640_m2p18_m2p02_FLAT_20260617/job_020_Mn_fe_-0.989_n4_generated_crystals_cif__gen_3.cif","1253","2026-07-18T18:46:07.9878204Z","d6bdcb6a5bec336b837859b592c47446a25056360b502548c8059479ee1d239e"
"gpu_mn_mg_cgcnn_20260803","experiments/active_learning/EARLY_LiM2O4_ALIGNN_HARD640_m2p18_m2p02_FLAT_20260617/job_021_Mg_fe_-1.413_n4_generated_crystals_cif__gen_0.cif","1254","2026-07-18T18:46:07.9888200Z","3d3ebc368b1d947f7645d0117ba6e1d86ce47bf3d90c6ffb327182a4db79bccc"
"gpu_mn_mg_cgcnn_20260803","experiments/active_learning/EARLY_LiM2O4_ALIGNN_HARD640_m2p18_m2p02_FLAT_20260617/job_021_Mg_fe_-1.413_n4_generated_crystals_cif__gen_3.cif","1252","2026-07-18T18:46:07.9898322Z","128a6c0116a760efd53c41e5b9a5e555be5cb6b735dd3e1265d61877fcc61a3d"
"gpu_mn_mg_cgcnn_20260803","experiments/active_learning/EARLY_LiM2O4_ALIGNN_HARD640_m2p18_m2p02_FLAT_20260617/job_022_Al_fe_-1.445_n4_generated_crystals_cif__gen_2.cif","1258","2026-07-18T18:46:07.9908293Z","2b75e729abdc17407a7279c2d3ee55daf88e9189973ab166d3e1a5186a0917ae"
"gpu_mn_mg_cgcnn_20260803","experiments/active_learning/EARLY_LiM2O4_ALIGNN_HARD640_m2p18_m2p02_FLAT_20260617/job_023_Co_fe_-0.919_n4_generated_crystals_cif__gen_0.cif","1255","2026-07-18T18:46:07.9918289Z","a727e1241e8672e9c3e7b9c13cc8280070586b13223094f3e7f31354b4c9099f"
"gpu_mn_mg_cgcnn_20260803","experiments/active_learning/EARLY_LiM2O4_ALIGNN_HARD640_m2p18_m2p02_FLAT_20260617/job_023_Co_fe_-0.919_n4_generated_crystals_cif__gen_1.cif","1255","2026-07-18T18:46:07.9928293Z","1d8feef28f7d0575fbd07ee3ff0611708073089909e60279fd81c869e4f9b0af"
"gpu_mn_mg_cgcnn_20260803","experiments/active_learning/EARLY_LiM2O4_ALIGNN_HARD640_m2p18_m2p02_FLAT_20260617/job_023_Co_fe_-0.919_n4_generated_crystals_cif__gen_2.cif","1257","2026-07-18T18:46:07.9928293Z","51e8465d94bb7f8570952846f0fb222f34cb0cf3931944f61624b27457b53f70"
"gpu_mn_mg_cgcnn_20260803","experiments/active_learning/EARLY_LiM2O4_ALIGNN_HARD640_m2p18_m2p02_FLAT_20260617/job_023_Co_fe_-0.919_n4_generated_crystals_cif__gen_3.cif","1254","2026-07-18T18:46:07.9938286Z","98fe74b0e2d2327790fdb8829c40e6414479211a4259a528890beb8823e2ae4b"
"gpu_mn_mg_cgcnn_20260803","experiments/active_learning/EARLY_LiM2O4_ALIGNN_HARD640_m2p18_m2p02_FLAT_20260617/job_024_Mg_fe_-0.880_n4_generated_crystals_cif__gen_0.cif","1248","2026-07-18T18:46:07.9948272Z","e31ef546cd0b5dbc12dc24ff8691047c9889dda7df6cdd43a80cd1106c2dcc1c"
"gpu_mn_mg_cgcnn_20260803","experiments/active_learning/EARLY_LiM2O4_ALIGNN_HARD640_m2p18_m2p02_FLAT_20260617/job_024_Mg_fe_-0.880_n4_generated_crystals_cif__gen_3.cif","1247","2026-07-18T18:46:07.9958287Z","37ee89b346b5021774944c231056882893de1d34cf579a71c8728f72fde019dd"
"gpu_mn_mg_cgcnn_20260803","experiments/active_learning/EARLY_LiM2O4_ALIGNN_HARD640_m2p18_m2p02_FLAT_20260617/job_025_Co_fe_-1.096_n4_generated_crystals_cif__gen_0.cif","1252","2026-07-18T18:46:07.9968272Z","51544065ba40cb72365205f5e31bc3294d20a7577ec98be1b5de74a335e7695f"
"gpu_mn_mg_cgcnn_20260803","experiments/active_learning/EARLY_LiM2O4_ALIGNN_HARD640_m2p18_m2p02_FLAT_20260617/job_025_Co_fe_-1.096_n4_generated_crystals_cif__gen_1.cif","1259","2026-07-18T18:46:07.9968272Z","0a950bd7cc626b7fbeb4597877b42ce13e8d21c279d6b8a445b24a701c7d8c35"
"gpu_mn_mg_cgcnn_20260803","experiments/active_learning/EARLY_LiM2O4_ALIGNN_HARD640_m2p18_m2p02_FLAT_20260617/job_025_Co_fe_-1.096_n4_generated_crystals_cif__gen_2.cif","1260","2026-07-18T18:46:07.9978305Z","e1013475759fb137283825d924a36a656e84370ec5a1a635021a9741018a8233"
"gpu_mn_mg_cgcnn_20260803","experiments/active_learning/EARLY_LiM2O4_ALIGNN_HARD640_m2p18_m2p02_FLAT_20260617/job_025_Co_fe_-1.096_n4_generated_crystals_cif__gen_3.cif","1251","2026-07-18T18:46:07.9988271Z","646cf5da62cba6edabd5ffd51016b4283da7f81a0f6f84ff4ee4b6d911d9c82f"
"gpu_mn_mg_cgcnn_20260803","experiments/active_learning/EARLY_LiM2O4_ALIGNN_HARD640_m2p18_m2p02_FLAT_20260617/job_026_Ti_fe_-1.451_n4_generated_crystals_cif__gen_0.cif","1255","2026-07-18T18:46:07.9998292Z","db5136bf8b497fc60a8f3040942d7beb0d6af4d9201730c57990f9c62bd4ba41"
"gpu_mn_mg_cgcnn_20260803","experiments/active_learning/EARLY_LiM2O4_ALIGNN_HARD640_m2p18_m2p02_FLAT_20260617/job_026_Ti_fe_-1.451_n4_generated_crystals_cif__gen_2.cif","1252","2026-07-18T18:46:08.0008290Z","ac3270bd362821a0b682f88c77321f3db76b340c945e5156589654571f307bb2"
"gpu_mn_mg_cgcnn_20260803","experiments/active_learning/EARLY_LiM2O4_ALIGNN_HARD640_m2p18_m2p02_FLAT_20260617/job_026_Ti_fe_-1.451_n4_generated_crystals_cif__gen_3.cif","1256","2026-07-18T18:46:08.0018293Z","42d6c57120a0ea7194cf44ffc708d0f6cca623e33e6697a10a43b986f2e93d32"
"gpu_mn_mg_cgcnn_20260803","experiments/active_learning/EARLY_LiM2O4_ALIGNN_HARD640_m2p18_m2p02_FLAT_20260617/job_027_Ti_fe_-1.340_n4_generated_crystals_cif__gen_0.cif","1259","2026-07-18T18:46:08.0018293Z","e274c4592749b40672648be275db4afffd22a55f80c5efea32bd332b01d6fa78"
"gpu_mn_mg_cgcnn_20260803","experiments/active_learning/EARLY_LiM2O4_ALIGNN_HARD640_m2p18_m2p02_FLAT_20260617/job_027_Ti_fe_-1.340_n4_generated_crystals_cif__gen_2.cif","1248","2026-07-18T18:46:08.0028289Z","fb8b339bd0b6f173e8c87eefdea5710deab6a60a81bf7813811684d61d8bfa6e"
"gpu_mn_mg_cgcnn_20260803","experiments/active_learning/EARLY_LiM2O4_ALIGNN_HARD640_m2p18_m2p02_FLAT_20260617/job_027_Ti_fe_-1.340_n4_generated_crystals_cif__gen_3.cif","1255","2026-07-18T18:46:08.0038289Z","33d98cddb78bdfb55d0136ee318866da7a2e7610ca750b414690afd241e96946"
"gpu_mn_mg_cgcnn_20260803","experiments/active_learning/EARLY_LiM2O4_ALIGNN_HARD640_m2p18_m2p02_FLAT_20260617/job_028_Co_fe_-0.810_n4_generated_crystals_cif__gen_0.cif","1255","2026-07-18T18:46:08.0048290Z","d6bec0d74db58745bf9afb03070729ca407e002087a26306c79299c2c73195f5"
"gpu_mn_mg_cgcnn_20260803","experiments/active_learning/EARLY_LiM2O4_ALIGNN_HARD640_m2p18_m2p02_FLAT_20260617/job_028_Co_fe_-0.810_n4_generated_crystals_cif__gen_1.cif","1255","2026-07-18T18:46:08.0048290Z","21e4511791d74ee4bb59640fbc3b9810860c20869a381901402666e7fd58bab4"
"gpu_mn_mg_cgcnn_20260803","experiments/active_learning/EARLY_LiM2O4_ALIGNN_HARD640_m2p18_m2p02_FLAT_20260617/job_028_Co_fe_-0.810_n4_generated_crystals_cif__gen_3.cif","1256","2026-07-18T18:46:08.0058273Z","b24248191972f125a8a17f8489ff6f6b6f792a73a1df52572a808348ce387a62"
"gpu_mn_mg_cgcnn_20260803","experiments/active_learning/EARLY_LiM2O4_ALIGNN_HARD640_m2p18_m2p02_FLAT_20260617/job_029_Cr_fe_-1.337_n4_generated_crystals_cif__gen_1.cif","1256","2026-07-18T18:46:08.0068290Z","1cbbcd701d0d49de36fa1de028be17ccbed2d565a25fa2361aefdfbb73651909"
"gpu_mn_mg_cgcnn_20260803","experiments/active_learning/EARLY_LiM2O4_ALIGNN_HARD640_m2p18_m2p02_FLAT_20260617/job_029_Cr_fe_-1.337_n4_generated_crystals_cif__gen_2.cif","1247","2026-07-18T18:46:08.0078294Z","f67fdb95b9f0c719f4efe0cd6472993566fe38568d4f8a12365753c98dd1d594"
"gpu_mn_mg_cgcnn_20260803","experiments/active_learning/EARLY_LiM2O4_ALIGNN_HARD640_m2p18_m2p02_FLAT_20260617/job_029_Cr_fe_-1.337_n4_generated_crystals_cif__gen_3.cif","1255","2026-07-18T18:46:08.0088301Z","6871cbd461f46bea7813508e40edab47a9cbe47d16148c6eab9d30bc31e4f107"
"gpu_mn_mg_cgcnn_20260803","experiments/active_learning/EARLY_LiM2O4_ALIGNN_HARD640_m2p18_m2p02_FLAT_20260617/job_030_Mn_fe_-1.234_n4_generated_crystals_cif__gen_0.cif","1245","2026-07-18T18:46:08.0088301Z","f309970653c1e143ac829bd162ade59a924a536196ae2cbac5ceb87c340ea8ed"
"gpu_mn_mg_cgcnn_20260803","experiments/active_learning/EARLY_LiM2O4_ALIGNN_HARD640_m2p18_m2p02_FLAT_20260617/job_030_Mn_fe_-1.234_n4_generated_crystals_cif__gen_1.cif","1251","2026-07-18T18:46:08.0098293Z","159e9a35339975e2d3b1fee78290ca6bc9fa25d3847881974a400fc11f99f373"
"gpu_mn_mg_cgcnn_20260803","experiments/active_learning/EARLY_LiM2O4_ALIGNN_HARD640_m2p18_m2p02_FLAT_20260617/job_030_Mn_fe_-1.234_n4_generated_crystals_cif__gen_2.cif","1256","2026-07-18T18:46:08.0108294Z","22efd1aaca0e03e60c38523f1fffd335e24ef9049dc2f468baa9631a4ec312ad"
"gpu_mn_mg_cgcnn_20260803","experiments/active_learning/EARLY_LiM2O4_ALIGNN_HARD640_m2p18_m2p02_FLAT_20260617/job_030_Mn_fe_-1.234_n4_generated_crystals_cif__gen_3.cif","1255","2026-07-18T18:46:08.0118297Z","ea0f3523d9f76ac61c9ab26e4e96e1037ef64d0c0d7a274cf3a585842d5d2bb2"
"gpu_mn_mg_cgcnn_20260803","experiments/active_learning/EARLY_LiM2O4_ALIGNN_HARD640_m2p18_m2p02_FLAT_20260617/job_031_Al_fe_-1.055_n4_generated_crystals_cif__gen_0.cif","1256","2026-07-18T18:46:08.0128271Z","b864e928371d6d9100fbc7f2519dcba56d16cce00e1c26fff663338ca85a6f93"
"gpu_mn_mg_cgcnn_20260803","experiments/active_learning/EARLY_LiM2O4_ALIGNN_HARD640_m2p18_m2p02_FLAT_20260617/job_031_Al_fe_-1.055_n4_generated_crystals_cif__gen_1.cif","1256","2026-07-18T18:46:08.0128271Z","e6b29edb64408eed65c5a8e9c4f899c3a8a83aad4b77156fd42a6cfc0238ce97"
"gpu_mn_mg_cgcnn_20260803","experiments/active_learning/EARLY_LiM2O4_ALIGNN_HARD640_m2p18_m2p02_FLAT_20260617/job_032_Co_fe_-1.386_n4_generated_crystals_cif__gen_0.cif","1255","2026-07-18T18:46:08.0138291Z","4e5afedb49328266fc803118a4a5110215a6c19ba694b6b6f158857330a09739"
"gpu_mn_mg_cgcnn_20260803","experiments/active_learning/EARLY_LiM2O4_ALIGNN_HARD640_m2p18_m2p02_FLAT_20260617/job_032_Co_fe_-1.386_n4_generated_crystals_cif__gen_1.cif","1256","2026-07-18T18:46:08.0148292Z","bfceb0ded6413ed2e2219bbef086e9dedf2ba4ffc6741012e8149935b8110a00"
"gpu_mn_mg_cgcnn_20260803","experiments/active_learning/EARLY_LiM2O4_ALIGNN_HARD640_m2p18_m2p02_FLAT_20260617/job_032_Co_fe_-1.386_n4_generated_crystals_cif__gen_2.cif","1253","2026-07-18T18:46:08.0158327Z","478af4c8cb8df43b30fb5ccd77d76085a220e6aa6ba1f70f21c5bf80ac27b238"
"gpu_mn_mg_cgcnn_20260803","experiments/active_learning/EARLY_LiM2O4_ALIGNN_HARD640_m2p18_m2p02_FLAT_20260617/job_032_Co_fe_-1.386_n4_generated_crystals_cif__gen_3.cif","1255","2026-07-18T18:46:08.0158327Z","381b9eab8ee8ea4d45e56126451d1dbcb4dd285d158aef597fae0fac86f988f2"
"gpu_mn_mg_cgcnn_20260803","experiments/active_learning/EARLY_LiM2O4_ALIGNN_HARD640_m2p18_m2p02_FLAT_20260617/job_033_Co_fe_-1.353_n4_generated_crystals_cif__gen_2.cif","1251","2026-07-18T18:46:08.0168244Z","7e7bac4751c2d79dc7bc1e06f6f95afa8e99b339996285b742040eb35c40ae4e"
"gpu_mn_mg_cgcnn_20260803","experiments/active_learning/EARLY_LiM2O4_ALIGNN_HARD640_m2p18_m2p02_FLAT_20260617/job_034_Co_fe_-1.009_n4_generated_crystals_cif__gen_0.cif","1253","2026-07-18T18:46:08.0178292Z","a3127fb1273768b66b8796ff7f306e7101ded8cae118121ffca7d04782b07b6a"
"gpu_mn_mg_cgcnn_20260803","experiments/active_learning/EARLY_LiM2O4_ALIGNN_HARD640_m2p18_m2p02_FLAT_20260617/job_034_Co_fe_-1.009_n4_generated_crystals_cif__gen_1.cif","1253","2026-07-18T18:46:08.0178292Z","25c10a39e6ad075a8a247600ca2418e4f2d03c85470e00da9282142636f4cb5d"
"gpu_mn_mg_cgcnn_20260803","experiments/active_learning/EARLY_LiM2O4_ALIGNN_HARD640_m2p18_m2p02_FLAT_20260617/job_034_Co_fe_-1.009_n4_generated_crystals_cif__gen_2.cif","1247","2026-07-18T18:46:08.0188293Z","0c5eaf8234ca5900c6cd1fd165d65fbd5b5c3323a30915db3fb82497893e89d4"
"gpu_mn_mg_cgcnn_20260803","experiments/active_learning/EARLY_LiM2O4_ALIGNN_HARD640_m2p18_m2p02_FLAT_20260617/job_034_Co_fe_-1.009_n4_generated_crystals_cif__gen_3.cif","1256","2026-07-18T18:46:08.0198292Z","3ddc8b3cf051d3e6f4e638bf36eb4bbea4306170d9758c869affa490be23408a"
"gpu_mn_mg_cgcnn_20260803","experiments/active_learning/EARLY_LiM2O4_ALIGNN_HARD640_m2p18_m2p02_FLAT_20260617/job_035_Ti_fe_-1.046_n4_generated_crystals_cif__gen_0.cif","1246","2026-07-18T18:46:08.0198292Z","301fba2bd7ed360eb8184bbf16f63ae760691a14621d00460f6644ec6e6edc7f"
"gpu_mn_mg_cgcnn_20260803","experiments/active_learning/EARLY_LiM2O4_ALIGNN_HARD640_m2p18_m2p02_FLAT_20260617/job_035_Ti_fe_-1.046_n4_generated_crystals_cif__gen_1.cif","1250","2026-07-18T18:46:08.0208283Z","924e0345c590d234cc3f19bf5dd6433e0056c63e9c883df9a5f59c48e5f79bc9"
"gpu_mn_mg_cgcnn_20260803","experiments/active_learning/EARLY_LiM2O4_ALIGNN_HARD640_m2p18_m2p02_FLAT_20260617/job_035_Ti_fe_-1.046_n4_generated_crystals_cif__gen_2.cif","1251","2026-07-18T18:46:08.0218290Z","01d9812905b8752e412288cadd38c04ae47fdf869dd1c6e8ef4f7e94f47e6954"
"gpu_mn_mg_cgcnn_20260803","experiments/active_learning/EARLY_LiM2O4_ALIGNN_HARD640_m2p18_m2p02_FLAT_20260617/job_036_Mg_fe_-1.056_n4_generated_crystals_cif__gen_1.cif","1245","2026-07-18T18:46:08.0228292Z","027044de4317ff04ba6fd75dd3906b3025b76094f39e61bd4f60aaf055acf745"
"gpu_mn_mg_cgcnn_20260803","experiments/active_learning/EARLY_LiM2O4_ALIGNN_HARD640_m2p18_m2p02_FLAT_20260617/job_038_Ni_fe_-1.176_n4_generated_crystals_cif__gen_0.cif","1253","2026-07-18T18:46:08.0228292Z","4fdf373d6ca669310e912320e5f1470d94bd45ad588715f32d17a295ea1acb27"
"gpu_mn_mg_cgcnn_20260803","experiments/active_learning/EARLY_LiM2O4_ALIGNN_HARD640_m2p18_m2p02_FLAT_20260617/job_038_Ni_fe_-1.176_n4_generated_crystals_cif__gen_1.cif","1248","2026-07-18T18:46:08.0238288Z","27e5679a3d99badd333eaaee4d3524e1e83d2b405927431eddcdaf878e233c5f"
"gpu_mn_mg_cgcnn_20260803","experiments/active_learning/EARLY_LiM2O4_ALIGNN_HARD640_m2p18_m2p02_FLAT_20260617/job_038_Ni_fe_-1.176_n4_generated_crystals_cif__gen_2.cif","1254","2026-07-18T18:46:08.0258308Z","57c473064aef75ab5183d03d497ebbd7d39162134f6332e2514ee4dcbd664eef"
"gpu_mn_mg_cgcnn_20260803","experiments/active_learning/EARLY_LiM2O4_ALIGNN_HARD640_m2p18_m2p02_FLAT_20260617/job_038_Ni_fe_-1.176_n4_generated_crystals_cif__gen_3.cif","1253","2026-07-18T18:46:08.0258308Z","c2a2bb96b252e3a80185ff92f3ffeac20286dde5e27d29427f46d39db1f3c176"
"gpu_mn_mg_cgcnn_20260803","experiments/active_learning/EARLY_LiM2O4_ALIGNN_HARD640_m2p18_m2p02_FLAT_20260617/job_039_Co_fe_-0.807_n4_generated_crystals_cif__gen_0.cif","1255","2026-07-18T18:46:08.0268291Z","4c01116936f55718a425f3c595d54f45e0e8514de3669992270df4a5aec82b16"
"gpu_mn_mg_cgcnn_20260803","experiments/active_learning/EARLY_LiM2O4_ALIGNN_HARD640_m2p18_m2p02_FLAT_20260617/job_039_Co_fe_-0.807_n4_generated_crystals_cif__gen_3.cif","1252","2026-07-18T18:46:08.0278288Z","515d72afcfe922b05ab9c28acc17e35e56ef6856aebb29ff3ecb1b45ce598106"
"gpu_mn_mg_cgcnn_20260803","experiments/active_learning/EARLY_LiM2O4_ALIGNN_HARD640_m2p18_m2p02_FLAT_20260617/job_040_Ti_fe_-1.018_n4_generated_crystals_cif__gen_1.cif","1254","2026-07-18T18:46:08.0288292Z","e4b9a724d7bafb3587bce548ff555727f95a16bd9fa8803a8a707920b2619c8c"
"gpu_mn_mg_cgcnn_20260803","experiments/active_learning/EARLY_LiM2O4_ALIGNN_HARD640_m2p18_m2p02_FLAT_20260617/job_041_Ni_fe_-1.021_n4_generated_crystals_cif__gen_0.cif","1249","2026-07-18T18:46:08.0288292Z","8dfca2b8c346b701a8e34ac72c6827212dd7936567b286d80cd106d415893e3b"
"gpu_mn_mg_cgcnn_20260803","experiments/active_learning/EARLY_LiM2O4_ALIGNN_HARD640_m2p18_m2p02_FLAT_20260617/job_041_Ni_fe_-1.021_n4_generated_crystals_cif__gen_1.cif","1254","2026-07-18T18:46:08.0298250Z","68aa3cf88e86f36925d7b04d15615186fa13d21957abd20fa6226d8af005195b"
"gpu_mn_mg_cgcnn_20260803","experiments/active_learning/EARLY_LiM2O4_ALIGNN_HARD640_m2p18_m2p02_FLAT_20260617/job_041_Ni_fe_-1.021_n4_generated_crystals_cif__gen_3.cif","1252","2026-07-18T18:46:08.0308279Z","f68dacb26af1e7ebe317128519aca1eb857ee1ee246ceb863e417986a0237447"
"gpu_mn_mg_cgcnn_20260803","experiments/active_learning/EARLY_LiM2O4_ALIGNN_HARD640_m2p18_m2p02_FLAT_20260617/job_042_Cr_fe_-0.962_n4_generated_crystals_cif__gen_0.cif","1250","2026-07-18T18:46:08.0318291Z","e4f6e69265ee72a0909a84120471735122b57518a3441a46ba9af675b3630e08"
"gpu_mn_mg_cgcnn_20260803","experiments/active_learning/EARLY_LiM2O4_ALIGNN_HARD640_m2p18_m2p02_FLAT_20260617/job_042_Cr_fe_-0.962_n4_generated_crystals_cif__gen_1.cif","1252","2026-07-18T18:46:08.0318291Z","3a6189a7d7a9ebdbf82efbf148f4150520e98f8667fc7a8674265411627d2349"
"gpu_mn_mg_cgcnn_20260803","experiments/active_learning/EARLY_LiM2O4_ALIGNN_HARD640_m2p18_m2p02_FLAT_20260617/job_042_Cr_fe_-0.962_n4_generated_crystals_cif__gen_2.cif","1253","2026-07-18T18:46:08.0328270Z","6cc9fa38c02cb613974b5af4c2d103bfe7b4a6520c1144b31a16baecd9a84b80"
"gpu_mn_mg_cgcnn_20260803","experiments/active_learning/EARLY_LiM2O4_ALIGNN_HARD640_m2p18_m2p02_FLAT_20260617/job_042_Cr_fe_-0.962_n4_generated_crystals_cif__gen_3.cif","1250","2026-07-18T18:46:08.0338274Z","00c088fbb2cf798fd17b7e206ae3deecbe85575cbc377e70c9acb060e9763ebc"
"gpu_mn_mg_cgcnn_20260803","experiments/active_learning/EARLY_LiM2O4_ALIGNN_HARD640_m2p18_m2p02_FLAT_20260617/job_043_Mn_fe_-1.340_n4_generated_crystals_cif__gen_1.cif","1246","2026-07-18T18:46:08.0348289Z","1c5e42b8167deba2e4340a8118407ff87d329d7c91ef8f472eaea9a79c5907b5"
"gpu_mn_mg_cgcnn_20260803","experiments/active_learning/EARLY_LiM2O4_ALIGNN_HARD640_m2p18_m2p02_FLAT_20260617/job_043_Mn_fe_-1.340_n4_generated_crystals_cif__gen_3.cif","1256","2026-07-18T18:46:08.0348289Z","06dff3f9d070d72d2dce810957c1a4b074ef447478e0a37953608a87a3c91b5b"
"gpu_mn_mg_cgcnn_20260803","experiments/active_learning/EARLY_LiM2O4_ALIGNN_HARD640_m2p18_m2p02_FLAT_20260617/job_044_Mn_fe_-0.936_n4_generated_crystals_cif__gen_0.cif","1253","2026-07-18T18:46:08.0358287Z","353809a23a15c0dabfdee78926939395784abef3a1de378626b4a45ed84a0d6f"
"gpu_mn_mg_cgcnn_20260803","experiments/active_learning/EARLY_LiM2O4_ALIGNN_HARD640_m2p18_m2p02_FLAT_20260617/job_044_Mn_fe_-0.936_n4_generated_crystals_cif__gen_1.cif","1253","2026-07-18T18:46:08.0368283Z","cb2abf4b7074c2d692e82ae87ab9ed61b51546ecf0414aab8f6582199ed2280b"
"gpu_mn_mg_cgcnn_20260803","experiments/active_learning/EARLY_LiM2O4_ALIGNN_HARD640_m2p18_m2p02_FLAT_20260617/job_044_Mn_fe_-0.936_n4_generated_crystals_cif__gen_2.cif","1252","2026-07-18T18:46:08.0378202Z","e1d5895cc2cfe6a2292d9fcf6c5a4049983ce86b1f4c1f4662757ec0cfefe4df"
"gpu_mn_mg_cgcnn_20260803","experiments/active_learning/EARLY_LiM2O4_ALIGNN_HARD640_m2p18_m2p02_FLAT_20260617/job_044_Mn_fe_-0.936_n4_generated_crystals_cif__gen_3.cif","1255","2026-07-18T18:46:08.0388206Z","32a4f2457bb107bb31bdf2e64e3d1f06e59c54b2051238e8fd73518b65320f11"
"gpu_mn_mg_cgcnn_20260803","experiments/active_learning/EARLY_LiM2O4_ALIGNN_HARD640_m2p18_m2p02_FLAT_20260617/job_045_Al_fe_-1.313_n4_generated_crystals_cif__gen_0.cif","1253","2026-07-18T18:46:08.0388206Z","1c4d9382041dae4de15a56eadb3ad18673b1f1a0ff300565c63fc451e79a25db"
"gpu_mn_mg_cgcnn_20260803","experiments/active_learning/EARLY_LiM2O4_ALIGNN_HARD640_m2p18_m2p02_FLAT_20260617/job_045_Al_fe_-1.313_n4_generated_crystals_cif__gen_1.cif","1251","2026-07-18T18:46:08.0398286Z","3d02d582cbe412131eae2971f23521c1eea5aec3dae62ee2557f2e25a88409eb"
"gpu_mn_mg_cgcnn_20260803","experiments/active_learning/EARLY_LiM2O4_ALIGNN_HARD640_m2p18_m2p02_FLAT_20260617/job_045_Al_fe_-1.313_n4_generated_crystals_cif__gen_3.cif","1258","2026-07-18T18:46:08.0408210Z","30265728ea261a4da4c832c63be09d6c6d06ecca49c61f3cb6ffc98d202bb09b"
"gpu_mn_mg_cgcnn_20260803","experiments/active_learning/EARLY_LiM2O4_ALIGNN_HARD640_m2p18_m2p02_FLAT_20260617/job_046_Ni_fe_-0.861_n4_generated_crystals_cif__gen_0.cif","1250","2026-07-18T18:46:08.0418297Z","27630403cda22ecfc5b265f525be6e6f3777e9927a30fc5eb0868ba2ab541791"
"gpu_mn_mg_cgcnn_20260803","experiments/active_learning/EARLY_LiM2O4_ALIGNN_HARD640_m2p18_m2p02_FLAT_20260617/job_046_Ni_fe_-0.861_n4_generated_crystals_cif__gen_1.cif","1252","2026-07-18T18:46:08.0418297Z","61aa96a7b6e13135b49822c2a88b1ae93e08c14faf0a372a27742ae165011f09"
"gpu_mn_mg_cgcnn_20260803","experiments/active_learning/EARLY_LiM2O4_ALIGNN_HARD640_m2p18_m2p02_FLAT_20260617/job_046_Ni_fe_-0.861_n4_generated_crystals_cif__gen_2.cif","1250","2026-07-18T18:46:08.0428293Z","b512fac8811ad3d4c130aec8845c0086f1aeb8d42d00a9ee0b5993198436725a"
"gpu_mn_mg_cgcnn_20260803","experiments/active_learning/EARLY_LiM2O4_ALIGNN_HARD640_m2p18_m2p02_FLAT_20260617/job_046_Ni_fe_-0.861_n4_generated_crystals_cif__gen_3.cif","1252","2026-07-18T18:46:08.0438296Z","148b8c17fd0144628f0ed9efa8e9a77c53162746ecf4e4bf6a579aea90b1c1ca"
"gpu_mn_mg_cgcnn_20260803","experiments/active_learning/EARLY_LiM2O4_ALIGNN_HARD640_m2p18_m2p02_FLAT_20260617/job_047_Mg_fe_-0.887_n4_generated_crystals_cif__gen_3.cif","1259","2026-07-18T18:46:08.0448293Z","005e5dbea05af585725d0da3dae14cd1085d4fd3bc4fb2e3f0e32d3b67b130f1"
"gpu_mn_mg_cgcnn_20260803","experiments/active_learning/EARLY_LiM2O4_ALIGNN_HARD640_m2p18_m2p02_FLAT_20260617/job_048_Co_fe_-1.351_n4_generated_crystals_cif__gen_0.cif","1253","2026-07-18T18:46:08.0458294Z","ea9a7e3d8a893cd87f3396d1da218fb966c30afc00a5fd9ca0a5857abac31bb7"
"gpu_mn_mg_cgcnn_20260803","experiments/active_learning/EARLY_LiM2O4_ALIGNN_HARD640_m2p18_m2p02_FLAT_20260617/job_048_Co_fe_-1.351_n4_generated_crystals_cif__gen_1.cif","1251","2026-07-18T18:46:08.0458294Z","5e54c66bd7517a21394c947ae96cd32cb06f5c9195f70ed223a50d7df1eb4fd2"
"gpu_mn_mg_cgcnn_20260803","experiments/active_learning/EARLY_LiM2O4_ALIGNN_HARD640_m2p18_m2p02_FLAT_20260617/job_048_Co_fe_-1.351_n4_generated_crystals_cif__gen_3.cif","1253","2026-07-18T18:46:08.0468202Z","326e0b1b167459312e7a7b7090ec00f53049610f3f96b0391f04c4f8002094fc"
"gpu_mn_mg_cgcnn_20260803","experiments/active_learning/EARLY_LiM2O4_ALIGNN_HARD640_m2p18_m2p02_FLAT_20260617/job_049_Al_fe_-1.223_n4_generated_crystals_cif__gen_1.cif","1256","2026-07-18T18:46:08.0478207Z","e5c0a3ff70fa8d3d5fcb3fc1c5145aff7be7f314d8f4e5a562bbe8b76b279edd"
"gpu_mn_mg_cgcnn_20260803","experiments/active_learning/EARLY_LiM2O4_ALIGNN_HARD640_m2p18_m2p02_FLAT_20260617/job_049_Al_fe_-1.223_n4_generated_crystals_cif__gen_2.cif","1252","2026-07-18T18:46:08.0478207Z","b1fd0febb46d2e97f2959322a52d025103e9cc65ebda99a7b2be66491ede94dd"
"gpu_mn_mg_cgcnn_20260803","experiments/active_learning/EARLY_LiM2O4_ALIGNN_HARD640_m2p18_m2p02_FLAT_20260617/job_049_Al_fe_-1.223_n4_generated_crystals_cif__gen_3.cif","1253","2026-07-18T18:46:08.0488202Z","2d91d286e37f264e7043a02f4522f6c8cf614d3bf598647b6108bd80f7c663da"
"gpu_mn_mg_cgcnn_20260803","experiments/active_learning/EARLY_LiM2O4_ALIGNN_HARD640_m2p18_m2p02_FLAT_20260617/job_050_Ti_fe_-1.179_n4_generated_crystals_cif__gen_0.cif","1255","2026-07-18T18:46:08.0498203Z","2defca5937bff648a95810e012e328e17e566fdc517faf94542706e452424864"
"gpu_mn_mg_cgcnn_20260803","experiments/active_learning/EARLY_LiM2O4_ALIGNN_HARD640_m2p18_m2p02_FLAT_20260617/job_050_Ti_fe_-1.179_n4_generated_crystals_cif__gen_1.cif","1247","2026-07-18T18:46:08.0508202Z","df1d464ccb49a6016ddc294e4e01f5bc2d6c680aab2040c6c76c5eaee11e7b8f"
"gpu_mn_mg_cgcnn_20260803","experiments/active_learning/EARLY_LiM2O4_ALIGNN_HARD640_m2p18_m2p02_FLAT_20260617/job_050_Ti_fe_-1.179_n4_generated_crystals_cif__gen_2.cif","1256","2026-07-18T18:46:08.0518335Z","7b49580b3c46ed87827f730d18ca7f0b79af3a0a72f62dd01964cc1a9e387f09"
"gpu_mn_mg_cgcnn_20260803","experiments/active_learning/EARLY_LiM2O4_ALIGNN_HARD640_m2p18_m2p02_FLAT_20260617/job_050_Ti_fe_-1.179_n4_generated_crystals_cif__gen_3.cif","1254","2026-07-18T18:46:08.0528212Z","b7ce0538966d5efd3887e3c5d14eb5687c3f1ddf2ad7323181e896d2113733ea"
"gpu_mn_mg_cgcnn_20260803","experiments/active_learning/EARLY_LiM2O4_ALIGNN_HARD640_m2p18_m2p02_FLAT_20260617/job_051_Co_fe_-1.402_n4_generated_crystals_cif__gen_0.cif","1253","2026-07-18T18:46:08.0528212Z","ed1383b08766eb92c79781a916b17b44537e678e3b1ba0a23929b8e58d172bf5"
"gpu_mn_mg_cgcnn_20260803","experiments/active_learning/EARLY_LiM2O4_ALIGNN_HARD640_m2p18_m2p02_FLAT_20260617/job_051_Co_fe_-1.402_n4_generated_crystals_cif__gen_1.cif","1253","2026-07-18T18:46:08.0538202Z","20c841f45d427d4fdf21107a39be9c63de6b239afc5ba36a1e1c42b7e532854e"
"gpu_mn_mg_cgcnn_20260803","experiments/active_learning/EARLY_LiM2O4_ALIGNN_HARD640_m2p18_m2p02_FLAT_20260617/job_051_Co_fe_-1.402_n4_generated_crystals_cif__gen_2.cif","1253","2026-07-18T18:46:08.0548276Z","8946854f06963a0e8279eea9d79f8ca7541c7f4d46c8aa77905c280174bf4eee"
"gpu_mn_mg_cgcnn_20260803","experiments/active_learning/EARLY_LiM2O4_ALIGNN_HARD640_m2p18_m2p02_FLAT_20260617/job_052_Ti_fe_-1.107_n4_generated_crystals_cif__gen_0.cif","1255","2026-07-18T18:46:08.0558215Z","2ad82802f09bbde152a59f405d1fe52d15c1219f3d82b1075807546eb0c67bcf"
"gpu_mn_mg_cgcnn_20260803","experiments/active_learning/EARLY_LiM2O4_ALIGNN_HARD640_m2p18_m2p02_FLAT_20260617/job_052_Ti_fe_-1.107_n4_generated_crystals_cif__gen_2.cif","1253","2026-07-18T18:46:08.0568219Z","9c78d1469feb3aa721d38d9bdd8bec4e4d645b675899db50b9f29c1195b33853"
"gpu_mn_mg_cgcnn_20260803","experiments/active_learning/EARLY_LiM2O4_ALIGNN_HARD640_m2p18_m2p02_FLAT_20260617/job_052_Ti_fe_-1.107_n4_generated_crystals_cif__gen_3.cif","1248","2026-07-18T18:46:08.0578203Z","5ebf08714cf5b50aaa1d4e2bdeea7ce3e3076607b5ceb5443a75608c667c1768"
"gpu_mn_mg_cgcnn_20260803","experiments/active_learning/EARLY_LiM2O4_ALIGNN_HARD640_m2p18_m2p02_FLAT_20260617/job_053_Co_fe_-0.977_n4_generated_crystals_cif__gen_1.cif","1256","2026-07-18T18:46:08.0578203Z","5d232a074b6bd0496eff1c703649ca22a7abca82ec0de6d8e926f315b448a1b3"
"gpu_mn_mg_cgcnn_20260803","experiments/active_learning/EARLY_LiM2O4_ALIGNN_HARD640_m2p18_m2p02_FLAT_20260617/job_053_Co_fe_-0.977_n4_generated_crystals_cif__gen_2.cif","1254","2026-07-18T18:46:08.0588208Z","6b166ab94c3fc75bc3b383e75e772827dc7852487e7bf6fc837bb7a4a1b095fc"
"gpu_mn_mg_cgcnn_20260803","experiments/active_learning/EARLY_LiM2O4_ALIGNN_HARD640_m2p18_m2p02_FLAT_20260617/job_053_Co_fe_-0.977_n4_generated_crystals_cif__gen_3.cif","1247","2026-07-18T18:46:08.0598280Z","6166ec360babaddf3d8b9dac95ee0067a91794ae5b114d0b40fc8364911d9723"
"gpu_mn_mg_cgcnn_20260803","experiments/active_learning/EARLY_LiM2O4_ALIGNN_HARD640_m2p18_m2p02_FLAT_20260617/job_054_Al_fe_-0.872_n4_generated_crystals_cif__gen_2.cif","1250","2026-07-18T18:46:08.0608211Z","c430f01bc4e063a94d0d00755705550916e49696081a0ac9044c19539e8f5ed9"
"gpu_mn_mg_cgcnn_20260803","experiments/active_learning/EARLY_LiM2O4_ALIGNN_HARD640_m2p18_m2p02_FLAT_20260617/job_055_Al_fe_-1.247_n4_generated_crystals_cif__gen_2.cif","1256","2026-07-18T18:46:08.0608211Z","e5f8a7eaaafbb675bc6e0cf368fb305a6b109ae33e46f590b95230bf37c3eb5a"
"gpu_mn_mg_cgcnn_20260803","experiments/active_learning/EARLY_LiM2O4_ALIGNN_HARD640_m2p18_m2p02_FLAT_20260617/job_056_Ni_fe_-1.143_n4_generated_crystals_cif__gen_3.cif","1253","2026-07-18T18:46:08.0618291Z","49bfa9a0573ab814634ba82a8bf9fc397e99f0ff9d748754a98ac4842fcf23a5"
"gpu_mn_mg_cgcnn_20260803","experiments/active_learning/EARLY_LiM2O4_ALIGNN_HARD640_m2p18_m2p02_FLAT_20260617/job_057_Mn_fe_-0.971_n4_generated_crystals_cif__gen_0.cif","1254","2026-07-18T18:46:08.0628410Z","d6b8d41c371ed1415350f51f19ef2560d07c4ad500fd550db81b1a98abaa5ac9"
"gpu_mn_mg_cgcnn_20260803","experiments/active_learning/EARLY_LiM2O4_ALIGNN_HARD640_m2p18_m2p02_FLAT_20260617/job_057_Mn_fe_-0.971_n4_generated_crystals_cif__gen_1.cif","1253","2026-07-18T18:46:08.0638327Z","f2d0b6e1f5685171da281d8252df7440f72fb2b99445f1addd5343c2499ed58c"
"gpu_mn_mg_cgcnn_20260803","experiments/active_learning/EARLY_LiM2O4_ALIGNN_HARD640_m2p18_m2p02_FLAT_20260617/job_058_Cr_fe_-1.423_n4_generated_crystals_cif__gen_0.cif","1255","2026-07-18T18:46:08.0638327Z","4b1529e818c3bc678973bfb28aebeddfe016fd62fa65af04a12f1d325fa30e39"
"gpu_mn_mg_cgcnn_20260803","experiments/active_learning/EARLY_LiM2O4_ALIGNN_HARD640_m2p18_m2p02_FLAT_20260617/job_058_Cr_fe_-1.423_n4_generated_crystals_cif__gen_1.cif","1251","2026-07-18T18:46:08.0648331Z","19c9344b6afcee5847bf01d91159b15f2da1966f779f32cd50f109be62eb6084"
"gpu_mn_mg_cgcnn_20260803","experiments/active_learning/EARLY_LiM2O4_ALIGNN_HARD640_m2p18_m2p02_FLAT_20260617/job_058_Cr_fe_-1.423_n4_generated_crystals_cif__gen_2.cif","1251","2026-07-18T18:46:08.0658329Z","8ee91608336a1ce6fbeab3db7c4a0c92fa97913f0526f163b1cd0ba13d972b7d"
"gpu_mn_mg_cgcnn_20260803","experiments/active_learning/EARLY_LiM2O4_ALIGNN_HARD640_m2p18_m2p02_FLAT_20260617/job_058_Cr_fe_-1.423_n4_generated_crystals_cif__gen_3.cif","1258","2026-07-18T18:46:08.0668403Z","279377e6729bedb91bec3038fb1d29189e4c02f24363c5632a7a5ba76516bbdd"
"gpu_mn_mg_cgcnn_20260803","experiments/active_learning/EARLY_LiM2O4_ALIGNN_HARD640_m2p18_m2p02_FLAT_20260617/job_059_Ti_fe_-1.388_n4_generated_crystals_cif__gen_2.cif","1261","2026-07-18T18:46:08.0668403Z","42120c9f9f38a9b195459fd8b63cf644ea20c2804b60dd6098fc6dd8e686ffd6"
"gpu_mn_mg_cgcnn_20260803","experiments/active_learning/EARLY_LiM2O4_ALIGNN_HARD640_m2p18_m2p02_FLAT_20260617/job_060_Ti_fe_-1.204_n4_generated_crystals_cif__gen_0.cif","1252","2026-07-18T18:46:08.0678329Z","660a7838be177f734c8ffdd2964ea3e961a9c0df6f6119a20eb5193a417ddb31"
"gpu_mn_mg_cgcnn_20260803","experiments/active_learning/EARLY_LiM2O4_ALIGNN_HARD640_m2p18_m2p02_FLAT_20260617/job_060_Ti_fe_-1.204_n4_generated_crystals_cif__gen_1.cif","1250","2026-07-18T18:46:08.0688329Z","053a0128a553191d060de0f57cc8d635acbf7f5e282cf7020613785a5b695948"
"gpu_mn_mg_cgcnn_20260803","experiments/active_learning/EARLY_LiM2O4_ALIGNN_HARD640_m2p18_m2p02_FLAT_20260617/job_060_Ti_fe_-1.204_n4_generated_crystals_cif__gen_3.cif","1252","2026-07-18T18:46:08.0698323Z","18c361466731f8f425b8cfd7c97382078ea009e85d54145bb42ab5011ec30073"
"gpu_mn_mg_cgcnn_20260803","experiments/active_learning/EARLY_LiM2O4_ALIGNN_HARD640_m2p18_m2p02_FLAT_20260617/job_061_Mn_fe_-1.231_n4_generated_crystals_cif__gen_0.cif","1252","2026-07-18T18:46:08.0698323Z","27a7a8b42c5af3a0ecbf854c856364be0abd132cfcb9b9eb83e3f8cc4a9722ff"
"gpu_mn_mg_cgcnn_20260803","experiments/active_learning/EARLY_LiM2O4_ALIGNN_HARD640_m2p18_m2p02_FLAT_20260617/job_061_Mn_fe_-1.231_n4_generated_crystals_cif__gen_2.cif","1255","2026-07-18T18:46:08.0708325Z","133551cf86f909d9f79a73875f5d063b32e8bee8bcd7280be5c1ecde1e500666"
"gpu_mn_mg_cgcnn_20260803","experiments/active_learning/EARLY_LiM2O4_ALIGNN_HARD640_m2p18_m2p02_FLAT_20260617/job_061_Mn_fe_-1.231_n4_generated_crystals_cif__gen_3.cif","1256","2026-07-18T18:46:08.0718326Z","81aa4f7eaba58ce469dfd2b06fbc5e809804ef544a857a092fe93b77f01ad7e1"
"gpu_mn_mg_cgcnn_20260803","experiments/active_learning/EARLY_LiM2O4_ALIGNN_HARD640_m2p18_m2p02_FLAT_20260617/job_062_Mg_fe_-0.803_n4_generated_crystals_cif__gen_0.cif","1252","2026-07-18T18:46:08.0728331Z","483b63278f7c2d922a898693f46fd2b952f3c5571710dffb9b7b57fa86b95569"
"gpu_mn_mg_cgcnn_20260803","experiments/active_learning/EARLY_LiM2O4_ALIGNN_HARD640_m2p18_m2p02_FLAT_20260617/job_062_Mg_fe_-0.803_n4_generated_crystals_cif__gen_1.cif","1254","2026-07-18T18:46:08.0728331Z","15bc8fa686c0a8437ee4f367a413e0f31f2d61bf8f2dabd51ad0f2200b67977f"
"gpu_mn_mg_cgcnn_20260803","experiments/active_learning/EARLY_LiM2O4_ALIGNN_HARD640_m2p18_m2p02_FLAT_20260617/job_065_Mn_fe_-1.024_n4_generated_crystals_cif__gen_0.cif","1248","2026-07-18T18:46:08.0738330Z","9b6c9fdc14fc5657b061d4660dedc3e7bad89dfed06122dd626ac787df176be4"
"gpu_mn_mg_cgcnn_20260803","experiments/active_learning/EARLY_LiM2O4_ALIGNN_HARD640_m2p18_m2p02_FLAT_20260617/job_065_Mn_fe_-1.024_n4_generated_crystals_cif__gen_1.cif","1255","2026-07-18T18:46:08.0748328Z","7b153f005e5f7666b8a2955fe87b1d609b9f33ff8e46819474b934a8ee95aefe"
"gpu_mn_mg_cgcnn_20260803","experiments/active_learning/EARLY_LiM2O4_ALIGNN_HARD640_m2p18_m2p02_FLAT_20260617/job_065_Mn_fe_-1.024_n4_generated_crystals_cif__gen_2.cif","1256","2026-07-18T18:46:08.0758328Z","36c2f46107a76890564aa6cfdde2ab9e20517a1d3a748eecbc32969327fef2e0"
"gpu_mn_mg_cgcnn_20260803","experiments/active_learning/EARLY_LiM2O4_ALIGNN_HARD640_m2p18_m2p02_FLAT_20260617/job_066_Mn_fe_-1.023_n4_generated_crystals_cif__gen_0.cif","1254","2026-07-18T18:46:08.0768328Z","47511780add7c9fd4a542cae808c6c331bf256488e081a10ff054a736317445a"
"gpu_mn_mg_cgcnn_20260803","experiments/active_learning/EARLY_LiM2O4_ALIGNN_HARD640_m2p18_m2p02_FLAT_20260617/job_066_Mn_fe_-1.023_n4_generated_crystals_cif__gen_1.cif","1247","2026-07-18T18:46:08.0768328Z","96ad1471e49273ea7e06cbf64034e50364a1e5a56b2ccc8ec0aedfb0808cf0ce"
"gpu_mn_mg_cgcnn_20260803","experiments/active_learning/EARLY_LiM2O4_ALIGNN_HARD640_m2p18_m2p02_FLAT_20260617/job_066_Mn_fe_-1.023_n4_generated_crystals_cif__gen_2.cif","1250","2026-07-18T18:46:08.0782812Z","3e22470c44281cf1b1f4c414875ff26d328267fc24076aa63008aa21b0898274"
"gpu_mn_mg_cgcnn_20260803","experiments/active_learning/EARLY_LiM2O4_ALIGNN_HARD640_m2p18_m2p02_FLAT_20260617/job_066_Mn_fe_-1.023_n4_generated_crystals_cif__gen_3.cif","1248","2026-07-18T18:46:08.0797854Z","5d1c39ef49450392da5bc08acd96e339921a2fb2f17a5023cd84744081a8e4a8"
"gpu_mn_mg_cgcnn_20260803","experiments/active_learning/EARLY_LiM2O4_ALIGNN_HARD640_m2p18_m2p02_FLAT_20260617/job_067_Mg_fe_-0.974_n4_generated_crystals_cif__gen_1.cif","1254","2026-07-18T18:46:08.0797854Z","a4476adb8ff723ffd77ad906458dbb731bf44b1e23449d157c165aeeec123c9b"
"gpu_mn_mg_cgcnn_20260803","experiments/active_learning/EARLY_LiM2O4_ALIGNN_HARD640_m2p18_m2p02_FLAT_20260617/job_068_Cr_fe_-1.051_n4_generated_crystals_cif__gen_0.cif","1256","2026-07-18T18:46:08.0807966Z","5edb345d9d1c5a43430530e24a44a30c73c1f1597a408a00802952c837cb3339"
"gpu_mn_mg_cgcnn_20260803","experiments/active_learning/EARLY_LiM2O4_ALIGNN_HARD640_m2p18_m2p02_FLAT_20260617/job_068_Cr_fe_-1.051_n4_generated_crystals_cif__gen_1.cif","1259","2026-07-18T18:46:08.0817966Z","5a038822cb57c157b4630fd0345acaeb340e932a741bae8c713790dfaeacb132"
"gpu_mn_mg_cgcnn_20260803","experiments/active_learning/EARLY_LiM2O4_ALIGNN_HARD640_m2p18_m2p02_FLAT_20260617/job_068_Cr_fe_-1.051_n4_generated_crystals_cif__gen_3.cif","1254","2026-07-18T18:46:08.0827887Z","f02499c0e55ad2081fcfdc71215c6bff37176a9f5e6efe33a699bbde26351105"
"gpu_mn_mg_cgcnn_20260803","experiments/active_learning/EARLY_LiM2O4_ALIGNN_HARD640_m2p18_m2p02_FLAT_20260617/job_069_Mn_fe_-1.295_n4_generated_crystals_cif__gen_0.cif","1251","2026-07-18T18:46:08.0827887Z","7ebabd54abce3a5c263d39fbba2e68be93f45c09af0b8764d32869766c40e792"
"gpu_mn_mg_cgcnn_20260803","experiments/active_learning/EARLY_LiM2O4_ALIGNN_HARD640_m2p18_m2p02_FLAT_20260617/job_069_Mn_fe_-1.295_n4_generated_crystals_cif__gen_1.cif","1257","2026-07-18T18:46:08.0837884Z","158dd132d10005972595183478e68ef41a9a68b8eea74c2810906e3622592747"
"gpu_mn_mg_cgcnn_20260803","experiments/active_learning/EARLY_LiM2O4_ALIGNN_HARD640_m2p18_m2p02_FLAT_20260617/job_069_Mn_fe_-1.295_n4_generated_crystals_cif__gen_2.cif","1251","2026-07-18T18:46:08.0847897Z","3968b2f509f497c78206b1324eeebf6567a425d76eb4ebdd36737177304d27cf"
"gpu_mn_mg_cgcnn_20260803","experiments/active_learning/EARLY_LiM2O4_ALIGNN_HARD640_m2p18_m2p02_FLAT_20260617/job_069_Mn_fe_-1.295_n4_generated_crystals_cif__gen_3.cif","1248","2026-07-18T18:46:08.0857900Z","4de52341c4809108d6086bf052dcbabf8b140229e8778a2fc795088100515a95"
"gpu_mn_mg_cgcnn_20260803","experiments/active_learning/EARLY_LiM2O4_ALIGNN_HARD640_m2p18_m2p02_FLAT_20260617/job_070_Ni_fe_-1.182_n4_generated_crystals_cif__gen_1.cif","1251","2026-07-18T18:46:08.0857900Z","702360048aacdcaaf9088114a2fead17be67d7cf262ba13628f8113732cd8c33"
"gpu_mn_mg_cgcnn_20260803","experiments/active_learning/EARLY_LiM2O4_ALIGNN_HARD640_m2p18_m2p02_FLAT_20260617/job_070_Ni_fe_-1.182_n4_generated_crystals_cif__gen_2.cif","1251","2026-07-18T18:46:08.0877965Z","0f33d5484f32ee17eef81006d63436abb18b68cafa40f3630faca0e76e94d781"
"gpu_mn_mg_cgcnn_20260803","experiments/active_learning/EARLY_LiM2O4_ALIGNN_HARD640_m2p18_m2p02_FLAT_20260617/job_070_Ni_fe_-1.182_n4_generated_crystals_cif__gen_3.cif","1253","2026-07-18T18:46:08.0887897Z","bbc18bf0d24c86c3c8aa02c3d9c60a920bffbf3743aa716d0e9a9697b46121a7"
"gpu_mn_mg_cgcnn_20260803","experiments/active_learning/EARLY_LiM2O4_ALIGNN_HARD640_m2p18_m2p02_FLAT_20260617/job_071_Ti_fe_-0.887_n4_generated_crystals_cif__gen_2.cif","1251","2026-07-18T18:46:08.0887897Z","2db6570940d2e2e74edc560ed2b8a547592ac7ee9e59112d4022aedc61805739"
"gpu_mn_mg_cgcnn_20260803","experiments/active_learning/EARLY_LiM2O4_ALIGNN_HARD640_m2p18_m2p02_FLAT_20260617/job_071_Ti_fe_-0.887_n4_generated_crystals_cif__gen_3.cif","1253","2026-07-18T18:46:08.0897889Z","06dc0695ff93af06b93745da8ac5e062299e774bce36da9c9b1824fecd569324"
"gpu_mn_mg_cgcnn_20260803","experiments/active_learning/EARLY_LiM2O4_ALIGNN_HARD640_m2p18_m2p02_FLAT_20260617/job_072_Co_fe_-0.820_n4_generated_crystals_cif__gen_0.cif","1261","2026-07-18T18:46:08.0907896Z","eb4e71b12154407280d04b4162804487a92f9e1f84756af6bcb6ed3a7b8660a5"
"gpu_mn_mg_cgcnn_20260803","experiments/active_learning/EARLY_LiM2O4_ALIGNN_HARD640_m2p18_m2p02_FLAT_20260617/job_072_Co_fe_-0.820_n4_generated_crystals_cif__gen_1.cif","1257","2026-07-18T18:46:08.0917969Z","f95ee38935efd314b998c754959b3d2853b3ed8ac6a124cd8a6733ed3e6c5e1c"
"gpu_mn_mg_cgcnn_20260803","experiments/active_learning/EARLY_LiM2O4_ALIGNN_HARD640_m2p18_m2p02_FLAT_20260617/job_072_Co_fe_-0.820_n4_generated_crystals_cif__gen_2.cif","1260","2026-07-18T18:46:08.0917969Z","e259a078c4f1e16e51e839b2f4e94537ad40f5eb54d2ac6a30629d8871dc6cf1"
"gpu_mn_mg_cgcnn_20260803","experiments/active_learning/EARLY_LiM2O4_ALIGNN_HARD640_m2p18_m2p02_FLAT_20260617/job_072_Co_fe_-0.820_n4_generated_crystals_cif__gen_3.cif","1254","2026-07-18T18:46:08.0927966Z","db328d2204ef1a99b2c5c8ca7457d8d59cf4c287ae4092b69698c910a5d637b4"
"gpu_mn_mg_cgcnn_20260803","experiments/active_learning/EARLY_LiM2O4_ALIGNN_HARD640_m2p18_m2p02_FLAT_20260617/job_073_Cr_fe_-1.375_n4_generated_crystals_cif__gen_0.cif","1260","2026-07-18T18:46:08.0937886Z","ead5ba5e33ba08568b115d6f8bcf95b59646545ceb32f05c0c1291c59053fbd5"
"gpu_mn_mg_cgcnn_20260803","experiments/active_learning/EARLY_LiM2O4_ALIGNN_HARD640_m2p18_m2p02_FLAT_20260617/job_073_Cr_fe_-1.375_n4_generated_crystals_cif__gen_1.cif","1250","2026-07-18T18:46:08.0947899Z","04267f0d6af643582c16fa4f8f902acc52b362446a752b76304eae1c18a60e3e"
"gpu_mn_mg_cgcnn_20260803","experiments/active_learning/EARLY_LiM2O4_ALIGNN_HARD640_m2p18_m2p02_FLAT_20260617/job_073_Cr_fe_-1.375_n4_generated_crystals_cif__gen_2.cif","1248","2026-07-18T18:46:08.0957966Z","688645c4d1e458da0d239c34b60aa2d234417d02481d9154855a2e7525989c11"
"gpu_mn_mg_cgcnn_20260803","experiments/active_learning/EARLY_LiM2O4_ALIGNN_HARD640_m2p18_m2p02_FLAT_20260617/job_073_Cr_fe_-1.375_n4_generated_crystals_cif__gen_3.cif","1257","2026-07-18T18:46:08.0957966Z","04f640fe9be2fcbd5ddc2de82fd4bb47b030167b291afb2f0017a50d152f9469"
"gpu_mn_mg_cgcnn_20260803","experiments/active_learning/EARLY_LiM2O4_ALIGNN_HARD640_m2p18_m2p02_FLAT_20260617/job_074_Mn_fe_-0.891_n4_generated_crystals_cif__gen_1.cif","1256","2026-07-18T18:46:08.0973025Z","9e6a9aa1dc05e219e846d8e815fd11433ca7826164a44eda51056c762ddbe1b1"
"gpu_mn_mg_cgcnn_20260803","experiments/active_learning/EARLY_LiM2O4_ALIGNN_HARD640_m2p18_m2p02_FLAT_20260617/job_074_Mn_fe_-0.891_n4_generated_crystals_cif__gen_2.cif","1253","2026-07-18T18:46:08.0983063Z","b2925af81fe243851d80689c32ba4705e2a6d4ce118c7cb47d47998953ef9f26"
"gpu_mn_mg_cgcnn_20260803","experiments/active_learning/EARLY_LiM2O4_ALIGNN_HARD640_m2p18_m2p02_FLAT_20260617/job_074_Mn_fe_-0.891_n4_generated_crystals_cif__gen_3.cif","1251","2026-07-18T18:46:08.0983063Z","ae3f457ccfe0f8b44f999139c234f9b05d339bad21dc5513a68bc23a74f2cd6c"
"gpu_mn_mg_cgcnn_20260803","experiments/active_learning/EARLY_LiM2O4_ALIGNN_HARD640_m2p18_m2p02_FLAT_20260617/job_075_Co_fe_-0.911_n4_generated_crystals_cif__gen_0.cif","1261","2026-07-18T18:46:08.0993070Z","fe55109f44302ebe81e8931f6bea922d5a95140f2b5f424ec279e367f91e013b"
"gpu_mn_mg_cgcnn_20260803","experiments/active_learning/EARLY_LiM2O4_ALIGNN_HARD640_m2p18_m2p02_FLAT_20260617/job_075_Co_fe_-0.911_n4_generated_crystals_cif__gen_1.cif","1249","2026-07-18T18:46:08.1003145Z","849c3455c1c43f12af811b363ab4f72565e8d70cea6f9d0ea40351030887bd27"
"gpu_mn_mg_cgcnn_20260803","experiments/active_learning/EARLY_LiM2O4_ALIGNN_HARD640_m2p18_m2p02_FLAT_20260617/job_075_Co_fe_-0.911_n4_generated_crystals_cif__gen_2.cif","1254","2026-07-18T18:46:08.1013139Z","6199444980236cd77ef620cbae1a0f52fb8a81a611b9f0c8c848b8fa4958d9c5"
"gpu_mn_mg_cgcnn_20260803","experiments/active_learning/EARLY_LiM2O4_ALIGNN_HARD640_m2p18_m2p02_FLAT_20260617/job_075_Co_fe_-0.911_n4_generated_crystals_cif__gen_3.cif","1253","2026-07-18T18:46:08.1023154Z","0c5c5c63418d4c49f7f0aadff7f022a8f1574e6b591d871a65d0bfa627d9c9ed"
"gpu_mn_mg_cgcnn_20260803","experiments/active_learning/EARLY_LiM2O4_ALIGNN_HARD640_m2p18_m2p02_FLAT_20260617/job_076_Mg_fe_-1.074_n4_generated_crystals_cif__gen_0.cif","1255","2026-07-18T18:46:08.1033087Z","2e519c8bf92dc6d96a7dfc3f930c68a2226936f2c88e9c6aeee7a2d8f5e1275d"
"gpu_mn_mg_cgcnn_20260803","experiments/active_learning/EARLY_LiM2O4_ALIGNN_HARD640_m2p18_m2p02_FLAT_20260617/job_077_Ni_fe_-1.238_n4_generated_crystals_cif__gen_0.cif","1255","2026-07-18T18:46:08.1043074Z","dd0d32616934378acef226006fc07f56acef5654c85a88757156e0bba777aa44"
"gpu_mn_mg_cgcnn_20260803","experiments/active_learning/EARLY_LiM2O4_ALIGNN_HARD640_m2p18_m2p02_FLAT_20260617/job_077_Ni_fe_-1.238_n4_generated_crystals_cif__gen_1.cif","1251","2026-07-18T18:46:08.1053074Z","d2bb4413282b89401f4b91b4779b58fec0d3f6f7a8b627d6c48f8bbd270c7a7a"
"gpu_mn_mg_cgcnn_20260803","experiments/active_learning/EARLY_LiM2O4_ALIGNN_HARD640_m2p18_m2p02_FLAT_20260617/job_077_Ni_fe_-1.238_n4_generated_crystals_cif__gen_3.cif","1254","2026-07-18T18:46:08.1063075Z","af3b3d952581794878b9dadd5434a2cdab530d7c4ed04a0fe15d5ec89159568b"
"gpu_mn_mg_cgcnn_20260803","experiments/active_learning/EARLY_LiM2O4_ALIGNN_HARD640_m2p18_m2p02_FLAT_20260617/job_078_Ni_fe_-1.122_n4_generated_crystals_cif__gen_0.cif","1251","2026-07-18T18:46:08.1073060Z","de7ede144b6964b639aad7c0d8adf66f54be559c7c433c59db19f7801a47882d"
"gpu_mn_mg_cgcnn_20260803","experiments/active_learning/EARLY_LiM2O4_ALIGNN_HARD640_m2p18_m2p02_FLAT_20260617/job_078_Ni_fe_-1.122_n4_generated_crystals_cif__gen_1.cif","1253","2026-07-18T18:46:08.1083071Z","0b6dd4b4a5e29ea74ddc471c9b059abe1e7b304838033d9f89acee70f8b746f2"
"gpu_mn_mg_cgcnn_20260803","experiments/active_learning/EARLY_LiM2O4_ALIGNN_HARD640_m2p18_m2p02_FLAT_20260617/job_078_Ni_fe_-1.122_n4_generated_crystals_cif__gen_2.cif","1255","2026-07-18T18:46:08.1093062Z","58bc42cd23c922a2fb57f31fceff6d4f4ca217fa5a8b0b360af04ca4b68d8294"
"gpu_mn_mg_cgcnn_20260803","experiments/active_learning/EARLY_LiM2O4_ALIGNN_HARD640_m2p18_m2p02_FLAT_20260617/job_078_Ni_fe_-1.122_n4_generated_crystals_cif__gen_3.cif","1254","2026-07-18T18:46:08.1103063Z","6c0481530f12a0e2d56ded8fe2511e6b94e8b3b43da97ba9a2202b1a24fc9bc0"
"gpu_mn_mg_cgcnn_20260803","experiments/active_learning/EARLY_LiM2O4_ALIGNN_HARD640_m2p18_m2p02_FLAT_20260617/job_079_Cr_fe_-0.854_n4_generated_crystals_cif__gen_0.cif","1251","2026-07-18T18:46:08.1113100Z","a847ff31eed7c0b4ac7666c393484e3bfe4f34121f4525ed1b4c421a97fad4e4"
"gpu_mn_mg_cgcnn_20260803","experiments/active_learning/EARLY_LiM2O4_ALIGNN_HARD640_m2p18_m2p02_FLAT_20260617/job_079_Cr_fe_-0.854_n4_generated_crystals_cif__gen_1.cif","1249","2026-07-18T18:46:08.1113100Z","8d19c028019780f5298180cf94f61d447c58dee6fadffbb89b682c786a70931a"
"gpu_mn_mg_cgcnn_20260803","experiments/active_learning/EARLY_LiM2O4_ALIGNN_HARD640_m2p18_m2p02_FLAT_20260617/job_079_Cr_fe_-0.854_n4_generated_crystals_cif__gen_2.cif","1249","2026-07-18T18:46:08.1123103Z","1425e6a09c4b7a7d8cdf4f26bfbcdf7b773378124852a52cada3ef4778ecfb1e"
"gpu_mn_mg_cgcnn_20260803","experiments/active_learning/EARLY_LiM2O4_ALIGNN_HARD640_m2p18_m2p02_FLAT_20260617/job_080_Mn_fe_-1.081_n4_generated_crystals_cif__gen_0.cif","1252","2026-07-18T18:46:08.1133096Z","5ca33b2eaf4fe8a0fc6bbc956f1c212e7c649c3fc3dac5bd25c91793f31524b6"
"gpu_mn_mg_cgcnn_20260803","experiments/active_learning/EARLY_LiM2O4_ALIGNN_HARD640_m2p18_m2p02_FLAT_20260617/job_080_Mn_fe_-1.081_n4_generated_crystals_cif__gen_1.cif","1261","2026-07-18T18:46:08.1143101Z","5640a0d4b906f89afe176aba2aaf0e6e3f43f5d32e36acd358a8c7e2cec4c0c4"
"gpu_mn_mg_cgcnn_20260803","experiments/active_learning/EARLY_LiM2O4_ALIGNN_HARD640_m2p18_m2p02_FLAT_20260617/job_080_Mn_fe_-1.081_n4_generated_crystals_cif__gen_2.cif","1255","2026-07-18T18:46:08.1143101Z","093aabce68aa98edb7ce954f6831b04c189f05c3f4c2730dad1c7cc1f2162f3a"
"gpu_mn_mg_cgcnn_20260803","experiments/active_learning/EARLY_LiM2O4_ALIGNN_HARD640_m2p18_m2p02_FLAT_20260617/job_080_Mn_fe_-1.081_n4_generated_crystals_cif__gen_3.cif","1254","2026-07-18T18:46:08.1153093Z","49fa9ff818857f7c6cd4b8907fa83e775d638e52c20af2d994a3bdee68e3a3bd"
"gpu_mn_mg_cgcnn_20260803","experiments/active_learning/EARLY_LiM2O4_ALIGNN_HARD640_m2p18_m2p02_FLAT_20260617/job_081_Al_fe_-1.486_n4_generated_crystals_cif__gen_3.cif","1251","2026-07-18T18:46:08.1163109Z","fbbc61eff3048cab39ab8d6b2e66db53bea158021cff9e891d1365f2bd368e59"
"gpu_mn_mg_cgcnn_20260803","experiments/active_learning/EARLY_LiM2O4_ALIGNN_HARD640_m2p18_m2p02_FLAT_20260617/job_082_Co_fe_-0.885_n4_generated_crystals_cif__gen_0.cif","1259","2026-07-18T18:46:08.1173098Z","49535d3830f89dcc04f652267ec6ef43e3e451503703178ca6cf94c773a61301"
"gpu_mn_mg_cgcnn_20260803","experiments/active_learning/EARLY_LiM2O4_ALIGNN_HARD640_m2p18_m2p02_FLAT_20260617/job_082_Co_fe_-0.885_n4_generated_crystals_cif__gen_1.cif","1255","2026-07-18T18:46:08.1183102Z","6f7374e62f6ffdfe96e6fbdaeee4112556a8d64197069c1c8388d294887a0ea0"
"gpu_mn_mg_cgcnn_20260803","experiments/active_learning/EARLY_LiM2O4_ALIGNN_HARD640_m2p18_m2p02_FLAT_20260617/job_083_Cr_fe_-0.935_n4_generated_crystals_cif__gen_1.cif","1250","2026-07-18T18:46:08.1183102Z","927a46aabafe07974a0e8ff93e61ebeeff4fb55eb3c402e05e3bbc95d486939d"
"gpu_mn_mg_cgcnn_20260803","experiments/active_learning/EARLY_LiM2O4_ALIGNN_HARD640_m2p18_m2p02_FLAT_20260617/job_083_Cr_fe_-0.935_n4_generated_crystals_cif__gen_2.cif","1253","2026-07-18T18:46:08.1193120Z","6ef13abdd31bac7241092ed23afca24c77acac5eef44f48106201997f8ed6f3f"
"gpu_mn_mg_cgcnn_20260803","experiments/active_learning/EARLY_LiM2O4_ALIGNN_HARD640_m2p18_m2p02_FLAT_20260617/job_084_Ni_fe_-1.459_n4_generated_crystals_cif__gen_0.cif","1249","2026-07-18T18:46:08.1193120Z","a9b55cabe922544ed71713739a6642043d14f5e6d3f937d36010e1b6b0f690a4"
"gpu_mn_mg_cgcnn_20260803","experiments/active_learning/EARLY_LiM2O4_ALIGNN_HARD640_m2p18_m2p02_FLAT_20260617/job_084_Ni_fe_-1.459_n4_generated_crystals_cif__gen_1.cif","1253","2026-07-18T18:46:08.1203104Z","9739d217a36dbcc9aafee63ef89efd79b03d16c8531e3f09561dd2ba6229f25e"
"gpu_mn_mg_cgcnn_20260803","experiments/active_learning/EARLY_LiM2O4_ALIGNN_HARD640_m2p18_m2p02_FLAT_20260617/job_084_Ni_fe_-1.459_n4_generated_crystals_cif__gen_3.cif","1251","2026-07-18T18:46:08.1213106Z","86231323460082d8b036b7bf55fd96967c1c96b648923b0cf23ff68486708bf5"
"gpu_mn_mg_cgcnn_20260803","experiments/active_learning/EARLY_LiM2O4_ALIGNN_HARD640_m2p18_m2p02_FLAT_20260617/job_085_Mg_fe_-0.837_n4_generated_crystals_cif__gen_2.cif","1258","2026-07-18T18:46:08.1223109Z","2fb76f741dadb416d68dd8e77aa92ee2742979763fcccfdf739db0fe8d797dc1"
"gpu_mn_mg_cgcnn_20260803","experiments/active_learning/EARLY_LiM2O4_ALIGNN_HARD640_m2p18_m2p02_FLAT_20260617/job_086_Mn_fe_-0.988_n4_generated_crystals_cif__gen_0.cif","1257","2026-07-18T18:46:08.1233104Z","95ac0be9b7301b973ec21499717c000fd8ef8da903ab70bb72f85c507d00b0a8"
"gpu_mn_mg_cgcnn_20260803","experiments/active_learning/EARLY_LiM2O4_ALIGNN_HARD640_m2p18_m2p02_FLAT_20260617/job_086_Mn_fe_-0.988_n4_generated_crystals_cif__gen_1.cif","1250","2026-07-18T18:46:08.1243175Z","4bc61166f7313b9a77c11a53f5787fb356462249f0fdc64f5efc0a527a6c20cc"
"gpu_mn_mg_cgcnn_20260803","experiments/active_learning/EARLY_LiM2O4_ALIGNN_HARD640_m2p18_m2p02_FLAT_20260617/job_086_Mn_fe_-0.988_n4_generated_crystals_cif__gen_2.cif","1252","2026-07-18T18:46:08.1243175Z","b8cb5f8ce4c313508fb9f23fe0407a4b68806b346906666a0a9b7000cbe4daf9"
"gpu_mn_mg_cgcnn_20260803","experiments/active_learning/EARLY_LiM2O4_ALIGNN_HARD640_m2p18_m2p02_FLAT_20260617/job_086_Mn_fe_-0.988_n4_generated_crystals_cif__gen_3.cif","1251","2026-07-18T18:46:08.1258282Z","f31a857e9db175bad2d2cb76b08566cb63c68bb3ac8ee9a9cf19bb7ba45111dd"
"gpu_mn_mg_cgcnn_20260803","experiments/active_learning/EARLY_LiM2O4_ALIGNN_HARD640_m2p18_m2p02_FLAT_20260617/job_087_Cr_fe_-1.452_n4_generated_crystals_cif__gen_0.cif","1253","2026-07-18T18:46:08.1268321Z","80425455bf99694a88ff175787de90f0128869a01a313f755dc04703112ab02a"
"gpu_mn_mg_cgcnn_20260803","experiments/active_learning/EARLY_LiM2O4_ALIGNN_HARD640_m2p18_m2p02_FLAT_20260617/job_087_Cr_fe_-1.452_n4_generated_crystals_cif__gen_2.cif","1251","2026-07-18T18:46:08.1268321Z","842f5cdcb8cdb9dbcf44af997f06a42b11918f56dc4013678b486424fdb2d05d"
"gpu_mn_mg_cgcnn_20260803","experiments/active_learning/EARLY_LiM2O4_ALIGNN_HARD640_m2p18_m2p02_FLAT_20260617/job_087_Cr_fe_-1.452_n4_generated_crystals_cif__gen_3.cif","1247","2026-07-18T18:46:08.1278321Z","9d446ad9625b9f3ad1197f8ec250ec901ababc1f4af612020a89c8599a0762bc"
"gpu_mn_mg_cgcnn_20260803","experiments/active_learning/EARLY_LiM2O4_ALIGNN_HARD640_m2p18_m2p02_FLAT_20260617/job_088_Cr_fe_-1.127_n4_generated_crystals_cif__gen_0.cif","1260","2026-07-18T18:46:08.1288325Z","0c2022e4146bdc4a8758837145d89d04f78706a013205891f904d22214ddd568"
"gpu_mn_mg_cgcnn_20260803","experiments/active_learning/EARLY_LiM2O4_ALIGNN_HARD640_m2p18_m2p02_FLAT_20260617/job_088_Cr_fe_-1.127_n4_generated_crystals_cif__gen_1.cif","1253","2026-07-18T18:46:08.1298342Z","4a5e6a22f7b06f93f5b15bdaadeaea6437e9b3aaa2f8191f43ba3a7fad4b33a1"
"gpu_mn_mg_cgcnn_20260803","experiments/active_learning/EARLY_LiM2O4_ALIGNN_HARD640_m2p18_m2p02_FLAT_20260617/job_088_Cr_fe_-1.127_n4_generated_crystals_cif__gen_2.cif","1255","2026-07-18T18:46:08.1298342Z","133681b91b2632c4652c8e78c215ae331288ea83058ee557287dc7f296a8395b"
"gpu_mn_mg_cgcnn_20260803","experiments/active_learning/EARLY_LiM2O4_ALIGNN_HARD640_m2p18_m2p02_FLAT_20260617/job_088_Cr_fe_-1.127_n4_generated_crystals_cif__gen_3.cif","1253","2026-07-18T18:46:08.1308341Z","0131af485496d3becdc23a4bb6200cb0ef068715ac53af1d176966f9056c6022"
"gpu_mn_mg_cgcnn_20260803","experiments/active_learning/EARLY_LiM2O4_ALIGNN_HARD640_m2p18_m2p02_FLAT_20260617/job_089_Ni_fe_-1.410_n4_generated_crystals_cif__gen_0.cif","1255","2026-07-18T18:46:08.1318333Z","a07c1fbbe526b0a16f7f9e48fc96a975e2b8e63f1f5254ea29bf5489c5ddb868"
"gpu_mn_mg_cgcnn_20260803","experiments/active_learning/EARLY_LiM2O4_ALIGNN_HARD640_m2p18_m2p02_FLAT_20260617/job_089_Ni_fe_-1.410_n4_generated_crystals_cif__gen_1.cif","1253","2026-07-18T18:46:08.1328333Z","6626e66c3dd685990445189ee0fce9d78f25fd027f737d316c45499fe3f950d0"
"gpu_mn_mg_cgcnn_20260803","experiments/active_learning/EARLY_LiM2O4_ALIGNN_HARD640_m2p18_m2p02_FLAT_20260617/job_089_Ni_fe_-1.410_n4_generated_crystals_cif__gen_2.cif","1252","2026-07-18T18:46:08.1344575Z","6a13bae3e6735a7ca95b88e0d33671bd4a54afa3be898be9160b526566dd92db"
"gpu_mn_mg_cgcnn_20260803","experiments/active_learning/EARLY_LiM2O4_ALIGNN_HARD640_m2p18_m2p02_FLAT_20260617/job_089_Ni_fe_-1.410_n4_generated_crystals_cif__gen_3.cif","1260","2026-07-18T18:46:08.1344575Z","411a26cc3650fa4273e114e4bfcb19cd2657ee278f9b5305c78cf0e5b37854c5"
"gpu_mn_mg_cgcnn_20260803","experiments/active_learning/EARLY_LiM2O4_ALIGNN_HARD640_m2p18_m2p02_FLAT_20260617/job_090_Al_fe_-0.837_n4_generated_crystals_cif__gen_1.cif","1257","2026-07-18T18:46:08.1354616Z","af074d2b328d31e38ec2643969de558b157fb9b2e02b367a42a5cd4da452334e"
"gpu_mn_mg_cgcnn_20260803","experiments/active_learning/EARLY_LiM2O4_ALIGNN_HARD640_m2p18_m2p02_FLAT_20260617/job_090_Al_fe_-0.837_n4_generated_crystals_cif__gen_2.cif","1252","2026-07-18T18:46:08.1364612Z","15205ab9ab8584147ad3d648024afca2251e0be04e755cf8a9de8615635316a0"
"gpu_mn_mg_cgcnn_20260803","experiments/active_learning/EARLY_LiM2O4_ALIGNN_HARD640_m2p18_m2p02_FLAT_20260617/job_090_Al_fe_-0.837_n4_generated_crystals_cif__gen_3.cif","1251","2026-07-18T18:46:08.1374687Z","b26634bcd710bfd97342629bdb546a7e71fd02546d8541715fc15cd0b0fa622c"
"gpu_mn_mg_cgcnn_20260803","experiments/active_learning/EARLY_LiM2O4_ALIGNN_HARD640_m2p18_m2p02_FLAT_20260617/job_091_Ni_fe_-1.314_n4_generated_crystals_cif__gen_0.cif","1253","2026-07-18T18:46:08.1384697Z","5ab8b348f7cc1149ec2cc7065a1407b3837bb3861a9010d645059e8936ebd094"
"gpu_mn_mg_cgcnn_20260803","experiments/active_learning/EARLY_LiM2O4_ALIGNN_HARD640_m2p18_m2p02_FLAT_20260617/job_091_Ni_fe_-1.314_n4_generated_crystals_cif__gen_1.cif","1256","2026-07-18T18:46:08.1384697Z","95f29141c0e60aa86de415215d87f52fa437732e14c3fe05fb47eabcad98d118"
"gpu_mn_mg_cgcnn_20260803","experiments/active_learning/EARLY_LiM2O4_ALIGNN_HARD640_m2p18_m2p02_FLAT_20260617/job_091_Ni_fe_-1.314_n4_generated_crystals_cif__gen_2.cif","1249","2026-07-18T18:46:08.1394701Z","2d7b32b6c12cbf150635a5d20ee7761e670168ac0ef9d65ff437dde2ce8ab797"
"gpu_mn_mg_cgcnn_20260803","experiments/active_learning/EARLY_LiM2O4_ALIGNN_HARD640_m2p18_m2p02_FLAT_20260617/job_091_Ni_fe_-1.314_n4_generated_crystals_cif__gen_3.cif","1250","2026-07-18T18:46:08.1404690Z","fe4d023f4fe0bb8d560e22ba95810464631644cbb881cb1ef9456dbe647aae26"
"gpu_mn_mg_cgcnn_20260803","experiments/active_learning/EARLY_LiM2O4_ALIGNN_HARD640_m2p18_m2p02_FLAT_20260617/job_092_Cr_fe_-1.075_n4_generated_crystals_cif__gen_1.cif","1252","2026-07-18T18:46:08.1404690Z","6b750457d7845efa9bda20fbd1f2ea9566f879195a18aef868323bbc6fd9fe8e"
"gpu_mn_mg_cgcnn_20260803","experiments/active_learning/EARLY_LiM2O4_ALIGNN_HARD640_m2p18_m2p02_FLAT_20260617/job_092_Cr_fe_-1.075_n4_generated_crystals_cif__gen_2.cif","1251","2026-07-18T18:46:08.1414653Z","fe76e62cf2504cfabcb215e14e01e92bcb9ac70802db70f10e3df248f826b8c4"
"gpu_mn_mg_cgcnn_20260803","experiments/active_learning/EARLY_LiM2O4_ALIGNN_HARD640_m2p18_m2p02_FLAT_20260617/job_092_Cr_fe_-1.075_n4_generated_crystals_cif__gen_3.cif","1252","2026-07-18T18:46:08.1424610Z","49e21a0d98aee6ff8d6db6f3f3881cf59dfd7c6ee4441c0356ec913745936730"
"gpu_mn_mg_cgcnn_20260803","experiments/active_learning/EARLY_LiM2O4_ALIGNN_HARD640_m2p18_m2p02_FLAT_20260617/job_093_Ni_fe_-0.850_n4_generated_crystals_cif__gen_1.cif","1250","2026-07-18T18:46:08.1434693Z","bae94632bf2251b37780f99572109ccfec6681036c487279858ff9db376dfe93"
"gpu_mn_mg_cgcnn_20260803","experiments/active_learning/EARLY_LiM2O4_ALIGNN_HARD640_m2p18_m2p02_FLAT_20260617/job_093_Ni_fe_-0.850_n4_generated_crystals_cif__gen_2.cif","1250","2026-07-18T18:46:08.1444613Z","2baa9f8cfb036bbab2ffb6291c8073901f0de4bb3579bf67eab42362f952c4be"
"gpu_mn_mg_cgcnn_20260803","experiments/active_learning/EARLY_LiM2O4_ALIGNN_HARD640_m2p18_m2p02_FLAT_20260617/job_093_Ni_fe_-0.850_n4_generated_crystals_cif__gen_3.cif","1250","2026-07-18T18:46:08.1444613Z","354c1a90d3eb945a0ca27b1e1d15c7aaf3d399915a4aa659289e484ca2d9f335"
"gpu_mn_mg_cgcnn_20260803","experiments/active_learning/EARLY_LiM2O4_ALIGNN_HARD640_m2p18_m2p02_FLAT_20260617/job_094_Cr_fe_-0.989_n4_generated_crystals_cif__gen_0.cif","1248","2026-07-18T18:46:08.1454613Z","98eeacaabc6f82adf641465d6f0313cace2698374a58bf36126a7958c2d9cbda"
"gpu_mn_mg_cgcnn_20260803","experiments/active_learning/EARLY_LiM2O4_ALIGNN_HARD640_m2p18_m2p02_FLAT_20260617/job_094_Cr_fe_-0.989_n4_generated_crystals_cif__gen_1.cif","1259","2026-07-18T18:46:08.1464692Z","ede4015309ad6ecd094f8ed39dd43e0bba4a94764ba11a0d9be2d0edac3c035f"
"gpu_mn_mg_cgcnn_20260803","experiments/active_learning/EARLY_LiM2O4_ALIGNN_HARD640_m2p18_m2p02_FLAT_20260617/job_094_Cr_fe_-0.989_n4_generated_crystals_cif__gen_2.cif","1257","2026-07-18T18:46:08.1474693Z","876c7d9ee28d4696d4d462be9d7456a53329226b0084712ebb94335e4fccd27c"
"gpu_mn_mg_cgcnn_20260803","experiments/active_learning/EARLY_LiM2O4_ALIGNN_HARD640_m2p18_m2p02_FLAT_20260617/job_095_Ni_fe_-1.001_n4_generated_crystals_cif__gen_0.cif","1255","2026-07-18T18:46:08.1474693Z","4ae8f09f9d118392253d5b4ad43e2db9e6f200be510567203f19ddd79e1aee43"
"gpu_mn_mg_cgcnn_20260803","experiments/active_learning/EARLY_LiM2O4_ALIGNN_HARD640_m2p18_m2p02_FLAT_20260617/job_095_Ni_fe_-1.001_n4_generated_crystals_cif__gen_1.cif","1255","2026-07-18T18:46:08.1484689Z","5b5008e07daac3fb3b59bc7fd31efc0ae3151cd903beecd1725a59967f9a06ee"
"gpu_mn_mg_cgcnn_20260803","experiments/active_learning/EARLY_LiM2O4_ALIGNN_HARD640_m2p18_m2p02_FLAT_20260617/job_095_Ni_fe_-1.001_n4_generated_crystals_cif__gen_3.cif","1259","2026-07-18T18:46:08.1494687Z","0f6e68df3a4bfd846244f3481aa5d83c371364111b7bbee86f3216a3cb0a7639"
"gpu_mn_mg_cgcnn_20260803","experiments/active_learning/EARLY_LiM2O4_ALIGNN_HARD640_m2p18_m2p02_FLAT_20260617/job_096_Al_fe_-0.803_n4_generated_crystals_cif__gen_2.cif","1253","2026-07-18T18:46:08.1504614Z","6322705220d9dd0a7ff63e709584adadcdf52280ff72401dc8509c7b2710cece"
"gpu_mn_mg_cgcnn_20260803","experiments/active_learning/EARLY_LiM2O4_ALIGNN_HARD640_m2p18_m2p02_FLAT_20260617/job_096_Al_fe_-0.803_n4_generated_crystals_cif__gen_3.cif","1249","2026-07-18T18:46:08.1504614Z","dd3a4d59609a56fca3a2228548ae1156625ba29ff0db5787d4b3c43a6e742314"
"gpu_mn_mg_cgcnn_20260803","experiments/active_learning/EARLY_LiM2O4_ALIGNN_HARD640_m2p18_m2p02_FLAT_20260617/job_097_Ti_fe_-1.239_n4_generated_crystals_cif__gen_0.cif","1256","2026-07-18T18:46:08.1514615Z","6754844535c2dfdba88d3d138e6f898e2f479607a6ab4f8648d22bd76307cc58"
"gpu_mn_mg_cgcnn_20260803","experiments/active_learning/EARLY_LiM2O4_ALIGNN_HARD640_m2p18_m2p02_FLAT_20260617/job_097_Ti_fe_-1.239_n4_generated_crystals_cif__gen_1.cif","1254","2026-07-18T18:46:08.1524612Z","86a73c5966e9d55c3e30be0da05e65e2728456c0f707054d71fafc9e8fed9754"
"gpu_mn_mg_cgcnn_20260803","experiments/active_learning/EARLY_LiM2O4_ALIGNN_HARD640_m2p18_m2p02_FLAT_20260617/job_097_Ti_fe_-1.239_n4_generated_crystals_cif__gen_2.cif","1254","2026-07-18T18:46:08.1534693Z","4bd4979ed03aa970f304bce73f103fc8e04086e0e45d0e84a4df73bdc9ba3521"
"gpu_mn_mg_cgcnn_20260803","experiments/active_learning/EARLY_LiM2O4_ALIGNN_HARD640_m2p18_m2p02_FLAT_20260617/job_097_Ti_fe_-1.239_n4_generated_crystals_cif__gen_3.cif","1251","2026-07-18T18:46:08.1544692Z","c3662844dff894c6d660f4a824b22bb9e7454b70a160ad7cebfae7de81c05e8b"
"gpu_mn_mg_cgcnn_20260803","experiments/active_learning/EARLY_LiM2O4_ALIGNN_HARD640_m2p18_m2p02_FLAT_20260617/job_098_Mg_fe_-1.184_n4_generated_crystals_cif__gen_1.cif","1253","2026-07-18T18:46:08.1544692Z","f2f1fc8c1e40b6cfe508121983e4c3f0a5a7577762ac98d45ec857b39d5f76c2"
"gpu_mn_mg_cgcnn_20260803","experiments/active_learning/EARLY_LiM2O4_ALIGNN_HARD640_m2p18_m2p02_FLAT_20260617/job_099_Ni_fe_-1.343_n4_generated_crystals_cif__gen_0.cif","1249","2026-07-18T18:46:08.1554682Z","c3ca657709c1fa086a55c680af65f8527e9ac11ca97d1085f4833461e549fa75"
"gpu_mn_mg_cgcnn_20260803","experiments/active_learning/EARLY_LiM2O4_ALIGNN_HARD640_m2p18_m2p02_FLAT_20260617/job_099_Ni_fe_-1.343_n4_generated_crystals_cif__gen_1.cif","1249","2026-07-18T18:46:08.1564614Z","9f65a885d3e2a2875a2bf456c5137cc587a15545e57c6d269008dd519e94d236"
"gpu_mn_mg_cgcnn_20260803","experiments/active_learning/EARLY_LiM2O4_ALIGNN_HARD640_m2p18_m2p02_FLAT_20260617/job_099_Ni_fe_-1.343_n4_generated_crystals_cif__gen_2.cif","1257","2026-07-18T18:46:08.1574613Z","3f5f8d1cefd7094cda79a626c61be059997317a593d196c154a6ef63fcb9b392"
"gpu_mn_mg_cgcnn_20260803","experiments/active_learning/EARLY_LiM2O4_ALIGNN_HARD640_m2p18_m2p02_FLAT_20260617/job_099_Ni_fe_-1.343_n4_generated_crystals_cif__gen_3.cif","1252","2026-07-18T18:46:08.1574613Z","aa0d1e9b0e267643b0cf1b562cdb24c2bd251319bbf2c3f573a08a7bc36b7632"
"gpu_mn_mg_cgcnn_20260803","experiments/active_learning/EARLY_LiM2O4_ALIGNN_HARD640_m2p18_m2p02_FLAT_20260617/job_100_Co_fe_-1.485_n4_generated_crystals_cif__gen_0.cif","1255","2026-07-18T18:46:08.1584688Z","4cad21b9bb28989ff35b92273f77f6fad51d1bd0ae89657176aedb3f7065de8b"
"gpu_mn_mg_cgcnn_20260803","experiments/active_learning/EARLY_LiM2O4_ALIGNN_HARD640_m2p18_m2p02_FLAT_20260617/job_100_Co_fe_-1.485_n4_generated_crystals_cif__gen_1.cif","1254","2026-07-18T18:46:08.1594688Z","d3a8ee025a11d79ba74a81420089c829db04d98c335b0065d664625f8ac1199d"
"gpu_mn_mg_cgcnn_20260803","experiments/active_learning/EARLY_LiM2O4_ALIGNN_HARD640_m2p18_m2p02_FLAT_20260617/job_100_Co_fe_-1.485_n4_generated_crystals_cif__gen_2.cif","1250","2026-07-18T18:46:08.1604615Z","3d6dfb9ed9add3b8b0ca0c04611c9ad0014949ba1757607bc94bb9bb1198dae0"
"gpu_mn_mg_cgcnn_20260803","experiments/active_learning/EARLY_LiM2O4_ALIGNN_HARD640_m2p18_m2p02_FLAT_20260617/job_100_Co_fe_-1.485_n4_generated_crystals_cif__gen_3.cif","1256","2026-07-18T18:46:08.1614618Z","4a27597c6fac0775cf2c7c959bc926f790204bd8e5b6a73b16cdbbe3d0f63fa8"
"gpu_mn_mg_cgcnn_20260803","experiments/active_learning/EARLY_LiM2O4_ALIGNN_HARD640_m2p18_m2p02_FLAT_20260617/job_101_Mg_fe_-1.339_n4_generated_crystals_cif__gen_1.cif","1254","2026-07-18T18:46:08.1614618Z","2488899b4345db5d6cb83a912e513d57e1699a9a1b4ca1b131833fabe65eb5d7"
"gpu_mn_mg_cgcnn_20260803","experiments/active_learning/EARLY_LiM2O4_ALIGNN_HARD640_m2p18_m2p02_FLAT_20260617/job_101_Mg_fe_-1.339_n4_generated_crystals_cif__gen_2.cif","1254","2026-07-18T18:46:08.1624612Z","4658a733b4105cb73b721c63cf2110725e436be0064c618574c5ac5ad668af4f"
"gpu_mn_mg_cgcnn_20260803","experiments/active_learning/EARLY_LiM2O4_ALIGNN_HARD640_m2p18_m2p02_FLAT_20260617/job_102_Ni_fe_-1.495_n4_generated_crystals_cif__gen_0.cif","1254","2026-07-18T18:46:08.1634613Z","d178489e8906299e3b100a905b6e739afc544806e7d232a6f87a3676538e9639"
"gpu_mn_mg_cgcnn_20260803","experiments/active_learning/EARLY_LiM2O4_ALIGNN_HARD640_m2p18_m2p02_FLAT_20260617/job_102_Ni_fe_-1.495_n4_generated_crystals_cif__gen_2.cif","1249","2026-07-18T18:46:08.1644699Z","4137942d749c6274b39cd5b10c3935cfa1d2ea2c3bed9c4ce878af39e2323955"
"gpu_mn_mg_cgcnn_20260803","experiments/active_learning/EARLY_LiM2O4_ALIGNN_HARD640_m2p18_m2p02_FLAT_20260617/job_102_Ni_fe_-1.495_n4_generated_crystals_cif__gen_3.cif","1253","2026-07-18T18:46:08.1650647Z","9bd19e012d6cae02edc81189d8cda3765463bc2e955c0a95bd1d538887f67a40"
"gpu_mn_mg_cgcnn_20260803","experiments/active_learning/EARLY_LiM2O4_ALIGNN_HARD640_m2p18_m2p02_FLAT_20260617/job_103_Ti_fe_-1.058_n4_generated_crystals_cif__gen_0.cif","1254","2026-07-18T18:46:08.1660686Z","75370039705170e018f4f59ccd02baa0efef38e5da9384fb99568753d78af70f"
"gpu_mn_mg_cgcnn_20260803","experiments/active_learning/EARLY_LiM2O4_ALIGNN_HARD640_m2p18_m2p02_FLAT_20260617/job_103_Ti_fe_-1.058_n4_generated_crystals_cif__gen_1.cif","1251","2026-07-18T18:46:08.1660686Z","5fcb9a041f4807bc97ff1d7667181ab12b3c9c5030c64407ecb5bc7d7d3b65b7"
"gpu_mn_mg_cgcnn_20260803","experiments/active_learning/EARLY_LiM2O4_ALIGNN_HARD640_m2p18_m2p02_FLAT_20260617/job_103_Ti_fe_-1.058_n4_generated_crystals_cif__gen_2.cif","1248","2026-07-18T18:46:08.1670689Z","8596667a1287173f1b384495c2d9fa671a558dbeeb76458ebc8cf725f1afa19e"
"gpu_mn_mg_cgcnn_20260803","experiments/active_learning/EARLY_LiM2O4_ALIGNN_HARD640_m2p18_m2p02_FLAT_20260617/job_103_Ti_fe_-1.058_n4_generated_crystals_cif__gen_3.cif","1250","2026-07-18T18:46:08.1680780Z","9b520a8ad659897d151d092ecbd8069897eb2e749cb22d6346be04b55356a2e3"
"gpu_mn_mg_cgcnn_20260803","experiments/active_learning/EARLY_LiM2O4_ALIGNN_HARD640_m2p18_m2p02_FLAT_20260617/job_104_Ni_fe_-1.453_n4_generated_crystals_cif__gen_0.cif","1258","2026-07-18T18:46:08.1690769Z","4628251c9f2f62d53fec7e6697fbb22378b14e8eda4913ea52f7a699844d2996"
"gpu_mn_mg_cgcnn_20260803","experiments/active_learning/EARLY_LiM2O4_ALIGNN_HARD640_m2p18_m2p02_FLAT_20260617/job_104_Ni_fe_-1.453_n4_generated_crystals_cif__gen_2.cif","1250","2026-07-18T18:46:08.1700745Z","d650a1ae2572d097fc63821212896fcf4af60d890bc16feff5a2c544076b36a0"
"gpu_mn_mg_cgcnn_20260803","experiments/active_learning/EARLY_LiM2O4_ALIGNN_HARD640_m2p18_m2p02_FLAT_20260617/job_105_Mn_fe_-0.898_n4_generated_crystals_cif__gen_0.cif","1252","2026-07-18T18:46:08.1700745Z","bd0811b415114b92ba36e669f78bd808bcdc24a5a9e7169b772deb41abb0f8c7"
"gpu_mn_mg_cgcnn_20260803","experiments/active_learning/EARLY_LiM2O4_ALIGNN_HARD640_m2p18_m2p02_FLAT_20260617/job_105_Mn_fe_-0.898_n4_generated_crystals_cif__gen_1.cif","1253","2026-07-18T18:46:08.1710764Z","392c0014697bea0a838f1abea2aa2c85a2085273a4f3734949b4a6feead76c1e"
"gpu_mn_mg_cgcnn_20260803","experiments/active_learning/EARLY_LiM2O4_ALIGNN_HARD640_m2p18_m2p02_FLAT_20260617/job_105_Mn_fe_-0.898_n4_generated_crystals_cif__gen_2.cif","1252","2026-07-18T18:46:08.1720747Z","4a0f5bc664357e89bd0034a7f95c7b0541a1db2efc5183512bc3a98142da9e24"
"gpu_mn_mg_cgcnn_20260803","experiments/active_learning/EARLY_LiM2O4_ALIGNN_HARD640_m2p18_m2p02_FLAT_20260617/job_105_Mn_fe_-0.898_n4_generated_crystals_cif__gen_3.cif","1253","2026-07-18T18:46:08.1730758Z","7a7df65aad55f668fa3c5da529dbf520cd4513cdf50736ea9be430c14b8a90b0"
"gpu_mn_mg_cgcnn_20260803","experiments/active_learning/EARLY_LiM2O4_ALIGNN_HARD640_m2p18_m2p02_FLAT_20260617/job_106_Mn_fe_-1.140_n4_generated_crystals_cif__gen_1.cif","1248","2026-07-18T18:46:08.1730758Z","7b92ff2fbc7784f79ec52ab218f3005478090df26b66401ccc51647fa7fa8d0c"
"gpu_mn_mg_cgcnn_20260803","experiments/active_learning/EARLY_LiM2O4_ALIGNN_HARD640_m2p18_m2p02_FLAT_20260617/job_106_Mn_fe_-1.140_n4_generated_crystals_cif__gen_2.cif","1256","2026-07-18T18:46:08.1740687Z","53999a73a304da206eb1a446bfa46350afe0c42d11476975685aa8f2607415af"
"gpu_mn_mg_cgcnn_20260803","experiments/active_learning/EARLY_LiM2O4_ALIGNN_HARD640_m2p18_m2p02_FLAT_20260617/job_106_Mn_fe_-1.140_n4_generated_crystals_cif__gen_3.cif","1254","2026-07-18T18:46:08.1750684Z","111fe1d31c60a7f1884c078fe7b64220e7a8b3f6ab27c141af85be1eb2ad1049"
"gpu_mn_mg_cgcnn_20260803","experiments/active_learning/EARLY_LiM2O4_ALIGNN_HARD640_m2p18_m2p02_FLAT_20260617/job_107_Co_fe_-1.032_n4_generated_crystals_cif__gen_0.cif","1254","2026-07-18T18:46:08.1760766Z","fa02a2a4096c5bc7612dbd46eaa90ad7368e5c8a82b0427d72daf305e2748c3f"
"gpu_mn_mg_cgcnn_20260803","experiments/active_learning/EARLY_LiM2O4_ALIGNN_HARD640_m2p18_m2p02_FLAT_20260617/job_107_Co_fe_-1.032_n4_generated_crystals_cif__gen_1.cif","1257","2026-07-18T18:46:08.1760766Z","df2490042afcba5e3afe40c301a443bcaeb2f0a746cbfc2d47678f205af27241"
"gpu_mn_mg_cgcnn_20260803","experiments/active_learning/EARLY_LiM2O4_ALIGNN_HARD640_m2p18_m2p02_FLAT_20260617/job_107_Co_fe_-1.032_n4_generated_crystals_cif__gen_2.cif","1248","2026-07-18T18:46:08.1770761Z","29549bac3789414296186df55df6242f28d8b1ae5e22d6dcc83bd0c61bddbdd6"
"gpu_mn_mg_cgcnn_20260803","experiments/active_learning/EARLY_LiM2O4_ALIGNN_HARD640_m2p18_m2p02_FLAT_20260617/job_108_Ni_fe_-1.123_n4_generated_crystals_cif__gen_0.cif","1256","2026-07-18T18:46:08.1780754Z","24f852d53303a016b3e4ae12ba817a7f45d810ec600ada66aca8a72dff4446e4"
"gpu_mn_mg_cgcnn_20260803","experiments/active_learning/EARLY_LiM2O4_ALIGNN_HARD640_m2p18_m2p02_FLAT_20260617/job_108_Ni_fe_-1.123_n4_generated_crystals_cif__gen_1.cif","1251","2026-07-18T18:46:08.1790754Z","0969f8d8c04673f8e5798c6c1d0d6d40b61beeecde5ec152ef3d19bedabe38f6"
"gpu_mn_mg_cgcnn_20260803","experiments/active_learning/EARLY_LiM2O4_ALIGNN_HARD640_m2p18_m2p02_FLAT_20260617/job_108_Ni_fe_-1.123_n4_generated_crystals_cif__gen_2.cif","1252","2026-07-18T18:46:08.1790754Z","70b239e762372ba66fd29f8225d0e53d56fd48c6a70987d253a90a8b192659b4"
"gpu_mn_mg_cgcnn_20260803","experiments/active_learning/EARLY_LiM2O4_ALIGNN_HARD640_m2p18_m2p02_FLAT_20260617/job_108_Ni_fe_-1.123_n4_generated_crystals_cif__gen_3.cif","1258","2026-07-18T18:46:08.1800756Z","0008fbeed374abf57096b825512136700e7d61c0ca04661a52191c09662bd24d"
"gpu_mn_mg_cgcnn_20260803","experiments/active_learning/EARLY_LiM2O4_ALIGNN_HARD640_m2p18_m2p02_FLAT_20260617/job_109_Ti_fe_-0.845_n4_generated_crystals_cif__gen_0.cif","1251","2026-07-18T18:46:08.1813481Z","5b11315be41294bc5f30474fce1c646fd1cd6fde1e5474be6423d2527f3e159d"
"gpu_mn_mg_cgcnn_20260803","experiments/active_learning/EARLY_LiM2O4_ALIGNN_HARD640_m2p18_m2p02_FLAT_20260617/job_109_Ti_fe_-0.845_n4_generated_crystals_cif__gen_1.cif","1254","2026-07-18T18:46:08.1823472Z","6f5078a3526d4ff5d4e7af5af70644711ebf5aad475747819f34439e6a4cfda6"
"gpu_mn_mg_cgcnn_20260803","experiments/active_learning/EARLY_LiM2O4_ALIGNN_HARD640_m2p18_m2p02_FLAT_20260617/job_109_Ti_fe_-0.845_n4_generated_crystals_cif__gen_2.cif","1250","2026-07-18T18:46:08.1823472Z","3be8a5feb69bc184e15016351f4c1085fdb9734740e67dc72745972374c1ecf2"
"gpu_mn_mg_cgcnn_20260803","experiments/active_learning/EARLY_LiM2O4_ALIGNN_HARD640_m2p18_m2p02_FLAT_20260617/job_109_Ti_fe_-0.845_n4_generated_crystals_cif__gen_3.cif","1254","2026-07-18T18:46:08.1833538Z","df60165f742f27d46ef23f9ce7c24dea77b5feb49350d537a2fd8fe3009acedf"
"gpu_mn_mg_cgcnn_20260803","experiments/active_learning/EARLY_LiM2O4_ALIGNN_HARD640_m2p18_m2p02_FLAT_20260617/job_111_Ni_fe_-0.951_n4_generated_crystals_cif__gen_0.cif","1255","2026-07-18T18:46:08.1843543Z","f8a6e508b5da02304b4d9c94b204316c37b2f0b8b417390ea033cdfe26527a11"
"gpu_mn_mg_cgcnn_20260803","experiments/active_learning/EARLY_LiM2O4_ALIGNN_HARD640_m2p18_m2p02_FLAT_20260617/job_111_Ni_fe_-0.951_n4_generated_crystals_cif__gen_1.cif","1251","2026-07-18T18:46:08.1853549Z","126b2f60e91fb3d3ed629861497c9f34b413c1ebadd566c29519ce1b7b405fed"
"gpu_mn_mg_cgcnn_20260803","experiments/active_learning/EARLY_LiM2O4_ALIGNN_HARD640_m2p18_m2p02_FLAT_20260617/job_111_Ni_fe_-0.951_n4_generated_crystals_cif__gen_3.cif","1255","2026-07-18T18:46:08.1853549Z","eb557b2cc22cb1ab99ad01b2610b13624cfdb609759050740d7bc00c86fdb043"
"gpu_mn_mg_cgcnn_20260803","experiments/active_learning/EARLY_LiM2O4_ALIGNN_HARD640_m2p18_m2p02_FLAT_20260617/job_112_Cr_fe_-1.215_n4_generated_crystals_cif__gen_0.cif","1249","2026-07-18T18:46:08.1863544Z","a0dbe6d2aebe8109f183430e0864a994588954d2d91b2f24ac4335503b71bc5e"
"gpu_mn_mg_cgcnn_20260803","experiments/active_learning/EARLY_LiM2O4_ALIGNN_HARD640_m2p18_m2p02_FLAT_20260617/job_112_Cr_fe_-1.215_n4_generated_crystals_cif__gen_1.cif","1254","2026-07-18T18:46:08.1873541Z","855c83f7e02dff95d1b737cdaa27dfcc8181c36e6fb6a0ebc07cc6ca1d37c656"
"gpu_mn_mg_cgcnn_20260803","experiments/active_learning/EARLY_LiM2O4_ALIGNN_HARD640_m2p18_m2p02_FLAT_20260617/job_112_Cr_fe_-1.215_n4_generated_crystals_cif__gen_2.cif","1254","2026-07-18T18:46:08.1873541Z","b34553f194991a5efa608728ce22e51fd70115a18c3280959198cc96d95b5d86"
"gpu_mn_mg_cgcnn_20260803","experiments/active_learning/EARLY_LiM2O4_ALIGNN_HARD640_m2p18_m2p02_FLAT_20260617/job_112_Cr_fe_-1.215_n4_generated_crystals_cif__gen_3.cif","1248","2026-07-18T18:46:08.1883463Z","969c5b98bf7263afb9e946c941877e385e9b46b0b92a1e00260ad5b90a9ca4f3"
"gpu_mn_mg_cgcnn_20260803","experiments/active_learning/EARLY_LiM2O4_ALIGNN_HARD640_m2p18_m2p02_FLAT_20260617/job_113_Mn_fe_-1.432_n4_generated_crystals_cif__gen_0.cif","1257","2026-07-18T18:46:08.1893540Z","ea30bb912485a27764a31395006cebcc50db0179cdcf6aaeefc55d2755966f6f"
"gpu_mn_mg_cgcnn_20260803","experiments/active_learning/EARLY_LiM2O4_ALIGNN_HARD640_m2p18_m2p02_FLAT_20260617/job_113_Mn_fe_-1.432_n4_generated_crystals_cif__gen_1.cif","1256","2026-07-18T18:46:08.1903538Z","e99ee167cc42a6cf12cfcded340e4a2d82e46283ea10f472fe8c433c8ea06a5d"
"gpu_mn_mg_cgcnn_20260803","experiments/active_learning/EARLY_LiM2O4_ALIGNN_HARD640_m2p18_m2p02_FLAT_20260617/job_113_Mn_fe_-1.432_n4_generated_crystals_cif__gen_2.cif","1255","2026-07-18T18:46:08.1903538Z","750c3afc6f05a98fbf7e33cd88215af45e5cebc92fbd3e3fc0513c25e87274b4"
"gpu_mn_mg_cgcnn_20260803","experiments/active_learning/EARLY_LiM2O4_ALIGNN_HARD640_m2p18_m2p02_FLAT_20260617/job_114_Al_fe_-1.252_n4_generated_crystals_cif__gen_0.cif","1246","2026-07-18T18:46:08.1913540Z","ab8400bf07a69fa73e528721ad5e47a7867054206353a252ba6caebcd899d9f2"
"gpu_mn_mg_cgcnn_20260803","experiments/active_learning/EARLY_LiM2O4_ALIGNN_HARD640_m2p18_m2p02_FLAT_20260617/job_114_Al_fe_-1.252_n4_generated_crystals_cif__gen_1.cif","1254","2026-07-18T18:46:08.1923464Z","9690bc0eaff67aaba8907d835e63ef1bbbfcdb1c9db03b541a7ff7d76b3b95e0"
"gpu_mn_mg_cgcnn_20260803","experiments/active_learning/EARLY_LiM2O4_ALIGNN_HARD640_m2p18_m2p02_FLAT_20260617/job_114_Al_fe_-1.252_n4_generated_crystals_cif__gen_2.cif","1255","2026-07-18T18:46:08.1923464Z","21fdb7369af2417680670bb744e38ff6b7c6e684652b43beee977111be61cfd4"
"gpu_mn_mg_cgcnn_20260803","experiments/active_learning/EARLY_LiM2O4_ALIGNN_HARD640_m2p18_m2p02_FLAT_20260617/job_115_Al_fe_-1.173_n4_generated_crystals_cif__gen_0.cif","1251","2026-07-18T18:46:08.1933461Z","fcdd63102b7716f0e30e6362213086863c56ed812b1ddf3f9c8973001150540c"
"gpu_mn_mg_cgcnn_20260803","experiments/active_learning/EARLY_LiM2O4_ALIGNN_HARD640_m2p18_m2p02_FLAT_20260617/job_115_Al_fe_-1.173_n4_generated_crystals_cif__gen_1.cif","1249","2026-07-18T18:46:08.1943466Z","9542e28738c1e43d7a707e3b0624bc8476e32246de8ef1230b10950872b6ef56"
"gpu_mn_mg_cgcnn_20260803","experiments/active_learning/EARLY_LiM2O4_ALIGNN_HARD640_m2p18_m2p02_FLAT_20260617/job_116_Ti_fe_-1.462_n4_generated_crystals_cif__gen_1.cif","1256","2026-07-18T18:46:08.1953540Z","0280669bdf4c99c7140ca4fec910293e05a41e851e8860b43ff41906aa738862"
"gpu_mn_mg_cgcnn_20260803","experiments/active_learning/EARLY_LiM2O4_ALIGNN_HARD640_m2p18_m2p02_FLAT_20260617/job_116_Ti_fe_-1.462_n4_generated_crystals_cif__gen_2.cif","1254","2026-07-18T18:46:08.1963555Z","028bf61f47fcbea5589d608c8339674b5d504d2f57516031c7f08d3adb20f2fc"
"gpu_mn_mg_cgcnn_20260803","experiments/active_learning/EARLY_LiM2O4_ALIGNN_HARD640_m2p18_m2p02_FLAT_20260617/job_116_Ti_fe_-1.462_n4_generated_crystals_cif__gen_3.cif","1254","2026-07-18T18:46:08.1963555Z","7a3f3182be80b9e1c7e86ce8e4a6e3a5c03f4b27e579e4ff0f1e3dfff0bcd0d8"
"gpu_mn_mg_cgcnn_20260803","experiments/active_learning/EARLY_LiM2O4_ALIGNN_HARD640_m2p18_m2p02_FLAT_20260617/job_117_Ti_fe_-0.811_n4_generated_crystals_cif__gen_0.cif","1256","2026-07-18T18:46:08.1973467Z","e7947f0994f69cf557ce11cb83c09fa656285d14e4c913a6f06a370093fe5836"
"gpu_mn_mg_cgcnn_20260803","experiments/active_learning/EARLY_LiM2O4_ALIGNN_HARD640_m2p18_m2p02_FLAT_20260617/job_117_Ti_fe_-0.811_n4_generated_crystals_cif__gen_1.cif","1253","2026-07-18T18:46:08.1983547Z","21ba38bb0ae546447e5d9a5ab25b98fee89ea6e4411ddd4f40bc5d81ffd7842a"
"gpu_mn_mg_cgcnn_20260803","experiments/active_learning/EARLY_LiM2O4_ALIGNN_HARD640_m2p18_m2p02_FLAT_20260617/job_117_Ti_fe_-0.811_n4_generated_crystals_cif__gen_2.cif","1255","2026-07-18T18:46:08.1993543Z","a54259f2f28dbb7b79824a98f911e1fd36f944c74c51c9cf0122760f2f46ca81"
"gpu_mn_mg_cgcnn_20260803","experiments/active_learning/EARLY_LiM2O4_ALIGNN_HARD640_m2p18_m2p02_FLAT_20260617/job_118_Mn_fe_-1.458_n4_generated_crystals_cif__gen_0.cif","1251","2026-07-18T18:46:08.1993543Z","88678a399e63387a24c48e490f712b81b0e0ce084661066dc15ad9ab278daeb4"
"gpu_mn_mg_cgcnn_20260803","experiments/active_learning/EARLY_LiM2O4_ALIGNN_HARD640_m2p18_m2p02_FLAT_20260617/job_118_Mn_fe_-1.458_n4_generated_crystals_cif__gen_1.cif","1252","2026-07-18T18:46:08.2003596Z","f7b913dbeab4912e39d09203a7e7de6222799823fb80c38a74bf816323312ffb"
"gpu_mn_mg_cgcnn_20260803","experiments/active_learning/EARLY_LiM2O4_ALIGNN_HARD640_m2p18_m2p02_FLAT_20260617/job_118_Mn_fe_-1.458_n4_generated_crystals_cif__gen_2.cif","1257","2026-07-18T18:46:08.2013540Z","e63070b52f592d8ba5abcc2c19ab3683f21bb3e13a489e44d98e6dcdc11e0f77"
"gpu_mn_mg_cgcnn_20260803","experiments/active_learning/EARLY_LiM2O4_ALIGNN_HARD640_m2p18_m2p02_FLAT_20260617/job_118_Mn_fe_-1.458_n4_generated_crystals_cif__gen_3.cif","1256","2026-07-18T18:46:08.2023540Z","753f18074d67d2446ef26b3118d40ad538f396852b7c6f024d72d52aba59183e"
"gpu_mn_mg_cgcnn_20260803","experiments/active_learning/EARLY_LiM2O4_ALIGNN_HARD640_m2p18_m2p02_FLAT_20260617/job_119_Ti_fe_-1.262_n4_generated_crystals_cif__gen_0.cif","1257","2026-07-18T18:46:08.2023540Z","93a40994e1a4830b0ad1248176672a466b5528bc06aae363254469e9e4d6cf01"
"gpu_mn_mg_cgcnn_20260803","experiments/active_learning/EARLY_LiM2O4_ALIGNN_HARD640_m2p18_m2p02_FLAT_20260617/job_119_Ti_fe_-1.262_n4_generated_crystals_cif__gen_1.cif","1255","2026-07-18T18:46:08.2033460Z","d5d20c169e8228e59853c0da478d4ea2b5f5e6ae149441a1a3457e14d537bca4"
"gpu_mn_mg_cgcnn_20260803","experiments/active_learning/EARLY_LiM2O4_ALIGNN_HARD640_m2p18_m2p02_FLAT_20260617/job_119_Ti_fe_-1.262_n4_generated_crystals_cif__gen_3.cif","1262","2026-07-18T18:46:08.2043540Z","7f9ba8fcb83f33dd1ee35379b89f0a92b601b180eadb6eb1915e035a259f1ca2"
"gpu_mn_mg_cgcnn_20260803","experiments/active_learning/EARLY_LiM2O4_ALIGNN_HARD640_m2p18_m2p02_FLAT_20260617/job_120_Cr_fe_-1.424_n4_generated_crystals_cif__gen_1.cif","1258","2026-07-18T18:46:08.2053544Z","97a8d77dadf88a81b090ce0ebc95a4115e5a1dbcdf867c452739f491975491c3"
"gpu_mn_mg_cgcnn_20260803","experiments/active_learning/EARLY_LiM2O4_ALIGNN_HARD640_m2p18_m2p02_FLAT_20260617/job_120_Cr_fe_-1.424_n4_generated_crystals_cif__gen_2.cif","1254","2026-07-18T18:46:08.2053544Z","8d031e8d55c42135d4c40d804d01a3228402fdd7a229be511392614bd3af1b5b"
"gpu_mn_mg_cgcnn_20260803","experiments/active_learning/EARLY_LiM2O4_ALIGNN_HARD640_m2p18_m2p02_FLAT_20260617/job_120_Cr_fe_-1.424_n4_generated_crystals_cif__gen_3.cif","1252","2026-07-18T18:46:08.2063540Z","ff8aa225590de5f7e3fad1257347509ff4a705228ae08686a15d7f24a9921325"
"gpu_mn_mg_cgcnn_20260803","experiments/active_learning/EARLY_LiM2O4_ALIGNN_HARD640_m2p18_m2p02_FLAT_20260617/job_121_Ni_fe_-1.367_n4_generated_crystals_cif__gen_0.cif","1255","2026-07-18T18:46:08.2073541Z","ab2109937cb2569f71ce6921237e379a8264d4dd01e45b6c51676eb89a30ea96"
"gpu_mn_mg_cgcnn_20260803","experiments/active_learning/EARLY_LiM2O4_ALIGNN_HARD640_m2p18_m2p02_FLAT_20260617/job_121_Ni_fe_-1.367_n4_generated_crystals_cif__gen_3.cif","1255","2026-07-18T18:46:08.2073541Z","4e2f64b1d02d432beae21026f1b0057628b36edd89dcc2e5a0ee3d3bb64943c4"
"gpu_mn_mg_cgcnn_20260803","experiments/active_learning/EARLY_LiM2O4_ALIGNN_HARD640_m2p18_m2p02_FLAT_20260617/job_122_Al_fe_-1.402_n4_generated_crystals_cif__gen_1.cif","1255","2026-07-18T18:46:08.2083539Z","20f6fcce303dd04a0480dbb787bd55d293ee9c8fb5cec6e8d050cd8ac18f8455"
"gpu_mn_mg_cgcnn_20260803","experiments/active_learning/EARLY_LiM2O4_ALIGNN_HARD640_m2p18_m2p02_FLAT_20260617/job_123_Ni_fe_-1.305_n4_generated_crystals_cif__gen_0.cif","1249","2026-07-18T18:46:08.2093544Z","0cbb9508c02115ac4ef1a7570e6c2346cd75560f65f32c4066c11ef781def396"
"gpu_mn_mg_cgcnn_20260803","experiments/active_learning/EARLY_LiM2O4_ALIGNN_HARD640_m2p18_m2p02_FLAT_20260617/job_123_Ni_fe_-1.305_n4_generated_crystals_cif__gen_1.cif","1253","2026-07-18T18:46:08.2093544Z","a81fa21e86273d3976dd96e7c2649afe35ea4a1fa263c57cc6b494b12bb56dac"
"gpu_mn_mg_cgcnn_20260803","experiments/active_learning/EARLY_LiM2O4_ALIGNN_HARD640_m2p18_m2p02_FLAT_20260617/job_123_Ni_fe_-1.305_n4_generated_crystals_cif__gen_2.cif","1254","2026-07-18T18:46:08.2103542Z","0ba2da980948022778e08e0b676fbaaae148d1889d5a3004151b48e4807b1bdb"
"gpu_mn_mg_cgcnn_20260803","experiments/active_learning/EARLY_LiM2O4_ALIGNN_HARD640_m2p18_m2p02_FLAT_20260617/job_123_Ni_fe_-1.305_n4_generated_crystals_cif__gen_3.cif","1261","2026-07-18T18:46:08.2113540Z","171e5437d3520f9ad9aaee3b85186c2421ebfdce07df890f82e91b0053b2c0d7"
"gpu_mn_mg_cgcnn_20260803","experiments/active_learning/EARLY_LiM2O4_ALIGNN_HARD640_m2p18_m2p02_FLAT_20260617/job_124_Ni_fe_-0.888_n4_generated_crystals_cif__gen_0.cif","1257","2026-07-18T18:46:08.2123473Z","21ddcea46bcff32a991a63faf155a6f4d11a8e2046e7c7d79554bca28d81f411"
"gpu_mn_mg_cgcnn_20260803","experiments/active_learning/EARLY_LiM2O4_ALIGNN_HARD640_m2p18_m2p02_FLAT_20260617/job_124_Ni_fe_-0.888_n4_generated_crystals_cif__gen_1.cif","1251","2026-07-18T18:46:08.2123473Z","f5b5a192e6718e6a01bbcd73378257728c0fb2482d7c73e0d3acc95ee5b27859"
"gpu_mn_mg_cgcnn_20260803","experiments/active_learning/EARLY_LiM2O4_ALIGNN_HARD640_m2p18_m2p02_FLAT_20260617/job_124_Ni_fe_-0.888_n4_generated_crystals_cif__gen_3.cif","1257","2026-07-18T18:46:08.2133463Z","8bc2c5896615c4316521a60a51f1fb703c98d7627785da38260f084a388848fa"
"gpu_mn_mg_cgcnn_20260803","experiments/active_learning/EARLY_LiM2O4_ALIGNN_HARD640_m2p18_m2p02_FLAT_20260617/job_125_Mn_fe_-1.190_n4_generated_crystals_cif__gen_1.cif","1251","2026-07-18T18:46:08.2143541Z","4a400bd732e5c44a598a110c4e9e8b3986f85c0910986a70e74d56dc264a213d"
"gpu_mn_mg_cgcnn_20260803","experiments/active_learning/EARLY_LiM2O4_ALIGNN_HARD640_m2p18_m2p02_FLAT_20260617/job_125_Mn_fe_-1.190_n4_generated_crystals_cif__gen_2.cif","1258","2026-07-18T18:46:08.2143541Z","1d7a4bb976d2ccb3aeb728b002eaf41ee25b696bcc72144724bbc2ac20c07e56"
"gpu_mn_mg_cgcnn_20260803","experiments/active_learning/EARLY_LiM2O4_ALIGNN_HARD640_m2p18_m2p02_FLAT_20260617/job_125_Mn_fe_-1.190_n4_generated_crystals_cif__gen_3.cif","1250","2026-07-18T18:46:08.2153466Z","f22fd45752cb67e2d1f5a44d0fdfeba4e1272302945053df4012ad86e3dd3137"
"gpu_mn_mg_cgcnn_20260803","experiments/active_learning/EARLY_LiM2O4_ALIGNN_HARD640_m2p18_m2p02_FLAT_20260617/job_126_Cr_fe_-0.901_n4_generated_crystals_cif__gen_0.cif","1261","2026-07-18T18:46:08.2163465Z","6cd767d5118edb9cc80b5183cc6bc7c90348563fbaf2b6459f576554fe6abee4"
"gpu_mn_mg_cgcnn_20260803","experiments/active_learning/EARLY_LiM2O4_ALIGNN_HARD640_m2p18_m2p02_FLAT_20260617/job_126_Cr_fe_-0.901_n4_generated_crystals_cif__gen_2.cif","1252","2026-07-18T18:46:08.2163465Z","6f378027132fdd59004ede8a3cd6979cc25513fbff280d224754423b9d66a904"
"gpu_mn_mg_cgcnn_20260803","experiments/active_learning/EARLY_LiM2O4_ALIGNN_HARD640_m2p18_m2p02_FLAT_20260617/job_126_Cr_fe_-0.901_n4_generated_crystals_cif__gen_3.cif","1253","2026-07-18T18:46:08.2173460Z","db6c06f0db4f24b0b42c4ae46e3935dcbbd30b081dbe5f4667aa555d17f9cd66"
"gpu_mn_mg_cgcnn_20260803","experiments/active_learning/EARLY_LiM2O4_ALIGNN_HARD640_m2p18_m2p02_FLAT_20260617/job_127_Mn_fe_-1.465_n4_generated_crystals_cif__gen_0.cif","1247","2026-07-18T18:46:08.2183541Z","4c925a90f3a65bc9fcb16b857d0a9ac355edf52b119673bb0c05612fe8de5bf4"
"gpu_mn_mg_cgcnn_20260803","experiments/active_learning/EARLY_LiM2O4_ALIGNN_HARD640_m2p18_m2p02_FLAT_20260617/job_127_Mn_fe_-1.465_n4_generated_crystals_cif__gen_1.cif","1250","2026-07-18T18:46:08.2193541Z","4fa25e54485fcce56ac0b8d897142853f2cbbf350d84510ab795587727518826"
"gpu_mn_mg_cgcnn_20260803","experiments/active_learning/EARLY_LiM2O4_ALIGNN_HARD640_m2p18_m2p02_FLAT_20260617/job_127_Mn_fe_-1.465_n4_generated_crystals_cif__gen_2.cif","1247","2026-07-18T18:46:08.2193541Z","b6daf99e0c2fd7f106aba0a5d13f6712792ad1967f734de89f744677f7915f19"
"gpu_mn_mg_cgcnn_20260803","experiments/active_learning/EARLY_LiM2O4_ALIGNN_HARD640_m2p18_m2p02_FLAT_20260617/job_127_Mn_fe_-1.465_n4_generated_crystals_cif__gen_3.cif","1254","2026-07-18T18:46:08.2203523Z","529a0700b55c56862238e1d47a3f333d9183735967c768fe808f6ce08d13abd7"
"gpu_mn_mg_cgcnn_20260803","experiments/active_learning/EARLY_LiM2O4_ALIGNN_HARD640_m2p18_m2p02_FLAT_20260617/job_128_Mg_fe_-0.915_n4_generated_crystals_cif__gen_2.cif","1253","2026-07-18T18:46:08.2213551Z","b83e55a55a5f965a14fc23f617b991c2185fe03f187919b7daf25f72ff91f928"
"gpu_mn_mg_cgcnn_20260803","experiments/active_learning/EARLY_LiM2O4_ALIGNN_HARD640_m2p18_m2p02_FLAT_20260617/job_129_Mn_fe_-0.852_n4_generated_crystals_cif__gen_0.cif","1256","2026-07-18T18:46:08.2213551Z","7277df5d052f46a2c3fe3d18cb95486df369b23388e9c12bbc49535adbbf0f61"
"gpu_mn_mg_cgcnn_20260803","experiments/active_learning/EARLY_LiM2O4_ALIGNN_HARD640_m2p18_m2p02_FLAT_20260617/job_129_Mn_fe_-0.852_n4_generated_crystals_cif__gen_1.cif","1252","2026-07-18T18:46:08.2223463Z","371a447880691b44da3791e070e077db3c8883a94586269ac9fbb58678119b39"
"gpu_mn_mg_cgcnn_20260803","experiments/active_learning/EARLY_LiM2O4_ALIGNN_HARD640_m2p18_m2p02_FLAT_20260617/job_129_Mn_fe_-0.852_n4_generated_crystals_cif__gen_3.cif","1254","2026-07-18T18:46:08.2233536Z","1e49d2b2d9ed2251a8057b49ae2830c5fd59f8532c2e4a4982723e29f026f77c"
"gpu_mn_mg_cgcnn_20260803","experiments/active_learning/EARLY_LiM2O4_ALIGNN_HARD640_m2p18_m2p02_FLAT_20260617/job_130_Cr_fe_-1.335_n4_generated_crystals_cif__gen_0.cif","1256","2026-07-18T18:46:08.2243548Z","5d0aeda54709167d2296bcd9583a84339a68601f64a3b55de9db1c0fe4e1d893"
"gpu_mn_mg_cgcnn_20260803","experiments/active_learning/EARLY_LiM2O4_ALIGNN_HARD640_m2p18_m2p02_FLAT_20260617/job_130_Cr_fe_-1.335_n4_generated_crystals_cif__gen_1.cif","1252","2026-07-18T18:46:08.2243548Z","f397e193ad5733b4cab3e0958f978d5043124420884aa7b27a0da73b4696f6a9"
"gpu_mn_mg_cgcnn_20260803","experiments/active_learning/EARLY_LiM2O4_ALIGNN_HARD640_m2p18_m2p02_FLAT_20260617/job_130_Cr_fe_-1.335_n4_generated_crystals_cif__gen_2.cif","1252","2026-07-18T18:46:08.2253530Z","490376cf11c3f1559b53c15522f17d130fad0ab77912ca8139705e4c6b3eb56c"
"gpu_mn_mg_cgcnn_20260803","experiments/active_learning/EARLY_LiM2O4_ALIGNN_HARD640_m2p18_m2p02_FLAT_20260617/job_130_Cr_fe_-1.335_n4_generated_crystals_cif__gen_3.cif","1252","2026-07-18T18:46:08.2263539Z","646b48c7f7dc7e7c23e11686da55744f274d29f30fd115f24dca4bf92b289506"
"gpu_mn_mg_cgcnn_20260803","experiments/active_learning/EARLY_LiM2O4_ALIGNN_HARD640_m2p18_m2p02_FLAT_20260617/job_131_Al_fe_-1.160_n4_generated_crystals_cif__gen_2.cif","1259","2026-07-18T18:46:08.2263539Z","d45fc8c529ca23cdf905daa768da727502b2ce59c9ebfa9190277c6e1c0c4239"
"gpu_mn_mg_cgcnn_20260803","experiments/active_learning/EARLY_LiM2O4_ALIGNN_HARD640_m2p18_m2p02_FLAT_20260617/job_132_Ni_fe_-0.895_n4_generated_crystals_cif__gen_0.cif","1256","2026-07-18T18:46:08.2273464Z","f123217ba3a6854f8c9af60f00c04daddc46d02c00e2ed9121c2fc04405fdf38"
"gpu_mn_mg_cgcnn_20260803","experiments/active_learning/EARLY_LiM2O4_ALIGNN_HARD640_m2p18_m2p02_FLAT_20260617/job_132_Ni_fe_-0.895_n4_generated_crystals_cif__gen_1.cif","1249","2026-07-18T18:46:08.2283466Z","5516ca5fb743d697c9c8954e42f9521655f446f1a35397b63023fba0a8a8dfe3"
"gpu_mn_mg_cgcnn_20260803","experiments/active_learning/EARLY_LiM2O4_ALIGNN_HARD640_m2p18_m2p02_FLAT_20260617/job_133_Mn_fe_-1.385_n4_generated_crystals_cif__gen_0.cif","1255","2026-07-18T18:46:08.2283466Z","e13cfe9a93d46b2f7375de397a007fc38eab6c9a514bc664a86cf296274f5be7"
"gpu_mn_mg_cgcnn_20260803","experiments/active_learning/EARLY_LiM2O4_ALIGNN_HARD640_m2p18_m2p02_FLAT_20260617/job_133_Mn_fe_-1.385_n4_generated_crystals_cif__gen_2.cif","1251","2026-07-18T18:46:08.2293470Z","0d7addc31ccbd88e228bbf222a07bdd30dfcf7a2eb27eb0af566c15c6311d0af"
"gpu_mn_mg_cgcnn_20260803","experiments/active_learning/EARLY_LiM2O4_ALIGNN_HARD640_m2p18_m2p02_FLAT_20260617/job_133_Mn_fe_-1.385_n4_generated_crystals_cif__gen_3.cif","1251","2026-07-18T18:46:08.2293470Z","6b42724f63d3e8d0c05d0478ff87525f5b5c214457ab2bba47df0a977c67cc2f"
"gpu_mn_mg_cgcnn_20260803","experiments/active_learning/EARLY_LiM2O4_ALIGNN_HARD640_m2p18_m2p02_FLAT_20260617/job_134_Mn_fe_-0.810_n4_generated_crystals_cif__gen_0.cif","1253","2026-07-18T18:46:08.2303462Z","4a916592f9091c5bc2a603d33a24a952edbc3e8758fdd9ce49986d372bee9f1c"
"gpu_mn_mg_cgcnn_20260803","experiments/active_learning/EARLY_LiM2O4_ALIGNN_HARD640_m2p18_m2p02_FLAT_20260617/job_134_Mn_fe_-0.810_n4_generated_crystals_cif__gen_1.cif","1254","2026-07-18T18:46:08.2313468Z","9d5fc4541378657d87f02161f9bf744ae6f29c10f2dfa9c2f350adb3da340405"
"gpu_mn_mg_cgcnn_20260803","experiments/active_learning/EARLY_LiM2O4_ALIGNN_HARD640_m2p18_m2p02_FLAT_20260617/job_134_Mn_fe_-0.810_n4_generated_crystals_cif__gen_2.cif","1253","2026-07-18T18:46:08.2323540Z","c88a5ea8b98405cd84a8ca53ac5d59774ba3310b7541f2cfdce28001597cee02"
"gpu_mn_mg_cgcnn_20260803","experiments/active_learning/EARLY_LiM2O4_ALIGNN_HARD640_m2p18_m2p02_FLAT_20260617/job_134_Mn_fe_-0.810_n4_generated_crystals_cif__gen_3.cif","1249","2026-07-18T18:46:08.2323540Z","bbd97d6d365abc16e2b98935e0424571841a86aeff6a081cadc27f397bcb6436"
"gpu_mn_mg_cgcnn_20260803","experiments/active_learning/EARLY_LiM2O4_ALIGNN_HARD640_m2p18_m2p02_FLAT_20260617/job_135_Co_fe_-0.851_n4_generated_crystals_cif__gen_1.cif","1256","2026-07-18T18:46:08.2333548Z","79ebf2f73256014814ca7da02c5c73e728abb669b466c6815a618c2ea9a202c8"
"gpu_mn_mg_cgcnn_20260803","experiments/active_learning/EARLY_LiM2O4_ALIGNN_HARD640_m2p18_m2p02_FLAT_20260617/job_135_Co_fe_-0.851_n4_generated_crystals_cif__gen_2.cif","1257","2026-07-18T18:46:08.2343534Z","0c7e940fe7f1631b65b84a973b105e919c45bf57396dddbaf9e14369065b7eff"
"gpu_mn_mg_cgcnn_20260803","experiments/active_learning/EARLY_LiM2O4_ALIGNN_HARD640_m2p18_m2p02_FLAT_20260617/job_135_Co_fe_-0.851_n4_generated_crystals_cif__gen_3.cif","1254","2026-07-18T18:46:08.2343534Z","fb4818a3aa7de1ca3cd722dfc6857a78beeb31f58acca1df7b417894f1ce6f79"
"gpu_mn_mg_cgcnn_20260803","experiments/active_learning/EARLY_LiM2O4_ALIGNN_HARD640_m2p18_m2p02_FLAT_20260617/job_136_Cr_fe_-1.181_n4_generated_crystals_cif__gen_0.cif","1251","2026-07-18T18:46:08.2353462Z","496805b69ea7883cee38b7a120b911a22ec00623110d0a24d3ad99fbec898daf"
"gpu_mn_mg_cgcnn_20260803","experiments/active_learning/EARLY_LiM2O4_ALIGNN_HARD640_m2p18_m2p02_FLAT_20260617/job_136_Cr_fe_-1.181_n4_generated_crystals_cif__gen_1.cif","1251","2026-07-18T18:46:08.2363464Z","482dc6960d3373f344ef0bbe4c7da05c384cdb8a076376d7097c7151e8e38206"
"gpu_mn_mg_cgcnn_20260803","experiments/active_learning/EARLY_LiM2O4_ALIGNN_HARD640_m2p18_m2p02_FLAT_20260617/job_136_Cr_fe_-1.181_n4_generated_crystals_cif__gen_2.cif","1257","2026-07-18T18:46:08.2373465Z","0b139d6a489b48608268151dd6b8f04cf0303f01144f76241cd0aba276ca628c"
"gpu_mn_mg_cgcnn_20260803","experiments/active_learning/EARLY_LiM2O4_ALIGNN_HARD640_m2p18_m2p02_FLAT_20260617/job_137_Al_fe_-1.012_n4_generated_crystals_cif__gen_1.cif","1253","2026-07-18T18:46:08.2373465Z","e84dd34c8ee199ecde06c840fdeb0a4ccd7ff549dda29e5f071b3d8f3a732fd3"
"gpu_mn_mg_cgcnn_20260803","experiments/active_learning/EARLY_LiM2O4_ALIGNN_HARD640_m2p18_m2p02_FLAT_20260617/job_137_Al_fe_-1.012_n4_generated_crystals_cif__gen_3.cif","1252","2026-07-18T18:46:08.2383542Z","86ecda2e1da1a78872f339413e13b4b4035682d5c57b22103bb8a5d5085ea1ad"
"gpu_mn_mg_cgcnn_20260803","experiments/active_learning/EARLY_LiM2O4_ALIGNN_HARD640_m2p18_m2p02_FLAT_20260617/job_138_Ti_fe_-0.803_n4_generated_crystals_cif__gen_1.cif","1255","2026-07-18T18:46:08.2393531Z","504580828811390c21cec62d66265c598fc6ea42bdb69338a6266670ffa8234c"
"gpu_mn_mg_cgcnn_20260803","experiments/active_learning/EARLY_LiM2O4_ALIGNN_HARD640_m2p18_m2p02_FLAT_20260617/job_138_Ti_fe_-0.803_n4_generated_crystals_cif__gen_2.cif","1255","2026-07-18T18:46:08.2393531Z","727f4b1064337c24f9938f1b67cac3a224356bec159cb6d9032f2d3365520998"
"gpu_mn_mg_cgcnn_20260803","experiments/active_learning/EARLY_LiM2O4_ALIGNN_HARD640_m2p18_m2p02_FLAT_20260617/job_138_Ti_fe_-0.803_n4_generated_crystals_cif__gen_3.cif","1254","2026-07-18T18:46:08.2403464Z","9f45298e04fe148156bead66317debdefe3db0c4c045be0c138f9be08588af4e"
"gpu_mn_mg_cgcnn_20260803","experiments/active_learning/EARLY_LiM2O4_ALIGNN_HARD640_m2p18_m2p02_FLAT_20260617/job_140_Al_fe_-1.392_n4_generated_crystals_cif__gen_1.cif","1252","2026-07-18T18:46:08.2413463Z","b1ab083ba3853e6c8adc20e59fff38640fb3dba82efb12931838a292b8bc6bb3"
"gpu_mn_mg_cgcnn_20260803","experiments/active_learning/EARLY_LiM2O4_ALIGNN_HARD640_m2p18_m2p02_FLAT_20260617/job_141_Co_fe_-1.348_n4_generated_crystals_cif__gen_0.cif","1253","2026-07-18T18:46:08.2413463Z","2284fa4a87d1d9313c09a9d174999242ff812690d2e24fc1a40e43beac265860"
"gpu_mn_mg_cgcnn_20260803","experiments/active_learning/EARLY_LiM2O4_ALIGNN_HARD640_m2p18_m2p02_FLAT_20260617/job_141_Co_fe_-1.348_n4_generated_crystals_cif__gen_1.cif","1253","2026-07-18T18:46:08.2423536Z","d137a54ce5ef74f745b6a0cd7dbafa60666bacf5a771d1ab5092e23c294f8248"
"gpu_mn_mg_cgcnn_20260803","experiments/active_learning/EARLY_LiM2O4_ALIGNN_HARD640_m2p18_m2p02_FLAT_20260617/job_141_Co_fe_-1.348_n4_generated_crystals_cif__gen_2.cif","1253","2026-07-18T18:46:08.2433541Z","295d78764bc0772ad84f32e9cd123e69fb1b02dd6aa88463bd32af980813d082"
"gpu_mn_mg_cgcnn_20260803","experiments/active_learning/EARLY_LiM2O4_ALIGNN_HARD640_m2p18_m2p02_FLAT_20260617/job_142_Mn_fe_-1.095_n4_generated_crystals_cif__gen_0.cif","1253","2026-07-18T18:46:08.2443464Z","520378643c0bb669d83f501c33c3ba279d160eefb80ab1cd18275a2ee92c239e"
"gpu_mn_mg_cgcnn_20260803","experiments/active_learning/EARLY_LiM2O4_ALIGNN_HARD640_m2p18_m2p02_FLAT_20260617/job_142_Mn_fe_-1.095_n4_generated_crystals_cif__gen_1.cif","1257","2026-07-18T18:46:08.2453472Z","da0b8c23d57d65969b36a81079ba0b4f18492cb25c1aa53c99f94c538329bcdc"
"gpu_mn_mg_cgcnn_20260803","experiments/active_learning/EARLY_LiM2O4_ALIGNN_HARD640_m2p18_m2p02_FLAT_20260617/job_142_Mn_fe_-1.095_n4_generated_crystals_cif__gen_3.cif","1248","2026-07-18T18:46:08.2463466Z","cdf9b6c1796fbdf409b9ed4e85e43c673d0a9dfecf5e58e09cdce4abced8ee42"
"gpu_mn_mg_cgcnn_20260803","experiments/active_learning/EARLY_LiM2O4_ALIGNN_HARD640_m2p18_m2p02_FLAT_20260617/job_143_Mg_fe_-1.457_n4_generated_crystals_cif__gen_1.cif","1250","2026-07-18T18:46:08.2463466Z","6c5bbd9e79874e286fd76be48b47e29bddfd9fff4cf3ac4aec3e69ae700e4e06"
"gpu_mn_mg_cgcnn_20260803","experiments/active_learning/EARLY_LiM2O4_ALIGNN_HARD640_m2p18_m2p02_FLAT_20260617/job_144_Co_fe_-1.460_n4_generated_crystals_cif__gen_0.cif","1254","2026-07-18T18:46:08.2473540Z","ebb316f0fb8b7489ccbb7ff184ebf0e486f7286066f49230e74ed4fcb1f34e79"
"gpu_mn_mg_cgcnn_20260803","experiments/active_learning/EARLY_LiM2O4_ALIGNN_HARD640_m2p18_m2p02_FLAT_20260617/job_144_Co_fe_-1.460_n4_generated_crystals_cif__gen_1.cif","1254","2026-07-18T18:46:08.2483463Z","c073c687adff00b0b2e0a77454a69ea89f7e78e8df886980913018ce9a66af22"
"gpu_mn_mg_cgcnn_20260803","experiments/active_learning/EARLY_LiM2O4_ALIGNN_HARD640_m2p18_m2p02_FLAT_20260617/job_144_Co_fe_-1.460_n4_generated_crystals_cif__gen_2.cif","1258","2026-07-18T18:46:08.2493543Z","c99078bf2ba718f71676348b654a01d6754499e5487723853ff2c533156a5184"
"gpu_mn_mg_cgcnn_20260803","experiments/active_learning/EARLY_LiM2O4_ALIGNN_HARD640_m2p18_m2p02_FLAT_20260617/job_144_Co_fe_-1.460_n4_generated_crystals_cif__gen_3.cif","1251","2026-07-18T18:46:08.2503549Z","9f5c38e350dc6a3ab461eecace6d05b1f49ee4e4074a1d6f92886c1034f872d7"
"gpu_mn_mg_cgcnn_20260803","experiments/active_learning/EARLY_LiM2O4_ALIGNN_HARD640_m2p18_m2p02_FLAT_20260617/job_146_Cr_fe_-1.128_n4_generated_crystals_cif__gen_0.cif","1259","2026-07-18T18:46:08.2503549Z","baffdf5e1422e53e58f8dd1a943af8fb6eb554f62c26343854cbba309ae83120"
"gpu_mn_mg_cgcnn_20260803","experiments/active_learning/EARLY_LiM2O4_ALIGNN_HARD640_m2p18_m2p02_FLAT_20260617/job_146_Cr_fe_-1.128_n4_generated_crystals_cif__gen_1.cif","1254","2026-07-18T18:46:08.2513472Z","207ccda09e4bcd470acfbacebd34ccc40104f7dde5565034e8b22b2129b43f50"
"gpu_mn_mg_cgcnn_20260803","experiments/active_learning/EARLY_LiM2O4_ALIGNN_HARD640_m2p18_m2p02_FLAT_20260617/job_146_Cr_fe_-1.128_n4_generated_crystals_cif__gen_2.cif","1254","2026-07-18T18:46:08.2523539Z","96d6641aa65b7fc05ffb5bcd8043b0684b59907b9b209818d012b087dc4e122e"
"gpu_mn_mg_cgcnn_20260803","experiments/active_learning/EARLY_LiM2O4_ALIGNN_HARD640_m2p18_m2p02_FLAT_20260617/job_146_Cr_fe_-1.128_n4_generated_crystals_cif__gen_3.cif","1246","2026-07-18T18:46:08.2523539Z","06f0dad14b1d56979a46a6046aa893508b2503ee6f48444ebb8d54141e42a991"
"gpu_mn_mg_cgcnn_20260803","experiments/active_learning/EARLY_LiM2O4_ALIGNN_HARD640_m2p18_m2p02_FLAT_20260617/job_147_Mn_fe_-0.827_n4_generated_crystals_cif__gen_0.cif","1253","2026-07-18T18:46:08.2533542Z","b362b91a16ba695acfe132789256b4326a020807ebaaa9326fa19be277410cbf"
"gpu_mn_mg_cgcnn_20260803","experiments/active_learning/EARLY_LiM2O4_ALIGNN_HARD640_m2p18_m2p02_FLAT_20260617/job_147_Mn_fe_-0.827_n4_generated_crystals_cif__gen_1.cif","1254","2026-07-18T18:46:08.2543466Z","020b6424e5b977ad6da5684d6d006384872ba4177c6720dfd4bc81295cfeb0be"
"gpu_mn_mg_cgcnn_20260803","experiments/active_learning/EARLY_LiM2O4_ALIGNN_HARD640_m2p18_m2p02_FLAT_20260617/job_148_Mn_fe_-0.904_n4_generated_crystals_cif__gen_0.cif","1253","2026-07-18T18:46:08.2553463Z","1682b4de7540a9679f74846f7a70c19688190eb169a2e98ac7798abc537b7086"
"gpu_mn_mg_cgcnn_20260803","experiments/active_learning/EARLY_LiM2O4_ALIGNN_HARD640_m2p18_m2p02_FLAT_20260617/job_148_Mn_fe_-0.904_n4_generated_crystals_cif__gen_1.cif","1256","2026-07-18T18:46:08.2553463Z","c71990e5361bb33347a1b97df61f83a779c841de8a18ca1a11392682156a0d6a"
"gpu_mn_mg_cgcnn_20260803","experiments/active_learning/EARLY_LiM2O4_ALIGNN_HARD640_m2p18_m2p02_FLAT_20260617/job_148_Mn_fe_-0.904_n4_generated_crystals_cif__gen_2.cif","1253","2026-07-18T18:46:08.2563462Z","9ad02dd1332bd11e9cd0bfd38d8fe16a4dd0e73f3172edc02223ee7a37083733"
"gpu_mn_mg_cgcnn_20260803","experiments/active_learning/EARLY_LiM2O4_ALIGNN_HARD640_m2p18_m2p02_FLAT_20260617/job_148_Mn_fe_-0.904_n4_generated_crystals_cif__gen_3.cif","1253","2026-07-18T18:46:08.2573465Z","6ddd4f9034ad7e04c721cee1d6672f8bb5f966a5b77f3b1ae4cc54922021998e"
"gpu_mn_mg_cgcnn_20260803","experiments/active_learning/EARLY_LiM2O4_ALIGNN_HARD640_m2p18_m2p02_FLAT_20260617/job_149_Mn_fe_-1.083_n4_generated_crystals_cif__gen_0.cif","1253","2026-07-18T18:46:08.2573465Z","d2af73daf9bc8ebd3d6d9ef81cf25dc5da5b4aa6066b3cb8852c4af072099a58"
"gpu_mn_mg_cgcnn_20260803","experiments/active_learning/EARLY_LiM2O4_ALIGNN_HARD640_m2p18_m2p02_FLAT_20260617/job_149_Mn_fe_-1.083_n4_generated_crystals_cif__gen_2.cif","1252","2026-07-18T18:46:08.2583461Z","36a8bc58a182c5e117a60962acf2f09a9fe2bf4b9ff3196201c33640144ad0d2"
"gpu_mn_mg_cgcnn_20260803","experiments/active_learning/EARLY_LiM2O4_ALIGNN_HARD640_m2p18_m2p02_FLAT_20260617/job_149_Mn_fe_-1.083_n4_generated_crystals_cif__gen_3.cif","1252","2026-07-18T18:46:08.2593541Z","84d7a5f7370c4257513369ccfff64b5aee7df384c4ac467e7052f89575e14c95"
"gpu_mn_mg_cgcnn_20260803","experiments/active_learning/EARLY_LiM2O4_ALIGNN_HARD640_m2p18_m2p02_FLAT_20260617/job_150_Ti_fe_-0.897_n4_generated_crystals_cif__gen_0.cif","1257","2026-07-18T18:46:08.2603465Z","93073df3248b4f1a451d3b8c607d4454569bf95b597c3392ddca06d6fd232775"
"gpu_mn_mg_cgcnn_20260803","experiments/active_learning/EARLY_LiM2O4_ALIGNN_HARD640_m2p18_m2p02_FLAT_20260617/job_150_Ti_fe_-0.897_n4_generated_crystals_cif__gen_1.cif","1250","2026-07-18T18:46:08.2613462Z","3df5ad863570cb9fd713e2199dda0d533dd54dbab4e57813ff6d5c2c825166c3"
"gpu_mn_mg_cgcnn_20260803","experiments/active_learning/EARLY_LiM2O4_ALIGNN_HARD640_m2p18_m2p02_FLAT_20260617/job_150_Ti_fe_-0.897_n4_generated_crystals_cif__gen_3.cif","1254","2026-07-18T18:46:08.2613462Z","75555de0cc9386292f3062aa955c426672ce71711c88690a0019b141c6561bb8"
"gpu_mn_mg_cgcnn_20260803","experiments/active_learning/EARLY_LiM2O4_ALIGNN_HARD640_m2p18_m2p02_FLAT_20260617/job_151_Al_fe_-1.416_n4_generated_crystals_cif__gen_0.cif","1259","2026-07-18T18:46:08.2623462Z","c673c82cae65b3678aa4694009520b537dac6cbeda1d25ab25ec1e703de0ed51"
"gpu_mn_mg_cgcnn_20260803","experiments/active_learning/EARLY_LiM2O4_ALIGNN_HARD640_m2p18_m2p02_FLAT_20260617/job_151_Al_fe_-1.416_n4_generated_crystals_cif__gen_1.cif","1252","2026-07-18T18:46:08.2633471Z","58a18317de988f24054c7af771469871f64646f978b2d7b2ccfe900d53bd4d6c"
"gpu_mn_mg_cgcnn_20260803","experiments/active_learning/EARLY_LiM2O4_ALIGNN_HARD640_m2p18_m2p02_FLAT_20260617/job_154_Mn_fe_-1.207_n4_generated_crystals_cif__gen_1.cif","1255","2026-07-18T18:46:08.2643472Z","d14a7624ee2cacd145134b1abf3023c1f72f236e5ce6d0156684da37fa7254e1"
"gpu_mn_mg_cgcnn_20260803","experiments/active_learning/EARLY_LiM2O4_ALIGNN_HARD640_m2p18_m2p02_FLAT_20260617/job_154_Mn_fe_-1.207_n4_generated_crystals_cif__gen_2.cif","1258","2026-07-18T18:46:08.2643472Z","c0c16b00349024f72940139d9491628d031242c1e7c5c39076508e4e40a5f1f4"
"gpu_mn_mg_cgcnn_20260803","experiments/active_learning/EARLY_LiM2O4_ALIGNN_HARD640_m2p18_m2p02_FLAT_20260617/job_154_Mn_fe_-1.207_n4_generated_crystals_cif__gen_3.cif","1248","2026-07-18T18:46:08.2653508Z","9c4d58c46f101a63c730d663e0da1dd101147b0f8b558c00895eccff1841264c"
"gpu_mn_mg_cgcnn_20260803","experiments/active_learning/EARLY_LiM2O4_ALIGNN_HARD640_m2p18_m2p02_FLAT_20260617/job_155_Mg_fe_-1.104_n4_generated_crystals_cif__gen_3.cif","1255","2026-07-18T18:46:08.2663508Z","e5b2ea799f1f3f780db1eafd567a4aad76e6f42f3a7546c4e795857602e82f83"
"gpu_mn_mg_cgcnn_20260803","experiments/active_learning/EARLY_LiM2O4_ALIGNN_HARD640_m2p18_m2p02_FLAT_20260617/job_156_Co_fe_-0.846_n4_generated_crystals_cif__gen_1.cif","1258","2026-07-18T18:46:08.2663508Z","f55004967077dc5d539dd4f9caf717da7a29f57ab2eaf3ca1f423c112a1f3b66"
"gpu_mn_mg_cgcnn_20260803","experiments/active_learning/EARLY_LiM2O4_ALIGNN_HARD640_m2p18_m2p02_FLAT_20260617/job_156_Co_fe_-0.846_n4_generated_crystals_cif__gen_2.cif","1249","2026-07-18T18:46:08.2673582Z","0a7eeecc50c6620037f14dec749ae0fd468c70968d971b8b65e22b163bb1ad60"
"gpu_mn_mg_cgcnn_20260803","experiments/active_learning/EARLY_LiM2O4_ALIGNN_HARD640_m2p18_m2p02_FLAT_20260617/job_157_Ni_fe_-1.031_n4_generated_crystals_cif__gen_0.cif","1257","2026-07-18T18:46:08.2683569Z","bdbdebe63447b72f2e999746c393bf5e3d9d0beea6a41a8204ab093846febd02"
"gpu_mn_mg_cgcnn_20260803","experiments/active_learning/EARLY_LiM2O4_ALIGNN_HARD640_m2p18_m2p02_FLAT_20260617/job_157_Ni_fe_-1.031_n4_generated_crystals_cif__gen_1.cif","1251","2026-07-18T18:46:08.2683569Z","4f88a36ce192e4eb916e3c35ab76f0a53a52fe11c4212a6b3466e10911021724"
"gpu_mn_mg_cgcnn_20260803","experiments/active_learning/EARLY_LiM2O4_ALIGNN_HARD640_m2p18_m2p02_FLAT_20260617/job_157_Ni_fe_-1.031_n4_generated_crystals_cif__gen_2.cif","1250","2026-07-18T18:46:08.2693507Z","710e18dd719b4424f06a9f98f3eeb7d8d25d9f07451bcfafe39b723903d74648"
"gpu_mn_mg_cgcnn_20260803","experiments/active_learning/EARLY_LiM2O4_ALIGNN_HARD640_m2p18_m2p02_FLAT_20260617/job_158_Co_fe_-1.333_n4_generated_crystals_cif__gen_1.cif","1248","2026-07-18T18:46:08.2703501Z","5d8bbbde231764173310c05f989d9e699897587c9362c6ce7961405790284a54"
"gpu_mn_mg_cgcnn_20260803","experiments/active_learning/EARLY_LiM2O4_ALIGNN_HARD640_m2p18_m2p02_FLAT_20260617/job_158_Co_fe_-1.333_n4_generated_crystals_cif__gen_2.cif","1259","2026-07-18T18:46:08.2713506Z","68bc04b8eeeab6ab547a14ee24f546f791906b10e68a1e9e67627368d2f1307c"
"gpu_mn_mg_cgcnn_20260803","experiments/active_learning/EARLY_LiM2O4_ALIGNN_HARD640_m2p18_m2p02_FLAT_20260617/job_158_Co_fe_-1.333_n4_generated_crystals_cif__gen_3.cif","1254","2026-07-18T18:46:08.2713506Z","47227ded35390dbb52584190058ddfeb1d283809651f528673c5a7e53bb459e7"
"gpu_mn_mg_cgcnn_20260803","experiments/active_learning/EARLY_LiM2O4_ALIGNN_HARD640_m2p18_m2p02_FLAT_20260617/job_159_Al_fe_-1.408_n4_generated_crystals_cif__gen_1.cif","1247","2026-07-18T18:46:08.2723508Z","9921c452228d0a2bdfd151f43cb59941208efe10d148dce3e0ad884d598d0dde"
"gpu_mn_mg_cgcnn_20260803","experiments/active_learning/EARLY_LiM2O4_ALIGNN_HARD640_m2p18_m2p02_FLAT_20260617/job_160_Ti_fe_-1.290_n4_generated_crystals_cif__gen_0.cif","1253","2026-07-18T18:46:08.2733582Z","cb3a9875b24d8dce1ef0847feb27a153c9f736b91fcf367a1cfecfc71d46eb7c"
"gpu_mn_mg_cgcnn_20260803","experiments/active_learning/EARLY_LiM2O4_ALIGNN_HARD640_m2p18_m2p02_FLAT_20260617/job_160_Ti_fe_-1.290_n4_generated_crystals_cif__gen_2.cif","1253","2026-07-18T18:46:08.2733582Z","b55ec86d12d52c1b30624cd7da901186f5a600d42bd16fe52bb4d7ed32172907"
"gpu_mn_mg_cgcnn_20260803","experiments/active_learning/EARLY_LiM2O4_ALIGNN_HARD640_m2p18_m2p02_FLAT_20260617/job_160_Ti_fe_-1.290_n4_generated_crystals_cif__gen_3.cif","1251","2026-07-18T18:46:08.2743503Z","43b29fc232579976921eb055baccee4250d865c85fcf77f2b1b77845a5775f32"
"gpu_mn_mg_cgcnn_20260803","experiments/active_learning/EARLY_LiM2O4_ALIGNN_HARD640_m2p18_m2p02_FLAT_20260617/job_161_Co_fe_-0.850_n4_generated_crystals_cif__gen_0.cif","1249","2026-07-18T18:46:08.2753585Z","278a37e5cd6a8e9ce11786ed28f40cc2b535888055ae7f3e4c621ab757f5caa5"
"gpu_mn_mg_cgcnn_20260803","experiments/active_learning/EARLY_LiM2O4_ALIGNN_HARD640_m2p18_m2p02_FLAT_20260617/job_161_Co_fe_-0.850_n4_generated_crystals_cif__gen_1.cif","1250","2026-07-18T18:46:08.2753585Z","458a6c3ee4469beb04e3a4ac83b32d553d04d0d9adade18de4256cf3ecb874f5"
"gpu_mn_mg_cgcnn_20260803","experiments/active_learning/EARLY_LiM2O4_ALIGNN_HARD640_m2p18_m2p02_FLAT_20260617/job_161_Co_fe_-0.850_n4_generated_crystals_cif__gen_2.cif","1255","2026-07-18T18:46:08.2763514Z","260aff02d3db7618d31c501724d43c243b36ccbbb7247e625f071a1ed9f433d1"
"gpu_mn_mg_cgcnn_20260803","experiments/active_learning/EARLY_LiM2O4_ALIGNN_HARD640_m2p18_m2p02_FLAT_20260617/job_162_Mn_fe_-1.493_n4_generated_crystals_cif__gen_0.cif","1246","2026-07-18T18:46:08.2763514Z","20c0dd4003df2b0ea67e5c2aca36e20dd83e4b6e4a153e56edac9286dcd56d45"
"gpu_mn_mg_cgcnn_20260803","experiments/active_learning/EARLY_LiM2O4_ALIGNN_HARD640_m2p18_m2p02_FLAT_20260617/job_162_Mn_fe_-1.493_n4_generated_crystals_cif__gen_1.cif","1255","2026-07-18T18:46:08.2773502Z","02e1cd785a3bbcaf4f1a3a1e11dd2b86cb4c8e5edda54821114e1b837fd09a4f"
"gpu_mn_mg_cgcnn_20260803","experiments/active_learning/EARLY_LiM2O4_ALIGNN_HARD640_m2p18_m2p02_FLAT_20260617/job_162_Mn_fe_-1.493_n4_generated_crystals_cif__gen_2.cif","1247","2026-07-18T18:46:08.2783502Z","c4dfb430dd75dd7bdfaeb7fb060c37d08fea12da1daa6b17fe19d53260dfdb8e"
"gpu_mn_mg_cgcnn_20260803","experiments/active_learning/EARLY_LiM2O4_ALIGNN_HARD640_m2p18_m2p02_FLAT_20260617/job_162_Mn_fe_-1.493_n4_generated_crystals_cif__gen_3.cif","1253","2026-07-18T18:46:08.2783502Z","afa406a7327cae1914ada4c9d188cb1d5801f16a9771cad218f970ebda662bde"
"gpu_mn_mg_cgcnn_20260803","experiments/active_learning/EARLY_LiM2O4_ALIGNN_HARD640_m2p18_m2p02_FLAT_20260617/job_163_Mg_fe_-0.801_n4_generated_crystals_cif__gen_3.cif","1258","2026-07-18T18:46:08.2793585Z","569138f2e62614cf139364bd66a3b7ec6a6f4605d888f5dac520d405fc45ce0d"
"gpu_mn_mg_cgcnn_20260803","experiments/active_learning/EARLY_LiM2O4_ALIGNN_HARD640_m2p18_m2p02_FLAT_20260617/job_164_Mn_fe_-1.449_n4_generated_crystals_cif__gen_1.cif","1253","2026-07-18T18:46:08.2803589Z","adf3860adfea75fb47fe2cd40a23fc17fbb2cdadc3bb67903460141ee06464db"
"gpu_mn_mg_cgcnn_20260803","experiments/active_learning/EARLY_LiM2O4_ALIGNN_HARD640_m2p18_m2p02_FLAT_20260617/job_164_Mn_fe_-1.449_n4_generated_crystals_cif__gen_2.cif","1251","2026-07-18T18:46:08.2814634Z","ef1eacb84a8a70c75ce06b7920949b0a155ae3edf8aac9a4abdf8cffc3ec6a11"
"gpu_mn_mg_cgcnn_20260803","experiments/active_learning/EARLY_LiM2O4_ALIGNN_HARD640_m2p18_m2p02_FLAT_20260617/job_165_Ni_fe_-1.146_n4_generated_crystals_cif__gen_0.cif","1250","2026-07-18T18:46:08.2814634Z","794ba3c7a86ace111ea05eb981333393561bdbd102a33b86cbfbbceb1fcccbcd"
"gpu_mn_mg_cgcnn_20260803","experiments/active_learning/EARLY_LiM2O4_ALIGNN_HARD640_m2p18_m2p02_FLAT_20260617/job_165_Ni_fe_-1.146_n4_generated_crystals_cif__gen_2.cif","1254","2026-07-18T18:46:08.2824626Z","0359a0a63f1a255f918440a1c8e0aaa2da49c3d859ed10c9119c6cc7155c83cd"
"gpu_mn_mg_cgcnn_20260803","experiments/active_learning/EARLY_LiM2O4_ALIGNN_HARD640_m2p18_m2p02_FLAT_20260617/job_165_Ni_fe_-1.146_n4_generated_crystals_cif__gen_3.cif","1257","2026-07-18T18:46:08.2834706Z","84ee4bb5c434e6b43a03cf6a72cdaf06c2ce93c421b95c2fbdde56517401e361"
"gpu_mn_mg_cgcnn_20260803","experiments/active_learning/EARLY_LiM2O4_ALIGNN_HARD640_m2p18_m2p02_FLAT_20260617/job_166_Ni_fe_-0.847_n4_generated_crystals_cif__gen_0.cif","1250","2026-07-18T18:46:08.2844634Z","8b5a27337e2cca5dd67d9bf0eb97bf2ab4b20862d499d2cd7fb9addb6bced361"
"gpu_mn_mg_cgcnn_20260803","experiments/active_learning/EARLY_LiM2O4_ALIGNN_HARD640_m2p18_m2p02_FLAT_20260617/job_166_Ni_fe_-0.847_n4_generated_crystals_cif__gen_1.cif","1255","2026-07-18T18:46:08.2844634Z","834a6fa76771543b92cecbefb267531dddbae1290349561bc4fb5c0e31efe22e"
"gpu_mn_mg_cgcnn_20260803","experiments/active_learning/EARLY_LiM2O4_ALIGNN_HARD640_m2p18_m2p02_FLAT_20260617/job_166_Ni_fe_-0.847_n4_generated_crystals_cif__gen_2.cif","1256","2026-07-18T18:46:08.2854631Z","1907077b5732d97f3a8286f525e67fe7016e11051fc4a1b3f28c8ea5b9064d3c"
"gpu_mn_mg_cgcnn_20260803","experiments/active_learning/EARLY_LiM2O4_ALIGNN_HARD640_m2p18_m2p02_FLAT_20260617/job_166_Ni_fe_-0.847_n4_generated_crystals_cif__gen_3.cif","1251","2026-07-18T18:46:08.2864710Z","f14e42fe62f15db45487791ae5140cb57783fde0b21464940e6f49d31ff35b42"
"gpu_mn_mg_cgcnn_20260803","experiments/active_learning/EARLY_LiM2O4_ALIGNN_HARD640_m2p18_m2p02_FLAT_20260617/job_167_Mn_fe_-0.885_n4_generated_crystals_cif__gen_1.cif","1257","2026-07-18T18:46:08.2864710Z","427ef8b74c825db835de56a88e6a5141552b6ad183626d445c8f7e76adf860af"
"gpu_mn_mg_cgcnn_20260803","experiments/active_learning/EARLY_LiM2O4_ALIGNN_HARD640_m2p18_m2p02_FLAT_20260617/job_167_Mn_fe_-0.885_n4_generated_crystals_cif__gen_2.cif","1258","2026-07-18T18:46:08.2874719Z","980842bb718a2158e7e296150ccc9195d3a6c9add1d661c331c94432142c6b89"
"gpu_mn_mg_cgcnn_20260803","experiments/active_learning/EARLY_LiM2O4_ALIGNN_HARD640_m2p18_m2p02_FLAT_20260617/job_167_Mn_fe_-0.885_n4_generated_crystals_cif__gen_3.cif","1253","2026-07-18T18:46:08.2884709Z","ccc5c33dbe7d1b097d45040acb5314feeaa67a20c7ba3f048e8ea440a4308363"
"gpu_mn_mg_cgcnn_20260803","experiments/active_learning/EARLY_LiM2O4_ALIGNN_HARD640_m2p18_m2p02_FLAT_20260617/job_168_Co_fe_-1.301_n4_generated_crystals_cif__gen_0.cif","1249","2026-07-18T18:46:08.2894692Z","76bf2f6c450f28e01584b96fba9bd05a775e62cbbfa057780de62f8370cb44dd"
"gpu_mn_mg_cgcnn_20260803","experiments/active_learning/EARLY_LiM2O4_ALIGNN_HARD640_m2p18_m2p02_FLAT_20260617/job_168_Co_fe_-1.301_n4_generated_crystals_cif__gen_2.cif","1258","2026-07-18T18:46:08.2894692Z","56dd424d03095775ad2e1e4b3cc8a5b9c0758ddd84b4165f6c601bc4a6c1194b"
"gpu_mn_mg_cgcnn_20260803","experiments/active_learning/EARLY_LiM2O4_ALIGNN_HARD640_m2p18_m2p02_FLAT_20260617/job_168_Co_fe_-1.301_n4_generated_crystals_cif__gen_3.cif","1251","2026-07-18T18:46:08.2914634Z","a5713093dc876dbc064df66b7be61698af181120fc37b7708289e96e3e670ff5"
"gpu_mn_mg_cgcnn_20260803","experiments/active_learning/EARLY_LiM2O4_ALIGNN_HARD640_m2p18_m2p02_FLAT_20260617/job_169_Al_fe_-0.916_n4_generated_crystals_cif__gen_1.cif","1251","2026-07-18T18:46:08.2914634Z","adc4f31432949f5ed9f01f6cf3bca7bee268e75e73e44df7cff584cf32c3c1a3"
"gpu_mn_mg_cgcnn_20260803","experiments/active_learning/EARLY_LiM2O4_ALIGNN_HARD640_m2p18_m2p02_FLAT_20260617/job_169_Al_fe_-0.916_n4_generated_crystals_cif__gen_2.cif","1256","2026-07-18T18:46:08.2924631Z","8d74e1a608f44d9b6118d5454bc860a19a4940fec88095840baf271e192df87c"
"gpu_mn_mg_cgcnn_20260803","experiments/active_learning/EARLY_LiM2O4_ALIGNN_HARD640_m2p18_m2p02_FLAT_20260617/job_169_Al_fe_-0.916_n4_generated_crystals_cif__gen_3.cif","1254","2026-07-18T18:46:08.2934711Z","60de171fff1cc41d47f9babf6303aea4b09122a917f0cd747991e8456cea0245"
"gpu_mn_mg_cgcnn_20260803","experiments/active_learning/EARLY_LiM2O4_ALIGNN_HARD640_m2p18_m2p02_FLAT_20260617/job_170_Ti_fe_-1.288_n4_generated_crystals_cif__gen_3.cif","1252","2026-07-18T18:46:08.2944813Z","5c8822cee07312240af4fb39005e7d113921ab47e1f713565b40219e59576780"
"gpu_mn_mg_cgcnn_20260803","experiments/active_learning/EARLY_LiM2O4_ALIGNN_HARD640_m2p18_m2p02_FLAT_20260617/job_171_Cr_fe_-1.042_n4_generated_crystals_cif__gen_0.cif","1255","2026-07-18T18:46:08.2944813Z","9eeeb2cf56f8186440d6ee21f53c010f219fd955f697fa42965372026f695286"
"gpu_mn_mg_cgcnn_20260803","experiments/active_learning/EARLY_LiM2O4_ALIGNN_HARD640_m2p18_m2p02_FLAT_20260617/job_171_Cr_fe_-1.042_n4_generated_crystals_cif__gen_1.cif","1257","2026-07-18T18:46:08.2954629Z","55fb01001edccdb4cdd0f98f3c0c6c0f1a32e114b16b8ffabeb68fea6fcae635"
"gpu_mn_mg_cgcnn_20260803","experiments/active_learning/EARLY_LiM2O4_ALIGNN_HARD640_m2p18_m2p02_FLAT_20260617/job_171_Cr_fe_-1.042_n4_generated_crystals_cif__gen_2.cif","1255","2026-07-18T18:46:08.2964720Z","5d271662cff7d66525547a8e93bfe5d3918aa1ab87fde55bfa548c5d441f5eda"
"gpu_mn_mg_cgcnn_20260803","experiments/active_learning/EARLY_LiM2O4_ALIGNN_HARD640_m2p18_m2p02_FLAT_20260617/job_171_Cr_fe_-1.042_n4_generated_crystals_cif__gen_3.cif","1252","2026-07-18T18:46:08.2974709Z","dfc34fd59b070dffc531a6f3af490fefcd43977f7011547fe7a3877141f15d06"
"gpu_mn_mg_cgcnn_20260803","experiments/active_learning/EARLY_LiM2O4_ALIGNN_HARD640_m2p18_m2p02_FLAT_20260617/job_172_Mn_fe_-1.032_n4_generated_crystals_cif__gen_1.cif","1254","2026-07-18T18:46:08.2974709Z","d7bfbe28e31f4b75ba7534db10873330d9aae26102c3f8f3b58dc5bae68acc20"
"gpu_mn_mg_cgcnn_20260803","experiments/active_learning/EARLY_LiM2O4_ALIGNN_HARD640_m2p18_m2p02_FLAT_20260617/job_172_Mn_fe_-1.032_n4_generated_crystals_cif__gen_3.cif","1245","2026-07-18T18:46:08.2984707Z","d8b8363212402d87b255073c108b9605508b3b889f66ee2d96467c94c9c4c6b7"
"gpu_mn_mg_cgcnn_20260803","experiments/active_learning/EARLY_LiM2O4_ALIGNN_HARD640_m2p18_m2p02_FLAT_20260617/job_173_Mg_fe_-1.290_n4_generated_crystals_cif__gen_2.cif","1250","2026-07-18T18:46:08.2994710Z","f43e3f39b03b56187cb6f4ab4fb4c97667ab118fc8a3ace2373cf57c5348d969"
"gpu_mn_mg_cgcnn_20260803","experiments/active_learning/EARLY_LiM2O4_ALIGNN_HARD640_m2p18_m2p02_FLAT_20260617/job_174_Ti_fe_-1.427_n4_generated_crystals_cif__gen_0.cif","1253","2026-07-18T18:46:08.2994710Z","2263bcb1afd595b8ad34582cdfb72c4e92b52b9235f38f2947c983d3e0739d3a"
"gpu_mn_mg_cgcnn_20260803","experiments/active_learning/EARLY_LiM2O4_ALIGNN_HARD640_m2p18_m2p02_FLAT_20260617/job_174_Ti_fe_-1.427_n4_generated_crystals_cif__gen_1.cif","1259","2026-07-18T18:46:08.3004630Z","c7959b392561c605163aaa164fd48ba69be7c2f3c7ff91bb633bcaf44884afd4"
"gpu_mn_mg_cgcnn_20260803","experiments/active_learning/EARLY_LiM2O4_ALIGNN_HARD640_m2p18_m2p02_FLAT_20260617/job_174_Ti_fe_-1.427_n4_generated_crystals_cif__gen_2.cif","1251","2026-07-18T18:46:08.3014631Z","b67f28efa8f149ad08032bc760877e02c4f67c6e567eac891cc19d96521aeb37"
"gpu_mn_mg_cgcnn_20260803","experiments/active_learning/EARLY_LiM2O4_ALIGNN_HARD640_m2p18_m2p02_FLAT_20260617/job_174_Ti_fe_-1.427_n4_generated_crystals_cif__gen_3.cif","1251","2026-07-18T18:46:08.3014631Z","ac209d57bb9f4b2eaa918d71fc091e584845be0861354651c4869371be6adede"
"gpu_mn_mg_cgcnn_20260803","experiments/active_learning/EARLY_LiM2O4_ALIGNN_HARD640_m2p18_m2p02_FLAT_20260617/job_175_Ni_fe_-1.315_n4_generated_crystals_cif__gen_1.cif","1254","2026-07-18T18:46:08.3024629Z","a8701528c4cbf279f0be17a5ed796c31c0945c62d54b27a826af8e10bc95f56b"
"gpu_mn_mg_cgcnn_20260803","experiments/active_learning/EARLY_LiM2O4_ALIGNN_HARD640_m2p18_m2p02_FLAT_20260617/job_175_Ni_fe_-1.315_n4_generated_crystals_cif__gen_2.cif","1258","2026-07-18T18:46:08.3034628Z","ab2c6b70ea88b86c8057bef2047ab68f41ecfbb8ce8fffb5da7b17d2274457ee"
"gpu_mn_mg_cgcnn_20260803","experiments/active_learning/EARLY_LiM2O4_ALIGNN_HARD640_m2p18_m2p02_FLAT_20260617/job_176_Mn_fe_-0.980_n4_generated_crystals_cif__gen_0.cif","1251","2026-07-18T18:46:08.3034628Z","5131e43ba47349d4a0505d7bdbf192d34d167718f7c8cdc6b581846f67348464"
"gpu_mn_mg_cgcnn_20260803","experiments/active_learning/EARLY_LiM2O4_ALIGNN_HARD640_m2p18_m2p02_FLAT_20260617/job_176_Mn_fe_-0.980_n4_generated_crystals_cif__gen_1.cif","1255","2026-07-18T18:46:08.3044627Z","79e1cb06f5ef0a8c4f81f7a72bb5d740693a1704941e755bd949546ff4a95ea1"
"gpu_mn_mg_cgcnn_20260803","experiments/active_learning/EARLY_LiM2O4_ALIGNN_HARD640_m2p18_m2p02_FLAT_20260617/job_176_Mn_fe_-0.980_n4_generated_crystals_cif__gen_2.cif","1256","2026-07-18T18:46:08.3054629Z","bb2bab80fae6da0c08d75d2b358c9229ea2f2f15094da7870df2d2d727434ddd"
"gpu_mn_mg_cgcnn_20260803","experiments/active_learning/EARLY_LiM2O4_ALIGNN_HARD640_m2p18_m2p02_FLAT_20260617/job_176_Mn_fe_-0.980_n4_generated_crystals_cif__gen_3.cif","1258","2026-07-18T18:46:08.3064634Z","45831f1576c4d0c5abd4eeb493cff2b8128887cb09d4f9eb3cd7b5eda5bea665"
"gpu_mn_mg_cgcnn_20260803","experiments/active_learning/EARLY_LiM2O4_ALIGNN_HARD640_m2p18_m2p02_FLAT_20260617/job_177_Ni_fe_-1.309_n4_generated_crystals_cif__gen_1.cif","1251","2026-07-18T18:46:08.3064634Z","bf20d8619826d702c2caf88210963ffc54d70036f45d0a2bbd51ee81445d250f"
"gpu_mn_mg_cgcnn_20260803","experiments/active_learning/EARLY_LiM2O4_ALIGNN_HARD640_m2p18_m2p02_FLAT_20260617/job_177_Ni_fe_-1.309_n4_generated_crystals_cif__gen_2.cif","1255","2026-07-18T18:46:08.3074630Z","9a3ad7769e53639692d155b702eeec7f32052cc95ae45917d84e51fcc0020e9f"
"gpu_mn_mg_cgcnn_20260803","experiments/active_learning/EARLY_LiM2O4_ALIGNN_HARD640_m2p18_m2p02_FLAT_20260617/job_178_Mg_fe_-1.353_n4_generated_crystals_cif__gen_1.cif","1251","2026-07-18T18:46:08.3084639Z","5895463233afebe27cc2871ceb31b31d30a7eded2058acc486403272f69d4168"
"gpu_mn_mg_cgcnn_20260803","experiments/active_learning/EARLY_LiM2O4_ALIGNN_HARD640_m2p18_m2p02_FLAT_20260617/job_179_Co_fe_-1.357_n4_generated_crystals_cif__gen_0.cif","1256","2026-07-18T18:46:08.3084639Z","1ddae0009e98f4db63fcdfa4ef04ee72341b039073da5aa4a9df6bf91caca7aa"
"gpu_mn_mg_cgcnn_20260803","experiments/active_learning/EARLY_LiM2O4_ALIGNN_HARD640_m2p18_m2p02_FLAT_20260617/job_179_Co_fe_-1.357_n4_generated_crystals_cif__gen_3.cif","1251","2026-07-18T18:46:08.3094638Z","1e8625907d7b9c079e5f1886e79a13b86bda5617bd1f4d24a66fc10ba78449e4"
"gpu_mn_mg_cgcnn_20260803","experiments/active_learning/EARLY_LiM2O4_ALIGNN_HARD640_m2p18_m2p02_FLAT_20260617/job_180_Ti_fe_-0.903_n4_generated_crystals_cif__gen_0.cif","1247","2026-07-18T18:46:08.3104707Z","4082ca5c9261ca993ec74d411796ffa5e96536b8d2454c98ac24581169e8abf5"
"gpu_mn_mg_cgcnn_20260803","experiments/active_learning/EARLY_LiM2O4_ALIGNN_HARD640_m2p18_m2p02_FLAT_20260617/job_180_Ti_fe_-0.903_n4_generated_crystals_cif__gen_1.cif","1252","2026-07-18T18:46:08.3114638Z","2634df7549f80885258a03a84d031ac555aab8db4216290cb3c4ace405d976d1"
"gpu_mn_mg_cgcnn_20260803","experiments/active_learning/EARLY_LiM2O4_ALIGNN_HARD640_m2p18_m2p02_FLAT_20260617/job_180_Ti_fe_-0.903_n4_generated_crystals_cif__gen_2.cif","1256","2026-07-18T18:46:08.3114638Z","53e7cc3e7b45c60c13ecc7b0445172200c534c265a0d138f9d26736fe347cb4e"
"gpu_mn_mg_cgcnn_20260803","experiments/active_learning/EARLY_LiM2O4_ALIGNN_HARD640_m2p18_m2p02_FLAT_20260617/job_180_Ti_fe_-0.903_n4_generated_crystals_cif__gen_3.cif","1254","2026-07-18T18:46:08.3124713Z","922db8e2bef6abab70baf0c35353a755028fe435bba151c13cbdd08b045e537c"
"gpu_mn_mg_cgcnn_20260803","experiments/active_learning/EARLY_LiM2O4_ALIGNN_HARD640_m2p18_m2p02_FLAT_20260617/job_181_Mg_fe_-1.158_n4_generated_crystals_cif__gen_0.cif","1254","2026-07-18T18:46:08.3134830Z","cdb5220903b1673ffedddb91b4feac0cefcbc4cd3cc7d23877b8c02e1dcfeb02"
"gpu_mn_mg_cgcnn_20260803","experiments/active_learning/EARLY_LiM2O4_ALIGNN_HARD640_m2p18_m2p02_FLAT_20260617/job_181_Mg_fe_-1.158_n4_generated_crystals_cif__gen_3.cif","1249","2026-07-18T18:46:08.3144709Z","497b855b17e32026f83b7969644f6fdec4c63fc03b73da6b1ad0114784592cf2"
"gpu_mn_mg_cgcnn_20260803","experiments/active_learning/EARLY_LiM2O4_ALIGNN_HARD640_m2p18_m2p02_FLAT_20260617/job_182_Cr_fe_-1.464_n4_generated_crystals_cif__gen_0.cif","1258","2026-07-18T18:46:08.3144709Z","2c683634f865f8b2854323aba7ac1fa4e1fb1a85be88f04ec381430c14368c65"
"gpu_mn_mg_cgcnn_20260803","experiments/active_learning/EARLY_LiM2O4_ALIGNN_HARD640_m2p18_m2p02_FLAT_20260617/job_182_Cr_fe_-1.464_n4_generated_crystals_cif__gen_1.cif","1254","2026-07-18T18:46:08.3154706Z","727339759e08af87296bc3970b7c0be17efc7c763efc187060ade436ef445e55"
"gpu_mn_mg_cgcnn_20260803","experiments/active_learning/EARLY_LiM2O4_ALIGNN_HARD640_m2p18_m2p02_FLAT_20260617/job_182_Cr_fe_-1.464_n4_generated_crystals_cif__gen_2.cif","1250","2026-07-18T18:46:08.3164720Z","b4d45a300ac2186c2fc733341b81af4dacbc510f4b1765f7c9ccec15f69ee684"
"gpu_mn_mg_cgcnn_20260803","experiments/active_learning/EARLY_LiM2O4_ALIGNN_HARD640_m2p18_m2p02_FLAT_20260617/job_182_Cr_fe_-1.464_n4_generated_crystals_cif__gen_3.cif","1258","2026-07-18T18:46:08.3174631Z","caf4e989cdbe795bd7c34115bd53d7efe433eacb1b1b64b1850ccc54b1be9b3a"
"gpu_mn_mg_cgcnn_20260803","experiments/active_learning/EARLY_LiM2O4_ALIGNN_HARD640_m2p18_m2p02_FLAT_20260617/job_183_Ti_fe_-1.203_n4_generated_crystals_cif__gen_0.cif","1253","2026-07-18T18:46:08.3174631Z","2519cb862c98b6ed81b8cc74e73779eba49f9975577239180947ac82ac39a5d9"
"gpu_mn_mg_cgcnn_20260803","experiments/active_learning/EARLY_LiM2O4_ALIGNN_HARD640_m2p18_m2p02_FLAT_20260617/job_183_Ti_fe_-1.203_n4_generated_crystals_cif__gen_1.cif","1253","2026-07-18T18:46:08.3184642Z","86958c35d2e47b56441042af6346bcfbd0c4672caf4b335a6aa25c4f6129fb2f"
"gpu_mn_mg_cgcnn_20260803","experiments/active_learning/EARLY_LiM2O4_ALIGNN_HARD640_m2p18_m2p02_FLAT_20260617/job_183_Ti_fe_-1.203_n4_generated_crystals_cif__gen_3.cif","1255","2026-07-18T18:46:08.3194654Z","6e7712705215c863bdbe11249a3d18050e788816aa394fc0bd19fca8c887ddfb"
"gpu_mn_mg_cgcnn_20260803","experiments/active_learning/EARLY_LiM2O4_ALIGNN_HARD640_m2p18_m2p02_FLAT_20260617/job_184_Co_fe_-1.469_n4_generated_crystals_cif__gen_0.cif","1252","2026-07-18T18:46:08.3204638Z","caf546f5ec5a158868233ee19326fc6ad7d486d482e2a5cfa26187b99f2b268b"
"gpu_mn_mg_cgcnn_20260803","experiments/active_learning/EARLY_LiM2O4_ALIGNN_HARD640_m2p18_m2p02_FLAT_20260617/job_184_Co_fe_-1.469_n4_generated_crystals_cif__gen_1.cif","1252","2026-07-18T18:46:08.3214638Z","cd540d042bc7ab3ead4873ba88dbacfc443bff37759c8ee449b2d9728487dc0b"
"gpu_mn_mg_cgcnn_20260803","experiments/active_learning/EARLY_LiM2O4_ALIGNN_HARD640_m2p18_m2p02_FLAT_20260617/job_184_Co_fe_-1.469_n4_generated_crystals_cif__gen_2.cif","1252","2026-07-18T18:46:08.3224649Z","213b674a8af9951e4f8321b5dc13b1c94444137d8f2a53b1a152ec273c2f3cc4"
"gpu_mn_mg_cgcnn_20260803","experiments/active_learning/EARLY_LiM2O4_ALIGNN_HARD640_m2p18_m2p02_FLAT_20260617/job_185_Co_fe_-0.960_n4_generated_crystals_cif__gen_0.cif","1253","2026-07-18T18:46:08.3234641Z","8f84dbfafc13cdbebd798a44cefb28e1a36d7f54c09ca0ee5a960b4630d1e584"
"gpu_mn_mg_cgcnn_20260803","experiments/active_learning/EARLY_LiM2O4_ALIGNN_HARD640_m2p18_m2p02_FLAT_20260617/job_185_Co_fe_-0.960_n4_generated_crystals_cif__gen_2.cif","1259","2026-07-18T18:46:08.3244629Z","59fc4f75d9536c714f4ad1700a531e4360dd603445bce6f24a81611af294b6c8"
"gpu_mn_mg_cgcnn_20260803","experiments/active_learning/EARLY_LiM2O4_ALIGNN_HARD640_m2p18_m2p02_FLAT_20260617/job_185_Co_fe_-0.960_n4_generated_crystals_cif__gen_3.cif","1249","2026-07-18T18:46:08.3244629Z","f2a7fec94a0fd7ffcfb344acdf7291370a64882e1f8884938b2f811290b3a77b"
"gpu_mn_mg_cgcnn_20260803","experiments/active_learning/EARLY_LiM2O4_ALIGNN_HARD640_m2p18_m2p02_FLAT_20260617/job_186_Ti_fe_-0.814_n4_generated_crystals_cif__gen_0.cif","1252","2026-07-18T18:46:08.3254628Z","086df25965a26043e32bd6be4cd96457f380a0b8eca6f3e7b978680542b57829"
"gpu_mn_mg_cgcnn_20260803","experiments/active_learning/EARLY_LiM2O4_ALIGNN_HARD640_m2p18_m2p02_FLAT_20260617/job_186_Ti_fe_-0.814_n4_generated_crystals_cif__gen_1.cif","1255","2026-07-18T18:46:08.3264632Z","01cc228e0f0cc422f06d1b1229a3c7e012be4f34a46faf34454f1e25df2a9514"
"gpu_mn_mg_cgcnn_20260803","experiments/active_learning/EARLY_LiM2O4_ALIGNN_HARD640_m2p18_m2p02_FLAT_20260617/job_186_Ti_fe_-0.814_n4_generated_crystals_cif__gen_2.cif","1252","2026-07-18T18:46:08.3264632Z","850dbc0ba368611cddcd803e12ec51d4536e6fbcf893035dd921a551eb25f7e9"
"gpu_mn_mg_cgcnn_20260803","experiments/active_learning/EARLY_LiM2O4_ALIGNN_HARD640_m2p18_m2p02_FLAT_20260617/job_187_Ni_fe_-0.981_n4_generated_crystals_cif__gen_1.cif","1254","2026-07-18T18:46:08.3274635Z","f95d93d1ed9804da04f35768478eba72e850fb811018232d8e59842965e60d56"
"gpu_mn_mg_cgcnn_20260803","experiments/active_learning/EARLY_LiM2O4_ALIGNN_HARD640_m2p18_m2p02_FLAT_20260617/job_187_Ni_fe_-0.981_n4_generated_crystals_cif__gen_2.cif","1251","2026-07-18T18:46:08.3284644Z","c3d79fb92f2f611f4b1e1bb28c1c9e0e08329ca93789dcbbd4e563a186a2a0ca"
"gpu_mn_mg_cgcnn_20260803","experiments/active_learning/EARLY_LiM2O4_ALIGNN_HARD640_m2p18_m2p02_FLAT_20260617/job_187_Ni_fe_-0.981_n4_generated_crystals_cif__gen_3.cif","1245","2026-07-18T18:46:08.3294648Z","88de32f9c65702e95caca9d34dd23486da5ddb67d7167a61002efd69234cd11a"
"gpu_mn_mg_cgcnn_20260803","experiments/active_learning/EARLY_LiM2O4_ALIGNN_HARD640_m2p18_m2p02_FLAT_20260617/job_189_Mg_fe_-1.493_n4_generated_crystals_cif__gen_1.cif","1249","2026-07-18T18:46:08.3304671Z","73a6c8a800aa792ac8522bee1a9329ae8f286db80e36764e12b8e4c3c2dd11f4"
"gpu_mn_mg_cgcnn_20260803","experiments/active_learning/EARLY_LiM2O4_ALIGNN_HARD640_m2p18_m2p02_FLAT_20260617/job_190_Mn_fe_-0.838_n4_generated_crystals_cif__gen_1.cif","1255","2026-07-18T18:46:08.3314645Z","d22086d36b63be2d113f3b1bcbdae95ebfdef7a562a3c369680f7c10d0c8ad8c"
"gpu_mn_mg_cgcnn_20260803","experiments/active_learning/EARLY_LiM2O4_ALIGNN_HARD640_m2p18_m2p02_FLAT_20260617/job_190_Mn_fe_-0.838_n4_generated_crystals_cif__gen_2.cif","1251","2026-07-18T18:46:08.3314645Z","bb5c9b052707b2f17d979dc70ff0078340588d7e73d50019dd3fe3e146463b8b"
"gpu_mn_mg_cgcnn_20260803","experiments/active_learning/EARLY_LiM2O4_ALIGNN_HARD640_m2p18_m2p02_FLAT_20260617/job_191_Ti_fe_-0.867_n4_generated_crystals_cif__gen_0.cif","1255","2026-07-18T18:46:08.3324648Z","7e8bfd83211f8f1f1b34b1fb9d5055c89f2028b80ce2d2577ea169b4a84af0dc"
"gpu_mn_mg_cgcnn_20260803","experiments/active_learning/EARLY_LiM2O4_ALIGNN_HARD640_m2p18_m2p02_FLAT_20260617/job_191_Ti_fe_-0.867_n4_generated_crystals_cif__gen_1.cif","1260","2026-07-18T18:46:08.3334646Z","7949c28c44e1fe9a8aacf59aa1a2d48a244da59a785e318eee7dc8808a2399bf"
"gpu_mn_mg_cgcnn_20260803","experiments/active_learning/EARLY_LiM2O4_ALIGNN_HARD640_m2p18_m2p02_FLAT_20260617/job_191_Ti_fe_-0.867_n4_generated_crystals_cif__gen_3.cif","1255","2026-07-18T18:46:08.3344641Z","931b4976ff663de9134aff4922f235a8251f27645f09e442c38585af7fbc4934"
"gpu_mn_mg_cgcnn_20260803","experiments/active_learning/EARLY_LiM2O4_ALIGNN_HARD640_m2p18_m2p02_FLAT_20260617/job_192_Mg_fe_-1.475_n4_generated_crystals_cif__gen_0.cif","1254","2026-07-18T18:46:08.3354634Z","e42615fe43eb21526f3a01ad52a2cc510a4edc32c6157ede60f2112b17a6b44a"
"gpu_mn_mg_cgcnn_20260803","experiments/active_learning/EARLY_LiM2O4_ALIGNN_HARD640_m2p18_m2p02_FLAT_20260617/job_193_Co_fe_-1.092_n4_generated_crystals_cif__gen_0.cif","1252","2026-07-18T18:46:08.3364634Z","12ccb4e38bcc70a18c0bd75040c69b49bd417818858358b2f24d7a5ce693fc82"
"gpu_mn_mg_cgcnn_20260803","experiments/active_learning/EARLY_LiM2O4_ALIGNN_HARD640_m2p18_m2p02_FLAT_20260617/job_193_Co_fe_-1.092_n4_generated_crystals_cif__gen_1.cif","1252","2026-07-18T18:46:08.3374641Z","6c4ee2760bd02a006b8111c2afec2c7c700ecaf1f4b8410198e99023f73a9064"
"gpu_mn_mg_cgcnn_20260803","experiments/active_learning/EARLY_LiM2O4_ALIGNN_HARD640_m2p18_m2p02_FLAT_20260617/job_193_Co_fe_-1.092_n4_generated_crystals_cif__gen_3.cif","1255","2026-07-18T18:46:08.3384643Z","58b53cc7b4aa2f61be518a7df67cf29f2071fd621883c1b23cb23999b044bcf9"
"gpu_mn_mg_cgcnn_20260803","experiments/active_learning/EARLY_LiM2O4_ALIGNN_HARD640_m2p18_m2p02_FLAT_20260617/job_194_Ni_fe_-1.199_n4_generated_crystals_cif__gen_0.cif","1252","2026-07-18T18:46:08.3394633Z","57a5b51ba22dc8a84871a0f9bb66f23775068042c8b19ff61200521550d95209"
"gpu_mn_mg_cgcnn_20260803","experiments/active_learning/EARLY_LiM2O4_ALIGNN_HARD640_m2p18_m2p02_FLAT_20260617/job_194_Ni_fe_-1.199_n4_generated_crystals_cif__gen_1.cif","1247","2026-07-18T18:46:08.3394633Z","3edb8556431796cc38091ca54ee6ca51eef44319430179a149ee662106c2abbb"
"gpu_mn_mg_cgcnn_20260803","experiments/active_learning/EARLY_LiM2O4_ALIGNN_HARD640_m2p18_m2p02_FLAT_20260617/job_194_Ni_fe_-1.199_n4_generated_crystals_cif__gen_2.cif","1258","2026-07-18T18:46:08.3404629Z","cb8a52e5852eb3ee42bce0ac87bba841c9cd2281ca6bcc7b1059203f85e7a352"
"gpu_mn_mg_cgcnn_20260803","experiments/active_learning/EARLY_LiM2O4_ALIGNN_HARD640_m2p18_m2p02_FLAT_20260617/job_195_Mn_fe_-1.284_n4_generated_crystals_cif__gen_0.cif","1252","2026-07-18T18:46:08.3414644Z","6711b2d09265927f8dd4f2dcb5ff12e7a93a2838e8724ce75f30b23b5c28d749"
"gpu_mn_mg_cgcnn_20260803","experiments/active_learning/EARLY_LiM2O4_ALIGNN_HARD640_m2p18_m2p02_FLAT_20260617/job_195_Mn_fe_-1.284_n4_generated_crystals_cif__gen_1.cif","1251","2026-07-18T18:46:08.3424634Z","b4526c40789404074bdcbfd3c02b700226152c7f23937aaaff2e9efab56d90db"
"gpu_mn_mg_cgcnn_20260803","experiments/active_learning/EARLY_LiM2O4_ALIGNN_HARD640_m2p18_m2p02_FLAT_20260617/job_195_Mn_fe_-1.284_n4_generated_crystals_cif__gen_3.cif","1256","2026-07-18T18:46:08.3434638Z","1f9b48d310b4849da4b3709ad71c2a68e349a9712d375961b7a5c28e6c8847fa"
"gpu_mn_mg_cgcnn_20260803","experiments/active_learning/EARLY_LiM2O4_ALIGNN_HARD640_m2p18_m2p02_FLAT_20260617/job_196_Cr_fe_-0.819_n4_generated_crystals_cif__gen_1.cif","1256","2026-07-18T18:46:08.3434638Z","9fb0028a1a629ecf5ea4018d36ef1eeab01e3bd13874ebf591bbc42802f51dc8"
"gpu_mn_mg_cgcnn_20260803","experiments/active_learning/EARLY_LiM2O4_ALIGNN_HARD640_m2p18_m2p02_FLAT_20260617/job_196_Cr_fe_-0.819_n4_generated_crystals_cif__gen_2.cif","1249","2026-07-18T18:46:08.3444643Z","bbdf99ca52bba5fd6c1406cfaa3e1803c9f6d857f8576e541919a5265ec3ea7e"
"gpu_mn_mg_cgcnn_20260803","experiments/active_learning/EARLY_LiM2O4_ALIGNN_HARD640_m2p18_m2p02_FLAT_20260617/job_196_Cr_fe_-0.819_n4_generated_crystals_cif__gen_3.cif","1254","2026-07-18T18:46:08.3454641Z","d6d3fa4cc1776b6ea368464a2be8adf6e680a19c765ae08664c838f3e4c31099"
"gpu_mn_mg_cgcnn_20260803","experiments/active_learning/EARLY_LiM2O4_ALIGNN_HARD640_m2p18_m2p02_FLAT_20260617/job_197_Mn_fe_-0.871_n4_generated_crystals_cif__gen_0.cif","1251","2026-07-18T18:46:08.3464647Z","c686c9845d9057685d16ca9bab0e3b055af6a6733771582219d234c30d059635"
"gpu_mn_mg_cgcnn_20260803","experiments/active_learning/EARLY_LiM2O4_ALIGNN_HARD640_m2p18_m2p02_FLAT_20260617/job_197_Mn_fe_-0.871_n4_generated_crystals_cif__gen_1.cif","1255","2026-07-18T18:46:08.3474651Z","aaffeb1a4ca0cc257b602f86e6feb2ac9827ff819555c805f94dd8bfe48f143e"
"gpu_mn_mg_cgcnn_20260803","experiments/active_learning/EARLY_LiM2O4_ALIGNN_HARD640_m2p18_m2p02_FLAT_20260617/job_197_Mn_fe_-0.871_n4_generated_crystals_cif__gen_2.cif","1255","2026-07-18T18:46:08.3474651Z","8599b3cab4dfec94f2f1dfea5faf5f3dcd1e3f4d485fb778e474d373e48f3e12"
"gpu_mn_mg_cgcnn_20260803","experiments/active_learning/EARLY_LiM2O4_ALIGNN_HARD640_m2p18_m2p02_FLAT_20260617/job_198_Ni_fe_-1.023_n4_generated_crystals_cif__gen_0.cif","1253","2026-07-18T18:46:08.3484636Z","910d54934ad4c8b60dc36422b794fa3821940da1a9f05d55f2a4050b085a252b"
"gpu_mn_mg_cgcnn_20260803","experiments/active_learning/EARLY_LiM2O4_ALIGNN_HARD640_m2p18_m2p02_FLAT_20260617/job_198_Ni_fe_-1.023_n4_generated_crystals_cif__gen_2.cif","1258","2026-07-18T18:46:08.3494629Z","4066ceeaf82875978396bf1ba8f10319dfce812a580cd9f06372e3404b502815"
"gpu_mn_mg_cgcnn_20260803","experiments/active_learning/EARLY_LiM2O4_ALIGNN_HARD640_m2p18_m2p02_FLAT_20260617/job_198_Ni_fe_-1.023_n4_generated_crystals_cif__gen_3.cif","1259","2026-07-18T18:46:08.3494629Z","e95b85e3a1fb88dbd3768ddf069532ac61b11bd646cd7d4b3101d2524611754b"
"gpu_mn_mg_cgcnn_20260803","experiments/active_learning/EARLY_LiM2O4_ALIGNN_HARD640_m2p18_m2p02_FLAT_20260617/job_199_Ti_fe_-1.428_n4_generated_crystals_cif__gen_0.cif","1249","2026-07-18T18:46:08.3504707Z","cae9167f51ab82b4a8c464ef2df5620b8932403526d7fecd4513b8b4deda859d"
"gpu_mn_mg_cgcnn_20260803","experiments/active_learning/EARLY_LiM2O4_ALIGNN_HARD640_m2p18_m2p02_FLAT_20260617/job_199_Ti_fe_-1.428_n4_generated_crystals_cif__gen_1.cif","1249","2026-07-18T18:46:08.3514633Z","c3a86c468d9449291d014bb7706306ab2c7da8b70f82144d5326212dc5711853"
"gpu_mn_mg_cgcnn_20260803","experiments/active_learning/EARLY_LiM2O4_ALIGNN_HARD640_m2p18_m2p02_FLAT_20260617/job_199_Ti_fe_-1.428_n4_generated_crystals_cif__gen_2.cif","1257","2026-07-18T18:46:08.3524707Z","b73ca2627363162be0b3094053432e0908b27fab8e4d40e970c7e6bac4deed51"
"gpu_mn_mg_cgcnn_20260803","experiments/active_learning/EARLY_LiM2O4_ALIGNN_HARD640_m2p18_m2p02_FLAT_20260617/job_200_Cr_fe_-1.108_n4_generated_crystals_cif__gen_0.cif","1251","2026-07-18T18:46:08.3534637Z","523406bb7d1291a8c0c5ae4803af95eb82c638b32bd19a1febf9d37149b690f6"
"gpu_mn_mg_cgcnn_20260803","experiments/active_learning/EARLY_LiM2O4_ALIGNN_HARD640_m2p18_m2p02_FLAT_20260617/job_200_Cr_fe_-1.108_n4_generated_crystals_cif__gen_2.cif","1254","2026-07-18T18:46:08.3534637Z","58bd00c7c483a76f2fc66b6d2ba3d8a4bf8417baeb149046fd676c278d4be2b7"
"gpu_mn_mg_cgcnn_20260803","experiments/active_learning/EARLY_LiM2O4_ALIGNN_HARD640_m2p18_m2p02_FLAT_20260617/job_200_Cr_fe_-1.108_n4_generated_crystals_cif__gen_3.cif","1256","2026-07-18T18:46:08.3544635Z","48b3b61bb5e81434952330f3697efd56ede53e1ee58bfec67b00b6a0a8ba0bb4"
"gpu_mn_mg_cgcnn_20260803","experiments/active_learning/EARLY_LiM2O4_ALIGNN_HARD640_m2p18_m2p02_FLAT_20260617/job_201_Cr_fe_-1.216_n4_generated_crystals_cif__gen_0.cif","1252","2026-07-18T18:46:08.3554631Z","8e1161299b2d424281e606752573a70ea3aef39211010d3f63d81962652d343d"
"gpu_mn_mg_cgcnn_20260803","experiments/active_learning/EARLY_LiM2O4_ALIGNN_HARD640_m2p18_m2p02_FLAT_20260617/job_201_Cr_fe_-1.216_n4_generated_crystals_cif__gen_1.cif","1260","2026-07-18T18:46:08.3554631Z","4751c143cd58adc58522d069f17750c5498dfd7dc2267e3087694a2f6c433bbf"
"gpu_mn_mg_cgcnn_20260803","experiments/active_learning/EARLY_LiM2O4_ALIGNN_HARD640_m2p18_m2p02_FLAT_20260617/job_201_Cr_fe_-1.216_n4_generated_crystals_cif__gen_2.cif","1257","2026-07-18T18:46:08.3564641Z","2ab81081f8990baf758c3e3022cb95a3c5d242499716103d51830a11d84a8170"
"gpu_mn_mg_cgcnn_20260803","experiments/active_learning/EARLY_LiM2O4_ALIGNN_HARD640_m2p18_m2p02_FLAT_20260617/job_201_Cr_fe_-1.216_n4_generated_crystals_cif__gen_3.cif","1254","2026-07-18T18:46:08.3564641Z","97c9a06972ade2a874040e09d37326fc2c4c00c419dd515a1cab5969898f735f"
"gpu_mn_mg_cgcnn_20260803","experiments/active_learning/EARLY_LiM2O4_ALIGNN_HARD640_m2p18_m2p02_FLAT_20260617/job_203_Ni_fe_-0.895_n4_generated_crystals_cif__gen_0.cif","1254","2026-07-18T18:46:08.3574640Z","ad6808cdd07f1364746f54b19127fc0a586731484e775d254f3f0765d33a4a40"
"gpu_mn_mg_cgcnn_20260803","experiments/active_learning/EARLY_LiM2O4_ALIGNN_HARD640_m2p18_m2p02_FLAT_20260617/job_203_Ni_fe_-0.895_n4_generated_crystals_cif__gen_1.cif","1255","2026-07-18T18:46:08.3574640Z","f2a6c46ad6a6bab9566f4552f1d21a8c65c62ba1076497d8f3dd1c3ee224a7cd"
"gpu_mn_mg_cgcnn_20260803","experiments/active_learning/EARLY_LiM2O4_ALIGNN_HARD640_m2p18_m2p02_FLAT_20260617/job_204_Cr_fe_-0.932_n4_generated_crystals_cif__gen_0.cif","1254","2026-07-18T18:46:08.3584634Z","b8eb5306bac9eee19af8a05860932ecc0c16990079f0db1f1f7a6c5fb49f979c"
"gpu_mn_mg_cgcnn_20260803","experiments/active_learning/EARLY_LiM2O4_ALIGNN_HARD640_m2p18_m2p02_FLAT_20260617/job_204_Cr_fe_-0.932_n4_generated_crystals_cif__gen_3.cif","1248","2026-07-18T18:46:08.3594634Z","e605a804e5db0023418446c1016abb117b356ea0baa66e8063dcce31d02b69c0"
"gpu_mn_mg_cgcnn_20260803","experiments/active_learning/EARLY_LiM2O4_ALIGNN_HARD640_m2p18_m2p02_FLAT_20260617/job_205_Al_fe_-1.483_n4_generated_crystals_cif__gen_2.cif","1255","2026-07-18T18:46:08.3604641Z","1b61f609f8e1109ce2713ad3c8f60e72ab058675ed76fae94a94f90f1021d829"
"gpu_mn_mg_cgcnn_20260803","experiments/active_learning/EARLY_LiM2O4_ALIGNN_HARD640_m2p18_m2p02_FLAT_20260617/job_206_Ti_fe_-0.853_n4_generated_crystals_cif__gen_0.cif","1254","2026-07-18T18:46:08.3614636Z","c8d14828bca8265769f8c5e6a246075329b444fe23d7e37420d7347015b3c010"
"gpu_mn_mg_cgcnn_20260803","experiments/active_learning/EARLY_LiM2O4_ALIGNN_HARD640_m2p18_m2p02_FLAT_20260617/job_206_Ti_fe_-0.853_n4_generated_crystals_cif__gen_1.cif","1258","2026-07-18T18:46:08.3624711Z","83d9ab4863cec94113a3d6f21768dfb034855898a599feed57546f7ff97b53b4"
"gpu_mn_mg_cgcnn_20260803","experiments/active_learning/EARLY_LiM2O4_ALIGNN_HARD640_m2p18_m2p02_FLAT_20260617/job_207_Cr_fe_-0.848_n4_generated_crystals_cif__gen_1.cif","1245","2026-07-18T18:46:08.3624711Z","221406c747970d4bbd11eb3c66300f3ad316795557972b9ada92e7c8250a1873"
"gpu_mn_mg_cgcnn_20260803","experiments/active_learning/EARLY_LiM2O4_ALIGNN_HARD640_m2p18_m2p02_FLAT_20260617/job_207_Cr_fe_-0.848_n4_generated_crystals_cif__gen_2.cif","1254","2026-07-18T18:46:08.3634709Z","a3ff6e003638e1c13a7ad1a333a9f12c05d090cd525920b424af480a06b2c4d1"
"gpu_mn_mg_cgcnn_20260803","experiments/active_learning/EARLY_LiM2O4_ALIGNN_HARD640_m2p18_m2p02_FLAT_20260617/job_208_Cr_fe_-1.031_n4_generated_crystals_cif__gen_0.cif","1253","2026-07-18T18:46:08.3644707Z","5e3317dbfc07e58c39b9c4be8d2e4355b9d3f441cf2fcf37c4a2c80382dbb116"
"gpu_mn_mg_cgcnn_20260803","experiments/active_learning/EARLY_LiM2O4_ALIGNN_HARD640_m2p18_m2p02_FLAT_20260617/job_208_Cr_fe_-1.031_n4_generated_crystals_cif__gen_1.cif","1256","2026-07-18T18:46:08.3654636Z","08bf01cf2381e2d10e62e9b9bc1dcda99b506e5cd2053afaf29a996b380e65b5"
"gpu_mn_mg_cgcnn_20260803","experiments/active_learning/EARLY_LiM2O4_ALIGNN_HARD640_m2p18_m2p02_FLAT_20260617/job_208_Cr_fe_-1.031_n4_generated_crystals_cif__gen_2.cif","1251","2026-07-18T18:46:08.3654636Z","3fe5c82569bd27b76cfa514676159d79f99c754b72d8eee31561f1801ec5b95b"
"gpu_mn_mg_cgcnn_20260803","experiments/active_learning/EARLY_LiM2O4_ALIGNN_HARD640_m2p18_m2p02_FLAT_20260617/job_208_Cr_fe_-1.031_n4_generated_crystals_cif__gen_3.cif","1251","2026-07-18T18:46:08.3664667Z","2f5ad66b415dbe5f605634821feee2ff0c23d4214244b1cb10b9b24a4c6d442d"
"gpu_mn_mg_cgcnn_20260803","experiments/active_learning/EARLY_LiM2O4_ALIGNN_HARD640_m2p18_m2p02_FLAT_20260617/job_209_Ti_fe_-0.932_n4_generated_crystals_cif__gen_0.cif","1253","2026-07-18T18:46:08.3674741Z","2d8e509f06cf89599cdd82ecf320aab8738d3808385958a4e4d33dbb1565687a"
"gpu_mn_mg_cgcnn_20260803","experiments/active_learning/EARLY_LiM2O4_ALIGNN_HARD640_m2p18_m2p02_FLAT_20260617/job_209_Ti_fe_-0.932_n4_generated_crystals_cif__gen_1.cif","1253","2026-07-18T18:46:08.3684747Z","1c742b3f54434a398e967473fda97a8b60687b4d08622a15a6c3bd75a6a45764"
"gpu_mn_mg_cgcnn_20260803","experiments/active_learning/EARLY_LiM2O4_ALIGNN_HARD640_m2p18_m2p02_FLAT_20260617/job_210_Co_fe_-1.389_n4_generated_crystals_cif__gen_1.cif","1248","2026-07-18T18:46:08.3694677Z","97975ef87eddb8ed48ea6ab155a6086fd5ea79b423fb013f642cad95246530cd"
"gpu_mn_mg_cgcnn_20260803","experiments/active_learning/EARLY_LiM2O4_ALIGNN_HARD640_m2p18_m2p02_FLAT_20260617/job_210_Co_fe_-1.389_n4_generated_crystals_cif__gen_2.cif","1249","2026-07-18T18:46:08.3704669Z","329e0a52ac54bf2f46e5cf12f56ac73a4cb16a11cd25a0768266e0f8df11f982"
"gpu_mn_mg_cgcnn_20260803","experiments/active_learning/EARLY_LiM2O4_ALIGNN_HARD640_m2p18_m2p02_FLAT_20260617/job_211_Ti_fe_-1.424_n4_generated_crystals_cif__gen_0.cif","1255","2026-07-18T18:46:08.3704669Z","7403b2c9e530949f75ec11432738c7d72fd5955bda5398dc5b0acbbda28dc247"
"gpu_mn_mg_cgcnn_20260803","experiments/active_learning/EARLY_LiM2O4_ALIGNN_HARD640_m2p18_m2p02_FLAT_20260617/job_211_Ti_fe_-1.424_n4_generated_crystals_cif__gen_1.cif","1260","2026-07-18T18:46:08.3714755Z","22bd82099d8ddf87a51ed15a5c1fded06acc3e108dcd17b3da28c7b149662f22"
"gpu_mn_mg_cgcnn_20260803","experiments/active_learning/EARLY_LiM2O4_ALIGNN_HARD640_m2p18_m2p02_FLAT_20260617/job_211_Ti_fe_-1.424_n4_generated_crystals_cif__gen_2.cif","1252","2026-07-18T18:46:08.3724671Z","79eedb0a3b1a8e7ff50681bf48c83d1491d834c50524211ca3d2dd9c67d422c5"
"gpu_mn_mg_cgcnn_20260803","experiments/active_learning/EARLY_LiM2O4_ALIGNN_HARD640_m2p18_m2p02_FLAT_20260617/job_211_Ti_fe_-1.424_n4_generated_crystals_cif__gen_3.cif","1257","2026-07-18T18:46:08.3724671Z","3a8e1d322370ebbc8a43eb6ba9cd74ddd17be8df0537f8efa5e174ff3e77b1f8"
"gpu_mn_mg_cgcnn_20260803","experiments/active_learning/EARLY_LiM2O4_ALIGNN_HARD640_m2p18_m2p02_FLAT_20260617/job_212_Cr_fe_-1.473_n4_generated_crystals_cif__gen_0.cif","1257","2026-07-18T18:46:08.3734752Z","aab97403ec853b8f49fc6f9b14ace0640bcddf24f132bbe8148030891a4c6877"
"gpu_mn_mg_cgcnn_20260803","experiments/active_learning/EARLY_LiM2O4_ALIGNN_HARD640_m2p18_m2p02_FLAT_20260617/job_212_Cr_fe_-1.473_n4_generated_crystals_cif__gen_2.cif","1254","2026-07-18T18:46:08.3744746Z","7f33bb79af2084e7bc7bcf69bdecc89f3870846c05a680fc44da4154479bf8da"
"gpu_mn_mg_cgcnn_20260803","experiments/active_learning/EARLY_LiM2O4_ALIGNN_HARD640_m2p18_m2p02_FLAT_20260617/job_212_Cr_fe_-1.473_n4_generated_crystals_cif__gen_3.cif","1255","2026-07-18T18:46:08.3744746Z","8ecfacf109827abc7385e46a3d8b8f813f60181bb6351a1b8b38e01f32a3c85f"
"gpu_mn_mg_cgcnn_20260803","experiments/active_learning/EARLY_LiM2O4_ALIGNN_HARD640_m2p18_m2p02_FLAT_20260617/job_213_Al_fe_-1.344_n4_generated_crystals_cif__gen_1.cif","1259","2026-07-18T18:46:08.3754843Z","f0da8ff7ef0ade950e6adb80a996a766eb1384d047b72fe5f750b8a4bfa7160f"
"gpu_mn_mg_cgcnn_20260803","experiments/active_learning/EARLY_LiM2O4_ALIGNN_HARD640_m2p18_m2p02_FLAT_20260617/job_214_Cr_fe_-0.857_n4_generated_crystals_cif__gen_0.cif","1255","2026-07-18T18:46:08.3764668Z","f1249a61e766c6ffa1ba4a337d6612c9ecbe86a8c0e611190aa7f9c79212ffdd"
"gpu_mn_mg_cgcnn_20260803","experiments/active_learning/EARLY_LiM2O4_ALIGNN_HARD640_m2p18_m2p02_FLAT_20260617/job_214_Cr_fe_-0.857_n4_generated_crystals_cif__gen_1.cif","1250","2026-07-18T18:46:08.3774699Z","02c085d184b33ad4dbf3f8a275e8980f4743a319ac4b4a661ab45a8420ea5397"
"gpu_mn_mg_cgcnn_20260803","experiments/active_learning/EARLY_LiM2O4_ALIGNN_HARD640_m2p18_m2p02_FLAT_20260617/job_214_Cr_fe_-0.857_n4_generated_crystals_cif__gen_3.cif","1257","2026-07-18T18:46:08.3774699Z","aad6f536f21b4fdd4e2644a539021142ce1f5ec1a1d29d36121cb210fae8d944"
"gpu_mn_mg_cgcnn_20260803","experiments/active_learning/EARLY_LiM2O4_ALIGNN_HARD640_m2p18_m2p02_FLAT_20260617/job_215_Co_fe_-1.286_n4_generated_crystals_cif__gen_1.cif","1256","2026-07-18T18:46:08.3784758Z","36937c34935c3431a2f418530f3a347a572baee33c4a81b6ca0e575834ee5338"
"gpu_mn_mg_cgcnn_20260803","experiments/active_learning/EARLY_LiM2O4_ALIGNN_HARD640_m2p18_m2p02_FLAT_20260617/job_215_Co_fe_-1.286_n4_generated_crystals_cif__gen_2.cif","1255","2026-07-18T18:46:08.3794745Z","5c11859a881ffb9006ef8372ab36bda624a23bb427f1cc9e674c96aca3cea8c0"
"gpu_mn_mg_cgcnn_20260803","experiments/active_learning/EARLY_LiM2O4_ALIGNN_HARD640_m2p18_m2p02_FLAT_20260617/job_216_Cr_fe_-0.890_n4_generated_crystals_cif__gen_0.cif","1252","2026-07-18T18:46:08.3794745Z","761f16a951c9739e446ad83b7d71c48d267e6c286e4960cf8b6b9198671db698"
"gpu_mn_mg_cgcnn_20260803","experiments/active_learning/EARLY_LiM2O4_ALIGNN_HARD640_m2p18_m2p02_FLAT_20260617/job_216_Cr_fe_-0.890_n4_generated_crystals_cif__gen_2.cif","1254","2026-07-18T18:46:08.3804748Z","535a29eab5877764f21ab849d3ec3977cc9be54e5dc719f96993214ebb45331b"
"gpu_mn_mg_cgcnn_20260803","experiments/active_learning/EARLY_LiM2O4_ALIGNN_HARD640_m2p18_m2p02_FLAT_20260617/job_216_Cr_fe_-0.890_n4_generated_crystals_cif__gen_3.cif","1258","2026-07-18T18:46:08.3809876Z","8a37adb745f0f4888f34b3e253319105791cf3b4782e0a028dbf1b0bb2be0cd0"
"gpu_mn_mg_cgcnn_20260803","experiments/active_learning/EARLY_LiM2O4_ALIGNN_HARD640_m2p18_m2p02_FLAT_20260617/job_217_Ni_fe_-1.483_n4_generated_crystals_cif__gen_0.cif","1255","2026-07-18T18:46:08.3819970Z","7b3085e42a421541688bcb7fc919d5ef67815e4a1680b2940cd3dcc8b1e1db49"
"gpu_mn_mg_cgcnn_20260803","experiments/active_learning/EARLY_LiM2O4_ALIGNN_HARD640_m2p18_m2p02_FLAT_20260617/job_217_Ni_fe_-1.483_n4_generated_crystals_cif__gen_2.cif","1251","2026-07-18T18:46:08.3829913Z","2e12f4067a20463d5b7cbf5a4364e1cd69140ecc153986790522ac211b273db3"
"gpu_mn_mg_cgcnn_20260803","experiments/active_learning/EARLY_LiM2O4_ALIGNN_HARD640_m2p18_m2p02_FLAT_20260617/job_217_Ni_fe_-1.483_n4_generated_crystals_cif__gen_3.cif","1255","2026-07-18T18:46:08.3829913Z","ecfc9496f918fb3c6f89772b0924c1fa3632507a2d0dad9f014dd3786a52d2c2"
"gpu_mn_mg_cgcnn_20260803","experiments/active_learning/EARLY_LiM2O4_ALIGNN_HARD640_m2p18_m2p02_FLAT_20260617/job_218_Ni_fe_-1.221_n4_generated_crystals_cif__gen_0.cif","1255","2026-07-18T18:46:08.3849912Z","8372812c13854f2abc5117dce5ae649d27e2007542ffdfadad7abf684243684f"
"gpu_mn_mg_cgcnn_20260803","experiments/active_learning/EARLY_LiM2O4_ALIGNN_HARD640_m2p18_m2p02_FLAT_20260617/job_218_Ni_fe_-1.221_n4_generated_crystals_cif__gen_1.cif","1258","2026-07-18T18:46:08.3849912Z","39937c7f0454fb08ec554498129ec71ade2d391d2d99c229fa78601802b5f7f3"
"gpu_mn_mg_cgcnn_20260803","experiments/active_learning/EARLY_LiM2O4_ALIGNN_HARD640_m2p18_m2p02_FLAT_20260617/job_218_Ni_fe_-1.221_n4_generated_crystals_cif__gen_2.cif","1253","2026-07-18T18:46:08.3859912Z","efd46752de3a82531041f43300047846090d2f77c0612b8af256fbb73574deee"
"gpu_mn_mg_cgcnn_20260803","experiments/active_learning/EARLY_LiM2O4_ALIGNN_HARD640_m2p18_m2p02_FLAT_20260617/job_218_Ni_fe_-1.221_n4_generated_crystals_cif__gen_3.cif","1253","2026-07-18T18:46:08.3869907Z","b51f7eb555753ada97c23cb7e6d5d96449d632eba12631a176dbe2ff71ad8e13"
"gpu_mn_mg_cgcnn_20260803","experiments/active_learning/EARLY_LiM2O4_ALIGNN_HARD640_m2p18_m2p02_FLAT_20260617/job_219_Co_fe_-0.895_n4_generated_crystals_cif__gen_0.cif","1256","2026-07-18T18:46:08.3879984Z","9841e613ea3cf4e6a248c8203e7ea52562bd507045a0aad5187c7b8b3206fa44"
"gpu_mn_mg_cgcnn_20260803","experiments/active_learning/EARLY_LiM2O4_ALIGNN_HARD640_m2p18_m2p02_FLAT_20260617/job_219_Co_fe_-0.895_n4_generated_crystals_cif__gen_1.cif","1256","2026-07-18T18:46:08.3879984Z","882220c39567a5366e65dde713960766dbaab32cbf5217bdaa2f2ab55036732b"
"gpu_mn_mg_cgcnn_20260803","experiments/active_learning/EARLY_LiM2O4_ALIGNN_HARD640_m2p18_m2p02_FLAT_20260617/job_219_Co_fe_-0.895_n4_generated_crystals_cif__gen_3.cif","1245","2026-07-18T18:46:08.3889994Z","fc1763778ae44e8b8340498b5f532a8d4122bbba4cfd830b93f53c4906af5cf8"
"gpu_mn_mg_cgcnn_20260803","experiments/active_learning/EARLY_LiM2O4_ALIGNN_HARD640_m2p18_m2p02_FLAT_20260617/job_220_Cr_fe_-1.305_n4_generated_crystals_cif__gen_0.cif","1254","2026-07-18T18:46:08.3899992Z","b35c945df131fae69276ed8897ea0752e0e1aa53a30f4542973ef4f66724de74"
"gpu_mn_mg_cgcnn_20260803","experiments/active_learning/EARLY_LiM2O4_ALIGNN_HARD640_m2p18_m2p02_FLAT_20260617/job_220_Cr_fe_-1.305_n4_generated_crystals_cif__gen_1.cif","1256","2026-07-18T18:46:08.3909978Z","4adfcd0765a6d9c60c3d6870392bd735d59ebbbce59c090b15556522a35b7a7a"
"gpu_mn_mg_cgcnn_20260803","experiments/active_learning/EARLY_LiM2O4_ALIGNN_HARD640_m2p18_m2p02_FLAT_20260617/job_220_Cr_fe_-1.305_n4_generated_crystals_cif__gen_2.cif","1257","2026-07-18T18:46:08.3909978Z","58b63df8d357144ee7731b3e7b607b82a1f6e35e553c8ac744ed5d15e3e02050"
"gpu_mn_mg_cgcnn_20260803","experiments/active_learning/EARLY_LiM2O4_ALIGNN_HARD640_m2p18_m2p02_FLAT_20260617/job_221_Ti_fe_-1.143_n4_generated_crystals_cif__gen_0.cif","1254","2026-07-18T18:46:08.3919980Z","c93c61d84a0bb5fe173d09a1460e35e300c1a89a84a8efb2315e243d1c0edd6b"
"gpu_mn_mg_cgcnn_20260803","experiments/active_learning/EARLY_LiM2O4_ALIGNN_HARD640_m2p18_m2p02_FLAT_20260617/job_221_Ti_fe_-1.143_n4_generated_crystals_cif__gen_1.cif","1256","2026-07-18T18:46:08.3929987Z","8a1508af68c113980c2786fa15fc7d2f556be85b04953cab51d8203d357fee82"
"gpu_mn_mg_cgcnn_20260803","experiments/active_learning/EARLY_LiM2O4_ALIGNN_HARD640_m2p18_m2p02_FLAT_20260617/job_221_Ti_fe_-1.143_n4_generated_crystals_cif__gen_3.cif","1249","2026-07-18T18:46:08.3929987Z","c2b92220b1adfedac21ca9b1389ed38b6231d1c33130e2bfa44f19fbb95b993f"
"gpu_mn_mg_cgcnn_20260803","experiments/active_learning/EARLY_LiM2O4_ALIGNN_HARD640_m2p18_m2p02_FLAT_20260617/job_222_Ti_fe_-0.813_n4_generated_crystals_cif__gen_1.cif","1252","2026-07-18T18:46:08.3939907Z","20881d8100fcbaa76c08b097a7890443ca68cb20fac7354a2e86caf9f50fde75"
"gpu_mn_mg_cgcnn_20260803","experiments/active_learning/EARLY_LiM2O4_ALIGNN_HARD640_m2p18_m2p02_FLAT_20260617/job_222_Ti_fe_-0.813_n4_generated_crystals_cif__gen_3.cif","1258","2026-07-18T18:46:08.3949912Z","f9b06a1ca50e9a90d2e16d0c6b419fb6cdd11c09e451d1591f6733a14f874a72"
"gpu_mn_mg_cgcnn_20260803","experiments/active_learning/EARLY_LiM2O4_ALIGNN_HARD640_m2p18_m2p02_FLAT_20260617/job_223_Mg_fe_-1.268_n4_generated_crystals_cif__gen_1.cif","1252","2026-07-18T18:46:08.3959984Z","0a4bfb327d0db0c0cf4c2e8b5b93999520197cc06b5c52fcf761e39e2271e1db"
"gpu_mn_mg_cgcnn_20260803","experiments/active_learning/EARLY_LiM2O4_ALIGNN_HARD640_m2p18_m2p02_FLAT_20260617/job_224_Mn_fe_-1.419_n4_generated_crystals_cif__gen_0.cif","1252","2026-07-18T18:46:08.3959984Z","8bcf6585177d669a3a2550de4eb7ce09e693305052e8c2ea389f3f2d73579757"
"gpu_mn_mg_cgcnn_20260803","experiments/active_learning/EARLY_LiM2O4_ALIGNN_HARD640_m2p18_m2p02_FLAT_20260617/job_224_Mn_fe_-1.419_n4_generated_crystals_cif__gen_2.cif","1255","2026-07-18T18:46:08.3969989Z","dd36e74b345ea57f64ec2b465d257f2c9bcac0cb8150789606a13a1cb7f2b8fb"
"gpu_mn_mg_cgcnn_20260803","experiments/active_learning/EARLY_LiM2O4_ALIGNN_HARD640_m2p18_m2p02_FLAT_20260617/job_224_Mn_fe_-1.419_n4_generated_crystals_cif__gen_3.cif","1248","2026-07-18T18:46:08.3979987Z","5a8cf57d460660b7822c7862338e0bc716970365f5ebc8969ac48e568f460e1b"
"gpu_mn_mg_cgcnn_20260803","experiments/active_learning/EARLY_LiM2O4_ALIGNN_HARD640_m2p18_m2p02_FLAT_20260617/job_225_Co_fe_-1.375_n4_generated_crystals_cif__gen_1.cif","1250","2026-07-18T18:46:08.3979987Z","cc3814ae4c5c2e4a1ec34381441549d69d235c4d46b4d279ff9868ec3b73e21e"
"gpu_mn_mg_cgcnn_20260803","experiments/active_learning/EARLY_LiM2O4_ALIGNN_HARD640_m2p18_m2p02_FLAT_20260617/job_225_Co_fe_-1.375_n4_generated_crystals_cif__gen_2.cif","1250","2026-07-18T18:46:08.3989967Z","ed5d9bcc362a23c1d868d33683f06e9656e6e299225989fdc631324c116afc50"
"gpu_mn_mg_cgcnn_20260803","experiments/active_learning/EARLY_LiM2O4_ALIGNN_HARD640_m2p18_m2p02_FLAT_20260617/job_227_Mg_fe_-1.196_n4_generated_crystals_cif__gen_3.cif","1248","2026-07-18T18:46:08.3999991Z","c69f9885a6b066abc1ba9266052d32e315af7c4863e52132361bf269216c86cb"
"gpu_mn_mg_cgcnn_20260803","experiments/active_learning/EARLY_LiM2O4_ALIGNN_HARD640_m2p18_m2p02_FLAT_20260617/job_228_Ti_fe_-0.950_n4_generated_crystals_cif__gen_0.cif","1263","2026-07-18T18:46:08.4009913Z","7157ec212c701efbc9eeb026d14c93a2393951efefb020f74dad0351a61910da"
"gpu_mn_mg_cgcnn_20260803","experiments/active_learning/EARLY_LiM2O4_ALIGNN_HARD640_m2p18_m2p02_FLAT_20260617/job_228_Ti_fe_-0.950_n4_generated_crystals_cif__gen_1.cif","1253","2026-07-18T18:46:08.4009913Z","672fae3fb48e85b44062bee36a934dd3f39598aa473c26d2cce0eefe9c3044c9"
"gpu_mn_mg_cgcnn_20260803","experiments/active_learning/EARLY_LiM2O4_ALIGNN_HARD640_m2p18_m2p02_FLAT_20260617/job_229_Al_fe_-1.076_n4_generated_crystals_cif__gen_2.cif","1245","2026-07-18T18:46:08.4019910Z","a08136605fe9ec61f9eb1b5fe52ebd6453df18eaaeb4f6d37bebea94514621c4"
"gpu_mn_mg_cgcnn_20260803","experiments/active_learning/EARLY_LiM2O4_ALIGNN_HARD640_m2p18_m2p02_FLAT_20260617/job_229_Al_fe_-1.076_n4_generated_crystals_cif__gen_3.cif","1253","2026-07-18T18:46:08.4029911Z","4bb818559acc60c81d57ca22a8b7dfd53da81bb2667b3ec09d6975d909a47ab3"
"gpu_mn_mg_cgcnn_20260803","experiments/active_learning/EARLY_LiM2O4_ALIGNN_HARD640_m2p18_m2p02_FLAT_20260617/job_230_Mg_fe_-1.419_n4_generated_crystals_cif__gen_3.cif","1256","2026-07-18T18:46:08.4039988Z","6786fc3eb3d8e90f7cb3f6bd3e8c56a7bb5dbf6b495b18ae672fe4db70b71fcf"
"gpu_mn_mg_cgcnn_20260803","experiments/active_learning/EARLY_LiM2O4_ALIGNN_HARD640_m2p18_m2p02_FLAT_20260617/job_232_Mn_fe_-1.004_n4_generated_crystals_cif__gen_1.cif","1246","2026-07-18T18:46:08.4039988Z","5d2b3447081631b0751ce28584b9c06f557977dcd83d01fb007763d563b4280d"
"gpu_mn_mg_cgcnn_20260803","experiments/active_learning/EARLY_LiM2O4_ALIGNN_HARD640_m2p18_m2p02_FLAT_20260617/job_232_Mn_fe_-1.004_n4_generated_crystals_cif__gen_2.cif","1254","2026-07-18T18:46:08.4049908Z","ae8947258c7de037dc91ef7a5a9b35d4633b82b7db3cae4d19f86b4fc22d975c"
"gpu_mn_mg_cgcnn_20260803","experiments/active_learning/EARLY_LiM2O4_ALIGNN_HARD640_m2p18_m2p02_FLAT_20260617/job_232_Mn_fe_-1.004_n4_generated_crystals_cif__gen_3.cif","1260","2026-07-18T18:46:08.4059909Z","c62b5ff72d7b3737f7657c61f1d23bbc31a126a65a95cf189faf05385ab3eb13"
"gpu_mn_mg_cgcnn_20260803","experiments/active_learning/EARLY_LiM2O4_ALIGNN_HARD640_m2p18_m2p02_FLAT_20260617/job_233_Mn_fe_-1.136_n4_generated_crystals_cif__gen_0.cif","1247","2026-07-18T18:46:08.4069909Z","db26636f75c47b2e7f4e5ea20e6040f4071573fbf55b99b481e6688e522bdbb6"
"gpu_mn_mg_cgcnn_20260803","experiments/active_learning/EARLY_LiM2O4_ALIGNN_HARD640_m2p18_m2p02_FLAT_20260617/job_233_Mn_fe_-1.136_n4_generated_crystals_cif__gen_1.cif","1250","2026-07-18T18:46:08.4069909Z","295d6fe863eebebe759049c21f1f36051e756ecebf001d573188e7d6fa688434"
"gpu_mn_mg_cgcnn_20260803","experiments/active_learning/EARLY_LiM2O4_ALIGNN_HARD640_m2p18_m2p02_FLAT_20260617/job_233_Mn_fe_-1.136_n4_generated_crystals_cif__gen_2.cif","1259","2026-07-18T18:46:08.4079916Z","fd948a3b7b7cae7ce8d53e94ea74f0fdd0fba0f7cf78e3029f1915f780efe8de"
"gpu_mn_mg_cgcnn_20260803","experiments/active_learning/EARLY_LiM2O4_ALIGNN_HARD640_m2p18_m2p02_FLAT_20260617/job_234_Cr_fe_-1.123_n4_generated_crystals_cif__gen_0.cif","1254","2026-07-18T18:46:08.4089909Z","f65cc900009010b0e60c4595590a59a95f2e81e2f0dce2be0db1488aa6a5c5d4"
"gpu_mn_mg_cgcnn_20260803","experiments/active_learning/EARLY_LiM2O4_ALIGNN_HARD640_m2p18_m2p02_FLAT_20260617/job_234_Cr_fe_-1.123_n4_generated_crystals_cif__gen_2.cif","1256","2026-07-18T18:46:08.4089909Z","580806bb87643bfa3de7297ff59b2285d110b9d46cd49f1f2f295420b6db6528"
"gpu_mn_mg_cgcnn_20260803","experiments/active_learning/EARLY_LiM2O4_ALIGNN_HARD640_m2p18_m2p02_FLAT_20260617/job_234_Cr_fe_-1.123_n4_generated_crystals_cif__gen_3.cif","1248","2026-07-18T18:46:08.4099985Z","bb4a63891ac5b1af49b278cb564beeb0669ccb0f7eb0d9039ad64294b4983624"
"gpu_mn_mg_cgcnn_20260803","experiments/active_learning/EARLY_LiM2O4_ALIGNN_HARD640_m2p18_m2p02_FLAT_20260617/job_235_Ti_fe_-0.842_n4_generated_crystals_cif__gen_0.cif","1251","2026-07-18T18:46:08.4109987Z","c05461b348fbd440ae16bb4e8d89202df20ff74d6e3ac3ea85c427bc00c06101"
"gpu_mn_mg_cgcnn_20260803","experiments/active_learning/EARLY_LiM2O4_ALIGNN_HARD640_m2p18_m2p02_FLAT_20260617/job_235_Ti_fe_-0.842_n4_generated_crystals_cif__gen_1.cif","1257","2026-07-18T18:46:08.4119990Z","5bebbe4bf42803c951281c3922e8bff603df76a9711572d160aef2e2892c7c1b"
"gpu_mn_mg_cgcnn_20260803","experiments/active_learning/EARLY_LiM2O4_ALIGNN_HARD640_m2p18_m2p02_FLAT_20260617/job_235_Ti_fe_-0.842_n4_generated_crystals_cif__gen_2.cif","1255","2026-07-18T18:46:08.4119990Z","fb8a7e3b72eb93c8782ad41f4303952f0b6a073a2753691d99537e2f04de2f79"
"gpu_mn_mg_cgcnn_20260803","experiments/active_learning/EARLY_LiM2O4_ALIGNN_HARD640_m2p18_m2p02_FLAT_20260617/job_235_Ti_fe_-0.842_n4_generated_crystals_cif__gen_3.cif","1256","2026-07-18T18:46:08.4129999Z","9fe53dad568de0c2ae1a78086f030a5bfa6d7671bd87231e6928080cf0067dc3"
"gpu_mn_mg_cgcnn_20260803","experiments/active_learning/EARLY_LiM2O4_ALIGNN_HARD640_m2p18_m2p02_FLAT_20260617/job_236_Ti_fe_-1.031_n4_generated_crystals_cif__gen_0.cif","1244","2026-07-18T18:46:08.4140127Z","66f2f2f8c480420dd913c108b1270381bb834706c8ecf45fff0888092a0db035"
"gpu_mn_mg_cgcnn_20260803","experiments/active_learning/EARLY_LiM2O4_ALIGNN_HARD640_m2p18_m2p02_FLAT_20260617/job_236_Ti_fe_-1.031_n4_generated_crystals_cif__gen_1.cif","1251","2026-07-18T18:46:08.4140127Z","dcae74855d59b6eaf6d99d10862239d7b0ca3dca9c7ba5cd246042fabb0d16ea"
"gpu_mn_mg_cgcnn_20260803","experiments/active_learning/EARLY_LiM2O4_ALIGNN_HARD640_m2p18_m2p02_FLAT_20260617/job_236_Ti_fe_-1.031_n4_generated_crystals_cif__gen_3.cif","1256","2026-07-18T18:46:08.4149912Z","da1d9ae7b1258508f5b90a7c6475f18e936933b3277d4ce8a190750aee3b07df"
"gpu_mn_mg_cgcnn_20260803","experiments/active_learning/EARLY_LiM2O4_ALIGNN_HARD640_m2p18_m2p02_FLAT_20260617/job_237_Co_fe_-1.198_n4_generated_crystals_cif__gen_0.cif","1250","2026-07-18T18:46:08.4159983Z","42f1eaf6d156b4f976adad12a5d1e1e3c79eb0c3bd9db2725ccfb812d4a0a843"
"gpu_mn_mg_cgcnn_20260803","experiments/active_learning/EARLY_LiM2O4_ALIGNN_HARD640_m2p18_m2p02_FLAT_20260617/job_237_Co_fe_-1.198_n4_generated_crystals_cif__gen_1.cif","1251","2026-07-18T18:46:08.4169916Z","b262ba5b85f2b34472073a0a0903018fdeb14aba138ac0043608e301eb399e99"
"gpu_mn_mg_cgcnn_20260803","experiments/active_learning/EARLY_LiM2O4_ALIGNN_HARD640_m2p18_m2p02_FLAT_20260617/job_237_Co_fe_-1.198_n4_generated_crystals_cif__gen_2.cif","1254","2026-07-18T18:46:08.4169916Z","ba096155452c6f2a29cc3c5596ab59153918b4d0f610eaeaa59e1dd80c286efc"
"gpu_mn_mg_cgcnn_20260803","experiments/active_learning/EARLY_LiM2O4_ALIGNN_HARD640_m2p18_m2p02_FLAT_20260617/job_237_Co_fe_-1.198_n4_generated_crystals_cif__gen_3.cif","1257","2026-07-18T18:46:08.4179912Z","784fea9b9e867786c482690f9c7925778db2794f4b1ac822646f729e8e777698"
"gpu_mn_mg_cgcnn_20260803","experiments/active_learning/EARLY_LiM2O4_ALIGNN_HARD640_m2p18_m2p02_FLAT_20260617/job_238_Ti_fe_-0.855_n4_generated_crystals_cif__gen_0.cif","1258","2026-07-18T18:46:08.4189989Z","f3cc67cae60535a25156a48ac5714ede23674e0e93b205825cd03db144278e62"
"gpu_mn_mg_cgcnn_20260803","experiments/active_learning/EARLY_LiM2O4_ALIGNN_HARD640_m2p18_m2p02_FLAT_20260617/job_238_Ti_fe_-0.855_n4_generated_crystals_cif__gen_1.cif","1259","2026-07-18T18:46:08.4199914Z","93a3602d8d5a8972adcc0aaf2496e76c8571831eb825f919212b703f1c040ef7"
"gpu_mn_mg_cgcnn_20260803","experiments/active_learning/EARLY_LiM2O4_ALIGNN_HARD640_m2p18_m2p02_FLAT_20260617/job_238_Ti_fe_-0.855_n4_generated_crystals_cif__gen_3.cif","1255","2026-07-18T18:46:08.4199914Z","ede86375e56e71df66482651db6d0ba33213ef03a6b2b29655cbce536e931caa"
"gpu_mn_mg_cgcnn_20260803","experiments/active_learning/EARLY_LiM2O4_ALIGNN_HARD640_m2p18_m2p02_FLAT_20260617/job_239_Mg_fe_-1.280_n4_generated_crystals_cif__gen_2.cif","1254","2026-07-18T18:46:08.4209985Z","1811ea54d273335eeb6a43da3da9fa856e1ba6d7e630ea2b6408b478b3595a48"
"gpu_mn_mg_cgcnn_20260803","experiments/active_learning/EARLY_LiM2O4_ALIGNN_HARD640_m2p18_m2p02_FLAT_20260617/job_240_Cr_fe_-1.413_n4_generated_crystals_cif__gen_0.cif","1252","2026-07-18T18:46:08.4219987Z","79d305803e47dce6d5ae186527a2e2442b9999687894dfa65fd5dde054000df3"
"gpu_mn_mg_cgcnn_20260803","experiments/active_learning/EARLY_LiM2O4_ALIGNN_HARD640_m2p18_m2p02_FLAT_20260617/job_240_Cr_fe_-1.413_n4_generated_crystals_cif__gen_1.cif","1254","2026-07-18T18:46:08.4219987Z","f287935f6e59e351d349b7b9c75e349fba32e8196699b811fc2ef068ff14a32c"
"gpu_mn_mg_cgcnn_20260803","experiments/active_learning/EARLY_LiM2O4_ALIGNN_HARD640_m2p18_m2p02_FLAT_20260617/job_240_Cr_fe_-1.413_n4_generated_crystals_cif__gen_2.cif","1257","2026-07-18T18:46:08.4230089Z","f56a0f97453506841797375b4e3bb41ee10f9888a390f18cf73b1ebc9deea85e"
"gpu_mn_mg_cgcnn_20260803","experiments/active_learning/EARLY_LiM2O4_ALIGNN_HARD640_m2p18_m2p02_FLAT_20260617/job_241_Co_fe_-1.145_n4_generated_crystals_cif__gen_0.cif","1254","2026-07-18T18:46:08.4239968Z","b4d7ecbb063f8d3cf557950c19c1aa2de5f975f5af3824491b330c8941fab71c"
"gpu_mn_mg_cgcnn_20260803","experiments/active_learning/EARLY_LiM2O4_ALIGNN_HARD640_m2p18_m2p02_FLAT_20260617/job_241_Co_fe_-1.145_n4_generated_crystals_cif__gen_2.cif","1254","2026-07-18T18:46:08.4239968Z","5c192ad79937e91680080923c368d681e728c12e13ef76e3faa9ebe02f98e28a"
"gpu_mn_mg_cgcnn_20260803","experiments/active_learning/EARLY_LiM2O4_ALIGNN_HARD640_m2p18_m2p02_FLAT_20260617/job_241_Co_fe_-1.145_n4_generated_crystals_cif__gen_3.cif","1256","2026-07-18T18:46:08.4249986Z","bef4ba203f0edd7bb390c1874f2591d5672eb5ddcb02d83c1517fb599e2cef24"
"gpu_mn_mg_cgcnn_20260803","experiments/active_learning/EARLY_LiM2O4_ALIGNN_HARD640_m2p18_m2p02_FLAT_20260617/job_242_Ti_fe_-1.214_n4_generated_crystals_cif__gen_0.cif","1251","2026-07-18T18:46:08.4259975Z","da197842cfd3863a56f4fadde888f6514b4157f7636af2bf8adee5ca0efbf325"
"gpu_mn_mg_cgcnn_20260803","experiments/active_learning/EARLY_LiM2O4_ALIGNN_HARD640_m2p18_m2p02_FLAT_20260617/job_242_Ti_fe_-1.214_n4_generated_crystals_cif__gen_1.cif","1253","2026-07-18T18:46:08.4259975Z","5cecdaab9229e78cc691943edfbcff306316fbe13dbf6713847d809ebed449a5"
"gpu_mn_mg_cgcnn_20260803","experiments/active_learning/EARLY_LiM2O4_ALIGNN_HARD640_m2p18_m2p02_FLAT_20260617/job_242_Ti_fe_-1.214_n4_generated_crystals_cif__gen_2.cif","1256","2026-07-18T18:46:08.4269911Z","c55bd966bb1970b3dfebe0697dd5434b75415627b23ab41088577f3fb4c29f08"
"gpu_mn_mg_cgcnn_20260803","experiments/active_learning/EARLY_LiM2O4_ALIGNN_HARD640_m2p18_m2p02_FLAT_20260617/job_243_Al_fe_-1.012_n4_generated_crystals_cif__gen_1.cif","1250","2026-07-18T18:46:08.4279915Z","62f69d2b0cfe95599780e0cf73b254c299bb1a112359d6b4c92ae42d8b442bd8"
"gpu_mn_mg_cgcnn_20260803","experiments/active_learning/EARLY_LiM2O4_ALIGNN_HARD640_m2p18_m2p02_FLAT_20260617/job_243_Al_fe_-1.012_n4_generated_crystals_cif__gen_2.cif","1253","2026-07-18T18:46:08.4279915Z","f19cfa24960cfd9f30b0e998b6fbe8b99bfbfb099e7c87ec5b302ff9142a834f"
"gpu_mn_mg_cgcnn_20260803","experiments/active_learning/EARLY_LiM2O4_ALIGNN_HARD640_m2p18_m2p02_FLAT_20260617/job_245_Al_fe_-1.035_n4_generated_crystals_cif__gen_0.cif","1254","2026-07-18T18:46:08.4289987Z","2a026b6b2ea7afbde9f30ad68a73030b57f0550f9cb93cb0532f54b6f4c93ffb"
"gpu_mn_mg_cgcnn_20260803","experiments/active_learning/EARLY_LiM2O4_ALIGNN_HARD640_m2p18_m2p02_FLAT_20260617/job_245_Al_fe_-1.035_n4_generated_crystals_cif__gen_2.cif","1252","2026-07-18T18:46:08.4299986Z","966ee0590910a164d124c97059c5f0f54a95c64fe5d6b7985a164f7a459bc258"
"gpu_mn_mg_cgcnn_20260803","experiments/active_learning/EARLY_LiM2O4_ALIGNN_HARD640_m2p18_m2p02_FLAT_20260617/job_245_Al_fe_-1.035_n4_generated_crystals_cif__gen_3.cif","1255","2026-07-18T18:46:08.4299986Z","98d624bc4248947a95f955bdf5ccb744f1f5806fac8aa935a18782c09c228580"
"gpu_mn_mg_cgcnn_20260803","experiments/active_learning/EARLY_LiM2O4_ALIGNN_HARD640_m2p18_m2p02_FLAT_20260617/job_246_Al_fe_-1.026_n4_generated_crystals_cif__gen_0.cif","1257","2026-07-18T18:46:08.4309983Z","cfdec80abd51794669ff21d9c7f9522e1b2c68e00c0451df5347ff64bb7c049a"
"gpu_mn_mg_cgcnn_20260803","experiments/active_learning/EARLY_LiM2O4_ALIGNN_HARD640_m2p18_m2p02_FLAT_20260617/job_246_Al_fe_-1.026_n4_generated_crystals_cif__gen_2.cif","1258","2026-07-18T18:46:08.4319976Z","441af144f0b25dc6414e858f1f1cd36c9982a7f429ba6708eeced261e6e0bc92"
"gpu_mn_mg_cgcnn_20260803","experiments/active_learning/EARLY_LiM2O4_ALIGNN_HARD640_m2p18_m2p02_FLAT_20260617/job_247_Ni_fe_-1.069_n4_generated_crystals_cif__gen_0.cif","1257","2026-07-18T18:46:08.4329918Z","03e629a7dad1172688e201d4db431f238e7145601a72a0ff8a845ca337603aa6"
"gpu_mn_mg_cgcnn_20260803","experiments/active_learning/EARLY_LiM2O4_ALIGNN_HARD640_m2p18_m2p02_FLAT_20260617/job_247_Ni_fe_-1.069_n4_generated_crystals_cif__gen_1.cif","1251","2026-07-18T18:46:08.4339912Z","d97c4e33bf1d151c8d81c5b88269a0be38a4fb9c9170f7849ed320d3473bad87"
"gpu_mn_mg_cgcnn_20260803","experiments/active_learning/EARLY_LiM2O4_ALIGNN_HARD640_m2p18_m2p02_FLAT_20260617/job_247_Ni_fe_-1.069_n4_generated_crystals_cif__gen_2.cif","1254","2026-07-18T18:46:08.4339912Z","549eb06388faed4fb7373b1f85c507d7093437f1b62d0342e4b223567d8dccc3"
"gpu_mn_mg_cgcnn_20260803","experiments/active_learning/EARLY_LiM2O4_ALIGNN_HARD640_m2p18_m2p02_FLAT_20260617/job_249_Cr_fe_-1.500_n4_generated_crystals_cif__gen_0.cif","1255","2026-07-18T18:46:08.4349913Z","b2eb10dd50999799bf2bc0c5a2043a1cc5b8b3bc3b967d64465c4a36c5113036"
"gpu_mn_mg_cgcnn_20260803","experiments/active_learning/EARLY_LiM2O4_ALIGNN_HARD640_m2p18_m2p02_FLAT_20260617/job_249_Cr_fe_-1.500_n4_generated_crystals_cif__gen_1.cif","1256","2026-07-18T18:46:08.4359915Z","f49dfb6e27d30f364b84424e576764ac219f8896ce6667826fe5395ab720568c"
"gpu_mn_mg_cgcnn_20260803","experiments/active_learning/EARLY_LiM2O4_ALIGNN_HARD640_m2p18_m2p02_FLAT_20260617/job_249_Cr_fe_-1.500_n4_generated_crystals_cif__gen_2.cif","1254","2026-07-18T18:46:08.4369986Z","40e388f330037c9c897bc1c83ea63dadb98206b3369351ae1a5eba450ebc482a"
"gpu_mn_mg_cgcnn_20260803","experiments/active_learning/EARLY_LiM2O4_ALIGNN_HARD640_m2p18_m2p02_FLAT_20260617/job_249_Cr_fe_-1.500_n4_generated_crystals_cif__gen_3.cif","1254","2026-07-18T18:46:08.4369986Z","785f0049ace05b8c492c66728ae311fdf3f862cca90b9ae6aae15f172606d285"
"gpu_mn_mg_cgcnn_20260803","experiments/active_learning/experiments/reproducibility/aggregate_corrected_seeds_5_14.py","18041","2026-07-18T18:46:09.8538549Z","03eab370fec1c02ecfcef1ac967bc1eb419151fde39b8f9bc0ee66b1696a2abf"
"gpu_mn_mg_cgcnn_20260803","experiments/active_learning/experiments/reproducibility/aggregate_two_dataset_paired_confirmation.py","17976","2026-07-18T18:46:09.8548546Z","881e524a96b1f2b8e49fb863ed9e830178debb97c00f428a83d391562426f0c9"
"gpu_mn_mg_cgcnn_20260803","experiments/active_learning/experiments/reproducibility/formal_protocol.py","8302","2026-08-04T08:46:15.3919199Z","76236384078dc09d70b42d380404640bfecfb6d264641e4c5ef3a67c45a8df35"
"gpu_mn_mg_cgcnn_20260803","experiments/active_learning/experiments/reproducibility/interval_task_protocol.py","7152","2026-08-03T12:40:29.7703141Z","5204eb3c55243e9e07f12b66370135db38b8c705237e206c4769ae9f1712a5dd"
"gpu_mn_mg_cgcnn_20260803","experiments/active_learning/experiments/reproducibility/paired_predict_no_shuffle.py","11653","2026-07-18T18:46:09.8558543Z","a5b13aecb46f9bb3fdf5a03e8c20a1c7014a9ac735832dcea82a87c0df17c188"
"gpu_mn_mg_cgcnn_20260803","experiments/active_learning/experiments/reproducibility/protocol_artifacts.py","1991","2026-08-04T08:45:18.5835845Z","ba38c12b0732505a2a77719a6686610cd9b7734ef29e5ec8053eebaf3125aa5d"
"gpu_mn_mg_cgcnn_20260803","experiments/active_learning/experiments/reproducibility/run_paired_dataset_job.py","42685","2026-08-04T09:04:30.5724744Z","791d2260206cbbcefd506fd5094f946275d00dee2523a1ac9a04a7c220ae6bd5"
"gpu_mn_mg_cgcnn_20260803","experiments/active_learning/experiments/reproducibility/run_paired_dataset_job_seed10_14.py","4928","2026-07-18T18:47:21.2962814Z","0164b862834ca859dfa1cb4a37bc68f444c5523e5322630f4e1a43f349f1be2c"
"gpu_mn_mg_cgcnn_20260803","experiments/active_learning/experiments/reproducibility/run_two_dataset_paired_confirmation.py","14324","2026-07-18T18:47:21.2972814Z","fa3fd37d79533cdfd5c5ce5dd8aedfd65fbdb8bc12ed20ac447b32c2c5327f13"
"gpu_mn_mg_cgcnn_20260803","experiments/active_learning/experiments/reproducibility/run_two_dataset_paired_confirmation_seeds10_14.py","12968","2026-07-18T18:47:21.2982811Z","2f2c589261763226797bc41f72c8064379356961b9c6529e4620b2deb4e02da3"
"gpu_mn_mg_cgcnn_20260803","experiments/active_learning/experiments/reproducibility/seeded_runpy_torch_compat.py","1455","2026-07-18T18:47:21.2992821Z","7575310f20b6a1abb75f1a2a1f4a07c257ef95aa9c8f441e9a6bf5b3748ed90b"
"gpu_mn_mg_cgcnn_20260803","experiments/active_learning/experiments/reproducibility/two_dataset_paired_protocol.py","6110","2026-07-18T18:47:21.2992821Z","c7b1ee5d436efad1bf55408b48ad646e4d9e85dd70148a7c66cf7c2b9106d1c0"
"gpu_mn_mg_cgcnn_20260803","experiments/active_learning/experiments/reproducibility/staging/paired_confirmation_server_20260712/active_learning_energy_gate_ablation.py","13936","2026-07-18T18:46:07.6151917Z","0ae903c1cd51b9db39461cf674362a234a881931dbbe545ad262e09573be8b46"
"gpu_mn_mg_cgcnn_20260803","experiments/active_learning/experiments/reproducibility/staging/paired_confirmation_server_20260712/active_learning_etdg_tage.py","23323","2026-07-18T18:46:07.6161920Z","3a90c6dbcf194632b644ff87f35e665bc4b5eaeba6ac541357d23e8df806ac83"
"gpu_mn_mg_cgcnn_20260803","experiments/active_learning/experiments/reproducibility/staging/paired_confirmation_server_20260712/atom_init.json","28392","2026-07-18T18:46:07.6171927Z","cb90bd2257dbf8cfc4e6b2b6d4348d4616e8e9680f1339b1461137032e0f1894"
"gpu_mn_mg_cgcnn_20260803","experiments/active_learning/experiments/reproducibility/staging/paired_confirmation_server_20260712/main.py","22976","2026-07-18T18:46:07.6244250Z","c92c271650e8cdaae07e3065b2020f5984b5abbb7b34f102dd7e2941c1e9bb85"
"gpu_mn_mg_cgcnn_20260803","experiments/active_learning/experiments/reproducibility/staging/paired_confirmation_server_20260712/cgcnn/data.py","13285","2026-07-18T18:46:07.6181932Z","d7ddc87873ae697dba13ccb80e6329247fb8f9bf2d006c70c694643a01d84e06"
"gpu_mn_mg_cgcnn_20260803","experiments/active_learning/experiments/reproducibility/staging/paired_confirmation_server_20260712/cgcnn/model.py","7224","2026-07-18T18:46:07.6191913Z","b4dd4e4c79ebb843762abc523562f3c66f5b1ab4c0bb2168eef9970b48295f27"
"gpu_mn_mg_cgcnn_20260803","experiments/active_learning/experiments/reproducibility/staging/paired_confirmation_server_20260712/cgcnn/__init__.py","0","2026-07-18T18:46:07.6181932Z","e3b0c44298fc1c149afbf4c8996fb92427ae41e4649b934ca495991b7852b855"
"gpu_mn_mg_cgcnn_20260803","experiments/active_learning/experiments/reproducibility/staging/paired_confirmation_server_20260712/cgcnn/__pycache__/data.cpython-311.pyc","20160","2026-07-30T08:51:13.5432477Z","a52770a92886ed97b3c5b9125136486f843195955a19efd8df5a87cd19319f9e"
"gpu_mn_mg_cgcnn_20260803","experiments/active_learning/experiments/reproducibility/staging/paired_confirmation_server_20260712/cgcnn/__pycache__/model.cpython-311.pyc","10902","2026-07-30T08:51:14.9310943Z","4d5d6485f9cfd42dbd8139b7da152a25d415e1105438a7968a879e13169aab22"
"gpu_mn_mg_cgcnn_20260803","experiments/active_learning/experiments/reproducibility/staging/paired_confirmation_server_20260712/cgcnn/__pycache__/__init__.cpython-311.pyc","378","2026-07-30T08:51:13.5196915Z","98cd06a81687fdcd846f8cad556350a5cab72f3c22b6248590955703404b027d"
"gpu_mn_mg_cgcnn_20260803","experiments/active_learning/experiments/reproducibility/staging/paired_confirmation_server_20260712/EARLY_LiM2O4_ALIGNN_HARD640_m2p18_m2p02_20260617/oracle.csv","161679","2026-07-18T18:46:07.6078470Z","669b8cab102d2259811664723134be506f4b927825821e094e449fa3c11017d6"
"gpu_mn_mg_cgcnn_20260803","experiments/active_learning/experiments/reproducibility/staging/paired_confirmation_server_20260712/EARLY_LiM2O4_ALIGNN_HARD640_m2p18_m2p02_FLAT_20260617/atom_init.json","28392","2026-07-18T18:46:07.6088474Z","cb90bd2257dbf8cfc4e6b2b6d4348d4616e8e9680f1339b1461137032e0f1894"
"gpu_mn_mg_cgcnn_20260803","experiments/active_learning/experiments/reproducibility/staging/paired_confirmation_server_20260712/EARLY_LiM2O4_ALIGNN_HARD640_m2p18_m2p02_FLAT_20260617/id_prop.csv","47649","2026-07-18T18:46:07.6098481Z","5b7a405ed8bcc8b822c888cdb3e2cd73da975a7410dd376dfe0a6a31413daead"
"gpu_mn_mg_cgcnn_20260803","experiments/active_learning/experiments/reproducibility/staging/paired_confirmation_server_20260712/experiments/reproducibility/aggregate_two_dataset_paired_confirmation.py","18285","2026-07-18T18:46:07.6201930Z","cc51415f37d9033b47116cc806643f91c6edbff8c8d97839d0d96431742e01df"
"gpu_mn_mg_cgcnn_20260803","experiments/active_learning/experiments/reproducibility/staging/paired_confirmation_server_20260712/experiments/reproducibility/paired_predict_no_shuffle.py","11653","2026-07-18T18:46:07.6211912Z","a5b13aecb46f9bb3fdf5a03e8c20a1c7014a9ac735832dcea82a87c0df17c188"
"gpu_mn_mg_cgcnn_20260803","experiments/active_learning/experiments/reproducibility/staging/paired_confirmation_server_20260712/experiments/reproducibility/run_paired_dataset_job.py","27702","2026-07-18T18:46:07.6211912Z","4048d96c241ec75d34690636247797f0abd9eeb7245d0c892088450db10bbba3"
"gpu_mn_mg_cgcnn_20260803","experiments/active_learning/experiments/reproducibility/staging/paired_confirmation_server_20260712/experiments/reproducibility/run_two_dataset_paired_confirmation.py","14646","2026-07-18T18:46:07.6224238Z","0e5f94b7a30e39c3b725fc2463eed93937b83eb31d0407ed3bef6b837f137188"
"gpu_mn_mg_cgcnn_20260803","experiments/active_learning/experiments/reproducibility/staging/paired_confirmation_server_20260712/experiments/reproducibility/seeded_runpy_torch_compat.py","1455","2026-07-18T18:46:07.6234276Z","7575310f20b6a1abb75f1a2a1f4a07c257ef95aa9c8f441e9a6bf5b3748ed90b"
"gpu_mn_mg_cgcnn_20260803","experiments/active_learning/experiments/reproducibility/staging/paired_confirmation_server_20260712/experiments/reproducibility/two_dataset_paired_protocol.py","6110","2026-07-18T18:46:07.6244250Z","c7b1ee5d436efad1bf55408b48ad646e4d9e85dd70148a7c66cf7c2b9106d1c0"
"gpu_mn_mg_cgcnn_20260803","experiments/active_learning/experiments/reproducibility/staging/paired_confirmation_server_20260712/NON_GEN_INTERVAL_POOLS_20260618/Mn_NON_GEN_HARD640_FLAT_20260619/atom_init.json","28392","2026-07-18T18:46:07.6108484Z","cb90bd2257dbf8cfc4e6b2b6d4348d4616e8e9680f1339b1461137032e0f1894"
"gpu_mn_mg_cgcnn_20260803","experiments/active_learning/experiments/reproducibility/staging/paired_confirmation_server_20260712/NON_GEN_INTERVAL_POOLS_20260618/Mn_NON_GEN_HARD640_FLAT_20260619/id_prop.csv","17632","2026-07-18T18:46:07.6131871Z","1d3ad5567027ab2771faa625456672bc5c0ef68e52eb17c3c242f0a77bc4e36e"
"gpu_mn_mg_cgcnn_20260803","experiments/active_learning/experiments/reproducibility/staging/paired_confirmation_server_20260712/NON_GEN_INTERVAL_POOLS_20260618/Mn_NON_GEN_HARD640_M2P59_M2P47_111_20260709/oracle.csv","180592","2026-07-18T18:46:07.6141927Z","22b3b02158d89d355653fb432f35e994970a0c0563e57b556e485b1ef9461c3b"
"gpu_mn_mg_cgcnn_20260803","experiments/active_learning/experiments/reproducibility/staging/paired_confirmation_server_20260712/__pycache__/active_learning_etdg_tage.cpython-311.pyc","41269","2026-07-30T08:51:13.5131732Z","bd1bdc6fd096052343233120fb27afab3ab3a265f58f6bf903029a13b9268736"
"gpu_mn_mg_cgcnn_20260803","experiments/active_learning/experiments/reproducibility/__pycache__/formal_protocol.cpython-311.pyc","14325","2026-08-04T08:46:25.8929148Z","bb7f07b2f1f72655ad5a5573673b0188a3a13d70a789ea10275ba84e9411d02b"
"gpu_mn_mg_cgcnn_20260803","experiments/active_learning/experiments/reproducibility/__pycache__/interval_task_protocol.cpython-311.pyc","12129","2026-08-03T12:40:39.9568040Z","fb93fae475abc418992d71c936ff6d9ab4266fa0729fca618a48cbc137b783e5"
"gpu_mn_mg_cgcnn_20260803","experiments/active_learning/experiments/reproducibility/__pycache__/protocol_artifacts.cpython-311.pyc","3555","2026-08-04T08:46:29.6928235Z","2b00c67e4d89aea8b4648debc0692be5d0caf2d7b4a51dbd3eb65f733708df8b"
"gpu_mn_mg_cgcnn_20260803","experiments/active_learning/experiments/reproducibility/__pycache__/run_paired_dataset_job.cpython-311.pyc","52666","2026-08-04T09:05:00.7227537Z","156dc3940f2150a28241e54359996d8698426e68ba3745086fadfaaeab957921"
"gpu_mn_mg_cgcnn_20260803","experiments/active_learning/experiments/reproducibility/__pycache__/two_dataset_paired_protocol.cpython-311.pyc","12104","2026-07-30T08:49:11.5422425Z","61f0d5f74bf41a91dca5de10c44bab2e60472e5945bc63291152ba2069795f12"
"gpu_mn_mg_cgcnn_20260803","experiments/active_learning/NON_GEN_INTERVAL_POOLS_20260618/Mn_NON_GEN_HARD640_FLAT_20260619/1032694.cif","1529","2026-07-18T18:46:08.4389968Z","9d2c9b012421f5d84b71f04de74b22640fc654339ae9ebbf83b8a6117ea9e1e8"
"gpu_mn_mg_cgcnn_20260803","experiments/active_learning/NON_GEN_INTERVAL_POOLS_20260618/Mn_NON_GEN_HARD640_FLAT_20260619/1032752.cif","1541","2026-07-18T18:46:08.4399979Z","052d8bab776571b2a80f7631cd9b1ef55548063a5ed3ad60baca5a9afd65b6e3"
"gpu_mn_mg_cgcnn_20260803","experiments/active_learning/NON_GEN_INTERVAL_POOLS_20260618/Mn_NON_GEN_HARD640_FLAT_20260619/1036235.cif","2388","2026-07-18T18:46:08.4399979Z","f563526691e94248aba76fa47527d31d3601a5874abedb095c6698c6d9488647"
"gpu_mn_mg_cgcnn_20260803","experiments/active_learning/NON_GEN_INTERVAL_POOLS_20260618/Mn_NON_GEN_HARD640_FLAT_20260619/1036400.cif","2388","2026-07-18T18:46:08.4409911Z","bdbc8b774579e5963822094c5b84e225d8cdf3669f1e77989b58c3b2d48968d0"
"gpu_mn_mg_cgcnn_20260803","experiments/active_learning/NON_GEN_INTERVAL_POOLS_20260618/Mn_NON_GEN_HARD640_FLAT_20260619/1042474.cif","1169","2026-07-18T18:46:08.4419908Z","2114986c5617e8c203ac4677854b1cdfa957442fab5283b1a56495736a72d761"
"gpu_mn_mg_cgcnn_20260803","experiments/active_learning/NON_GEN_INTERVAL_POOLS_20260618/Mn_NON_GEN_HARD640_FLAT_20260619/1042652.cif","4063","2026-07-18T18:46:08.4429922Z","c600a7f29330efdb050a0c7a734d034da08aa5e80d476ee9556b3f4d85c3391d"
"gpu_mn_mg_cgcnn_20260803","experiments/active_learning/NON_GEN_INTERVAL_POOLS_20260618/Mn_NON_GEN_HARD640_FLAT_20260619/1042773.cif","3007","2026-07-18T18:46:08.4439911Z","e248d05411caadb47c469f92d4300dd73a889ebb409b974de054498cd738a99e"
"gpu_mn_mg_cgcnn_20260803","experiments/active_learning/NON_GEN_INTERVAL_POOLS_20260618/Mn_NON_GEN_HARD640_FLAT_20260619/1042806.cif","3007","2026-07-18T18:46:08.4449974Z","1b9115d21bd4e559e17caa210cb430516ee959a5050f2f0abf893a51758cfe16"
"gpu_mn_mg_cgcnn_20260803","experiments/active_learning/NON_GEN_INTERVAL_POOLS_20260618/Mn_NON_GEN_HARD640_FLAT_20260619/1043125.cif","3629","2026-07-18T18:46:08.4459914Z","4ac1d8d5ff113452f54b9f230672bb11df8a00ae6449909d847c5504eed7b2d9"
"gpu_mn_mg_cgcnn_20260803","experiments/active_learning/NON_GEN_INTERVAL_POOLS_20260618/Mn_NON_GEN_HARD640_FLAT_20260619/1043484.cif","1747","2026-07-18T18:46:08.4459914Z","6ba69460a573d205549a7e2ba6380dec97c9d8e4f8e470397c534ff0c7700e10"
"gpu_mn_mg_cgcnn_20260803","experiments/active_learning/NON_GEN_INTERVAL_POOLS_20260618/Mn_NON_GEN_HARD640_FLAT_20260619/1043996.cif","1749","2026-07-18T18:46:08.4469971Z","101f7b76d2ffde2be6922af62af4fc0031ee1609ffad6d455944f5b5f737d740"
"gpu_mn_mg_cgcnn_20260803","experiments/active_learning/NON_GEN_INTERVAL_POOLS_20260618/Mn_NON_GEN_HARD640_FLAT_20260619/1044277.cif","2580","2026-07-18T18:46:08.4479913Z","12fc9853903851c504075d97f1d919b5de5dc977cf9dc9063f17a19ddf5cff07"
"gpu_mn_mg_cgcnn_20260803","experiments/active_learning/NON_GEN_INTERVAL_POOLS_20260618/Mn_NON_GEN_HARD640_FLAT_20260619/1044300.cif","1427","2026-07-18T18:46:08.4489923Z","de033967db13fac377a8d3e8c0cc26d8bcfb617909f54b4a905921433870e3f0"
"gpu_mn_mg_cgcnn_20260803","experiments/active_learning/NON_GEN_INTERVAL_POOLS_20260618/Mn_NON_GEN_HARD640_FLAT_20260619/1044381.cif","1427","2026-07-18T18:46:08.4499918Z","d77b34b6d30e45843d59e2855ece67c7a6fe15e882e6f24e4bfe311ac077845f"
"gpu_mn_mg_cgcnn_20260803","experiments/active_learning/NON_GEN_INTERVAL_POOLS_20260618/Mn_NON_GEN_HARD640_FLAT_20260619/1044531.cif","1743","2026-07-18T18:46:08.4509916Z","c075b3d9221e1c940d387ed81ccc92dc40aab1beb59c86cbe426bd1c4fe765d3"
"gpu_mn_mg_cgcnn_20260803","experiments/active_learning/NON_GEN_INTERVAL_POOLS_20260618/Mn_NON_GEN_HARD640_FLAT_20260619/1044544.cif","1427","2026-07-18T18:46:08.4509916Z","617823db6906cf3ffc7ed7fc941dbf5251681fdaa82ee193af2a995cdea94322"
"gpu_mn_mg_cgcnn_20260803","experiments/active_learning/NON_GEN_INTERVAL_POOLS_20260618/Mn_NON_GEN_HARD640_FLAT_20260619/1045744.cif","1752","2026-07-18T18:46:08.4519918Z","07bca8a3d1196e09a2830c52765a294600497649719282c3a8ef303e2cf830a8"
"gpu_mn_mg_cgcnn_20260803","experiments/active_learning/NON_GEN_INTERVAL_POOLS_20260618/Mn_NON_GEN_HARD640_FLAT_20260619/1045984.cif","1385","2026-07-18T18:46:08.4529970Z","2edd26c845e1d2124c4137b4be421d5dbbd0810ab85c6cf216b36c4c5402513c"
"gpu_mn_mg_cgcnn_20260803","experiments/active_learning/NON_GEN_INTERVAL_POOLS_20260618/Mn_NON_GEN_HARD640_FLAT_20260619/1046302.cif","1524","2026-07-18T18:46:08.4529970Z","252dce965d6e380855b941b2f6d633448cf3f7e901b2cb6dbc8137619339bea9"
"gpu_mn_mg_cgcnn_20260803","experiments/active_learning/NON_GEN_INTERVAL_POOLS_20260618/Mn_NON_GEN_HARD640_FLAT_20260619/1046905.cif","2071","2026-07-18T18:46:08.4539980Z","e852475f686fd4348585e74185eac8b0601d9d92a0384f0c63de4d9d768de21a"
"gpu_mn_mg_cgcnn_20260803","experiments/active_learning/NON_GEN_INTERVAL_POOLS_20260618/Mn_NON_GEN_HARD640_FLAT_20260619/1048385.cif","2278","2026-07-18T18:46:08.4549986Z","3e7bc8212e623e318e349e6ea4f18e335674dfbee0e8565d26af1f9f62ffaf08"
"gpu_mn_mg_cgcnn_20260803","experiments/active_learning/NON_GEN_INTERVAL_POOLS_20260618/Mn_NON_GEN_HARD640_FLAT_20260619/1048447.cif","1380","2026-07-18T18:46:08.4549986Z","4e950c8ffd67e71ceb05c896cdf1c0add82dc311853d45e61398ea81f97c730b"
"gpu_mn_mg_cgcnn_20260803","experiments/active_learning/NON_GEN_INTERVAL_POOLS_20260618/Mn_NON_GEN_HARD640_FLAT_20260619/1048457.cif","1385","2026-07-18T18:46:08.4559909Z","1330f7760b316b5e74cd625f919b94f479b7cf1ef4bc913b1ae6c53e36276e87"
"gpu_mn_mg_cgcnn_20260803","experiments/active_learning/NON_GEN_INTERVAL_POOLS_20260618/Mn_NON_GEN_HARD640_FLAT_20260619/1048458.cif","2065","2026-07-18T18:46:08.4569909Z","ec3289b5eb47638498357877c1b5cfb12762f8e32070aad7b1a6ac6bc9e348ea"
"gpu_mn_mg_cgcnn_20260803","experiments/active_learning/NON_GEN_INTERVAL_POOLS_20260618/Mn_NON_GEN_HARD640_FLAT_20260619/1048461.cif","1323","2026-07-18T18:46:08.4579985Z","3f6b72473343260674c77128b92513022b484f4ed148dc596394dc9bd2e227e6"
"gpu_mn_mg_cgcnn_20260803","experiments/active_learning/NON_GEN_INTERVAL_POOLS_20260618/Mn_NON_GEN_HARD640_FLAT_20260619/1048549.cif","1922","2026-07-18T18:46:08.4589987Z","96c829da19094f576ec112bead5b3045d22c92693fc4d11f42309f25d601b1ed"
"gpu_mn_mg_cgcnn_20260803","experiments/active_learning/NON_GEN_INTERVAL_POOLS_20260618/Mn_NON_GEN_HARD640_FLAT_20260619/1048574.cif","1922","2026-07-18T18:46:08.4589987Z","3d28c8b9a83b490a5f4e4e153129917366bf325e39ff7b36d6f29890919457d5"
"gpu_mn_mg_cgcnn_20260803","experiments/active_learning/NON_GEN_INTERVAL_POOLS_20260618/Mn_NON_GEN_HARD640_FLAT_20260619/1048631.cif","1388","2026-07-18T18:46:08.4599973Z","8f7b6c26e1c7caa2ef1bf564fe20b07e930a9d5ba8caed202aedf7ee7efa3aa7"
"gpu_mn_mg_cgcnn_20260803","experiments/active_learning/NON_GEN_INTERVAL_POOLS_20260618/Mn_NON_GEN_HARD640_FLAT_20260619/1048672.cif","2289","2026-07-18T18:46:08.4609994Z","b73939aff7c13a3c1d6220192a0d1836834a2d5a5f9c44f3d52faf4971ab0314"
"gpu_mn_mg_cgcnn_20260803","experiments/active_learning/NON_GEN_INTERVAL_POOLS_20260618/Mn_NON_GEN_HARD640_FLAT_20260619/1049231.cif","1749","2026-07-18T18:46:08.4609994Z","fdd9f1448d8747f694fcf3e2d0ae41e2bcd7525b575cb6f85912eb8a2d2e9130"
"gpu_mn_mg_cgcnn_20260803","experiments/active_learning/NON_GEN_INTERVAL_POOLS_20260618/Mn_NON_GEN_HARD640_FLAT_20260619/1049271.cif","1749","2026-07-18T18:46:08.4619987Z","57e5cef024de5b9dee1810a0831f6cc26640bcfa008e79b132fead1a4f793069"
"gpu_mn_mg_cgcnn_20260803","experiments/active_learning/NON_GEN_INTERVAL_POOLS_20260618/Mn_NON_GEN_HARD640_FLAT_20260619/1075988.cif","2813","2026-07-18T18:46:08.4635270Z","7184bf85a329621ea0aa91d11170e1d0b9e90e5084d7ef88d68f3c8abf149d0b"
"gpu_mn_mg_cgcnn_20260803","experiments/active_learning/NON_GEN_INTERVAL_POOLS_20260618/Mn_NON_GEN_HARD640_FLAT_20260619/1076214.cif","2811","2026-07-18T18:46:08.4640298Z","47a395a9ea714fbb52c5785423637c0d69488aca5e32c8e3296f393022cadd5c"
"gpu_mn_mg_cgcnn_20260803","experiments/active_learning/NON_GEN_INTERVAL_POOLS_20260618/Mn_NON_GEN_HARD640_FLAT_20260619/1076487.cif","8367","2026-07-18T18:46:08.4650332Z","67d67e7bccab8a1e3746eedf498e17d05dc1cd82cb872cceaf79aeae43122d93"
"gpu_mn_mg_cgcnn_20260803","experiments/active_learning/NON_GEN_INTERVAL_POOLS_20260618/Mn_NON_GEN_HARD640_FLAT_20260619/1076543.cif","2811","2026-07-18T18:46:08.4650332Z","cda8552a315a2d5bc94295bcdacdec29a81b122037a347c9e2448affad1dd07c"
"gpu_mn_mg_cgcnn_20260803","experiments/active_learning/NON_GEN_INTERVAL_POOLS_20260618/Mn_NON_GEN_HARD640_FLAT_20260619/1076592.cif","2811","2026-07-18T18:46:08.4660363Z","d9fc3a82c11746a677656f2a4d10bad7ab9608ab278a848c1536baf2a9ddc91e"
"gpu_mn_mg_cgcnn_20260803","experiments/active_learning/NON_GEN_INTERVAL_POOLS_20260618/Mn_NON_GEN_HARD640_FLAT_20260619/1077691.cif","8373","2026-07-18T18:46:08.4670371Z","2ac044e4cd90f3698edc9890d99da56a3a99f3a57f62332a97378b7d0a9ce279"
"gpu_mn_mg_cgcnn_20260803","experiments/active_learning/NON_GEN_INTERVAL_POOLS_20260618/Mn_NON_GEN_HARD640_FLAT_20260619/1078286.cif","1112","2026-07-18T18:46:08.4680362Z","25a41d6d363f13fb6ebb2233136ba473277cc2ac26849082020d9309387ba4b0"
"gpu_mn_mg_cgcnn_20260803","experiments/active_learning/NON_GEN_INTERVAL_POOLS_20260618/Mn_NON_GEN_HARD640_FLAT_20260619/1101152.cif","1535","2026-07-18T18:46:08.4680362Z","2b26b30a188b2651895f947160e0ca363aeed4cfc83dc2d14c0cbe08ac9500df"
"gpu_mn_mg_cgcnn_20260803","experiments/active_learning/NON_GEN_INTERVAL_POOLS_20260618/Mn_NON_GEN_HARD640_FLAT_20260619/1103771.cif","2166","2026-07-18T18:46:08.4690359Z","4f0141f67e8e932501341cc3ebeddf4850e13de04839ae9d1e588ae7ed6fa9e5"
"gpu_mn_mg_cgcnn_20260803","experiments/active_learning/NON_GEN_INTERVAL_POOLS_20260618/Mn_NON_GEN_HARD640_FLAT_20260619/1103922.cif","1429","2026-07-18T18:46:08.4700364Z","25317450b03f971727a4a08f328a65230848e109e0f92937440ed47c73ea3d71"
"gpu_mn_mg_cgcnn_20260803","experiments/active_learning/NON_GEN_INTERVAL_POOLS_20260618/Mn_NON_GEN_HARD640_FLAT_20260619/1104505.cif","1476","2026-07-18T18:46:08.4710361Z","870ddf3556e4d4d995c0f7375bc6320ec1b2fae1d422fd46d32b85dc7fe7f40c"
"gpu_mn_mg_cgcnn_20260803","experiments/active_learning/NON_GEN_INTERVAL_POOLS_20260618/Mn_NON_GEN_HARD640_FLAT_20260619/1105735.cif","1522","2026-07-18T18:46:08.4710361Z","368075f0a7dcf492aac8388db233ce87399495da9dc4c105bef0524a798d5425"
"gpu_mn_mg_cgcnn_20260803","experiments/active_learning/NON_GEN_INTERVAL_POOLS_20260618/Mn_NON_GEN_HARD640_FLAT_20260619/1105934.cif","2374","2026-07-18T18:46:08.4720364Z","af48a097a19480b42d4ddf8e2b339204463e38f9fe0ffb222a4a1a32954817d2"
"gpu_mn_mg_cgcnn_20260803","experiments/active_learning/NON_GEN_INTERVAL_POOLS_20260618/Mn_NON_GEN_HARD640_FLAT_20260619/1106150.cif","1752","2026-07-18T18:46:08.4730366Z","11ad5818847998a2918a53a6a81ad71ad9ab5e34aec5a4af2795de6219715835"
"gpu_mn_mg_cgcnn_20260803","experiments/active_learning/NON_GEN_INTERVAL_POOLS_20260618/Mn_NON_GEN_HARD640_FLAT_20260619/1120814.cif","1214","2026-07-18T18:46:08.4730366Z","111490c8d7829f758a898c0da8f25bd1fb34228ea102e6fa568213eb271cbc02"
"gpu_mn_mg_cgcnn_20260803","experiments/active_learning/NON_GEN_INTERVAL_POOLS_20260618/Mn_NON_GEN_HARD640_FLAT_20260619/1173263.cif","3024","2026-07-18T18:46:08.4740373Z","9cf0e58b1639f15388c32acd97e9f8dc679b6f247ef1bc8984d512731d697af8"
"gpu_mn_mg_cgcnn_20260803","experiments/active_learning/NON_GEN_INTERVAL_POOLS_20260618/Mn_NON_GEN_HARD640_FLAT_20260619/1173545.cif","2075","2026-07-18T18:46:08.4750441Z","b21f99f8aa70ba7c876ab810154a01c8e9a89e5f1eca8058ff9c30ef9e048745"
"gpu_mn_mg_cgcnn_20260803","experiments/active_learning/NON_GEN_INTERVAL_POOLS_20260618/Mn_NON_GEN_HARD640_FLAT_20260619/1173587.cif","2806","2026-07-18T18:46:08.4750441Z","c5e417a463b4fe58b47993f0051c370a89c7d39de253202d87e22102e387b375"
"gpu_mn_mg_cgcnn_20260803","experiments/active_learning/NON_GEN_INTERVAL_POOLS_20260618/Mn_NON_GEN_HARD640_FLAT_20260619/1173820.cif","2806","2026-07-18T18:46:08.4760375Z","e0d3ce816e6b3f9ab83fd8b35381f5bf3849f6840badb2ad059bcbe14098420b"
"gpu_mn_mg_cgcnn_20260803","experiments/active_learning/NON_GEN_INTERVAL_POOLS_20260618/Mn_NON_GEN_HARD640_FLAT_20260619/1173896.cif","1535","2026-07-18T18:46:08.4770366Z","219189ef464536058777270f2e33ee55eacf643b68d33e34a23f158d2e5c3792"
"gpu_mn_mg_cgcnn_20260803","experiments/active_learning/NON_GEN_INTERVAL_POOLS_20260618/Mn_NON_GEN_HARD640_FLAT_20260619/1176460.cif","2575","2026-07-18T18:46:08.4780442Z","71552d6de4fc3bb78e6e6c7a9f9e6405c6e9e7d00e87736822ecc6b6f9d87429"
"gpu_mn_mg_cgcnn_20260803","experiments/active_learning/NON_GEN_INTERVAL_POOLS_20260618/Mn_NON_GEN_HARD640_FLAT_20260619/1176503.cif","1958","2026-07-18T18:46:08.4790397Z","2f86a4f4c2e87e80e564bd27ff44b4d3755cdf0e0fa7a3f0515855160655d8b0"
"gpu_mn_mg_cgcnn_20260803","experiments/active_learning/NON_GEN_INTERVAL_POOLS_20260618/Mn_NON_GEN_HARD640_FLAT_20260619/1177025.cif","2800","2026-07-18T18:46:08.4790397Z","eca234381c58fc0bebe49807f1800ea9e9ac059f2c06be970bd49c361cdb9151"
"gpu_mn_mg_cgcnn_20260803","experiments/active_learning/NON_GEN_INTERVAL_POOLS_20260618/Mn_NON_GEN_HARD640_FLAT_20260619/1177150.cif","2227","2026-07-18T18:46:08.4790397Z","55f8b72af27a443a2e3020b8c21268e59cd9d7b2421a4a24da2239aa0a6d744b"
"gpu_mn_mg_cgcnn_20260803","experiments/active_learning/NON_GEN_INTERVAL_POOLS_20260618/Mn_NON_GEN_HARD640_FLAT_20260619/1177389.cif","2810","2026-07-18T18:46:08.4805438Z","f3a92d394dacc476286e70d5cb4e9c128b5099c596e3b88730c3e3e9d222c18f"
"gpu_mn_mg_cgcnn_20260803","experiments/active_learning/NON_GEN_INTERVAL_POOLS_20260618/Mn_NON_GEN_HARD640_FLAT_20260619/1177395.cif","2810","2026-07-18T18:46:08.4815490Z","5d7d8daf421d592cb6ff3c28f3d327b63a8138e925b7d2ec2554382f6dd9ac86"
"gpu_mn_mg_cgcnn_20260803","experiments/active_learning/NON_GEN_INTERVAL_POOLS_20260618/Mn_NON_GEN_HARD640_FLAT_20260619/1177907.cif","1744","2026-07-18T18:46:08.4825482Z","0c306733ab3d4f9e717b88369214399d99331c3b62eee0599832ee0cf864b767"
"gpu_mn_mg_cgcnn_20260803","experiments/active_learning/NON_GEN_INTERVAL_POOLS_20260618/Mn_NON_GEN_HARD640_FLAT_20260619/1180142.cif","1197","2026-07-18T18:46:08.4825482Z","190ac301f6685be997b38dd1d2b34d83a993009269725bcc915716d59416d25e"
"gpu_mn_mg_cgcnn_20260803","experiments/active_learning/NON_GEN_INTERVAL_POOLS_20260618/Mn_NON_GEN_HARD640_FLAT_20260619/1180198.cif","3401","2026-07-18T18:46:08.4835496Z","e7117a96cdb003cbebb826657e02a47ab59b0dcb4c83af3b77d8725da2b1c8a0"
"gpu_mn_mg_cgcnn_20260803","experiments/active_learning/NON_GEN_INTERVAL_POOLS_20260618/Mn_NON_GEN_HARD640_FLAT_20260619/1180441.cif","1380","2026-07-18T18:46:08.4845489Z","4f763e02dbd640c21866e60ee6b93d688192b683d90de1b0a53feef2dbde3f36"
"gpu_mn_mg_cgcnn_20260803","experiments/active_learning/NON_GEN_INTERVAL_POOLS_20260618/Mn_NON_GEN_HARD640_FLAT_20260619/1181758.cif","2871","2026-07-18T18:46:08.4855484Z","327446567c5de5c12efecd2e1f89a6e1dac757624b6be9b6b8d98ba3fe923726"
"gpu_mn_mg_cgcnn_20260803","experiments/active_learning/NON_GEN_INTERVAL_POOLS_20260618/Mn_NON_GEN_HARD640_FLAT_20260619/1182186.cif","1632","2026-07-18T18:46:08.4865497Z","05f7a458e8c379e35c6ff19fe3a0230765c17f686d86e86820d1a5650273ace5"
"gpu_mn_mg_cgcnn_20260803","experiments/active_learning/NON_GEN_INTERVAL_POOLS_20260618/Mn_NON_GEN_HARD640_FLAT_20260619/1182615.cif","3098","2026-07-18T18:46:08.4875500Z","b1551aab3531682ec5696891a08d7245eded2d447dc170f4ae9b87d700d387c0"
"gpu_mn_mg_cgcnn_20260803","experiments/active_learning/NON_GEN_INTERVAL_POOLS_20260618/Mn_NON_GEN_HARD640_FLAT_20260619/1182654.cif","4384","2026-07-18T18:46:08.4885488Z","dc9ce4f257e333aa93955a441b4a6da4b066a0d5c11e8f783b13968f93bb3f92"
"gpu_mn_mg_cgcnn_20260803","experiments/active_learning/NON_GEN_INTERVAL_POOLS_20260618/Mn_NON_GEN_HARD640_FLAT_20260619/1182674.cif","5092","2026-07-18T18:46:08.4885488Z","708e63bf16f03e42f0d73be7908650aca42bbb71d82c0184e3155a0e47638e3c"
"gpu_mn_mg_cgcnn_20260803","experiments/active_learning/NON_GEN_INTERVAL_POOLS_20260618/Mn_NON_GEN_HARD640_FLAT_20260619/1182751.cif","6186","2026-07-18T18:46:08.4895492Z","27541cf573baa40f392d508d5e0ba5869369d379e84703c092fad77cd1b3bb37"
"gpu_mn_mg_cgcnn_20260803","experiments/active_learning/NON_GEN_INTERVAL_POOLS_20260618/Mn_NON_GEN_HARD640_FLAT_20260619/1189676.cif","1684","2026-07-18T18:46:08.4905511Z","7fe27183ff0c3a9217e794c599fc3527b9c4ba1bcca9396d049945d6a2cae896"
"gpu_mn_mg_cgcnn_20260803","experiments/active_learning/NON_GEN_INTERVAL_POOLS_20260618/Mn_NON_GEN_HARD640_FLAT_20260619/1189894.cif","1736","2026-07-18T18:46:08.4915500Z","41b08e626bec01b31f0e2b449c793ba60aee59306828b9ce7bd6d73712f296f6"
"gpu_mn_mg_cgcnn_20260803","experiments/active_learning/NON_GEN_INTERVAL_POOLS_20260618/Mn_NON_GEN_HARD640_FLAT_20260619/1190924.cif","1951","2026-07-18T18:46:08.4925508Z","bf9b03f1db46ed4859e1f7a81efa84d1e4948b2b891e7e6021eaeb4d0a73cb6f"
"gpu_mn_mg_cgcnn_20260803","experiments/active_learning/NON_GEN_INTERVAL_POOLS_20260618/Mn_NON_GEN_HARD640_FLAT_20260619/1191373.cif","2019","2026-07-18T18:46:08.4935486Z","856ddc169182750bd61790197ee6b16c360115600f73bc624c0056ba6cef004c"
"gpu_mn_mg_cgcnn_20260803","experiments/active_learning/NON_GEN_INTERVAL_POOLS_20260618/Mn_NON_GEN_HARD640_FLAT_20260619/1192277.cif","1936","2026-07-18T18:46:08.4935486Z","5e25b87819e380a130c16857dd8de53431347adbf731f573a200e75b16d8eb17"
"gpu_mn_mg_cgcnn_20260803","experiments/active_learning/NON_GEN_INTERVAL_POOLS_20260618/Mn_NON_GEN_HARD640_FLAT_20260619/1192289.cif","1956","2026-07-18T18:46:08.4945483Z","974e5809bbde728f8738b8e60c73693cc0aff24536ea1fc4a92be35fc93475ef"
"gpu_mn_mg_cgcnn_20260803","experiments/active_learning/NON_GEN_INTERVAL_POOLS_20260618/Mn_NON_GEN_HARD640_FLAT_20260619/1192441.cif","2155","2026-07-18T18:46:08.4955493Z","8873adbb49681236d2880a855f4e4711f7301606ef000efee56ac5458ffc3ac1"
"gpu_mn_mg_cgcnn_20260803","experiments/active_learning/NON_GEN_INTERVAL_POOLS_20260618/Mn_NON_GEN_HARD640_FLAT_20260619/1193229.cif","2108","2026-07-18T18:46:08.4965489Z","4d6561581329476afdfaa200667233b3ddbf498db21da9d6b62a97b4a6ff0493"
"gpu_mn_mg_cgcnn_20260803","experiments/active_learning/NON_GEN_INTERVAL_POOLS_20260618/Mn_NON_GEN_HARD640_FLAT_20260619/1193263.cif","2283","2026-07-18T18:46:08.4965489Z","7791a3fb2f5484c4939a4cd016c02c37cf4dde790ab1a892f2e57f9ced5b5944"
"gpu_mn_mg_cgcnn_20260803","experiments/active_learning/NON_GEN_INTERVAL_POOLS_20260618/Mn_NON_GEN_HARD640_FLAT_20260619/1193463.cif","2290","2026-07-18T18:46:08.4975487Z","a4a258bf2db6b292094f8c5de129408e6f63787a23cddef2c88c98139b972545"
"gpu_mn_mg_cgcnn_20260803","experiments/active_learning/NON_GEN_INTERVAL_POOLS_20260618/Mn_NON_GEN_HARD640_FLAT_20260619/1193478.cif","2184","2026-07-18T18:46:08.4985506Z","cfe95f268d201c0ca283a019cd8668cbc35ff8d7ef7a0985139e82e8f81c6260"
"gpu_mn_mg_cgcnn_20260803","experiments/active_learning/NON_GEN_INTERVAL_POOLS_20260618/Mn_NON_GEN_HARD640_FLAT_20260619/1193494.cif","2154","2026-07-18T18:46:08.4995499Z","f63749865a617177fea44c0a2976066648cdd082906c4660db45cb9a6b5a67cc"
"gpu_mn_mg_cgcnn_20260803","experiments/active_learning/NON_GEN_INTERVAL_POOLS_20260618/Mn_NON_GEN_HARD640_FLAT_20260619/1193774.cif","2144","2026-07-18T18:46:08.5005496Z","62a5f73d6cbdac6483c4728c666adc12c1b9ee39d1bc8a6cb6c8ad648a883c99"
"gpu_mn_mg_cgcnn_20260803","experiments/active_learning/NON_GEN_INTERVAL_POOLS_20260618/Mn_NON_GEN_HARD640_FLAT_20260619/1193890.cif","2290","2026-07-18T18:46:08.5015489Z","17ffb4a8a6ff614cc0c8cea2ddf46f683314c5b86374f37eaee4e249fdfb88ee"
"gpu_mn_mg_cgcnn_20260803","experiments/active_learning/NON_GEN_INTERVAL_POOLS_20260618/Mn_NON_GEN_HARD640_FLAT_20260619/1194144.cif","2207","2026-07-18T18:46:08.5025491Z","63c694e8eb7fd54c3d6d8c6d7c4acf4957a61b81fd1f6d2be165a5c37f436eb3"
"gpu_mn_mg_cgcnn_20260803","experiments/active_learning/NON_GEN_INTERVAL_POOLS_20260618/Mn_NON_GEN_HARD640_FLAT_20260619/1194554.cif","2184","2026-07-18T18:46:08.5025491Z","f531d86ba1902ad7fe3ee7685b3547375e453b4c6f51f6d20ae003c1afa7c796"
"gpu_mn_mg_cgcnn_20260803","experiments/active_learning/NON_GEN_INTERVAL_POOLS_20260618/Mn_NON_GEN_HARD640_FLAT_20260619/1194593.cif","3639","2026-07-18T18:46:08.5035489Z","8d41d2d569cf66c932f70d37091af1a443d554741bad62960270c001a0756638"
"gpu_mn_mg_cgcnn_20260803","experiments/active_learning/NON_GEN_INTERVAL_POOLS_20260618/Mn_NON_GEN_HARD640_FLAT_20260619/1194603.cif","2790","2026-07-18T18:46:08.5045479Z","7a9c0fe03b90454084b25a8be513f535ce3f036ac3da23672bc4fd936bf0a86e"
"gpu_mn_mg_cgcnn_20260803","experiments/active_learning/NON_GEN_INTERVAL_POOLS_20260618/Mn_NON_GEN_HARD640_FLAT_20260619/1194843.cif","10014","2026-07-18T18:46:08.5055479Z","41a4075c65900f946590b56f4856b12c4009df8a7c472d71c203de4fbdd0bdf4"
"gpu_mn_mg_cgcnn_20260803","experiments/active_learning/NON_GEN_INTERVAL_POOLS_20260618/Mn_NON_GEN_HARD640_FLAT_20260619/1194882.cif","2591","2026-07-18T18:46:08.5065481Z","23095a5c3d0d3a607f23ae6a065b54b7644f3088534a967bc98bbea9e318c788"
"gpu_mn_mg_cgcnn_20260803","experiments/active_learning/NON_GEN_INTERVAL_POOLS_20260618/Mn_NON_GEN_HARD640_FLAT_20260619/1195006.cif","2682","2026-07-18T18:46:08.5065481Z","d84100db72a096b013c4836c68e1a5dc2de3eb81bbf9a61ef436cf570e99f778"
"gpu_mn_mg_cgcnn_20260803","experiments/active_learning/NON_GEN_INTERVAL_POOLS_20260618/Mn_NON_GEN_HARD640_FLAT_20260619/1195414.cif","5574","2026-07-18T18:46:08.5075479Z","c44ed8c88b0dbbdf4ad90d2c05758c5c3dc0defc0bb07eb67ba5f73b2921bf83"
"gpu_mn_mg_cgcnn_20260803","experiments/active_learning/NON_GEN_INTERVAL_POOLS_20260618/Mn_NON_GEN_HARD640_FLAT_20260619/1195426.cif","3935","2026-07-18T18:46:08.5085484Z","2bac5f08e556f2e40f16c7bab190df5a93da3411f8f574a8ec665410df4bf79f"
"gpu_mn_mg_cgcnn_20260803","experiments/active_learning/NON_GEN_INTERVAL_POOLS_20260618/Mn_NON_GEN_HARD640_FLAT_20260619/1195634.cif","3337","2026-07-18T18:46:08.5095480Z","1e9713c522eb43c6f95d5e7dddc9e8aab00faeadd16297bf890f6eda5eedc403"
"gpu_mn_mg_cgcnn_20260803","experiments/active_learning/NON_GEN_INTERVAL_POOLS_20260618/Mn_NON_GEN_HARD640_FLAT_20260619/1195724.cif","3344","2026-07-18T18:46:08.5095480Z","82d7108911bc955640117899643b47dcd87519070d443cda7407258a4960dbd5"
"gpu_mn_mg_cgcnn_20260803","experiments/active_learning/NON_GEN_INTERVAL_POOLS_20260618/Mn_NON_GEN_HARD640_FLAT_20260619/1195729.cif","7413","2026-07-18T18:46:08.5105478Z","60c16a0818805bc1775ac55ca3bb6fd394ecd7a89e3c86d570f3f3871342ef62"
"gpu_mn_mg_cgcnn_20260803","experiments/active_learning/NON_GEN_INTERVAL_POOLS_20260618/Mn_NON_GEN_HARD640_FLAT_20260619/1195778.cif","2797","2026-07-18T18:46:08.5115493Z","c765347774e352e422b99273a405bebe4cf8c426e61f0d7be2134445d998db58"
"gpu_mn_mg_cgcnn_20260803","experiments/active_learning/NON_GEN_INTERVAL_POOLS_20260618/Mn_NON_GEN_HARD640_FLAT_20260619/1196033.cif","9583","2026-07-18T18:46:08.5115493Z","a572d205242480d09928531364e520018e7008e20c7deea1e76103155789a124"
"gpu_mn_mg_cgcnn_20260803","experiments/active_learning/NON_GEN_INTERVAL_POOLS_20260618/Mn_NON_GEN_HARD640_FLAT_20260619/1196077.cif","5380","2026-07-18T18:46:08.5125505Z","d4e7340db51772fd8df47faf79ede6f2332517494eb55caf4628ec4df3298a80"
"gpu_mn_mg_cgcnn_20260803","experiments/active_learning/NON_GEN_INTERVAL_POOLS_20260618/Mn_NON_GEN_HARD640_FLAT_20260619/1196143.cif","3470","2026-07-18T18:46:08.5135514Z","12af644585e3e93bd6716cf839869d8a5f63f8b80387a751e891159dfaad5c4b"
"gpu_mn_mg_cgcnn_20260803","experiments/active_learning/NON_GEN_INTERVAL_POOLS_20260618/Mn_NON_GEN_HARD640_FLAT_20260619/1196709.cif","3523","2026-07-18T18:46:08.5145489Z","9339cc7e1ade8476d1b20c2ce20d9bb0eab5a4be39237511aa716dc0b452254a"
"gpu_mn_mg_cgcnn_20260803","experiments/active_learning/NON_GEN_INTERVAL_POOLS_20260618/Mn_NON_GEN_HARD640_FLAT_20260619/1196770.cif","5644","2026-07-18T18:46:08.5155485Z","8ace92101d4c6e1bf580a879a0ad60a9b7949f57ae036c68f5189e8fa64ee0f7"
"gpu_mn_mg_cgcnn_20260803","experiments/active_learning/NON_GEN_INTERVAL_POOLS_20260618/Mn_NON_GEN_HARD640_FLAT_20260619/1197034.cif","2798","2026-07-18T18:46:08.5165505Z","314c818d76a1845f10a6fa065132756b211cb52eace373c3f1667fcbf4d987de"
"gpu_mn_mg_cgcnn_20260803","experiments/active_learning/NON_GEN_INTERVAL_POOLS_20260618/Mn_NON_GEN_HARD640_FLAT_20260619/1197208.cif","4608","2026-07-18T18:46:08.5165505Z","43ed7b2a56e3a7bdca69ec2f0d0e47cade9b3a8080498f7da6a23233eae623ba"
"gpu_mn_mg_cgcnn_20260803","experiments/active_learning/NON_GEN_INTERVAL_POOLS_20260618/Mn_NON_GEN_HARD640_FLAT_20260619/1197360.cif","4371","2026-07-18T18:46:08.5175513Z","b26451bb7ab0d29ddccff6f56c4ff4eaf8263e97e4bd1a118d4d247678ae3f07"
"gpu_mn_mg_cgcnn_20260803","experiments/active_learning/NON_GEN_INTERVAL_POOLS_20260618/Mn_NON_GEN_HARD640_FLAT_20260619/1197574.cif","8568","2026-07-18T18:46:08.5185504Z","65283ffe784234cb15262de2caab50756b1f7653f36396913bc0e5a96afc4df1"
"gpu_mn_mg_cgcnn_20260803","experiments/active_learning/NON_GEN_INTERVAL_POOLS_20260618/Mn_NON_GEN_HARD640_FLAT_20260619/1197780.cif","4031","2026-07-18T18:46:08.5195482Z","8d4cc210b14f7428c4489116e9756bc19883ced384bc33f2af9bbb365a48944c"
"gpu_mn_mg_cgcnn_20260803","experiments/active_learning/NON_GEN_INTERVAL_POOLS_20260618/Mn_NON_GEN_HARD640_FLAT_20260619/1197899.cif","11874","2026-07-18T18:46:08.5205561Z","ca2dab67e6d916ec63f4edf8c177cd37a7d0b3f2f749e67bd277b4d00c22bc75"
"gpu_mn_mg_cgcnn_20260803","experiments/active_learning/NON_GEN_INTERVAL_POOLS_20260618/Mn_NON_GEN_HARD640_FLAT_20260619/1198149.cif","2884","2026-07-18T18:46:08.5205561Z","713a91d799bee71bdacf6c803cae8ce0219988ee9cf4fec9c54cccfd3ce6d93c"
"gpu_mn_mg_cgcnn_20260803","experiments/active_learning/NON_GEN_INTERVAL_POOLS_20260618/Mn_NON_GEN_HARD640_FLAT_20260619/1199926.cif","3005","2026-07-18T18:46:08.5215488Z","0fa1db1fdea4ea9d395336f6e0fe651597741848af100738127fe591c988e2fd"
"gpu_mn_mg_cgcnn_20260803","experiments/active_learning/NON_GEN_INTERVAL_POOLS_20260618/Mn_NON_GEN_HARD640_FLAT_20260619/1199960.cif","6334","2026-07-18T18:46:08.5225560Z","44b19f25c7a1b61f9707d0a1eb72e19e2424cc1eb8965cd34a44783d71a3c4c2"
"gpu_mn_mg_cgcnn_20260803","experiments/active_learning/NON_GEN_INTERVAL_POOLS_20260618/Mn_NON_GEN_HARD640_FLAT_20260619/1200010.cif","4814","2026-07-18T18:46:08.5235562Z","f6300e14be5ac6f156f4dfc2176e4cb365a956c678b9d0e728f942dbf6c7b5d8"
"gpu_mn_mg_cgcnn_20260803","experiments/active_learning/NON_GEN_INTERVAL_POOLS_20260618/Mn_NON_GEN_HARD640_FLAT_20260619/1200379.cif","6047","2026-07-18T18:46:08.5235562Z","266f0bd4eb0bff2f719e95047d0e24f3ee1df0564e408de83f4b7d6beb2fb0dd"
"gpu_mn_mg_cgcnn_20260803","experiments/active_learning/NON_GEN_INTERVAL_POOLS_20260618/Mn_NON_GEN_HARD640_FLAT_20260619/1200431.cif","2800","2026-07-18T18:46:08.5245545Z","9f07e3d6e54c364822c928add51096cc740b5b28bd8307da39b384ae9d649945"
"gpu_mn_mg_cgcnn_20260803","experiments/active_learning/NON_GEN_INTERVAL_POOLS_20260618/Mn_NON_GEN_HARD640_FLAT_20260619/1200531.cif","4722","2026-07-18T18:46:08.5255485Z","d24f0358221be2a512dc5d4923271dc05ea704b6a1d9ffe70ace3e32abb5c3e6"
"gpu_mn_mg_cgcnn_20260803","experiments/active_learning/NON_GEN_INTERVAL_POOLS_20260618/Mn_NON_GEN_HARD640_FLAT_20260619/1200751.cif","4137","2026-07-18T18:46:08.5265566Z","3fa730b024499c9e4465a842b5182149e63eac8a709593e35eceb2de9f72105e"
"gpu_mn_mg_cgcnn_20260803","experiments/active_learning/NON_GEN_INTERVAL_POOLS_20260618/Mn_NON_GEN_HARD640_FLAT_20260619/1200911.cif","3532","2026-07-18T18:46:08.5275492Z","6338a91acd20d00e2c4d10bc5be8d7f52838d257d0d26aa0c2e53fc794a327e7"
"gpu_mn_mg_cgcnn_20260803","experiments/active_learning/NON_GEN_INTERVAL_POOLS_20260618/Mn_NON_GEN_HARD640_FLAT_20260619/1201453.cif","5847","2026-07-18T18:46:08.5285485Z","8880ee29bbc53c80ab7c291bc001a8092bcbe6bb2774be6da9d3d79ac4b8cc69"
"gpu_mn_mg_cgcnn_20260803","experiments/active_learning/NON_GEN_INTERVAL_POOLS_20260618/Mn_NON_GEN_HARD640_FLAT_20260619/1201658.cif","3838","2026-07-18T18:46:08.5285485Z","14532cc1d0b175f4b4056980f9dd38b6f07c4459c59a5a15245b6992558f1ab3"
"gpu_mn_mg_cgcnn_20260803","experiments/active_learning/NON_GEN_INTERVAL_POOLS_20260618/Mn_NON_GEN_HARD640_FLAT_20260619/1201808.cif","3730","2026-07-18T18:46:08.5295480Z","d382631e627c2de2b7de6f3cf0009565d65fc930adcb88ce5b38e63688f75108"
"gpu_mn_mg_cgcnn_20260803","experiments/active_learning/NON_GEN_INTERVAL_POOLS_20260618/Mn_NON_GEN_HARD640_FLAT_20260619/1201950.cif","3346","2026-07-18T18:46:08.5305480Z","746a12bd5e6de40e58a098c6370c0c515631756ae06f547f51411aabb88e62a6"
"gpu_mn_mg_cgcnn_20260803","experiments/active_learning/NON_GEN_INTERVAL_POOLS_20260618/Mn_NON_GEN_HARD640_FLAT_20260619/1202031.cif","3029","2026-07-18T18:46:08.5315557Z","8fa7c03e990caff13a96e415b47af18cd33a33404432ad7957e5f10b93b3ef25"
"gpu_mn_mg_cgcnn_20260803","experiments/active_learning/NON_GEN_INTERVAL_POOLS_20260618/Mn_NON_GEN_HARD640_FLAT_20260619/1202299.cif","5053","2026-07-18T18:46:08.5315557Z","2b6951bb68482d754a1983543ccac043bd8589769d9ee6fd60e50a10e3a280dc"
"gpu_mn_mg_cgcnn_20260803","experiments/active_learning/NON_GEN_INTERVAL_POOLS_20260618/Mn_NON_GEN_HARD640_FLAT_20260619/1202382.cif","3930","2026-07-18T18:46:08.5325489Z","6ea03e8c947826eaf6c0ef3d414e8216c8af35f22331b58619e70f26a8c2054f"
"gpu_mn_mg_cgcnn_20260803","experiments/active_learning/NON_GEN_INTERVAL_POOLS_20260618/Mn_NON_GEN_HARD640_FLAT_20260619/1203019.cif","3291","2026-07-18T18:46:08.5335560Z","5b17a93e5dbddde560dd6459c1bf96bc4dd92feb98e8c279802e0d44e00a32a0"
"gpu_mn_mg_cgcnn_20260803","experiments/active_learning/NON_GEN_INTERVAL_POOLS_20260618/Mn_NON_GEN_HARD640_FLAT_20260619/1203335.cif","3209","2026-07-18T18:46:08.5345557Z","29e5c3caa98442e1721532963670bf76bc7bb316380ba5ae40d41b31101d3a4a"
"gpu_mn_mg_cgcnn_20260803","experiments/active_learning/NON_GEN_INTERVAL_POOLS_20260618/Mn_NON_GEN_HARD640_FLAT_20260619/1203724.cif","3346","2026-07-18T18:46:08.5345557Z","cb3941e8f4e8984efd63ca057df70de0d80962f84a2bc8015d8ab134452dc03f"
"gpu_mn_mg_cgcnn_20260803","experiments/active_learning/NON_GEN_INTERVAL_POOLS_20260618/Mn_NON_GEN_HARD640_FLAT_20260619/1203956.cif","8681","2026-07-18T18:46:08.5355541Z","7734e1609ff5897f3ca9edc567a5def9126dabac47b7c22dda83028c4543f96d"
"gpu_mn_mg_cgcnn_20260803","experiments/active_learning/NON_GEN_INTERVAL_POOLS_20260618/Mn_NON_GEN_HARD640_FLAT_20260619/1204173.cif","2681","2026-07-18T18:46:08.5365538Z","329d892b98da2111385c99deaf2e698f13c84ff4630b0b2db8c10ece426d3276"
"gpu_mn_mg_cgcnn_20260803","experiments/active_learning/NON_GEN_INTERVAL_POOLS_20260618/Mn_NON_GEN_HARD640_FLAT_20260619/1204184.cif","4790","2026-07-18T18:46:08.5365538Z","15116841c9b9d223c938e1f1082e285ac166ea60834b7ff4f21453e76dd2b596"
"gpu_mn_mg_cgcnn_20260803","experiments/active_learning/NON_GEN_INTERVAL_POOLS_20260618/Mn_NON_GEN_HARD640_FLAT_20260619/1204197.cif","2908","2026-07-18T18:46:08.5375481Z","3aa7c276669ce9a53e315579933f891232a427913d669acf18ba5fd4315cfadd"
"gpu_mn_mg_cgcnn_20260803","experiments/active_learning/NON_GEN_INTERVAL_POOLS_20260618/Mn_NON_GEN_HARD640_FLAT_20260619/1204233.cif","3241","2026-07-18T18:46:08.5385490Z","d0d22613e65bf7dbd8a51e43430eb35feb47cd21295c18a5cda2afcae7d3c545"
"gpu_mn_mg_cgcnn_20260803","experiments/active_learning/NON_GEN_INTERVAL_POOLS_20260618/Mn_NON_GEN_HARD640_FLAT_20260619/1204234.cif","2990","2026-07-18T18:46:08.5385490Z","fec89639164f8a729befd823a9f5241939b43300f320b1320c13008e4a390397"
"gpu_mn_mg_cgcnn_20260803","experiments/active_learning/NON_GEN_INTERVAL_POOLS_20260618/Mn_NON_GEN_HARD640_FLAT_20260619/1204299.cif","3866","2026-07-18T18:46:08.5395487Z","04e054c41d83bb058bcf2d7c1d71d21d22e89df38842fc49cc408fcaa300866f"
"gpu_mn_mg_cgcnn_20260803","experiments/active_learning/NON_GEN_INTERVAL_POOLS_20260618/Mn_NON_GEN_HARD640_FLAT_20260619/1204710.cif","3856","2026-07-18T18:46:08.5405559Z","53a4915ffdff1e7d885f18090599b0e46a4697cf152497c89025af31e15295b1"
"gpu_mn_mg_cgcnn_20260803","experiments/active_learning/NON_GEN_INTERVAL_POOLS_20260618/Mn_NON_GEN_HARD640_FLAT_20260619/1204766.cif","4482","2026-07-18T18:46:08.5405559Z","c70253ba487161800394c66531d73d0b480a29b8cb8182e570d2eaeda0b04704"
"gpu_mn_mg_cgcnn_20260803","experiments/active_learning/NON_GEN_INTERVAL_POOLS_20260618/Mn_NON_GEN_HARD640_FLAT_20260619/1205048.cif","5504","2026-07-18T18:46:08.5415557Z","2f694576cc33771616a1e56c90dd83fee93bbd1e27fbcadabfa90060d8fef40e"
"gpu_mn_mg_cgcnn_20260803","experiments/active_learning/NON_GEN_INTERVAL_POOLS_20260618/Mn_NON_GEN_HARD640_FLAT_20260619/1208646.cif","2373","2026-07-18T18:46:08.5425559Z","931fd3d4be6e59757d10c7a0ee3eccd38fc237a19923f3057d2b1c851f0034a8"
"gpu_mn_mg_cgcnn_20260803","experiments/active_learning/NON_GEN_INTERVAL_POOLS_20260618/Mn_NON_GEN_HARD640_FLAT_20260619/1208762.cif","1743","2026-07-18T18:46:08.5435561Z","2f1685299e851f22da9e4e3035996e863026aa0ce95710557aae3466bfdff2ea"
"gpu_mn_mg_cgcnn_20260803","experiments/active_learning/NON_GEN_INTERVAL_POOLS_20260618/Mn_NON_GEN_HARD640_FLAT_20260619/1210177.cif","2798","2026-07-18T18:46:08.5445489Z","5183f61f5a6b8bbfaa9d22b401a9452f9ff996f11f9ec6fc67bdb0c66a0db4e0"
"gpu_mn_mg_cgcnn_20260803","experiments/active_learning/NON_GEN_INTERVAL_POOLS_20260618/Mn_NON_GEN_HARD640_FLAT_20260619/1210269.cif","3622","2026-07-18T18:46:08.5445489Z","201ce0d46d95ea50e0a499846a127bb59b7c0f824372318a399b9e05bc9b16e3"
"gpu_mn_mg_cgcnn_20260803","experiments/active_learning/NON_GEN_INTERVAL_POOLS_20260618/Mn_NON_GEN_HARD640_FLAT_20260619/1210502.cif","2800","2026-07-18T18:46:08.5455481Z","21f35dee0788c9114d95c03d164b6d88302237b7d945bfa07883f46af0757ede"
"gpu_mn_mg_cgcnn_20260803","experiments/active_learning/NON_GEN_INTERVAL_POOLS_20260618/Mn_NON_GEN_HARD640_FLAT_20260619/1210812.cif","4371","2026-07-18T18:46:08.5465563Z","572593d60229698ea2c373944da2b85a38e3ee9f5d8a91a1322dd4f9e5390388"
"gpu_mn_mg_cgcnn_20260803","experiments/active_learning/NON_GEN_INTERVAL_POOLS_20260618/Mn_NON_GEN_HARD640_FLAT_20260619/1210873.cif","2373","2026-07-18T18:46:08.5475558Z","7497429f297ad3ba8343e2847fbc55e3b58b9788ac13e6a7bc930909798bc4d6"
"gpu_mn_mg_cgcnn_20260803","experiments/active_learning/NON_GEN_INTERVAL_POOLS_20260618/Mn_NON_GEN_HARD640_FLAT_20260619/1210889.cif","2848","2026-07-18T18:46:08.5475558Z","e499820986b16645535ceb41de805f04953ec31d9ca31b1d0e5583c538acf720"
"gpu_mn_mg_cgcnn_20260803","experiments/active_learning/NON_GEN_INTERVAL_POOLS_20260618/Mn_NON_GEN_HARD640_FLAT_20260619/1210930.cif","4901","2026-07-18T18:46:08.5485537Z","01a5babd8cecd0eba403227954ca83195c519b302a9fa062a68ea96e5cb66455"
"gpu_mn_mg_cgcnn_20260803","experiments/active_learning/NON_GEN_INTERVAL_POOLS_20260618/Mn_NON_GEN_HARD640_FLAT_20260619/1211169.cif","3620","2026-07-18T18:46:08.5495557Z","2bb58cc6d57bf22b4cb579d1982a8a42602d9e655462108a08ada574d8aaf12e"
"gpu_mn_mg_cgcnn_20260803","experiments/active_learning/NON_GEN_INTERVAL_POOLS_20260618/Mn_NON_GEN_HARD640_FLAT_20260619/1211470.cif","4927","2026-07-18T18:46:08.5495557Z","552828c86eb1fbdc05c13b33472449b8f51ed7ed6a33e0f880974e862be6b371"
"gpu_mn_mg_cgcnn_20260803","experiments/active_learning/NON_GEN_INTERVAL_POOLS_20260618/Mn_NON_GEN_HARD640_FLAT_20260619/1211939.cif","5031","2026-07-18T18:46:08.5505483Z","90c991d7d78ae88fc52d877fb7354177e2eef87851953c597ba1fb0247c40375"
"gpu_mn_mg_cgcnn_20260803","experiments/active_learning/NON_GEN_INTERVAL_POOLS_20260618/Mn_NON_GEN_HARD640_FLAT_20260619/1212109.cif","3829","2026-07-18T18:46:08.5515560Z","c243e4d6b8052a902be716d0f008b004f992d385a81b55c9c9fc4131c3668bc8"
"gpu_mn_mg_cgcnn_20260803","experiments/active_learning/NON_GEN_INTERVAL_POOLS_20260618/Mn_NON_GEN_HARD640_FLAT_20260619/1212163.cif","5695","2026-07-18T18:46:08.5515560Z","c990f6e5cb5051a27ef90368c56b3a74acb3a584bfee945f5f77f785cfd200ed"
"gpu_mn_mg_cgcnn_20260803","experiments/active_learning/NON_GEN_INTERVAL_POOLS_20260618/Mn_NON_GEN_HARD640_FLAT_20260619/1212184.cif","7491","2026-07-18T18:46:08.5525562Z","b5084b1b69c766acd8725fa26311f33541a1750767ee8c83955950f45f852d10"
"gpu_mn_mg_cgcnn_20260803","experiments/active_learning/NON_GEN_INTERVAL_POOLS_20260618/Mn_NON_GEN_HARD640_FLAT_20260619/1212305.cif","2527","2026-07-18T18:46:08.5535480Z","7eb15b6a7e10c014e8cef72c824c78ebaedea2dc036142fe92ea066852ab1bac"
"gpu_mn_mg_cgcnn_20260803","experiments/active_learning/NON_GEN_INTERVAL_POOLS_20260618/Mn_NON_GEN_HARD640_FLAT_20260619/1212395.cif","4939","2026-07-18T18:46:08.5535480Z","f9f7cdaff823424fa9afbf7a57bd55b6f7b02e256647bbe6a2d13a0e3dfb8348"
"gpu_mn_mg_cgcnn_20260803","experiments/active_learning/NON_GEN_INTERVAL_POOLS_20260618/Mn_NON_GEN_HARD640_FLAT_20260619/1212984.cif","2373","2026-07-18T18:46:08.5545559Z","7a53b1046690262d8f69bbd1c967cf3fa33af79fb394ed37fcc1376df48359f2"
"gpu_mn_mg_cgcnn_20260803","experiments/active_learning/NON_GEN_INTERVAL_POOLS_20260618/Mn_NON_GEN_HARD640_FLAT_20260619/1213032.cif","2373","2026-07-18T18:46:08.5555557Z","a590d56b5a55059a34f9fbb16cf495eafff996adb822c722b091dfd0e170fd41"
"gpu_mn_mg_cgcnn_20260803","experiments/active_learning/NON_GEN_INTERVAL_POOLS_20260618/Mn_NON_GEN_HARD640_FLAT_20260619/1213628.cif","2184","2026-07-18T18:46:08.5555557Z","e105ef8b2834b0b91846aa8a648a3cf394c8396280c0aad464fc67ca8a0311a2"
"gpu_mn_mg_cgcnn_20260803","experiments/active_learning/NON_GEN_INTERVAL_POOLS_20260618/Mn_NON_GEN_HARD640_FLAT_20260619/1214074.cif","2166","2026-07-18T18:46:08.5565483Z","6fe4a223a704accf1288c4ec34a2e5ead70ec3a7ea69f73184414771aa7add94"
"gpu_mn_mg_cgcnn_20260803","experiments/active_learning/NON_GEN_INTERVAL_POOLS_20260618/Mn_NON_GEN_HARD640_FLAT_20260619/1214191.cif","3017","2026-07-18T18:46:08.5575480Z","44a1567e6ebc949ee24a4de9dbb8ae50e3fd1dd0dbf215666b12d4cb93f1985c"
"gpu_mn_mg_cgcnn_20260803","experiments/active_learning/NON_GEN_INTERVAL_POOLS_20260618/Mn_NON_GEN_HARD640_FLAT_20260619/1214341.cif","3107","2026-07-18T18:46:08.5585491Z","4c587e41d9825fb3f381b53d48aae853c8bdad1d8dd638b488cb1957b9bffe6d"
"gpu_mn_mg_cgcnn_20260803","experiments/active_learning/NON_GEN_INTERVAL_POOLS_20260618/Mn_NON_GEN_HARD640_FLAT_20260619/1214390.cif","4706","2026-07-18T18:46:08.5595492Z","f6b3c89d7fb1824f99b97cde9f8a61e682699b00e55f5a2ba179d486131fe93f"
"gpu_mn_mg_cgcnn_20260803","experiments/active_learning/NON_GEN_INTERVAL_POOLS_20260618/Mn_NON_GEN_HARD640_FLAT_20260619/1214549.cif","1631","2026-07-18T18:46:08.5605490Z","4d8d7db8a439599c79bdf9bcbe156945ec2a40173a51d9ee3936d792c86fb95f"
"gpu_mn_mg_cgcnn_20260803","experiments/active_learning/NON_GEN_INTERVAL_POOLS_20260618/Mn_NON_GEN_HARD640_FLAT_20260619/1214612.cif","3991","2026-07-18T18:46:08.5890847Z","b744c8fa87955d344ea5be664b14b29b273166a2be072f67120eb3bb66a8de54"
"gpu_mn_mg_cgcnn_20260803","experiments/active_learning/NON_GEN_INTERVAL_POOLS_20260618/Mn_NON_GEN_HARD640_FLAT_20260619/1214895.cif","3770","2026-07-18T18:46:08.5900777Z","9673a08d1684103ac83ac055fe671c96f85bf9a9de75f634acf63bbaf2d7163a"
"gpu_mn_mg_cgcnn_20260803","experiments/active_learning/NON_GEN_INTERVAL_POOLS_20260618/Mn_NON_GEN_HARD640_FLAT_20260619/1215056.cif","6356","2026-07-18T18:46:08.5910776Z","0998e8dd6f27356d0990233e30ae470872f582b170bc97ab31c11e6622dfb4f6"
"gpu_mn_mg_cgcnn_20260803","experiments/active_learning/NON_GEN_INTERVAL_POOLS_20260618/Mn_NON_GEN_HARD640_FLAT_20260619/1215061.cif","5372","2026-07-18T18:46:08.5910776Z","ef5d7f7713eb249e9c57c24c4bbfe11608f4c2d661d72cbbc473c440c3e7b1d9"
"gpu_mn_mg_cgcnn_20260803","experiments/active_learning/NON_GEN_INTERVAL_POOLS_20260618/Mn_NON_GEN_HARD640_FLAT_20260619/1215068.cif","1530","2026-07-18T18:46:08.5920777Z","f84f61eb921ef1270b880c147e2a4741463a010b7f653f7d85bceace4007b03c"
"gpu_mn_mg_cgcnn_20260803","experiments/active_learning/NON_GEN_INTERVAL_POOLS_20260618/Mn_NON_GEN_HARD640_FLAT_20260619/1217765.cif","1220","2026-07-18T18:46:08.5930775Z","a32f577db03cf54a2d1c2e0dd17c3875fb5ea18057412f84f9430129b36fc396"
"gpu_mn_mg_cgcnn_20260803","experiments/active_learning/NON_GEN_INTERVAL_POOLS_20260618/Mn_NON_GEN_HARD640_FLAT_20260619/1218143.cif","1220","2026-07-18T18:46:08.5930775Z","6ad277997fe5d5dae1551ea394d43d84c512728a59f7650d0ed1392c2fdf7840"
"gpu_mn_mg_cgcnn_20260803","experiments/active_learning/NON_GEN_INTERVAL_POOLS_20260618/Mn_NON_GEN_HARD640_FLAT_20260619/1218209.cif","1220","2026-07-18T18:46:08.5940776Z","db91e6035960c356ad142379f0e36851824805686c02d2fb6ecd610053999d24"
"gpu_mn_mg_cgcnn_20260803","experiments/active_learning/NON_GEN_INTERVAL_POOLS_20260618/Mn_NON_GEN_HARD640_FLAT_20260619/1218247.cif","1215","2026-07-18T18:46:08.5950775Z","c7464af83bc6fe528eb8e95d112457f93f1f6eb67f3c5504e8812fac2abbf47b"
"gpu_mn_mg_cgcnn_20260803","experiments/active_learning/NON_GEN_INTERVAL_POOLS_20260618/Mn_NON_GEN_HARD640_FLAT_20260619/1218266.cif","1755","2026-07-18T18:46:08.5960777Z","7804754a16de1696616efc0ef3069c57d6dbf8ed84a72253762c0d304d88d392"
"gpu_mn_mg_cgcnn_20260803","experiments/active_learning/NON_GEN_INTERVAL_POOLS_20260618/Mn_NON_GEN_HARD640_FLAT_20260619/1218309.cif","1767","2026-07-18T18:46:08.5960777Z","9e6af9daa368fc3203e113c71a0783c4ab7e0989a282d979758dc7338c77e14c"
"gpu_mn_mg_cgcnn_20260803","experiments/active_learning/NON_GEN_INTERVAL_POOLS_20260618/Mn_NON_GEN_HARD640_FLAT_20260619/1218544.cif","1749","2026-07-18T18:46:08.5970785Z","b7d096dec663d81830bb5472d8e17dcfee5a3771d9a8b7b7b319cfb2fa480873"
"gpu_mn_mg_cgcnn_20260803","experiments/active_learning/NON_GEN_INTERVAL_POOLS_20260618/Mn_NON_GEN_HARD640_FLAT_20260619/1218651.cif","1697","2026-07-18T18:46:08.5980802Z","92b96dd3b05f92c3fda744515b7f9bf1893ba5597b7f80ec555aff953ca7d726"
"gpu_mn_mg_cgcnn_20260803","experiments/active_learning/NON_GEN_INTERVAL_POOLS_20260618/Mn_NON_GEN_HARD640_FLAT_20260619/1218672.cif","2011","2026-07-18T18:46:08.5980802Z","4429998b6510aa13b4ef9288f0e3da3829664691bcc334c85d12381d35d79f70"
"gpu_mn_mg_cgcnn_20260803","experiments/active_learning/NON_GEN_INTERVAL_POOLS_20260618/Mn_NON_GEN_HARD640_FLAT_20260619/1218675.cif","2011","2026-07-18T18:46:08.5990773Z","f5943186069cd6de24ec0621eac9a62031f0a601245590f1c2d658644e282ba9"
"gpu_mn_mg_cgcnn_20260803","experiments/active_learning/NON_GEN_INTERVAL_POOLS_20260618/Mn_NON_GEN_HARD640_FLAT_20260619/1218747.cif","1183","2026-07-18T18:46:08.6000773Z","04f19920d4fe5fbd71f0a20e27adf8538e26b80506b041041d7918ef18711a18"
"gpu_mn_mg_cgcnn_20260803","experiments/active_learning/NON_GEN_INTERVAL_POOLS_20260618/Mn_NON_GEN_HARD640_FLAT_20260619/1218788.cif","1587","2026-07-18T18:46:08.6000773Z","b1414f7cd129cb91266291aaffc13694a51d47ccd6cbe668b6c5dcc864f5ad9f"
"gpu_mn_mg_cgcnn_20260803","experiments/active_learning/NON_GEN_INTERVAL_POOLS_20260618/Mn_NON_GEN_HARD640_FLAT_20260619/1218815.cif","1329","2026-07-18T18:46:08.6010776Z","168da471d40ca5fb649b8fd8aa4b7529e2cf114e6ec56fb6822e5b5449584ae2"
"gpu_mn_mg_cgcnn_20260803","experiments/active_learning/NON_GEN_INTERVAL_POOLS_20260618/Mn_NON_GEN_HARD640_FLAT_20260619/1218911.cif","2547","2026-07-18T18:46:08.6020774Z","0224d7dd1cb6cfbe826af98230702a30862464f7fae9655ac103356c0e1e08a0"
"gpu_mn_mg_cgcnn_20260803","experiments/active_learning/NON_GEN_INTERVAL_POOLS_20260618/Mn_NON_GEN_HARD640_FLAT_20260619/1219299.cif","2806","2026-07-18T18:46:08.6030773Z","a8ccf606a7436bdad2fabc55e45c88dce8e5c600ba4d0523552f3936fab18999"
"gpu_mn_mg_cgcnn_20260803","experiments/active_learning/NON_GEN_INTERVAL_POOLS_20260618/Mn_NON_GEN_HARD640_FLAT_20260619/1221189.cif","3900","2026-07-18T18:46:08.6030773Z","436598a58f29f4dda9b618100dddbedc83b8ee6e267163e393d5eeeb1d404ba2"
"gpu_mn_mg_cgcnn_20260803","experiments/active_learning/NON_GEN_INTERVAL_POOLS_20260618/Mn_NON_GEN_HARD640_FLAT_20260619/1221227.cif","1330","2026-07-18T18:46:08.6040783Z","378005901eee9bb1fe8b28532caa8906da046a58bec0af5668f2fbeb33f1fd03"
"gpu_mn_mg_cgcnn_20260803","experiments/active_learning/NON_GEN_INTERVAL_POOLS_20260618/Mn_NON_GEN_HARD640_FLAT_20260619/1221274.cif","4091","2026-07-18T18:46:08.6050776Z","912cdc075d40dd710ebbb649b8722aadff23cab6474c80487a0284f0acc9e3a3"
"gpu_mn_mg_cgcnn_20260803","experiments/active_learning/NON_GEN_INTERVAL_POOLS_20260618/Mn_NON_GEN_HARD640_FLAT_20260619/1221366.cif","2588","2026-07-18T18:46:08.6060790Z","74f968618bc14a029a2101e55e1f0fd0f6ced2d9fc32fa1ceb0b9deec14e3012"
"gpu_mn_mg_cgcnn_20260803","experiments/active_learning/NON_GEN_INTERVAL_POOLS_20260618/Mn_NON_GEN_HARD640_FLAT_20260619/1221663.cif","2588","2026-07-18T18:46:08.6070783Z","ba002b7fd3901b675ee4de8f4d5df9fef4d6616ccfd1ff4b896f6f4686b3c2e8"
"gpu_mn_mg_cgcnn_20260803","experiments/active_learning/NON_GEN_INTERVAL_POOLS_20260618/Mn_NON_GEN_HARD640_FLAT_20260619/1221712.cif","1116","2026-07-18T18:46:08.6080776Z","3815cab98ecf1dbf01b7f47a2ab8345dee69758b266c64ed0347e31fb64060e6"
"gpu_mn_mg_cgcnn_20260803","experiments/active_learning/NON_GEN_INTERVAL_POOLS_20260618/Mn_NON_GEN_HARD640_FLAT_20260619/1221788.cif","1629","2026-07-18T18:46:08.6090779Z","a039938310b893930e1fe44b6619e432e9f67f6b7b09a4653c0b829d735335dc"
"gpu_mn_mg_cgcnn_20260803","experiments/active_learning/NON_GEN_INTERVAL_POOLS_20260618/Mn_NON_GEN_HARD640_FLAT_20260619/1221792.cif","2800","2026-07-18T18:46:08.6100782Z","a243984d7feb347b41a1641de893e1a70c963bfd7ccf04a53b7f04c0b167505f"
"gpu_mn_mg_cgcnn_20260803","experiments/active_learning/NON_GEN_INTERVAL_POOLS_20260618/Mn_NON_GEN_HARD640_FLAT_20260619/1221830.cif","2171","2026-07-18T18:46:08.6110779Z","55a5cd837e59b289af9c3ad7ffbf4cadb63f1ce263a042f5f1f3795d22e9d52e"
"gpu_mn_mg_cgcnn_20260803","experiments/active_learning/NON_GEN_INTERVAL_POOLS_20260618/Mn_NON_GEN_HARD640_FLAT_20260619/1221913.cif","7737","2026-07-18T18:46:08.6120854Z","16499e581d28c5ab88d653688d013db321ff100128624dc1debc2580934cdbe7"
"gpu_mn_mg_cgcnn_20260803","experiments/active_learning/NON_GEN_INTERVAL_POOLS_20260618/Mn_NON_GEN_HARD640_FLAT_20260619/1221941.cif","2986","2026-07-18T18:46:08.6120854Z","4b5e41798374b4b600f2c220898ed46003c10f05273a0f28f929952e3ee56815"
"gpu_mn_mg_cgcnn_20260803","experiments/active_learning/NON_GEN_INTERVAL_POOLS_20260618/Mn_NON_GEN_HARD640_FLAT_20260619/1221942.cif","1853","2026-07-18T18:46:08.6130854Z","4f3199cd87c501d87d9ddcadd6097cd281c7b44ebe463a8781a51d8721fa57bd"
"gpu_mn_mg_cgcnn_20260803","experiments/active_learning/NON_GEN_INTERVAL_POOLS_20260618/Mn_NON_GEN_HARD640_FLAT_20260619/1222018.cif","1430","2026-07-18T18:46:08.6140870Z","f2196c81f0cc3edb18b5db6256a6b2345e52bb42b59aad0379f5f7971af9119a"
"gpu_mn_mg_cgcnn_20260803","experiments/active_learning/NON_GEN_INTERVAL_POOLS_20260618/Mn_NON_GEN_HARD640_FLAT_20260619/1222044.cif","2920","2026-07-18T18:46:08.6140870Z","86506605ece04fcc7557204ebf19adce734f99d2c5e3c5bc0894aba9eadf697f"
"gpu_mn_mg_cgcnn_20260803","experiments/active_learning/NON_GEN_INTERVAL_POOLS_20260618/Mn_NON_GEN_HARD640_FLAT_20260619/1222064.cif","2266","2026-07-18T18:46:08.6150777Z","0188ae0634f58d5e4ca91994bda984cd26686d0390ffea9768636b9c6dd68438"
"gpu_mn_mg_cgcnn_20260803","experiments/active_learning/NON_GEN_INTERVAL_POOLS_20260618/Mn_NON_GEN_HARD640_FLAT_20260619/1222244.cif","2568","2026-07-18T18:46:08.6160779Z","d43532955176f46dc4145557d3924b2b32daf3fc8764936148db41874930bc80"
"gpu_mn_mg_cgcnn_20260803","experiments/active_learning/NON_GEN_INTERVAL_POOLS_20260618/Mn_NON_GEN_HARD640_FLAT_20260619/1222245.cif","3336","2026-07-18T18:46:08.6170864Z","30417f12916a80a7829d8565cd7b1752cf0c9a5e9348a74f580604b154c43357"
"gpu_mn_mg_cgcnn_20260803","experiments/active_learning/NON_GEN_INTERVAL_POOLS_20260618/Mn_NON_GEN_HARD640_FLAT_20260619/1222510.cif","1331","2026-07-18T18:46:08.6170864Z","7673d23638f9f6dcb975e9cb23796c9f603f211c83fff1d32610cecd809bc842"
"gpu_mn_mg_cgcnn_20260803","experiments/active_learning/NON_GEN_INTERVAL_POOLS_20260618/Mn_NON_GEN_HARD640_FLAT_20260619/1222576.cif","3640","2026-07-18T18:46:08.6180775Z","51443267ede0b5f384751746118f1f874682edd36d42dcb5922cdf4fabec537c"
"gpu_mn_mg_cgcnn_20260803","experiments/active_learning/NON_GEN_INTERVAL_POOLS_20260618/Mn_NON_GEN_HARD640_FLAT_20260619/1222893.cif","1743","2026-07-18T18:46:08.6190775Z","7b502372eadf297abc8bd8db47df435c792c7cbba75328958f302f2b3054d67a"
"gpu_mn_mg_cgcnn_20260803","experiments/active_learning/NON_GEN_INTERVAL_POOLS_20260618/Mn_NON_GEN_HARD640_FLAT_20260619/1223013.cif","1757","2026-07-18T18:46:08.6200778Z","4d84a9f3f00b9adb58d6cd59d8a8cc80948a3e4024dc2611f76a72c1bacd473b"
"gpu_mn_mg_cgcnn_20260803","experiments/active_learning/NON_GEN_INTERVAL_POOLS_20260618/Mn_NON_GEN_HARD640_FLAT_20260619/1223238.cif","1747","2026-07-18T18:46:08.6200778Z","3d9d131dd133c42c0eb36816c5b7608e73830812edac64dcf2827fd3cd767b4f"
"gpu_mn_mg_cgcnn_20260803","experiments/active_learning/NON_GEN_INTERVAL_POOLS_20260618/Mn_NON_GEN_HARD640_FLAT_20260619/1223358.cif","6092","2026-07-18T18:46:08.6210773Z","e08d87a7e5bb03a57cbd1764e3bf767d29e30a4842053badc3133ee70af1e357"
"gpu_mn_mg_cgcnn_20260803","experiments/active_learning/NON_GEN_INTERVAL_POOLS_20260618/Mn_NON_GEN_HARD640_FLAT_20260619/1223644.cif","3859","2026-07-18T18:46:08.6220777Z","6e2b476622e9570a1357c038b681ae5f6d40fa5edc4f4d8ffed66c7ddd671a78"
"gpu_mn_mg_cgcnn_20260803","experiments/active_learning/NON_GEN_INTERVAL_POOLS_20260618/Mn_NON_GEN_HARD640_FLAT_20260619/1224833.cif","1743","2026-07-18T18:46:08.6230776Z","0bd1f37945d351e7eed82130845ff2dae8dbed403a408add1c7ac464ba923f74"
"gpu_mn_mg_cgcnn_20260803","experiments/active_learning/NON_GEN_INTERVAL_POOLS_20260618/Mn_NON_GEN_HARD640_FLAT_20260619/1225171.cif","7014","2026-07-18T18:46:08.6240774Z","0d1f2c72aa7d8af3dcf79f70439ef0d3f952c50dd6c3273c4cc8cf6bb84bf48f"
"gpu_mn_mg_cgcnn_20260803","experiments/active_learning/NON_GEN_INTERVAL_POOLS_20260618/Mn_NON_GEN_HARD640_FLAT_20260619/1226407.cif","1744","2026-07-18T18:46:08.6240774Z","90c37931780b45adbeebbe09b602bc4fa4d19b3c893bb2613cc28fa8a7981c44"
"gpu_mn_mg_cgcnn_20260803","experiments/active_learning/NON_GEN_INTERVAL_POOLS_20260618/Mn_NON_GEN_HARD640_FLAT_20260619/1226446.cif","3578","2026-07-18T18:46:08.6250775Z","d566c50168487ef80a96e689d1997fd81490d7a9b5142303b0c2200f25948c86"
"gpu_mn_mg_cgcnn_20260803","experiments/active_learning/NON_GEN_INTERVAL_POOLS_20260618/Mn_NON_GEN_HARD640_FLAT_20260619/1226784.cif","1067","2026-07-18T18:46:08.6260852Z","ea6cf7f92b4b1d9a164a6a32d3617232069dc07d03f9cf552f7d61ae1b5f88df"
"gpu_mn_mg_cgcnn_20260803","experiments/active_learning/NON_GEN_INTERVAL_POOLS_20260618/Mn_NON_GEN_HARD640_FLAT_20260619/1227160.cif","1743","2026-07-18T18:46:08.6270776Z","314e85b272d9856ac1ef358990bd92eb695e1daf87cf35738d2c6e5d6b5a5d32"
"gpu_mn_mg_cgcnn_20260803","experiments/active_learning/NON_GEN_INTERVAL_POOLS_20260618/Mn_NON_GEN_HARD640_FLAT_20260619/1227173.cif","2805","2026-07-18T18:46:08.6270776Z","f8a7fda70407dc055a74277100e25d49e00bd940b02cbed38a30fe5859b09a34"
"gpu_mn_mg_cgcnn_20260803","experiments/active_learning/NON_GEN_INTERVAL_POOLS_20260618/Mn_NON_GEN_HARD640_FLAT_20260619/1227180.cif","1743","2026-07-18T18:46:08.6280783Z","0e1920694508612f78488973c1e547afda8cedb4c7ef07b2d3aa360b0656f28d"
"gpu_mn_mg_cgcnn_20260803","experiments/active_learning/NON_GEN_INTERVAL_POOLS_20260618/Mn_NON_GEN_HARD640_FLAT_20260619/1227209.cif","1749","2026-07-18T18:46:08.6290855Z","b7b0de6943b9794fd5762898e6db42949b40f04babc3d8cb252588a87aa8b8aa"
"gpu_mn_mg_cgcnn_20260803","experiments/active_learning/NON_GEN_INTERVAL_POOLS_20260618/Mn_NON_GEN_HARD640_FLAT_20260619/1227223.cif","1749","2026-07-18T18:46:08.6300775Z","74ea00bd9b752367a6e39cf56249405f3f16c3882a92805d1f8c76b48d9fdb46"
"gpu_mn_mg_cgcnn_20260803","experiments/active_learning/NON_GEN_INTERVAL_POOLS_20260618/Mn_NON_GEN_HARD640_FLAT_20260619/1227234.cif","1759","2026-07-18T18:46:08.6300775Z","7fb85f6685b452df39da8d8d81c8f7695866b64bd5a65432e39d979b8399b7d2"
"gpu_mn_mg_cgcnn_20260803","experiments/active_learning/NON_GEN_INTERVAL_POOLS_20260618/Mn_NON_GEN_HARD640_FLAT_20260619/1227302.cif","3859","2026-07-18T18:46:08.6310773Z","62b621b18c4c238a08fbf69789dacd940d214eb03478b6fe29e6edb93bea17f5"
"gpu_mn_mg_cgcnn_20260803","experiments/active_learning/NON_GEN_INTERVAL_POOLS_20260618/Mn_NON_GEN_HARD640_FLAT_20260619/1227378.cif","1220","2026-07-18T18:46:08.6320851Z","64561882bcc25204b606e521ead6ec0b79ff6496a80a7d6b4ef9345a035697e2"
"gpu_mn_mg_cgcnn_20260803","experiments/active_learning/NON_GEN_INTERVAL_POOLS_20260618/Mn_NON_GEN_HARD640_FLAT_20260619/1227467.cif","1755","2026-07-18T18:46:08.6320851Z","19a98f28ba617e78242614defa9b94de799bc164cb7a45555eb7b6073e64d195"
"gpu_mn_mg_cgcnn_20260803","experiments/active_learning/NON_GEN_INTERVAL_POOLS_20260618/Mn_NON_GEN_HARD640_FLAT_20260619/1227517.cif","1436","2026-07-18T18:46:08.6330835Z","b63284eb949236f1a53a7b4fbb2a6aae1815ab711d759dad7974bfd3c37471d5"
"gpu_mn_mg_cgcnn_20260803","experiments/active_learning/NON_GEN_INTERVAL_POOLS_20260618/Mn_NON_GEN_HARD640_FLAT_20260619/1227519.cif","2799","2026-07-18T18:46:08.6340862Z","ed0058268e1cae6c7371d36ea737141d4ed846692809856e4bb2ced8e5916d50"
"gpu_mn_mg_cgcnn_20260803","experiments/active_learning/NON_GEN_INTERVAL_POOLS_20260618/Mn_NON_GEN_HARD640_FLAT_20260619/1227572.cif","1755","2026-07-18T18:46:08.6350803Z","5b7f24febd603c987e48c4bbf2154e4f62ed2288cae6bb84d0ef74efef368ded"
"gpu_mn_mg_cgcnn_20260803","experiments/active_learning/NON_GEN_INTERVAL_POOLS_20260618/Mn_NON_GEN_HARD640_FLAT_20260619/1227575.cif","1743","2026-07-18T18:46:08.6350803Z","7a02be13a88eaed821918790f8893d5b896b984e81821e0ba22bfa0942a911af"
"gpu_mn_mg_cgcnn_20260803","experiments/active_learning/NON_GEN_INTERVAL_POOLS_20260618/Mn_NON_GEN_HARD640_FLAT_20260619/1227616.cif","2178","2026-07-18T18:46:08.6360838Z","2a7fdcfb481a8935f36ebbe584d7553784838b23190f6ac600c2b2f2898d5608"
"gpu_mn_mg_cgcnn_20260803","experiments/active_learning/NON_GEN_INTERVAL_POOLS_20260618/Mn_NON_GEN_HARD640_FLAT_20260619/1227712.cif","1748","2026-07-18T18:46:08.6370865Z","1963d774aa1c878612015a6d2851ff8c337d13c479e459d6e4eb73b508c97238"
"gpu_mn_mg_cgcnn_20260803","experiments/active_learning/NON_GEN_INTERVAL_POOLS_20260618/Mn_NON_GEN_HARD640_FLAT_20260619/1227724.cif","1747","2026-07-18T18:46:08.6380779Z","49892ae7fa523337be214d42f4737b5e99b3e1d3da84043b1605d195b9b27e35"
"gpu_mn_mg_cgcnn_20260803","experiments/active_learning/NON_GEN_INTERVAL_POOLS_20260618/Mn_NON_GEN_HARD640_FLAT_20260619/1227749.cif","3240","2026-07-18T18:46:08.6390774Z","3e4d22c740e5c75f849c98dd611d6a9eb406f6c37673cafe1aa169819b9c2476"
"gpu_mn_mg_cgcnn_20260803","experiments/active_learning/NON_GEN_INTERVAL_POOLS_20260618/Mn_NON_GEN_HARD640_FLAT_20260619/1227754.cif","1747","2026-07-18T18:46:08.6400776Z","c93b26d9a18447855232bfa03ba19f8ca04da8b6ad6f988e18d40adf5129690b"
"gpu_mn_mg_cgcnn_20260803","experiments/active_learning/NON_GEN_INTERVAL_POOLS_20260618/Mn_NON_GEN_HARD640_FLAT_20260619/1227761.cif","1747","2026-07-18T18:46:08.6400776Z","33c98e5fe6decc634b42b07a368c0654b4694e88256719cb66f3aeee98a95143"
"gpu_mn_mg_cgcnn_20260803","experiments/active_learning/NON_GEN_INTERVAL_POOLS_20260618/Mn_NON_GEN_HARD640_FLAT_20260619/1227783.cif","2489","2026-07-18T18:46:08.6410773Z","1e8a7e8fa8db0516d2456fb93d8254f5512472dc077fc9a2fb194f6eb5b4ddee"
"gpu_mn_mg_cgcnn_20260803","experiments/active_learning/NON_GEN_INTERVAL_POOLS_20260618/Mn_NON_GEN_HARD640_FLAT_20260619/1227840.cif","1169","2026-07-18T18:46:08.6420855Z","fc3210ef48d7c143e79fb46afaea102d62c99de20f4f8b94ac4f5b42a92190cb"
"gpu_mn_mg_cgcnn_20260803","experiments/active_learning/NON_GEN_INTERVAL_POOLS_20260618/Mn_NON_GEN_HARD640_FLAT_20260619/1227846.cif","1759","2026-07-18T18:46:08.6430854Z","d8878e3d14b2f435172aa6f6d1b72c67a682a9a708ef16c0493f54cd1141430f"
"gpu_mn_mg_cgcnn_20260803","experiments/active_learning/NON_GEN_INTERVAL_POOLS_20260618/Mn_NON_GEN_HARD640_FLAT_20260619/1227855.cif","1220","2026-07-18T18:46:08.6430854Z","0f5757ad96a46f8a9366d8b08e5ad93bc36ca78ed3ccf4e4d494ebd4e3037e79"
"gpu_mn_mg_cgcnn_20260803","experiments/active_learning/NON_GEN_INTERVAL_POOLS_20260618/Mn_NON_GEN_HARD640_FLAT_20260619/1227874.cif","1749","2026-07-18T18:46:08.6440849Z","2d7dcddac6a83672adfbb13acfc28cafd0330e9778152fee03b721aa143327b1"
"gpu_mn_mg_cgcnn_20260803","experiments/active_learning/NON_GEN_INTERVAL_POOLS_20260618/Mn_NON_GEN_HARD640_FLAT_20260619/1227877.cif","3029","2026-07-18T18:46:08.6450855Z","94f7d78c52b64013c2f58ea908d107700702eeb7971c1de78247acefea7bdd2d"
"gpu_mn_mg_cgcnn_20260803","experiments/active_learning/NON_GEN_INTERVAL_POOLS_20260618/Mn_NON_GEN_HARD640_FLAT_20260619/1227919.cif","2281","2026-07-18T18:46:08.6450855Z","bd12ec5f080f4e364902ceb3e3ef004ea9c6b0b96427ecaf95cd3930dba89d4f"
"gpu_mn_mg_cgcnn_20260803","experiments/active_learning/NON_GEN_INTERVAL_POOLS_20260618/Mn_NON_GEN_HARD640_FLAT_20260619/1227926.cif","3848","2026-07-18T18:46:08.6460779Z","8abd2293b448521024f4574726f0e623488d2d5c639e5966c456604b290dfb08"
"gpu_mn_mg_cgcnn_20260803","experiments/active_learning/NON_GEN_INTERVAL_POOLS_20260618/Mn_NON_GEN_HARD640_FLAT_20260619/1227930.cif","2281","2026-07-18T18:46:08.6470778Z","3ca49c7ffab97ea2656e00f9201cce039c60672167e6b1adc8a8b3d0d911f057"
"gpu_mn_mg_cgcnn_20260803","experiments/active_learning/NON_GEN_INTERVAL_POOLS_20260618/Mn_NON_GEN_HARD640_FLAT_20260619/1227954.cif","4729","2026-07-18T18:46:08.6470778Z","0201ab5d7e4889bac5095060e53615b958510768f03ccbd126adda9c18812ad3"
"gpu_mn_mg_cgcnn_20260803","experiments/active_learning/NON_GEN_INTERVAL_POOLS_20260618/Mn_NON_GEN_HARD640_FLAT_20260619/1228000.cif","4176","2026-07-18T18:46:08.6480776Z","8da9e9b267ef36df1c173a8675f370429f5752a7478ce36360d66446c2586e13"
"gpu_mn_mg_cgcnn_20260803","experiments/active_learning/NON_GEN_INTERVAL_POOLS_20260618/Mn_NON_GEN_HARD640_FLAT_20260619/1228074.cif","1480","2026-07-18T18:46:08.6490846Z","0dd19248877e4b72f012fb8b2fc72c7e32506cd89c9235a0ce8e0b1efc5410e6"
"gpu_mn_mg_cgcnn_20260803","experiments/active_learning/NON_GEN_INTERVAL_POOLS_20260618/Mn_NON_GEN_HARD640_FLAT_20260619/1228080.cif","2012","2026-07-18T18:46:08.6500774Z","eb5f82374bab62bebfbafb615ce19a0b4ba398cde506e9855456007779fce722"
"gpu_mn_mg_cgcnn_20260803","experiments/active_learning/NON_GEN_INTERVAL_POOLS_20260618/Mn_NON_GEN_HARD640_FLAT_20260619/1228163.cif","2597","2026-07-18T18:46:08.6500774Z","2b3fae3e8cd79b85b71c0dc96c2b89161253d6783cb6154ab4c63dc26df3d016"
"gpu_mn_mg_cgcnn_20260803","experiments/active_learning/NON_GEN_INTERVAL_POOLS_20260618/Mn_NON_GEN_HARD640_FLAT_20260619/1228205.cif","2813","2026-07-18T18:46:08.6510774Z","2c0dd6905fdf024953205b21ece1b039e8237321a793cb425b7a93027570ef23"
"gpu_mn_mg_cgcnn_20260803","experiments/active_learning/NON_GEN_INTERVAL_POOLS_20260618/Mn_NON_GEN_HARD640_FLAT_20260619/1228289.cif","2726","2026-07-18T18:46:08.6520779Z","ed6769fdcfe14379747f3ddb2386c49b7e8897f35afb5a38592754efbaaca489"
"gpu_mn_mg_cgcnn_20260803","experiments/active_learning/NON_GEN_INTERVAL_POOLS_20260618/Mn_NON_GEN_HARD640_FLAT_20260619/1228293.cif","2235","2026-07-18T18:46:08.6520779Z","7ae117dffd9704105f04240d0e0a2db45f2a702dc77c313127d6df2cac256578"
"gpu_mn_mg_cgcnn_20260803","experiments/active_learning/NON_GEN_INTERVAL_POOLS_20260618/Mn_NON_GEN_HARD640_FLAT_20260619/1228330.cif","2765","2026-07-18T18:46:08.6530844Z","b2b845d168eec8dda98d74af89732e14df3b8e3f0d2dff588732d79905d1583c"
"gpu_mn_mg_cgcnn_20260803","experiments/active_learning/NON_GEN_INTERVAL_POOLS_20260618/Mn_NON_GEN_HARD640_FLAT_20260619/1228475.cif","3234","2026-07-18T18:46:08.6540780Z","0c887699e11977f2cf5818309d70d009d0a2cdae96e543d300b88d69e3d07564"
"gpu_mn_mg_cgcnn_20260803","experiments/active_learning/NON_GEN_INTERVAL_POOLS_20260618/Mn_NON_GEN_HARD640_FLAT_20260619/1228499.cif","2593","2026-07-18T18:46:08.6550779Z","9dbf1ca90693ae88f44136eb93ec25e09a01a3f17f38f4027f4bd90079e43484"
"gpu_mn_mg_cgcnn_20260803","experiments/active_learning/NON_GEN_INTERVAL_POOLS_20260618/Mn_NON_GEN_HARD640_FLAT_20260619/1228618.cif","1748","2026-07-18T18:46:08.6560837Z","f8100b8d7877efa0fc40e031f63eeb235992b64dff9ac125d5a0b1a530c007f1"
"gpu_mn_mg_cgcnn_20260803","experiments/active_learning/NON_GEN_INTERVAL_POOLS_20260618/Mn_NON_GEN_HARD640_FLAT_20260619/1228678.cif","2272","2026-07-18T18:46:08.6570777Z","ac17b68cf37c106603e6d75fe8425d38fd2111841c2741df2e07f307e261d245"
"gpu_mn_mg_cgcnn_20260803","experiments/active_learning/NON_GEN_INTERVAL_POOLS_20260618/Mn_NON_GEN_HARD640_FLAT_20260619/1228733.cif","3825","2026-07-18T18:46:08.6570777Z","ce58282b4d6d82db5f994cef3fe25ee00889107c87b2908590ba317918147889"
"gpu_mn_mg_cgcnn_20260803","experiments/active_learning/NON_GEN_INTERVAL_POOLS_20260618/Mn_NON_GEN_HARD640_FLAT_20260619/1228743.cif","3005","2026-07-18T18:46:08.6580782Z","34e90937211ceaefc9146ef7ae79256e58732f4102acbe8f653a97530a15e942"
"gpu_mn_mg_cgcnn_20260803","experiments/active_learning/NON_GEN_INTERVAL_POOLS_20260618/Mn_NON_GEN_HARD640_FLAT_20260619/1228797.cif","3144","2026-07-18T18:46:08.6590846Z","e0614095211200d640d21b9ef1eaa67383d9c5ebd4a524fb420c3168a110d035"
"gpu_mn_mg_cgcnn_20260803","experiments/active_learning/NON_GEN_INTERVAL_POOLS_20260618/Mn_NON_GEN_HARD640_FLAT_20260619/1233081.cif","1910","2026-07-18T18:46:08.6600843Z","264fef7353fb4aecff8e9cbc3946ce235b23aa23a83b98d5c65041c97af5ca24"
"gpu_mn_mg_cgcnn_20260803","experiments/active_learning/NON_GEN_INTERVAL_POOLS_20260618/Mn_NON_GEN_HARD640_FLAT_20260619/1233090.cif","2011","2026-07-18T18:46:08.6600843Z","8a75448008f78d4945d0ab496aeb3ce6b58f33669ae4ce238fb696e46b308a36"
"gpu_mn_mg_cgcnn_20260803","experiments/active_learning/NON_GEN_INTERVAL_POOLS_20260618/Mn_NON_GEN_HARD640_FLAT_20260619/1233094.cif","1759","2026-07-18T18:46:08.6610778Z","a7cdeab8e324d6840797a296c6489755685b70a61b5fb0d477aa9ddd44309180"
"gpu_mn_mg_cgcnn_20260803","experiments/active_learning/NON_GEN_INTERVAL_POOLS_20260618/Mn_NON_GEN_HARD640_FLAT_20260619/1233273.cif","2978","2026-07-18T18:46:08.6620846Z","edec7539b3a7400b31992102e827caa5d94b50b9be6ed20fcb00cb1226ff90ee"
"gpu_mn_mg_cgcnn_20260803","experiments/active_learning/NON_GEN_INTERVAL_POOLS_20260618/Mn_NON_GEN_HARD640_FLAT_20260619/1233368.cif","1805","2026-07-18T18:46:08.6620846Z","66ecaa0fab1ac5a874e847bc7d189b98fb1676d7ef5035cf2f024a63b765f561"
"gpu_mn_mg_cgcnn_20260803","experiments/active_learning/NON_GEN_INTERVAL_POOLS_20260618/Mn_NON_GEN_HARD640_FLAT_20260619/1233415.cif","2978","2026-07-18T18:46:08.6630849Z","da388242875fc43ce87eb0e5b07abc3544ed53f4722ec8eda559cf34188ed1a9"
"gpu_mn_mg_cgcnn_20260803","experiments/active_learning/NON_GEN_INTERVAL_POOLS_20260618/Mn_NON_GEN_HARD640_FLAT_20260619/1233420.cif","1691","2026-07-18T18:46:08.6640850Z","50dde0a00fa37eb4bce465ab38531dc8c2cbbb6abfdee24962390b0ac04dbdee"
"gpu_mn_mg_cgcnn_20260803","experiments/active_learning/NON_GEN_INTERVAL_POOLS_20260618/Mn_NON_GEN_HARD640_FLAT_20260619/1233500.cif","2429","2026-07-18T18:46:08.6650850Z","f77725ee8a09e19b4aeafb80bdec32d37c478f1475d0a372299369ae9608f68b"
"gpu_mn_mg_cgcnn_20260803","experiments/active_learning/NON_GEN_INTERVAL_POOLS_20260618/Mn_NON_GEN_HARD640_FLAT_20260619/1233854.cif","3061","2026-07-18T18:46:08.6660888Z","3c58a75363b1cfeec064aec841a97f0adc3e5965acac39c07de8bdc36c5c2b15"
"gpu_mn_mg_cgcnn_20260803","experiments/active_learning/NON_GEN_INTERVAL_POOLS_20260618/Mn_NON_GEN_HARD640_FLAT_20260619/1233975.cif","1759","2026-07-18T18:46:08.6660888Z","ab8e554d5346ebe3fbdd0c687406b33c1c7ce2d2841d2bf3130dca142109fc2e"
"gpu_mn_mg_cgcnn_20260803","experiments/active_learning/NON_GEN_INTERVAL_POOLS_20260618/Mn_NON_GEN_HARD640_FLAT_20260619/1234332.cif","1687","2026-07-18T18:46:08.6670952Z","b234c339c2d035a1fef07f4105ea12a83fa319fbce80d366cb5df2da018b6b12"
"gpu_mn_mg_cgcnn_20260803","experiments/active_learning/NON_GEN_INTERVAL_POOLS_20260618/Mn_NON_GEN_HARD640_FLAT_20260619/1234487.cif","1663","2026-07-18T18:46:08.6680889Z","1b688e086e20e5dbccdf4996c16076a608fbf14b8e9aaf7ea984212f1a15b204"
"gpu_mn_mg_cgcnn_20260803","experiments/active_learning/NON_GEN_INTERVAL_POOLS_20260618/Mn_NON_GEN_HARD640_FLAT_20260619/1234758.cif","3098","2026-07-18T18:46:08.6690891Z","c13af3cf8f344dbad8c4ed76572b5f7e064656a65601a58f1636e134a6d57be7"
"gpu_mn_mg_cgcnn_20260803","experiments/active_learning/NON_GEN_INTERVAL_POOLS_20260618/Mn_NON_GEN_HARD640_FLAT_20260619/1234827.cif","2641","2026-07-18T18:46:08.6690891Z","7696d0cbdfeb89c294f2129e1dedbb996a8e0cae0330bc336d171c895d14b286"
"gpu_mn_mg_cgcnn_20260803","experiments/active_learning/NON_GEN_INTERVAL_POOLS_20260618/Mn_NON_GEN_HARD640_FLAT_20260619/1234849.cif","2543","2026-07-18T18:46:08.6700890Z","1dcff00884a1ff47f29bc10d83ab41d98535b420498087e23aae7d234ffce93f"
"gpu_mn_mg_cgcnn_20260803","experiments/active_learning/NON_GEN_INTERVAL_POOLS_20260618/Mn_NON_GEN_HARD640_FLAT_20260619/1235162.cif","1271","2026-07-18T18:46:08.6710908Z","3ccd9ee5984537154ea91ee41771d0f7d0317ffac42eb52d091e434ef808c3d7"
"gpu_mn_mg_cgcnn_20260803","experiments/active_learning/NON_GEN_INTERVAL_POOLS_20260618/Mn_NON_GEN_HARD640_FLAT_20260619/1235597.cif","1805","2026-07-18T18:46:08.6720894Z","63add2f9f50ee55300d90e3a4fef441f92ae34ff9be41b784c31388a95cad41e"
"gpu_mn_mg_cgcnn_20260803","experiments/active_learning/NON_GEN_INTERVAL_POOLS_20260618/Mn_NON_GEN_HARD640_FLAT_20260619/1236005.cif","1909","2026-07-18T18:46:08.6720894Z","4e974ffdd953b5c6b61d9a05e21f7052729c0a568d0ebe4d083a9cfd70664172"
"gpu_mn_mg_cgcnn_20260803","experiments/active_learning/NON_GEN_INTERVAL_POOLS_20260618/Mn_NON_GEN_HARD640_FLAT_20260619/1236297.cif","1709","2026-07-18T18:46:08.6730889Z","de2ed4f868c7ccab969750675f13c32f68dc650a018525bef433563e6001e3d8"
"gpu_mn_mg_cgcnn_20260803","experiments/active_learning/NON_GEN_INTERVAL_POOLS_20260618/Mn_NON_GEN_HARD640_FLAT_20260619/1237102.cif","1749","2026-07-18T18:46:08.6740899Z","03e97cc7aeddc483e31c28e7fa4a0d2afc795ed2a9e1a846b23258176101605a"
"gpu_mn_mg_cgcnn_20260803","experiments/active_learning/NON_GEN_INTERVAL_POOLS_20260618/Mn_NON_GEN_HARD640_FLAT_20260619/1247579.cif","2709","2026-07-18T18:46:08.6750891Z","c707328711643cd6fcf6add15cc59cfa3c153c3dc86db4a332ffbd246d04b1ad"
"gpu_mn_mg_cgcnn_20260803","experiments/active_learning/NON_GEN_INTERVAL_POOLS_20260618/Mn_NON_GEN_HARD640_FLAT_20260619/1247590.cif","8569","2026-07-18T18:46:08.6750891Z","f324f166f5bc6935885f2fc8f35fb87355eac79b86ea850e460f856b9925aed8"
"gpu_mn_mg_cgcnn_20260803","experiments/active_learning/NON_GEN_INTERVAL_POOLS_20260618/Mn_NON_GEN_HARD640_FLAT_20260619/1247595.cif","2759","2026-07-18T18:46:08.6760904Z","d9e0fdd53742dccbe2592441be31eaf024957a4b64c693c1146420e918bcc2c3"
"gpu_mn_mg_cgcnn_20260803","experiments/active_learning/NON_GEN_INTERVAL_POOLS_20260618/Mn_NON_GEN_HARD640_FLAT_20260619/1247602.cif","9213","2026-07-18T18:46:08.6770908Z","a7e50d4bfe727cdcc5f01e39fdbef1e180c38e3a9ac72a161e9acce49c26d0c6"
"gpu_mn_mg_cgcnn_20260803","experiments/active_learning/NON_GEN_INTERVAL_POOLS_20260618/Mn_NON_GEN_HARD640_FLAT_20260619/1247615.cif","4711","2026-07-18T18:46:08.6780900Z","5d612019bf4b0aa7b525d226d43e07b8dacf92430909384602b0ff7cd840c747"
"gpu_mn_mg_cgcnn_20260803","experiments/active_learning/NON_GEN_INTERVAL_POOLS_20260618/Mn_NON_GEN_HARD640_FLAT_20260619/1247622.cif","2699","2026-07-18T18:46:08.6790920Z","1b04e95f2ba0df83d09e1ba62b898dcb642a0fcf845fd593bd16c561b8baebd4"
"gpu_mn_mg_cgcnn_20260803","experiments/active_learning/NON_GEN_INTERVAL_POOLS_20260618/Mn_NON_GEN_HARD640_FLAT_20260619/1247627.cif","2753","2026-07-18T18:46:08.6790920Z","d52f2545e5c394ba748040c2dd91109a21142ef5ff9acf48385b1dc634456da0"
"gpu_mn_mg_cgcnn_20260803","experiments/active_learning/NON_GEN_INTERVAL_POOLS_20260618/Mn_NON_GEN_HARD640_FLAT_20260619/1247679.cif","8580","2026-07-18T18:46:08.6805974Z","445681b632f37ba035e467847853e11a5ecf065916d026edbbaef0169edf27fc"
"gpu_mn_mg_cgcnn_20260803","experiments/active_learning/NON_GEN_INTERVAL_POOLS_20260618/Mn_NON_GEN_HARD640_FLAT_20260619/1247686.cif","2649","2026-07-18T18:46:08.6816026Z","ad592fb02d497a44ef03fe55ca28adb22110778119c418843ee836fef92c53cf"
"gpu_mn_mg_cgcnn_20260803","experiments/active_learning/NON_GEN_INTERVAL_POOLS_20260618/Mn_NON_GEN_HARD640_FLAT_20260619/1247706.cif","8985","2026-07-18T18:46:08.6826028Z","d2f5d47a30941f815c44433e755f64c1fc443bb268a0682990a8ef2bc49be084"
"gpu_mn_mg_cgcnn_20260803","experiments/active_learning/NON_GEN_INTERVAL_POOLS_20260618/Mn_NON_GEN_HARD640_FLAT_20260619/1250945.cif","4922","2026-07-18T18:46:08.6836028Z","a42bed53482ad1aa0899918ddbba266a27342dcdd1af63b3d073fb544da60021"
"gpu_mn_mg_cgcnn_20260803","experiments/active_learning/NON_GEN_INTERVAL_POOLS_20260618/Mn_NON_GEN_HARD640_FLAT_20260619/1254079.cif","1944","2026-07-18T18:46:08.6846034Z","5cac579bba62dc55c5720af40c5d91794cc6b67871c6d4b74c34fdbb567994e0"
"gpu_mn_mg_cgcnn_20260803","experiments/active_learning/NON_GEN_INTERVAL_POOLS_20260618/Mn_NON_GEN_HARD640_FLAT_20260619/1262567.cif","2076","2026-07-18T18:46:08.6856043Z","6f960b45917a2eea2b60a6d0ecd11d59b6746ce7da72fdbd1fb006fd8ebdf9df"
"gpu_mn_mg_cgcnn_20260803","experiments/active_learning/NON_GEN_INTERVAL_POOLS_20260618/Mn_NON_GEN_HARD640_FLAT_20260619/1268194.cif","2595","2026-07-18T18:46:08.6866029Z","79bd5dde744d4dfe07cc374390689980aa16255d209e50ce793659822dd9a166"
"gpu_mn_mg_cgcnn_20260803","experiments/active_learning/NON_GEN_INTERVAL_POOLS_20260618/Mn_NON_GEN_HARD640_FLAT_20260619/1272796.cif","1221","2026-07-18T18:46:08.6876030Z","11146a20c1962e84b2159ff6f8b979677a82be724fcf8749f501322da36644ef"
"gpu_mn_mg_cgcnn_20260803","experiments/active_learning/NON_GEN_INTERVAL_POOLS_20260618/Mn_NON_GEN_HARD640_FLAT_20260619/1274377.cif","1638","2026-07-18T18:46:08.6886026Z","c26f9371b61b62dfd2a78c803b9e1377bb66e83162a119d422c83decff7b5929"
"gpu_mn_mg_cgcnn_20260803","experiments/active_learning/NON_GEN_INTERVAL_POOLS_20260618/Mn_NON_GEN_HARD640_FLAT_20260619/1274811.cif","2784","2026-07-18T18:46:08.6886026Z","0698cfddff293496b3aacf762eb7a4490f65a1aa87cef84dfe0d17f60b3145d8"
"gpu_mn_mg_cgcnn_20260803","experiments/active_learning/NON_GEN_INTERVAL_POOLS_20260618/Mn_NON_GEN_HARD640_FLAT_20260619/1275931.cif","1743","2026-07-18T18:46:08.6896031Z","58f0f0d4455570fe68b3ca981a8a0e899fb25d32fc2669b69f3f3d5a13b1f7f4"
"gpu_mn_mg_cgcnn_20260803","experiments/active_learning/NON_GEN_INTERVAL_POOLS_20260618/Mn_NON_GEN_HARD640_FLAT_20260619/1278519.cif","2800","2026-07-18T18:46:08.6906039Z","6c67c6d8cfb2cc2d945a91f41053abc7d1a6fa333bdc843be70d8f0212db14da"
"gpu_mn_mg_cgcnn_20260803","experiments/active_learning/NON_GEN_INTERVAL_POOLS_20260618/Mn_NON_GEN_HARD640_FLAT_20260619/1286205.cif","1214","2026-07-18T18:46:08.6916035Z","ce85ac5bf08ee505380bb5dbfcf2ef7938c84e29506ce95694f83f769a2f37d9"
"gpu_mn_mg_cgcnn_20260803","experiments/active_learning/NON_GEN_INTERVAL_POOLS_20260618/Mn_NON_GEN_HARD640_FLAT_20260619/1290713.cif","1626","2026-07-18T18:46:08.6926024Z","6f3690b9bc68f0e37a67a913f8fcaeff25d4a53e4a29d0c63299eb995594e6be"
"gpu_mn_mg_cgcnn_20260803","experiments/active_learning/NON_GEN_INTERVAL_POOLS_20260618/Mn_NON_GEN_HARD640_FLAT_20260619/1297726.cif","1964","2026-07-18T18:46:08.6936032Z","831b7b1559dc1df55c6637ffcfc587f092e48cc3e80e1d7bf942bef99b76b28c"
"gpu_mn_mg_cgcnn_20260803","experiments/active_learning/NON_GEN_INTERVAL_POOLS_20260618/Mn_NON_GEN_HARD640_FLAT_20260619/1302395.cif","2491","2026-07-18T18:46:08.6936032Z","d558b8abed2a8e508aac5ab905957548d966102268af0065a6ce2c4aba695670"
"gpu_mn_mg_cgcnn_20260803","experiments/active_learning/NON_GEN_INTERVAL_POOLS_20260618/Mn_NON_GEN_HARD640_FLAT_20260619/1309882.cif","2801","2026-07-18T18:46:08.6946038Z","5f139c601d912bac23472b1486f9f522340c2e85d2033d78fb00cdcfc785bf2d"
"gpu_mn_mg_cgcnn_20260803","experiments/active_learning/NON_GEN_INTERVAL_POOLS_20260618/Mn_NON_GEN_HARD640_FLAT_20260619/1311459.cif","3117","2026-07-18T18:46:08.6956025Z","1c9d2fdb23b1dfe7a53fe2d0c35fcc48c2590a08022f60765b3925dfc8871e57"
"gpu_mn_mg_cgcnn_20260803","experiments/active_learning/NON_GEN_INTERVAL_POOLS_20260618/Mn_NON_GEN_HARD640_FLAT_20260619/1329093.cif","1805","2026-07-18T18:46:08.6966032Z","f0fc18f2c718f07a4642ac9ac480748ed32d5cb3f2df2fe211419d8594344c4f"
"gpu_mn_mg_cgcnn_20260803","experiments/active_learning/NON_GEN_INTERVAL_POOLS_20260618/Mn_NON_GEN_HARD640_FLAT_20260619/1343780.cif","2062","2026-07-18T18:46:08.6976033Z","9d24a60be4a51ff3cd61d3948f1a10c1e0021020f88dc495d7fddfb5be5e6415"
"gpu_mn_mg_cgcnn_20260803","experiments/active_learning/NON_GEN_INTERVAL_POOLS_20260618/Mn_NON_GEN_HARD640_FLAT_20260619/1345521.cif","1695","2026-07-18T18:46:08.6976033Z","02055ece88886cf3bd3ff477eab9a05ed778e2ceb319368d214df0d14d56e5b6"
"gpu_mn_mg_cgcnn_20260803","experiments/active_learning/NON_GEN_INTERVAL_POOLS_20260618/Mn_NON_GEN_HARD640_FLAT_20260619/1346226.cif","2890","2026-07-18T18:46:08.6986024Z","53c70f42f80fc6ce56b9c1a37edb4ca33494bbbead990407189fe3513e4dfadb"
"gpu_mn_mg_cgcnn_20260803","experiments/active_learning/NON_GEN_INTERVAL_POOLS_20260618/Mn_NON_GEN_HARD640_FLAT_20260619/1355282.cif","2374","2026-07-18T18:46:08.6996024Z","a75ffbc1b2af3970c4be11a2aa8d71dd8059d203a138300bb5ac9a8e8d20cf07"
"gpu_mn_mg_cgcnn_20260803","experiments/active_learning/NON_GEN_INTERVAL_POOLS_20260618/Mn_NON_GEN_HARD640_FLAT_20260619/1367209.cif","1703","2026-07-18T18:46:08.7006031Z","221595291b80ad307ee92a0c43682b9be4cfed7f94a2a6114d38495891576462"
"gpu_mn_mg_cgcnn_20260803","experiments/active_learning/NON_GEN_INTERVAL_POOLS_20260618/Mn_NON_GEN_HARD640_FLAT_20260619/1368992.cif","1733","2026-07-18T18:46:08.7016028Z","37a698e20268a341b43e759c56a5ac60b03cf49bdfe0139b554e304e4034e598"
"gpu_mn_mg_cgcnn_20260803","experiments/active_learning/NON_GEN_INTERVAL_POOLS_20260618/Mn_NON_GEN_HARD640_FLAT_20260619/1374903.cif","1697","2026-07-18T18:46:08.7026018Z","531a4727dcc26ed916fbb180db818befa7926ad296f08e5386224ba602829c04"
"gpu_mn_mg_cgcnn_20260803","experiments/active_learning/NON_GEN_INTERVAL_POOLS_20260618/Mn_NON_GEN_HARD640_FLAT_20260619/1382589.cif","1852","2026-07-18T18:46:08.7036024Z","dc1a956f74816cd4b3c485642135d6af64d30d97dc167c2a57214616783aa51f"
"gpu_mn_mg_cgcnn_20260803","experiments/active_learning/NON_GEN_INTERVAL_POOLS_20260618/Mn_NON_GEN_HARD640_FLAT_20260619/1385844.cif","1413","2026-07-18T18:46:08.7036024Z","56eee7b5be44c9715c17538a262a6d0aa7522f954e2347ee9109ba5f56d87ec7"
"gpu_mn_mg_cgcnn_20260803","experiments/active_learning/NON_GEN_INTERVAL_POOLS_20260618/Mn_NON_GEN_HARD640_FLAT_20260619/1399724.cif","944","2026-07-18T18:46:08.7046018Z","2f98ad57208e042894de4f932fe8b57cf75dd774f0b3edb40a03464e2220cc84"
"gpu_mn_mg_cgcnn_20260803","experiments/active_learning/NON_GEN_INTERVAL_POOLS_20260618/Mn_NON_GEN_HARD640_FLAT_20260619/1516248.cif","1220","2026-07-18T18:46:08.7056024Z","e706a02843be5c141e78a2670d47493f1668fca10fb9e0f4ffd94f994e03bb48"
"gpu_mn_mg_cgcnn_20260803","experiments/active_learning/NON_GEN_INTERVAL_POOLS_20260618/Mn_NON_GEN_HARD640_FLAT_20260619/1516338.cif","1752","2026-07-18T18:46:08.7066019Z","742560c662deda1e9daecd9073a50cb9e06d0c8f679e97afcd0234b923cec84c"
"gpu_mn_mg_cgcnn_20260803","experiments/active_learning/NON_GEN_INTERVAL_POOLS_20260618/Mn_NON_GEN_HARD640_FLAT_20260619/1516447.cif","1640","2026-07-18T18:46:08.7076017Z","311abd68bed16fcbd49af5e89efab0928c48ab0aa55b8bf4a9417dae438d4935"
"gpu_mn_mg_cgcnn_20260803","experiments/active_learning/NON_GEN_INTERVAL_POOLS_20260618/Mn_NON_GEN_HARD640_FLAT_20260619/1516574.cif","1216","2026-07-18T18:46:08.7076017Z","6e93b38db9bd092351f4f6d2e6019c6233221e36cb273df00dc3d4124483c72f"
"gpu_mn_mg_cgcnn_20260803","experiments/active_learning/NON_GEN_INTERVAL_POOLS_20260618/Mn_NON_GEN_HARD640_FLAT_20260619/1516683.cif","1223","2026-07-18T18:46:08.7086014Z","deb60e4c8c588ac09a1f11e6032bd799317222161fdf4cdc946d3fd0588fbea6"
"gpu_mn_mg_cgcnn_20260803","experiments/active_learning/NON_GEN_INTERVAL_POOLS_20260618/Mn_NON_GEN_HARD640_FLAT_20260619/1516824.cif","1640","2026-07-18T18:46:08.7096020Z","dac22c3daf83131b473fcfdd90416245b2d34a98d8544d63ef77ca7d914842fd"
"gpu_mn_mg_cgcnn_20260803","experiments/active_learning/NON_GEN_INTERVAL_POOLS_20260618/Mn_NON_GEN_HARD640_FLAT_20260619/1516942.cif","1215","2026-07-18T18:46:08.7106018Z","9adfaadf71b1bebd1a10ea2bca3bcc5e8f7082d6d92aa8b13291b1c358668cdb"
"gpu_mn_mg_cgcnn_20260803","experiments/active_learning/NON_GEN_INTERVAL_POOLS_20260618/Mn_NON_GEN_HARD640_FLAT_20260619/1517145.cif","2802","2026-07-18T18:46:08.7116017Z","d858fb31ca2b08bfa86a039e030d60702312abaabc595166c0aa523c83e1f5c9"
"gpu_mn_mg_cgcnn_20260803","experiments/active_learning/NON_GEN_INTERVAL_POOLS_20260618/Mn_NON_GEN_HARD640_FLAT_20260619/1517187.cif","1640","2026-07-18T18:46:08.7126018Z","40bd25c8cef67f8a77ae3d06ee68b1fe39732d63abfb49a0aef8f2945d65cd14"
"gpu_mn_mg_cgcnn_20260803","experiments/active_learning/NON_GEN_INTERVAL_POOLS_20260618/Mn_NON_GEN_HARD640_FLAT_20260619/1517356.cif","1220","2026-07-18T18:46:08.7126018Z","95ecf888064257cb70dc7b3534a73d78e9bfa81cb681b935f0572ca72295755f"
"gpu_mn_mg_cgcnn_20260803","experiments/active_learning/NON_GEN_INTERVAL_POOLS_20260618/Mn_NON_GEN_HARD640_FLAT_20260619/1517363.cif","1221","2026-07-18T18:46:08.7136014Z","37c9ad384845590a3e492952d30384ab030517a9b77930964d10219418541e04"
"gpu_mn_mg_cgcnn_20260803","experiments/active_learning/NON_GEN_INTERVAL_POOLS_20260618/Mn_NON_GEN_HARD640_FLAT_20260619/1517402.cif","1222","2026-07-18T18:46:08.7146021Z","c0bcfbdfc8b34871359bc4d2899acb3013207697cac7d65bc17f8131c59e8ad2"
"gpu_mn_mg_cgcnn_20260803","experiments/active_learning/NON_GEN_INTERVAL_POOLS_20260618/Mn_NON_GEN_HARD640_FLAT_20260619/1517613.cif","1213","2026-07-18T18:46:08.7156021Z","569a9537742c4be993e3c5e9eddd57c9e3fe814bde45cb14e6d1a22467d1f67b"
"gpu_mn_mg_cgcnn_20260803","experiments/active_learning/NON_GEN_INTERVAL_POOLS_20260618/Mn_NON_GEN_HARD640_FLAT_20260619/1517646.cif","1215","2026-07-18T18:46:08.7166015Z","0bacac94cc7f5f7ae2025c177c8da4c6ce976c3eca5ee31b1d59f2597c56868c"
"gpu_mn_mg_cgcnn_20260803","experiments/active_learning/NON_GEN_INTERVAL_POOLS_20260618/Mn_NON_GEN_HARD640_FLAT_20260619/1517679.cif","1220","2026-07-18T18:46:08.7176019Z","3864a2e8a8403907d7260b9ea5cf0158f30263c9e2a4fd168fb163f1139c3d02"
"gpu_mn_mg_cgcnn_20260803","experiments/active_learning/NON_GEN_INTERVAL_POOLS_20260618/Mn_NON_GEN_HARD640_FLAT_20260619/1517693.cif","1642","2026-07-18T18:46:08.7176019Z","77a5e4f8d4eb18975a4df487a3866e2397e38733c0566dadde81c2f744c0c513"
"gpu_mn_mg_cgcnn_20260803","experiments/active_learning/NON_GEN_INTERVAL_POOLS_20260618/Mn_NON_GEN_HARD640_FLAT_20260619/1517699.cif","1222","2026-07-18T18:46:08.7186017Z","069527638e3a8ee50874f30e0d5b401972ee5458881c2eca53c055757ffcc5d6"
"gpu_mn_mg_cgcnn_20260803","experiments/active_learning/NON_GEN_INTERVAL_POOLS_20260618/Mn_NON_GEN_HARD640_FLAT_20260619/1517753.cif","1220","2026-07-18T18:46:08.7196024Z","cc0be40709ec6e9a6152733145fbd00e676e409c06bad12292033f0356056c5f"
"gpu_mn_mg_cgcnn_20260803","experiments/active_learning/NON_GEN_INTERVAL_POOLS_20260618/Mn_NON_GEN_HARD640_FLAT_20260619/1517761.cif","1220","2026-07-18T18:46:08.7206026Z","8d1d2e4d05764cbc69f08af901b9e52e6aa9f80943516a5621790391a8ed979f"
"gpu_mn_mg_cgcnn_20260803","experiments/active_learning/NON_GEN_INTERVAL_POOLS_20260618/Mn_NON_GEN_HARD640_FLAT_20260619/1517829.cif","1222","2026-07-18T18:46:08.7216029Z","7dd33cdc799e3588c5488aebfae4735deff14b6462f735c793ec78201a4e13b6"
"gpu_mn_mg_cgcnn_20260803","experiments/active_learning/NON_GEN_INTERVAL_POOLS_20260618/Mn_NON_GEN_HARD640_FLAT_20260619/1518034.cif","1215","2026-07-18T18:46:08.7226018Z","fefa60f3b2a5c067f962db081c97aa7f3401b4c2b630916810c91db5c01710db"
"gpu_mn_mg_cgcnn_20260803","experiments/active_learning/NON_GEN_INTERVAL_POOLS_20260618/Mn_NON_GEN_HARD640_FLAT_20260619/1518192.cif","1753","2026-07-18T18:46:08.7226018Z","20f07e2088341f039ada4c582879269672660901a5b08e9a9e7c057ac69757e3"
"gpu_mn_mg_cgcnn_20260803","experiments/active_learning/NON_GEN_INTERVAL_POOLS_20260618/Mn_NON_GEN_HARD640_FLAT_20260619/1518490.cif","1218","2026-07-18T18:46:08.7246026Z","bca9f8324a646d3af8062ede44fa459db1517e164d065d40db452d3db500d7f0"
"gpu_mn_mg_cgcnn_20260803","experiments/active_learning/NON_GEN_INTERVAL_POOLS_20260618/Mn_NON_GEN_HARD640_FLAT_20260619/1518514.cif","1220","2026-07-18T18:46:08.7246026Z","7b0846b0863b8397d06824c8bef1776b6ee9e344df134b992f6f93859d6825a2"
"gpu_mn_mg_cgcnn_20260803","experiments/active_learning/NON_GEN_INTERVAL_POOLS_20260618/Mn_NON_GEN_HARD640_FLAT_20260619/1518593.cif","1223","2026-07-18T18:46:08.7256031Z","649494d35c32cee551987fcb9e44a3d0fbeea40417a8b2eabcd3204041f8c7de"
"gpu_mn_mg_cgcnn_20260803","experiments/active_learning/NON_GEN_INTERVAL_POOLS_20260618/Mn_NON_GEN_HARD640_FLAT_20260619/1518782.cif","2811","2026-07-18T18:46:08.7266023Z","ad4f59829763bce08f7af524bff2fb67f86db7469bb462023ae38310caacce39"
"gpu_mn_mg_cgcnn_20260803","experiments/active_learning/NON_GEN_INTERVAL_POOLS_20260618/Mn_NON_GEN_HARD640_FLAT_20260619/1518813.cif","2808","2026-07-18T18:46:08.7276207Z","bbf2990e540a97e6a2200c9c8c60c58b77672e3be9f6142a8ad4e06060c6c700"
"gpu_mn_mg_cgcnn_20260803","experiments/active_learning/NON_GEN_INTERVAL_POOLS_20260618/Mn_NON_GEN_HARD640_FLAT_20260619/1518884.cif","1220","2026-07-18T18:46:08.7286133Z","aae6d3ffe360ddd865fc42eed7f5ac3d12a0312148db10cf7d03ee8ef59e886e"
"gpu_mn_mg_cgcnn_20260803","experiments/active_learning/NON_GEN_INTERVAL_POOLS_20260618/Mn_NON_GEN_HARD640_FLAT_20260619/1519441.cif","1216","2026-07-18T18:46:08.7296025Z","342f5365b927ede906d366209d99aecdec8cd0c2185335e37ec50ac37c615cab"
"gpu_mn_mg_cgcnn_20260803","experiments/active_learning/NON_GEN_INTERVAL_POOLS_20260618/Mn_NON_GEN_HARD640_FLAT_20260619/1519543.cif","1222","2026-07-18T18:46:08.7296025Z","4741cbee7b9768b4da3195b346d6178fb264af5b3aceb2cc2681187273b3a4c5"
"gpu_mn_mg_cgcnn_20260803","experiments/active_learning/NON_GEN_INTERVAL_POOLS_20260618/Mn_NON_GEN_HARD640_FLAT_20260619/1519764.cif","1222","2026-07-18T18:46:08.7306026Z","37e19a5c543192f05f2815db004f4314ddbb3335b0768d6229593e02887ae51a"
"gpu_mn_mg_cgcnn_20260803","experiments/active_learning/NON_GEN_INTERVAL_POOLS_20260618/Mn_NON_GEN_HARD640_FLAT_20260619/1520083.cif","1217","2026-07-18T18:46:08.7316020Z","c4eb8795ca93ec41d4aff56de12b895ff8fb94daf25b7da58dcf73e18eb74fb5"
"gpu_mn_mg_cgcnn_20260803","experiments/active_learning/NON_GEN_INTERVAL_POOLS_20260618/Mn_NON_GEN_HARD640_FLAT_20260619/1520156.cif","1215","2026-07-18T18:46:08.7316020Z","231a1bb1e40db5e8b391f91d49451ad5fcffff3802b52585027b2de6d5870eb8"
"gpu_mn_mg_cgcnn_20260803","experiments/active_learning/NON_GEN_INTERVAL_POOLS_20260618/Mn_NON_GEN_HARD640_FLAT_20260619/1520158.cif","1220","2026-07-18T18:46:08.7335605Z","191100cb6a16112ebd09c23063482b9b8513212ff632a1a5a0502de609f942bd"
"gpu_mn_mg_cgcnn_20260803","experiments/active_learning/NON_GEN_INTERVAL_POOLS_20260618/Mn_NON_GEN_HARD640_FLAT_20260619/1520426.cif","1215","2026-07-18T18:46:08.7335605Z","0186ccbd413a66b240c4db94a7a812e637b0b383151d666761312802fbbe84a4"
"gpu_mn_mg_cgcnn_20260803","experiments/active_learning/NON_GEN_INTERVAL_POOLS_20260618/Mn_NON_GEN_HARD640_FLAT_20260619/1520467.cif","1217","2026-07-18T18:46:08.7355641Z","7601ef34d018170c857e6eb9c0e4bb05d396569c890b9b54001e00255bb705e2"
"gpu_mn_mg_cgcnn_20260803","experiments/active_learning/NON_GEN_INTERVAL_POOLS_20260618/Mn_NON_GEN_HARD640_FLAT_20260619/1520623.cif","1215","2026-07-18T18:46:08.7365649Z","034e80a10323f5fcda1960e581f1b7b96e0265ff3bfb945229206f62002e0a02"
"gpu_mn_mg_cgcnn_20260803","experiments/active_learning/NON_GEN_INTERVAL_POOLS_20260618/Mn_NON_GEN_HARD640_FLAT_20260619/1520978.cif","1215","2026-07-18T18:46:08.7375646Z","6207e7dab861634996bd09ac3a0a4658d6444fec6faa4df29b9f1c5db4b1b4cb"
"gpu_mn_mg_cgcnn_20260803","experiments/active_learning/NON_GEN_INTERVAL_POOLS_20260618/Mn_NON_GEN_HARD640_FLAT_20260619/1521256.cif","1222","2026-07-18T18:46:08.7375646Z","b5a96710503fb85a065b94d25d6b6a475f257906ea47e97f7031ea33d7ca7d71"
"gpu_mn_mg_cgcnn_20260803","experiments/active_learning/NON_GEN_INTERVAL_POOLS_20260618/Mn_NON_GEN_HARD640_FLAT_20260619/1521356.cif","1755","2026-07-18T18:46:08.7385644Z","e97bde28d73d817296e49b2c9e166a725b596592c05f6f19b622a4225eb6bd3d"
"gpu_mn_mg_cgcnn_20260803","experiments/active_learning/NON_GEN_INTERVAL_POOLS_20260618/Mn_NON_GEN_HARD640_FLAT_20260619/1521466.cif","1215","2026-07-18T18:46:08.7395646Z","016b232ecd7a7b8496690e94f6707c5f216aafb4dbcd7d60eb79f6862a378bfb"
"gpu_mn_mg_cgcnn_20260803","experiments/active_learning/NON_GEN_INTERVAL_POOLS_20260618/Mn_NON_GEN_HARD640_FLAT_20260619/1521485.cif","1218","2026-07-18T18:46:08.7415660Z","65425050ee41262c948f6c14a92750dcfb5329ccf45f77fd30096c06455d1553"
"gpu_mn_mg_cgcnn_20260803","experiments/active_learning/NON_GEN_INTERVAL_POOLS_20260618/Mn_NON_GEN_HARD640_FLAT_20260619/1521496.cif","1215","2026-07-18T18:46:08.7425663Z","a33aea7a7a121118ddb7ab53539ef066ff852987e8c18a74d7ffe6eb9093a3d8"
"gpu_mn_mg_cgcnn_20260803","experiments/active_learning/NON_GEN_INTERVAL_POOLS_20260618/Mn_NON_GEN_HARD640_FLAT_20260619/1521595.cif","1640","2026-07-18T18:46:08.7435652Z","3820b6b9bb4c26793365c65b7278bbcdf493884e8721304060d088220c8ac54a"
"gpu_mn_mg_cgcnn_20260803","experiments/active_learning/NON_GEN_INTERVAL_POOLS_20260618/Mn_NON_GEN_HARD640_FLAT_20260619/1521618.cif","1220","2026-07-18T18:46:08.7445659Z","a18e06dde6941c697ef6e0b18319ccbee029b865162a5a1359d85d25531cf2af"
"gpu_mn_mg_cgcnn_20260803","experiments/active_learning/NON_GEN_INTERVAL_POOLS_20260618/Mn_NON_GEN_HARD640_FLAT_20260619/1521849.cif","1641","2026-07-18T18:46:08.7445659Z","6681e9a100db719ce928d5838581d981e1b6564dc2511eefed17fb90a8f181c5"
"gpu_mn_mg_cgcnn_20260803","experiments/active_learning/NON_GEN_INTERVAL_POOLS_20260618/Mn_NON_GEN_HARD640_FLAT_20260619/1522001.cif","1221","2026-07-18T18:46:08.7455658Z","510f934b2a7b471222af8d4a7c2f8e71eacc03b502fc8df6e0ca48bd8d944964"
"gpu_mn_mg_cgcnn_20260803","experiments/active_learning/NON_GEN_INTERVAL_POOLS_20260618/Mn_NON_GEN_HARD640_FLAT_20260619/1522145.cif","1220","2026-07-18T18:46:08.7475662Z","b674c5b33968ab9370df1e60e2fca615333faf882e0a04ef73b1eaf689186cab"
"gpu_mn_mg_cgcnn_20260803","experiments/active_learning/NON_GEN_INTERVAL_POOLS_20260618/Mn_NON_GEN_HARD640_FLAT_20260619/1522193.cif","1216","2026-07-18T18:46:08.7475662Z","1cba24bf1b33a538fc12b04f7ec643d771a9781db3ffc9088fef3c8f295af678"
"gpu_mn_mg_cgcnn_20260803","experiments/active_learning/NON_GEN_INTERVAL_POOLS_20260618/Mn_NON_GEN_HARD640_FLAT_20260619/1522194.cif","2807","2026-07-18T18:46:08.7495650Z","6219278a677b4973a41d5423639a046a801f306218a4f0974d200dab4b687835"
"gpu_mn_mg_cgcnn_20260803","experiments/active_learning/NON_GEN_INTERVAL_POOLS_20260618/Mn_NON_GEN_HARD640_FLAT_20260619/1522301.cif","1212","2026-07-18T18:46:08.7495650Z","21836a9f59f29ef87d57666c73c87bffb24ed8b7c50cfcca508d91d4dc332105"
"gpu_mn_mg_cgcnn_20260803","experiments/active_learning/NON_GEN_INTERVAL_POOLS_20260618/Mn_NON_GEN_HARD640_FLAT_20260619/1522553.cif","1220","2026-07-18T18:46:08.7515660Z","ba796c15dda3626c24ad9fcde16924bf8bf1ea752990e2ef602e380b24342df5"
"gpu_mn_mg_cgcnn_20260803","experiments/active_learning/NON_GEN_INTERVAL_POOLS_20260618/Mn_NON_GEN_HARD640_FLAT_20260619/1522554.cif","1221","2026-07-18T18:46:08.7525662Z","e0dd0794148ea2d131d9d88d41ca1288715c8c0109c97bbd2b30a004b3760735"
"gpu_mn_mg_cgcnn_20260803","experiments/active_learning/NON_GEN_INTERVAL_POOLS_20260618/Mn_NON_GEN_HARD640_FLAT_20260619/1522791.cif","1220","2026-07-18T18:46:08.7525662Z","3c94c7b23a07871f84eb07709fd47de565c1272f7a68467f48e80e1961cc5ed7"
"gpu_mn_mg_cgcnn_20260803","experiments/active_learning/NON_GEN_INTERVAL_POOLS_20260618/Mn_NON_GEN_HARD640_FLAT_20260619/1522792.cif","1221","2026-07-18T18:46:08.7535650Z","c7a946d703c49fe22b496583bdd98ce2f512719d2c74f4c585ca70ab39adbc93"
"gpu_mn_mg_cgcnn_20260803","experiments/active_learning/NON_GEN_INTERVAL_POOLS_20260618/Mn_NON_GEN_HARD640_FLAT_20260619/1522815.cif","1216","2026-07-18T18:46:08.7545649Z","5bb5fe9c7774af6183648b8f777996e830a300029c70cc55a038354f5573c0e9"
"gpu_mn_mg_cgcnn_20260803","experiments/active_learning/NON_GEN_INTERVAL_POOLS_20260618/Mn_NON_GEN_HARD640_FLAT_20260619/1522829.cif","2809","2026-07-18T18:46:08.7555652Z","ec7f8cb75a2256cc75f69e2394955d9fc9484a2181117e2fd4688494549ee94b"
"gpu_mn_mg_cgcnn_20260803","experiments/active_learning/NON_GEN_INTERVAL_POOLS_20260618/Mn_NON_GEN_HARD640_FLAT_20260619/1522851.cif","2809","2026-07-18T18:46:08.7565644Z","61575008abdcb29cff54dc7c71f32a85b989e1b0cac3e367c38eeb3b24c3c5a6"
"gpu_mn_mg_cgcnn_20260803","experiments/active_learning/NON_GEN_INTERVAL_POOLS_20260618/Mn_NON_GEN_HARD640_FLAT_20260619/1523111.cif","1215","2026-07-18T18:46:08.7565644Z","1898294f9a4448bb533a366bb4f3fa699fed9e630f104c91c4f738c05accde01"
"gpu_mn_mg_cgcnn_20260803","experiments/active_learning/NON_GEN_INTERVAL_POOLS_20260618/Mn_NON_GEN_HARD640_FLAT_20260619/1523324.cif","1216","2026-07-18T18:46:08.7585663Z","bd65aee5002dc71c067232342452079c334700daea7480cf71898346e7a98582"
"gpu_mn_mg_cgcnn_20260803","experiments/active_learning/NON_GEN_INTERVAL_POOLS_20260618/Mn_NON_GEN_HARD640_FLAT_20260619/15282.cif","4946","2026-07-18T18:46:08.7595651Z","fa8ce87942e034d495f4c2799fcd7cd705641a4b1e027cb385e0b6ad4ed49d7e"
"gpu_mn_mg_cgcnn_20260803","experiments/active_learning/NON_GEN_INTERVAL_POOLS_20260618/Mn_NON_GEN_HARD640_FLAT_20260619/1638973.cif","1748","2026-07-18T18:46:08.7595651Z","d0f7bf466cf7ef8db71108270486809fd46c1259353f9d837c61c38a7fbb2d63"
"gpu_mn_mg_cgcnn_20260803","experiments/active_learning/NON_GEN_INTERVAL_POOLS_20260618/Mn_NON_GEN_HARD640_FLAT_20260619/1649939.cif","2785","2026-07-18T18:46:08.7605649Z","58a69e5d56c2d9b997ec5bb832383323ad8805414dc6d047640785bdb07d437a"
"gpu_mn_mg_cgcnn_20260803","experiments/active_learning/NON_GEN_INTERVAL_POOLS_20260618/Mn_NON_GEN_HARD640_FLAT_20260619/1650384.cif","3334","2026-07-18T18:46:08.7615653Z","a1d9f3413a07687da76b9378572ef96ab5d75b1dfcd2b5924ecd750fafaca320"
"gpu_mn_mg_cgcnn_20260803","experiments/active_learning/NON_GEN_INTERVAL_POOLS_20260618/Mn_NON_GEN_HARD640_FLAT_20260619/1666963.cif","1743","2026-07-18T18:46:08.7625663Z","68b5066c58082469f73518719523cf29af2b538d64e943944d1b78a268209193"
"gpu_mn_mg_cgcnn_20260803","experiments/active_learning/NON_GEN_INTERVAL_POOLS_20260618/Mn_NON_GEN_HARD640_FLAT_20260619/17341.cif","2275","2026-07-18T18:46:08.7625663Z","e5365ad3bb9fb0147867dc51f9a66885103499ace557496b53c700b26b37aab7"
"gpu_mn_mg_cgcnn_20260803","experiments/active_learning/NON_GEN_INTERVAL_POOLS_20260618/Mn_NON_GEN_HARD640_FLAT_20260619/17445.cif","2166","2026-07-18T18:46:08.7635674Z","9ca0d70ffd4425f4bd5d896d8c5732acf4b4bf6f46988c4d18d597f6c2352480"
"gpu_mn_mg_cgcnn_20260803","experiments/active_learning/NON_GEN_INTERVAL_POOLS_20260618/Mn_NON_GEN_HARD640_FLAT_20260619/17876.cif","2166","2026-07-18T18:46:08.7655652Z","ee1df97570e31d12ee41fb481973a75ef8f29c281b11d83e53183aa58928f58c"
"gpu_mn_mg_cgcnn_20260803","experiments/active_learning/NON_GEN_INTERVAL_POOLS_20260618/Mn_NON_GEN_HARD640_FLAT_20260619/18320.cif","3137","2026-07-18T18:46:08.7665688Z","4165665ff28c7fe1c9a5d41e56c0500d561fd206e64eef3f452c948da9b2ee2a"
"gpu_mn_mg_cgcnn_20260803","experiments/active_learning/NON_GEN_INTERVAL_POOLS_20260618/Mn_NON_GEN_HARD640_FLAT_20260619/18554.cif","3147","2026-07-18T18:46:08.7665688Z","ff2fe1df29a3132c5411300954ec987df06b03f7e598b44c69cc7081cc300fec"
"gpu_mn_mg_cgcnn_20260803","experiments/active_learning/NON_GEN_INTERVAL_POOLS_20260618/Mn_NON_GEN_HARD640_FLAT_20260619/18870.cif","1370","2026-07-18T18:46:08.7675690Z","ce34a91e5e9ba86201cbc054b8baa9f3ae4bfc08bfa9bf7764b3e621548ab021"
"gpu_mn_mg_cgcnn_20260803","experiments/active_learning/NON_GEN_INTERVAL_POOLS_20260618/Mn_NON_GEN_HARD640_FLAT_20260619/18990.cif","5086","2026-07-18T18:46:08.7685688Z","6ee59031207a44241ee997ef1cf3ea9fe21aa78a20d0369ea46d41f560cd2c2c"
"gpu_mn_mg_cgcnn_20260803","experiments/active_learning/NON_GEN_INTERVAL_POOLS_20260618/Mn_NON_GEN_HARD640_FLAT_20260619/18992.cif","2801","2026-07-18T18:46:08.7695701Z","9e1fef5dc7b781d9a38da445be2b448e1fa507efe10a88b92c62ec317da8a0c5"
"gpu_mn_mg_cgcnn_20260803","experiments/active_learning/NON_GEN_INTERVAL_POOLS_20260618/Mn_NON_GEN_HARD640_FLAT_20260619/19045.cif","2629","2026-07-18T18:46:08.7705707Z","00e9170e714cfb53b640367bd6e6b6f8fcc081bc545b97adda4a2962f71b9faf"
"gpu_mn_mg_cgcnn_20260803","experiments/active_learning/NON_GEN_INTERVAL_POOLS_20260618/Mn_NON_GEN_HARD640_FLAT_20260619/19054.cif","1530","2026-07-18T18:46:08.7705707Z","a696208ad21623aa046012dd6b4dfca11fb06096cbc4873f052d8b95b3e43995"
"gpu_mn_mg_cgcnn_20260803","experiments/active_learning/NON_GEN_INTERVAL_POOLS_20260618/Mn_NON_GEN_HARD640_FLAT_20260619/19060.cif","1178","2026-07-18T18:46:08.7715695Z","cc875bd5b16987dd27215a2027f2bf7ce69c91abc3852f5dc2d471d0c5489208"
"gpu_mn_mg_cgcnn_20260803","experiments/active_learning/NON_GEN_INTERVAL_POOLS_20260618/Mn_NON_GEN_HARD640_FLAT_20260619/19122.cif","1919","2026-07-18T18:46:08.7725696Z","bd76751089eaee6abe7b4604c36f673f3bf8b4c7b5350b4ee137ba47d005932d"
"gpu_mn_mg_cgcnn_20260803","experiments/active_learning/NON_GEN_INTERVAL_POOLS_20260618/Mn_NON_GEN_HARD640_FLAT_20260619/19174.cif","2172","2026-07-18T18:46:08.7735695Z","d1febe98171cecd836704e941d322bb76f9748676ca272c7234f719878ed8845"
"gpu_mn_mg_cgcnn_20260803","experiments/active_learning/NON_GEN_INTERVAL_POOLS_20260618/Mn_NON_GEN_HARD640_FLAT_20260619/19213.cif","1441","2026-07-18T18:46:08.7745696Z","7aba63ca9b6d4337e9efdda651834806c2fe55c81f2e8a8846447d72cd72f5f2"
"gpu_mn_mg_cgcnn_20260803","experiments/active_learning/NON_GEN_INTERVAL_POOLS_20260618/Mn_NON_GEN_HARD640_FLAT_20260619/19224.cif","1851","2026-07-18T18:46:08.7755707Z","48c2e43b07e5ed25d7fb5267698899044ae8c308e345f68ce5eafa9ebf489222"
"gpu_mn_mg_cgcnn_20260803","experiments/active_learning/NON_GEN_INTERVAL_POOLS_20260618/Mn_NON_GEN_HARD640_FLAT_20260619/19304.cif","2986","2026-07-18T18:46:08.7765688Z","abddf91b78fd560261b00c74ca78514115ab464dd4615ffba3db41706b6c6029"
"gpu_mn_mg_cgcnn_20260803","experiments/active_learning/NON_GEN_INTERVAL_POOLS_20260618/Mn_NON_GEN_HARD640_FLAT_20260619/19314.cif","3130","2026-07-18T18:46:08.7765688Z","d927a8fd796c42dc1b596e0cb15b509a75b9f39b790d4723886a386ecf45fc61"
"gpu_mn_mg_cgcnn_20260803","experiments/active_learning/NON_GEN_INTERVAL_POOLS_20260618/Mn_NON_GEN_HARD640_FLAT_20260619/19485.cif","2707","2026-07-18T18:46:08.7775686Z","9e1ce4812f039ef8aa8630e4304af7e3deafc039aa6133e2698f36f52fb1b0e9"
"gpu_mn_mg_cgcnn_20260803","experiments/active_learning/NON_GEN_INTERVAL_POOLS_20260618/Mn_NON_GEN_HARD640_FLAT_20260619/19487.cif","3419","2026-07-18T18:46:08.7785686Z","732c71263e78d8873c4eb4f988f4d85501ed36500472e41d6b5d1e0425c7566b"
"gpu_mn_mg_cgcnn_20260803","experiments/active_learning/NON_GEN_INTERVAL_POOLS_20260618/Mn_NON_GEN_HARD640_FLAT_20260619/19488.cif","3005","2026-07-18T18:46:08.7795682Z","f2de5876eeb3a9d4fc1b847bb6d8237fa21861c9188c64cca78d5486209c0c41"
"gpu_mn_mg_cgcnn_20260803","experiments/active_learning/NON_GEN_INTERVAL_POOLS_20260618/Mn_NON_GEN_HARD640_FLAT_20260619/19502.cif","3858","2026-07-18T18:46:08.7795682Z","f16d03ca66642e2bcc7ffc0021331fb3ad6f8b7210e6029d2afb4ff2bfd4837e"
"gpu_mn_mg_cgcnn_20260803","experiments/active_learning/NON_GEN_INTERVAL_POOLS_20260618/Mn_NON_GEN_HARD640_FLAT_20260619/19507.cif","3420","2026-07-18T18:46:08.7805687Z","7d9b6b69b5a1b71fe8d1c98021d4f3269528ee3508dadb044d46288a2b6e6995"
"gpu_mn_mg_cgcnn_20260803","experiments/active_learning/NON_GEN_INTERVAL_POOLS_20260618/Mn_NON_GEN_HARD640_FLAT_20260619/19823.cif","1112","2026-07-18T18:46:08.7817769Z","d54b806f341145d612b60aa5c07af3b666403a26c7edfaa06b6b7099a369c2a5"
"gpu_mn_mg_cgcnn_20260803","experiments/active_learning/NON_GEN_INTERVAL_POOLS_20260618/Mn_NON_GEN_HARD640_FLAT_20260619/19882.cif","2154","2026-07-18T18:46:08.7827755Z","627c85641e8f1b50dbc9c48464134f45db531a6ab6b547ea93a65c9684459ea9"
"gpu_mn_mg_cgcnn_20260803","experiments/active_learning/NON_GEN_INTERVAL_POOLS_20260618/Mn_NON_GEN_HARD640_FLAT_20260619/20813.cif","1214","2026-07-18T18:46:08.7837754Z","fa082dba490028e4b7f3904a35c7078cb57664f8bf4dc6ff192811632c99e2c9"
"gpu_mn_mg_cgcnn_20260803","experiments/active_learning/NON_GEN_INTERVAL_POOLS_20260618/Mn_NON_GEN_HARD640_FLAT_20260619/21535.cif","3137","2026-07-18T18:46:08.7847764Z","7649b1373a72f8bcc87ef82f6cff431a6e967d0560fe9ad0f25af4f2ddb14bad"
"gpu_mn_mg_cgcnn_20260803","experiments/active_learning/NON_GEN_INTERVAL_POOLS_20260618/Mn_NON_GEN_HARD640_FLAT_20260619/21616.cif","3130","2026-07-18T18:46:08.7857757Z","3e72a5c1ed251d856a66e84207abe83d7384881d36d593276dcb1cc19c845ece"
"gpu_mn_mg_cgcnn_20260803","experiments/active_learning/NON_GEN_INTERVAL_POOLS_20260618/Mn_NON_GEN_HARD640_FLAT_20260619/21635.cif","2697","2026-07-18T18:46:08.7867758Z","99b8a098141a70e94dc37e0d69da3af4a264c899c10fa21ffcb0a461c9e6e8ad"
"gpu_mn_mg_cgcnn_20260803","experiments/active_learning/NON_GEN_INTERVAL_POOLS_20260618/Mn_NON_GEN_HARD640_FLAT_20260619/2210750.cif","955","2026-07-18T18:46:08.7867758Z","ee863e6f7905fe84cd32c6618898df75be5af1cf7a921570fa277f344962cc00"
"gpu_mn_mg_cgcnn_20260803","experiments/active_learning/NON_GEN_INTERVAL_POOLS_20260618/Mn_NON_GEN_HARD640_FLAT_20260619/2217598.cif","1276","2026-07-18T18:46:08.7877759Z","668af0ab8d95703a13feaec4434fffab7904da00886bafe2255df65e768ba23a"
"gpu_mn_mg_cgcnn_20260803","experiments/active_learning/NON_GEN_INTERVAL_POOLS_20260618/Mn_NON_GEN_HARD640_FLAT_20260619/2217716.cif","1282","2026-07-18T18:46:08.7887760Z","32166722afd06ec11f66db54c8367d9407f0137f81c13b26e17f5a88c48ee689"
"gpu_mn_mg_cgcnn_20260803","experiments/active_learning/NON_GEN_INTERVAL_POOLS_20260618/Mn_NON_GEN_HARD640_FLAT_20260619/2217896.cif","1272","2026-07-18T18:46:08.7897762Z","7f9a4d980272ce4a9e59a220bc7f8e22b756fed6979b774d41de97150286b020"
"gpu_mn_mg_cgcnn_20260803","experiments/active_learning/NON_GEN_INTERVAL_POOLS_20260618/Mn_NON_GEN_HARD640_FLAT_20260619/2217950.cif","1259","2026-07-18T18:46:08.7897762Z","ded977238a1cd6fa50fec0d0c3a0f5bfdd2e54017c778dbf357b41f13ace2695"
"gpu_mn_mg_cgcnn_20260803","experiments/active_learning/NON_GEN_INTERVAL_POOLS_20260618/Mn_NON_GEN_HARD640_FLAT_20260619/2220589.cif","2636","2026-07-18T18:46:08.7907756Z","a78182009d380aedf30d43738f0862e64d50c5138335fb923e03fa8eb86fac77"
"gpu_mn_mg_cgcnn_20260803","experiments/active_learning/NON_GEN_INTERVAL_POOLS_20260618/Mn_NON_GEN_HARD640_FLAT_20260619/22213.cif","1211","2026-07-18T18:46:08.7917760Z","07f90058fd757908ce9ec45567075697d5ca25cc2162a6a49a51525849578fe2"
"gpu_mn_mg_cgcnn_20260803","experiments/active_learning/NON_GEN_INTERVAL_POOLS_20260618/Mn_NON_GEN_HARD640_FLAT_20260619/2222873.cif","1225","2026-07-18T18:46:08.7927761Z","9b1292a9b54bff85c1f0b30a3b5fa607fde3d43a46129d640db39ad8da2e34dd"
"gpu_mn_mg_cgcnn_20260803","experiments/active_learning/NON_GEN_INTERVAL_POOLS_20260618/Mn_NON_GEN_HARD640_FLAT_20260619/2223891.cif","1225","2026-07-18T18:46:08.7937755Z","9d1a41291c9becbd760ac8244abd04ae7661a7189276225a810387a28c2103c3"
"gpu_mn_mg_cgcnn_20260803","experiments/active_learning/NON_GEN_INTERVAL_POOLS_20260618/Mn_NON_GEN_HARD640_FLAT_20260619/2226157.cif","1486","2026-07-18T18:46:08.7947754Z","2c9b57853edf621848402e214092fffe0fdc506de62aa621e1c801a0309a469f"
"gpu_mn_mg_cgcnn_20260803","experiments/active_learning/NON_GEN_INTERVAL_POOLS_20260618/Mn_NON_GEN_HARD640_FLAT_20260619/2226471.cif","1448","2026-07-18T18:46:08.7967761Z","8e95fd1ef74900fb093be6eb89722e39461acf2108e256eb69607485a36e0fe6"
"gpu_mn_mg_cgcnn_20260803","experiments/active_learning/NON_GEN_INTERVAL_POOLS_20260618/Mn_NON_GEN_HARD640_FLAT_20260619/2226724.cif","1276","2026-07-18T18:46:08.7977761Z","7cdd40f7c0be9b90a90a6a40cb851df4c7217cb52555c0134cce13b7d0b85165"
"gpu_mn_mg_cgcnn_20260803","experiments/active_learning/NON_GEN_INTERVAL_POOLS_20260618/Mn_NON_GEN_HARD640_FLAT_20260619/2226941.cif","1282","2026-07-18T18:46:08.7987760Z","8471342cb520811baa56332a1ce534c36aad033b48b945b268114de4ebfab9bf"
"gpu_mn_mg_cgcnn_20260803","experiments/active_learning/NON_GEN_INTERVAL_POOLS_20260618/Mn_NON_GEN_HARD640_FLAT_20260619/2227694.cif","1491","2026-07-18T18:46:08.7997752Z","3b1d3ccc3a95285b40f7265a18fded1a19d7efd8d0738c80e7830d0ab1aa4823"
"gpu_mn_mg_cgcnn_20260803","experiments/active_learning/NON_GEN_INTERVAL_POOLS_20260618/Mn_NON_GEN_HARD640_FLAT_20260619/2227745.cif","1501","2026-07-18T18:46:08.8017754Z","5d1c6d71871ece6e839deb4bdcd652d8a7d3ff8901b4155a35717df8020ad8f3"
"gpu_mn_mg_cgcnn_20260803","experiments/active_learning/NON_GEN_INTERVAL_POOLS_20260618/Mn_NON_GEN_HARD640_FLAT_20260619/2227822.cif","1374","2026-07-18T18:46:08.8017754Z","9c888d056f7fa909edc2e58175d5e94960acebcd9f3c20e95a738e68b48111d3"
"gpu_mn_mg_cgcnn_20260803","experiments/active_learning/NON_GEN_INTERVAL_POOLS_20260618/Mn_NON_GEN_HARD640_FLAT_20260619/2228426.cif","1654","2026-07-18T18:46:08.8027761Z","1f21dfbf7350641e7a147686ce08daf95bf0e128a905654f02a5241f3a52a23c"
"gpu_mn_mg_cgcnn_20260803","experiments/active_learning/NON_GEN_INTERVAL_POOLS_20260618/Mn_NON_GEN_HARD640_FLAT_20260619/2228455.cif","1444","2026-07-18T18:46:08.8037758Z","80a4730c524932774e1be950f004073e0b335f08788a00417ac4bca8f271086c"
"gpu_mn_mg_cgcnn_20260803","experiments/active_learning/NON_GEN_INTERVAL_POOLS_20260618/Mn_NON_GEN_HARD640_FLAT_20260619/2228502.cif","1448","2026-07-18T18:46:08.8047754Z","b535348ca65db2d2916d7e5f8755f82600a55f12d825436e165730387bce7529"
"gpu_mn_mg_cgcnn_20260803","experiments/active_learning/NON_GEN_INTERVAL_POOLS_20260618/Mn_NON_GEN_HARD640_FLAT_20260619/2228910.cif","1431","2026-07-18T18:46:08.8067754Z","afbb80e7b89eba03498591712f11aa8d3a2c4830891307369e30fa70510292cb"
"gpu_mn_mg_cgcnn_20260803","experiments/active_learning/NON_GEN_INTERVAL_POOLS_20260618/Mn_NON_GEN_HARD640_FLAT_20260619/2228987.cif","1596","2026-07-18T18:46:08.8067754Z","a746fcc8a5bd2420f537d77dbd420b9708d9d253ee50030764dacd6eec10a3a4"
"gpu_mn_mg_cgcnn_20260803","experiments/active_learning/NON_GEN_INTERVAL_POOLS_20260618/Mn_NON_GEN_HARD640_FLAT_20260619/2229285.cif","1659","2026-07-18T18:46:08.8087753Z","d74e19c9ba742efa2b4dbea996f8feac5355038cd30832114d960f68f6a48afb"
"gpu_mn_mg_cgcnn_20260803","experiments/active_learning/NON_GEN_INTERVAL_POOLS_20260618/Mn_NON_GEN_HARD640_FLAT_20260619/2230022.cif","1773","2026-07-18T18:46:08.8097757Z","4b52470f874256132c66a672294db560a74a77b8c0e77ac76b656605a93a4628"
"gpu_mn_mg_cgcnn_20260803","experiments/active_learning/NON_GEN_INTERVAL_POOLS_20260618/Mn_NON_GEN_HARD640_FLAT_20260619/2230028.cif","1763","2026-07-18T18:46:08.8097757Z","d6def381464cea12eb7eac6dcd8fb3f7703638ff72a17d0c64306efe91e98190"
"gpu_mn_mg_cgcnn_20260803","experiments/active_learning/NON_GEN_INTERVAL_POOLS_20260618/Mn_NON_GEN_HARD640_FLAT_20260619/2230458.cif","1689","2026-07-18T18:46:08.8107752Z","ee354acce418ead8e33b874bf59d35197593402fd423d3d61c6db1905d3307a3"
"gpu_mn_mg_cgcnn_20260803","experiments/active_learning/NON_GEN_INTERVAL_POOLS_20260618/Mn_NON_GEN_HARD640_FLAT_20260619/2232382.cif","1496","2026-07-18T18:46:08.8127752Z","7528db1d5ac9e5dcf20e5c69eadf225a78939f18025839c706472a79ccfa6b41"
"gpu_mn_mg_cgcnn_20260803","experiments/active_learning/NON_GEN_INTERVAL_POOLS_20260618/Mn_NON_GEN_HARD640_FLAT_20260619/2233123.cif","1538","2026-07-18T18:46:08.8137749Z","833e75e594c90caad2d7e0ef51dd0abb8c87935b476d1d689f362b6a439cd58a"
"gpu_mn_mg_cgcnn_20260803","experiments/active_learning/NON_GEN_INTERVAL_POOLS_20260618/Mn_NON_GEN_HARD640_FLAT_20260619/2233226.cif","1543","2026-07-18T18:46:08.8157852Z","6fee56086777900ee8b968cc75383d2e6fa5c389854ab23452398fe12f4ecbfc"
"gpu_mn_mg_cgcnn_20260803","experiments/active_learning/NON_GEN_INTERVAL_POOLS_20260618/Mn_NON_GEN_HARD640_FLAT_20260619/2240013.cif","1271","2026-07-18T18:46:08.8167779Z","2b4e49a5dfdfdec338835c4859246397d78ae526c420602ec1f07273a191d538"
"gpu_mn_mg_cgcnn_20260803","experiments/active_learning/NON_GEN_INTERVAL_POOLS_20260618/Mn_NON_GEN_HARD640_FLAT_20260619/2241425.cif","1389","2026-07-18T18:46:08.8167779Z","58c3f8f1ceebf108e4b7dbdd5bf8cec14558a0f69097e550bc3f70be72e4e624"
"gpu_mn_mg_cgcnn_20260803","experiments/active_learning/NON_GEN_INTERVAL_POOLS_20260618/Mn_NON_GEN_HARD640_FLAT_20260619/22533.cif","1851","2026-07-18T18:46:08.8187770Z","98760e2be7bcc832555bf88440e027173797c226eebda6c4deb6691e97253572"
"gpu_mn_mg_cgcnn_20260803","experiments/active_learning/NON_GEN_INTERVAL_POOLS_20260618/Mn_NON_GEN_HARD640_FLAT_20260619/23718.cif","2688","2026-07-18T18:46:08.8197764Z","d02a11afc0840e9696855ac7814630e7b1b096a7edd22cb045db4125bd24de78"
"gpu_mn_mg_cgcnn_20260803","experiments/active_learning/NON_GEN_INTERVAL_POOLS_20260618/Mn_NON_GEN_HARD640_FLAT_20260619/23928.cif","1859","2026-07-18T18:46:08.8197764Z","28c833d5cc5c6d8b95cc037264e332cd8718fff058d96b6478f6020667ea90d1"
"gpu_mn_mg_cgcnn_20260803","experiments/active_learning/NON_GEN_INTERVAL_POOLS_20260618/Mn_NON_GEN_HARD640_FLAT_20260619/24036.cif","1847","2026-07-18T18:46:08.8207752Z","33cecd90fd7aca33c191fdfd9928f6be081ddd7f64f7d74bdb90a897c2d299f1"
"gpu_mn_mg_cgcnn_20260803","experiments/active_learning/NON_GEN_INTERVAL_POOLS_20260618/Mn_NON_GEN_HARD640_FLAT_20260619/2901884.cif","1805","2026-07-18T18:46:08.8217749Z","808584ef4c9ea58d0796bf3e8dd043be64c0694bb24c67ae3650066979cfedf2"
"gpu_mn_mg_cgcnn_20260803","experiments/active_learning/NON_GEN_INTERVAL_POOLS_20260618/Mn_NON_GEN_HARD640_FLAT_20260619/39207.cif","2814","2026-07-18T18:46:08.8227867Z","fbf230ce30086c1cf0c19cd46ef637e40a41128cfe1dc874376c039bfaa6184d"
"gpu_mn_mg_cgcnn_20260803","experiments/active_learning/NON_GEN_INTERVAL_POOLS_20260618/Mn_NON_GEN_HARD640_FLAT_20260619/39440.cif","1743","2026-07-18T18:46:08.8237755Z","8b8dd3d5729aa719c5bb13497ed15a6d4e4b5698a397c92650d85ff8668eaa07"
"gpu_mn_mg_cgcnn_20260803","experiments/active_learning/NON_GEN_INTERVAL_POOLS_20260618/Mn_NON_GEN_HARD640_FLAT_20260619/41963.cif","1750","2026-07-18T18:46:08.8247753Z","7882bc707019b7ed03a34d4676cbd37af08c0a4a6d224d4a8b1c201c8516a9c3"
"gpu_mn_mg_cgcnn_20260803","experiments/active_learning/NON_GEN_INTERVAL_POOLS_20260618/Mn_NON_GEN_HARD640_FLAT_20260619/510487.cif","1112","2026-07-18T18:46:08.8247753Z","992a2e910f4be305bf8140fa62b9a2469817349f09b53c53912259f6561ba58d"
"gpu_mn_mg_cgcnn_20260803","experiments/active_learning/NON_GEN_INTERVAL_POOLS_20260618/Mn_NON_GEN_HARD640_FLAT_20260619/510570.cif","1752","2026-07-18T18:46:08.8257762Z","6db04f5b84e81aa5bec925b2f8bca89a435d60dcab3867d5db57c54ba605423b"
"gpu_mn_mg_cgcnn_20260803","experiments/active_learning/NON_GEN_INTERVAL_POOLS_20260618/Mn_NON_GEN_HARD640_FLAT_20260619/532537.cif","4906","2026-07-18T18:46:08.8267776Z","ee088908af672c6ea2d449c9c1e70656aec90c06c06ddf0beb28910dbd5a156a"
"gpu_mn_mg_cgcnn_20260803","experiments/active_learning/NON_GEN_INTERVAL_POOLS_20260618/Mn_NON_GEN_HARD640_FLAT_20260619/532591.cif","5981","2026-07-18T18:46:08.8277850Z","8e1141ed3c3511c8b8158cff91618be2de41cb4b2850cd04844a9b5c7489a6ee"
"gpu_mn_mg_cgcnn_20260803","experiments/active_learning/NON_GEN_INTERVAL_POOLS_20260618/Mn_NON_GEN_HARD640_FLAT_20260619/532650.cif","3430","2026-07-18T18:46:08.8287764Z","f68bce620fdd447747a8317c8dbac4206aa97ad7254303d445375618dd5b4419"
"gpu_mn_mg_cgcnn_20260803","experiments/active_learning/NON_GEN_INTERVAL_POOLS_20260618/Mn_NON_GEN_HARD640_FLAT_20260619/540545.cif","3836","2026-07-18T18:46:08.8297761Z","42c48a497e08f986fe3bbf97790b29b9d9e24c74ca52ef4964283877a5e5c8dc"
"gpu_mn_mg_cgcnn_20260803","experiments/active_learning/NON_GEN_INTERVAL_POOLS_20260618/Mn_NON_GEN_HARD640_FLAT_20260619/541777.cif","2171","2026-07-18T18:46:08.8307760Z","156ae21767083621c7fe3573179d8c1bdc7507090ed50f585e879017bd0a1fe0"
"gpu_mn_mg_cgcnn_20260803","experiments/active_learning/NON_GEN_INTERVAL_POOLS_20260618/Mn_NON_GEN_HARD640_FLAT_20260619/542064.cif","2895","2026-07-18T18:46:08.8317757Z","eb6f40c96a3667f723ef07d0d11457f0b59540aa657d5807c20f965aa57aae87"
"gpu_mn_mg_cgcnn_20260803","experiments/active_learning/NON_GEN_INTERVAL_POOLS_20260618/Mn_NON_GEN_HARD640_FLAT_20260619/542187.cif","1431","2026-07-18T18:46:08.8327764Z","3477363319a3ed25550528e5d1a3a727b6c0192c61021a34239f68b80c76e604"
"gpu_mn_mg_cgcnn_20260803","experiments/active_learning/NON_GEN_INTERVAL_POOLS_20260618/Mn_NON_GEN_HARD640_FLAT_20260619/542292.cif","2912","2026-07-18T18:46:08.8337759Z","a8def0b6e4bc40b558f1452736253aa2012ec2699d1a6098b7b095ae9ac65cec"
"gpu_mn_mg_cgcnn_20260803","experiments/active_learning/NON_GEN_INTERVAL_POOLS_20260618/Mn_NON_GEN_HARD640_FLAT_20260619/542399.cif","3770","2026-07-18T18:46:08.8337759Z","a5f2fa8ffd57bc2c190437d1d5c1be529ba394a0871d73af7018c8d13c5f88a6"
"gpu_mn_mg_cgcnn_20260803","experiments/active_learning/NON_GEN_INTERVAL_POOLS_20260618/Mn_NON_GEN_HARD640_FLAT_20260619/545769.cif","1747","2026-07-18T18:46:08.8347758Z","a6f6a790b49d72225332bc4a462d2aa15a20e128ab88e72e9492f4c071c7a412"
"gpu_mn_mg_cgcnn_20260803","experiments/active_learning/NON_GEN_INTERVAL_POOLS_20260618/Mn_NON_GEN_HARD640_FLAT_20260619/546339.cif","1214","2026-07-18T18:46:08.8357757Z","1e1f081c14858406900d528b1bc843f4f05f2b78c228249c6a5691a6fa3a4d8c"
"gpu_mn_mg_cgcnn_20260803","experiments/active_learning/NON_GEN_INTERVAL_POOLS_20260618/Mn_NON_GEN_HARD640_FLAT_20260619/546798.cif","1205","2026-07-18T18:46:08.8367760Z","d6d4316079f46c5a8c185c582e1ebf65e653775dea673c68715a274ba90bda4c"
"gpu_mn_mg_cgcnn_20260803","experiments/active_learning/NON_GEN_INTERVAL_POOLS_20260618/Mn_NON_GEN_HARD640_FLAT_20260619/554449.cif","2789","2026-07-18T18:46:08.8377756Z","feca9b1ee020b6bc37c541a9d5722d7925bcb8651c1e0835f451ea45d96a9523"
"gpu_mn_mg_cgcnn_20260803","experiments/active_learning/NON_GEN_INTERVAL_POOLS_20260618/Mn_NON_GEN_HARD640_FLAT_20260619/554477.cif","3231","2026-07-18T18:46:08.8387757Z","fd68e10feab6b91f5f65d6ca9515d02f053c7651c2d1f5b6ddaec6e3a94e685d"
"gpu_mn_mg_cgcnn_20260803","experiments/active_learning/NON_GEN_INTERVAL_POOLS_20260618/Mn_NON_GEN_HARD640_FLAT_20260619/554839.cif","2373","2026-07-18T18:46:08.8397753Z","b850277be602165dbc5f996be99cbfd5f10b696f7aabf3d4292fdd9424975f99"
"gpu_mn_mg_cgcnn_20260803","experiments/active_learning/NON_GEN_INTERVAL_POOLS_20260618/Mn_NON_GEN_HARD640_FLAT_20260619/555498.cif","2275","2026-07-18T18:46:08.8407761Z","02d7162f622d9a7257e7e7972d382bc0ad703fc8e2adc178f59abb17f36f52e5"
"gpu_mn_mg_cgcnn_20260803","experiments/active_learning/NON_GEN_INTERVAL_POOLS_20260618/Mn_NON_GEN_HARD640_FLAT_20260619/556391.cif","1442","2026-07-18T18:46:08.8407761Z","048e5568fb586cac4388601513a49d0d9d9c223a04ca6a2a1ad8d2fecbcec8b5"
"gpu_mn_mg_cgcnn_20260803","experiments/active_learning/NON_GEN_INTERVAL_POOLS_20260618/Mn_NON_GEN_HARD640_FLAT_20260619/556632.cif","1750","2026-07-18T18:46:08.8417760Z","f25aadac3dfee0590badb412f26763b3b07e3e90468975fce3265bd1206b8f86"
"gpu_mn_mg_cgcnn_20260803","experiments/active_learning/NON_GEN_INTERVAL_POOLS_20260618/Mn_NON_GEN_HARD640_FLAT_20260619/557447.cif","1820","2026-07-18T18:46:08.8437757Z","5757d4a9120dba7455f43314f6a24787d55097c7e670a64bd72ad325e2444106"
"gpu_mn_mg_cgcnn_20260803","experiments/active_learning/NON_GEN_INTERVAL_POOLS_20260618/Mn_NON_GEN_HARD640_FLAT_20260619/558201.cif","8556","2026-07-18T18:46:08.8447754Z","e3aeda08e237ca4e44b48380c2dc398118e448b8dab165a9b874e9b21efc822d"
"gpu_mn_mg_cgcnn_20260803","experiments/active_learning/NON_GEN_INTERVAL_POOLS_20260618/Mn_NON_GEN_HARD640_FLAT_20260619/558402.cif","2373","2026-07-18T18:46:08.8447754Z","792532f73241a34e8a87a006376f8c3c702afcc1f5dd3413d43faa4fda2244f8"
"gpu_mn_mg_cgcnn_20260803","experiments/active_learning/NON_GEN_INTERVAL_POOLS_20260618/Mn_NON_GEN_HARD640_FLAT_20260619/558651.cif","3438","2026-07-18T18:46:08.8457864Z","a5cf0ed1c574c86ac015fd8e66e05cdbe102ad285a3521827a7c44c250222f2a"
"gpu_mn_mg_cgcnn_20260803","experiments/active_learning/NON_GEN_INTERVAL_POOLS_20260618/Mn_NON_GEN_HARD640_FLAT_20260619/558892.cif","1524","2026-07-18T18:46:08.8467751Z","1a137e5ef826841aa95f2d626e09ab6e07364423368af84d6357f19972a5a26f"
"gpu_mn_mg_cgcnn_20260803","experiments/active_learning/NON_GEN_INTERVAL_POOLS_20260618/Mn_NON_GEN_HARD640_FLAT_20260619/558968.cif","8470","2026-07-18T18:46:08.8477843Z","b3bf83e242e9f231983c10f6623e0db5ae315b18edda51ec9d57118d0e3ee411"
"gpu_mn_mg_cgcnn_20260803","experiments/active_learning/NON_GEN_INTERVAL_POOLS_20260618/Mn_NON_GEN_HARD640_FLAT_20260619/558986.cif","4927","2026-07-18T18:46:08.8487850Z","b946ceb2eec085936a22e85c7f009137673c4545342f9ef37ed1c591f32ebe12"
"gpu_mn_mg_cgcnn_20260803","experiments/active_learning/NON_GEN_INTERVAL_POOLS_20260618/Mn_NON_GEN_HARD640_FLAT_20260619/559046.cif","5570","2026-07-18T18:46:08.8487850Z","8600790714169de667400db07ccec6154859315aed907bd477ccf5489520d255"
"gpu_mn_mg_cgcnn_20260803","experiments/active_learning/NON_GEN_INTERVAL_POOLS_20260618/Mn_NON_GEN_HARD640_FLAT_20260619/559195.cif","1861","2026-07-18T18:46:08.8497931Z","2e02f7815a811c76d8e1ed35d5971112dfff7891acbb92abb13c0ae857df3ca0"
"gpu_mn_mg_cgcnn_20260803","experiments/active_learning/NON_GEN_INTERVAL_POOLS_20260618/Mn_NON_GEN_HARD640_FLAT_20260619/559604.cif","3194","2026-07-18T18:46:08.8507766Z","6107cd4efe6b22262c3311997d6be233b16f77f4845278645c2c45e57d092da4"
"gpu_mn_mg_cgcnn_20260803","experiments/active_learning/NON_GEN_INTERVAL_POOLS_20260618/Mn_NON_GEN_HARD640_FLAT_20260619/560306.cif","4895","2026-07-18T18:46:08.8507766Z","4c677c03bcbc105f76475e832bd0db2c3746a66bb4eea35de5df3cd02a7ad73d"
"gpu_mn_mg_cgcnn_20260803","experiments/active_learning/NON_GEN_INTERVAL_POOLS_20260618/Mn_NON_GEN_HARD640_FLAT_20260619/560883.cif","2915","2026-07-18T18:46:08.8517774Z","528145560dc2eca8ade9fae44cf43434aa8ef280627fe849424ddf7e79a8e6e4"
"gpu_mn_mg_cgcnn_20260803","experiments/active_learning/NON_GEN_INTERVAL_POOLS_20260618/Mn_NON_GEN_HARD640_FLAT_20260619/560911.cif","5715","2026-07-18T18:46:08.8527761Z","b407596345028b30b6b57b80a111e5eefb39fb418931ef03e723207a83e16192"
"gpu_mn_mg_cgcnn_20260803","experiments/active_learning/NON_GEN_INTERVAL_POOLS_20260618/Mn_NON_GEN_HARD640_FLAT_20260619/560912.cif","2495","2026-07-18T18:46:08.8527761Z","89aaeb62e8e89d39ca31ad41040f0ca4f223e8026bbb5330e2d932a7885b82a3"
"gpu_mn_mg_cgcnn_20260803","experiments/active_learning/NON_GEN_INTERVAL_POOLS_20260618/Mn_NON_GEN_HARD640_FLAT_20260619/560917.cif","3303","2026-07-18T18:46:08.8537755Z","8bfbab3886f219c9534f2d2c7a841c9c3b24fa1c0c2403999704603cabe09578"
"gpu_mn_mg_cgcnn_20260803","experiments/active_learning/NON_GEN_INTERVAL_POOLS_20260618/Mn_NON_GEN_HARD640_FLAT_20260619/560955.cif","3757","2026-07-18T18:46:08.8557759Z","594f8738a9075cc6494eef8a71124590055266b9b2ab74b99809a80345b2799e"
"gpu_mn_mg_cgcnn_20260803","experiments/active_learning/NON_GEN_INTERVAL_POOLS_20260618/Mn_NON_GEN_HARD640_FLAT_20260619/561610.cif","1851","2026-07-18T18:46:08.8567760Z","fc43d0481663fff96cf4fff13c74a8f97a6f0fa976b071aaa8a6e3e237f0cc99"
"gpu_mn_mg_cgcnn_20260803","experiments/active_learning/NON_GEN_INTERVAL_POOLS_20260618/Mn_NON_GEN_HARD640_FLAT_20260619/562612.cif","1747","2026-07-18T18:46:08.8577754Z","f7fb0dccff722b73197416bfd646a0dd0dec0475bfcc5d8f1a752122c55da277"
"gpu_mn_mg_cgcnn_20260803","experiments/active_learning/NON_GEN_INTERVAL_POOLS_20260618/Mn_NON_GEN_HARD640_FLAT_20260619/565428.cif","1900","2026-07-18T18:46:08.8587759Z","42740675901fcef901d652f0d5ab2ccceacc77da2994db84f70adab513a8540f"
"gpu_mn_mg_cgcnn_20260803","experiments/active_learning/NON_GEN_INTERVAL_POOLS_20260618/Mn_NON_GEN_HARD640_FLAT_20260619/572800.cif","2073","2026-07-18T18:46:08.8607756Z","96eaad9c526c28cba27f5914116d5f8fa8c6abd2f5c582e80160df28e7a763f2"
"gpu_mn_mg_cgcnn_20260803","experiments/active_learning/NON_GEN_INTERVAL_POOLS_20260618/Mn_NON_GEN_HARD640_FLAT_20260619/573229.cif","2074","2026-07-18T18:46:08.8627766Z","6f02fe4cff23b8da32605f11065eddfad994962658430f7d9e13bf2b1ab3e43a"
"gpu_mn_mg_cgcnn_20260803","experiments/active_learning/NON_GEN_INTERVAL_POOLS_20260618/Mn_NON_GEN_HARD640_FLAT_20260619/573318.cif","2102","2026-07-18T18:46:08.8637771Z","8cd59242882ef0f3f59383da01bc2c2ab7893d5065e3d6c86e481a0cf3139640"
"gpu_mn_mg_cgcnn_20260803","experiments/active_learning/NON_GEN_INTERVAL_POOLS_20260618/Mn_NON_GEN_HARD640_FLAT_20260619/579071.cif","1960","2026-07-18T18:46:08.8657756Z","47770c6d9d755b40306617788258c6d1f43267c64e9ef285adc8154edf585400"
"gpu_mn_mg_cgcnn_20260803","experiments/active_learning/NON_GEN_INTERVAL_POOLS_20260618/Mn_NON_GEN_HARD640_FLAT_20260619/616160.cif","5077","2026-07-18T18:46:08.8657756Z","0cfd68c2714a09761cf91a95224a0527f6c5e93664ab9dccb937f01ea206b168"
"gpu_mn_mg_cgcnn_20260803","experiments/active_learning/NON_GEN_INTERVAL_POOLS_20260618/Mn_NON_GEN_HARD640_FLAT_20260619/616555.cif","1829","2026-07-18T18:46:08.8677794Z","875e817eb29e37d49c667dd559290d1df3a46ba60fba4fe28d811d16c0b4499e"
"gpu_mn_mg_cgcnn_20260803","experiments/active_learning/NON_GEN_INTERVAL_POOLS_20260618/Mn_NON_GEN_HARD640_FLAT_20260619/623924.cif","3199","2026-07-18T18:46:08.8677794Z","df5e11cf5eb446009b30a0164377d25b55a35af57275f1daf4534e99000e0303"
"gpu_mn_mg_cgcnn_20260803","experiments/active_learning/NON_GEN_INTERVAL_POOLS_20260618/Mn_NON_GEN_HARD640_FLAT_20260619/630403.cif","2592","2026-07-18T18:46:08.8697785Z","a6634a19799af730900d8f9bd390894be2a60de4d2ef9b114422de3a73f0596e"
"gpu_mn_mg_cgcnn_20260803","experiments/active_learning/NON_GEN_INTERVAL_POOLS_20260618/Mn_NON_GEN_HARD640_FLAT_20260619/631350.cif","3199","2026-07-18T18:46:08.8697785Z","240a8f032e0d93ac3e5d22a2c4cfd66ac97c6d6bf8ce97582e65f8b151da6cfb"
"gpu_mn_mg_cgcnn_20260803","experiments/active_learning/NON_GEN_INTERVAL_POOLS_20260618/Mn_NON_GEN_HARD640_FLAT_20260619/637244.cif","5947","2026-07-18T18:46:08.8707787Z","751ba10d7d300112bb9f466172951fe596e46b68004b5e8c8a47d1fb588f6ce1"
"gpu_mn_mg_cgcnn_20260803","experiments/active_learning/NON_GEN_INTERVAL_POOLS_20260618/Mn_NON_GEN_HARD640_FLAT_20260619/637502.cif","5946","2026-07-18T18:46:08.8717797Z","db7522946fd88ea1af78045e6e6188c4e73644e02275cd73d72f52911ddb09fe"
"gpu_mn_mg_cgcnn_20260803","experiments/active_learning/NON_GEN_INTERVAL_POOLS_20260618/Mn_NON_GEN_HARD640_FLAT_20260619/643670.cif","9548","2026-07-18T18:46:08.8727789Z","e572dd9d0b741432c62b23f39869d0a7ac1777098e51e2bbe11206b5ec2d5f40"
"gpu_mn_mg_cgcnn_20260803","experiments/active_learning/NON_GEN_INTERVAL_POOLS_20260618/Mn_NON_GEN_HARD640_FLAT_20260619/648164.cif","1893","2026-07-18T18:46:08.8737795Z","ce449646546599b3f49937f210a1667b10930b938c9b3bc9bd796dcdc672f44a"
"gpu_mn_mg_cgcnn_20260803","experiments/active_learning/NON_GEN_INTERVAL_POOLS_20260618/Mn_NON_GEN_HARD640_FLAT_20260619/650943.cif","4456","2026-07-18T18:46:08.8747792Z","e629793192c52092840a3b664f86822aa4456a27988a56eb91b7ba52f4a22cfa"
"gpu_mn_mg_cgcnn_20260803","experiments/active_learning/NON_GEN_INTERVAL_POOLS_20260618/Mn_NON_GEN_HARD640_FLAT_20260619/651122.cif","7835","2026-07-18T18:46:08.8764252Z","fa9b33dcda88330d2ddb8e449d01948f182933174a10620b2a757139c600b10d"
"gpu_mn_mg_cgcnn_20260803","experiments/active_learning/NON_GEN_INTERVAL_POOLS_20260618/Mn_NON_GEN_HARD640_FLAT_20260619/651406.cif","9553","2026-07-18T18:46:08.8774289Z","33f97b9313afe0c4736d47a345aaab20d0e54fd392f6ca53e84e6dc823a76bc4"
"gpu_mn_mg_cgcnn_20260803","experiments/active_learning/NON_GEN_INTERVAL_POOLS_20260618/Mn_NON_GEN_HARD640_FLAT_20260619/651786.cif","3721","2026-07-18T18:46:08.8784285Z","f951a5bd9cbfb622d2a67f07506e964daa40b17f98407577a82d7989d7148373"
"gpu_mn_mg_cgcnn_20260803","experiments/active_learning/NON_GEN_INTERVAL_POOLS_20260618/Mn_NON_GEN_HARD640_FLAT_20260619/653429.cif","2920","2026-07-18T18:46:08.8794284Z","db3950ea517881ae0d6782415a65d4eec9e2da8e4275e4d5e8447e9196df18ef"
"gpu_mn_mg_cgcnn_20260803","experiments/active_learning/NON_GEN_INTERVAL_POOLS_20260618/Mn_NON_GEN_HARD640_FLAT_20260619/655140.cif","1941","2026-07-18T18:46:08.8794284Z","923c06e092aaed49f4f72c9ace457468b7320c250f84df69a8c63733a2aa6956"
"gpu_mn_mg_cgcnn_20260803","experiments/active_learning/NON_GEN_INTERVAL_POOLS_20260618/Mn_NON_GEN_HARD640_FLAT_20260619/683652.cif","3207","2026-07-18T18:46:08.8809325Z","57cb898509fc91d96e396d3db9f8170d81bd4a682270ddd94b5f1cf469cf7380"
"gpu_mn_mg_cgcnn_20260803","experiments/active_learning/NON_GEN_INTERVAL_POOLS_20260618/Mn_NON_GEN_HARD640_FLAT_20260619/683668.cif","3213","2026-07-18T18:46:08.8819366Z","0717db32537acb2fd4abd1b8006d82b82b247d03b925542a53802237374b5c3e"
"gpu_mn_mg_cgcnn_20260803","experiments/active_learning/NON_GEN_INTERVAL_POOLS_20260618/Mn_NON_GEN_HARD640_FLAT_20260619/683791.cif","3213","2026-07-18T18:46:08.8829362Z","bef0c594982023a60ea0e1c5d8728f5defe598bda53f3fdb5006517a4f3833b2"
"gpu_mn_mg_cgcnn_20260803","experiments/active_learning/NON_GEN_INTERVAL_POOLS_20260618/Mn_NON_GEN_HARD640_FLAT_20260619/684705.cif","1749","2026-07-18T18:46:08.8839366Z","64fb2839235a81736a1f7545df6e44ad6ff062c5a99cc54195f0f4b278a869f1"
"gpu_mn_mg_cgcnn_20260803","experiments/active_learning/NON_GEN_INTERVAL_POOLS_20260618/Mn_NON_GEN_HARD640_FLAT_20260619/684803.cif","2229","2026-07-18T18:46:08.8849376Z","bb1a11c30c43cc497e720200e37b84e89b2230c6b727950db5421ed85703d572"
"gpu_mn_mg_cgcnn_20260803","experiments/active_learning/NON_GEN_INTERVAL_POOLS_20260618/Mn_NON_GEN_HARD640_FLAT_20260619/690556.cif","1749","2026-07-18T18:46:08.8849376Z","b655c2d2251e5c178d371a611b2ecb0e0b8a603772a6425166d037d7de5fe691"
"gpu_mn_mg_cgcnn_20260803","experiments/active_learning/NON_GEN_INTERVAL_POOLS_20260618/Mn_NON_GEN_HARD640_FLAT_20260619/690564.cif","2275","2026-07-18T18:46:08.8859366Z","47cc7a5671295405cbe527a9c67e0e760152332c70f2e17ec4f13b459afe93f0"
"gpu_mn_mg_cgcnn_20260803","experiments/active_learning/NON_GEN_INTERVAL_POOLS_20260618/Mn_NON_GEN_HARD640_FLAT_20260619/690617.cif","1961","2026-07-18T18:46:08.8869369Z","dd995bbcb82dd5046cff4df477fec6334101926d74230ee58248fb3ef4ef01a1"
"gpu_mn_mg_cgcnn_20260803","experiments/active_learning/NON_GEN_INTERVAL_POOLS_20260618/Mn_NON_GEN_HARD640_FLAT_20260619/694915.cif","1749","2026-07-18T18:46:08.8879364Z","7e490d18a208925b2d5b0293b159228fe5d5682f15868f54076e5295e399b549"
"gpu_mn_mg_cgcnn_20260803","experiments/active_learning/NON_GEN_INTERVAL_POOLS_20260618/Mn_NON_GEN_HARD640_FLAT_20260619/694988.cif","4913","2026-07-18T18:46:08.8889369Z","9b5481aa2e84bda883a0dd8dd51b955cba42da9fb41eff4e2e772f3647d93933"
"gpu_mn_mg_cgcnn_20260803","experiments/active_learning/NON_GEN_INTERVAL_POOLS_20260618/Mn_NON_GEN_HARD640_FLAT_20260619/695044.cif","2807","2026-07-18T18:46:08.8899370Z","e6e67e00863f9b9d28d2e9752c6ad202f36cf03a9273a73b820b404794b11306"
"gpu_mn_mg_cgcnn_20260803","experiments/active_learning/NON_GEN_INTERVAL_POOLS_20260618/Mn_NON_GEN_HARD640_FLAT_20260619/696630.cif","1841","2026-07-18T18:46:08.8909378Z","5845e9b133b197374a93d6223dc4e895bdabcc7fac98b22951d91f11f8568e1f"
"gpu_mn_mg_cgcnn_20260803","experiments/active_learning/NON_GEN_INTERVAL_POOLS_20260618/Mn_NON_GEN_HARD640_FLAT_20260619/697820.cif","2806","2026-07-18T18:46:08.8919376Z","fb47b53959f8fa47fef3417234acbe0b626236617541a03dd088798e5512777d"
"gpu_mn_mg_cgcnn_20260803","experiments/active_learning/NON_GEN_INTERVAL_POOLS_20260618/Mn_NON_GEN_HARD640_FLAT_20260619/699041.cif","5986","2026-07-18T18:46:08.8929375Z","730c33691fbdf26b04b699e7d7daf29ea6804017f527cae89dc0472f9e7f5561"
"gpu_mn_mg_cgcnn_20260803","experiments/active_learning/NON_GEN_INTERVAL_POOLS_20260618/Mn_NON_GEN_HARD640_FLAT_20260619/699691.cif","2915","2026-07-18T18:46:08.8939378Z","6d02b584e6071705abdcf215a723ab6aacf9fda49c6f7fc4c44eb1e81e055822"
"gpu_mn_mg_cgcnn_20260803","experiments/active_learning/NON_GEN_INTERVAL_POOLS_20260618/Mn_NON_GEN_HARD640_FLAT_20260619/703684.cif","2903","2026-07-18T18:46:08.8949369Z","0fb70296f98048d88f105d1638bf45dc264b00ac28867b6e71c4c14d673e68dd"
"gpu_mn_mg_cgcnn_20260803","experiments/active_learning/NON_GEN_INTERVAL_POOLS_20260618/Mn_NON_GEN_HARD640_FLAT_20260619/704255.cif","10203","2026-07-18T18:46:08.8949369Z","074d7554bfcce91f893731d2ac7e5698559d2454bc70ece1430c6d5aae564cd4"
"gpu_mn_mg_cgcnn_20260803","experiments/active_learning/NON_GEN_INTERVAL_POOLS_20260618/Mn_NON_GEN_HARD640_FLAT_20260619/705288.cif","2816","2026-07-18T18:46:08.8959381Z","8abfee1d1e2d77110e88c135f64c1e43956fb91e79a289c4515694f3a0f1b3ed"
"gpu_mn_mg_cgcnn_20260803","experiments/active_learning/NON_GEN_INTERVAL_POOLS_20260618/Mn_NON_GEN_HARD640_FLAT_20260619/706246.cif","5987","2026-07-18T18:46:08.8969375Z","646287f0bb4e9f2f00aa6d45b63555a84a88c845726d0bfa91d5d2689d5c3e0d"
"gpu_mn_mg_cgcnn_20260803","experiments/active_learning/NON_GEN_INTERVAL_POOLS_20260618/Mn_NON_GEN_HARD640_FLAT_20260619/706248.cif","3873","2026-07-18T18:46:08.8979377Z","8fc2884e0eb9485928ac1cddb82d5f847592d9fa52d3bfaa501c140d24c859b3"
"gpu_mn_mg_cgcnn_20260803","experiments/active_learning/NON_GEN_INTERVAL_POOLS_20260618/Mn_NON_GEN_HARD640_FLAT_20260619/707875.cif","3811","2026-07-18T18:46:08.8989370Z","f60dfaf495a8d6bb92d925210f7e9ed1f10bddc431b4db76a7eb0308011910d9"
"gpu_mn_mg_cgcnn_20260803","experiments/active_learning/NON_GEN_INTERVAL_POOLS_20260618/Mn_NON_GEN_HARD640_FLAT_20260619/720103.cif","3348","2026-07-18T18:46:08.8999366Z","ffdff9f084a9bb085fc4fe13baba3b9130d8fd0d1d9dbfae80c5a93cb1c3965a"
"gpu_mn_mg_cgcnn_20260803","experiments/active_learning/NON_GEN_INTERVAL_POOLS_20260618/Mn_NON_GEN_HARD640_FLAT_20260619/720196.cif","2800","2026-07-18T18:46:08.9009444Z","84499f385b2b2feebb55ce4b20ec0b9765c240a944b560a4b382e6b87b9b148a"
"gpu_mn_mg_cgcnn_20260803","experiments/active_learning/NON_GEN_INTERVAL_POOLS_20260618/Mn_NON_GEN_HARD640_FLAT_20260619/721172.cif","3654","2026-07-18T18:46:08.9019368Z","83c52b0f2f9ba10b3c37b4ac5336b699ed4750f006b33bf95bc86e6f07e5fbd4"
"gpu_mn_mg_cgcnn_20260803","experiments/active_learning/NON_GEN_INTERVAL_POOLS_20260618/Mn_NON_GEN_HARD640_FLAT_20260619/726800.cif","2337","2026-07-18T18:46:08.9019368Z","6891fd8e1c37c27fdedc93f0845aa9c62a6cfac5dcf91fc5d1267195a5c91980"
"gpu_mn_mg_cgcnn_20260803","experiments/active_learning/NON_GEN_INTERVAL_POOLS_20260618/Mn_NON_GEN_HARD640_FLAT_20260619/727111.cif","3618","2026-07-18T18:46:08.9029362Z","2f1750db772a484e4453d7f2e8ca0a79f539e602f0afd8375f583b0be59ff529"
"gpu_mn_mg_cgcnn_20260803","experiments/active_learning/NON_GEN_INTERVAL_POOLS_20260618/Mn_NON_GEN_HARD640_FLAT_20260619/728301.cif","2463","2026-07-18T18:46:08.9039366Z","46180844d36aa34681822ba23e894b364f3e3ccb3caabbc9af12b34ac2b26a8f"
"gpu_mn_mg_cgcnn_20260803","experiments/active_learning/NON_GEN_INTERVAL_POOLS_20260618/Mn_NON_GEN_HARD640_FLAT_20260619/729027.cif","5519","2026-07-18T18:46:08.9049365Z","ba63c3b4f8025007e43c509d90315911cd0dd412a748162aba79c48ff5f4246c"
"gpu_mn_mg_cgcnn_20260803","experiments/active_learning/NON_GEN_INTERVAL_POOLS_20260618/Mn_NON_GEN_HARD640_FLAT_20260619/729033.cif","6173","2026-07-18T18:46:08.9059378Z","56615e2b4a98c9d6e60c2f95e48d678a0fef62551286ad8d5f490e6d384816bf"
"gpu_mn_mg_cgcnn_20260803","experiments/active_learning/NON_GEN_INTERVAL_POOLS_20260618/Mn_NON_GEN_HARD640_FLAT_20260619/729389.cif","5422","2026-07-18T18:46:08.9069368Z","15399edc34f462dd38fc209bdf6b7b3e1bcd2b3afcb65778a1fd0dad04c032b3"
"gpu_mn_mg_cgcnn_20260803","experiments/active_learning/NON_GEN_INTERVAL_POOLS_20260618/Mn_NON_GEN_HARD640_FLAT_20260619/729824.cif","9329","2026-07-18T18:46:08.9079372Z","b47949105732e6ce7f3551e209c4a3250b465df15dae41c6ffee5c7332664e9d"
"gpu_mn_mg_cgcnn_20260803","experiments/active_learning/NON_GEN_INTERVAL_POOLS_20260618/Mn_NON_GEN_HARD640_FLAT_20260619/731668.cif","2274","2026-07-18T18:46:08.9089374Z","520fe70d6404ac1e35f611cb0b50162682c72b4d044a2947c42b9bc7d8824f0a"
"gpu_mn_mg_cgcnn_20260803","experiments/active_learning/NON_GEN_INTERVAL_POOLS_20260618/Mn_NON_GEN_HARD640_FLAT_20260619/733680.cif","5340","2026-07-18T18:46:08.9099373Z","47e74e5a691f7fa807fcfeb4386189cf5e8fbfbddc92e9674126210fd17f5b6e"
"gpu_mn_mg_cgcnn_20260803","experiments/active_learning/NON_GEN_INTERVAL_POOLS_20260618/Mn_NON_GEN_HARD640_FLAT_20260619/735626.cif","7216","2026-07-18T18:46:08.9109376Z","c6a0a795217de39da0d1d441cbaa23b1ad7e16dfb33d71678a15c811e7e00f0e"
"gpu_mn_mg_cgcnn_20260803","experiments/active_learning/NON_GEN_INTERVAL_POOLS_20260618/Mn_NON_GEN_HARD640_FLAT_20260619/743698.cif","2816","2026-07-18T18:46:08.9119370Z","e0c116dfd0a64bd5469e3716f6f5f995ef675ab9d9780f2016c1ce6e823b429d"
"gpu_mn_mg_cgcnn_20260803","experiments/active_learning/NON_GEN_INTERVAL_POOLS_20260618/Mn_NON_GEN_HARD640_FLAT_20260619/743838.cif","3875","2026-07-18T18:46:08.9129369Z","200b7233ce6ddd5aeaec680a4e79879094a8104ac7cd15b2fb8b6ecb37fd4a5a"
"gpu_mn_mg_cgcnn_20260803","experiments/active_learning/NON_GEN_INTERVAL_POOLS_20260618/Mn_NON_GEN_HARD640_FLAT_20260619/744084.cif","2573","2026-07-18T18:46:08.9139367Z","b16c2f4eaf3034820b482b73c9e6fa9d84d9d223e31262d44ad2f67d35a3dbac"
"gpu_mn_mg_cgcnn_20260803","experiments/active_learning/NON_GEN_INTERVAL_POOLS_20260618/Mn_NON_GEN_HARD640_FLAT_20260619/745107.cif","3027","2026-07-18T18:46:08.9149376Z","3ddfb2bfb9cc352c94194afc8530f45bec73180fea53472c57b27bd79b814cbb"
"gpu_mn_mg_cgcnn_20260803","experiments/active_learning/NON_GEN_INTERVAL_POOLS_20260618/Mn_NON_GEN_HARD640_FLAT_20260619/746793.cif","5143","2026-07-18T18:46:08.9159372Z","3e627232c3f5e9761f5827e58b2ad28b6e858493f19c2adda513a01257e01d26"
"gpu_mn_mg_cgcnn_20260803","experiments/active_learning/NON_GEN_INTERVAL_POOLS_20260618/Mn_NON_GEN_HARD640_FLAT_20260619/753545.cif","2183","2026-07-18T18:46:08.9159372Z","a83bc889b7243251275c22bda9406fb2e3502048b1442f33736b15edbba593a9"
"gpu_mn_mg_cgcnn_20260803","experiments/active_learning/NON_GEN_INTERVAL_POOLS_20260618/Mn_NON_GEN_HARD640_FLAT_20260619/753882.cif","2068","2026-07-18T18:46:08.9169366Z","a8e889f1dfaa47f40554ca941344c0b6e956b568a59005b117a0b02e740b34f2"
"gpu_mn_mg_cgcnn_20260803","experiments/active_learning/NON_GEN_INTERVAL_POOLS_20260618/Mn_NON_GEN_HARD640_FLAT_20260619/754076.cif","2185","2026-07-18T18:46:08.9179366Z","546281e68f8f1b9ffd457d69266b9db82ebf32e173af0b0fe17d89211d5515fc"
"gpu_mn_mg_cgcnn_20260803","experiments/active_learning/NON_GEN_INTERVAL_POOLS_20260618/Mn_NON_GEN_HARD640_FLAT_20260619/754649.cif","1723","2026-07-18T18:46:08.9189377Z","a225248c5c44f682bff0fec81a086119d054acf533171c7318a5af8b0b352a3b"
"gpu_mn_mg_cgcnn_20260803","experiments/active_learning/NON_GEN_INTERVAL_POOLS_20260618/Mn_NON_GEN_HARD640_FLAT_20260619/755012.cif","2185","2026-07-18T18:46:08.9199370Z","a2c1b57d0e5b2609506300bbac62927d325a6ad3dee0ab86d7dac8db38cd1031"
"gpu_mn_mg_cgcnn_20260803","experiments/active_learning/NON_GEN_INTERVAL_POOLS_20260618/Mn_NON_GEN_HARD640_FLAT_20260619/756399.cif","2183","2026-07-18T18:46:08.9209371Z","bf0847d0309e933a41f827c48e648ea86881d4ad281d8cc760bec08e47746ec2"
"gpu_mn_mg_cgcnn_20260803","experiments/active_learning/NON_GEN_INTERVAL_POOLS_20260618/Mn_NON_GEN_HARD640_FLAT_20260619/756893.cif","1626","2026-07-18T18:46:08.9209371Z","d9022c0f0a6f387a1ac776e6f01b49d0b55b1aae7657669ae152c973a07be391"
"gpu_mn_mg_cgcnn_20260803","experiments/active_learning/NON_GEN_INTERVAL_POOLS_20260618/Mn_NON_GEN_HARD640_FLAT_20260619/757046.cif","3427","2026-07-18T18:46:08.9229365Z","2aa8f07c5320bdec688d279c303171def5f7a3c75c5109388aa17cd5e1dc71bd"
"gpu_mn_mg_cgcnn_20260803","experiments/active_learning/NON_GEN_INTERVAL_POOLS_20260618/Mn_NON_GEN_HARD640_FLAT_20260619/757178.cif","3442","2026-07-18T18:46:08.9239368Z","397e19c8f2a11bced09e6fc63b9847d8d7ba53270d973a97b49d2b349144db38"
"gpu_mn_mg_cgcnn_20260803","experiments/active_learning/NON_GEN_INTERVAL_POOLS_20260618/Mn_NON_GEN_HARD640_FLAT_20260619/757199.cif","1751","2026-07-18T18:46:08.9249366Z","6d2f0da29b43e23b3d9c4940cba618da818d5dc93abc4dc6973d30d68b1db9d2"
"gpu_mn_mg_cgcnn_20260803","experiments/active_learning/NON_GEN_INTERVAL_POOLS_20260618/Mn_NON_GEN_HARD640_FLAT_20260619/757236.cif","2073","2026-07-18T18:46:08.9259365Z","62daefd578c5efeb068d7f78f15b905b8e0fda9c20fc73aca78a402332bf964c"
"gpu_mn_mg_cgcnn_20260803","experiments/active_learning/NON_GEN_INTERVAL_POOLS_20260618/Mn_NON_GEN_HARD640_FLAT_20260619/757284.cif","2584","2026-07-18T18:46:08.9269361Z","2f1880ea994234727caa3baccb372325e767c51354fc48c47199d0c7441c1c40"
"gpu_mn_mg_cgcnn_20260803","experiments/active_learning/NON_GEN_INTERVAL_POOLS_20260618/Mn_NON_GEN_HARD640_FLAT_20260619/757439.cif","2584","2026-07-18T18:46:08.9269361Z","016c689d8f33d039e76855318135704f5ec97bfebaddf55667bdf6010ec80f65"
"gpu_mn_mg_cgcnn_20260803","experiments/active_learning/NON_GEN_INTERVAL_POOLS_20260618/Mn_NON_GEN_HARD640_FLAT_20260619/757703.cif","2584","2026-07-18T18:46:08.9279360Z","0c25f80ba938d8281fb0e3eb7aee3787774b68c30fd759a250ec958bd58cb4b8"
"gpu_mn_mg_cgcnn_20260803","experiments/active_learning/NON_GEN_INTERVAL_POOLS_20260618/Mn_NON_GEN_HARD640_FLAT_20260619/757903.cif","1957","2026-07-18T18:46:08.9289366Z","70309d12e91576d4bbc9892b28f4e8f42443561f1574ba9001234748526e65e0"
"gpu_mn_mg_cgcnn_20260803","experiments/active_learning/NON_GEN_INTERVAL_POOLS_20260618/Mn_NON_GEN_HARD640_FLAT_20260619/758211.cif","2183","2026-07-18T18:46:08.9299369Z","2532a1937e0988e8400615abe7992875a899c0a32d776feccf0a7c74d9fa2d4f"
"gpu_mn_mg_cgcnn_20260803","experiments/active_learning/NON_GEN_INTERVAL_POOLS_20260618/Mn_NON_GEN_HARD640_FLAT_20260619/758256.cif","2584","2026-07-18T18:46:08.9309369Z","a3a05edb6420cbf33334c39db2358a8bb316bfc353e4ee6fe38b7009d9fa55aa"
"gpu_mn_mg_cgcnn_20260803","experiments/active_learning/NON_GEN_INTERVAL_POOLS_20260618/Mn_NON_GEN_HARD640_FLAT_20260619/758293.cif","2584","2026-07-18T18:46:08.9319374Z","2b8048f204c197f14bd6e060fd2bde54710e72f3c39c00147617ebf7d135e78a"
"gpu_mn_mg_cgcnn_20260803","experiments/active_learning/NON_GEN_INTERVAL_POOLS_20260618/Mn_NON_GEN_HARD640_FLAT_20260619/758445.cif","2810","2026-07-18T18:46:08.9329370Z","821c4afcbb69dfd1f0611c5a26fe06eb8600fa613b6684995135ebd193d9b680"
"gpu_mn_mg_cgcnn_20260803","experiments/active_learning/NON_GEN_INTERVAL_POOLS_20260618/Mn_NON_GEN_HARD640_FLAT_20260619/759559.cif","2173","2026-07-18T18:46:08.9339368Z","d06a436ff4be8092dbf794a926e1ec3a9c34231b1a06115517ffe115b4d94044"
"gpu_mn_mg_cgcnn_20260803","experiments/active_learning/NON_GEN_INTERVAL_POOLS_20260618/Mn_NON_GEN_HARD640_FLAT_20260619/759656.cif","2267","2026-07-18T18:46:08.9349363Z","7de2e33fb90376b3e16fe6b1892d7e45dbd3bbb7c397deaefad78ebb244b64d3"
"gpu_mn_mg_cgcnn_20260803","experiments/active_learning/NON_GEN_INTERVAL_POOLS_20260618/Mn_NON_GEN_HARD640_FLAT_20260619/759748.cif","3753","2026-07-18T18:46:08.9359363Z","2410284578b634526fdc86701c972e95ac3cfac39294c86682812975321c1dbd"
"gpu_mn_mg_cgcnn_20260803","experiments/active_learning/NON_GEN_INTERVAL_POOLS_20260618/Mn_NON_GEN_HARD640_FLAT_20260619/759934.cif","3416","2026-07-18T18:46:08.9369368Z","99904aa75716d7691c25625491f1606b04077234f9b18e98acddf42e1b431f03"
"gpu_mn_mg_cgcnn_20260803","experiments/active_learning/NON_GEN_INTERVAL_POOLS_20260618/Mn_NON_GEN_HARD640_FLAT_20260619/759967.cif","2472","2026-07-18T18:46:08.9379377Z","4ec73bfcf90882be26df1cb33978288b55eb35733c0705ce71032e2a597e86b9"
"gpu_mn_mg_cgcnn_20260803","experiments/active_learning/NON_GEN_INTERVAL_POOLS_20260618/Mn_NON_GEN_HARD640_FLAT_20260619/759992.cif","4466","2026-07-18T18:46:08.9379377Z","fe7a8fa07fc96e995eb0a6fbd7ee465ccd817482ccfbf07022c98457b12592dc"
"gpu_mn_mg_cgcnn_20260803","experiments/active_learning/NON_GEN_INTERVAL_POOLS_20260618/Mn_NON_GEN_HARD640_FLAT_20260619/760023.cif","2479","2026-07-18T18:46:08.9399378Z","ea3deddb494d220f1d09212791d95ac3bff634eda98267d460ac7a715f0a99f8"
"gpu_mn_mg_cgcnn_20260803","experiments/active_learning/NON_GEN_INTERVAL_POOLS_20260618/Mn_NON_GEN_HARD640_FLAT_20260619/760033.cif","2846","2026-07-18T18:46:08.9409365Z","33d2eac23ab8462a71e49b06a9358fc70c25d18fbf73f3d136e985dd1c5c8143"
"gpu_mn_mg_cgcnn_20260803","experiments/active_learning/NON_GEN_INTERVAL_POOLS_20260618/Mn_NON_GEN_HARD640_FLAT_20260619/761556.cif","995","2026-07-18T18:46:08.9419371Z","38b0e4addb954e70b08c3c0b973f0686abbcf1ca01f39f66bbed1e4e68491b87"
"gpu_mn_mg_cgcnn_20260803","experiments/active_learning/NON_GEN_INTERVAL_POOLS_20260618/Mn_NON_GEN_HARD640_FLAT_20260619/764245.cif","1957","2026-07-18T18:46:08.9429365Z","58021e4ae4fae1ceff334486393ae1a3445de1ee310d1d9e3c24014e939f17c0"
"gpu_mn_mg_cgcnn_20260803","experiments/active_learning/NON_GEN_INTERVAL_POOLS_20260618/Mn_NON_GEN_HARD640_FLAT_20260619/764613.cif","2173","2026-07-18T18:46:08.9439369Z","b6dd802c42101c9a0ad1cfb2a1c554ca9b4e1dd13432a47dc62f0ee5ff7866a4"
"gpu_mn_mg_cgcnn_20260803","experiments/active_learning/NON_GEN_INTERVAL_POOLS_20260618/Mn_NON_GEN_HARD640_FLAT_20260619/764870.cif","5126","2026-07-18T18:46:08.9439369Z","38ac0799b475b051b30830df2f7c6aeff18dc2865f88fb20d4b77154d0aa8724"
"gpu_mn_mg_cgcnn_20260803","experiments/active_learning/NON_GEN_INTERVAL_POOLS_20260618/Mn_NON_GEN_HARD640_FLAT_20260619/766468.cif","2599","2026-07-18T18:46:08.9449374Z","c60bbb39827b7ddac4efcd74e8de40f38b2265e011839dc975b5b7654fe66e81"
"gpu_mn_mg_cgcnn_20260803","experiments/active_learning/NON_GEN_INTERVAL_POOLS_20260618/Mn_NON_GEN_HARD640_FLAT_20260619/766470.cif","2599","2026-07-18T18:46:08.9459369Z","0c46f4d4d568aa4d641c2aab82f6335f52cfb44d026b250dac4c1bdfe6820d2b"
"gpu_mn_mg_cgcnn_20260803","experiments/active_learning/NON_GEN_INTERVAL_POOLS_20260618/Mn_NON_GEN_HARD640_FLAT_20260619/766498.cif","2369","2026-07-18T18:46:08.9469368Z","831356c4c63b82f51075fa1210de59349db94c062e39088d8b143297f361229c"
"gpu_mn_mg_cgcnn_20260803","experiments/active_learning/NON_GEN_INTERVAL_POOLS_20260618/Mn_NON_GEN_HARD640_FLAT_20260619/766510.cif","3447","2026-07-18T18:46:08.9479363Z","ee8ce6386b7fe720413b8b23ea04bc5ac106128e2490ef99a9e8eefe4a27c672"
"gpu_mn_mg_cgcnn_20260803","experiments/active_learning/NON_GEN_INTERVAL_POOLS_20260618/Mn_NON_GEN_HARD640_FLAT_20260619/766531.cif","3447","2026-07-18T18:46:08.9489363Z","b7ecc719a62945f4cf8a24416403bae9b833607f413bc9fe26696e1e309b8b18"
"gpu_mn_mg_cgcnn_20260803","experiments/active_learning/NON_GEN_INTERVAL_POOLS_20260618/Mn_NON_GEN_HARD640_FLAT_20260619/766616.cif","3426","2026-07-18T18:46:08.9499363Z","90be4c1d06fe049b698663cec8133c110cd659228a2c6cbe1aa19126d58e4eb5"
"gpu_mn_mg_cgcnn_20260803","experiments/active_learning/NON_GEN_INTERVAL_POOLS_20260618/Mn_NON_GEN_HARD640_FLAT_20260619/767054.cif","3978","2026-07-18T18:46:08.9509377Z","579a61dc652f2d54789eccb0b61c31d8bd953559803ba205e9da9cb43c9d310f"
"gpu_mn_mg_cgcnn_20260803","experiments/active_learning/NON_GEN_INTERVAL_POOLS_20260618/Mn_NON_GEN_HARD640_FLAT_20260619/768579.cif","1949","2026-07-18T18:46:08.9519366Z","eae1caea0a8cfbe13135b0157579860239ed538338922b9beb70dcd40ab0c4c8"
"gpu_mn_mg_cgcnn_20260803","experiments/active_learning/NON_GEN_INTERVAL_POOLS_20260618/Mn_NON_GEN_HARD640_FLAT_20260619/768606.cif","3223","2026-07-18T18:46:08.9529360Z","b5ab6833c7b225d3ecb30ab4e0fdbfdc25ccca01b88945507f4e90868d33c0c9"
"gpu_mn_mg_cgcnn_20260803","experiments/active_learning/NON_GEN_INTERVAL_POOLS_20260618/Mn_NON_GEN_HARD640_FLAT_20260619/769455.cif","3978","2026-07-18T18:46:08.9539368Z","c13d851a2fa9f11446b8072b081bd4362f4b5d9a9806a243a9fa1f5c1bd4d4c6"
"gpu_mn_mg_cgcnn_20260803","experiments/active_learning/NON_GEN_INTERVAL_POOLS_20260618/Mn_NON_GEN_HARD640_FLAT_20260619/769474.cif","3210","2026-07-18T18:46:08.9539368Z","b8fea4e1ac7a6cf2bf42452e0571c96b5fc017cf0e99c658ed211af4a38efeb7"
"gpu_mn_mg_cgcnn_20260803","experiments/active_learning/NON_GEN_INTERVAL_POOLS_20260618/Mn_NON_GEN_HARD640_FLAT_20260619/770412.cif","1524","2026-07-18T18:46:08.9559405Z","802be379237173a99d6333d1e761071d26145c3b652cdfdc5bfe4afd3d91bf4a"
"gpu_mn_mg_cgcnn_20260803","experiments/active_learning/NON_GEN_INTERVAL_POOLS_20260618/Mn_NON_GEN_HARD640_FLAT_20260619/770518.cif","2186","2026-07-18T18:46:08.9569406Z","81a60eb47139fead952ac82cfe54cac92f3052f8be7ce054021439335a93e0e4"
"gpu_mn_mg_cgcnn_20260803","experiments/active_learning/NON_GEN_INTERVAL_POOLS_20260618/Mn_NON_GEN_HARD640_FLAT_20260619/770554.cif","1959","2026-07-18T18:46:08.9579407Z","84f89df25e3e4a79a79597ff062900bdd2ddbd707c285235f559dbc1fe354be6"
"gpu_mn_mg_cgcnn_20260803","experiments/active_learning/NON_GEN_INTERVAL_POOLS_20260618/Mn_NON_GEN_HARD640_FLAT_20260619/770680.cif","4947","2026-07-18T18:46:08.9579407Z","850e300c7737ceec10880c126ae95690aa33269c13da46dfccebc4af3007d937"
"gpu_mn_mg_cgcnn_20260803","experiments/active_learning/NON_GEN_INTERVAL_POOLS_20260618/Mn_NON_GEN_HARD640_FLAT_20260619/770725.cif","2489","2026-07-18T18:46:08.9599404Z","caba324b263321f96b3aaf22fa01b0850fc15d2668cdce5c9a69ffe23ae993d1"
"gpu_mn_mg_cgcnn_20260803","experiments/active_learning/NON_GEN_INTERVAL_POOLS_20260618/Mn_NON_GEN_HARD640_FLAT_20260619/770761.cif","3209","2026-07-18T18:46:08.9609427Z","078e867ab7834acebf6e90f1b571ff18e7d1992342d492b447884052e2ad79ce"
"gpu_mn_mg_cgcnn_20260803","experiments/active_learning/NON_GEN_INTERVAL_POOLS_20260618/Mn_NON_GEN_HARD640_FLAT_20260619/770765.cif","3440","2026-07-18T18:46:08.9619405Z","55cf808d59342a564309cb7fad59b17b5ba45ebfee741b4735067a12e1361c68"
"gpu_mn_mg_cgcnn_20260803","experiments/active_learning/NON_GEN_INTERVAL_POOLS_20260618/Mn_NON_GEN_HARD640_FLAT_20260619/770842.cif","2184","2026-07-18T18:46:08.9629417Z","b4697572fd1641b1f6c3c31e9790dc8f1e5523368d1b6bdf878e3810641abd54"
"gpu_mn_mg_cgcnn_20260803","experiments/active_learning/NON_GEN_INTERVAL_POOLS_20260618/Mn_NON_GEN_HARD640_FLAT_20260619/770859.cif","1960","2026-07-18T18:46:08.9629417Z","19fac11a958bdeedf6ef311e7d9bfb84bbe10fc2cc2a209e3e84e6a3e2acbbc2"
"gpu_mn_mg_cgcnn_20260803","experiments/active_learning/NON_GEN_INTERVAL_POOLS_20260618/Mn_NON_GEN_HARD640_FLAT_20260619/770881.cif","2160","2026-07-18T18:46:08.9639406Z","a12f1e0ab4a03dd9d2974ae7ad94a8f288b6fffa4f2d523971c925c0b28b6a98"
"gpu_mn_mg_cgcnn_20260803","experiments/active_learning/NON_GEN_INTERVAL_POOLS_20260618/Mn_NON_GEN_HARD640_FLAT_20260619/770900.cif","1846","2026-07-18T18:46:08.9649406Z","efa8ededc31ff1ccf8691ab778795e745fc75c6da1bd5fd8046da421d1e4308a"
"gpu_mn_mg_cgcnn_20260803","experiments/active_learning/NON_GEN_INTERVAL_POOLS_20260618/Mn_NON_GEN_HARD640_FLAT_20260619/770905.cif","1846","2026-07-18T18:46:08.9659415Z","bf2e6f71256a0902555cb49c280c50f1ee04993a99a13f505c358d523dc0acd5"
"gpu_mn_mg_cgcnn_20260803","experiments/active_learning/NON_GEN_INTERVAL_POOLS_20260618/Mn_NON_GEN_HARD640_FLAT_20260619/770910.cif","3220","2026-07-18T18:46:08.9669407Z","d919f6fa703fd3fe7cf4f5862124d5bfcbe642fe5ef4f318805bebd13004cf84"
"gpu_mn_mg_cgcnn_20260803","experiments/active_learning/NON_GEN_INTERVAL_POOLS_20260618/Mn_NON_GEN_HARD640_FLAT_20260619/771061.cif","2154","2026-07-18T18:46:08.9679424Z","56e5c43cfb17d98924056d9ccb5dbf9b6fe93cbb693e18c6c0fa52b2bfd52a2a"
"gpu_mn_mg_cgcnn_20260803","experiments/active_learning/NON_GEN_INTERVAL_POOLS_20260618/Mn_NON_GEN_HARD640_FLAT_20260619/771092.cif","2800","2026-07-18T18:46:08.9689413Z","941ebb31bd983bf8f07822604eb7618e6e969202135c74e1bfb27b2e8b3217bb"
"gpu_mn_mg_cgcnn_20260803","experiments/active_learning/NON_GEN_INTERVAL_POOLS_20260618/Mn_NON_GEN_HARD640_FLAT_20260619/771142.cif","1949","2026-07-18T18:46:08.9699422Z","331bf18bea6a11ca2fbb852e612d6273dc0072e8a04619428d7bb9867afd4e22"
"gpu_mn_mg_cgcnn_20260803","experiments/active_learning/NON_GEN_INTERVAL_POOLS_20260618/Mn_NON_GEN_HARD640_FLAT_20260619/771360.cif","2800","2026-07-18T18:46:08.9710897Z","4ce242edd3ab20a46b2462f8390dfc28112610fb0b334862711fe17586a33f5e"
"gpu_mn_mg_cgcnn_20260803","experiments/active_learning/NON_GEN_INTERVAL_POOLS_20260618/Mn_NON_GEN_HARD640_FLAT_20260619/771641.cif","2574","2026-07-18T18:46:08.9720939Z","919da3de02780195ab1ae6d864b4b19ef01be16fbf8e3314e6e4ee82917fdf8d"
"gpu_mn_mg_cgcnn_20260803","experiments/active_learning/NON_GEN_INTERVAL_POOLS_20260618/Mn_NON_GEN_HARD640_FLAT_20260619/771706.cif","1949","2026-07-18T18:46:08.9730946Z","323f930413a88d3da094efb69f20aa90451da11c3f8c0adc9b468fb61f197638"
"gpu_mn_mg_cgcnn_20260803","experiments/active_learning/NON_GEN_INTERVAL_POOLS_20260618/Mn_NON_GEN_HARD640_FLAT_20260619/771824.cif","1949","2026-07-18T18:46:08.9740951Z","dcee40a8f71273d9022548358aed78ef0a649d7b48d8933f4e97d1b015a90904"
"gpu_mn_mg_cgcnn_20260803","experiments/active_learning/NON_GEN_INTERVAL_POOLS_20260618/Mn_NON_GEN_HARD640_FLAT_20260619/771910.cif","1957","2026-07-18T18:46:08.9740951Z","bb6938824deca659469c4018358e68e0b85b36902049dcad44a9d5c11ce08ee9"
"gpu_mn_mg_cgcnn_20260803","experiments/active_learning/NON_GEN_INTERVAL_POOLS_20260618/Mn_NON_GEN_HARD640_FLAT_20260619/771946.cif","1959","2026-07-18T18:46:08.9750967Z","c50fb0666ec9d365f0a219203399dad3ff28c7ef48eac5e745a44e16079b1547"
"gpu_mn_mg_cgcnn_20260803","experiments/active_learning/NON_GEN_INTERVAL_POOLS_20260618/Mn_NON_GEN_HARD640_FLAT_20260619/772101.cif","3438","2026-07-18T18:46:08.9760941Z","64980e69e289f94050654ac60492665315edfd4c2cdc6600cc3b343b8828df91"
"gpu_mn_mg_cgcnn_20260803","experiments/active_learning/NON_GEN_INTERVAL_POOLS_20260618/Mn_NON_GEN_HARD640_FLAT_20260619/772182.cif","1956","2026-07-18T18:46:08.9770940Z","ef4353a95420a386d56e0386ad8ffa930ad8e04264074769e4b5f896cb1f2d81"
"gpu_mn_mg_cgcnn_20260803","experiments/active_learning/NON_GEN_INTERVAL_POOLS_20260618/Mn_NON_GEN_HARD640_FLAT_20260619/772308.cif","3445","2026-07-18T18:46:08.9780936Z","7dad5ed23b931441021a6806a45bbb099b25df6055b861c06d84e419b707d655"
"gpu_mn_mg_cgcnn_20260803","experiments/active_learning/NON_GEN_INTERVAL_POOLS_20260618/Mn_NON_GEN_HARD640_FLAT_20260619/772970.cif","3438","2026-07-18T18:46:08.9780936Z","34bdd17c1926e064ebdf8966b8a3848f1a2fc67591d76aecff084b5f01074c5c"
"gpu_mn_mg_cgcnn_20260803","experiments/active_learning/NON_GEN_INTERVAL_POOLS_20260618/Mn_NON_GEN_HARD640_FLAT_20260619/773432.cif","1833","2026-07-18T18:46:08.9790944Z","b13c37e3ae2d285ebd6fc6b6f4fbb74e0334a1c2b832774a983ab92815c9b47f"
"gpu_mn_mg_cgcnn_20260803","experiments/active_learning/NON_GEN_INTERVAL_POOLS_20260618/Mn_NON_GEN_HARD640_FLAT_20260619/773605.cif","3220","2026-07-18T18:46:08.9800949Z","41be3e3fea3e3400c3d339fba23a19c52eed5244e5bd1d6428ac60ad2a37dc90"
"gpu_mn_mg_cgcnn_20260803","experiments/active_learning/NON_GEN_INTERVAL_POOLS_20260618/Mn_NON_GEN_HARD640_FLAT_20260619/774293.cif","3978","2026-07-18T18:46:08.9815978Z","a68e728861fe287f942f9b04c03d5a5e7330d2a2979eb269c55ff3f12e5f6020"
"gpu_mn_mg_cgcnn_20260803","experiments/active_learning/NON_GEN_INTERVAL_POOLS_20260618/Mn_NON_GEN_HARD640_FLAT_20260619/774294.cif","2183","2026-07-18T18:46:08.9826018Z","b7cd3e8f48a21adf3c0b9d04b761cbf58c4a0e73c3b9d5612fdbd093c1e095aa"
"gpu_mn_mg_cgcnn_20260803","experiments/active_learning/NON_GEN_INTERVAL_POOLS_20260618/Mn_NON_GEN_HARD640_FLAT_20260619/774604.cif","2178","2026-07-18T18:46:08.9836027Z","11cfcd2dde0bf6b17e4e446c535eed31062a150a1d465baf1c17aaf3583d8465"
"gpu_mn_mg_cgcnn_20260803","experiments/active_learning/NON_GEN_INTERVAL_POOLS_20260618/Mn_NON_GEN_HARD640_FLAT_20260619/774791.cif","2185","2026-07-18T18:46:08.9846025Z","dbe025a097210c8cce58bdc7fa26da02fda3c591859640d9640888ebd34c97cb"
"gpu_mn_mg_cgcnn_20260803","experiments/active_learning/NON_GEN_INTERVAL_POOLS_20260618/Mn_NON_GEN_HARD640_FLAT_20260619/774806.cif","2185","2026-07-18T18:46:08.9856026Z","afa465d971285e8be4d7364c6c8bec6d71c97819d916aaa68a4e981ddb7d20c3"
"gpu_mn_mg_cgcnn_20260803","experiments/active_learning/NON_GEN_INTERVAL_POOLS_20260618/Mn_NON_GEN_HARD640_FLAT_20260619/774916.cif","2584","2026-07-18T18:46:08.9866019Z","57f9b1202a99b20a8fa7e6dd4392157ef5bd3aca0393fc4af66d7f7e836fe773"
"gpu_mn_mg_cgcnn_20260803","experiments/active_learning/NON_GEN_INTERVAL_POOLS_20260618/Mn_NON_GEN_HARD640_FLAT_20260619/775116.cif","1946","2026-07-18T18:46:08.9876038Z","4520a8b0382e19b4669e30c4b82ddc10bdcc2a2baa524066d8742052f3fe7260"
"gpu_mn_mg_cgcnn_20260803","experiments/active_learning/NON_GEN_INTERVAL_POOLS_20260618/Mn_NON_GEN_HARD640_FLAT_20260619/775171.cif","2810","2026-07-18T18:46:08.9886020Z","6c99c19cca88b9c8094bdb0fd5042698e76dbdb350deabdfca76d17ec9809663"
"gpu_mn_mg_cgcnn_20260803","experiments/active_learning/NON_GEN_INTERVAL_POOLS_20260618/Mn_NON_GEN_HARD640_FLAT_20260619/775289.cif","2584","2026-07-18T18:46:08.9896045Z","0930c27b284fd3dbdf82c0eaf623ad444f2957b2b2d762f071fbc03b34ef7156"
"gpu_mn_mg_cgcnn_20260803","experiments/active_learning/NON_GEN_INTERVAL_POOLS_20260618/Mn_NON_GEN_HARD640_FLAT_20260619/775298.cif","2184","2026-07-18T18:46:08.9906032Z","29be1dbeba3f05df3cec00311c7fcabbb7274437bfb2fc72099ad463cd6bd3c4"
"gpu_mn_mg_cgcnn_20260803","experiments/active_learning/NON_GEN_INTERVAL_POOLS_20260618/Mn_NON_GEN_HARD640_FLAT_20260619/775601.cif","2804","2026-07-18T18:46:08.9916035Z","cb28220daab8b9594410645a45784138c63f3877ed096e9dda05ccd2e3171ec7"
"gpu_mn_mg_cgcnn_20260803","experiments/active_learning/NON_GEN_INTERVAL_POOLS_20260618/Mn_NON_GEN_HARD640_FLAT_20260619/776269.cif","2185","2026-07-18T18:46:08.9926031Z","92d9d05d71dbed9ef70ddc32981105e4fe3fda413e4e55099e58a19d30e7f6d9"
"gpu_mn_mg_cgcnn_20260803","experiments/active_learning/NON_GEN_INTERVAL_POOLS_20260618/Mn_NON_GEN_HARD640_FLAT_20260619/776829.cif","4688","2026-07-18T18:46:08.9926031Z","b98395a58ebb90468bf05aa0aa263efb6adb948a5a669ac8208bdcaffe37d8d2"
"gpu_mn_mg_cgcnn_20260803","experiments/active_learning/NON_GEN_INTERVAL_POOLS_20260618/Mn_NON_GEN_HARD640_FLAT_20260619/777063.cif","2513","2026-07-18T18:46:08.9936028Z","b54f86906bae3b1974a4aad287e9e38d465970177d8fbbccd9afbf77d171c488"
"gpu_mn_mg_cgcnn_20260803","experiments/active_learning/NON_GEN_INTERVAL_POOLS_20260618/Mn_NON_GEN_HARD640_FLAT_20260619/778261.cif","2810","2026-07-18T18:46:08.9946031Z","7904316496dd3bc63de18f16cc943304c6a6a65998e2a9f6976b4fcc3db3f506"
"gpu_mn_mg_cgcnn_20260803","experiments/active_learning/NON_GEN_INTERVAL_POOLS_20260618/Mn_NON_GEN_HARD640_FLAT_20260619/778282.cif","7840","2026-07-18T18:46:08.9956034Z","4552cb6c7ad064bedbc9286a9cacc2a9b9192eff7ed720d1bc2ae9c02ab0f21d"
"gpu_mn_mg_cgcnn_20260803","experiments/active_learning/NON_GEN_INTERVAL_POOLS_20260618/Mn_NON_GEN_HARD640_FLAT_20260619/778493.cif","2597","2026-07-18T18:46:08.9966038Z","4b35f4cdb4903b41cf6565f94160f2f236888ee4ca56d105808c10736cb14db3"
"gpu_mn_mg_cgcnn_20260803","experiments/active_learning/NON_GEN_INTERVAL_POOLS_20260618/Mn_NON_GEN_HARD640_FLAT_20260619/778885.cif","2510","2026-07-18T18:46:08.9976044Z","558f686d049d2f3cb7e70d1f682aadccace20c0dfd9f4f068de98c773c4846e1"
"gpu_mn_mg_cgcnn_20260803","experiments/active_learning/NON_GEN_INTERVAL_POOLS_20260618/Mn_NON_GEN_HARD640_FLAT_20260619/779026.cif","2810","2026-07-18T18:46:08.9986029Z","af1f840ed983d30353609844056f7cee6d23498a3890e91f8efa7ccc287f7193"
"gpu_mn_mg_cgcnn_20260803","experiments/active_learning/NON_GEN_INTERVAL_POOLS_20260618/Mn_NON_GEN_HARD640_FLAT_20260619/780308.cif","2537","2026-07-18T18:46:08.9996023Z","c4416e344da29174927dc563610554594dcd38bbaa9f713967b7b86a16708e64"
"gpu_mn_mg_cgcnn_20260803","experiments/active_learning/NON_GEN_INTERVAL_POOLS_20260618/Mn_NON_GEN_HARD640_FLAT_20260619/780696.cif","2797","2026-07-18T18:46:09.0006032Z","e64a7ff80e372a67b23bb0c34bbebd796794a8efcaa68c0bfe6c0f34775953d7"
"gpu_mn_mg_cgcnn_20260803","experiments/active_learning/NON_GEN_INTERVAL_POOLS_20260618/Mn_NON_GEN_HARD640_FLAT_20260619/780872.cif","3647","2026-07-18T18:46:09.0016035Z","a7f74cd532c59219acae56b6bc8a190c459e05b90fe2246743c81d4756274d07"
"gpu_mn_mg_cgcnn_20260803","experiments/active_learning/NON_GEN_INTERVAL_POOLS_20260618/Mn_NON_GEN_HARD640_FLAT_20260619/818613.cif","2386","2026-07-18T18:46:09.0026028Z","3a71d7d19973c75876b71deadaadf66a3639c195b35cde93051e3a0f41f9ad8c"
"gpu_mn_mg_cgcnn_20260803","experiments/active_learning/NON_GEN_INTERVAL_POOLS_20260618/Mn_NON_GEN_HARD640_FLAT_20260619/820860.cif","3106","2026-07-18T18:46:09.0026028Z","e8cdaed1155b99787cf2a22c6c8cf6d58fa572ccf6f0cf209170a132e2bcbe3a"
"gpu_mn_mg_cgcnn_20260803","experiments/active_learning/NON_GEN_INTERVAL_POOLS_20260618/Mn_NON_GEN_HARD640_FLAT_20260619/831077.cif","3744","2026-07-18T18:46:09.0036025Z","d9539efb540b8a94dcccde96e92cf147ae52639c0dce510c4f68d927cd6c7e0d"
"gpu_mn_mg_cgcnn_20260803","experiments/active_learning/NON_GEN_INTERVAL_POOLS_20260618/Mn_NON_GEN_HARD640_FLAT_20260619/849251.cif","2584","2026-07-18T18:46:09.0046021Z","c11bf64b54d828d96649ce70b52f8fe377191936337e78e98ab2dc10074d1c94"
"gpu_mn_mg_cgcnn_20260803","experiments/active_learning/NON_GEN_INTERVAL_POOLS_20260618/Mn_NON_GEN_HARD640_FLAT_20260619/850186.cif","2184","2026-07-18T18:46:09.0056027Z","ef68c02966b8c22bac5390ccc3a016eab2e44d71627ce8fe929572d0710a5308"
"gpu_mn_mg_cgcnn_20260803","experiments/active_learning/NON_GEN_INTERVAL_POOLS_20260618/Mn_NON_GEN_HARD640_FLAT_20260619/850531.cif","1957","2026-07-18T18:46:09.0066032Z","029fe6e1f3933000e5b395379c9b463f3c45e6c9848fedeb73e030dfa1bba1e6"
"gpu_mn_mg_cgcnn_20260803","experiments/active_learning/NON_GEN_INTERVAL_POOLS_20260618/Mn_NON_GEN_HARD640_FLAT_20260619/861478.cif","2173","2026-07-18T18:46:09.0076021Z","06e38ee14c791513f0a4004a76813d63982a5e145288261f4a86e6dce8a99b2b"
"gpu_mn_mg_cgcnn_20260803","experiments/active_learning/NON_GEN_INTERVAL_POOLS_20260618/Mn_NON_GEN_HARD640_FLAT_20260619/862748.cif","1185","2026-07-18T18:46:09.0086036Z","11c181dcd464363bacfbf6dd9648b91e75136a1e78c842f0a705d59a02507cd4"
"gpu_mn_mg_cgcnn_20260803","experiments/active_learning/NON_GEN_INTERVAL_POOLS_20260618/Mn_NON_GEN_HARD640_FLAT_20260619/863857.cif","1960","2026-07-18T18:46:09.0096033Z","351d36299446e7568ecbcc6eed750e27fd1ba1a55bf97c3129dc6224780a33fd"
"gpu_mn_mg_cgcnn_20260803","experiments/active_learning/NON_GEN_INTERVAL_POOLS_20260618/Mn_NON_GEN_HARD640_FLAT_20260619/867530.cif","2184","2026-07-18T18:46:09.0106032Z","66d775ca77471778020041ddaa1de99569a3202a3e835485b02134eb6d870945"
"gpu_mn_mg_cgcnn_20260803","experiments/active_learning/NON_GEN_INTERVAL_POOLS_20260618/Mn_NON_GEN_HARD640_FLAT_20260619/867667.cif","2184","2026-07-18T18:46:09.0116025Z","0832efa10735c0e4f0b6caebf6c9fa253b9a87aaecf0ab06f2bb65f47b82c3fc"
"gpu_mn_mg_cgcnn_20260803","experiments/active_learning/NON_GEN_INTERVAL_POOLS_20260618/Mn_NON_GEN_HARD640_FLAT_20260619/997183.cif","897","2026-07-18T18:46:09.0126026Z","21910e9dde527b1661a0bfaff7f92d4f810ca438bec30944c6aa7e1597bad28f"
"gpu_mn_mg_cgcnn_20260803","experiments/active_learning/NON_GEN_INTERVAL_POOLS_20260618/Mn_NON_GEN_HARD640_FLAT_20260619/atom_init.json","28392","2026-07-18T18:46:09.0136024Z","cb90bd2257dbf8cfc4e6b2b6d4348d4616e8e9680f1339b1461137032e0f1894"
"gpu_mn_mg_cgcnn_20260803","experiments/active_learning/NON_GEN_INTERVAL_POOLS_20260618/Mn_NON_GEN_HARD640_FLAT_20260619/id_prop.csv","17632","2026-07-18T18:46:09.0146019Z","1d3ad5567027ab2771faa625456672bc5c0ef68e52eb17c3c242f0a77bc4e36e"
"gpu_mn_mg_cgcnn_20260803","experiments/active_learning/NON_GEN_INTERVAL_POOLS_20260618/Mn_NON_GEN_HARD640_M2P59_M2P47_111_20260709/oracle.csv","180592","2026-07-18T18:46:09.0156038Z","22b3b02158d89d355653fb432f35e994970a0c0563e57b556e485b1ef9461c3b"
"gpu_mn_mg_cgcnn_20260803","experiments/active_learning/provenance/structural_gate_feasibility_upload_manifest.csv","2634","2026-08-04T09:05:36.5862620Z","241ed3550533b55afb1725ebc506b97805a1045760d3a609a2d5518a24d5c9c0"
"gpu_mn_mg_cgcnn_20260803","experiments/active_learning/provenance/structural_gate_hidden_evaluability_scores_all275.csv","26069","2026-08-04T09:38:39.8677515Z","1a4779cbd5ed8626a81575f88ea2c81e72c5d5c7a98193d6082404dc7a1022ea"
"gpu_mn_mg_cgcnn_20260803","experiments/active_learning/tests/test_analyze_dft_kpoint_convergence.py","6632","2026-07-18T18:47:21.3413580Z","2b121cd9cdf9e781211eefb7e22530e5af5031fe4e247edab2828861c3eb622d"
"gpu_mn_mg_cgcnn_20260803","experiments/active_learning/tests/test_analyze_gpu_parameter_calibration.py","11392","2026-07-18T18:47:21.3423576Z","c0453333fed138889b292289b67a3dc2314a43a075a4d1d0393afe5642282faa"
"gpu_mn_mg_cgcnn_20260803","experiments/active_learning/tests/test_analyze_mc_dropout_selection.py","5713","2026-07-18T18:47:21.3433561Z","7bfc2a47a882c1941520b96efb1afabbd24de251f7e0a36b3cb62cb6f9a5b091"
"gpu_mn_mg_cgcnn_20260803","experiments/active_learning/tests/test_analyze_structural_gate_feasibility.py","8432","2026-08-04T09:41:39.3090197Z","b903c70e685ec267548dd430ca4b0d32b9bf8e51521a2b874bc5e43f79bcb4cc"
"gpu_mn_mg_cgcnn_20260803","experiments/active_learning/tests/test_audited_job_queue.py","9345","2026-08-04T09:50:57.2491837Z","931d4d113d2074380b0ef6e0b27ba71b869da3b005efd6478b3ee1f35ca8d613"
"gpu_mn_mg_cgcnn_20260803","experiments/active_learning/tests/test_build_formal_group_key_maps.py","1545","2026-07-18T18:47:21.3453585Z","747d0963c155cbc113d0a79ca2c26d764db6612266ed31ff4b769ea1fd8d0a56"
"gpu_mn_mg_cgcnn_20260803","experiments/active_learning/tests/test_build_hidden_evaluability_audit_scores.py","2072","2026-08-04T09:37:32.8902661Z","eb466165232ba4f79aff45dd1b6fdd7b7bc00518fdbf8b32ca3abea80477d146"
"gpu_mn_mg_cgcnn_20260803","experiments/active_learning/tests/test_build_structural_gate_feasibility_assets.py","2298","2026-08-04T08:50:35.3025755Z","0955d4b4b54abc51d0d042f3dec6bc6fef58e1c3d49ae7733059d425963020d6"
"gpu_mn_mg_cgcnn_20260803","experiments/active_learning/tests/test_build_structural_gate_feasibility_manifest.py","3842","2026-08-04T08:54:50.3736754Z","23ca845997d216410ae34d1c2201f29ff7d6d0b34de7af29e314a465d9b165e1"
"gpu_mn_mg_cgcnn_20260803","experiments/active_learning/tests/test_concurrency_benchmark.py","4655","2026-07-18T18:47:21.3463569Z","a69e0518b26d1f963edfe4806b4e9012398e61900fd72f0901d1f66976986435"
"gpu_mn_mg_cgcnn_20260803","experiments/active_learning/tests/test_concurrency_benchmark_analysis.py","6501","2026-07-18T18:47:21.3463569Z","3ee8dfeb913bece96d38e3beb68c2d9439bab168c55629d87fc480ad6e71e624"
"gpu_mn_mg_cgcnn_20260803","experiments/active_learning/tests/test_formal_protocol.py","4275","2026-07-18T18:47:21.3473580Z","f9cc1c032eaea378ac7cffbebe0fb4dae4d5d44c08bbcb0edf02616576b7b9c3"
"gpu_mn_mg_cgcnn_20260803","experiments/active_learning/tests/test_freeze_final_gpu_protocol.py","2805","2026-07-18T18:47:21.3483573Z","d9d2ec5ab34d9e9bf0789518ff06bc34127834dd54550082c2a63b1baa7aee4f"
"gpu_mn_mg_cgcnn_20260803","experiments/active_learning/tests/test_interval_gpu_protocol.py","11501","2026-08-04T09:04:51.9910079Z","7154166e245d148d73b5931ebfeac89ed543b9a29488f8326d67c587dada00e8"
"gpu_mn_mg_cgcnn_20260803","experiments/active_learning/tests/test_mc_dropout_seed_policy.py","4037","2026-07-18T18:47:21.3493575Z","e28eae3b3e4d304ae3dd0110c1257a70fd05e54dfd8eb8f529902c81cff22ec3"
"gpu_mn_mg_cgcnn_20260803","experiments/active_learning/tests/test_mn_mg_interval_analysis.py","2860","2026-08-04T04:56:53.2682270Z","2d2524f9ea184d10140d39feb82ce1ccf948fb04d5edd1a90b8be6d07e08b356"
"gpu_mn_mg_cgcnn_20260803","experiments/active_learning/tests/test_prepare_dft_kpoint_extension.py","2937","2026-07-18T18:47:21.3506189Z","83cc2f164722000ed9a6858860765dd8c4d1c12130312d39da061ff90bba8bbe"
"gpu_mn_mg_cgcnn_20260803","experiments/active_learning/tests/test_prepare_dft_kpoint_jobs.py","3222","2026-07-18T18:47:21.3511531Z","d754463ed958762d77c8d79162e393a378f5a44d80ff5006f256ddf21058b969"
"gpu_mn_mg_cgcnn_20260803","experiments/active_learning/tests/test_prepare_gpu_development_jobs.py","1769","2026-07-18T18:47:21.3530131Z","78e62d48fa7b747f384dbd8f9a31d62fa28527614f46cbd8b58768561147999e"
"gpu_mn_mg_cgcnn_20260803","experiments/active_learning/tests/test_prepare_gpu_formal_jobs.py","2548","2026-07-18T18:47:21.3542181Z","59069f198b7860ef9a11808d79564b4f733cd4130eceb97897ffe60851604a78"
"gpu_mn_mg_cgcnn_20260803","experiments/active_learning/tests/test_prepare_gpu_threshold_calibration.py","2250","2026-07-18T18:47:21.3547490Z","40b7db9f70bc39a1137cc2694e80bd2e3dfed47e85124689ef2b21ab8387793f"
"gpu_mn_mg_cgcnn_20260803","experiments/active_learning/tests/test_prepare_gpu_weight_calibration.py","2225","2026-07-18T18:47:21.3552716Z","dd121cfe744e2d42a76fa8df48fa9d8a7b7a27791e6ac6a90e50683ae608ceb4"
"gpu_mn_mg_cgcnn_20260803","experiments/active_learning/tests/test_render_parameter_calibration_report.py","2126","2026-07-18T18:47:21.3567348Z","17d2d21d6103caac59806593bfe068002a19c5c3684d7a0c7b8ffa7306a0e3a5"
"gpu_mn_mg_cgcnn_20260803","experiments/active_learning/tests/test_run_paired_dataset_job.py","1069","2026-07-18T18:47:21.3572560Z","b885a4e6d387cdc1c171a25a761339e7a02b58aefb9614ae6b99ed42a7532768"
"gpu_mn_mg_cgcnn_20260803","experiments/active_learning/tests/test_server_experiment_watchdog.py","10928","2026-07-18T18:47:21.3583081Z","19c37f61f798f3ab838e9af9e1dab8ff98ccd596c025de3afb6a61c0545154ca"
"gpu_mn_mg_cgcnn_20260803","experiments/active_learning/tests/test_structural_gate_feasibility_protocol.py","3515","2026-08-04T09:04:00.9697458Z","5dd2e161b0d207984594445f09ca824c3097cad0bfb43d8e20e12596b3098805"
"gpu_mn_mg_cgcnn_20260803","experiments/active_learning/tests/test_structural_gate_quality_safeguard.py","1327","2026-08-04T08:46:59.3823979Z","d36749e348a8e88131f94ea398b3b3696406d6ee607d4af02594d7390cd994b4"
"gpu_mn_mg_cgcnn_20260803","experiments/active_learning/tests/test_uncertainty_units.py","6040","2026-07-18T18:47:21.3588712Z","1f1c3984b6f281cc37fa1e5de665b1414a3f057684ae8d3b5cef58276d6afb31"
"gpu_mn_mg_cgcnn_20260803","experiments/active_learning/tests/test_update_active_gpu_manifest.py","1393","2026-07-18T18:47:21.3599428Z","ea538e899389e3790eb3a03035dce1a662e270d99b794752a73047f6345c7027"
"gpu_mn_mg_cgcnn_20260803","experiments/active_learning/tests/test_vasp_benchmark_task.py","3137","2026-07-18T18:47:21.3604644Z","ad8fea16731bcfce8e9f435c0551ee007ade40078f10370e2f93a45e40613ba3"
"gpu_mn_mg_cgcnn_20260803","experiments/active_learning/tests/audit/test_audit_common.py","3370","2026-07-18T18:47:21.3353573Z","9c30ac10dfaf7abe76b3e1d69fb91e5217fdfd46128105c030eb9bf7f20b04f1"
"gpu_mn_mg_cgcnn_20260803","experiments/active_learning/tests/audit/test_audit_output_manifest.py","1002","2026-07-18T18:47:21.3353573Z","d5346a2748046298f07a7f76f0e892322184e31e2162e9b85ed28af7b000aec5"
"gpu_mn_mg_cgcnn_20260803","experiments/active_learning/tests/audit/test_dft_manifest.py","4837","2026-07-18T18:47:21.3363564Z","2781e9a5352f1b825f0cbe8223fe70f630f514023eca41d6c3fa9f9656eea3f6"
"gpu_mn_mg_cgcnn_20260803","experiments/active_learning/tests/audit/test_extract_dft_audit.py","6703","2026-07-18T18:47:21.3363564Z","5d801df7a97c49086a3bb40d8582cf303c5fcfdba3d43e9096fd67f327b169eb"
"gpu_mn_mg_cgcnn_20260803","experiments/active_learning/tests/audit/test_gate_ablation_smoke.py","5966","2026-07-18T18:47:21.3373563Z","94cdb633a47058f4e046de02ba91bd18aff3ffb719a228f83a893f6f86c76c9b"
"gpu_mn_mg_cgcnn_20260803","experiments/active_learning/tests/audit/test_group_key_inventory.py","2651","2026-07-18T18:47:21.3373563Z","1d9495907a0dc8ac2b8dea7884a1c662d24c422a370e780a7948caf754a14efe"
"gpu_mn_mg_cgcnn_20260803","experiments/active_learning/tests/audit/test_matched_seed_figures.py","3917","2026-07-18T18:47:21.3383567Z","448866b8199e801ebf1a18de3179e5224802a2c57f3ff421238ccbeded874490"
"gpu_mn_mg_cgcnn_20260803","experiments/active_learning/tests/audit/test_mc_dropout_microbenchmark.py","3315","2026-07-18T18:47:21.3393562Z","f2109bcc4889bee2c24b4bdb5bfd264d4c2418af777052c7aed0dc506ba2122d"
"gpu_mn_mg_cgcnn_20260803","experiments/active_learning/tests/audit/test_recompute_statistics.py","9984","2026-07-18T18:47:21.3403579Z","c7b3e01b93a2862080875dae84b642d67f266e8ffcc09b3495a6595bd2cbc6c4"
"gpu_mn_mg_cgcnn_20260803","experiments/active_learning/tests/audit/test_seed_variation.py","1638","2026-07-18T18:47:21.3413580Z","4e7cc193fe0a73864b7ba679f39506046a0ae94ad5b0fece1da1a42d2279373a"
"gpu_mn_mg_cgcnn_20260803","experiments/active_learning/tests/audit/__pycache__/test_audit_common.cpython-311-pytest-9.0.3.pyc","21626","2026-08-03T12:33:47.7756257Z","95b5cb955a5b474fb4c0aec5311b3871a43315df442e2abff754b1422ee68eff"
"gpu_mn_mg_cgcnn_20260803","experiments/active_learning/tests/audit/__pycache__/test_audit_output_manifest.cpython-311-pytest-9.0.3.pyc","4711","2026-08-03T12:33:47.9342385Z","b30f8693e522f547c2a3bb90cd9bba72b6dc85145f73dfa4b8efe15d4d4374ed"
"gpu_mn_mg_cgcnn_20260803","experiments/active_learning/tests/audit/__pycache__/test_dft_manifest.cpython-311-pytest-9.0.3.pyc","32116","2026-08-03T12:33:48.4045796Z","8147c89ec3019901607687fa519db5130c4c31f8878491d545374a4e2f43c467"
"gpu_mn_mg_cgcnn_20260803","experiments/active_learning/tests/audit/__pycache__/test_extract_dft_audit.cpython-311-pytest-9.0.3.pyc","47656","2026-08-03T12:33:48.4906249Z","35f6323021bc4050b0bc7b546ee86990a3a7df863630918215af8f5e046fc1c5"
"gpu_mn_mg_cgcnn_20260803","experiments/active_learning/tests/audit/__pycache__/test_gate_ablation_smoke.cpython-311-pytest-9.0.3.pyc","32358","2026-08-03T12:33:52.7122668Z","47b475c186777b30b6d421219ca8245706bf66c35f159264b5d512c92a823e89"
"gpu_mn_mg_cgcnn_20260803","experiments/active_learning/tests/audit/__pycache__/test_group_key_inventory.cpython-311-pytest-9.0.3.pyc","13694","2026-08-03T12:33:52.7212665Z","3741eaa9dab1ac26d62a8190a1ae37488b3d0104b57635f3a6e277ab1ffa042d"
"gpu_mn_mg_cgcnn_20260803","experiments/active_learning/tests/audit/__pycache__/test_matched_seed_figures.cpython-311-pytest-9.0.3.pyc","20696","2026-08-03T12:33:52.7352712Z","6e15ecb6b5d613e40be13779fb535e054475eb111093e66f44c2e4bd3ccfee7f"
"gpu_mn_mg_cgcnn_20260803","experiments/active_learning/tests/audit/__pycache__/test_mc_dropout_microbenchmark.cpython-311-pytest-9.0.3.pyc","13468","2026-08-03T12:33:54.7705958Z","fa1f33056e4a4fe2fe1ccf8beff48881179409ae08d3fc3ad890f4ab43b2db3d"
"gpu_mn_mg_cgcnn_20260803","experiments/active_learning/tests/audit/__pycache__/test_recompute_statistics.cpython-311-pytest-9.0.3.pyc","43826","2026-08-03T12:33:54.7925961Z","63f5716b76237475324de44453adf713b2ee72270014b368325d57f70b7a9763"
"gpu_mn_mg_cgcnn_20260803","experiments/active_learning/tests/audit/__pycache__/test_seed_variation.cpython-311-pytest-9.0.3.pyc","10247","2026-08-03T12:33:54.8075955Z","8940a68ac97b07cde2fd46388a2c8186d3da6d8dcdb395d861a083636ffa4cf0"
"gpu_mn_mg_cgcnn_20260803","experiments/active_learning/tests/__pycache__/test_analyze_dft_kpoint_convergence.cpython-311-pytest-9.0.3.pyc","18455","2026-08-03T12:33:54.8205942Z","bbd71454e34a23acfc196018ebe0f8e09364d5eb8b27598417c9ef24e2029706"
"gpu_mn_mg_cgcnn_20260803","experiments/active_learning/tests/__pycache__/test_analyze_gpu_parameter_calibration.cpython-311-pytest-9.0.3.pyc","36100","2026-08-03T12:33:54.8385970Z","8da001511bee35fd3ba71e9feed43ede7da9aac8b25b93099a7563ac0ee1df2b"
"gpu_mn_mg_cgcnn_20260803","experiments/active_learning/tests/__pycache__/test_analyze_mc_dropout_selection.cpython-311-pytest-9.0.3.pyc","16644","2026-08-03T12:33:54.8586271Z","d0f9c0799390fc39831402893ba4c584b343a04f7b142682fc0d3b5093983ca6"
"gpu_mn_mg_cgcnn_20260803","experiments/active_learning/tests/__pycache__/test_analyze_structural_gate_feasibility.cpython-311-pytest-9.0.3.pyc","25565","2026-08-04T09:41:46.3140736Z","eb1c60ed8ce21802a5547fc5bf40de6c5a1a4ac8a990ab588bc8ed5eb64446c4"
"gpu_mn_mg_cgcnn_20260803","experiments/active_learning/tests/__pycache__/test_audited_job_queue.cpython-311-pytest-9.0.3.pyc","35260","2026-08-04T09:51:18.0546517Z","c1a69204bc4958f8b49e6191154622596acd3986ce10ebc291c395aa64874408"
"gpu_mn_mg_cgcnn_20260803","experiments/active_learning/tests/__pycache__/test_build_formal_group_key_maps.cpython-311-pytest-9.0.3.pyc","9179","2026-08-03T12:33:54.8916261Z","30b9fd696fc05cd5264f503793c81e49918f25d843f7c7f0fb129aa2b12eaa58"
"gpu_mn_mg_cgcnn_20260803","experiments/active_learning/tests/__pycache__/test_build_hidden_evaluability_audit_scores.cpython-311-pytest-9.0.3.pyc","6001","2026-08-04T09:37:59.6432199Z","c31f67d81ae7bd5b24af0e54bf0b51ae6354105b5965a0e739a0cbbd8b2cfc4d"
"gpu_mn_mg_cgcnn_20260803","experiments/active_learning/tests/__pycache__/test_build_structural_gate_feasibility_assets.cpython-311-pytest-9.0.3.pyc","15588","2026-08-04T08:50:43.0128561Z","d98dd2049e26c4fdd44af1f38a147e3dd02cafde3a7b2801a28c75d16cc85e7d"
"gpu_mn_mg_cgcnn_20260803","experiments/active_learning/tests/__pycache__/test_build_structural_gate_feasibility_manifest.cpython-311-pytest-9.0.3.pyc","16914","2026-08-04T08:54:57.8096490Z","b545ba9a17df8e5b59f9eed882383fe4337ecf97149c13233b56374c42e94a78"
"gpu_mn_mg_cgcnn_20260803","experiments/active_learning/tests/__pycache__/test_concurrency_benchmark.cpython-311-pytest-9.0.3.pyc","21571","2026-08-03T12:33:54.9036313Z","fb5cf546e2ad29a2ee1ee230090b5bbc0ed3cd7b80ffd402f076bf1cdc83ea0b"
"gpu_mn_mg_cgcnn_20260803","experiments/active_learning/tests/__pycache__/test_concurrency_benchmark_analysis.cpython-311-pytest-9.0.3.pyc","20637","2026-08-03T12:33:54.9122290Z","4107f86ca3cca0edef10f9bae09bfe26d27915fb3a3eca57add814c25772bb9d"
"gpu_mn_mg_cgcnn_20260803","experiments/active_learning/tests/__pycache__/test_formal_protocol.cpython-311-pytest-9.0.3.pyc","10627","2026-07-30T08:49:09.3061166Z","f4356e16c8db4f738fba1d58bdee24f9625213248025b314760d6250cc95ab11"
"gpu_mn_mg_cgcnn_20260803","experiments/active_learning/tests/__pycache__/test_freeze_final_gpu_protocol.cpython-311-pytest-9.0.3.pyc","20749","2026-08-03T12:33:54.9382341Z","6772cf90fd94e6dbab4775d6d89480c3615707943e63c72d89e0056a0ff7432d"
"gpu_mn_mg_cgcnn_20260803","experiments/active_learning/tests/__pycache__/test_interval_gpu_protocol.cpython-311-pytest-9.0.3.pyc","48000","2026-08-04T09:05:03.3326675Z","2ddbb498c77fde8a647c8001f69738ed24189dfd1e6a356ba1f5d1570a5cfb27"
"gpu_mn_mg_cgcnn_20260803","experiments/active_learning/tests/__pycache__/test_mc_dropout_seed_policy.cpython-311-pytest-9.0.3.pyc","23675","2026-07-30T08:49:11.5742656Z","6feee8a7c0e352b208548ce58957ded5bb5638babf8d6ddf5c677d24b340e5f6"
"gpu_mn_mg_cgcnn_20260803","experiments/active_learning/tests/__pycache__/test_mn_mg_interval_analysis.cpython-311-pytest-9.0.3.pyc","19406","2026-08-04T05:02:21.9683735Z","fcbd27eb58fcbbe940e5237b6c7eaeb1d7567cca699e2cf6227325a6271d6df9"
"gpu_mn_mg_cgcnn_20260803","experiments/active_learning/tests/__pycache__/test_prepare_dft_kpoint_extension.cpython-311-pytest-9.0.3.pyc","11981","2026-08-03T12:33:57.7193919Z","9cbf291f78ec17fb73ec37d00f8f2037f22559a7d8e4704b16cf7037cb088c1d"
"gpu_mn_mg_cgcnn_20260803","experiments/active_learning/tests/__pycache__/test_prepare_dft_kpoint_jobs.cpython-311-pytest-9.0.3.pyc","18502","2026-08-03T12:33:57.7373976Z","2bcacc817dc1bce982489b74fab97ba14e3a6ee53352044a9b1a8080ea18f5bc"
"gpu_mn_mg_cgcnn_20260803","experiments/active_learning/tests/__pycache__/test_prepare_gpu_development_jobs.cpython-311-pytest-9.0.3.pyc","13279","2026-08-03T12:33:57.7474661Z","006bb547b8f9a83e48917a589d4545573faaa0e65e344f06dacd5e5c373bf934"
"gpu_mn_mg_cgcnn_20260803","experiments/active_learning/tests/__pycache__/test_prepare_gpu_formal_jobs.cpython-311-pytest-9.0.3.pyc","14688","2026-08-03T12:33:57.7584646Z","fcb86713cf5944e53a92a08c96237f82eadb1932f1661f09f8d4bb033e9409c3"
"gpu_mn_mg_cgcnn_20260803","experiments/active_learning/tests/__pycache__/test_prepare_gpu_threshold_calibration.cpython-311-pytest-9.0.3.pyc","16755","2026-08-03T12:33:57.7704643Z","2942c1a255f9e979f40a3c7d771617f3ac2fd3b287f230d74496cc20c23c7c97"
"gpu_mn_mg_cgcnn_20260803","experiments/active_learning/tests/__pycache__/test_prepare_gpu_weight_calibration.cpython-311-pytest-9.0.3.pyc","15732","2026-08-03T12:33:57.7814644Z","df11e7192ef6fa5bc1f54bac82119afc1bf86945c552ac5004e5bc15ef71d1c9"
"gpu_mn_mg_cgcnn_20260803","experiments/active_learning/tests/__pycache__/test_render_parameter_calibration_report.cpython-311-pytest-9.0.3.pyc","6056","2026-08-03T12:33:57.7874645Z","225957361146a8d42e0564ef1cf3d9de02fa8b927afc2dc9673d354459aaef02"
"gpu_mn_mg_cgcnn_20260803","experiments/active_learning/tests/__pycache__/test_run_paired_dataset_job.cpython-311-pytest-9.0.3.pyc","6267","2026-07-30T08:49:23.3279250Z","d87666b2db2f22722aca33d66c55bd94b11df8789b9e5777130394765078fa17"
"gpu_mn_mg_cgcnn_20260803","experiments/active_learning/tests/__pycache__/test_server_experiment_watchdog.cpython-311-pytest-9.0.3.pyc","45362","2026-08-03T12:33:57.8104656Z","7705ecdc5f5dc632b8e55f9b4176d40e3ba8f1a2169899fe9a48d23b5f551e1d"
"gpu_mn_mg_cgcnn_20260803","experiments/active_learning/tests/__pycache__/test_structural_gate_feasibility_protocol.cpython-311-pytest-9.0.3.pyc","9651","2026-08-04T09:04:09.8318883Z","bc5801ac14dc85e0482d2fafafaf77326159997f9b17ec3d2b6af22047d2c70c"
"gpu_mn_mg_cgcnn_20260803","experiments/active_learning/tests/__pycache__/test_structural_gate_quality_safeguard.cpython-311-pytest-9.0.3.pyc","9007","2026-08-04T08:47:08.6885412Z","9711c6e180e037368aca28838b4553438bd403b60d9394a17959fcdd3cd9127d"
"gpu_mn_mg_cgcnn_20260803","experiments/active_learning/tests/__pycache__/test_uncertainty_units.cpython-311-pytest-9.0.3.pyc","19155","2026-07-30T08:49:23.3021351Z","1c72bbe861b95fdb648aa6fb392e4ad39a43398ebb1cde182971d5493099ee42"
"gpu_mn_mg_cgcnn_20260803","experiments/active_learning/tests/__pycache__/test_update_active_gpu_manifest.cpython-311-pytest-9.0.3.pyc","9122","2026-08-03T12:33:57.8264652Z","c29cccb8b0f5fe37f7c2238f64d2cd88097e13ef27db7f4e246fc992a2e5c45f"
"gpu_mn_mg_cgcnn_20260803","experiments/active_learning/tests/__pycache__/test_vasp_benchmark_task.cpython-311-pytest-9.0.3.pyc","14167","2026-08-03T12:33:57.8374683Z","a901feb88c615eb64fab7a9d62512a5ba60c87d946e79db84ae0d962d78fad3c"
"gpu_mn_mg_cgcnn_20260803","experiments/active_learning/__pycache__/active_learning_energy_gate_ablation.cpython-311.pyc","39876","2026-08-04T08:47:53.3504714Z","48fbd7d3cdba2fe162aa13ef29bc7948e67738662afa8b2baa0c30c4c9df2ba0"
"gpu_mn_mg_cgcnn_20260803","experiments/active_learning/__pycache__/active_learning_etdg_tage.cpython-311.pyc","41173","2026-08-03T12:28:56.4621313Z","96b60cd7e8b4badacdb948292b3cffadb05ba7e42ac9883fc132b46693b9c1d7"
"gpu_mn_mg_cgcnn_20260803","experiments/active_learning/__pycache__/mc_dropout_protocol.cpython-311.pyc","11067","2026-07-30T08:49:23.3096334Z","e93e8ff29c4d8b41d5b0da49bcf28cb7a7e2bee72eba62b4dda3449335ef3c97"
"gpu_mn_mg_cgcnn_20260803","experiments/active_learning/__pycache__/mc_dropout_seed_policy.cpython-311.pyc","3655","2026-07-30T08:49:23.1392977Z","0e0d912e11923ad734d72417a7e250c98c9f02102a2601e203b712dc9094d757"
"gpu_mn_mg_cgcnn_20260803","experiments/active_learning/__pycache__/uncertainty_units.cpython-311.pyc","7365","2026-07-30T08:49:23.3138070Z","2f768f1b2f09e94b211828a2168bf616925a5bf9bd7e100b7d4e4ecd69dfe94f"
"gpu_mn_mg_cgcnn_20260803","experiments/dft_audit/candidate_pool_master.csv","897082","2026-07-23T08:31:34.4637604Z","7171701be18a7d391dfd58e15b12461fcb32f7db34395e6c785f7cfc6742ad1a"
"gpu_mn_mg_cgcnn_20260803","experiments/dft_audit/.pytest_cache/.gitignore","39","2026-07-30T08:56:34.8329142Z","e7c6bb30148cf667606dcd63e7ca77acaa3cfb0c8303bf09e6419e1e1669dc6d"
"gpu_mn_mg_cgcnn_20260803","experiments/dft_audit/.pytest_cache/CACHEDIR.TAG","191","2026-07-30T08:56:34.8334154Z","37dc88ef9a0abeddbe81053a6dd8fdfb13afb613045ea1eb4a5c815a74a3bde4"
"gpu_mn_mg_cgcnn_20260803","experiments/dft_audit/.pytest_cache/README.md","310","2026-07-30T08:56:34.8319150Z","420e808d79a6c25d3cda0af33bc4782314a14949866682c68ce8149e89b66b70"
"gpu_mn_mg_cgcnn_20260803","experiments/dft_audit/.pytest_cache/v/cache/lastfailed","2","2026-07-30T08:58:09.4029959Z","44136fa355b3678a1146ad16f7e8649e94fb4fc21fe77e8310c060f61caaff8a"
"gpu_mn_mg_cgcnn_20260803","experiments/dft_audit/.pytest_cache/v/cache/nodeids","1445","2026-07-30T09:03:50.1709023Z","e303e42f0c404c0d7619bd8cc359ef29d27af9b404a95f87faf9f037b2f9b29c"
"gpu_mn_mg_cgcnn_20260803","experiments/dft_audit/analysis/analyze_concurrency_benchmarks.py","24315","2026-07-25T07:15:00.0000000Z","2b8e4934dfd330c42c95330a6ca8d873af008a5e7e8953670ab72f4cb2d25ce7"
"gpu_mn_mg_cgcnn_20260803","experiments/dft_audit/analysis/analyze_dft_kpoint_convergence.py","13036","2026-07-25T07:15:00.0000000Z","2d9b7249fa42c5f3ce0d7f0643c390d149d34fdc97bc7b6cbfb9077905d59fa3"
"gpu_mn_mg_cgcnn_20260803","experiments/dft_audit/analysis/analyze_gpu_parameter_calibration.py","15012","2026-07-25T07:15:00.0000000Z","1b65c32846b92e9f3a5e0926fd7089633692787f39064267d0ba253011d64757"
"gpu_mn_mg_cgcnn_20260803","experiments/dft_audit/analysis/analyze_mc_dropout_selection.py","16460","2026-07-25T07:15:00.0000000Z","24008fde54948dd137e40c1b5f72e9f1aa7211f33428016fbfe7b41833edcc2f"
"gpu_mn_mg_cgcnn_20260803","experiments/dft_audit/analysis/audit_checkpoint_provenance.py","18545","2026-07-25T07:15:00.0000000Z","ac9b4494791700e291162da0d618a19238db84e4b715e2d0e531d38986b66eac"
"gpu_mn_mg_cgcnn_20260803","experiments/dft_audit/analysis/audit_common.py","4554","2026-07-25T07:15:00.0000000Z","730291cea0b2a23e781f575f4015343696e1bbfa8db2dddd868eb2e728ee5f5e"
"gpu_mn_mg_cgcnn_20260803","experiments/dft_audit/analysis/audit_current_potcars_remote.py","13062","2026-07-25T07:15:00.0000000Z","01b54371016c99f7a26f99a22e658768864b4759fdcb52384a8374ad1bd02a40"
"gpu_mn_mg_cgcnn_20260803","experiments/dft_audit/analysis/audit_formal_selection.py","13861","2026-07-25T07:15:00.0000000Z","24bbd7f8033e492c7af5af1f1816e040f00250b4460b22e9eea3036d141ae485"
"gpu_mn_mg_cgcnn_20260803","experiments/dft_audit/analysis/audit_minimal_dft_remote.py","10607","2026-07-25T07:15:00.0000000Z","841f94c24f8d8cf227c89a17905197e12d65cff774d9efcce11b9e4972e023a8"
"gpu_mn_mg_cgcnn_20260803","experiments/dft_audit/analysis/audit_pilot_relaxation_artifacts.py","6136","2026-07-25T07:15:00.0000000Z","0898e455aebe5ef63c42b26a0c9288df2457be4e8b79f2ba72eb4d7d3794c365"
"gpu_mn_mg_cgcnn_20260803","experiments/dft_audit/analysis/audit_seed_variation.py","19050","2026-07-25T07:15:00.0000000Z","2f5fe8f7fd27c4ca57faca72373d9b6f9376f265e56be4ba594a46ad0788c3d9"
"gpu_mn_mg_cgcnn_20260803","experiments/dft_audit/analysis/build_audit_output_manifest.py","3371","2026-07-25T07:15:00.0000000Z","cd93235af4ae9f2f239895fff93c2e73bfe6e86cdf852f6307421715df1f945b"
"gpu_mn_mg_cgcnn_20260803","experiments/dft_audit/analysis/build_dft_finalization_manifest.py","22891","2026-07-25T07:15:00.0000000Z","6c127f4b26eb08b4507facde903802c07c2099ee38860fac2f66265f746ff691"
"gpu_mn_mg_cgcnn_20260803","experiments/dft_audit/analysis/build_dft_manifest.py","23071","2026-07-25T07:15:00.0000000Z","a209cd95d1d848e3ae8a5e0ea87e24ba32daa4dc4b68216968213011fe153455"
"gpu_mn_mg_cgcnn_20260803","experiments/dft_audit/analysis/build_formal_group_key_maps.py","2552","2026-07-25T07:15:00.0000000Z","30780db037d0deb3c4623c453023a00572aedf329056caceb177ddc9f595e132"
"gpu_mn_mg_cgcnn_20260803","experiments/dft_audit/analysis/build_group_key_inventory.py","14986","2026-07-25T07:15:00.0000000Z","14f553004af5e589a8d93d65197a8b21166db7e0048464fcf8720b5f8f4d3b23"
"gpu_mn_mg_cgcnn_20260803","experiments/dft_audit/analysis/build_matched_seed_figures.py","13562","2026-07-25T07:15:00.0000000Z","bd68bf283dcf51493c0ad82e08ab173d638af7f06cd605c7f0d2602bfb9f592c"
"gpu_mn_mg_cgcnn_20260803","experiments/dft_audit/analysis/build_parameter_calibration_evidence.py","4627","2026-07-25T07:15:00.0000000Z","ba3cca6b643832b55580ab03548176247304de24fb6f5aae171e60ce8bb4639f"
"gpu_mn_mg_cgcnn_20260803","experiments/dft_audit/analysis/build_v34_dft_verification_evidence.py","13191","2026-07-25T07:15:00.0000000Z","adc471fc62a737ddeef83d0b72997842ef2ad90eca0dc4859b12d02d37586c7c"
"gpu_mn_mg_cgcnn_20260803","experiments/dft_audit/analysis/build_v34_evidence_tables.py","30629","2026-07-25T07:15:00.0000000Z","89f72239b55e67d78fb76f4d031cfdafd9188a3826a953854f4fb3c11d8dd0a7"
"gpu_mn_mg_cgcnn_20260803","experiments/dft_audit/analysis/build_v34_figures.py","43878","2026-07-25T07:15:00.0000000Z","2a6482b6071c1b71f699e8448af37dfb5544e542ec76b929768cbb8813235d06"
"gpu_mn_mg_cgcnn_20260803","experiments/dft_audit/analysis/check_v34_consistency.py","11692","2026-07-25T07:15:00.0000000Z","3026075c3d90b1774ee06f8c61d1246e26f53ff4a321c524d91a0bea593505c2"
"gpu_mn_mg_cgcnn_20260803","experiments/dft_audit/analysis/collect_prospective_cr_current.py","22470","2026-07-25T07:15:00.0000000Z","a7f124ace66b00db84c5c9df5dfb02ae0a79b95bbed569bd015307edf906e847"
"gpu_mn_mg_cgcnn_20260803","experiments/dft_audit/analysis/compute_self_consistent_fe.py","1618","2026-07-25T07:15:00.0000000Z","130b04811cea2c77a25eda2d71ffbc2a1321eb0b0c618a0f76e873538f540c3c"
"gpu_mn_mg_cgcnn_20260803","experiments/dft_audit/analysis/dft_finalization_runner.py","6959","2026-07-25T07:15:00.0000000Z","97eb864fce7b0d7bb084e541d290708ad68a88f8e8c150d2dab250f8be7a4625"
"gpu_mn_mg_cgcnn_20260803","experiments/dft_audit/analysis/extract_dft_audit.py","30957","2026-07-25T07:15:00.0000000Z","7943ae7aa3436a9137589ba6ad7dbf65c5e814ab0521dfc78f4d7bb45426fb81"
"gpu_mn_mg_cgcnn_20260803","experiments/dft_audit/analysis/finalize_gpu_calibration.py","4102","2026-07-25T07:15:00.0000000Z","3e7389b3c428bded786bc97000dc44eff05532edb1adbf9c9e8d6238181d565d"
"gpu_mn_mg_cgcnn_20260803","experiments/dft_audit/analysis/finalize_minimal_dft_results.py","12004","2026-07-25T07:15:00.0000000Z","d5ecd2b72bd647b6956b36afd007a896679e4f99354ccd078e455a4bc63eb429"
"gpu_mn_mg_cgcnn_20260803","experiments/dft_audit/analysis/freeze_final_gpu_protocol.py","7351","2026-07-25T07:15:00.0000000Z","e7a126a74be71bb5f241b7f1cd7b06959c9f5cca4365ed36a38b1f460d8e7a26"
"gpu_mn_mg_cgcnn_20260803","experiments/dft_audit/analysis/launch_minimal_dft_batch.py","18361","2026-07-25T07:15:00.0000000Z","6623310f2938a8c2643c7533b6f1852f259823b5c26b6520e51a7316f5f50107"
"gpu_mn_mg_cgcnn_20260803","experiments/dft_audit/analysis/minimal_dft_batch.py","19837","2026-07-25T07:15:00.0000000Z","cf9e36103effab17bc6351c107f0a7fcba152a7839af131e8dc3b4772e14829b"
"gpu_mn_mg_cgcnn_20260803","experiments/dft_audit/analysis/postprocess_dft_elemental_references.py","13182","2026-07-25T07:15:00.0000000Z","9497bed72a5ef9282563af08e1186def4626d2b684990ba457e1b8e4c8be970e"
"gpu_mn_mg_cgcnn_20260803","experiments/dft_audit/analysis/postprocess_dft_verification_relaxations.py","15170","2026-07-25T07:15:00.0000000Z","05254efdd2f8b7e7d17ccffe634111249cfe835d83bfaf3b7bb62451a5f7cc76"
"gpu_mn_mg_cgcnn_20260803","experiments/dft_audit/analysis/postprocess_dft_verification_statics.py","20386","2026-07-25T07:15:00.0000000Z","a4c6c1583fdf228b7b8fa57350c030b0eacb661e9df1f2815dac167bf84a871c"
"gpu_mn_mg_cgcnn_20260803","experiments/dft_audit/analysis/postprocess_formal_results.py","8568","2026-07-25T07:15:00.0000000Z","b4e9828d68df3ad9f58fb5daa86e00cbcdad960729ad0845ed0b8364e9beb9a9"
"gpu_mn_mg_cgcnn_20260803","experiments/dft_audit/analysis/prepare_dft_candidate_static_jobs.py","18784","2026-07-25T07:15:00.0000000Z","373b3907fc064664065d0972eff257eb68916333f2c3893898b56d4213dfadc7"
"gpu_mn_mg_cgcnn_20260803","experiments/dft_audit/analysis/prepare_dft_elemental_reference_jobs.py","13777","2026-07-25T07:15:00.0000000Z","e5c4477f8ef85efc0682f1eb2e94e99ff6ac270b86eb032d8251d436ccad3d1c"
"gpu_mn_mg_cgcnn_20260803","experiments/dft_audit/analysis/prepare_dft_finalization_inputs.py","18766","2026-07-25T07:15:00.0000000Z","ec52341c107f96bf0e095d8c9f650a04f520f9f933190463402a35c42c93f36b"
"gpu_mn_mg_cgcnn_20260803","experiments/dft_audit/analysis/prepare_dft_kpoint_extension.py","6101","2026-07-25T07:15:00.0000000Z","b533d0179d687d9f50727e5c5b6c41f26df04a470cea2dead454d469b1f7d347"
"gpu_mn_mg_cgcnn_20260803","experiments/dft_audit/analysis/prepare_dft_kpoint_jobs.py","8987","2026-07-25T07:15:00.0000000Z","a7d16e0c4e1bb81b9f9d93645a2814f86fe30a0674da35abe8a735d7aad592f0"
"gpu_mn_mg_cgcnn_20260803","experiments/dft_audit/analysis/prepare_gpu_development_jobs.py","5443","2026-07-25T07:15:00.0000000Z","238f502d476e4a76491178844bb585c5af9ac29dbbe5ab39728bff5df21fd44f"
"gpu_mn_mg_cgcnn_20260803","experiments/dft_audit/analysis/prepare_gpu_formal_jobs.py","10271","2026-07-25T07:15:00.0000000Z","a37da7bce91b568a0b6f9f274810214d2f4cac68a56b66cbba7e42a78a6038f2"
"gpu_mn_mg_cgcnn_20260803","experiments/dft_audit/analysis/prepare_gpu_threshold_calibration.py","5415","2026-07-25T07:15:00.0000000Z","5785f155e8cc5aa50b44ce8049fbcdfb273bc529ef2fade6e47b5d027b9d18e5"
"gpu_mn_mg_cgcnn_20260803","experiments/dft_audit/analysis/prepare_gpu_weight_calibration.py","6146","2026-07-25T07:15:00.0000000Z","36d38ccdc7bee05ae972756b5e4e3099b3e805fe0968fdd58eeef12fee344450"
"gpu_mn_mg_cgcnn_20260803","experiments/dft_audit/analysis/prepare_minimal_dft_batch.py","22878","2026-07-25T07:15:00.0000000Z","f4a74e2ef475fd2be5052aa8ac3ea7646d8cf2c53e591d6df73b8c8fb6202e0f"
"gpu_mn_mg_cgcnn_20260803","experiments/dft_audit/analysis/prospective_cr_current.py","28883","2026-07-25T07:15:00.0000000Z","9cd851c1e2e18b9b0702bc8b7fdff133cbd8063c0b2fb441c3fa47402b42d85d"
"gpu_mn_mg_cgcnn_20260803","experiments/dft_audit/analysis/prospective_cr_v2.py","35138","2026-07-25T07:15:00.0000000Z","5101fd98d9e1d9b4527a85f497565e35a1a5d0b2b353668551dc8830399f9d68"
"gpu_mn_mg_cgcnn_20260803","experiments/dft_audit/analysis/recompute_partial_budget_metrics.py","7515","2026-07-25T07:15:00.0000000Z","34707a32f35c7fc95c25fe861a65e6b14c908f6e331c5b34b21b7c72b95ae411"
"gpu_mn_mg_cgcnn_20260803","experiments/dft_audit/analysis/recompute_self_consistent_fe_decimal.py","1602","2026-07-25T07:15:00.0000000Z","d854c434b39e7face0ebb64147e7d54a7a0f2f564903a62215017e77b6e3d6ba"
"gpu_mn_mg_cgcnn_20260803","experiments/dft_audit/analysis/recompute_statistics.py","32508","2026-07-25T07:15:00.0000000Z","9de095f4e4c709cc97a7a132a2d9d1e67d9096ab86af150b6cd91346e42914fa"
"gpu_mn_mg_cgcnn_20260803","experiments/dft_audit/analysis/remote_current_dft_controller.py","22601","2026-07-25T07:15:00.0000000Z","e07aa915cc3e039af751a132cdabd01b6f05231e8fab6050a4eb8dd6b94c8655"
"gpu_mn_mg_cgcnn_20260803","experiments/dft_audit/analysis/render_parameter_calibration_report.py","5745","2026-07-25T07:15:00.0000000Z","693089e07610b4ddafe8ee08e18a4b484f2a50ec17ea379fd0c173fc6f9fcb82"
"gpu_mn_mg_cgcnn_20260803","experiments/dft_audit/analysis/report_alpha_mn_probe.py","9336","2026-07-25T07:15:00.0000000Z","79b04d8c09a32d7fa09db32776fedbfd697115c0f32619717317d0ec8f5f062b"
"gpu_mn_mg_cgcnn_20260803","experiments/dft_audit/analysis/retrieve_dft_verification_stage.py","10302","2026-07-25T07:15:00.0000000Z","3e070513b2624df5667ff29b1be6505b375cfe5e0e09febbf3dc7556a611b755"
"gpu_mn_mg_cgcnn_20260803","experiments/dft_audit/analysis/run_audited_job_queue.py","21688","2026-07-25T07:15:00.0000000Z","1ae147173a727a60733ec8623d434d45c0a25fe1ab024f715e1bd9e4df176217"
"gpu_mn_mg_cgcnn_20260803","experiments/dft_audit/analysis/run_concurrency_benchmark.py","21351","2026-07-25T07:15:00.0000000Z","aeae52dc8dd4f1c2fd3813aedaa91647d68687d797521f7469093ac44b49ed9b"
"gpu_mn_mg_cgcnn_20260803","experiments/dft_audit/analysis/run_dft_candidate_static_stage.py","8699","2026-07-25T07:15:00.0000000Z","e879d96dc3ffa6b63319884561c96b992b83087a2f82914b3c007bf110c0fedc"
"gpu_mn_mg_cgcnn_20260803","experiments/dft_audit/analysis/run_dft_verification_supervisor.py","14933","2026-07-25T07:15:00.0000000Z","c03e7b84f22c848f27727807960bbf16dbc819d676823d5e6b2555890ba37ce4"
"gpu_mn_mg_cgcnn_20260803","experiments/dft_audit/analysis/run_gate_ablation_smoke.py","27633","2026-07-25T07:15:00.0000000Z","3de265e2193605aac0aef110ce512580ac6218392172a709ff2df2f1f7a6b76d"
"gpu_mn_mg_cgcnn_20260803","experiments/dft_audit/analysis/run_mc_dropout_microbenchmark.py","25796","2026-07-25T07:15:00.0000000Z","bd883697266c35e6b14db9a2832e29965436e43eac3853dd6e58d328e25133be"
"gpu_mn_mg_cgcnn_20260803","experiments/dft_audit/analysis/run_minimal_dft_remote.py","29970","2026-07-25T07:15:00.0000000Z","753a41ad3635c0881b71c7fa697523804db03304d29374f53dc203b77274babd"
"gpu_mn_mg_cgcnn_20260803","experiments/dft_audit/analysis/run_postcompute_analysis.py","79668","2026-07-25T07:15:00.0000000Z","a6ef9ebcadc57c3982abfa6ef7f636632f0599e23020276d58da747a548721f9"
"gpu_mn_mg_cgcnn_20260803","experiments/dft_audit/analysis/run_prospective_cr_current_remote.py","13317","2026-07-25T07:15:00.0000000Z","81667a49081d55b4c94d3cc6dc3feebbd8c6ab9adfebded232067c5312713593"
"gpu_mn_mg_cgcnn_20260803","experiments/dft_audit/analysis/run_vasp_benchmark_task.py","5167","2026-07-25T07:15:00.0000000Z","8a4d8204a763a6dfad1185680044fe08146c68af52beb3cc8f28a2c49d019849"
"gpu_mn_mg_cgcnn_20260803","experiments/dft_audit/analysis/server_completion_finalizer.py","65649","2026-07-25T07:15:00.0000000Z","af8a9f1f304c72922c8de5a5393db2ba5d1d0119e220461fc9a89f10cd673fbc"
"gpu_mn_mg_cgcnn_20260803","experiments/dft_audit/analysis/server_experiment_watchdog.py","21112","2026-07-25T07:15:00.0000000Z","b29f2612e1c0451e7aa3ab5a0f678ea18c3dd15208956921a24948c06c28ea23"
"gpu_mn_mg_cgcnn_20260803","experiments/dft_audit/analysis/update_active_gpu_manifest.py","2178","2026-07-25T07:15:00.0000000Z","859f2e4f70bf0f1affc78a56070f06e9f7ffca9cfbac8a17ccb53021cbaad2a9"
"gpu_mn_mg_cgcnn_20260803","experiments/dft_audit/analysis/v33_table_reference.json","11855","2026-07-25T07:15:00.0000000Z","6c66a0a298cb43134aeacb48b30a341d84788db996dc1c519302741db962221a"
"gpu_mn_mg_cgcnn_20260803","experiments/dft_audit/analysis/verify_postcompute_analysis.py","7734","2026-07-25T07:15:00.0000000Z","d412810e88a840bd34133a392729fb111443559ba004ec175b3e921bebbb3678"
"gpu_mn_mg_cgcnn_20260803","experiments/dft_audit/analysis/watch_dft_verification_postprocess.py","9564","2026-07-25T07:15:00.0000000Z","692e37ae68ce2b04662b2aea583d64bb7ed7be762b7175ffc8946dea17ec4b88"
"gpu_mn_mg_cgcnn_20260803","experiments/dft_audit/analysis/__init__.py","69","2026-07-25T07:15:00.0000000Z","63c9ddbffc94e70882e16b4b35024a3f4a5982fd93fa9d50ad2c0ffe3e9be3bb"
"gpu_mn_mg_cgcnn_20260803","experiments/dft_audit/analysis/__pycache__/audit_current_potcars_remote.cpython-311.pyc","18851","2026-07-30T08:56:24.2635375Z","3701f8513ecbfeba43aac25deb13981e4890a7ec1c844094b81b49a4a1993dd4"
"gpu_mn_mg_cgcnn_20260803","experiments/dft_audit/analysis/__pycache__/collect_prospective_cr_current.cpython-311.pyc","30487","2026-07-30T08:56:32.9487689Z","88303ed5ed9afb04d201dff10f710b87a47f0d507272793411fc0f44cf23a8fb"
"gpu_mn_mg_cgcnn_20260803","experiments/dft_audit/analysis/__pycache__/compute_self_consistent_fe.cpython-311.pyc","3407","2026-07-30T08:56:26.6580023Z","9d0809715a824bc39b4c77883cff11dec83e2b02a6a3e8275bfcafdd64402dc8"
"gpu_mn_mg_cgcnn_20260803","experiments/dft_audit/analysis/__pycache__/finalize_minimal_dft_results.cpython-311.pyc","19508","2026-07-30T08:56:32.9662962Z","6818a69dae6080c614e60ad1368d01c971004f099c76fa83c66d9a2630091ab0"
"gpu_mn_mg_cgcnn_20260803","experiments/dft_audit/analysis/__pycache__/postprocess_dft_elemental_references.cpython-311.pyc","17870","2026-07-30T08:56:32.9868210Z","d2175a1c95e967993fdfe0e848be01ec5c7840562fb36ffafc088c87d838186c"
"gpu_mn_mg_cgcnn_20260803","experiments/dft_audit/analysis/__pycache__/prepare_dft_elemental_reference_jobs.cpython-311.pyc","19181","2026-07-30T08:56:32.9933343Z","636bf5da0583f2a0731fb3e960069181645f27f8991426eaae2cbcb8b35afa28"
"gpu_mn_mg_cgcnn_20260803","experiments/dft_audit/analysis/__pycache__/prepare_dft_kpoint_jobs.cpython-311.pyc","14209","2026-07-30T08:56:32.9993423Z","463efaf2be4591c27bf1d248ecd948becc53608232cc7c615cd36310a075a57a"
"gpu_mn_mg_cgcnn_20260803","experiments/dft_audit/analysis/__pycache__/prospective_cr_current.cpython-311.pyc","36077","2026-07-30T08:56:26.6675206Z","5e9aeca31eeacaa6b9d08bcc0fdd4ea0228ac856e73922e20e174c59d71df971"
"gpu_mn_mg_cgcnn_20260803","experiments/dft_audit/analysis/__pycache__/recompute_self_consistent_fe_decimal.cpython-311.pyc","3671","2026-07-30T08:56:32.9219795Z","41e0f345896676a55d2a0d6fddd4bb6b26d6a06fa34bd2b6c14b550fa27e3e04"
"gpu_mn_mg_cgcnn_20260803","experiments/dft_audit/analysis/__pycache__/run_prospective_cr_current_remote.cpython-311.pyc","17166","2026-07-30T08:56:32.9276235Z","ce4524fee5b543a818185ca911e02b883b94339b814df16593290d84addb46c6"
"gpu_mn_mg_cgcnn_20260803","experiments/dft_audit/analysis/__pycache__/__init__.cpython-311.pyc","375","2026-07-30T08:56:24.2580385Z","410197bea6d7fcf1b12c71ba4ab0e60664079e346406795bc6b923ef88160efd"
"gpu_mn_mg_cgcnn_20260803","experiments/dft_audit/configs/dft_candidate_static_reuse_map.json","559","2026-07-25T07:15:00.0000000Z","37708ac08402cf616734914a0bfd5c354abb640575470eac561c2811ed2edac7"
"gpu_mn_mg_cgcnn_20260803","experiments/dft_audit/configs/dft_elemental_reference_plan.json","4338","2026-07-25T07:15:00.0000000Z","cfb96e8d5b0bcdec4bf98f7bf05cc379cdc7f993aced2dc6af8d805563bfcd2a"
"gpu_mn_mg_cgcnn_20260803","experiments/dft_audit/dft/audit/alpha_mn_probe_metrics.json","2125","2026-07-25T07:15:00.0000000Z","c8650939a2a3c8c9a49ad4db480ed55f9c799dfce91a0aa9bb299e65159a56c3"
"gpu_mn_mg_cgcnn_20260803","experiments/dft_audit/dft/audit/convergence_inventory.csv","39364","2026-07-25T07:15:00.0000000Z","4c6eeb59062113fa9810973ca91e54e51194f55971d8e564d88a8f27a1dd1b93"
"gpu_mn_mg_cgcnn_20260803","experiments/dft_audit/dft/audit/dft_candidate_manifest.csv","22650","2026-07-25T07:15:00.0000000Z","ee48fdbc604da3e52eb3383bd07ace7a22926c388522f6feebfbdc98b5204f8c"
"gpu_mn_mg_cgcnn_20260803","experiments/dft_audit/dft/audit/dft_settings.csv","103203","2026-07-25T07:15:00.0000000Z","d423ae49b1085b5afee92d9b8ec11be5304d9aa95549da2b4c1f3c33c70c0c1a"
"gpu_mn_mg_cgcnn_20260803","experiments/dft_audit/dft/audit/elemental_references.csv","5499","2026-07-25T07:15:00.0000000Z","60db75cd1614931027a40cd09d78ae5b171b9e399f48b06037ab75d7a5891f73"
"gpu_mn_mg_cgcnn_20260803","experiments/dft_audit/dft/audit/magnetic_initializations.csv","5405","2026-07-25T07:15:00.0000000Z","a49ba873c4d1c5fc3e6385b037fc0ef75b2ea4f3ccd87379d4204e8bfae6d3d1"
"gpu_mn_mg_cgcnn_20260803","experiments/dft_audit/dft/audit/pilot_relaxation_artifact_search.csv","2368","2026-07-25T07:15:00.0000000Z","50c7a1b840730deb33cebcfad4bd8225831c1e0d6a75ad47cc97df6f20273a91"
"gpu_mn_mg_cgcnn_20260803","experiments/dft_audit/dft/audit/structure_metrics.csv","17459","2026-07-25T07:15:00.0000000Z","97647958a10b577196a76e3ab83250b2020214bc52f583ad399d84554bb3d87f"
"gpu_mn_mg_cgcnn_20260803","experiments/dft_audit/dft/audit/elemental_reference_preflight_20260717T200000Z/source_validation.json","5205","2026-07-25T07:15:00.0000000Z","e05cc11f12e483652ba17a262baba61b51269330e8853dffa2c927b48e948e96"
"gpu_mn_mg_cgcnn_20260803","experiments/dft_audit/dft/audit/remote_pilot_search_20260717T193331Z/candidate_summary.csv","1121","2026-07-25T07:15:00.0000000Z","e2010a17d4b156f76ced3b27127399339eee9662f7658f4e1b8c5368d717ef64"
"gpu_mn_mg_cgcnn_20260803","experiments/dft_audit/dft/audit/remote_pilot_search_20260717T193331Z/evidence_files.csv","15816","2026-07-25T07:15:00.0000000Z","e03a28cdc4bcdc321b3a65e44a0f2aeb3eb509a947cf10a6a85d6768585974d8"
"gpu_mn_mg_cgcnn_20260803","experiments/dft_audit/dft/audit/remote_pilot_search_20260717T193331Z/search_metadata.json","357","2026-07-25T07:15:00.0000000Z","b666ea926c635fada15d9e03b48dd4e40c94ebe63701622d2d90d37c4a4e8880"
"gpu_mn_mg_cgcnn_20260803","experiments/dft_audit/dft/audit/superseded_v1_static_fmax/convergence_inventory.csv","39200","2026-07-25T07:15:00.0000000Z","e637ec11dcc946fc4acb69e86cf71e28e959fff2e626b7337b4d0f89a99b08c4"
"gpu_mn_mg_cgcnn_20260803","experiments/dft_audit/dft/audit/superseded_v1_static_fmax/dft_settings.csv","104087","2026-07-25T07:15:00.0000000Z","dfc8695ac41b8db9b84613fb7426124024a9652229f757c7cc7927f56b0ce6e1"
"gpu_mn_mg_cgcnn_20260803","experiments/dft_audit/dft/audit/superseded_v1_static_fmax/elemental_references.csv","5516","2026-07-25T07:15:00.0000000Z","ac16a09e523ca5dc76d00b1967ad28805695a8ba2bdff17cb303103d0c5721ae"
"gpu_mn_mg_cgcnn_20260803","experiments/dft_audit/dft/audit/superseded_v1_static_fmax/magnetic_initializations.csv","5221","2026-07-25T07:15:00.0000000Z","9cd3eab92f11d005d6c9facbff5c16ff5610f2c6b88c09db131ef83439928008"
"gpu_mn_mg_cgcnn_20260803","experiments/dft_audit/dft/audit/superseded_v1_static_fmax/README.md","1464","2026-07-25T07:15:00.0000000Z","ebddaaade955a7b4e93c9d53a1fc42fd21614300a58ac868e16106fe70f4f29a"
"gpu_mn_mg_cgcnn_20260803","experiments/dft_audit/dft/audit/superseded_v1_static_fmax/structure_metrics.csv","15435","2026-07-25T07:15:00.0000000Z","d4c8b1cdbe8e5cae1e52f6994f4e9df6915340ae65c98c34def2db821ab0f793"
"gpu_mn_mg_cgcnn_20260803","experiments/dft_audit/dft/audit/superseded_v2_missing_output_reason/convergence_inventory.csv","39200","2026-07-25T07:15:00.0000000Z","e637ec11dcc946fc4acb69e86cf71e28e959fff2e626b7337b4d0f89a99b08c4"
"gpu_mn_mg_cgcnn_20260803","experiments/dft_audit/dft/audit/superseded_v2_missing_output_reason/dft_settings.csv","103067","2026-07-25T07:15:00.0000000Z","3ee76b174a66705aeec81c582250383f4a81be212d66165ced017437454ec9c0"
"gpu_mn_mg_cgcnn_20260803","experiments/dft_audit/dft/audit/superseded_v2_missing_output_reason/elemental_references.csv","5499","2026-07-25T07:15:00.0000000Z","60db75cd1614931027a40cd09d78ae5b171b9e399f48b06037ab75d7a5891f73"
"gpu_mn_mg_cgcnn_20260803","experiments/dft_audit/dft/audit/superseded_v2_missing_output_reason/magnetic_initializations.csv","5405","2026-07-25T07:15:00.0000000Z","a49ba873c4d1c5fc3e6385b037fc0ef75b2ea4f3ccd87379d4204e8bfae6d3d1"
"gpu_mn_mg_cgcnn_20260803","experiments/dft_audit/dft/audit/superseded_v2_missing_output_reason/README.md","1228","2026-07-25T07:15:00.0000000Z","75c14163b5674795c8b3b5bbc70c33d592afb898604f553fdbec5d599a978e76"
"gpu_mn_mg_cgcnn_20260803","experiments/dft_audit/dft/audit/superseded_v2_missing_output_reason/structure_metrics.csv","17459","2026-07-25T07:15:00.0000000Z","97647958a10b577196a76e3ab83250b2020214bc52f583ad399d84554bb3d87f"
"gpu_mn_mg_cgcnn_20260803","experiments/dft_audit/dft/audit/superseded_v3_pre_live_remote_search/dft_candidate_manifest.csv","22650","2026-07-25T07:15:00.0000000Z","ee48fdbc604da3e52eb3383bd07ace7a22926c388522f6feebfbdc98b5204f8c"
"gpu_mn_mg_cgcnn_20260803","experiments/dft_audit/dft/audit/superseded_v3_pre_live_remote_search/DFT_SELECTION_TIMELINE.md","5464","2026-07-25T07:15:00.0000000Z","b7476e0d677ce6999209f81812011a9b395c6ca34664b42539430a5bbf55b329"
"gpu_mn_mg_cgcnn_20260803","experiments/dft_audit/dft/audit/superseded_v3_pre_live_remote_search/pilot_relaxation_artifact_search.csv","2116","2026-07-25T07:15:00.0000000Z","b069fb32c098b619a549a0d07b0c36adb9b2046b36f0045f1a61dec72d860f0e"
"gpu_mn_mg_cgcnn_20260803","experiments/dft_audit/tests/test_analyze_dft_kpoint_convergence.py","6632","2026-07-25T07:15:00.0000000Z","2b121cd9cdf9e781211eefb7e22530e5af5031fe4e247edab2828861c3eb622d"
"gpu_mn_mg_cgcnn_20260803","experiments/dft_audit/tests/test_analyze_gpu_parameter_calibration.py","11392","2026-07-25T07:15:00.0000000Z","c0453333fed138889b292289b67a3dc2314a43a075a4d1d0393afe5642282faa"
"gpu_mn_mg_cgcnn_20260803","experiments/dft_audit/tests/test_analyze_mc_dropout_selection.py","5713","2026-07-25T07:15:00.0000000Z","7bfc2a47a882c1941520b96efb1afabbd24de251f7e0a36b3cb62cb6f9a5b091"
"gpu_mn_mg_cgcnn_20260803","experiments/dft_audit/tests/test_audited_job_queue.py","8725","2026-07-25T07:15:00.0000000Z","53b86bf2e6a57dd5a6d01d4e85b36213178868d7178f9b876c2fded8504e50fd"
"gpu_mn_mg_cgcnn_20260803","experiments/dft_audit/tests/test_build_formal_group_key_maps.py","1545","2026-07-25T07:15:00.0000000Z","747d0963c155cbc113d0a79ca2c26d764db6612266ed31ff4b769ea1fd8d0a56"
"gpu_mn_mg_cgcnn_20260803","experiments/dft_audit/tests/test_build_v34_dft_verification_evidence.py","7782","2026-07-25T07:15:00.0000000Z","f01751ce5e75e39defdd9968c1b114d3b7c84c6f3d13de50f9320fc704a6b565"
"gpu_mn_mg_cgcnn_20260803","experiments/dft_audit/tests/test_build_v34_evidence_tables.py","12810","2026-07-25T07:15:00.0000000Z","6a536f0fc4c5cf3b366bc5a26a6dc3099d912fb067c71391123a36da5ffcf405"
"gpu_mn_mg_cgcnn_20260803","experiments/dft_audit/tests/test_build_v34_figures.py","5882","2026-07-25T07:15:00.0000000Z","6bfa11e672e0e45c4baed113ad77543e58d40061ad663c2040cb511d26d97f90"
"gpu_mn_mg_cgcnn_20260803","experiments/dft_audit/tests/test_checkpoint_provenance_audit.py","3882","2026-07-25T07:15:00.0000000Z","d57c23795802b72ac4c1dd98da3a7d71e3d3cd84290fce6f289cd2046a5205f2"
"gpu_mn_mg_cgcnn_20260803","experiments/dft_audit/tests/test_check_v34_consistency.py","2421","2026-07-25T07:15:00.0000000Z","8e023a47e16231d9dcdc5cb6a01080827d890c96a917f654fababa45dcbed242"
"gpu_mn_mg_cgcnn_20260803","experiments/dft_audit/tests/test_concurrency_benchmark.py","4655","2026-07-25T07:15:00.0000000Z","a69e0518b26d1f963edfe4806b4e9012398e61900fd72f0901d1f66976986435"
"gpu_mn_mg_cgcnn_20260803","experiments/dft_audit/tests/test_concurrency_benchmark_analysis.py","6501","2026-07-25T07:15:00.0000000Z","3ee8dfeb913bece96d38e3beb68c2d9439bab168c55629d87fc480ad6e71e624"
"gpu_mn_mg_cgcnn_20260803","experiments/dft_audit/tests/test_cosine_similarity_behavior.py","2290","2026-07-25T07:15:00.0000000Z","2816e787ac9b134ae949f111809bc535e0a92de7bc946492560657754df5f253"
"gpu_mn_mg_cgcnn_20260803","experiments/dft_audit/tests/test_deterministic_ranking.py","1951","2026-07-25T07:15:00.0000000Z","578288a0aab95900f8684563e426c79b96e5159515719bd5a5af800feeff962b"
"gpu_mn_mg_cgcnn_20260803","experiments/dft_audit/tests/test_dft_finalization_manifest.py","4975","2026-07-25T07:15:00.0000000Z","7af560e500c7eb125a6f536fe48cf420df002b261482c3e0149255bad976e98e"
"gpu_mn_mg_cgcnn_20260803","experiments/dft_audit/tests/test_dft_finalization_runner.py","11399","2026-07-25T07:15:00.0000000Z","8f50a465259f94e421901b4ab7b1cf1389cf8a081ac3d1c4a3a378f3f6f53a32"
"gpu_mn_mg_cgcnn_20260803","experiments/dft_audit/tests/test_dft_verification_supervisor.py","3237","2026-07-25T07:15:00.0000000Z","a2c7ebef4d2a12a917f10bdf8afc32529cb4f453ef481384a17a91134793cefc"
"gpu_mn_mg_cgcnn_20260803","experiments/dft_audit/tests/test_finalize_minimal_dft_results.py","5483","2026-07-25T07:15:00.0000000Z","65050153a7ad0737c7da41213b26f142dceaa91b11e213ee93a560e8c0700e18"
"gpu_mn_mg_cgcnn_20260803","experiments/dft_audit/tests/test_formal_protocol.py","4275","2026-07-25T07:15:00.0000000Z","f9cc1c032eaea378ac7cffbebe0fb4dae4d5d44c08bbcb0edf02616576b7b9c3"
"gpu_mn_mg_cgcnn_20260803","experiments/dft_audit/tests/test_freeze_final_gpu_protocol.py","2805","2026-07-25T07:15:00.0000000Z","d9d2ec5ab34d9e9bf0789518ff06bc34127834dd54550082c2a63b1baa7aee4f"
"gpu_mn_mg_cgcnn_20260803","experiments/dft_audit/tests/test_mc_dropout_seed_policy.py","4037","2026-07-25T07:15:00.0000000Z","e28eae3b3e4d304ae3dd0110c1257a70fd05e54dfd8eb8f529902c81cff22ec3"
"gpu_mn_mg_cgcnn_20260803","experiments/dft_audit/tests/test_minimal_dft_batch.py","14475","2026-07-25T07:15:00.0000000Z","139f49213020bf83b44696862d95fd387b216490daa76f68054f67f87f1041bb"
"gpu_mn_mg_cgcnn_20260803","experiments/dft_audit/tests/test_parameter_calibration_evidence.py","2899","2026-07-25T07:15:00.0000000Z","f80f405da24474dcacd38d9e1332f72688bc326eaa533563fc97ed9596434425"
"gpu_mn_mg_cgcnn_20260803","experiments/dft_audit/tests/test_partial_budget_metrics.py","1557","2026-07-25T07:15:00.0000000Z","d3c1258bb99addc9f6decb6779a307fde8447a2fe2d06db26e56f5099b16e554"
"gpu_mn_mg_cgcnn_20260803","experiments/dft_audit/tests/test_postprocess_dft_elemental_references.py","7620","2026-07-25T07:15:00.0000000Z","241525181448c3221cad6a7f8c20005fc7b7bbb41d31d8c9976f99e53e5c31b6"
"gpu_mn_mg_cgcnn_20260803","experiments/dft_audit/tests/test_postprocess_dft_verification_relaxations.py","9168","2026-07-25T07:15:00.0000000Z","3474f5188802e53863793c3d7680e6a7c82a6c9aa2b1afa3694c0b8a2e71f755"
"gpu_mn_mg_cgcnn_20260803","experiments/dft_audit/tests/test_postprocess_dft_verification_statics.py","7934","2026-07-25T07:15:00.0000000Z","06a9e755eb2ef1a7bfefd4883a697b5c534d2ec914a8870fe3031f35babd1869"
"gpu_mn_mg_cgcnn_20260803","experiments/dft_audit/tests/test_postprocess_formal_results.py","6295","2026-07-25T07:15:00.0000000Z","629711a8814492642ff6c0df93c617e06cb8d4a9a258db876614d715bcc15f4e"
"gpu_mn_mg_cgcnn_20260803","experiments/dft_audit/tests/test_prepare_dft_candidate_static_jobs.py","8365","2026-07-25T07:15:00.0000000Z","ccec7c582c7bcbc51c3b26a5a2db8b5158062d4ee1d616d3c833cdda631532c1"
"gpu_mn_mg_cgcnn_20260803","experiments/dft_audit/tests/test_prepare_dft_elemental_reference_jobs.py","7851","2026-07-25T07:15:00.0000000Z","8b469f2acac15b1399611fa5feab83ad5fc3b1760a39cff6174d34735dc3c8aa"
"gpu_mn_mg_cgcnn_20260803","experiments/dft_audit/tests/test_prepare_dft_kpoint_extension.py","2937","2026-07-25T07:15:00.0000000Z","83cc2f164722000ed9a6858860765dd8c4d1c12130312d39da061ff90bba8bbe"
"gpu_mn_mg_cgcnn_20260803","experiments/dft_audit/tests/test_prepare_dft_kpoint_jobs.py","3222","2026-07-25T07:15:00.0000000Z","d754463ed958762d77c8d79162e393a378f5a44d80ff5006f256ddf21058b969"
"gpu_mn_mg_cgcnn_20260803","experiments/dft_audit/tests/test_prepare_gpu_development_jobs.py","1769","2026-07-25T07:15:00.0000000Z","78e62d48fa7b747f384dbd8f9a31d62fa28527614f46cbd8b58768561147999e"
"gpu_mn_mg_cgcnn_20260803","experiments/dft_audit/tests/test_prepare_gpu_formal_jobs.py","2548","2026-07-25T07:15:00.0000000Z","59069f198b7860ef9a11808d79564b4f733cd4130eceb97897ffe60851604a78"
"gpu_mn_mg_cgcnn_20260803","experiments/dft_audit/tests/test_prepare_gpu_threshold_calibration.py","2250","2026-07-25T07:15:00.0000000Z","40b7db9f70bc39a1137cc2694e80bd2e3dfed47e85124689ef2b21ab8387793f"
"gpu_mn_mg_cgcnn_20260803","experiments/dft_audit/tests/test_prepare_gpu_weight_calibration.py","2225","2026-07-25T07:15:00.0000000Z","dd121cfe744e2d42a76fa8df48fa9d8a7b7a27791e6ac6a90e50683ae608ceb4"
"gpu_mn_mg_cgcnn_20260803","experiments/dft_audit/tests/test_prospective_cr_current.py","7784","2026-07-25T07:15:00.0000000Z","99a562cb06ca45cc053db618694e36408dc1055bd41a7205fdccb46e829cb5f6"
"gpu_mn_mg_cgcnn_20260803","experiments/dft_audit/tests/test_prospective_cr_current_results.py","3200","2026-07-25T07:15:00.0000000Z","1e096e8553371e10f64ee72fb0d83bae85ebaacf6d06f1b89350f1621d51215a"
"gpu_mn_mg_cgcnn_20260803","experiments/dft_audit/tests/test_prospective_cr_v2.py","4993","2026-07-25T07:15:00.0000000Z","abcabe126e01e74aa04194158259edd5410176481d094e09ff80064f91414d9d"
"gpu_mn_mg_cgcnn_20260803","experiments/dft_audit/tests/test_render_parameter_calibration_report.py","2126","2026-07-25T07:15:00.0000000Z","17d2d21d6103caac59806593bfe068002a19c5c3684d7a0c7b8ffa7306a0e3a5"
"gpu_mn_mg_cgcnn_20260803","experiments/dft_audit/tests/test_report_alpha_mn_probe.py","2153","2026-07-25T07:15:00.0000000Z","efde8b12b8a505a1e01ab1bca41ca096c44b6a9145f146b6f2fc73502720651d"
"gpu_mn_mg_cgcnn_20260803","experiments/dft_audit/tests/test_retrieve_dft_verification_stage.py","1917","2026-07-25T07:15:00.0000000Z","f5b1e5fa8a7ac96c28ed399c24d5b7b929c23ee760ae9f5693b35f14f0846ba7"
"gpu_mn_mg_cgcnn_20260803","experiments/dft_audit/tests/test_run_dft_candidate_static_stage.py","2236","2026-07-25T07:15:00.0000000Z","45673ed2cb8b0d99da71e2d004a9e506a23f9bce8d257f83c2d438546803b922"
"gpu_mn_mg_cgcnn_20260803","experiments/dft_audit/tests/test_run_minimal_dft_remote.py","4281","2026-07-25T07:15:00.0000000Z","3be0daad3714eb3499d4116dd5191339114eae1aadefa379560f2b6fdf2d7071"
"gpu_mn_mg_cgcnn_20260803","experiments/dft_audit/tests/test_run_paired_dataset_job.py","1069","2026-07-25T07:15:00.0000000Z","b885a4e6d387cdc1c171a25a761339e7a02b58aefb9614ae6b99ed42a7532768"
"gpu_mn_mg_cgcnn_20260803","experiments/dft_audit/tests/test_server_completion_finalizer.py","22655","2026-07-25T07:15:00.0000000Z","bc0160f3ac617d57007ddd7b9031d170a5b19642db061b111bc1f8ba037bccb7"
"gpu_mn_mg_cgcnn_20260803","experiments/dft_audit/tests/test_server_experiment_watchdog.py","10928","2026-07-25T07:15:00.0000000Z","19c37f61f798f3ab838e9af9e1dab8ff98ccd596c025de3afb6a61c0545154ca"
"gpu_mn_mg_cgcnn_20260803","experiments/dft_audit/tests/test_uncertainty_units.py","6040","2026-07-25T07:15:00.0000000Z","1f1c3984b6f281cc37fa1e5de665b1414a3f057684ae8d3b5cef58276d6afb31"
"gpu_mn_mg_cgcnn_20260803","experiments/dft_audit/tests/test_update_active_gpu_manifest.py","1393","2026-07-25T07:15:00.0000000Z","ea538e899389e3790eb3a03035dce1a662e270d99b794752a73047f6345c7027"
"gpu_mn_mg_cgcnn_20260803","experiments/dft_audit/tests/test_vasp_benchmark_task.py","3137","2026-07-25T07:15:00.0000000Z","ad8fea16731bcfce8e9f435c0551ee007ade40078f10370e2f93a45e40613ba3"
"gpu_mn_mg_cgcnn_20260803","experiments/dft_audit/tests/test_watch_dft_verification_postprocess.py","1635","2026-07-25T07:15:00.0000000Z","4d8c119fc4be6875df49e1537735bcee4fa00f67ae31934ab6e9c825939607ec"
"gpu_mn_mg_cgcnn_20260803","experiments/dft_audit/tests/audit/test_audit_common.py","3370","2026-07-25T07:15:00.0000000Z","9c30ac10dfaf7abe76b3e1d69fb91e5217fdfd46128105c030eb9bf7f20b04f1"
"gpu_mn_mg_cgcnn_20260803","experiments/dft_audit/tests/audit/test_audit_output_manifest.py","1002","2026-07-25T07:15:00.0000000Z","d5346a2748046298f07a7f76f0e892322184e31e2162e9b85ed28af7b000aec5"
"gpu_mn_mg_cgcnn_20260803","experiments/dft_audit/tests/audit/test_dft_manifest.py","5071","2026-07-25T07:15:00.0000000Z","15b0d0e8a4b84d9ee7b3be67532ca797d3b1a0a99f0b68b9bfda77bc8abdb7d2"
"gpu_mn_mg_cgcnn_20260803","experiments/dft_audit/tests/audit/test_extract_dft_audit.py","6703","2026-07-25T07:15:00.0000000Z","5d801df7a97c49086a3bb40d8582cf303c5fcfdba3d43e9096fd67f327b169eb"
"gpu_mn_mg_cgcnn_20260803","experiments/dft_audit/tests/audit/test_gate_ablation_smoke.py","5966","2026-07-25T07:15:00.0000000Z","94cdb633a47058f4e046de02ba91bd18aff3ffb719a228f83a893f6f86c76c9b"
"gpu_mn_mg_cgcnn_20260803","experiments/dft_audit/tests/audit/test_group_key_inventory.py","2651","2026-07-25T07:15:00.0000000Z","1d9495907a0dc8ac2b8dea7884a1c662d24c422a370e780a7948caf754a14efe"
"gpu_mn_mg_cgcnn_20260803","experiments/dft_audit/tests/audit/test_matched_seed_figures.py","3917","2026-07-25T07:15:00.0000000Z","448866b8199e801ebf1a18de3179e5224802a2c57f3ff421238ccbeded874490"
"gpu_mn_mg_cgcnn_20260803","experiments/dft_audit/tests/audit/test_mc_dropout_microbenchmark.py","3315","2026-07-25T07:15:00.0000000Z","f2109bcc4889bee2c24b4bdb5bfd264d4c2418af777052c7aed0dc506ba2122d"
"gpu_mn_mg_cgcnn_20260803","experiments/dft_audit/tests/audit/test_pilot_remote_artifacts.py","1888","2026-07-25T07:15:00.0000000Z","947c1f93a8022b2a52ba513234824e13d1418f320bc95c20f3948132f4db669c"
"gpu_mn_mg_cgcnn_20260803","experiments/dft_audit/tests/audit/test_recompute_statistics.py","9984","2026-07-25T07:15:00.0000000Z","c7b3e01b93a2862080875dae84b642d67f266e8ffcc09b3495a6595bd2cbc6c4"
"gpu_mn_mg_cgcnn_20260803","experiments/dft_audit/tests/audit/test_seed_variation.py","1638","2026-07-25T07:15:00.0000000Z","4e7cc193fe0a73864b7ba679f39506046a0ae94ad5b0fece1da1a42d2279373a"
"gpu_mn_mg_cgcnn_20260803","experiments/dft_audit/tests/__pycache__/test_finalize_minimal_dft_results.cpython-311-pytest-9.0.3.pyc","11475","2026-07-30T08:56:32.9607735Z","49b3cf8c18f200c3c2e082747b53d2c32807ba314a831e823de891ddced0b80c"
"gpu_mn_mg_cgcnn_20260803","experiments/dft_audit/tests/__pycache__/test_postprocess_dft_elemental_references.cpython-311-pytest-9.0.3.pyc","17333","2026-07-30T08:56:32.9798212Z","d099f508bdbfdcfdb156045ee9627e3eab1aa0ce65896d887770f1bd3881e6c5"
"gpu_mn_mg_cgcnn_20260803","experiments/dft_audit/tests/__pycache__/test_prospective_cr_current.cpython-311-pytest-9.0.3.pyc","35439","2026-07-30T08:56:23.1119888Z","a5eea832d64660a5119d6c363402fb1dc3147f5a7fe0d7f1c0c88cab4a7d5d35"
"gpu_mn_mg_cgcnn_20260803","experiments/dft_audit/tests/__pycache__/test_prospective_cr_current_results.cpython-311-pytest-9.0.3.pyc","8038","2026-07-30T08:56:32.9401245Z","178b4917f5758451aa8e432be574a53b1efbedb0777dc3fb3fd854f4ede8decd"
"gpu_mn_mg_cgcnn_20260803","experiments/hidden_evaluability/PROSPECTIVE_PROTOCOL_FREEZE.yaml","4730","2026-07-27T15:57:42.6698802Z","c7c7d062338e38a99941cd22872afc80e9c16436efc12d6c9ae81119a37dfdf1"
"gpu_mn_mg_cgcnn_20260803","experiments/hidden_evaluability/pytest.ini","64","2026-07-27T15:57:43.3599580Z","116043a3d7f460918fcd72e5c5e2b8960e7a179b5a87595fe5540c983ade89e4"
"gpu_mn_mg_cgcnn_20260803","experiments/hidden_evaluability/THREE_SYSTEM_PROTOCOL_AMENDMENT_V2.yaml","2524","2026-07-28T05:55:06.9385568Z","9cfde91e2e1da87878e455c314037399a56b7ce7ab71b72e7953cc112ccd0ad4"
"gpu_mn_mg_cgcnn_20260803","experiments/hidden_evaluability/THREE_SYSTEM_PROTOCOL_FREEZE.yaml","4642","2026-07-27T16:14:05.5335885Z","077bf4f947b181a9cb349b72d03bf8c33489ac729a326f20fca57e9c90f6e800"
"gpu_mn_mg_cgcnn_20260803","experiments/hidden_evaluability/.pytest_cache/.gitignore","39","2026-07-30T08:54:43.2166881Z","e7c6bb30148cf667606dcd63e7ca77acaa3cfb0c8303bf09e6419e1e1669dc6d"
"gpu_mn_mg_cgcnn_20260803","experiments/hidden_evaluability/.pytest_cache/CACHEDIR.TAG","191","2026-07-30T08:54:43.2171879Z","37dc88ef9a0abeddbe81053a6dd8fdfb13afb613045ea1eb4a5c815a74a3bde4"
"gpu_mn_mg_cgcnn_20260803","experiments/hidden_evaluability/.pytest_cache/README.md","310","2026-07-30T08:54:43.2156874Z","420e808d79a6c25d3cda0af33bc4782314a14949866682c68ce8149e89b66b70"
"gpu_mn_mg_cgcnn_20260803","experiments/hidden_evaluability/.pytest_cache/v/cache/lastfailed","2","2026-07-30T08:55:52.5339779Z","44136fa355b3678a1146ad16f7e8649e94fb4fc21fe77e8310c060f61caaff8a"
"gpu_mn_mg_cgcnn_20260803","experiments/hidden_evaluability/.pytest_cache/v/cache/nodeids","3176","2026-07-30T09:03:47.4052285Z","179a9e0834c513e36389b0b578c3198fa712b19c06993c958e89609a50c0516d"
"gpu_mn_mg_cgcnn_20260803","experiments/hidden_evaluability/analysis/three_system/data.py","8676","2026-07-27T16:04:34.6149995Z","3383c062205cb62245a76c844cf98bf858530cf52f28ecf591977d8e193c5e73"
"gpu_mn_mg_cgcnn_20260803","experiments/hidden_evaluability/analysis/three_system/manuscript_assets.py","30862","2026-07-28T06:14:52.4439631Z","632680038bfe643bfacb94b2786800b9a32ab0f5ac8559eb4a780e6e5893310a"
"gpu_mn_mg_cgcnn_20260803","experiments/hidden_evaluability/analysis/three_system/models.py","23460","2026-07-27T16:10:28.9426747Z","759f953a78eaaa49520747e1ffd350f24b400012a7a1f87b732867de02c03b92"
"gpu_mn_mg_cgcnn_20260803","experiments/hidden_evaluability/analysis/three_system/pipeline.py","25550","2026-07-28T05:58:16.5118611Z","39e4f1055a5aa627ab3666691649c05c6755937d16cf0d5bdad8341bc6ad06da"
"gpu_mn_mg_cgcnn_20260803","experiments/hidden_evaluability/analysis/three_system/replay.py","23023","2026-07-28T05:53:21.2187314Z","2568877aad4012a54bbcd9d0072ed430d4204f559c0001e92ae3386953df03ef"
"gpu_mn_mg_cgcnn_20260803","experiments/hidden_evaluability/analysis/three_system/retrospective_actual_dft.py","11411","2026-07-28T08:52:30.0073269Z","5399bd238de6bbf47b699a2f2a6f56a3f5ee9cfd8cb72fbb26daa7c578d3e08a"
"gpu_mn_mg_cgcnn_20260803","experiments/hidden_evaluability/analysis/three_system/__init__.py","71","2026-07-27T16:04:34.6139983Z","86785e4a6e43e856d468f580e517737ae41afe2085431222378d280e9879e256"
"gpu_mn_mg_cgcnn_20260803","experiments/hidden_evaluability/analysis/three_system/__pycache__/data.cpython-311.pyc","13312","2026-07-30T08:51:30.2694695Z","d6f50fe82badc3c18b890ce84d1fe11158cf944381c21a754c9288a60633af4a"
"gpu_mn_mg_cgcnn_20260803","experiments/hidden_evaluability/analysis/three_system/__pycache__/manuscript_assets.cpython-311.pyc","39606","2026-07-30T08:51:39.2814899Z","259b3f52418fe0ee263cc5c607bdeada382ee06422db0da16fabf9b5f17c380c"
"gpu_mn_mg_cgcnn_20260803","experiments/hidden_evaluability/analysis/three_system/__pycache__/models.cpython-311.pyc","33507","2026-07-30T08:51:30.3797541Z","f36d942b6762d076ea45461062115ae4be5f99d7e37ca0ec2287f69b7378f6f1"
"gpu_mn_mg_cgcnn_20260803","experiments/hidden_evaluability/analysis/three_system/__pycache__/pipeline.cpython-311.pyc","34877","2026-07-30T08:51:39.0384407Z","43542f7df8b62c45066fe2ba7cc13d9665052a1bc0632ef5aab515410326926a"
"gpu_mn_mg_cgcnn_20260803","experiments/hidden_evaluability/analysis/three_system/__pycache__/replay.cpython-311.pyc","30408","2026-07-30T08:51:39.0970079Z","aa8df6c63d88b1deedc62c49f43759d49f0540529b3441721b9c9276104c21fd"
"gpu_mn_mg_cgcnn_20260803","experiments/hidden_evaluability/analysis/three_system/__pycache__/retrospective_actual_dft.cpython-311.pyc","15595","2026-07-30T08:51:30.2173019Z","611cbcd1df601d58c496a7eed0375137fac57f62285d54a8b6787291fa61c9dd"
"gpu_mn_mg_cgcnn_20260803","experiments/hidden_evaluability/analysis/three_system/__pycache__/__init__.cpython-311.pyc","400","2026-07-30T08:51:30.2128022Z","7421fa2138b7ef262e45f9eab73e06d1fd4ba872c1846b60a1d642b782a2c210"
"gpu_mn_mg_cgcnn_20260803","experiments/hidden_evaluability/dft/audit/alpha_mn_probe_metrics.json","2125","2026-07-27T15:57:43.1079928Z","c8650939a2a3c8c9a49ad4db480ed55f9c799dfce91a0aa9bb299e65159a56c3"
"gpu_mn_mg_cgcnn_20260803","experiments/hidden_evaluability/dft/audit/convergence_inventory.csv","39364","2026-07-27T15:57:43.1079928Z","4c6eeb59062113fa9810973ca91e54e51194f55971d8e564d88a8f27a1dd1b93"
"gpu_mn_mg_cgcnn_20260803","experiments/hidden_evaluability/dft/audit/dft_candidate_manifest.csv","22650","2026-07-27T15:57:43.1079928Z","ee48fdbc604da3e52eb3383bd07ace7a22926c388522f6feebfbdc98b5204f8c"
"gpu_mn_mg_cgcnn_20260803","experiments/hidden_evaluability/dft/audit/dft_settings.csv","103203","2026-07-27T15:57:43.1089928Z","d423ae49b1085b5afee92d9b8ec11be5304d9aa95549da2b4c1f3c33c70c0c1a"
"gpu_mn_mg_cgcnn_20260803","experiments/hidden_evaluability/dft/audit/elemental_references.csv","5499","2026-07-27T15:57:43.1099921Z","60db75cd1614931027a40cd09d78ae5b171b9e399f48b06037ab75d7a5891f73"
"gpu_mn_mg_cgcnn_20260803","experiments/hidden_evaluability/dft/audit/magnetic_initializations.csv","5405","2026-07-27T15:57:43.1099921Z","a49ba873c4d1c5fc3e6385b037fc0ef75b2ea4f3ccd87379d4204e8bfae6d3d1"
"gpu_mn_mg_cgcnn_20260803","experiments/hidden_evaluability/dft/audit/pilot_relaxation_artifact_search.csv","2368","2026-07-27T15:57:43.1099921Z","50c7a1b840730deb33cebcfad4bd8225831c1e0d6a75ad47cc97df6f20273a91"
"gpu_mn_mg_cgcnn_20260803","experiments/hidden_evaluability/dft/audit/structure_metrics.csv","17459","2026-07-27T15:57:43.1119960Z","97647958a10b577196a76e3ab83250b2020214bc52f583ad399d84554bb3d87f"
"gpu_mn_mg_cgcnn_20260803","experiments/hidden_evaluability/dft/audit/elemental_reference_preflight_20260717T200000Z/source_validation.json","5205","2026-07-27T15:57:43.1089928Z","e05cc11f12e483652ba17a262baba61b51269330e8853dffa2c927b48e948e96"
"gpu_mn_mg_cgcnn_20260803","experiments/hidden_evaluability/dft/audit/remote_pilot_search_20260717T193331Z/candidate_summary.csv","1121","2026-07-27T15:57:43.1109920Z","e2010a17d4b156f76ced3b27127399339eee9662f7658f4e1b8c5368d717ef64"
"gpu_mn_mg_cgcnn_20260803","experiments/hidden_evaluability/dft/audit/remote_pilot_search_20260717T193331Z/evidence_files.csv","15816","2026-07-27T15:57:43.1109920Z","e03a28cdc4bcdc321b3a65e44a0f2aeb3eb509a947cf10a6a85d6768585974d8"
"gpu_mn_mg_cgcnn_20260803","experiments/hidden_evaluability/dft/audit/remote_pilot_search_20260717T193331Z/search_metadata.json","357","2026-07-27T15:57:43.1119960Z","b666ea926c635fada15d9e03b48dd4e40c94ebe63701622d2d90d37c4a4e8880"
"gpu_mn_mg_cgcnn_20260803","experiments/hidden_evaluability/dft/audit/superseded_v1_static_fmax/convergence_inventory.csv","39200","2026-07-27T15:57:43.1129934Z","e637ec11dcc946fc4acb69e86cf71e28e959fff2e626b7337b4d0f89a99b08c4"
"gpu_mn_mg_cgcnn_20260803","experiments/hidden_evaluability/dft/audit/superseded_v1_static_fmax/dft_settings.csv","104087","2026-07-27T15:57:43.1139936Z","dfc8695ac41b8db9b84613fb7426124024a9652229f757c7cc7927f56b0ce6e1"
"gpu_mn_mg_cgcnn_20260803","experiments/hidden_evaluability/dft/audit/superseded_v1_static_fmax/elemental_references.csv","5516","2026-07-27T15:57:43.1139936Z","ac16a09e523ca5dc76d00b1967ad28805695a8ba2bdff17cb303103d0c5721ae"
"gpu_mn_mg_cgcnn_20260803","experiments/hidden_evaluability/dft/audit/superseded_v1_static_fmax/magnetic_initializations.csv","5221","2026-07-27T15:57:43.1149944Z","9cd3eab92f11d005d6c9facbff5c16ff5610f2c6b88c09db131ef83439928008"
"gpu_mn_mg_cgcnn_20260803","experiments/hidden_evaluability/dft/audit/superseded_v1_static_fmax/README.md","1464","2026-07-27T15:57:43.1129934Z","ebddaaade955a7b4e93c9d53a1fc42fd21614300a58ac868e16106fe70f4f29a"
"gpu_mn_mg_cgcnn_20260803","experiments/hidden_evaluability/dft/audit/superseded_v1_static_fmax/structure_metrics.csv","15435","2026-07-27T15:57:43.1149944Z","d4c8b1cdbe8e5cae1e52f6994f4e9df6915340ae65c98c34def2db821ab0f793"
"gpu_mn_mg_cgcnn_20260803","experiments/hidden_evaluability/dft/audit/superseded_v2_missing_output_reason/convergence_inventory.csv","39200","2026-07-27T15:57:43.1159931Z","e637ec11dcc946fc4acb69e86cf71e28e959fff2e626b7337b4d0f89a99b08c4"
"gpu_mn_mg_cgcnn_20260803","experiments/hidden_evaluability/dft/audit/superseded_v2_missing_output_reason/dft_settings.csv","103067","2026-07-27T15:57:43.1159931Z","3ee76b174a66705aeec81c582250383f4a81be212d66165ced017437454ec9c0"
"gpu_mn_mg_cgcnn_20260803","experiments/hidden_evaluability/dft/audit/superseded_v2_missing_output_reason/elemental_references.csv","5499","2026-07-27T15:57:43.1169945Z","60db75cd1614931027a40cd09d78ae5b171b9e399f48b06037ab75d7a5891f73"
"gpu_mn_mg_cgcnn_20260803","experiments/hidden_evaluability/dft/audit/superseded_v2_missing_output_reason/magnetic_initializations.csv","5405","2026-07-27T15:57:43.1169945Z","a49ba873c4d1c5fc3e6385b037fc0ef75b2ea4f3ccd87379d4204e8bfae6d3d1"
"gpu_mn_mg_cgcnn_20260803","experiments/hidden_evaluability/dft/audit/superseded_v2_missing_output_reason/README.md","1228","2026-07-27T15:57:43.1149944Z","75c14163b5674795c8b3b5bbc70c33d592afb898604f553fdbec5d599a978e76"
"gpu_mn_mg_cgcnn_20260803","experiments/hidden_evaluability/dft/audit/superseded_v2_missing_output_reason/structure_metrics.csv","17459","2026-07-27T15:57:43.1169945Z","97647958a10b577196a76e3ab83250b2020214bc52f583ad399d84554bb3d87f"
"gpu_mn_mg_cgcnn_20260803","experiments/hidden_evaluability/dft/audit/superseded_v3_pre_live_remote_search/dft_candidate_manifest.csv","22650","2026-07-27T15:57:43.1179928Z","ee48fdbc604da3e52eb3383bd07ace7a22926c388522f6feebfbdc98b5204f8c"
"gpu_mn_mg_cgcnn_20260803","experiments/hidden_evaluability/dft/audit/superseded_v3_pre_live_remote_search/DFT_SELECTION_TIMELINE.md","5464","2026-07-27T15:57:43.1179928Z","b7476e0d677ce6999209f81812011a9b395c6ca34664b42539430a5bbf55b329"
"gpu_mn_mg_cgcnn_20260803","experiments/hidden_evaluability/dft/audit/superseded_v3_pre_live_remote_search/pilot_relaxation_artifact_search.csv","2116","2026-07-27T15:57:43.1189922Z","b069fb32c098b619a549a0d07b0c36adb9b2046b36f0045f1a61dec72d860f0e"
"gpu_mn_mg_cgcnn_20260803","experiments/hidden_evaluability/environment/prospective_environment.json","2502","2026-07-27T15:57:43.2359665Z","5dc96c48fb6661a129c99971c47f15048024ebc8451d2077a325df549039ee8f"
"gpu_mn_mg_cgcnn_20260803","experiments/hidden_evaluability/environment/prospective_environment_lock.json","357","2026-07-27T15:57:43.2359665Z","309861e0f070dc328d3d30a866ed3c3e17a23619e566f50a2f221c93944ca2ee"
"gpu_mn_mg_cgcnn_20260803","experiments/hidden_evaluability/inputs/three_system/candidate_pool_master.csv","897082","2026-07-23T08:31:34.4637604Z","7171701be18a7d391dfd58e15b12461fcb32f7db34395e6c785f7cfc6742ad1a"
"gpu_mn_mg_cgcnn_20260803","experiments/hidden_evaluability/inputs/three_system/mlip_full_pool_results.csv","600405","2026-07-27T13:54:36.0000000Z","37fc2a9ce0f7eb9c4d914b5f347f0c127a32754edb1bc38c06748f7fb7a51892"
"gpu_mn_mg_cgcnn_20260803","experiments/hidden_evaluability/results/post_submission_analysis/egdatpp_psfix_v1_20260719T031102Z/dft/recomputed_formation_energies.csv","17383","2026-07-27T15:57:43.4109575Z","20f0e9f291dfef21d5d456c6c69e0da0e63cad6eeb3d3eb2aa7b38f2ce9de796"
"gpu_mn_mg_cgcnn_20260803","experiments/hidden_evaluability/results/three_system_low_data_v3_joint_endpoint/dft_evaluability_model_cv.csv","430","2026-07-28T05:56:05.7671629Z","51569e8b52757f5fb80918cd509ff947823165bd318399c66095ac974f7c7e1f"
"gpu_mn_mg_cgcnn_20260803","experiments/hidden_evaluability/results/three_system_low_data_v3_joint_endpoint/dft_evaluability_model_oof_predictions.csv","8848","2026-07-28T05:56:05.7681625Z","aab20045a24efd4ce8d912127d902cca6749fdcb30ef0a4d7dd1b534141ab1d8"
"gpu_mn_mg_cgcnn_20260803","experiments/hidden_evaluability/results/three_system_low_data_v3_joint_endpoint/three_system_candidate_scores.csv","174462","2026-07-28T05:56:13.1531878Z","f46131d02839ff63248acfb816c204d26edaf5bec3bbd16828e7e9c54a11b58f"
"gpu_mn_mg_cgcnn_20260803","experiments/hidden_evaluability/tests/three_system/test_actual_dft_replay.py","1024","2026-07-27T17:17:36.7918017Z","2d94a1c6d9b8c4f5aa1debebca7e906aeffff06fb967f057203ea0739c87976d"
"gpu_mn_mg_cgcnn_20260803","experiments/hidden_evaluability/tests/three_system/test_hidden_evaluability_overlay.py","6380","2026-07-28T08:52:13.7653453Z","05b0d9e16cb0df99b266c504769ecafa444f20ba567bc90d238f0fe0d545658c"
"gpu_mn_mg_cgcnn_20260803","experiments/hidden_evaluability/tests/three_system/test_manuscript_assets.py","15765","2026-07-28T05:53:39.8736290Z","e8eb3e2ec2f23f88b1d1c55813c2c98f3d626edd342e51717a3fc0efd8392398"
"gpu_mn_mg_cgcnn_20260803","experiments/hidden_evaluability/tests/three_system/test_three_system_data.py","2535","2026-07-27T16:02:03.0889607Z","21ca939f873b38866f7766605f8d51fd743c9704c003e1b7a891c712936a7200"
"gpu_mn_mg_cgcnn_20260803","experiments/hidden_evaluability/tests/three_system/test_three_system_models.py","4576","2026-07-27T16:08:56.7189356Z","4a5efc78ea33ac70377b6a94daf539f85361051412e78f194caa3b155a59e62c"
"gpu_mn_mg_cgcnn_20260803","experiments/hidden_evaluability/tests/three_system/test_three_system_pipeline.py","4575","2026-07-28T05:56:47.7213954Z","ba66ce7cafaad59c5a63454c6ad33525a86b9cdfff7ca063fb1e441796059875"
"gpu_mn_mg_cgcnn_20260803","experiments/hidden_evaluability/tests/three_system/test_three_system_replay.py","6190","2026-07-28T05:52:43.0402182Z","321cef5fa80c9ec9f0ac26c2db6067219e3bae6f0ceb1a4f49ac29bf4b8793ae"
"gpu_mn_mg_cgcnn_20260803","experiments/hidden_evaluability/tests/three_system/__pycache__/test_actual_dft_replay.cpython-311-pytest-9.0.3.pyc","5183","2026-07-30T08:51:29.2565041Z","2a36d5d816f2e8b6392244b7bb86f0d63b1a8219f6753126e1f02db65ccc2470"
"gpu_mn_mg_cgcnn_20260803","experiments/hidden_evaluability/tests/three_system/__pycache__/test_hidden_evaluability_overlay.cpython-311-pytest-9.0.3.pyc","18042","2026-07-30T08:51:30.2329210Z","8fe1e97f12ed2fae6dd4d489b16792706005a2787ec59e5bfaa017407b72fe71"
"gpu_mn_mg_cgcnn_20260803","experiments/hidden_evaluability/tests/three_system/__pycache__/test_manuscript_assets.cpython-311-pytest-9.0.3.pyc","41040","2026-07-30T08:51:30.2544577Z","a6a8f0752be172e4301ded5acb7358c8b0b06a31d49312553ce561a374436c17"
"gpu_mn_mg_cgcnn_20260803","experiments/hidden_evaluability/tests/three_system/__pycache__/test_three_system_data.cpython-311-pytest-9.0.3.pyc","13497","2026-07-30T08:51:30.2644694Z","71c762bfc5314f0cbbba303c31f4e2be7acd999a63f5a254248f071fbc26f6a8"
"gpu_mn_mg_cgcnn_20260803","experiments/hidden_evaluability/tests/three_system/__pycache__/test_three_system_models.cpython-311-pytest-9.0.3.pyc","23487","2026-07-30T08:51:30.3712260Z","dc0d4afc0c90d494e3191cce0728d1b5c037c28e2da58bed8e0cb4a9f3ad625e"
"gpu_mn_mg_cgcnn_20260803","experiments/hidden_evaluability/tests/three_system/__pycache__/test_three_system_pipeline.cpython-311-pytest-9.0.3.pyc","18827","2026-07-30T08:51:39.0299264Z","73091bf7f9d1d16767bc5893e42c3d7b041972f54123cbb99dc2489e314fc52a"
"gpu_mn_mg_cgcnn_20260803","experiments/hidden_evaluability/tests/three_system/__pycache__/test_three_system_replay.cpython-311-pytest-9.0.3.pyc","23007","2026-07-30T08:51:39.1165189Z","3abcdbceed4f27763b26048b0e9d355f0f1f7880e4cce87920b54e8f6b78b163"
"gpu_mn_mg_cgcnn_20260803","paper_rebuild/analysis/three_system/data.py","8676","2026-07-27T16:04:34.6149995Z","3383c062205cb62245a76c844cf98bf858530cf52f28ecf591977d8e193c5e73"
"gpu_mn_mg_cgcnn_20260803","paper_rebuild/analysis/three_system/manuscript_assets.py","30862","2026-07-28T06:14:52.4439631Z","632680038bfe643bfacb94b2786800b9a32ab0f5ac8559eb4a780e6e5893310a"
"gpu_mn_mg_cgcnn_20260803","paper_rebuild/analysis/three_system/models.py","23460","2026-07-27T16:10:28.9426747Z","759f953a78eaaa49520747e1ffd350f24b400012a7a1f87b732867de02c03b92"
"gpu_mn_mg_cgcnn_20260803","paper_rebuild/analysis/three_system/pipeline.py","25550","2026-07-28T05:58:16.5118611Z","39e4f1055a5aa627ab3666691649c05c6755937d16cf0d5bdad8341bc6ad06da"
"gpu_mn_mg_cgcnn_20260803","paper_rebuild/analysis/three_system/replay.py","23023","2026-07-28T05:53:21.2187314Z","2568877aad4012a54bbcd9d0072ed430d4204f559c0001e92ae3386953df03ef"
"gpu_mn_mg_cgcnn_20260803","paper_rebuild/analysis/three_system/retrospective_actual_dft.py","11411","2026-07-28T08:52:30.0073269Z","5399bd238de6bbf47b699a2f2a6f56a3f5ee9cfd8cb72fbb26daa7c578d3e08a"
"gpu_mn_mg_cgcnn_20260803","paper_rebuild/analysis/three_system/__init__.py","71","2026-07-27T16:04:34.6139983Z","86785e4a6e43e856d468f580e517737ae41afe2085431222378d280e9879e256"
"gpu_mn_mg_cgcnn_20260803","paper_rebuild/analysis/three_system/__pycache__/retrospective_actual_dft.cpython-311.pyc","15577","2026-07-30T08:58:27.8339988Z","1ae7963199f340238653ed85e3398560f31be15b00ab17d47f039e8070d89e7d"
"gpu_mn_mg_cgcnn_20260803","paper_rebuild/analysis/three_system/__pycache__/__init__.cpython-311.pyc","382","2026-07-30T08:58:27.8119062Z","0e4ac7aa3c9716e6ce34457323029d0f8d4ea7f56a01cf03d7bf7439366dd813"
"gpu_mn_mg_cgcnn_20260803","paper_rebuild/archived_single_run/jobs/bs16_dropout/al_history.csv","89719","2026-06-18T08:24:01.9700021Z","2ddebb42641e7c1ff4ae0f0ace0a066b0f71e2d54663129b033b8b21187415a5"
"gpu_mn_mg_cgcnn_20260803","paper_rebuild/archived_single_run/jobs/bs16_explore/al_history.csv","89773","2026-06-18T08:24:02.3179979Z","543bf9c575752ef47148329a2b295138e1d2de1fb80cf02243ff923caf304d98"
"gpu_mn_mg_cgcnn_20260803","paper_rebuild/archived_single_run/jobs/bs16_gated_ta_dpp/al_history.csv","125286","2026-06-18T08:39:56.2173519Z","1320f8da4ed5f6d7eac62463eff03b5618b896ed96c2c5bd8506dfae6070fddc"
"gpu_mn_mg_cgcnn_20260803","paper_rebuild/archived_single_run/jobs/bs16_greedy/al_history.csv","89149","2026-06-18T08:20:09.9809601Z","7ee02ed39b5102095857900c6408b418495b1bc9de2ea73442ed3d7d6d65616e"
"gpu_mn_mg_cgcnn_20260803","paper_rebuild/archived_single_run/jobs/bs16_modulus/al_history.csv","89710","2026-06-18T08:22:58.8588056Z","2e0350842b45712aaa518bcaccaf6199bb4d28091d9563783120ec6ebeacd6df"
"gpu_mn_mg_cgcnn_20260803","paper_rebuild/archived_single_run/jobs/bs16_random/al_history.csv","89103","2026-06-18T08:18:14.1184425Z","10486f470f1a251ac19b78e09cad5bb5a49adecce8138eeb8c507c63ce83a79e"
"gpu_mn_mg_cgcnn_20260803","paper_rebuild/baseline_snapshot/archive/experiments/reproducibility/results/paired_two_dataset_confirmation_20260712/COMPLETION.json","197","2026-07-27T15:57:42.7570339Z","96d2a8cd8d790ca418d2604b1c5d4cca7a7f045046566abf588850eec99c8737"
"gpu_mn_mg_cgcnn_20260803","paper_rebuild/baseline_snapshot/archive/experiments/reproducibility/results/paired_two_dataset_confirmation_20260712/EXECUTION_SUMMARY.json","133","2026-07-27T15:57:42.7580346Z","c2c02967423434a1f9bace4937ab7ecc709307e05a9e9fdf227cb90f577377ae"
"gpu_mn_mg_cgcnn_20260803","paper_rebuild/baseline_snapshot/archive/experiments/reproducibility/results/paired_two_dataset_confirmation_20260712/failed_runs.csv","71","2026-07-27T15:57:42.7620342Z","e7e56824e15dd1a238c078e2028a149046fc6ff21255c064f3e404d7879cadd2"
"gpu_mn_mg_cgcnn_20260803","paper_rebuild/baseline_snapshot/archive/experiments/reproducibility/results/paired_two_dataset_confirmation_20260712/FINAL_TWO_DATASET_CLAIM_DECISION.md","1834","2026-07-27T15:57:42.7580346Z","b20570bd21dc1fc0fa8425d121d1191453ca5b1d383829a204ec764adc4465ad"
"gpu_mn_mg_cgcnn_20260803","paper_rebuild/baseline_snapshot/archive/experiments/reproducibility/results/paired_two_dataset_confirmation_20260712/FROZEN_LAUNCH_MANIFEST.json","7332","2026-07-27T15:57:42.7580346Z","995ecf544b7fc45fd2a58adf492308764b3402460effd1a5f6a4fe5a77f89bed"
"gpu_mn_mg_cgcnn_20260803","paper_rebuild/baseline_snapshot/archive/experiments/reproducibility/results/paired_two_dataset_confirmation_20260712/FROZEN_LAUNCH_MANIFEST.md","804","2026-07-27T15:57:42.7590354Z","fd918956a997ea7bbbf074b41265daabc8e1690ed46342d8dd5ad0c3085ee57e"
"gpu_mn_mg_cgcnn_20260803","paper_rebuild/baseline_snapshot/archive/experiments/reproducibility/results/paired_two_dataset_confirmation_20260712/LAUNCHER_STATUS.json","197","2026-07-27T15:57:42.7590354Z","96d2a8cd8d790ca418d2604b1c5d4cca7a7f045046566abf588850eec99c8737"
"gpu_mn_mg_cgcnn_20260803","paper_rebuild/baseline_snapshot/archive/experiments/reproducibility/results/paired_two_dataset_confirmation_20260712/LAUNCH_RESULTS.csv","8207","2026-07-27T15:57:42.7590354Z","ba705010992c591a96b3375ec9c9764915cb7ff942f807410aba9bade2afc85e"
"gpu_mn_mg_cgcnn_20260803","paper_rebuild/baseline_snapshot/archive/experiments/reproducibility/results/paired_two_dataset_confirmation_20260712/LIMO_CORRECTION_EFFECTS_SEEDS_0_9.csv","2019","2026-07-27T15:57:42.7600339Z","27abe0852094e6694b818a2daf238311d45a6870f79d07cfdaaa2e7da44669cd"
"gpu_mn_mg_cgcnn_20260803","paper_rebuild/baseline_snapshot/archive/experiments/reproducibility/results/paired_two_dataset_confirmation_20260712/MNOXIDE_FALLBACK_ANALYSIS_SEEDS_0_9.csv","1106","2026-07-27T15:57:42.7600339Z","4d84472b104a527cc2e5a7b4ad88e2445e18f3f08df968bb3d5189957593eb8e"
"gpu_mn_mg_cgcnn_20260803","paper_rebuild/baseline_snapshot/archive/experiments/reproducibility/results/paired_two_dataset_confirmation_20260712/PAIRED_AUTC_DIFFERENCES_BY_DATASET.csv","2932","2026-07-27T15:57:42.7600339Z","568ece3b13a4569b085be756a896b68ef1aa122f36d3125f2cc9089174d1958c"
"gpu_mn_mg_cgcnn_20260803","paper_rebuild/baseline_snapshot/archive/experiments/reproducibility/results/paired_two_dataset_confirmation_20260712/PAIRED_SEEDS_0_9_ALL_RESULTS.csv","14398","2026-07-27T15:57:42.7610349Z","241489092d289f9c96facb9ffd54dc1a7d3ed2c9e069c6d4d9b861bab0594a8f"
"gpu_mn_mg_cgcnn_20260803","paper_rebuild/baseline_snapshot/archive/experiments/reproducibility/results/paired_two_dataset_confirmation_20260712/PAIRED_SEEDS_0_9_LIMO_REPORT.md","1911","2026-07-27T15:57:42.7610349Z","4753c30296db9eb8da9eeea9bef0dc4a1e3b69b7ea81560fbb96863b2ffd5bf6"
"gpu_mn_mg_cgcnn_20260803","paper_rebuild/baseline_snapshot/archive/experiments/reproducibility/results/paired_two_dataset_confirmation_20260712/PAIRED_SEEDS_0_9_MNOXIDE_REPORT.md","1276","2026-07-27T15:57:42.7610349Z","7bdd06e086ddb9c901a3ceb329a0b94514cf3432d440a9b992a8554c41d1a4eb"
"gpu_mn_mg_cgcnn_20260803","paper_rebuild/baseline_snapshot/archive/experiments/reproducibility/results/paired_two_dataset_confirmation_20260712/PLANNED_RUNS.csv","10557","2026-07-27T15:57:42.7620342Z","16144c64331178b9e5b7fadb3670a986a97d82fd73fb514592182665f8837848"
"gpu_mn_mg_cgcnn_20260803","paper_rebuild/baseline_snapshot/archive/experiments/reproducibility/results/paired_two_dataset_confirmation_20260712/runs/limo/energy_gated_da_tpp/seed_5/al_history.csv","135299","2026-07-27T15:57:42.7650350Z","3f1aec031141d5ac5416ba51e649dbfdcdccefb23f57a8b7af2aa36f0a3aa301"
"gpu_mn_mg_cgcnn_20260803","paper_rebuild/baseline_snapshot/archive/experiments/reproducibility/results/paired_two_dataset_confirmation_20260712/runs/limo/energy_gated_da_tpp/seed_5/checkpoint_manifest.csv","10464","2026-07-27T15:57:42.7660337Z","840f1b686a882b84d3d60fa99cab461ad7d13613032d8a96fe05510deaa32c92"
"gpu_mn_mg_cgcnn_20260803","paper_rebuild/baseline_snapshot/archive/experiments/reproducibility/results/paired_two_dataset_confirmation_20260712/runs/limo/energy_gated_da_tpp/seed_5/correction_substitutions.csv","52386","2026-07-27T15:57:42.7670337Z","044ebd016670d3f46c1215da990dbbed0f3f9b5bfa0a695ff605387bd17b4614"
"gpu_mn_mg_cgcnn_20260803","paper_rebuild/baseline_snapshot/archive/experiments/reproducibility/results/paired_two_dataset_confirmation_20260712/runs/limo/energy_gated_da_tpp/seed_5/environment.json","318","2026-07-27T15:57:42.7670337Z","e5fff2a9710f8329e7449bffe3cb5178a1ab5c4b708c901e2707a0d7769dbefc"
"gpu_mn_mg_cgcnn_20260803","paper_rebuild/baseline_snapshot/archive/experiments/reproducibility/results/paired_two_dataset_confirmation_20260712/runs/limo/energy_gated_da_tpp/seed_5/mode_trace.csv","11190","2026-07-27T15:57:42.7680350Z","afa0e06533243a6152112da70b4f12489b077ae0fee3784226a29bf5f347f338"
"gpu_mn_mg_cgcnn_20260803","paper_rebuild/baseline_snapshot/archive/experiments/reproducibility/results/paired_two_dataset_confirmation_20260712/runs/limo/energy_gated_da_tpp/seed_5/prediction_manifest.csv","12369","2026-07-27T15:57:42.7680350Z","a8badfd46ce08f81246136b6cb60fff2bef1168f9212bfa04c1904728ebad824"
"gpu_mn_mg_cgcnn_20260803","paper_rebuild/baseline_snapshot/archive/experiments/reproducibility/results/paired_two_dataset_confirmation_20260712/runs/limo/energy_gated_da_tpp/seed_5/round_diagnostics.csv","97501","2026-07-27T15:57:42.7690354Z","2cbcac4ac9d10032f258f87e569e24ec4bced03a46f1a7915205c36b7e3b869f"
"gpu_mn_mg_cgcnn_20260803","paper_rebuild/baseline_snapshot/archive/experiments/reproducibility/results/paired_two_dataset_confirmation_20260712/runs/limo/energy_gated_da_tpp/seed_5/run_config.json","2380","2026-07-27T15:57:42.7700344Z","4107bdd06329d82e3ab97bef35de2ab58d8736279a9f99f6c0eac0d6270f15e8"
"gpu_mn_mg_cgcnn_20260803","paper_rebuild/baseline_snapshot/archive/experiments/reproducibility/results/paired_two_dataset_confirmation_20260712/runs/limo/energy_gated_da_tpp/seed_5/run_metrics.csv","414","2026-07-27T15:57:42.7700344Z","c14d2042eabcefda0f584043610b810100c2d5b7bcefe02ccec2c7800bf4d3ed"
"gpu_mn_mg_cgcnn_20260803","paper_rebuild/baseline_snapshot/archive/experiments/reproducibility/results/paired_two_dataset_confirmation_20260712/runs/limo/energy_gated_da_tpp/seed_5/status.json","271","2026-07-27T15:57:42.7700344Z","9cc58dc2450e54d23cfa3db6916772eb41d2aaa2b6c8ce50df9c718f6fe26559"
"gpu_mn_mg_cgcnn_20260803","paper_rebuild/baseline_snapshot/archive/experiments/reproducibility/results/paired_two_dataset_confirmation_20260712/runs/limo/energy_gated_da_tpp/seed_5/summary.csv","54386","2026-07-27T15:57:42.7710346Z","f1c7aad5a3ab5fc60a62139d9cc6d22c99c81810ac58aea6969f62cb1e9ddeef"
"gpu_mn_mg_cgcnn_20260803","paper_rebuild/baseline_snapshot/archive/experiments/reproducibility/results/paired_two_dataset_confirmation_20260712/runs/limo/energy_gated_da_tpp/seed_6/al_history.csv","135249","2026-07-27T15:57:42.7730351Z","00d37eabf63b3d5276f8f9c1a27ed6e4797e9a727b1207fc985bf8ac8fb41063"
"gpu_mn_mg_cgcnn_20260803","paper_rebuild/baseline_snapshot/archive/experiments/reproducibility/results/paired_two_dataset_confirmation_20260712/runs/limo/energy_gated_da_tpp/seed_6/checkpoint_manifest.csv","10464","2026-07-27T15:57:42.7730351Z","f172fc5c1879ebd6551dc6b3e4bf0cbf274db28e7d66be809f884c739f1ffd67"
"gpu_mn_mg_cgcnn_20260803","paper_rebuild/baseline_snapshot/archive/experiments/reproducibility/results/paired_two_dataset_confirmation_20260712/runs/limo/energy_gated_da_tpp/seed_6/correction_substitutions.csv","55709","2026-07-27T15:57:42.7740362Z","385fa9e50824d7866d79f682bdb3a030cbcedd66618b81d2e916c9f710928f22"
"gpu_mn_mg_cgcnn_20260803","paper_rebuild/baseline_snapshot/archive/experiments/reproducibility/results/paired_two_dataset_confirmation_20260712/runs/limo/energy_gated_da_tpp/seed_6/environment.json","318","2026-07-27T15:57:42.7740362Z","e5fff2a9710f8329e7449bffe3cb5178a1ab5c4b708c901e2707a0d7769dbefc"
"gpu_mn_mg_cgcnn_20260803","paper_rebuild/baseline_snapshot/archive/experiments/reproducibility/results/paired_two_dataset_confirmation_20260712/runs/limo/energy_gated_da_tpp/seed_6/mode_trace.csv","11202","2026-07-27T15:57:42.7750359Z","976996b9304565bc5e1e02f518d95e5197a207569feab44a371a506e6b2f3646"
"gpu_mn_mg_cgcnn_20260803","paper_rebuild/baseline_snapshot/archive/experiments/reproducibility/results/paired_two_dataset_confirmation_20260712/runs/limo/energy_gated_da_tpp/seed_6/prediction_manifest.csv","12369","2026-07-27T15:57:42.7750359Z","965886b13b4dad43c930994c7a1fee8bb0dc57d52d23c5db0f2cc64afcd6a08a"
"gpu_mn_mg_cgcnn_20260803","paper_rebuild/baseline_snapshot/archive/experiments/reproducibility/results/paired_two_dataset_confirmation_20260712/runs/limo/energy_gated_da_tpp/seed_6/round_diagnostics.csv","98794","2026-07-27T15:57:42.7760357Z","8f322356cb28f0826dcdf2f7b05cd33850d82505655f88b4773095d00399e184"
"gpu_mn_mg_cgcnn_20260803","paper_rebuild/baseline_snapshot/archive/experiments/reproducibility/results/paired_two_dataset_confirmation_20260712/runs/limo/energy_gated_da_tpp/seed_6/run_config.json","2380","2026-07-27T15:57:42.7760357Z","0e69e6a221398d1c645f8f2acadbb78d224ac5b75ee0ec70cd8220ae7dac1d27"
"gpu_mn_mg_cgcnn_20260803","paper_rebuild/baseline_snapshot/archive/experiments/reproducibility/results/paired_two_dataset_confirmation_20260712/runs/limo/energy_gated_da_tpp/seed_6/run_metrics.csv","416","2026-07-27T15:57:42.7760357Z","9a1d33046b6c55dfedb9f3c2c6a564c38366a735498e8c0343ba7cc0eb6866bf"
"gpu_mn_mg_cgcnn_20260803","paper_rebuild/baseline_snapshot/archive/experiments/reproducibility/results/paired_two_dataset_confirmation_20260712/runs/limo/energy_gated_da_tpp/seed_6/status.json","270","2026-07-27T15:57:42.7770353Z","462286ddedc4cc7637e9da9c0bfd056c848d9eb9a2058d01a52f67641063c339"
"gpu_mn_mg_cgcnn_20260803","paper_rebuild/baseline_snapshot/archive/experiments/reproducibility/results/paired_two_dataset_confirmation_20260712/runs/limo/energy_gated_da_tpp/seed_6/summary.csv","54385","2026-07-27T15:57:42.7770353Z","5b8d0ce0f5ccecdf23d88bdccf1f1d5b6d28d48a44d2d2cb1f5b80b04d7a9cf2"
"gpu_mn_mg_cgcnn_20260803","paper_rebuild/baseline_snapshot/archive/experiments/reproducibility/results/paired_two_dataset_confirmation_20260712/runs/limo/energy_gated_da_tpp/seed_7/al_history.csv","135300","2026-07-27T15:57:42.7790352Z","dc1151285b7a71ec72c744d5520a6c3e43c4fef5bbca5a81b1f27a5726cee89d"
"gpu_mn_mg_cgcnn_20260803","paper_rebuild/baseline_snapshot/archive/experiments/reproducibility/results/paired_two_dataset_confirmation_20260712/runs/limo/energy_gated_da_tpp/seed_7/checkpoint_manifest.csv","10464","2026-07-27T15:57:42.7790352Z","42c8c4f071e9a8ac8027901fbe9dd8a295962ce02bb9c6e8b6a51cd5e38d6d08"
"gpu_mn_mg_cgcnn_20260803","paper_rebuild/baseline_snapshot/archive/experiments/reproducibility/results/paired_two_dataset_confirmation_20260712/runs/limo/energy_gated_da_tpp/seed_7/correction_substitutions.csv","55420","2026-07-27T15:57:42.7800352Z","5d1c4bde00e9feecefa79766331051fc1cac7fcffb02538a14c125a0c73e2155"
"gpu_mn_mg_cgcnn_20260803","paper_rebuild/baseline_snapshot/archive/experiments/reproducibility/results/paired_two_dataset_confirmation_20260712/runs/limo/energy_gated_da_tpp/seed_7/environment.json","318","2026-07-27T15:57:42.7810348Z","e5fff2a9710f8329e7449bffe3cb5178a1ab5c4b708c901e2707a0d7769dbefc"
"gpu_mn_mg_cgcnn_20260803","paper_rebuild/baseline_snapshot/archive/experiments/reproducibility/results/paired_two_dataset_confirmation_20260712/runs/limo/energy_gated_da_tpp/seed_7/mode_trace.csv","11190","2026-07-27T15:57:42.7810348Z","e79154936e48d20cfda0bd931b6e41cdd3cb0d223d6e9bdd9a7b26b76c27b531"
"gpu_mn_mg_cgcnn_20260803","paper_rebuild/baseline_snapshot/archive/experiments/reproducibility/results/paired_two_dataset_confirmation_20260712/runs/limo/energy_gated_da_tpp/seed_7/prediction_manifest.csv","12369","2026-07-27T15:57:42.7820335Z","700009424b23a67c278ce74d5dff74b1af27ecc6849d638d95606745450bf235"
"gpu_mn_mg_cgcnn_20260803","paper_rebuild/baseline_snapshot/archive/experiments/reproducibility/results/paired_two_dataset_confirmation_20260712/runs/limo/energy_gated_da_tpp/seed_7/round_diagnostics.csv","98691","2026-07-27T15:57:42.7820335Z","b309ce80636dc0c45f887d96f1688fbc2d3a47dff0a6f33f8f0a79c9b8584b86"
"gpu_mn_mg_cgcnn_20260803","paper_rebuild/baseline_snapshot/archive/experiments/reproducibility/results/paired_two_dataset_confirmation_20260712/runs/limo/energy_gated_da_tpp/seed_7/run_config.json","2380","2026-07-27T15:57:42.7830347Z","8e38796e15a728de21ffcaa3cf3c7091c7dda019c5c5733ec2c4d33e720c5e08"
"gpu_mn_mg_cgcnn_20260803","paper_rebuild/baseline_snapshot/archive/experiments/reproducibility/results/paired_two_dataset_confirmation_20260712/runs/limo/energy_gated_da_tpp/seed_7/run_metrics.csv","414","2026-07-27T15:57:42.7830347Z","d3f5933d75ac1ea386426bddb29bc0f42b63e01978d14fecba5244d24fe445af"
"gpu_mn_mg_cgcnn_20260803","paper_rebuild/baseline_snapshot/archive/experiments/reproducibility/results/paired_two_dataset_confirmation_20260712/runs/limo/energy_gated_da_tpp/seed_7/status.json","271","2026-07-27T15:57:42.7830347Z","cbf729a4b134daf6c9fc19484e7d2caef67eb5e8706e3c1e971522642777ff54"
"gpu_mn_mg_cgcnn_20260803","paper_rebuild/baseline_snapshot/archive/experiments/reproducibility/results/paired_two_dataset_confirmation_20260712/runs/limo/energy_gated_da_tpp/seed_7/summary.csv","54384","2026-07-27T15:57:42.7840355Z","c2c808be263d866dacc04ccb1b84d6b120784ef0def1adc5b8c8094844630997"
"gpu_mn_mg_cgcnn_20260803","paper_rebuild/baseline_snapshot/archive/experiments/reproducibility/results/paired_two_dataset_confirmation_20260712/runs/limo/energy_gated_da_tpp/seed_8/al_history.csv","135301","2026-07-27T15:57:42.7860344Z","6a09ab4b19125751eaf0f84a77df7d16522543ab4e0f1203385a7d441debf8fc"
"gpu_mn_mg_cgcnn_20260803","paper_rebuild/baseline_snapshot/archive/experiments/reproducibility/results/paired_two_dataset_confirmation_20260712/runs/limo/energy_gated_da_tpp/seed_8/checkpoint_manifest.csv","10464","2026-07-27T15:57:42.7860344Z","05618d0eb0905d5bc116e3e42b0955fece829f661e4ff030d8a147aa84b21a37"
"gpu_mn_mg_cgcnn_20260803","paper_rebuild/baseline_snapshot/archive/experiments/reproducibility/results/paired_two_dataset_confirmation_20260712/runs/limo/energy_gated_da_tpp/seed_8/correction_substitutions.csv","60122","2026-07-27T15:57:42.7870347Z","6624deaab4b66693548977306d09fe48b0d03b796ef9bb74adca2e9be76bc968"
"gpu_mn_mg_cgcnn_20260803","paper_rebuild/baseline_snapshot/archive/experiments/reproducibility/results/paired_two_dataset_confirmation_20260712/runs/limo/energy_gated_da_tpp/seed_8/environment.json","318","2026-07-27T15:57:42.7870347Z","e5fff2a9710f8329e7449bffe3cb5178a1ab5c4b708c901e2707a0d7769dbefc"
"gpu_mn_mg_cgcnn_20260803","paper_rebuild/baseline_snapshot/archive/experiments/reproducibility/results/paired_two_dataset_confirmation_20260712/runs/limo/energy_gated_da_tpp/seed_8/mode_trace.csv","11183","2026-07-27T15:57:42.7880346Z","35e0a86fb3e86402518de88dd2c6dfca85129d4a9fc9ae7d0f9c3082d9836d47"
"gpu_mn_mg_cgcnn_20260803","paper_rebuild/baseline_snapshot/archive/experiments/reproducibility/results/paired_two_dataset_confirmation_20260712/runs/limo/energy_gated_da_tpp/seed_8/prediction_manifest.csv","12369","2026-07-27T15:57:42.7880346Z","2e59ca28652ab42207a91dd0ca416c83386e783cabbd5747e73eeabadb8f6414"
"gpu_mn_mg_cgcnn_20260803","paper_rebuild/baseline_snapshot/archive/experiments/reproducibility/results/paired_two_dataset_confirmation_20260712/runs/limo/energy_gated_da_tpp/seed_8/round_diagnostics.csv","100525","2026-07-27T15:57:42.7890357Z","be957fa23f15f01ddedf324e4e89c7857ddd2a1b801e4b5adccee94386af3302"
"gpu_mn_mg_cgcnn_20260803","paper_rebuild/baseline_snapshot/archive/experiments/reproducibility/results/paired_two_dataset_confirmation_20260712/runs/limo/energy_gated_da_tpp/seed_8/run_config.json","2380","2026-07-27T15:57:42.7890357Z","bc58b4e35eef32b313f4c0187f2e326252ffd2189a241110a534dba2656102d3"
"gpu_mn_mg_cgcnn_20260803","paper_rebuild/baseline_snapshot/archive/experiments/reproducibility/results/paired_two_dataset_confirmation_20260712/runs/limo/energy_gated_da_tpp/seed_8/run_metrics.csv","417","2026-07-27T15:57:42.7890357Z","dceccece0f5e69ed71b86d42e820c65e85e7908f263ca269732fcc70cb8560be"
"gpu_mn_mg_cgcnn_20260803","paper_rebuild/baseline_snapshot/archive/experiments/reproducibility/results/paired_two_dataset_confirmation_20260712/runs/limo/energy_gated_da_tpp/seed_8/status.json","269","2026-07-27T15:57:42.7900347Z","349b4ceb33455a3684b7392f55161d59491ac5c5c234e9108f4b58665f125e2e"
"gpu_mn_mg_cgcnn_20260803","paper_rebuild/baseline_snapshot/archive/experiments/reproducibility/results/paired_two_dataset_confirmation_20260712/runs/limo/energy_gated_da_tpp/seed_8/summary.csv","54387","2026-07-27T15:57:42.7900347Z","f530e736205d9824dc9b49574b2a165630c4b13a0e47b367a87c079020b056ab"
"gpu_mn_mg_cgcnn_20260803","paper_rebuild/baseline_snapshot/archive/experiments/reproducibility/results/paired_two_dataset_confirmation_20260712/runs/limo/energy_gated_da_tpp/seed_9/al_history.csv","135269","2026-07-27T15:57:42.7910350Z","80dcdf4d8269acb58c576ea8f18a5df4291abd06d61106752358111d9bb202f1"
"gpu_mn_mg_cgcnn_20260803","paper_rebuild/baseline_snapshot/archive/experiments/reproducibility/results/paired_two_dataset_confirmation_20260712/runs/limo/energy_gated_da_tpp/seed_9/checkpoint_manifest.csv","10464","2026-07-27T15:57:42.7920356Z","ef769fba2fe39e49028edec36c32283039fb7b00c68c8b4ead879ee07b783e32"
"gpu_mn_mg_cgcnn_20260803","paper_rebuild/baseline_snapshot/archive/experiments/reproducibility/results/paired_two_dataset_confirmation_20260712/runs/limo/energy_gated_da_tpp/seed_9/correction_substitutions.csv","58469","2026-07-27T15:57:42.7920356Z","24c9c9e9b007f4d6ff07dee75d08d6835f6a0d4c16bad27c326aafdedb92228b"
"gpu_mn_mg_cgcnn_20260803","paper_rebuild/baseline_snapshot/archive/experiments/reproducibility/results/paired_two_dataset_confirmation_20260712/runs/limo/energy_gated_da_tpp/seed_9/environment.json","318","2026-07-27T15:57:42.7930338Z","e5fff2a9710f8329e7449bffe3cb5178a1ab5c4b708c901e2707a0d7769dbefc"
"gpu_mn_mg_cgcnn_20260803","paper_rebuild/baseline_snapshot/archive/experiments/reproducibility/results/paired_two_dataset_confirmation_20260712/runs/limo/energy_gated_da_tpp/seed_9/mode_trace.csv","11219","2026-07-27T15:57:42.7930338Z","a0e6a4b5345e4a6a0020a99ce9a222bc25bd7155758c5fcd29b1b16f57f9dc00"
"gpu_mn_mg_cgcnn_20260803","paper_rebuild/baseline_snapshot/archive/experiments/reproducibility/results/paired_two_dataset_confirmation_20260712/runs/limo/energy_gated_da_tpp/seed_9/prediction_manifest.csv","12369","2026-07-27T15:57:42.7940371Z","a77429696eee6675d57df9e9a053fab3b0a949f60c0ad11bac3962b1a8832667"
"gpu_mn_mg_cgcnn_20260803","paper_rebuild/baseline_snapshot/archive/experiments/reproducibility/results/paired_two_dataset_confirmation_20260712/runs/limo/energy_gated_da_tpp/seed_9/round_diagnostics.csv","99869","2026-07-27T15:57:42.7940371Z","b4c8a948dde56ceb55e690bca899a82402b33068916f661af0ae529c34f88874"
"gpu_mn_mg_cgcnn_20260803","paper_rebuild/baseline_snapshot/archive/experiments/reproducibility/results/paired_two_dataset_confirmation_20260712/runs/limo/energy_gated_da_tpp/seed_9/run_config.json","2380","2026-07-27T15:57:42.7950335Z","62314ca6542544c4132d63708f642037fa15064028bf4fa0a68fc606b77b83ce"
"gpu_mn_mg_cgcnn_20260803","paper_rebuild/baseline_snapshot/archive/experiments/reproducibility/results/paired_two_dataset_confirmation_20260712/runs/limo/energy_gated_da_tpp/seed_9/run_metrics.csv","414","2026-07-27T15:57:42.7950335Z","55219d7f45e4996366bb66a372e7d851a78a6f749a9fd8a652d7d48e9570fda6"
"gpu_mn_mg_cgcnn_20260803","paper_rebuild/baseline_snapshot/archive/experiments/reproducibility/results/paired_two_dataset_confirmation_20260712/runs/limo/energy_gated_da_tpp/seed_9/status.json","271","2026-07-27T15:57:42.7950335Z","76adfd89d4679bddf150d020bd647bec519ddde2d2c363642366456d238ad4ab"
"gpu_mn_mg_cgcnn_20260803","paper_rebuild/baseline_snapshot/archive/experiments/reproducibility/results/paired_two_dataset_confirmation_20260712/runs/limo/energy_gated_da_tpp/seed_9/summary.csv","54376","2026-07-27T15:57:42.7960340Z","8ab2a7726bb8deab3eea176669bcb96e06c3070e29d36f9487d1c11dec029864"
"gpu_mn_mg_cgcnn_20260803","paper_rebuild/baseline_snapshot/archive/experiments/reproducibility/results/paired_two_dataset_confirmation_20260712/runs/limo/predicted_distance_greedy/seed_5/al_history.csv","145065","2026-07-27T15:57:42.7990343Z","88fbebb18d4346ae8929e70a42fc09d9ddd6ded6f90cbea07558b4a8a3c14a9e"
"gpu_mn_mg_cgcnn_20260803","paper_rebuild/baseline_snapshot/archive/experiments/reproducibility/results/paired_two_dataset_confirmation_20260712/runs/limo/predicted_distance_greedy/seed_5/checkpoint_manifest.csv","10704","2026-07-27T15:57:42.7990343Z","969d89161200a8fb3a9c5c4c8be287b819019974650ade589108b885adbe74e9"
"gpu_mn_mg_cgcnn_20260803","paper_rebuild/baseline_snapshot/archive/experiments/reproducibility/results/paired_two_dataset_confirmation_20260712/runs/limo/predicted_distance_greedy/seed_5/environment.json","318","2026-07-27T15:57:42.8000354Z","e5fff2a9710f8329e7449bffe3cb5178a1ab5c4b708c901e2707a0d7769dbefc"
"gpu_mn_mg_cgcnn_20260803","paper_rebuild/baseline_snapshot/archive/experiments/reproducibility/results/paired_two_dataset_confirmation_20260712/runs/limo/predicted_distance_greedy/seed_5/mode_trace.csv","11845","2026-07-27T15:57:42.8000354Z","20276e871acfae5468adbff79175e221a61b1b2b0eafd6bca755e453b72e84e1"
"gpu_mn_mg_cgcnn_20260803","paper_rebuild/baseline_snapshot/archive/experiments/reproducibility/results/paired_two_dataset_confirmation_20260712/runs/limo/predicted_distance_greedy/seed_5/prediction_manifest.csv","12609","2026-07-27T15:57:42.8010343Z","6a8480602ae9d893c630b4f3af6044bfb6415d29626a57bbaefbbd22eb4be1f4"
"gpu_mn_mg_cgcnn_20260803","paper_rebuild/baseline_snapshot/archive/experiments/reproducibility/results/paired_two_dataset_confirmation_20260712/runs/limo/predicted_distance_greedy/seed_5/round_diagnostics.csv","77434","2026-07-27T15:57:42.8020364Z","fae7ab99dabf6cf473412c1e2132ae94def463fdf49f0c8a2f5c166ec1af08b9"
"gpu_mn_mg_cgcnn_20260803","paper_rebuild/baseline_snapshot/archive/experiments/reproducibility/results/paired_two_dataset_confirmation_20260712/runs/limo/predicted_distance_greedy/seed_5/run_config.json","2404","2026-07-27T15:57:42.8020364Z","67f80f51aad92b178420efe6303889388db050b9dde31a8680ea41a1f4da543c"
"gpu_mn_mg_cgcnn_20260803","paper_rebuild/baseline_snapshot/archive/experiments/reproducibility/results/paired_two_dataset_confirmation_20260712/runs/limo/predicted_distance_greedy/seed_5/run_metrics.csv","412","2026-07-27T15:57:42.8030339Z","962b228d534a88f2bfade702a616e07976de971f23038fd2f674a81c09c5b4bc"
"gpu_mn_mg_cgcnn_20260803","paper_rebuild/baseline_snapshot/archive/experiments/reproducibility/results/paired_two_dataset_confirmation_20260712/runs/limo/predicted_distance_greedy/seed_5/status.json","277","2026-07-27T15:57:42.8030339Z","dd4c2a82ffdb3dbf25c003fa22f4d8f3adf4a8b663c17b7b446ebc8dc57360e3"
"gpu_mn_mg_cgcnn_20260803","paper_rebuild/baseline_snapshot/archive/experiments/reproducibility/results/paired_two_dataset_confirmation_20260712/runs/limo/predicted_distance_greedy/seed_5/summary.csv","55180","2026-07-27T15:57:42.8040351Z","a5438c00a2e31d4d436f77ee67c62716d0fdc57b2ffb4182a9d5a11364006eb2"
"gpu_mn_mg_cgcnn_20260803","paper_rebuild/baseline_snapshot/archive/experiments/reproducibility/results/paired_two_dataset_confirmation_20260712/runs/limo/predicted_distance_greedy/seed_6/al_history.csv","144987","2026-07-27T15:57:42.8060355Z","855b6b7760781fd7c1a03554e00740ad7bcb37f82e175082d6cae116cf17a1a7"
"gpu_mn_mg_cgcnn_20260803","paper_rebuild/baseline_snapshot/archive/experiments/reproducibility/results/paired_two_dataset_confirmation_20260712/runs/limo/predicted_distance_greedy/seed_6/checkpoint_manifest.csv","10704","2026-07-27T15:57:42.8060355Z","21c4c7502380d59e4af17cf9870aaee67273fb6a2d971abe69f77f2989f6c3b9"
"gpu_mn_mg_cgcnn_20260803","paper_rebuild/baseline_snapshot/archive/experiments/reproducibility/results/paired_two_dataset_confirmation_20260712/runs/limo/predicted_distance_greedy/seed_6/environment.json","318","2026-07-27T15:57:42.8070350Z","e5fff2a9710f8329e7449bffe3cb5178a1ab5c4b708c901e2707a0d7769dbefc"
"gpu_mn_mg_cgcnn_20260803","paper_rebuild/baseline_snapshot/archive/experiments/reproducibility/results/paired_two_dataset_confirmation_20260712/runs/limo/predicted_distance_greedy/seed_6/mode_trace.csv","11824","2026-07-27T15:57:42.8080348Z","07389889c312e096e1be418defd4f62720fc1da70bbec74a1800ba72891f91b3"
"gpu_mn_mg_cgcnn_20260803","paper_rebuild/baseline_snapshot/archive/experiments/reproducibility/results/paired_two_dataset_confirmation_20260712/runs/limo/predicted_distance_greedy/seed_6/prediction_manifest.csv","12609","2026-07-27T15:57:42.8080348Z","d038c9db870871d8ae128565ce1915ec78ae86f8bd6d06388c71ccaf915686c6"
"gpu_mn_mg_cgcnn_20260803","paper_rebuild/baseline_snapshot/archive/experiments/reproducibility/results/paired_two_dataset_confirmation_20260712/runs/limo/predicted_distance_greedy/seed_6/round_diagnostics.csv","77436","2026-07-27T15:57:42.8080348Z","b3bc1af64ed9cf3a4ca4577110af035b82b9a99ec77e05992d7c328c2cc8d85a"
"gpu_mn_mg_cgcnn_20260803","paper_rebuild/baseline_snapshot/archive/experiments/reproducibility/results/paired_two_dataset_confirmation_20260712/runs/limo/predicted_distance_greedy/seed_6/run_config.json","2404","2026-07-27T15:57:42.8090336Z","5c6f2ffadd09fc95f15e17e981e8bf538fef659134caeb975f052c8283844872"
"gpu_mn_mg_cgcnn_20260803","paper_rebuild/baseline_snapshot/archive/experiments/reproducibility/results/paired_two_dataset_confirmation_20260712/runs/limo/predicted_distance_greedy/seed_6/run_metrics.csv","419","2026-07-27T15:57:42.8090336Z","9eda092ad1db538805d643eea4c6d835aeebe6e1d47907c50c24a042ab9a20e7"
"gpu_mn_mg_cgcnn_20260803","paper_rebuild/baseline_snapshot/archive/experiments/reproducibility/results/paired_two_dataset_confirmation_20260712/runs/limo/predicted_distance_greedy/seed_6/status.json","277","2026-07-27T15:57:42.8100339Z","9b75afdb744ddd88e42d9ff2ff92b9f354b6d0336a568472fc04d0cfbb895e0d"
"gpu_mn_mg_cgcnn_20260803","paper_rebuild/baseline_snapshot/archive/experiments/reproducibility/results/paired_two_dataset_confirmation_20260712/runs/limo/predicted_distance_greedy/seed_6/summary.csv","55172","2026-07-27T15:57:42.8100339Z","52918f36c6b18661c70fd124b2a62503dba2e00cd70fa0c9310890a96764f0a5"
"gpu_mn_mg_cgcnn_20260803","paper_rebuild/baseline_snapshot/archive/experiments/reproducibility/results/paired_two_dataset_confirmation_20260712/runs/limo/predicted_distance_greedy/seed_7/al_history.csv","144988","2026-07-27T15:57:42.8120337Z","e982c3c2b42c5ac1d73dabadcb18c37bbb8298a92fe5514d5276eb5d8f69d11b"
"gpu_mn_mg_cgcnn_20260803","paper_rebuild/baseline_snapshot/archive/experiments/reproducibility/results/paired_two_dataset_confirmation_20260712/runs/limo/predicted_distance_greedy/seed_7/checkpoint_manifest.csv","10704","2026-07-27T15:57:42.8120337Z","c51eb4d81f119c00fdffa56d44184d2614ec5dc43f9af5374deec3e193473d24"
"gpu_mn_mg_cgcnn_20260803","paper_rebuild/baseline_snapshot/archive/experiments/reproducibility/results/paired_two_dataset_confirmation_20260712/runs/limo/predicted_distance_greedy/seed_7/environment.json","318","2026-07-27T15:57:42.8130337Z","e5fff2a9710f8329e7449bffe3cb5178a1ab5c4b708c901e2707a0d7769dbefc"
"gpu_mn_mg_cgcnn_20260803","paper_rebuild/baseline_snapshot/archive/experiments/reproducibility/results/paired_two_dataset_confirmation_20260712/runs/limo/predicted_distance_greedy/seed_7/mode_trace.csv","11796","2026-07-27T15:57:42.8130337Z","0a4ec5e1a497d1936df0ad054e869b459124b163693a26611fe2a49c4e314476"
"gpu_mn_mg_cgcnn_20260803","paper_rebuild/baseline_snapshot/archive/experiments/reproducibility/results/paired_two_dataset_confirmation_20260712/runs/limo/predicted_distance_greedy/seed_7/prediction_manifest.csv","12609","2026-07-27T15:57:42.8140357Z","f7bf6af2d4222c20727fd8adf4e1c577e93e393fd82e360cab155d4994738e17"
"gpu_mn_mg_cgcnn_20260803","paper_rebuild/baseline_snapshot/archive/experiments/reproducibility/results/paired_two_dataset_confirmation_20260712/runs/limo/predicted_distance_greedy/seed_7/round_diagnostics.csv","77432","2026-07-27T15:57:42.8150355Z","06dede06ed251ebcd4886a7090dcb55082b00278be16c716a7e8392750ec1a20"
"gpu_mn_mg_cgcnn_20260803","paper_rebuild/baseline_snapshot/archive/experiments/reproducibility/results/paired_two_dataset_confirmation_20260712/runs/limo/predicted_distance_greedy/seed_7/run_config.json","2404","2026-07-27T15:57:42.8150355Z","cb18658775927cbcc7cf894a5c88f2d210ebdd8a45d334747e1668917de6c503"
"gpu_mn_mg_cgcnn_20260803","paper_rebuild/baseline_snapshot/archive/experiments/reproducibility/results/paired_two_dataset_confirmation_20260712/runs/limo/predicted_distance_greedy/seed_7/run_metrics.csv","417","2026-07-27T15:57:42.8150355Z","ee012ad08aaab49f61b4b04a841774675a18d848af3bafdd4e1aa63ebc5cba92"
"gpu_mn_mg_cgcnn_20260803","paper_rebuild/baseline_snapshot/archive/experiments/reproducibility/results/paired_two_dataset_confirmation_20260712/runs/limo/predicted_distance_greedy/seed_7/status.json","277","2026-07-27T15:57:42.8160350Z","9241effc40a7e133ad27e06f9c30cb9ec808499ce9ea5ff565c8e2c61dbb79f5"
"gpu_mn_mg_cgcnn_20260803","paper_rebuild/baseline_snapshot/archive/experiments/reproducibility/results/paired_two_dataset_confirmation_20260712/runs/limo/predicted_distance_greedy/seed_7/summary.csv","55163","2026-07-27T15:57:42.8160350Z","0fe80afbe74d1f53db21f5597838eca1fe5250bce654ac01d3f6ead25bc31180"
"gpu_mn_mg_cgcnn_20260803","paper_rebuild/baseline_snapshot/archive/experiments/reproducibility/results/paired_two_dataset_confirmation_20260712/runs/limo/predicted_distance_greedy/seed_8/al_history.csv","145019","2026-07-27T15:57:42.8170358Z","f77c342883a10172a40708197ce290a3da6b87c9a8e79da0ce08231625e39123"
"gpu_mn_mg_cgcnn_20260803","paper_rebuild/baseline_snapshot/archive/experiments/reproducibility/results/paired_two_dataset_confirmation_20260712/runs/limo/predicted_distance_greedy/seed_8/checkpoint_manifest.csv","10704","2026-07-27T15:57:42.8180349Z","49ca31b8a77a9e0763c16ee2c503c7da4837c94d0e39f6f71b763a24ad69cb1e"
"gpu_mn_mg_cgcnn_20260803","paper_rebuild/baseline_snapshot/archive/experiments/reproducibility/results/paired_two_dataset_confirmation_20260712/runs/limo/predicted_distance_greedy/seed_8/environment.json","318","2026-07-27T15:57:42.8180349Z","e5fff2a9710f8329e7449bffe3cb5178a1ab5c4b708c901e2707a0d7769dbefc"
"gpu_mn_mg_cgcnn_20260803","paper_rebuild/baseline_snapshot/archive/experiments/reproducibility/results/paired_two_dataset_confirmation_20260712/runs/limo/predicted_distance_greedy/seed_8/mode_trace.csv","11826","2026-07-27T15:57:42.8190386Z","743d3d068e9651bfbba83fbd0bcb26b61e3207d49aac0a66600ea5d65a3edb0f"
"gpu_mn_mg_cgcnn_20260803","paper_rebuild/baseline_snapshot/archive/experiments/reproducibility/results/paired_two_dataset_confirmation_20260712/runs/limo/predicted_distance_greedy/seed_8/prediction_manifest.csv","12609","2026-07-27T15:57:42.8190386Z","017847564e299a139b1fc8b903a4596e376c3386934de6b030f7438326ba128a"
"gpu_mn_mg_cgcnn_20260803","paper_rebuild/baseline_snapshot/archive/experiments/reproducibility/results/paired_two_dataset_confirmation_20260712/runs/limo/predicted_distance_greedy/seed_8/round_diagnostics.csv","77439","2026-07-27T15:57:42.8190386Z","51f3e8ba797ee37e137b85d8dacadac1c55198c3c08788972197914855cb8593"
"gpu_mn_mg_cgcnn_20260803","paper_rebuild/baseline_snapshot/archive/experiments/reproducibility/results/paired_two_dataset_confirmation_20260712/runs/limo/predicted_distance_greedy/seed_8/run_config.json","2404","2026-07-27T15:57:42.8200353Z","99a9e95fe7f4454d454bcc89efdcb81aacd9649b8d0c067fa24c12d1b3032f35"
"gpu_mn_mg_cgcnn_20260803","paper_rebuild/baseline_snapshot/archive/experiments/reproducibility/results/paired_two_dataset_confirmation_20260712/runs/limo/predicted_distance_greedy/seed_8/run_metrics.csv","412","2026-07-27T15:57:42.8200353Z","696d614b3ad31f4622449cd1364a9f4c8027ff8d282fd0e0e85b294aca9ae7b2"
"gpu_mn_mg_cgcnn_20260803","paper_rebuild/baseline_snapshot/archive/experiments/reproducibility/results/paired_two_dataset_confirmation_20260712/runs/limo/predicted_distance_greedy/seed_8/status.json","277","2026-07-27T15:57:42.8210393Z","e5e91779d5e0171da0c82d0966da7ae17bfd1d1086d66c69b16172a18b490467"
"gpu_mn_mg_cgcnn_20260803","paper_rebuild/baseline_snapshot/archive/experiments/reproducibility/results/paired_two_dataset_confirmation_20260712/runs/limo/predicted_distance_greedy/seed_8/summary.csv","55180","2026-07-27T15:57:42.8210393Z","568e06c839c275e1309be5e813243477699391ee0d540595967834c3e8ee2697"
"gpu_mn_mg_cgcnn_20260803","paper_rebuild/baseline_snapshot/archive/experiments/reproducibility/results/paired_two_dataset_confirmation_20260712/runs/limo/predicted_distance_greedy/seed_9/al_history.csv","144987","2026-07-27T15:57:42.8232680Z","cefbedc8e506235edb3228fa50280b331163fcac7962b64f3aac9858ba212df4"
"gpu_mn_mg_cgcnn_20260803","paper_rebuild/baseline_snapshot/archive/experiments/reproducibility/results/paired_two_dataset_confirmation_20260712/runs/limo/predicted_distance_greedy/seed_9/checkpoint_manifest.csv","10704","2026-07-27T15:57:42.8232680Z","c30966d8685a3cfbf8ad5a0baec3567aac6f0abcee08e864a68c91cdc066d48d"
"gpu_mn_mg_cgcnn_20260803","paper_rebuild/baseline_snapshot/archive/experiments/reproducibility/results/paired_two_dataset_confirmation_20260712/runs/limo/predicted_distance_greedy/seed_9/environment.json","318","2026-07-27T15:57:42.8242725Z","e5fff2a9710f8329e7449bffe3cb5178a1ab5c4b708c901e2707a0d7769dbefc"
"gpu_mn_mg_cgcnn_20260803","paper_rebuild/baseline_snapshot/archive/experiments/reproducibility/results/paired_two_dataset_confirmation_20260712/runs/limo/predicted_distance_greedy/seed_9/mode_trace.csv","11826","2026-07-27T15:57:42.8242725Z","c2e05189164048227fdfcdb432467b2402008df194e5f8d7d095801f435bf12c"
"gpu_mn_mg_cgcnn_20260803","paper_rebuild/baseline_snapshot/archive/experiments/reproducibility/results/paired_two_dataset_confirmation_20260712/runs/limo/predicted_distance_greedy/seed_9/prediction_manifest.csv","12609","2026-07-27T15:57:42.8242725Z","c2daf57b3f630e9e73df20baae620d97bc28a66e64ffac65ae1f2e5a1db4d3a0"
"gpu_mn_mg_cgcnn_20260803","paper_rebuild/baseline_snapshot/archive/experiments/reproducibility/results/paired_two_dataset_confirmation_20260712/runs/limo/predicted_distance_greedy/seed_9/round_diagnostics.csv","77435","2026-07-27T15:57:42.8252731Z","2d2a65e3dca9fbfe43f424e073d853233a0d05c31770aebfb2ea46fb6ac92963"
"gpu_mn_mg_cgcnn_20260803","paper_rebuild/baseline_snapshot/archive/experiments/reproducibility/results/paired_two_dataset_confirmation_20260712/runs/limo/predicted_distance_greedy/seed_9/run_config.json","2404","2026-07-27T15:57:42.8252731Z","21872a7ca5a244e08a3ceb4e19389462856c23e44651bac6330ef2e81685e7e2"
"gpu_mn_mg_cgcnn_20260803","paper_rebuild/baseline_snapshot/archive/experiments/reproducibility/results/paired_two_dataset_confirmation_20260712/runs/limo/predicted_distance_greedy/seed_9/run_metrics.csv","419","2026-07-27T15:57:42.8252731Z","95fdfbb0aa9ad3b510add84b3bb3a493e541b2b6decba90002e93f71928f9b3e"
"gpu_mn_mg_cgcnn_20260803","paper_rebuild/baseline_snapshot/archive/experiments/reproducibility/results/paired_two_dataset_confirmation_20260712/runs/limo/predicted_distance_greedy/seed_9/status.json","277","2026-07-27T15:57:42.8262732Z","0b78cdb3fc6dbdf4f41c34b8344591325009ed73c5b2f2d9e988d5cfa143d43e"
"gpu_mn_mg_cgcnn_20260803","paper_rebuild/baseline_snapshot/archive/experiments/reproducibility/results/paired_two_dataset_confirmation_20260712/runs/limo/predicted_distance_greedy/seed_9/summary.csv","55172","2026-07-27T15:57:42.8266734Z","dd16da444d11162c56befb6aca4df9d096cd1970e34b68eea1b967616d487e5b"
"gpu_mn_mg_cgcnn_20260803","paper_rebuild/baseline_snapshot/archive/experiments/reproducibility/results/paired_two_dataset_confirmation_20260712/runs/mnoxide/energy_gated_da_tpp/seed_5/al_history.csv","54836","2026-07-27T15:57:42.8289332Z","97dbf7e0294cd3423020a23ad309c1bd18b2f0d2c4d2993b3872a9342dbe2115"
"gpu_mn_mg_cgcnn_20260803","paper_rebuild/baseline_snapshot/archive/experiments/reproducibility/results/paired_two_dataset_confirmation_20260712/runs/mnoxide/energy_gated_da_tpp/seed_5/checkpoint_manifest.csv","5304","2026-07-27T15:57:42.8289332Z","ccfe6996187bd362c1fa1c4616b8f3a097278bbbff5a843e5dd53089db707be9"
"gpu_mn_mg_cgcnn_20260803","paper_rebuild/baseline_snapshot/archive/experiments/reproducibility/results/paired_two_dataset_confirmation_20260712/runs/mnoxide/energy_gated_da_tpp/seed_5/correction_substitutions.csv","96","2026-07-27T15:57:42.8289332Z","07592aad6664331a48435242edc11588c84e894a9316c649c50d4a1e2fc86274"
"gpu_mn_mg_cgcnn_20260803","paper_rebuild/baseline_snapshot/archive/experiments/reproducibility/results/paired_two_dataset_confirmation_20260712/runs/mnoxide/energy_gated_da_tpp/seed_5/environment.json","318","2026-07-27T15:57:42.8299330Z","e5fff2a9710f8329e7449bffe3cb5178a1ab5c4b708c901e2707a0d7769dbefc"
"gpu_mn_mg_cgcnn_20260803","paper_rebuild/baseline_snapshot/archive/experiments/reproducibility/results/paired_two_dataset_confirmation_20260712/runs/mnoxide/energy_gated_da_tpp/seed_5/mode_trace.csv","5991","2026-07-27T15:57:42.8299330Z","c1d5e62dd8bdf367a054dc0d8bb327730a5f5e75d9851298eddd16e84fc50e8f"
"gpu_mn_mg_cgcnn_20260803","paper_rebuild/baseline_snapshot/archive/experiments/reproducibility/results/paired_two_dataset_confirmation_20260712/runs/mnoxide/energy_gated_da_tpp/seed_5/prediction_manifest.csv","6275","2026-07-27T15:57:42.8309333Z","58f9899ea704930c848745a0d7f5f34d4702f3f3d041dce0bf471bd8e1142108"
"gpu_mn_mg_cgcnn_20260803","paper_rebuild/baseline_snapshot/archive/experiments/reproducibility/results/paired_two_dataset_confirmation_20260712/runs/mnoxide/energy_gated_da_tpp/seed_5/round_diagnostics.csv","10594","2026-07-27T15:57:42.8309333Z","7c565003c5c87b087e0db66050e08af95f18c59804ea114bc83f326616eea4e0"
"gpu_mn_mg_cgcnn_20260803","paper_rebuild/baseline_snapshot/archive/experiments/reproducibility/results/paired_two_dataset_confirmation_20260712/runs/mnoxide/energy_gated_da_tpp/seed_5/run_config.json","2471","2026-07-27T15:57:42.8309333Z","e6328764d0091d075e7c121a0bd174d33ee9bfb54a5f9056ed7220db5e856399"
"gpu_mn_mg_cgcnn_20260803","paper_rebuild/baseline_snapshot/archive/experiments/reproducibility/results/paired_two_dataset_confirmation_20260712/runs/mnoxide/energy_gated_da_tpp/seed_5/run_metrics.csv","403","2026-07-27T15:57:42.8319343Z","4307e92b7f6501b1e5413e3a70d398f5acfbce4878c910bf2131c918951028f9"
"gpu_mn_mg_cgcnn_20260803","paper_rebuild/baseline_snapshot/archive/experiments/reproducibility/results/paired_two_dataset_confirmation_20260712/runs/mnoxide/energy_gated_da_tpp/seed_5/status.json","262","2026-07-27T15:57:42.8319343Z","ed74c67cb2eba7f410a13737e2255fab278fe734904326384c2722b319851a2a"
"gpu_mn_mg_cgcnn_20260803","paper_rebuild/baseline_snapshot/archive/experiments/reproducibility/results/paired_two_dataset_confirmation_20260712/runs/mnoxide/energy_gated_da_tpp/seed_5/summary.csv","12692","2026-07-27T15:57:42.8329340Z","d9c74f348fe650bfd99bab0c6c29e1d7f1d6753f4203ef26d44446dccc59df62"
"gpu_mn_mg_cgcnn_20260803","paper_rebuild/baseline_snapshot/archive/experiments/reproducibility/results/paired_two_dataset_confirmation_20260712/runs/mnoxide/energy_gated_da_tpp/seed_6/al_history.csv","54909","2026-07-27T15:57:42.8339340Z","6a817cfd619dbda961817804a0871001f991ad295f388b5b4b6f869074050403"
"gpu_mn_mg_cgcnn_20260803","paper_rebuild/baseline_snapshot/archive/experiments/reproducibility/results/paired_two_dataset_confirmation_20260712/runs/mnoxide/energy_gated_da_tpp/seed_6/checkpoint_manifest.csv","5304","2026-07-27T15:57:42.8342840Z","da1ea7fa8f8f19b579ed0ea42319bc2063a5543e1d6300408c8e8a5cab1b7bb2"
"gpu_mn_mg_cgcnn_20260803","paper_rebuild/baseline_snapshot/archive/experiments/reproducibility/results/paired_two_dataset_confirmation_20260712/runs/mnoxide/energy_gated_da_tpp/seed_6/correction_substitutions.csv","96","2026-07-27T15:57:42.8347885Z","07592aad6664331a48435242edc11588c84e894a9316c649c50d4a1e2fc86274"
"gpu_mn_mg_cgcnn_20260803","paper_rebuild/baseline_snapshot/archive/experiments/reproducibility/results/paired_two_dataset_confirmation_20260712/runs/mnoxide/energy_gated_da_tpp/seed_6/environment.json","318","2026-07-27T15:57:42.8347885Z","e5fff2a9710f8329e7449bffe3cb5178a1ab5c4b708c901e2707a0d7769dbefc"
"gpu_mn_mg_cgcnn_20260803","paper_rebuild/baseline_snapshot/archive/experiments/reproducibility/results/paired_two_dataset_confirmation_20260712/runs/mnoxide/energy_gated_da_tpp/seed_6/mode_trace.csv","6008","2026-07-27T15:57:42.8347885Z","21434817b4580f5230abec9dc99cd3c1e9044f4a7ea57928c1e82e147c262dac"
"gpu_mn_mg_cgcnn_20260803","paper_rebuild/baseline_snapshot/archive/experiments/reproducibility/results/paired_two_dataset_confirmation_20260712/runs/mnoxide/energy_gated_da_tpp/seed_6/prediction_manifest.csv","6275","2026-07-27T15:57:42.8357941Z","68fcd1a3ec22a7b41c9648747b7512de03de87a35ed36b25344c5ebd1f4c7cd1"
"gpu_mn_mg_cgcnn_20260803","paper_rebuild/baseline_snapshot/archive/experiments/reproducibility/results/paired_two_dataset_confirmation_20260712/runs/mnoxide/energy_gated_da_tpp/seed_6/round_diagnostics.csv","10608","2026-07-27T15:57:42.8357941Z","ffea6b676d5c056534ca916de553b655101f7833b752abdac3e741891edcc341"
"gpu_mn_mg_cgcnn_20260803","paper_rebuild/baseline_snapshot/archive/experiments/reproducibility/results/paired_two_dataset_confirmation_20260712/runs/mnoxide/energy_gated_da_tpp/seed_6/run_config.json","2471","2026-07-27T15:57:42.8357941Z","36366ca4236e7a7d8ab0f908b5b9d5f896c4845244761933893b7ab5aa8a9b4d"
"gpu_mn_mg_cgcnn_20260803","paper_rebuild/baseline_snapshot/archive/experiments/reproducibility/results/paired_two_dataset_confirmation_20260712/runs/mnoxide/energy_gated_da_tpp/seed_6/run_metrics.csv","416","2026-07-27T15:57:42.8367941Z","1d05f277060139022b7a040edab122b915a1523d1b0ee26a908d9069f4f91677"
"gpu_mn_mg_cgcnn_20260803","paper_rebuild/baseline_snapshot/archive/experiments/reproducibility/results/paired_two_dataset_confirmation_20260712/runs/mnoxide/energy_gated_da_tpp/seed_6/status.json","276","2026-07-27T15:57:42.8367941Z","ca3fe459fa04d3084635e1acfcefccd83d4b0bcf157a582065605dd430f20b3c"
"gpu_mn_mg_cgcnn_20260803","paper_rebuild/baseline_snapshot/archive/experiments/reproducibility/results/paired_two_dataset_confirmation_20260712/runs/mnoxide/energy_gated_da_tpp/seed_6/summary.csv","12711","2026-07-27T15:57:42.8377956Z","744312b80d008cda57437dc4334a196b22f51ce0991977de51b084b52711c675"
"gpu_mn_mg_cgcnn_20260803","paper_rebuild/baseline_snapshot/archive/experiments/reproducibility/results/paired_two_dataset_confirmation_20260712/runs/mnoxide/energy_gated_da_tpp/seed_7/al_history.csv","54871","2026-07-27T15:57:42.8387940Z","391b00c32eede5cfb61c53ccb6e911ab014b70232a0646ac18c8ace995af0339"
"gpu_mn_mg_cgcnn_20260803","paper_rebuild/baseline_snapshot/archive/experiments/reproducibility/results/paired_two_dataset_confirmation_20260712/runs/mnoxide/energy_gated_da_tpp/seed_7/checkpoint_manifest.csv","5304","2026-07-27T15:57:42.8387940Z","cd741979e0433575bdc14cf22bd60669f0249a702697d78681623f9effa45687"
"gpu_mn_mg_cgcnn_20260803","paper_rebuild/baseline_snapshot/archive/experiments/reproducibility/results/paired_two_dataset_confirmation_20260712/runs/mnoxide/energy_gated_da_tpp/seed_7/correction_substitutions.csv","96","2026-07-27T15:57:42.8387940Z","07592aad6664331a48435242edc11588c84e894a9316c649c50d4a1e2fc86274"
"gpu_mn_mg_cgcnn_20260803","paper_rebuild/baseline_snapshot/archive/experiments/reproducibility/results/paired_two_dataset_confirmation_20260712/runs/mnoxide/energy_gated_da_tpp/seed_7/environment.json","318","2026-07-27T15:57:42.8397994Z","e5fff2a9710f8329e7449bffe3cb5178a1ab5c4b708c901e2707a0d7769dbefc"
"gpu_mn_mg_cgcnn_20260803","paper_rebuild/baseline_snapshot/archive/experiments/reproducibility/results/paired_two_dataset_confirmation_20260712/runs/mnoxide/energy_gated_da_tpp/seed_7/mode_trace.csv","5998","2026-07-27T15:57:42.8397994Z","b69a22aa77bdb8f263d2dfd83eb9af12ff20579dd582c881732f062e08c5fcb5"
"gpu_mn_mg_cgcnn_20260803","paper_rebuild/baseline_snapshot/archive/experiments/reproducibility/results/paired_two_dataset_confirmation_20260712/runs/mnoxide/energy_gated_da_tpp/seed_7/prediction_manifest.csv","6275","2026-07-27T15:57:42.8397994Z","6d3721f47c2c07da69a7f9c976e26eaa64df76e5bc5eabbbdb39bd6bd1f4f348"
"gpu_mn_mg_cgcnn_20260803","paper_rebuild/baseline_snapshot/archive/experiments/reproducibility/results/paired_two_dataset_confirmation_20260712/runs/mnoxide/energy_gated_da_tpp/seed_7/round_diagnostics.csv","10577","2026-07-27T15:57:42.8407983Z","76a3567d8019a73a761b70bb8934d6b89522a3085dfeff321a993826686eef49"
"gpu_mn_mg_cgcnn_20260803","paper_rebuild/baseline_snapshot/archive/experiments/reproducibility/results/paired_two_dataset_confirmation_20260712/runs/mnoxide/energy_gated_da_tpp/seed_7/run_config.json","2471","2026-07-27T15:57:42.8407983Z","7b479e03b1151bd6bebe2586d3f2899847edeac3af7f6c00c7e5824cc4bb9ef0"
"gpu_mn_mg_cgcnn_20260803","paper_rebuild/baseline_snapshot/archive/experiments/reproducibility/results/paired_two_dataset_confirmation_20260712/runs/mnoxide/energy_gated_da_tpp/seed_7/run_metrics.csv","416","2026-07-27T15:57:42.8407983Z","6bd3b9fa460421a19cd74457b100c8b2e364a85aa168602cb7d694c0bccba207"
"gpu_mn_mg_cgcnn_20260803","paper_rebuild/baseline_snapshot/archive/experiments/reproducibility/results/paired_two_dataset_confirmation_20260712/runs/mnoxide/energy_gated_da_tpp/seed_7/status.json","276","2026-07-27T15:57:42.8417984Z","c69dc2cba271b30c856105a2c3b9a08d209d47b6a7baff6acaa4fc2c133a8814"
"gpu_mn_mg_cgcnn_20260803","paper_rebuild/baseline_snapshot/archive/experiments/reproducibility/results/paired_two_dataset_confirmation_20260712/runs/mnoxide/energy_gated_da_tpp/seed_7/summary.csv","12704","2026-07-27T15:57:42.8417984Z","fe5d286e6bb8d0055178ce6624fb6796f6c39d96ed7f01d5e47bd1d8fef3e021"
"gpu_mn_mg_cgcnn_20260803","paper_rebuild/baseline_snapshot/archive/experiments/reproducibility/results/paired_two_dataset_confirmation_20260712/runs/mnoxide/energy_gated_da_tpp/seed_8/al_history.csv","54876","2026-07-27T15:57:42.8427993Z","89d23aa84bcb580feaaad6f50da967fc6b935d696ffaadbff64f1792fbfa5863"
"gpu_mn_mg_cgcnn_20260803","paper_rebuild/baseline_snapshot/archive/experiments/reproducibility/results/paired_two_dataset_confirmation_20260712/runs/mnoxide/energy_gated_da_tpp/seed_8/checkpoint_manifest.csv","5304","2026-07-27T15:57:42.8437983Z","eab2183aad42a3231a099e4a15a15c0ad37c8b2964b26818ddfa3e44cad9e474"
"gpu_mn_mg_cgcnn_20260803","paper_rebuild/baseline_snapshot/archive/experiments/reproducibility/results/paired_two_dataset_confirmation_20260712/runs/mnoxide/energy_gated_da_tpp/seed_8/correction_substitutions.csv","96","2026-07-27T15:57:42.8437983Z","07592aad6664331a48435242edc11588c84e894a9316c649c50d4a1e2fc86274"
"gpu_mn_mg_cgcnn_20260803","paper_rebuild/baseline_snapshot/archive/experiments/reproducibility/results/paired_two_dataset_confirmation_20260712/runs/mnoxide/energy_gated_da_tpp/seed_8/environment.json","318","2026-07-27T15:57:42.8443331Z","e5fff2a9710f8329e7449bffe3cb5178a1ab5c4b708c901e2707a0d7769dbefc"
"gpu_mn_mg_cgcnn_20260803","paper_rebuild/baseline_snapshot/archive/experiments/reproducibility/results/paired_two_dataset_confirmation_20260712/runs/mnoxide/energy_gated_da_tpp/seed_8/mode_trace.csv","5996","2026-07-27T15:57:42.8443331Z","183e1b06d1a2eb6e6b61d7c938ee0cc89d69dd7a62031c83d531c9f21ac457f2"
"gpu_mn_mg_cgcnn_20260803","paper_rebuild/baseline_snapshot/archive/experiments/reproducibility/results/paired_two_dataset_confirmation_20260712/runs/mnoxide/energy_gated_da_tpp/seed_8/prediction_manifest.csv","6275","2026-07-27T15:57:42.8453393Z","4151a3c6f3beab031e6abb04d476c9b5246eb5f27272659e6cf55e96a2da3276"
"gpu_mn_mg_cgcnn_20260803","paper_rebuild/baseline_snapshot/archive/experiments/reproducibility/results/paired_two_dataset_confirmation_20260712/runs/mnoxide/energy_gated_da_tpp/seed_8/round_diagnostics.csv","10589","2026-07-27T15:57:42.8453393Z","7d3ee7745b720811cdd308e6a8871f991e4236f37f2a2863b3ff25a54cd76752"
"gpu_mn_mg_cgcnn_20260803","paper_rebuild/baseline_snapshot/archive/experiments/reproducibility/results/paired_two_dataset_confirmation_20260712/runs/mnoxide/energy_gated_da_tpp/seed_8/run_config.json","2471","2026-07-27T15:57:42.8453393Z","6f1cb94b8e8533aefa935690e42d2d8c569b9091758030bda93efe9eae944c8f"
"gpu_mn_mg_cgcnn_20260803","paper_rebuild/baseline_snapshot/archive/experiments/reproducibility/results/paired_two_dataset_confirmation_20260712/runs/mnoxide/energy_gated_da_tpp/seed_8/run_metrics.csv","417","2026-07-27T15:57:42.8463376Z","da600ea73691ec72628353685b4656b54fde2df3a7c80e203d5987003a0b4aa8"
"gpu_mn_mg_cgcnn_20260803","paper_rebuild/baseline_snapshot/archive/experiments/reproducibility/results/paired_two_dataset_confirmation_20260712/runs/mnoxide/energy_gated_da_tpp/seed_8/status.json","277","2026-07-27T15:57:42.8463376Z","d0c80356c90ab3883efd300e02704c7a7e52b6b6e692050001de1f26075443ad"
"gpu_mn_mg_cgcnn_20260803","paper_rebuild/baseline_snapshot/archive/experiments/reproducibility/results/paired_two_dataset_confirmation_20260712/runs/mnoxide/energy_gated_da_tpp/seed_8/summary.csv","12713","2026-07-27T15:57:42.8473383Z","3ff52485b84450855f75a3b152436d89f7b4991d5a72f270c63c3ba4675a5baa"
"gpu_mn_mg_cgcnn_20260803","paper_rebuild/baseline_snapshot/archive/experiments/reproducibility/results/paired_two_dataset_confirmation_20260712/runs/mnoxide/energy_gated_da_tpp/seed_9/al_history.csv","54882","2026-07-27T15:57:42.8483396Z","3a20333eb757944bb7d44ee4e6b30445c054073f224792424220c2394aaf3937"
"gpu_mn_mg_cgcnn_20260803","paper_rebuild/baseline_snapshot/archive/experiments/reproducibility/results/paired_two_dataset_confirmation_20260712/runs/mnoxide/energy_gated_da_tpp/seed_9/checkpoint_manifest.csv","5304","2026-07-27T15:57:42.8483396Z","450291788d334e32f7602215ea2c0bca8f9c50e10fcda5c353ad7869b22dd90f"
"gpu_mn_mg_cgcnn_20260803","paper_rebuild/baseline_snapshot/archive/experiments/reproducibility/results/paired_two_dataset_confirmation_20260712/runs/mnoxide/energy_gated_da_tpp/seed_9/correction_substitutions.csv","96","2026-07-27T15:57:42.8493377Z","07592aad6664331a48435242edc11588c84e894a9316c649c50d4a1e2fc86274"
"gpu_mn_mg_cgcnn_20260803","paper_rebuild/baseline_snapshot/archive/experiments/reproducibility/results/paired_two_dataset_confirmation_20260712/runs/mnoxide/energy_gated_da_tpp/seed_9/environment.json","318","2026-07-27T15:57:42.8493377Z","e5fff2a9710f8329e7449bffe3cb5178a1ab5c4b708c901e2707a0d7769dbefc"
"gpu_mn_mg_cgcnn_20260803","paper_rebuild/baseline_snapshot/archive/experiments/reproducibility/results/paired_two_dataset_confirmation_20260712/runs/mnoxide/energy_gated_da_tpp/seed_9/mode_trace.csv","5996","2026-07-27T15:57:42.8493377Z","537cbad2ac08b37057117e30cae796c1baf77825e8613312de24202f9d7860ab"
"gpu_mn_mg_cgcnn_20260803","paper_rebuild/baseline_snapshot/archive/experiments/reproducibility/results/paired_two_dataset_confirmation_20260712/runs/mnoxide/energy_gated_da_tpp/seed_9/prediction_manifest.csv","6275","2026-07-27T15:57:42.8503384Z","6a1d357750fb992dbe8a554e6d9f8f81121859c91deee0f85f3d2bf49bf9735c"
"gpu_mn_mg_cgcnn_20260803","paper_rebuild/baseline_snapshot/archive/experiments/reproducibility/results/paired_two_dataset_confirmation_20260712/runs/mnoxide/energy_gated_da_tpp/seed_9/round_diagnostics.csv","10601","2026-07-27T15:57:42.8503384Z","e6c21fd79c94becf850af1626de34c6216bc2ff207c9e091328ed3544fef58b5"
"gpu_mn_mg_cgcnn_20260803","paper_rebuild/baseline_snapshot/archive/experiments/reproducibility/results/paired_two_dataset_confirmation_20260712/runs/mnoxide/energy_gated_da_tpp/seed_9/run_config.json","2471","2026-07-27T15:57:42.8503384Z","bbb50a9c652d9fcc5e2f36c7fd181851ffc472b024f183fbe3e8e91ef3762fcc"
"gpu_mn_mg_cgcnn_20260803","paper_rebuild/baseline_snapshot/archive/experiments/reproducibility/results/paired_two_dataset_confirmation_20260712/runs/mnoxide/energy_gated_da_tpp/seed_9/run_metrics.csv","416","2026-07-27T15:57:42.8513393Z","bab03029a17f3991ca29d2d92d6eae11753c4d982b87d9bffafdbadac44a46b0"
"gpu_mn_mg_cgcnn_20260803","paper_rebuild/baseline_snapshot/archive/experiments/reproducibility/results/paired_two_dataset_confirmation_20260712/runs/mnoxide/energy_gated_da_tpp/seed_9/status.json","276","2026-07-27T15:57:42.8513393Z","d6932e3aa42dc4426b42c3134f07c81414cba6a8240cc30b4caca00db9e48382"
"gpu_mn_mg_cgcnn_20260803","paper_rebuild/baseline_snapshot/archive/experiments/reproducibility/results/paired_two_dataset_confirmation_20260712/runs/mnoxide/energy_gated_da_tpp/seed_9/summary.csv","12712","2026-07-27T15:57:42.8513393Z","8806ecdad75e7c9f515de9426313f619164f1d79e2377cadea212c4f0fcf27dd"
"gpu_mn_mg_cgcnn_20260803","paper_rebuild/baseline_snapshot/archive/experiments/reproducibility/results/paired_two_dataset_confirmation_20260712/runs/mnoxide/predicted_distance_greedy/seed_5/al_history.csv","59332","2026-07-27T15:57:42.8533382Z","b6af6557fe31ff54180e6dd5cc7459dcee34f843596ea2f0cc8e66c5eb3b941e"
"gpu_mn_mg_cgcnn_20260803","paper_rebuild/baseline_snapshot/archive/experiments/reproducibility/results/paired_two_dataset_confirmation_20260712/runs/mnoxide/predicted_distance_greedy/seed_5/checkpoint_manifest.csv","5424","2026-07-27T15:57:42.8533382Z","8db31857d0a6bb48f9cdb51c32d3de38cb8a61434d6055b57a6a54b74b7a1035"
"gpu_mn_mg_cgcnn_20260803","paper_rebuild/baseline_snapshot/archive/experiments/reproducibility/results/paired_two_dataset_confirmation_20260712/runs/mnoxide/predicted_distance_greedy/seed_5/environment.json","318","2026-07-27T15:57:42.8543378Z","e5fff2a9710f8329e7449bffe3cb5178a1ab5c4b708c901e2707a0d7769dbefc"
"gpu_mn_mg_cgcnn_20260803","paper_rebuild/baseline_snapshot/archive/experiments/reproducibility/results/paired_two_dataset_confirmation_20260712/runs/mnoxide/predicted_distance_greedy/seed_5/mode_trace.csv","6271","2026-07-27T15:57:42.8543378Z","501c43dc8b2412fa4fb8ca6183f316334aaf431e1ad1291379c951bbd0a08562"
"gpu_mn_mg_cgcnn_20260803","paper_rebuild/baseline_snapshot/archive/experiments/reproducibility/results/paired_two_dataset_confirmation_20260712/runs/mnoxide/predicted_distance_greedy/seed_5/prediction_manifest.csv","6395","2026-07-27T15:57:42.8553625Z","79dd7f4d8a371c5d849eafc580d9035bb47a0224a7be936084f62b4f86c92e88"
"gpu_mn_mg_cgcnn_20260803","paper_rebuild/baseline_snapshot/archive/experiments/reproducibility/results/paired_two_dataset_confirmation_20260712/runs/mnoxide/predicted_distance_greedy/seed_5/round_diagnostics.csv","10715","2026-07-27T15:57:42.8553625Z","9b766c74010e21327705ba5d609c855239f53b6f359d53befd5e8f7382d871e0"
"gpu_mn_mg_cgcnn_20260803","paper_rebuild/baseline_snapshot/archive/experiments/reproducibility/results/paired_two_dataset_confirmation_20260712/runs/mnoxide/predicted_distance_greedy/seed_5/run_config.json","2495","2026-07-27T15:57:42.8553625Z","76b0923236dd50cfb25ae81f5f8820fe68e6c67efe6d3df72a8327af2ea3b187"
"gpu_mn_mg_cgcnn_20260803","paper_rebuild/baseline_snapshot/archive/experiments/reproducibility/results/paired_two_dataset_confirmation_20260712/runs/mnoxide/predicted_distance_greedy/seed_5/run_metrics.csv","408","2026-07-27T15:57:42.8563612Z","9f8ebe47f419df195638ec9e964ab36095369da058f2fbf17df81f50a0a06b1b"
"gpu_mn_mg_cgcnn_20260803","paper_rebuild/baseline_snapshot/archive/experiments/reproducibility/results/paired_two_dataset_confirmation_20260712/runs/mnoxide/predicted_distance_greedy/seed_5/status.json","268","2026-07-27T15:57:42.8563612Z","734125e4500846904c2f949bebcabb1a2ecd2d1ad387dc990a61b72068ea8558"
"gpu_mn_mg_cgcnn_20260803","paper_rebuild/baseline_snapshot/archive/experiments/reproducibility/results/paired_two_dataset_confirmation_20260712/runs/mnoxide/predicted_distance_greedy/seed_5/summary.csv","13053","2026-07-27T15:57:42.8563612Z","c86646f2605d9332b1241b79b978199bb36804a782a1e8ceeb552b0e798a3301"
"gpu_mn_mg_cgcnn_20260803","paper_rebuild/baseline_snapshot/archive/experiments/reproducibility/results/paired_two_dataset_confirmation_20260712/runs/mnoxide/predicted_distance_greedy/seed_6/al_history.csv","59389","2026-07-27T15:57:42.8573606Z","c2038b579aece5cbbd1ae9b2751259c2e1570ffff9156b948d03213072ffa9cb"
"gpu_mn_mg_cgcnn_20260803","paper_rebuild/baseline_snapshot/archive/experiments/reproducibility/results/paired_two_dataset_confirmation_20260712/runs/mnoxide/predicted_distance_greedy/seed_6/checkpoint_manifest.csv","5424","2026-07-27T15:57:42.8583604Z","d61676678d651fe5ab61d4eca226b849ca23a0519e26b2653aa13606983cb2ec"
"gpu_mn_mg_cgcnn_20260803","paper_rebuild/baseline_snapshot/archive/experiments/reproducibility/results/paired_two_dataset_confirmation_20260712/runs/mnoxide/predicted_distance_greedy/seed_6/environment.json","318","2026-07-27T15:57:42.8583604Z","e5fff2a9710f8329e7449bffe3cb5178a1ab5c4b708c901e2707a0d7769dbefc"
"gpu_mn_mg_cgcnn_20260803","paper_rebuild/baseline_snapshot/archive/experiments/reproducibility/results/paired_two_dataset_confirmation_20260712/runs/mnoxide/predicted_distance_greedy/seed_6/mode_trace.csv","6288","2026-07-27T15:57:42.8583604Z","75677617781150523b4b1a692e6fd34e31600a79d4e854871a72190f9c4ae602"
"gpu_mn_mg_cgcnn_20260803","paper_rebuild/baseline_snapshot/archive/experiments/reproducibility/results/paired_two_dataset_confirmation_20260712/runs/mnoxide/predicted_distance_greedy/seed_6/prediction_manifest.csv","6395","2026-07-27T15:57:42.8593609Z","bd7c6bc88a127d4b1f18dca3467a48c6475ceece6514f1be134f48c3a85056fe"
"gpu_mn_mg_cgcnn_20260803","paper_rebuild/baseline_snapshot/archive/experiments/reproducibility/results/paired_two_dataset_confirmation_20260712/runs/mnoxide/predicted_distance_greedy/seed_6/round_diagnostics.csv","10728","2026-07-27T15:57:42.8593609Z","9fd4004f204edf5f2a40bc674d7b5fa6b0da3b0b707322cc6446fe0a25ebb323"
"gpu_mn_mg_cgcnn_20260803","paper_rebuild/baseline_snapshot/archive/experiments/reproducibility/results/paired_two_dataset_confirmation_20260712/runs/mnoxide/predicted_distance_greedy/seed_6/run_config.json","2495","2026-07-27T15:57:42.8603607Z","69512db8bbe71f0e97ee3d68053e18346e7f02dd34d1f3c19c494378f67efa9d"
"gpu_mn_mg_cgcnn_20260803","paper_rebuild/baseline_snapshot/archive/experiments/reproducibility/results/paired_two_dataset_confirmation_20260712/runs/mnoxide/predicted_distance_greedy/seed_6/run_metrics.csv","422","2026-07-27T15:57:42.8603607Z","2a0279d158dd89686845dd9f7cf03399be20dbe86bc7c33b44230345ecebc22e"
"gpu_mn_mg_cgcnn_20260803","paper_rebuild/baseline_snapshot/archive/experiments/reproducibility/results/paired_two_dataset_confirmation_20260712/runs/mnoxide/predicted_distance_greedy/seed_6/status.json","281","2026-07-27T15:57:42.8603607Z","36b5bbb8898936b2e99ade539c0df9c5eb8cc544dc8b39cd800a7954f97cda94"
"gpu_mn_mg_cgcnn_20260803","paper_rebuild/baseline_snapshot/archive/experiments/reproducibility/results/paired_two_dataset_confirmation_20260712/runs/mnoxide/predicted_distance_greedy/seed_6/summary.csv","13071","2026-07-27T15:57:42.8613606Z","ad370daa9529f79878fd6e50e335a58b7916e2f12cf3e450a0fa5d0e2107d4b5"
"gpu_mn_mg_cgcnn_20260803","paper_rebuild/baseline_snapshot/archive/experiments/reproducibility/results/paired_two_dataset_confirmation_20260712/runs/mnoxide/predicted_distance_greedy/seed_7/al_history.csv","59351","2026-07-27T15:57:42.8623606Z","adf14d408ea4ca42c6caa6502ad1d4392598d7a14d5f72c5f34470da6bad2464"
"gpu_mn_mg_cgcnn_20260803","paper_rebuild/baseline_snapshot/archive/experiments/reproducibility/results/paired_two_dataset_confirmation_20260712/runs/mnoxide/predicted_distance_greedy/seed_7/checkpoint_manifest.csv","5424","2026-07-27T15:57:42.8627763Z","d0f9afd198366fa93b402385f1cfe601b330e8d38b1acf89d4c9cb40dbe70bad"
"gpu_mn_mg_cgcnn_20260803","paper_rebuild/baseline_snapshot/archive/experiments/reproducibility/results/paired_two_dataset_confirmation_20260712/runs/mnoxide/predicted_distance_greedy/seed_7/environment.json","318","2026-07-27T15:57:42.8632804Z","e5fff2a9710f8329e7449bffe3cb5178a1ab5c4b708c901e2707a0d7769dbefc"
"gpu_mn_mg_cgcnn_20260803","paper_rebuild/baseline_snapshot/archive/experiments/reproducibility/results/paired_two_dataset_confirmation_20260712/runs/mnoxide/predicted_distance_greedy/seed_7/mode_trace.csv","6278","2026-07-27T15:57:42.8632804Z","1b9db0d40692c27a9bf9f213b7759e19e30df9f14c8bfbba5cc2e3e4cd7e5da2"
"gpu_mn_mg_cgcnn_20260803","paper_rebuild/baseline_snapshot/archive/experiments/reproducibility/results/paired_two_dataset_confirmation_20260712/runs/mnoxide/predicted_distance_greedy/seed_7/prediction_manifest.csv","6395","2026-07-27T15:57:42.8632804Z","8e97c98ef5600acbded71d2e58fef425c45e61961f44f12dbd6f228cb93d0d16"
"gpu_mn_mg_cgcnn_20260803","paper_rebuild/baseline_snapshot/archive/experiments/reproducibility/results/paired_two_dataset_confirmation_20260712/runs/mnoxide/predicted_distance_greedy/seed_7/round_diagnostics.csv","10697","2026-07-27T15:57:42.8642862Z","dd44e117efbc3463cd94a316d90dd606847986d816b33e55b06e917ae39ac3e2"
"gpu_mn_mg_cgcnn_20260803","paper_rebuild/baseline_snapshot/archive/experiments/reproducibility/results/paired_two_dataset_confirmation_20260712/runs/mnoxide/predicted_distance_greedy/seed_7/run_config.json","2495","2026-07-27T15:57:42.8642862Z","bc362de26853e9a687a78a2128a4e0a3744a619cd305aec18b2a64fa6c7ad012"
"gpu_mn_mg_cgcnn_20260803","paper_rebuild/baseline_snapshot/archive/experiments/reproducibility/results/paired_two_dataset_confirmation_20260712/runs/mnoxide/predicted_distance_greedy/seed_7/run_metrics.csv","422","2026-07-27T15:57:42.8652866Z","f7d710de5d6927a670d0030a5004109b8c2d731d53df2d416e8f8c592a318bbc"
"gpu_mn_mg_cgcnn_20260803","paper_rebuild/baseline_snapshot/archive/experiments/reproducibility/results/paired_two_dataset_confirmation_20260712/runs/mnoxide/predicted_distance_greedy/seed_7/status.json","281","2026-07-27T15:57:42.8652866Z","cbf2061e902ba04e0e9ed4145b76b598be15413705c3de71d092018c33bc9c3d"
"gpu_mn_mg_cgcnn_20260803","paper_rebuild/baseline_snapshot/archive/experiments/reproducibility/results/paired_two_dataset_confirmation_20260712/runs/mnoxide/predicted_distance_greedy/seed_7/summary.csv","13064","2026-07-27T15:57:42.8652866Z","b75be2c8f96c1799a8cbe403d7e85be8cb3e60cc86d307ff61baba62d93fbec8"
"gpu_mn_mg_cgcnn_20260803","paper_rebuild/baseline_snapshot/archive/experiments/reproducibility/results/paired_two_dataset_confirmation_20260712/runs/mnoxide/predicted_distance_greedy/seed_8/al_history.csv","59356","2026-07-27T15:57:42.8662861Z","dbeaf179ee8911d491aa97a720ad84c01b9f052865aa8a9f8ef39c5ba3ca2548"
"gpu_mn_mg_cgcnn_20260803","paper_rebuild/baseline_snapshot/archive/experiments/reproducibility/results/paired_two_dataset_confirmation_20260712/runs/mnoxide/predicted_distance_greedy/seed_8/checkpoint_manifest.csv","5424","2026-07-27T15:57:42.8662861Z","47cbf0f3281457c19491f4344f53255e3e4664167f2a6f74405bc345c691cd1d"
"gpu_mn_mg_cgcnn_20260803","paper_rebuild/baseline_snapshot/archive/experiments/reproducibility/results/paired_two_dataset_confirmation_20260712/runs/mnoxide/predicted_distance_greedy/seed_8/environment.json","318","2026-07-27T15:57:42.8672853Z","e5fff2a9710f8329e7449bffe3cb5178a1ab5c4b708c901e2707a0d7769dbefc"
"gpu_mn_mg_cgcnn_20260803","paper_rebuild/baseline_snapshot/archive/experiments/reproducibility/results/paired_two_dataset_confirmation_20260712/runs/mnoxide/predicted_distance_greedy/seed_8/mode_trace.csv","6276","2026-07-27T15:57:42.8672853Z","1891e221555330e97fc143ff526c325381dca1a4ee6180a38a6f41d448de435d"
"gpu_mn_mg_cgcnn_20260803","paper_rebuild/baseline_snapshot/archive/experiments/reproducibility/results/paired_two_dataset_confirmation_20260712/runs/mnoxide/predicted_distance_greedy/seed_8/prediction_manifest.csv","6395","2026-07-27T15:57:42.8672853Z","f17b824b00f9179a995fd1e52bd0b02f2651697b90ed75ea5161ae4f27269129"
"gpu_mn_mg_cgcnn_20260803","paper_rebuild/baseline_snapshot/archive/experiments/reproducibility/results/paired_two_dataset_confirmation_20260712/runs/mnoxide/predicted_distance_greedy/seed_8/round_diagnostics.csv","10709","2026-07-27T15:57:42.8682858Z","908f3aeb5c3bd8491e8a33aa4dc2ea53706686fdf60a59ba7428d0a1c035fa7c"
"gpu_mn_mg_cgcnn_20260803","paper_rebuild/baseline_snapshot/archive/experiments/reproducibility/results/paired_two_dataset_confirmation_20260712/runs/mnoxide/predicted_distance_greedy/seed_8/run_config.json","2495","2026-07-27T15:57:42.8682858Z","f62a32e9c48b6d6ff85cae8a176e86596e281437552327af896014be866d0558"
"gpu_mn_mg_cgcnn_20260803","paper_rebuild/baseline_snapshot/archive/experiments/reproducibility/results/paired_two_dataset_confirmation_20260712/runs/mnoxide/predicted_distance_greedy/seed_8/run_metrics.csv","423","2026-07-27T15:57:42.8682858Z","2c082559d24447d4c544a1a6d52762e7127bd33ef115262d36cb8b2a65452e0e"
"gpu_mn_mg_cgcnn_20260803","paper_rebuild/baseline_snapshot/archive/experiments/reproducibility/results/paired_two_dataset_confirmation_20260712/runs/mnoxide/predicted_distance_greedy/seed_8/status.json","283","2026-07-27T15:57:42.8692865Z","7b00d0f2ede40afe42ca45ebb2734910dd8d29534019cd14501ed8fe27330b4e"
"gpu_mn_mg_cgcnn_20260803","paper_rebuild/baseline_snapshot/archive/experiments/reproducibility/results/paired_two_dataset_confirmation_20260712/runs/mnoxide/predicted_distance_greedy/seed_8/summary.csv","13073","2026-07-27T15:57:42.8692865Z","45e49fbbcd5ab9ccd8add74a951b5d70a007cdb084279f85f6fbd2ae04cb97d7"
"gpu_mn_mg_cgcnn_20260803","paper_rebuild/baseline_snapshot/archive/experiments/reproducibility/results/paired_two_dataset_confirmation_20260712/runs/mnoxide/predicted_distance_greedy/seed_9/al_history.csv","59362","2026-07-27T15:57:42.8699116Z","a9a8845884029b3aacb1d03daa9d8e968375ecc5373811638c1b298477a9553a"
"gpu_mn_mg_cgcnn_20260803","paper_rebuild/baseline_snapshot/archive/experiments/reproducibility/results/paired_two_dataset_confirmation_20260712/runs/mnoxide/predicted_distance_greedy/seed_9/checkpoint_manifest.csv","5424","2026-07-27T15:57:42.8709171Z","54871fac959ebacd0d3b72a560b986f2ccb4baa64656008c5e94bd141c24482f"
"gpu_mn_mg_cgcnn_20260803","paper_rebuild/baseline_snapshot/archive/experiments/reproducibility/results/paired_two_dataset_confirmation_20260712/runs/mnoxide/predicted_distance_greedy/seed_9/environment.json","318","2026-07-27T15:57:42.8709171Z","e5fff2a9710f8329e7449bffe3cb5178a1ab5c4b708c901e2707a0d7769dbefc"
"gpu_mn_mg_cgcnn_20260803","paper_rebuild/baseline_snapshot/archive/experiments/reproducibility/results/paired_two_dataset_confirmation_20260712/runs/mnoxide/predicted_distance_greedy/seed_9/mode_trace.csv","6276","2026-07-27T15:57:42.8719160Z","107027cf71b7cfad7708569c3e52a7f29249d71b509fdcff25a72c0ea4aa08d9"
"gpu_mn_mg_cgcnn_20260803","paper_rebuild/baseline_snapshot/archive/experiments/reproducibility/results/paired_two_dataset_confirmation_20260712/runs/mnoxide/predicted_distance_greedy/seed_9/prediction_manifest.csv","6395","2026-07-27T15:57:42.8719160Z","a07ae7c1a93a892a8481717e5e1406ec5c602bc21a8d7c88f14acd47b4f3f78b"
"gpu_mn_mg_cgcnn_20260803","paper_rebuild/baseline_snapshot/archive/experiments/reproducibility/results/paired_two_dataset_confirmation_20260712/runs/mnoxide/predicted_distance_greedy/seed_9/round_diagnostics.csv","10721","2026-07-27T15:57:42.8729209Z","7ed0d0dfac381fd1d02cf026c021803558c12d1908f369996584260f17da5908"
"gpu_mn_mg_cgcnn_20260803","paper_rebuild/baseline_snapshot/archive/experiments/reproducibility/results/paired_two_dataset_confirmation_20260712/runs/mnoxide/predicted_distance_greedy/seed_9/run_config.json","2495","2026-07-27T15:57:42.8729209Z","46476db991e53d589aa5102309e7a17db251eb69bc1f030c21bda7efde5dd0a4"
"gpu_mn_mg_cgcnn_20260803","paper_rebuild/baseline_snapshot/archive/experiments/reproducibility/results/paired_two_dataset_confirmation_20260712/runs/mnoxide/predicted_distance_greedy/seed_9/run_metrics.csv","422","2026-07-27T15:57:42.8729209Z","82fac4b128ee1890d138182bcc1d29c2648e168ebf47d6eaba537573a4c69a2d"
"gpu_mn_mg_cgcnn_20260803","paper_rebuild/baseline_snapshot/archive/experiments/reproducibility/results/paired_two_dataset_confirmation_20260712/runs/mnoxide/predicted_distance_greedy/seed_9/status.json","280","2026-07-27T15:57:42.8739167Z","1754ca45b9317222ca358e3959c81748ab532f801d8d17590f710056e0513550"
"gpu_mn_mg_cgcnn_20260803","paper_rebuild/baseline_snapshot/archive/experiments/reproducibility/results/paired_two_dataset_confirmation_20260712/runs/mnoxide/predicted_distance_greedy/seed_9/summary.csv","13072","2026-07-27T15:57:42.8739167Z","aa0f0d838f92558903763aa17611ec5c1368a84179a68a3150e2913ee1e0bcbd"
"gpu_mn_mg_cgcnn_20260803","paper_rebuild/baseline_snapshot/archive/experiments/reproducibility/results/paired_two_dataset_confirmation_seeds_10_14_20260713/COMPLETION.json","197","2026-07-27T15:57:42.8749166Z","aff6a4e2c382846cc78db6151bd7f9f48680571b8335b9ba38f34738bcc1ac0d"
"gpu_mn_mg_cgcnn_20260803","paper_rebuild/baseline_snapshot/archive/experiments/reproducibility/results/paired_two_dataset_confirmation_seeds_10_14_20260713/failed_runs.csv","71","2026-07-27T15:57:42.8779154Z","e7e56824e15dd1a238c078e2028a149046fc6ff21255c064f3e404d7879cadd2"
"gpu_mn_mg_cgcnn_20260803","paper_rebuild/baseline_snapshot/archive/experiments/reproducibility/results/paired_two_dataset_confirmation_seeds_10_14_20260713/FROZEN_CORRECTED_SEEDS_10_14_MANIFEST.json","7150","2026-07-27T15:57:42.8749166Z","ba8b86740089a65db5d05e0277ec914435508e95bf2fbfd73ef113f3347ac37b"
"gpu_mn_mg_cgcnn_20260803","paper_rebuild/baseline_snapshot/archive/experiments/reproducibility/results/paired_two_dataset_confirmation_seeds_10_14_20260713/FROZEN_CORRECTED_SEEDS_10_14_MANIFEST.md","581","2026-07-27T15:57:42.8759163Z","121b4c5f10efaf22224bde798820bfc27eab77a3535510f3f73bab1bda4439d3"
"gpu_mn_mg_cgcnn_20260803","paper_rebuild/baseline_snapshot/archive/experiments/reproducibility/results/paired_two_dataset_confirmation_seeds_10_14_20260713/LAUNCHER_STATUS.json","197","2026-07-27T15:57:42.8759163Z","aff6a4e2c382846cc78db6151bd7f9f48680571b8335b9ba38f34738bcc1ac0d"
"gpu_mn_mg_cgcnn_20260803","paper_rebuild/baseline_snapshot/archive/experiments/reproducibility/results/paired_two_dataset_confirmation_seeds_10_14_20260713/LAUNCH_RESULTS.csv","8703","2026-07-27T15:57:42.8759163Z","a334fd76dfb142fbac1201bd3f600c73de49827a6cbcb140863c82506d0672ba"
"gpu_mn_mg_cgcnn_20260803","paper_rebuild/baseline_snapshot/archive/experiments/reproducibility/results/paired_two_dataset_confirmation_seeds_10_14_20260713/LOCAL_COMPLETION_QA.json","2504","2026-07-27T15:57:42.8769160Z","30f40e51a2c8e4382e1943b5004a916f743b5df914c16e9ac678f115a544841f"
"gpu_mn_mg_cgcnn_20260803","paper_rebuild/baseline_snapshot/archive/experiments/reproducibility/results/paired_two_dataset_confirmation_seeds_10_14_20260713/PLANNED_RUNS.csv","11317","2026-07-27T15:57:42.8769160Z","5f333f45dbc75b50ee9dafc02596510168499be77a7e1cc549bcf793fc9c161b"
"gpu_mn_mg_cgcnn_20260803","paper_rebuild/baseline_snapshot/archive/experiments/reproducibility/results/paired_two_dataset_confirmation_seeds_10_14_20260713/REMOTE_COMPLETION_QA.json","2472","2026-07-27T15:57:42.8779154Z","145f2ff44f06ffa3e5703f14a1c81ae78f8e11fea9b3494e3bb18347e437e2ae"
"gpu_mn_mg_cgcnn_20260803","paper_rebuild/baseline_snapshot/archive/experiments/reproducibility/results/paired_two_dataset_confirmation_seeds_10_14_20260713/runs/limo/energy_gated_da_tpp/seed_10/al_history.csv","135343","2026-07-27T15:57:42.8804024Z","9772b147077b3c33fad0c762e60c98fd01340f91b97edb3cfe993aad4566b45d"
"gpu_mn_mg_cgcnn_20260803","paper_rebuild/baseline_snapshot/archive/experiments/reproducibility/results/paired_two_dataset_confirmation_seeds_10_14_20260713/runs/limo/energy_gated_da_tpp/seed_10/checkpoint_manifest.csv","11024","2026-07-27T15:57:42.8814077Z","bc036e788a1362f684f07cff9a6afde9e02fc56bc56d8953db02aa033935ccf5"
"gpu_mn_mg_cgcnn_20260803","paper_rebuild/baseline_snapshot/archive/experiments/reproducibility/results/paired_two_dataset_confirmation_seeds_10_14_20260713/runs/limo/energy_gated_da_tpp/seed_10/correction_substitutions.csv","53586","2026-07-27T15:57:42.8814077Z","efc4f9e2038517c2b159b3c1ba3e2fff5f5cad6baba2b28491031804fc05083f"
"gpu_mn_mg_cgcnn_20260803","paper_rebuild/baseline_snapshot/archive/experiments/reproducibility/results/paired_two_dataset_confirmation_seeds_10_14_20260713/runs/limo/energy_gated_da_tpp/seed_10/environment.json","318","2026-07-27T15:57:42.8824070Z","e5fff2a9710f8329e7449bffe3cb5178a1ab5c4b708c901e2707a0d7769dbefc"
"gpu_mn_mg_cgcnn_20260803","paper_rebuild/baseline_snapshot/archive/experiments/reproducibility/results/paired_two_dataset_confirmation_seeds_10_14_20260713/runs/limo/energy_gated_da_tpp/seed_10/mode_trace.csv","11192","2026-07-27T15:57:42.8824070Z","341ac8bc549da32d6fbbd3eebabd6d61ab959466b449e0227ba7fbcd087abcec"
"gpu_mn_mg_cgcnn_20260803","paper_rebuild/baseline_snapshot/archive/experiments/reproducibility/results/paired_two_dataset_confirmation_seeds_10_14_20260713/runs/limo/energy_gated_da_tpp/seed_10/prediction_manifest.csv","12929","2026-07-27T15:57:42.8824070Z","487475c8b1c0824ecef8378d8d125a14de1b3da1888efa2f34ffa3a5aa907ca1"
"gpu_mn_mg_cgcnn_20260803","paper_rebuild/baseline_snapshot/archive/experiments/reproducibility/results/paired_two_dataset_confirmation_seeds_10_14_20260713/runs/limo/energy_gated_da_tpp/seed_10/round_diagnostics.csv","97871","2026-07-27T15:57:42.8834067Z","e7c7f28ff03291ac3a136a836d4af68f70529e34ebda15f120397bd6db026168"
"gpu_mn_mg_cgcnn_20260803","paper_rebuild/baseline_snapshot/archive/experiments/reproducibility/results/paired_two_dataset_confirmation_seeds_10_14_20260713/runs/limo/energy_gated_da_tpp/seed_10/run_config.json","2405","2026-07-27T15:57:42.8834067Z","8e0ad10bb5a1b495498846ae6d57522c6a6fbb5f239ecc7b6654c8b07ed63db9"
"gpu_mn_mg_cgcnn_20260803","paper_rebuild/baseline_snapshot/archive/experiments/reproducibility/results/paired_two_dataset_confirmation_seeds_10_14_20260713/runs/limo/energy_gated_da_tpp/seed_10/run_metrics.csv","745","2026-07-27T15:57:42.8844069Z","50ee4f64e3a62cc2b79e9ca3dbc31923e8126d2493ea2a959a08ef5f40c2006c"
"gpu_mn_mg_cgcnn_20260803","paper_rebuild/baseline_snapshot/archive/experiments/reproducibility/results/paired_two_dataset_confirmation_seeds_10_14_20260713/runs/limo/energy_gated_da_tpp/seed_10/status.json","272","2026-07-27T15:57:42.8844069Z","330767ee94597846433dfc3c821b115de129a4defdd7d4a87bea50aaf862ebb8"
"gpu_mn_mg_cgcnn_20260803","paper_rebuild/baseline_snapshot/archive/experiments/reproducibility/results/paired_two_dataset_confirmation_seeds_10_14_20260713/runs/limo/energy_gated_da_tpp/seed_10/summary.csv","55458","2026-07-27T15:57:42.8854068Z","72bb5fee7460c7e17cab5e0596cb818900fbc5a3c5ce5e6144695a1a7bc87673"
"gpu_mn_mg_cgcnn_20260803","paper_rebuild/baseline_snapshot/archive/experiments/reproducibility/results/paired_two_dataset_confirmation_seeds_10_14_20260713/runs/limo/energy_gated_da_tpp/seed_11/al_history.csv","135269","2026-07-27T15:57:42.8864075Z","a86bff85260884956d6a52976ca7108958a7676a6587056e0b24e4d90139ef53"
"gpu_mn_mg_cgcnn_20260803","paper_rebuild/baseline_snapshot/archive/experiments/reproducibility/results/paired_two_dataset_confirmation_seeds_10_14_20260713/runs/limo/energy_gated_da_tpp/seed_11/checkpoint_manifest.csv","11024","2026-07-27T15:57:42.8864075Z","4be8d7a42927fb558e21230805509cac9e705e992b6317e1b48049161b501d72"
"gpu_mn_mg_cgcnn_20260803","paper_rebuild/baseline_snapshot/archive/experiments/reproducibility/results/paired_two_dataset_confirmation_seeds_10_14_20260713/runs/limo/energy_gated_da_tpp/seed_11/correction_substitutions.csv","58903","2026-07-27T15:57:42.8874079Z","9aa62aae7bfafe377a4b05025d7b5790e4c707eef9f94b709bb7a10c5241d044"
"gpu_mn_mg_cgcnn_20260803","paper_rebuild/baseline_snapshot/archive/experiments/reproducibility/results/paired_two_dataset_confirmation_seeds_10_14_20260713/runs/limo/energy_gated_da_tpp/seed_11/environment.json","318","2026-07-27T15:57:42.8874079Z","e5fff2a9710f8329e7449bffe3cb5178a1ab5c4b708c901e2707a0d7769dbefc"
"gpu_mn_mg_cgcnn_20260803","paper_rebuild/baseline_snapshot/archive/experiments/reproducibility/results/paired_two_dataset_confirmation_seeds_10_14_20260713/runs/limo/energy_gated_da_tpp/seed_11/mode_trace.csv","11224","2026-07-27T15:57:42.8884080Z","11ddefd5502b60cf2c58703b6a47dbc5a6a83b2febbd775fe2b422c12f9015a1"
"gpu_mn_mg_cgcnn_20260803","paper_rebuild/baseline_snapshot/archive/experiments/reproducibility/results/paired_two_dataset_confirmation_seeds_10_14_20260713/runs/limo/energy_gated_da_tpp/seed_11/prediction_manifest.csv","12929","2026-07-27T15:57:42.8884080Z","2439c75a7fbb76d59f0290ce3043997feb1a5938dc3ca0d03fc2b69acbf53751"
"gpu_mn_mg_cgcnn_20260803","paper_rebuild/baseline_snapshot/archive/experiments/reproducibility/results/paired_two_dataset_confirmation_seeds_10_14_20260713/runs/limo/energy_gated_da_tpp/seed_11/round_diagnostics.csv","99911","2026-07-27T15:57:42.8894081Z","0fd5da73880ff4263d9b0bdca58152497197c2796b157db7e8104daf23e59c76"
"gpu_mn_mg_cgcnn_20260803","paper_rebuild/baseline_snapshot/archive/experiments/reproducibility/results/paired_two_dataset_confirmation_seeds_10_14_20260713/runs/limo/energy_gated_da_tpp/seed_11/run_config.json","2405","2026-07-27T15:57:42.8894081Z","eff53b7dd114982150786b07dacb45836b4a545af3064cb07b2543156a5aa89b"
"gpu_mn_mg_cgcnn_20260803","paper_rebuild/baseline_snapshot/archive/experiments/reproducibility/results/paired_two_dataset_confirmation_seeds_10_14_20260713/runs/limo/energy_gated_da_tpp/seed_11/run_metrics.csv","740","2026-07-27T15:57:42.8904066Z","668a05d1ea58916d3c191331074894146a8cc9435edb81c42722a537ae9f5961"
"gpu_mn_mg_cgcnn_20260803","paper_rebuild/baseline_snapshot/archive/experiments/reproducibility/results/paired_two_dataset_confirmation_seeds_10_14_20260713/runs/limo/energy_gated_da_tpp/seed_11/status.json","271","2026-07-27T15:57:42.8904066Z","3a8a410fd4fcf54529c02f7dce43b8f22339d80a2528953ad8fde37515457fe9"
"gpu_mn_mg_cgcnn_20260803","paper_rebuild/baseline_snapshot/archive/experiments/reproducibility/results/paired_two_dataset_confirmation_seeds_10_14_20260713/runs/limo/energy_gated_da_tpp/seed_11/summary.csv","55468","2026-07-27T15:57:42.8904066Z","9bb581104d6415b48c5d1dcb3993d60bf56801026e5c1754443e6afd9c12a591"
"gpu_mn_mg_cgcnn_20260803","paper_rebuild/baseline_snapshot/archive/experiments/reproducibility/results/paired_two_dataset_confirmation_seeds_10_14_20260713/runs/limo/energy_gated_da_tpp/seed_12/al_history.csv","135272","2026-07-27T15:57:42.8924078Z","1f2636b491d8ee863ab26f71463841d8a7a026eb420b2fa6d6220d3bab329ad9"
"gpu_mn_mg_cgcnn_20260803","paper_rebuild/baseline_snapshot/archive/experiments/reproducibility/results/paired_two_dataset_confirmation_seeds_10_14_20260713/runs/limo/energy_gated_da_tpp/seed_12/checkpoint_manifest.csv","11024","2026-07-27T15:57:42.8924078Z","0214c381f36a8d2b3939753c3b641c91258d7f68750db0b27ce80a7866d048be"
"gpu_mn_mg_cgcnn_20260803","paper_rebuild/baseline_snapshot/archive/experiments/reproducibility/results/paired_two_dataset_confirmation_seeds_10_14_20260713/runs/limo/energy_gated_da_tpp/seed_12/correction_substitutions.csv","53872","2026-07-27T15:57:42.8934065Z","7a2526d0fe079c670e5057b2e55428c007b9ce0bae948b65fb1791439b600e98"
"gpu_mn_mg_cgcnn_20260803","paper_rebuild/baseline_snapshot/archive/experiments/reproducibility/results/paired_two_dataset_confirmation_seeds_10_14_20260713/runs/limo/energy_gated_da_tpp/seed_12/environment.json","318","2026-07-27T15:57:42.8934065Z","e5fff2a9710f8329e7449bffe3cb5178a1ab5c4b708c901e2707a0d7769dbefc"
"gpu_mn_mg_cgcnn_20260803","paper_rebuild/baseline_snapshot/archive/experiments/reproducibility/results/paired_two_dataset_confirmation_seeds_10_14_20260713/runs/limo/energy_gated_da_tpp/seed_12/mode_trace.csv","11234","2026-07-27T15:57:42.8944073Z","a837775258f6a4c974488c11e95ccb0122b0cd449f6e1173378d648eb647bd6d"
"gpu_mn_mg_cgcnn_20260803","paper_rebuild/baseline_snapshot/archive/experiments/reproducibility/results/paired_two_dataset_confirmation_seeds_10_14_20260713/runs/limo/energy_gated_da_tpp/seed_12/prediction_manifest.csv","12929","2026-07-27T15:57:42.8944073Z","88695e242f2c00797a8a76ed6fdf69c27a13bf1da71f08271733a15885f13654"
"gpu_mn_mg_cgcnn_20260803","paper_rebuild/baseline_snapshot/archive/experiments/reproducibility/results/paired_two_dataset_confirmation_seeds_10_14_20260713/runs/limo/energy_gated_da_tpp/seed_12/round_diagnostics.csv","97971","2026-07-27T15:57:42.8954077Z","f700f650e5de4fc26b0460e34b1d76c91fc00c73e1530c907a7a01842f54c2d1"
"gpu_mn_mg_cgcnn_20260803","paper_rebuild/baseline_snapshot/archive/experiments/reproducibility/results/paired_two_dataset_confirmation_seeds_10_14_20260713/runs/limo/energy_gated_da_tpp/seed_12/run_config.json","2405","2026-07-27T15:57:42.8954077Z","efc4cebebecf8ff1be8505b1c54a1054baf6aa790fcf601c749c9365273fb787"
"gpu_mn_mg_cgcnn_20260803","paper_rebuild/baseline_snapshot/archive/experiments/reproducibility/results/paired_two_dataset_confirmation_seeds_10_14_20260713/runs/limo/energy_gated_da_tpp/seed_12/run_metrics.csv","747","2026-07-27T15:57:42.8954077Z","34871d1bfa24776a86d2aff943e25266a4419834e6212dbffd9df41a460ad6e6"
"gpu_mn_mg_cgcnn_20260803","paper_rebuild/baseline_snapshot/archive/experiments/reproducibility/results/paired_two_dataset_confirmation_seeds_10_14_20260713/runs/limo/energy_gated_da_tpp/seed_12/status.json","271","2026-07-27T15:57:42.8954077Z","9a004db4014cff6c6c333ee689b14d469d9b6b3113836fc0bd7886e5195d0000"
"gpu_mn_mg_cgcnn_20260803","paper_rebuild/baseline_snapshot/archive/experiments/reproducibility/results/paired_two_dataset_confirmation_seeds_10_14_20260713/runs/limo/energy_gated_da_tpp/seed_12/summary.csv","55470","2026-07-27T15:57:42.8964075Z","8768ea4f25c8c3ba3ab60ea98ecaf3c4a37ea82b12e1cb6ad87d813d5e2ba885"
"gpu_mn_mg_cgcnn_20260803","paper_rebuild/baseline_snapshot/archive/experiments/reproducibility/results/paired_two_dataset_confirmation_seeds_10_14_20260713/runs/limo/energy_gated_da_tpp/seed_13/al_history.csv","135246","2026-07-27T15:57:42.8984075Z","1e540e4cb5017e7b6b1c6316ce7bede620ff78d3c49a6785315f184e95a96a77"
"gpu_mn_mg_cgcnn_20260803","paper_rebuild/baseline_snapshot/archive/experiments/reproducibility/results/paired_two_dataset_confirmation_seeds_10_14_20260713/runs/limo/energy_gated_da_tpp/seed_13/checkpoint_manifest.csv","11024","2026-07-27T15:57:42.8984075Z","f85bef7fc4699dbc90612cc50bdbef106cc22d3dc47060aa76ca124cdbd28a63"
"gpu_mn_mg_cgcnn_20260803","paper_rebuild/baseline_snapshot/archive/experiments/reproducibility/results/paired_two_dataset_confirmation_seeds_10_14_20260713/runs/limo/energy_gated_da_tpp/seed_13/correction_substitutions.csv","58061","2026-07-27T15:57:42.8994072Z","dd6b8082f56bd9e4d3fde7e2bb19fc17598299401a2ae0ecb07d52abb834f95c"
"gpu_mn_mg_cgcnn_20260803","paper_rebuild/baseline_snapshot/archive/experiments/reproducibility/results/paired_two_dataset_confirmation_seeds_10_14_20260713/runs/limo/energy_gated_da_tpp/seed_13/environment.json","318","2026-07-27T15:57:42.8994072Z","e5fff2a9710f8329e7449bffe3cb5178a1ab5c4b708c901e2707a0d7769dbefc"
"gpu_mn_mg_cgcnn_20260803","paper_rebuild/baseline_snapshot/archive/experiments/reproducibility/results/paired_two_dataset_confirmation_seeds_10_14_20260713/runs/limo/energy_gated_da_tpp/seed_13/mode_trace.csv","11200","2026-07-27T15:57:42.9004070Z","5d14ca99f9921c0d8f2bba26a81e3e6caaa7ff0ea21ad4369a29bbe67882d4dd"
"gpu_mn_mg_cgcnn_20260803","paper_rebuild/baseline_snapshot/archive/experiments/reproducibility/results/paired_two_dataset_confirmation_seeds_10_14_20260713/runs/limo/energy_gated_da_tpp/seed_13/prediction_manifest.csv","12929","2026-07-27T15:57:42.9004070Z","b7bf321772cf6a982c0859c48c3ad41abc401f2ff5d26fa10f0ed1adfb2c51d0"
"gpu_mn_mg_cgcnn_20260803","paper_rebuild/baseline_snapshot/archive/experiments/reproducibility/results/paired_two_dataset_confirmation_seeds_10_14_20260713/runs/limo/energy_gated_da_tpp/seed_13/round_diagnostics.csv","99591","2026-07-27T15:57:42.9014076Z","034b4adaac8220e6215c9efa3fbc7f2b47e2027acd22f2ff082e0873a8f02610"
"gpu_mn_mg_cgcnn_20260803","paper_rebuild/baseline_snapshot/archive/experiments/reproducibility/results/paired_two_dataset_confirmation_seeds_10_14_20260713/runs/limo/energy_gated_da_tpp/seed_13/run_config.json","2405","2026-07-27T15:57:42.9014076Z","8625410c92c6f2679b829ef660d1fb82fb1928efee402f2c3a2e0d0318604a2d"
"gpu_mn_mg_cgcnn_20260803","paper_rebuild/baseline_snapshot/archive/experiments/reproducibility/results/paired_two_dataset_confirmation_seeds_10_14_20260713/runs/limo/energy_gated_da_tpp/seed_13/run_metrics.csv","733","2026-07-27T15:57:42.9014076Z","3f699e79b19ebe8fab8783a4367aa646f21a9064bfc14bd63b1cff752e886e8f"
"gpu_mn_mg_cgcnn_20260803","paper_rebuild/baseline_snapshot/archive/experiments/reproducibility/results/paired_two_dataset_confirmation_seeds_10_14_20260713/runs/limo/energy_gated_da_tpp/seed_13/status.json","271","2026-07-27T15:57:42.9024079Z","2b98576873260fb1c290a3d1814f6bfebc9bc8971815ccc248c19e264d7b572e"
"gpu_mn_mg_cgcnn_20260803","paper_rebuild/baseline_snapshot/archive/experiments/reproducibility/results/paired_two_dataset_confirmation_seeds_10_14_20260713/runs/limo/energy_gated_da_tpp/seed_13/summary.csv","55463","2026-07-27T15:57:42.9024079Z","e2d16bb403d58c07bf25f47ee3a045cb55513815364aaedec2709d8b62abc757"
"gpu_mn_mg_cgcnn_20260803","paper_rebuild/baseline_snapshot/archive/experiments/reproducibility/results/paired_two_dataset_confirmation_seeds_10_14_20260713/runs/limo/energy_gated_da_tpp/seed_14/al_history.csv","135263","2026-07-27T15:57:42.9034071Z","56a7cae9c8d8b722b84c4b7b3b257c357b243bc87190397d1232e83023aa7ff5"
"gpu_mn_mg_cgcnn_20260803","paper_rebuild/baseline_snapshot/archive/experiments/reproducibility/results/paired_two_dataset_confirmation_seeds_10_14_20260713/runs/limo/energy_gated_da_tpp/seed_14/checkpoint_manifest.csv","11024","2026-07-27T15:57:42.9044080Z","6e4f308f97f7e4c7b45706f8ede857d8d25d954c5eafc975fdc0a848cb1ef054"
"gpu_mn_mg_cgcnn_20260803","paper_rebuild/baseline_snapshot/archive/experiments/reproducibility/results/paired_two_dataset_confirmation_seeds_10_14_20260713/runs/limo/energy_gated_da_tpp/seed_14/correction_substitutions.csv","58054","2026-07-27T15:57:42.9044080Z","8bf289e1929260af037dc9a71ecb8bdb3c4765a6b4322cf4aa01b3d890e7f48e"
"gpu_mn_mg_cgcnn_20260803","paper_rebuild/baseline_snapshot/archive/experiments/reproducibility/results/paired_two_dataset_confirmation_seeds_10_14_20260713/runs/limo/energy_gated_da_tpp/seed_14/environment.json","318","2026-07-27T15:57:42.9054075Z","e5fff2a9710f8329e7449bffe3cb5178a1ab5c4b708c901e2707a0d7769dbefc"
"gpu_mn_mg_cgcnn_20260803","paper_rebuild/baseline_snapshot/archive/experiments/reproducibility/results/paired_two_dataset_confirmation_seeds_10_14_20260713/runs/limo/energy_gated_da_tpp/seed_14/mode_trace.csv","11190","2026-07-27T15:57:42.9054075Z","77ae4b489590dde6be39c118eb17926455dfb43f0c373ba6e8c6140bdf89189d"
"gpu_mn_mg_cgcnn_20260803","paper_rebuild/baseline_snapshot/archive/experiments/reproducibility/results/paired_two_dataset_confirmation_seeds_10_14_20260713/runs/limo/energy_gated_da_tpp/seed_14/prediction_manifest.csv","12929","2026-07-27T15:57:42.9064082Z","2965fd48e369cac170c5f572d397eb53a9017867699d003d7cc98c9c296e7359"
"gpu_mn_mg_cgcnn_20260803","paper_rebuild/baseline_snapshot/archive/experiments/reproducibility/results/paired_two_dataset_confirmation_seeds_10_14_20260713/runs/limo/energy_gated_da_tpp/seed_14/round_diagnostics.csv","99598","2026-07-27T15:57:42.9064082Z","5e23bb51b41e8d1e978ce7f502b6e19fa08067bd466baffa81bc4d3a2f15cbf9"
"gpu_mn_mg_cgcnn_20260803","paper_rebuild/baseline_snapshot/archive/experiments/reproducibility/results/paired_two_dataset_confirmation_seeds_10_14_20260713/runs/limo/energy_gated_da_tpp/seed_14/run_config.json","2405","2026-07-27T15:57:42.9074082Z","14395fa243a050b02c69e1de7921cbae9c01321b37061813c4770fb33cbe199d"
"gpu_mn_mg_cgcnn_20260803","paper_rebuild/baseline_snapshot/archive/experiments/reproducibility/results/paired_two_dataset_confirmation_seeds_10_14_20260713/runs/limo/energy_gated_da_tpp/seed_14/run_metrics.csv","743","2026-07-27T15:57:42.9074082Z","ea690b1a7cbe4cc525659e8464248ef539f20ebba66f96f3b1d7d0286093cbcf"
"gpu_mn_mg_cgcnn_20260803","paper_rebuild/baseline_snapshot/archive/experiments/reproducibility/results/paired_two_dataset_confirmation_seeds_10_14_20260713/runs/limo/energy_gated_da_tpp/seed_14/status.json","271","2026-07-27T15:57:42.9074082Z","ee8401aa7cf16649593ee6b5afdbb6c61d21b13eef262eeb83cf2a55b5ae77cf"
"gpu_mn_mg_cgcnn_20260803","paper_rebuild/baseline_snapshot/archive/experiments/reproducibility/results/paired_two_dataset_confirmation_seeds_10_14_20260713/runs/limo/energy_gated_da_tpp/seed_14/summary.csv","55465","2026-07-27T15:57:42.9074082Z","cdc5d5fc4c144f77778250ed65e644962680151968b4af02759d18df9f411fc8"
"gpu_mn_mg_cgcnn_20260803","paper_rebuild/baseline_snapshot/archive/experiments/reproducibility/results/paired_two_dataset_confirmation_seeds_10_14_20260713/runs/limo/predicted_distance_greedy/seed_10/al_history.csv","145046","2026-07-27T15:57:42.9094069Z","479b6ccc6e64256a993438b7a8c46ff7580e0b4219f5b122a7e14d8f76ad58d6"
"gpu_mn_mg_cgcnn_20260803","paper_rebuild/baseline_snapshot/archive/experiments/reproducibility/results/paired_two_dataset_confirmation_seeds_10_14_20260713/runs/limo/predicted_distance_greedy/seed_10/checkpoint_manifest.csv","11264","2026-07-27T15:57:42.9094069Z","62a529dce72a4dd5bc1fbf4305821512f4d51f9d9a930ab935efc12ce86d3185"
"gpu_mn_mg_cgcnn_20260803","paper_rebuild/baseline_snapshot/archive/experiments/reproducibility/results/paired_two_dataset_confirmation_seeds_10_14_20260713/runs/limo/predicted_distance_greedy/seed_10/environment.json","318","2026-07-27T15:57:42.9104061Z","e5fff2a9710f8329e7449bffe3cb5178a1ab5c4b708c901e2707a0d7769dbefc"
"gpu_mn_mg_cgcnn_20260803","paper_rebuild/baseline_snapshot/archive/experiments/reproducibility/results/paired_two_dataset_confirmation_seeds_10_14_20260713/runs/limo/predicted_distance_greedy/seed_10/mode_trace.csv","11807","2026-07-27T15:57:42.9104061Z","33f54f0583b84eebcb0aac50d83276c555dabc74c0375c3216a48ac5b66b90d7"
"gpu_mn_mg_cgcnn_20260803","paper_rebuild/baseline_snapshot/archive/experiments/reproducibility/results/paired_two_dataset_confirmation_seeds_10_14_20260713/runs/limo/predicted_distance_greedy/seed_10/prediction_manifest.csv","13169","2026-07-27T15:57:42.9104061Z","c9c5976b96c726cd6dad4bf97f2d3c43965e665680b20c6378ae97a30a9dd68b"
"gpu_mn_mg_cgcnn_20260803","paper_rebuild/baseline_snapshot/archive/experiments/reproducibility/results/paired_two_dataset_confirmation_seeds_10_14_20260713/runs/limo/predicted_distance_greedy/seed_10/round_diagnostics.csv","77472","2026-07-27T15:57:42.9114062Z","8d19d5e2dcca26a03b759ced3132c75af4d35afee0e8bdd1e5294140bb06f346"
"gpu_mn_mg_cgcnn_20260803","paper_rebuild/baseline_snapshot/archive/experiments/reproducibility/results/paired_two_dataset_confirmation_seeds_10_14_20260713/runs/limo/predicted_distance_greedy/seed_10/run_config.json","2429","2026-07-27T15:57:42.9114062Z","bdf032859e5134e95e642f49818ec44ff775dd91869b8382930d5f0433efccdd"
"gpu_mn_mg_cgcnn_20260803","paper_rebuild/baseline_snapshot/archive/experiments/reproducibility/results/paired_two_dataset_confirmation_seeds_10_14_20260713/runs/limo/predicted_distance_greedy/seed_10/run_metrics.csv","749","2026-07-27T15:57:42.9114062Z","827d3ba33634a0565b0f869b204d4eb10623eeadb93fc3897b601c831a4bc96b"
"gpu_mn_mg_cgcnn_20260803","paper_rebuild/baseline_snapshot/archive/experiments/reproducibility/results/paired_two_dataset_confirmation_seeds_10_14_20260713/runs/limo/predicted_distance_greedy/seed_10/status.json","278","2026-07-27T15:57:42.9124065Z","28d77c182cdfbf926ae0b89f2deb02c7ce72797c1aea8521ab1610bb0e59008a"
"gpu_mn_mg_cgcnn_20260803","paper_rebuild/baseline_snapshot/archive/experiments/reproducibility/results/paired_two_dataset_confirmation_seeds_10_14_20260713/runs/limo/predicted_distance_greedy/seed_10/summary.csv","56247","2026-07-27T15:57:42.9124065Z","b898225d57c03ba4f59717d1e678af8975d443997c8c1b1aa33fd20f917e63eb"
"gpu_mn_mg_cgcnn_20260803","paper_rebuild/baseline_snapshot/archive/experiments/reproducibility/results/paired_two_dataset_confirmation_seeds_10_14_20260713/runs/limo/predicted_distance_greedy/seed_11/al_history.csv","144990","2026-07-27T15:57:42.9134082Z","b570b6e4796735f5457d8c4db2ab083b196c437e53be72f64f6de23f54f34e72"
"gpu_mn_mg_cgcnn_20260803","paper_rebuild/baseline_snapshot/archive/experiments/reproducibility/results/paired_two_dataset_confirmation_seeds_10_14_20260713/runs/limo/predicted_distance_greedy/seed_11/checkpoint_manifest.csv","11264","2026-07-27T15:57:42.9144075Z","743e9983404071e5be482b2779537ee120a161f20a3bfa73551dabf3fa38706f"
"gpu_mn_mg_cgcnn_20260803","paper_rebuild/baseline_snapshot/archive/experiments/reproducibility/results/paired_two_dataset_confirmation_seeds_10_14_20260713/runs/limo/predicted_distance_greedy/seed_11/environment.json","318","2026-07-27T15:57:42.9144075Z","e5fff2a9710f8329e7449bffe3cb5178a1ab5c4b708c901e2707a0d7769dbefc"
"gpu_mn_mg_cgcnn_20260803","paper_rebuild/baseline_snapshot/archive/experiments/reproducibility/results/paired_two_dataset_confirmation_seeds_10_14_20260713/runs/limo/predicted_distance_greedy/seed_11/mode_trace.csv","11840","2026-07-27T15:57:42.9154060Z","2e09a631dbd67d5989fdffc74227223a6203f9ebd80620bf3436fc09e065ab94"
"gpu_mn_mg_cgcnn_20260803","paper_rebuild/baseline_snapshot/archive/experiments/reproducibility/results/paired_two_dataset_confirmation_seeds_10_14_20260713/runs/limo/predicted_distance_greedy/seed_11/prediction_manifest.csv","13169","2026-07-27T15:57:42.9154060Z","63dda69b45062300368f478db2514526129a27784bd9c4f2a553b305182e47fe"
"gpu_mn_mg_cgcnn_20260803","paper_rebuild/baseline_snapshot/archive/experiments/reproducibility/results/paired_two_dataset_confirmation_seeds_10_14_20260713/runs/limo/predicted_distance_greedy/seed_11/round_diagnostics.csv","77471","2026-07-27T15:57:42.9154060Z","bf3ac95df3e1641e3c48fade41f21c399aca8087a274b1077ed3815994458e0d"
"gpu_mn_mg_cgcnn_20260803","paper_rebuild/baseline_snapshot/archive/experiments/reproducibility/results/paired_two_dataset_confirmation_seeds_10_14_20260713/runs/limo/predicted_distance_greedy/seed_11/run_config.json","2429","2026-07-27T15:57:42.9164065Z","d94e8b2a377f6ffbf2d4d1db4e7f516add9a521d15f4cebb65afb3bec6022933"
"gpu_mn_mg_cgcnn_20260803","paper_rebuild/baseline_snapshot/archive/experiments/reproducibility/results/paired_two_dataset_confirmation_seeds_10_14_20260713/runs/limo/predicted_distance_greedy/seed_11/run_metrics.csv","749","2026-07-27T15:57:42.9164065Z","1da6c1fb7cbaadd117412b1a77a70507851e4d3d537bc3ebbafdd1d4f301f3a3"
"gpu_mn_mg_cgcnn_20260803","paper_rebuild/baseline_snapshot/archive/experiments/reproducibility/results/paired_two_dataset_confirmation_seeds_10_14_20260713/runs/limo/predicted_distance_greedy/seed_11/status.json","278","2026-07-27T15:57:42.9164065Z","8f35c4dae912d4813e5dfd5f22c9994d3baeb8f3ec663c68475d1cde5bced554"
"gpu_mn_mg_cgcnn_20260803","paper_rebuild/baseline_snapshot/archive/experiments/reproducibility/results/paired_two_dataset_confirmation_seeds_10_14_20260713/runs/limo/predicted_distance_greedy/seed_11/summary.csv","56252","2026-07-27T15:57:42.9174066Z","f92f9a89d52fc696f85fe5fe913c578ea4eac47a6c0e7eb30881a01777ee410e"
"gpu_mn_mg_cgcnn_20260803","paper_rebuild/baseline_snapshot/archive/experiments/reproducibility/results/paired_two_dataset_confirmation_seeds_10_14_20260713/runs/limo/predicted_distance_greedy/seed_12/al_history.csv","145073","2026-07-27T15:57:42.9174066Z","7b1ad2aa6eb922a9b81fd96d0a52df4e2b8214822bc56b6f804311be5d5d0767"
"gpu_mn_mg_cgcnn_20260803","paper_rebuild/baseline_snapshot/archive/experiments/reproducibility/results/paired_two_dataset_confirmation_seeds_10_14_20260713/runs/limo/predicted_distance_greedy/seed_12/checkpoint_manifest.csv","11264","2026-07-27T15:57:42.9184062Z","37b8af8229d1cd64a089cb71dd2b58c6e060801ec0a22560a84a6c76580d116d"
"gpu_mn_mg_cgcnn_20260803","paper_rebuild/baseline_snapshot/archive/experiments/reproducibility/results/paired_two_dataset_confirmation_seeds_10_14_20260713/runs/limo/predicted_distance_greedy/seed_12/environment.json","318","2026-07-27T15:57:42.9184062Z","e5fff2a9710f8329e7449bffe3cb5178a1ab5c4b708c901e2707a0d7769dbefc"
"gpu_mn_mg_cgcnn_20260803","paper_rebuild/baseline_snapshot/archive/experiments/reproducibility/results/paired_two_dataset_confirmation_seeds_10_14_20260713/runs/limo/predicted_distance_greedy/seed_12/mode_trace.csv","11829","2026-07-27T15:57:42.9194072Z","fd6cb401fba8f96fc89e437d6f3fa2af6c2669a2b8607bfbb44ef84cac68ca40"
"gpu_mn_mg_cgcnn_20260803","paper_rebuild/baseline_snapshot/archive/experiments/reproducibility/results/paired_two_dataset_confirmation_seeds_10_14_20260713/runs/limo/predicted_distance_greedy/seed_12/prediction_manifest.csv","13169","2026-07-27T15:57:42.9194072Z","197dd9fa4830a1555b5e85a6b766f09fb033ea5e91ddb94ba0e62db3f0ae02da"
"gpu_mn_mg_cgcnn_20260803","paper_rebuild/baseline_snapshot/archive/experiments/reproducibility/results/paired_two_dataset_confirmation_seeds_10_14_20260713/runs/limo/predicted_distance_greedy/seed_12/round_diagnostics.csv","77472","2026-07-27T15:57:42.9204076Z","60827d4f3624e69bcf8f7cac221e020313ff80bd8546f188a9353fbf459b1d61"
"gpu_mn_mg_cgcnn_20260803","paper_rebuild/baseline_snapshot/archive/experiments/reproducibility/results/paired_two_dataset_confirmation_seeds_10_14_20260713/runs/limo/predicted_distance_greedy/seed_12/run_config.json","2429","2026-07-27T15:57:42.9204076Z","096c29508aca8b67a8e210bbae1698d0e93e95dfac07835c909a01d28f270009"
"gpu_mn_mg_cgcnn_20260803","paper_rebuild/baseline_snapshot/archive/experiments/reproducibility/results/paired_two_dataset_confirmation_seeds_10_14_20260713/runs/limo/predicted_distance_greedy/seed_12/run_metrics.csv","755","2026-07-27T15:57:42.9204076Z","1a648ab71a189765cb715fabf2170ae62a61bb9467cbce9d34af7e6257fd774e"
"gpu_mn_mg_cgcnn_20260803","paper_rebuild/baseline_snapshot/archive/experiments/reproducibility/results/paired_two_dataset_confirmation_seeds_10_14_20260713/runs/limo/predicted_distance_greedy/seed_12/status.json","278","2026-07-27T15:57:42.9214067Z","5f6f9374bf1e3b71d0d686be2773a941c15fa21a51fe6c6cd78c3ecc229f192f"
"gpu_mn_mg_cgcnn_20260803","paper_rebuild/baseline_snapshot/archive/experiments/reproducibility/results/paired_two_dataset_confirmation_seeds_10_14_20260713/runs/limo/predicted_distance_greedy/seed_12/summary.csv","56256","2026-07-27T15:57:42.9214067Z","d76533c04fc5ffe80758dcfc41ef2dee4d134283f986542643657022c09261c9"
"gpu_mn_mg_cgcnn_20260803","paper_rebuild/baseline_snapshot/archive/experiments/reproducibility/results/paired_two_dataset_confirmation_seeds_10_14_20260713/runs/limo/predicted_distance_greedy/seed_13/al_history.csv","145032","2026-07-27T15:57:42.9224100Z","65907f4fc87828f10ada55b223c22ea741fe5fdabe9785f136d484e27ea351ed"
"gpu_mn_mg_cgcnn_20260803","paper_rebuild/baseline_snapshot/archive/experiments/reproducibility/results/paired_two_dataset_confirmation_seeds_10_14_20260713/runs/limo/predicted_distance_greedy/seed_13/checkpoint_manifest.csv","11264","2026-07-27T15:57:42.9234066Z","3bba7d402b2de31865f1fc1764db608516bd35b6d86b428c8f03c387c37dcfcb"
"gpu_mn_mg_cgcnn_20260803","paper_rebuild/baseline_snapshot/archive/experiments/reproducibility/results/paired_two_dataset_confirmation_seeds_10_14_20260713/runs/limo/predicted_distance_greedy/seed_13/environment.json","318","2026-07-27T15:57:42.9234066Z","e5fff2a9710f8329e7449bffe3cb5178a1ab5c4b708c901e2707a0d7769dbefc"
"gpu_mn_mg_cgcnn_20260803","paper_rebuild/baseline_snapshot/archive/experiments/reproducibility/results/paired_two_dataset_confirmation_seeds_10_14_20260713/runs/limo/predicted_distance_greedy/seed_13/mode_trace.csv","11811","2026-07-27T15:57:42.9244068Z","45f566e4c5565ab84736b8aada75d203076a3aeecf2e3f03f2e0d3333011b709"
"gpu_mn_mg_cgcnn_20260803","paper_rebuild/baseline_snapshot/archive/experiments/reproducibility/results/paired_two_dataset_confirmation_seeds_10_14_20260713/runs/limo/predicted_distance_greedy/seed_13/prediction_manifest.csv","13169","2026-07-27T15:57:42.9244068Z","ebe983051848c99c886eafc06bbc3760cbca0e2b263bec4129d5cf7a648ab3b2"
"gpu_mn_mg_cgcnn_20260803","paper_rebuild/baseline_snapshot/archive/experiments/reproducibility/results/paired_two_dataset_confirmation_seeds_10_14_20260713/runs/limo/predicted_distance_greedy/seed_13/round_diagnostics.csv","77478","2026-07-27T15:57:42.9244068Z","ca99e49226ba6aa295be65f28a241e6a0304cee3af371cc3d9243d50f84bb516"
"gpu_mn_mg_cgcnn_20260803","paper_rebuild/baseline_snapshot/archive/experiments/reproducibility/results/paired_two_dataset_confirmation_seeds_10_14_20260713/runs/limo/predicted_distance_greedy/seed_13/run_config.json","2429","2026-07-27T15:57:42.9254083Z","bf28627d3ce32b8449e737b121373dc37441041f8f84a9d334dcf254dbd6cb45"
"gpu_mn_mg_cgcnn_20260803","paper_rebuild/baseline_snapshot/archive/experiments/reproducibility/results/paired_two_dataset_confirmation_seeds_10_14_20260713/runs/limo/predicted_distance_greedy/seed_13/run_metrics.csv","732","2026-07-27T15:57:42.9254083Z","266322ffcd7ffb2a343983637ddee39c88b9e9aea1982c4fb364099886159825"
"gpu_mn_mg_cgcnn_20260803","paper_rebuild/baseline_snapshot/archive/experiments/reproducibility/results/paired_two_dataset_confirmation_seeds_10_14_20260713/runs/limo/predicted_distance_greedy/seed_13/status.json","278","2026-07-27T15:57:42.9254083Z","931dcb7bb88fb05706d1899331ecdd7a5c2654330db2d16d8b0631b6bda130a4"
"gpu_mn_mg_cgcnn_20260803","paper_rebuild/baseline_snapshot/archive/experiments/reproducibility/results/paired_two_dataset_confirmation_seeds_10_14_20260713/runs/limo/predicted_distance_greedy/seed_13/summary.csv","56248","2026-07-27T15:57:42.9264075Z","9c516f24fe11d57b5d9ce4785218304bf8d74aff814aa313fb5b484e21f54312"
"gpu_mn_mg_cgcnn_20260803","paper_rebuild/baseline_snapshot/archive/experiments/reproducibility/results/paired_two_dataset_confirmation_seeds_10_14_20260713/runs/limo/predicted_distance_greedy/seed_14/al_history.csv","144976","2026-07-27T15:57:42.9274063Z","adcdd58a3eb6d4fa6a1ade2291510cd1c21bb51599473cb2854f92a1818f2f66"
"gpu_mn_mg_cgcnn_20260803","paper_rebuild/baseline_snapshot/archive/experiments/reproducibility/results/paired_two_dataset_confirmation_seeds_10_14_20260713/runs/limo/predicted_distance_greedy/seed_14/checkpoint_manifest.csv","11264","2026-07-27T15:57:42.9284074Z","f3e15921d62b5acb7fd7ea88ae4f5fd32c2c7de10dd75fea31539466517bc82b"
"gpu_mn_mg_cgcnn_20260803","paper_rebuild/baseline_snapshot/archive/experiments/reproducibility/results/paired_two_dataset_confirmation_seeds_10_14_20260713/runs/limo/predicted_distance_greedy/seed_14/environment.json","318","2026-07-27T15:57:42.9284074Z","e5fff2a9710f8329e7449bffe3cb5178a1ab5c4b708c901e2707a0d7769dbefc"
"gpu_mn_mg_cgcnn_20260803","paper_rebuild/baseline_snapshot/archive/experiments/reproducibility/results/paired_two_dataset_confirmation_seeds_10_14_20260713/runs/limo/predicted_distance_greedy/seed_14/mode_trace.csv","11793","2026-07-27T15:57:42.9294077Z","0b5870934b81b7a6557fe2589fe2777ceea718ded97f6d363bb214f8c5319507"
"gpu_mn_mg_cgcnn_20260803","paper_rebuild/baseline_snapshot/archive/experiments/reproducibility/results/paired_two_dataset_confirmation_seeds_10_14_20260713/runs/limo/predicted_distance_greedy/seed_14/prediction_manifest.csv","13169","2026-07-27T15:57:42.9294077Z","1ec8ed123c78d8f55902aa9e1fae9e365d49b4775d0a03c659812fac701e697a"
"gpu_mn_mg_cgcnn_20260803","paper_rebuild/baseline_snapshot/archive/experiments/reproducibility/results/paired_two_dataset_confirmation_seeds_10_14_20260713/runs/limo/predicted_distance_greedy/seed_14/round_diagnostics.csv","77476","2026-07-27T15:57:42.9304066Z","5268de7d9f108f15d780116f084e47ef3a12d913e34a91c4b7fdc3a1c6a502e4"
"gpu_mn_mg_cgcnn_20260803","paper_rebuild/baseline_snapshot/archive/experiments/reproducibility/results/paired_two_dataset_confirmation_seeds_10_14_20260713/runs/limo/predicted_distance_greedy/seed_14/run_config.json","2429","2026-07-27T15:57:42.9304066Z","a82d56802bc0411be9dbdddf70ff256b7883664bb3ebd2b73ada3d5afafd9f78"
"gpu_mn_mg_cgcnn_20260803","paper_rebuild/baseline_snapshot/archive/experiments/reproducibility/results/paired_two_dataset_confirmation_seeds_10_14_20260713/runs/limo/predicted_distance_greedy/seed_14/run_metrics.csv","756","2026-07-27T15:57:42.9314070Z","1b77f580bd7e0ca9459cbb643fc7416f664668b50fa4f75765e98916ec1606ed"
"gpu_mn_mg_cgcnn_20260803","paper_rebuild/baseline_snapshot/archive/experiments/reproducibility/results/paired_two_dataset_confirmation_seeds_10_14_20260713/runs/limo/predicted_distance_greedy/seed_14/status.json","278","2026-07-27T15:57:42.9314070Z","2b793a6b349dbd7ff83c3d872f014ee295fdb2f1373ef6563167ae7199a03a0c"
"gpu_mn_mg_cgcnn_20260803","paper_rebuild/baseline_snapshot/archive/experiments/reproducibility/results/paired_two_dataset_confirmation_seeds_10_14_20260713/runs/limo/predicted_distance_greedy/seed_14/summary.csv","56242","2026-07-27T15:57:42.9314070Z","1450646f3abee43ee572e1bd862b865e0b5c2e39ba4d9f0dee5ab3f2a102d832"
"gpu_mn_mg_cgcnn_20260803","paper_rebuild/baseline_snapshot/archive/experiments/reproducibility/results/paired_two_dataset_confirmation_seeds_10_14_20260713/runs/mnoxide/energy_gated_da_tpp/seed_10/al_history.csv","54886","2026-07-27T15:57:42.9334077Z","733c0ef0fb3a007c8a0a8af393b8da822c4908dc2175021c317c9dde2b831e05"
"gpu_mn_mg_cgcnn_20260803","paper_rebuild/baseline_snapshot/archive/experiments/reproducibility/results/paired_two_dataset_confirmation_seeds_10_14_20260713/runs/mnoxide/energy_gated_da_tpp/seed_10/checkpoint_manifest.csv","5584","2026-07-27T15:57:42.9334077Z","c4e95afb533da27344bb96dbe6bfd7a2a2004c2232e5489e14ccc2ab2a02be7c"
"gpu_mn_mg_cgcnn_20260803","paper_rebuild/baseline_snapshot/archive/experiments/reproducibility/results/paired_two_dataset_confirmation_seeds_10_14_20260713/runs/mnoxide/energy_gated_da_tpp/seed_10/correction_substitutions.csv","73","2026-07-27T15:57:42.9344066Z","509fce73c6d14b57957b8015dff1fc284ee9987de4757553396c5f924d1cf531"
"gpu_mn_mg_cgcnn_20260803","paper_rebuild/baseline_snapshot/archive/experiments/reproducibility/results/paired_two_dataset_confirmation_seeds_10_14_20260713/runs/mnoxide/energy_gated_da_tpp/seed_10/environment.json","318","2026-07-27T15:57:42.9344066Z","e5fff2a9710f8329e7449bffe3cb5178a1ab5c4b708c901e2707a0d7769dbefc"
"gpu_mn_mg_cgcnn_20260803","paper_rebuild/baseline_snapshot/archive/experiments/reproducibility/results/paired_two_dataset_confirmation_seeds_10_14_20260713/runs/mnoxide/energy_gated_da_tpp/seed_10/mode_trace.csv","6002","2026-07-27T15:57:42.9354071Z","819782210631e9868a48e18d9e66295f44c9dc8001bfa8e70f9b993d051f2ad6"
"gpu_mn_mg_cgcnn_20260803","paper_rebuild/baseline_snapshot/archive/experiments/reproducibility/results/paired_two_dataset_confirmation_seeds_10_14_20260713/runs/mnoxide/energy_gated_da_tpp/seed_10/prediction_manifest.csv","6555","2026-07-27T15:57:42.9354071Z","6b67fc54ca327bf00419bbf27200e3b9a7f43c8fbf115e514e188b8fe1f4360d"
"gpu_mn_mg_cgcnn_20260803","paper_rebuild/baseline_snapshot/archive/experiments/reproducibility/results/paired_two_dataset_confirmation_seeds_10_14_20260713/runs/mnoxide/energy_gated_da_tpp/seed_10/round_diagnostics.csv","10612","2026-07-27T15:57:42.9364079Z","9968878929674607e75ba5b0d2594214f68b19a505c36bce87646110f4a7e4fe"
"gpu_mn_mg_cgcnn_20260803","paper_rebuild/baseline_snapshot/archive/experiments/reproducibility/results/paired_two_dataset_confirmation_seeds_10_14_20260713/runs/mnoxide/energy_gated_da_tpp/seed_10/run_config.json","2496","2026-07-27T15:57:42.9364079Z","f01d47638bcabda76aeb769d0d0528dda2fd81d9f2d9de8477c0e33012cb520d"
"gpu_mn_mg_cgcnn_20260803","paper_rebuild/baseline_snapshot/archive/experiments/reproducibility/results/paired_two_dataset_confirmation_seeds_10_14_20260713/runs/mnoxide/energy_gated_da_tpp/seed_10/run_metrics.csv","754","2026-07-27T15:57:42.9364079Z","237b3ec633244d8870dac3de60001aa919c76cb94bee6b99a4cf1d8fafa3b8b2"
"gpu_mn_mg_cgcnn_20260803","paper_rebuild/baseline_snapshot/archive/experiments/reproducibility/results/paired_two_dataset_confirmation_seeds_10_14_20260713/runs/mnoxide/energy_gated_da_tpp/seed_10/status.json","278","2026-07-27T15:57:42.9374083Z","3c77e63aa38eb5b8244d26aac978a53499ca4f70583a526d66af41925fb84e78"
"gpu_mn_mg_cgcnn_20260803","paper_rebuild/baseline_snapshot/archive/experiments/reproducibility/results/paired_two_dataset_confirmation_seeds_10_14_20260713/runs/mnoxide/energy_gated_da_tpp/seed_10/summary.csv","13253","2026-07-27T15:57:42.9374083Z","6b4fe354018402fc25c0da0f85b5f389bf5dc5adac858e073f11d5430e526113"
"gpu_mn_mg_cgcnn_20260803","paper_rebuild/baseline_snapshot/archive/experiments/reproducibility/results/paired_two_dataset_confirmation_seeds_10_14_20260713/runs/mnoxide/energy_gated_da_tpp/seed_11/al_history.csv","54934","2026-07-27T15:57:42.9384076Z","bea0ffca74202a155bc5aa3d9d2ca85e58f66a054682a4a09218c63a6e81fc60"
"gpu_mn_mg_cgcnn_20260803","paper_rebuild/baseline_snapshot/archive/experiments/reproducibility/results/paired_two_dataset_confirmation_seeds_10_14_20260713/runs/mnoxide/energy_gated_da_tpp/seed_11/checkpoint_manifest.csv","5584","2026-07-27T15:57:42.9394103Z","5d336ffb20558f4fd08fe631295b2d3b9abd9bc12faa6153f489d196578dc869"
"gpu_mn_mg_cgcnn_20260803","paper_rebuild/baseline_snapshot/archive/experiments/reproducibility/results/paired_two_dataset_confirmation_seeds_10_14_20260713/runs/mnoxide/energy_gated_da_tpp/seed_11/correction_substitutions.csv","73","2026-07-27T15:57:42.9394103Z","509fce73c6d14b57957b8015dff1fc284ee9987de4757553396c5f924d1cf531"
"gpu_mn_mg_cgcnn_20260803","paper_rebuild/baseline_snapshot/archive/experiments/reproducibility/results/paired_two_dataset_confirmation_seeds_10_14_20260713/runs/mnoxide/energy_gated_da_tpp/seed_11/environment.json","318","2026-07-27T15:57:42.9394103Z","e5fff2a9710f8329e7449bffe3cb5178a1ab5c4b708c901e2707a0d7769dbefc"
"gpu_mn_mg_cgcnn_20260803","paper_rebuild/baseline_snapshot/archive/experiments/reproducibility/results/paired_two_dataset_confirmation_seeds_10_14_20260713/runs/mnoxide/energy_gated_da_tpp/seed_11/mode_trace.csv","6004","2026-07-27T15:57:42.9404159Z","2cce0f1a8c745830520e0924cb887b3b312322619e07f2c7b48ab537137724c0"
"gpu_mn_mg_cgcnn_20260803","paper_rebuild/baseline_snapshot/archive/experiments/reproducibility/results/paired_two_dataset_confirmation_seeds_10_14_20260713/runs/mnoxide/energy_gated_da_tpp/seed_11/prediction_manifest.csv","6555","2026-07-27T15:57:42.9404159Z","f9c5362f6c0429be7145aceca9060a61d400ba69a6ad4578ab1ef6f655c232bc"
"gpu_mn_mg_cgcnn_20260803","paper_rebuild/baseline_snapshot/archive/experiments/reproducibility/results/paired_two_dataset_confirmation_seeds_10_14_20260713/runs/mnoxide/energy_gated_da_tpp/seed_11/round_diagnostics.csv","10628","2026-07-27T15:57:42.9414156Z","495cf9e8189fd85c1ba2dff481a0d642850062eef293b082696d3f05eede78f1"
"gpu_mn_mg_cgcnn_20260803","paper_rebuild/baseline_snapshot/archive/experiments/reproducibility/results/paired_two_dataset_confirmation_seeds_10_14_20260713/runs/mnoxide/energy_gated_da_tpp/seed_11/run_config.json","2496","2026-07-27T15:57:42.9414156Z","e0e7bc499e120b0f8f7bb49d18cb8780673db601cd7f421904cb9e9d18cadaf8"
"gpu_mn_mg_cgcnn_20260803","paper_rebuild/baseline_snapshot/archive/experiments/reproducibility/results/paired_two_dataset_confirmation_seeds_10_14_20260713/runs/mnoxide/energy_gated_da_tpp/seed_11/run_metrics.csv","739","2026-07-27T15:57:42.9414156Z","77b59307d1e29ff77a195fa1e1cfea522fe582fe32d9678922eb9eb5d8e403de"
"gpu_mn_mg_cgcnn_20260803","paper_rebuild/baseline_snapshot/archive/experiments/reproducibility/results/paired_two_dataset_confirmation_seeds_10_14_20260713/runs/mnoxide/energy_gated_da_tpp/seed_11/status.json","262","2026-07-27T15:57:42.9421221Z","6d79441b7a6bd507dd51a4796b0727b9d5269a81cff811c36c308f4ff9825fc4"
"gpu_mn_mg_cgcnn_20260803","paper_rebuild/baseline_snapshot/archive/experiments/reproducibility/results/paired_two_dataset_confirmation_seeds_10_14_20260713/runs/mnoxide/energy_gated_da_tpp/seed_11/summary.csv","13239","2026-07-27T15:57:42.9425128Z","e489d1b853e8f1db3289a89b865d55742bda6962d0e04c7482986532b1d23665"
"gpu_mn_mg_cgcnn_20260803","paper_rebuild/baseline_snapshot/archive/experiments/reproducibility/results/paired_two_dataset_confirmation_seeds_10_14_20260713/runs/mnoxide/energy_gated_da_tpp/seed_12/al_history.csv","54924","2026-07-27T15:57:42.9430158Z","997faee02de724bb5fd86972eca483474f095ac2b5b3d6ea65c6a8ce114a6d83"
"gpu_mn_mg_cgcnn_20260803","paper_rebuild/baseline_snapshot/archive/experiments/reproducibility/results/paired_two_dataset_confirmation_seeds_10_14_20260713/runs/mnoxide/energy_gated_da_tpp/seed_12/checkpoint_manifest.csv","5584","2026-07-27T15:57:42.9430158Z","953495498639b86b9620fe3f527a2f7028831a6e6a9196a37384a0ba4daec5d1"
"gpu_mn_mg_cgcnn_20260803","paper_rebuild/baseline_snapshot/archive/experiments/reproducibility/results/paired_two_dataset_confirmation_seeds_10_14_20260713/runs/mnoxide/energy_gated_da_tpp/seed_12/correction_substitutions.csv","73","2026-07-27T15:57:42.9440194Z","509fce73c6d14b57957b8015dff1fc284ee9987de4757553396c5f924d1cf531"
"gpu_mn_mg_cgcnn_20260803","paper_rebuild/baseline_snapshot/archive/experiments/reproducibility/results/paired_two_dataset_confirmation_seeds_10_14_20260713/runs/mnoxide/energy_gated_da_tpp/seed_12/environment.json","318","2026-07-27T15:57:42.9440194Z","e5fff2a9710f8329e7449bffe3cb5178a1ab5c4b708c901e2707a0d7769dbefc"
"gpu_mn_mg_cgcnn_20260803","paper_rebuild/baseline_snapshot/archive/experiments/reproducibility/results/paired_two_dataset_confirmation_seeds_10_14_20260713/runs/mnoxide/energy_gated_da_tpp/seed_12/mode_trace.csv","5999","2026-07-27T15:57:42.9440194Z","e38c74d861164cb057601693cb31717803f6d0d11ed06b212040150141d7f59d"
"gpu_mn_mg_cgcnn_20260803","paper_rebuild/baseline_snapshot/archive/experiments/reproducibility/results/paired_two_dataset_confirmation_seeds_10_14_20260713/runs/mnoxide/energy_gated_da_tpp/seed_12/prediction_manifest.csv","6555","2026-07-27T15:57:42.9450200Z","7e8e00863e7f2230edef66abb2df88594f71939620681af3ab20f8e834054bf3"
"gpu_mn_mg_cgcnn_20260803","paper_rebuild/baseline_snapshot/archive/experiments/reproducibility/results/paired_two_dataset_confirmation_seeds_10_14_20260713/runs/mnoxide/energy_gated_da_tpp/seed_12/round_diagnostics.csv","10629","2026-07-27T15:57:42.9450200Z","9f6847b74977e96d0801b6d607001f05f6b50dfb28d7d6779ee76c5f9d051cfe"
"gpu_mn_mg_cgcnn_20260803","paper_rebuild/baseline_snapshot/archive/experiments/reproducibility/results/paired_two_dataset_confirmation_seeds_10_14_20260713/runs/mnoxide/energy_gated_da_tpp/seed_12/run_config.json","2496","2026-07-27T15:57:42.9460212Z","0a4313ed03530f5c4a269afc52de8cac2c441361fa5d8369728be5094d2249b8"
"gpu_mn_mg_cgcnn_20260803","paper_rebuild/baseline_snapshot/archive/experiments/reproducibility/results/paired_two_dataset_confirmation_seeds_10_14_20260713/runs/mnoxide/energy_gated_da_tpp/seed_12/run_metrics.csv","740","2026-07-27T15:57:42.9460212Z","24c0d4179c9a848309b5bd59e666cfbe2b1c2ad82164efd6f5491b771bc6f03d"
"gpu_mn_mg_cgcnn_20260803","paper_rebuild/baseline_snapshot/archive/experiments/reproducibility/results/paired_two_dataset_confirmation_seeds_10_14_20260713/runs/mnoxide/energy_gated_da_tpp/seed_12/status.json","262","2026-07-27T15:57:42.9460212Z","6529ed74496dcdb50a49a5da530e95851beacef3e2673fb6cf01d60914383994"
"gpu_mn_mg_cgcnn_20260803","paper_rebuild/baseline_snapshot/archive/experiments/reproducibility/results/paired_two_dataset_confirmation_seeds_10_14_20260713/runs/mnoxide/energy_gated_da_tpp/seed_12/summary.csv","13239","2026-07-27T15:57:42.9470208Z","f4eeb3c98392915bc0955ee0d4e1022f080156a4834fc7a01dde5b920581beba"
"gpu_mn_mg_cgcnn_20260803","paper_rebuild/baseline_snapshot/archive/experiments/reproducibility/results/paired_two_dataset_confirmation_seeds_10_14_20260713/runs/mnoxide/energy_gated_da_tpp/seed_13/al_history.csv","54902","2026-07-27T15:57:42.9480260Z","9f78510d52877b0eaf5a4fbc9c85edf5c01e5e6fbbd5ea2cf89f43363f064af9"
"gpu_mn_mg_cgcnn_20260803","paper_rebuild/baseline_snapshot/archive/experiments/reproducibility/results/paired_two_dataset_confirmation_seeds_10_14_20260713/runs/mnoxide/energy_gated_da_tpp/seed_13/checkpoint_manifest.csv","5584","2026-07-27T15:57:42.9490197Z","faa4c67f152cb244d7690a4e7fb7769cd0411eeec49828544cdd5f345904287c"
"gpu_mn_mg_cgcnn_20260803","paper_rebuild/baseline_snapshot/archive/experiments/reproducibility/results/paired_two_dataset_confirmation_seeds_10_14_20260713/runs/mnoxide/energy_gated_da_tpp/seed_13/correction_substitutions.csv","73","2026-07-27T15:57:42.9490197Z","509fce73c6d14b57957b8015dff1fc284ee9987de4757553396c5f924d1cf531"
"gpu_mn_mg_cgcnn_20260803","paper_rebuild/baseline_snapshot/archive/experiments/reproducibility/results/paired_two_dataset_confirmation_seeds_10_14_20260713/runs/mnoxide/energy_gated_da_tpp/seed_13/environment.json","318","2026-07-27T15:57:42.9490197Z","e5fff2a9710f8329e7449bffe3cb5178a1ab5c4b708c901e2707a0d7769dbefc"
"gpu_mn_mg_cgcnn_20260803","paper_rebuild/baseline_snapshot/archive/experiments/reproducibility/results/paired_two_dataset_confirmation_seeds_10_14_20260713/runs/mnoxide/energy_gated_da_tpp/seed_13/mode_trace.csv","6005","2026-07-27T15:57:42.9500203Z","11fbe0c1c814bd13173f1949406830c012d43594c50a10dc30eda5b7743e20ab"
"gpu_mn_mg_cgcnn_20260803","paper_rebuild/baseline_snapshot/archive/experiments/reproducibility/results/paired_two_dataset_confirmation_seeds_10_14_20260713/runs/mnoxide/energy_gated_da_tpp/seed_13/prediction_manifest.csv","6555","2026-07-27T15:57:42.9500203Z","2cb6acc2b650c2316bfca57cbb4308bdded22c8d88604dac6ddc92577736378d"
"gpu_mn_mg_cgcnn_20260803","paper_rebuild/baseline_snapshot/archive/experiments/reproducibility/results/paired_two_dataset_confirmation_seeds_10_14_20260713/runs/mnoxide/energy_gated_da_tpp/seed_13/round_diagnostics.csv","10611","2026-07-27T15:57:42.9500203Z","6501ade6eaea6460dea579f55b9d894681884a5cf47a32f1c7eaa5256d706128"
"gpu_mn_mg_cgcnn_20260803","paper_rebuild/baseline_snapshot/archive/experiments/reproducibility/results/paired_two_dataset_confirmation_seeds_10_14_20260713/runs/mnoxide/energy_gated_da_tpp/seed_13/run_config.json","2496","2026-07-27T15:57:42.9500203Z","6d807e247da1a2ab62950ae8319448656e9c620b5e74bf2b6c582939741c5c41"
"gpu_mn_mg_cgcnn_20260803","paper_rebuild/baseline_snapshot/archive/experiments/reproducibility/results/paired_two_dataset_confirmation_seeds_10_14_20260713/runs/mnoxide/energy_gated_da_tpp/seed_13/run_metrics.csv","738","2026-07-27T15:57:42.9510204Z","fb9de5fca06ce1566b7a11291afa1f17e13235a1e1b72ce93c99e48bb5b40d89"
"gpu_mn_mg_cgcnn_20260803","paper_rebuild/baseline_snapshot/archive/experiments/reproducibility/results/paired_two_dataset_confirmation_seeds_10_14_20260713/runs/mnoxide/energy_gated_da_tpp/seed_13/status.json","278","2026-07-27T15:57:42.9510204Z","ed8b0a5c9ba4144f130f65555955aff53d7ad22a969997db8df6dab5ee1fbe0d"
"gpu_mn_mg_cgcnn_20260803","paper_rebuild/baseline_snapshot/archive/experiments/reproducibility/results/paired_two_dataset_confirmation_seeds_10_14_20260713/runs/mnoxide/energy_gated_da_tpp/seed_13/summary.csv","13250","2026-07-27T15:57:42.9510204Z","dfeab3179dfc9cf6d44349adb0615d7d8f1a1aeb36ab197874ceb5ccb7148e5d"
"gpu_mn_mg_cgcnn_20260803","paper_rebuild/baseline_snapshot/archive/experiments/reproducibility/results/paired_two_dataset_confirmation_seeds_10_14_20260713/runs/mnoxide/energy_gated_da_tpp/seed_14/al_history.csv","54913","2026-07-27T15:57:42.9520205Z","9608e989150ebb83b25d1b9341d2bff10745b9771434a5ea3ba921a6a446bd88"
"gpu_mn_mg_cgcnn_20260803","paper_rebuild/baseline_snapshot/archive/experiments/reproducibility/results/paired_two_dataset_confirmation_seeds_10_14_20260713/runs/mnoxide/energy_gated_da_tpp/seed_14/checkpoint_manifest.csv","5584","2026-07-27T15:57:42.9525907Z","1a9a46448cdc5cda4a79173ef2c523fb7f2958263b63352081b0075e2020dea0"
"gpu_mn_mg_cgcnn_20260803","paper_rebuild/baseline_snapshot/archive/experiments/reproducibility/results/paired_two_dataset_confirmation_seeds_10_14_20260713/runs/mnoxide/energy_gated_da_tpp/seed_14/correction_substitutions.csv","73","2026-07-27T15:57:42.9525907Z","509fce73c6d14b57957b8015dff1fc284ee9987de4757553396c5f924d1cf531"
"gpu_mn_mg_cgcnn_20260803","paper_rebuild/baseline_snapshot/archive/experiments/reproducibility/results/paired_two_dataset_confirmation_seeds_10_14_20260713/runs/mnoxide/energy_gated_da_tpp/seed_14/environment.json","318","2026-07-27T15:57:42.9535976Z","e5fff2a9710f8329e7449bffe3cb5178a1ab5c4b708c901e2707a0d7769dbefc"
"gpu_mn_mg_cgcnn_20260803","paper_rebuild/baseline_snapshot/archive/experiments/reproducibility/results/paired_two_dataset_confirmation_seeds_10_14_20260713/runs/mnoxide/energy_gated_da_tpp/seed_14/mode_trace.csv","5996","2026-07-27T15:57:42.9535976Z","561ae041d1a18b7d32f77afd038989894d2d183a6d67800420c3ef0807d1c3df"
"gpu_mn_mg_cgcnn_20260803","paper_rebuild/baseline_snapshot/archive/experiments/reproducibility/results/paired_two_dataset_confirmation_seeds_10_14_20260713/runs/mnoxide/energy_gated_da_tpp/seed_14/prediction_manifest.csv","6555","2026-07-27T15:57:42.9535976Z","aaff01d65f136d6c29cc45b9682e11f0411e1fe8411bdf964ad66f5ed554ad48"
"gpu_mn_mg_cgcnn_20260803","paper_rebuild/baseline_snapshot/archive/experiments/reproducibility/results/paired_two_dataset_confirmation_seeds_10_14_20260713/runs/mnoxide/energy_gated_da_tpp/seed_14/round_diagnostics.csv","10626","2026-07-27T15:57:42.9545952Z","94f526060e5370accb0f2444758a2834a336dd28907f9c6001b8f8ef1efb9af9"
"gpu_mn_mg_cgcnn_20260803","paper_rebuild/baseline_snapshot/archive/experiments/reproducibility/results/paired_two_dataset_confirmation_seeds_10_14_20260713/runs/mnoxide/energy_gated_da_tpp/seed_14/run_config.json","2496","2026-07-27T15:57:42.9545952Z","18d7d6b230d1fdb7294df9ee3407d3014192228fc9218d2cc9e1552f249b0551"
"gpu_mn_mg_cgcnn_20260803","paper_rebuild/baseline_snapshot/archive/experiments/reproducibility/results/paired_two_dataset_confirmation_seeds_10_14_20260713/runs/mnoxide/energy_gated_da_tpp/seed_14/run_metrics.csv","742","2026-07-27T15:57:42.9545952Z","9b1cc3d6169e0d034120bb35c2d4ac904865736cb2fb19d260c1c1d349b9baa9"
"gpu_mn_mg_cgcnn_20260803","paper_rebuild/baseline_snapshot/archive/experiments/reproducibility/results/paired_two_dataset_confirmation_seeds_10_14_20260713/runs/mnoxide/energy_gated_da_tpp/seed_14/status.json","263","2026-07-27T15:57:42.9556856Z","38b01546058d913a419297a322ba5be65c232ba009a926ce2274d1cadebe870a"
"gpu_mn_mg_cgcnn_20260803","paper_rebuild/baseline_snapshot/archive/experiments/reproducibility/results/paired_two_dataset_confirmation_seeds_10_14_20260713/runs/mnoxide/energy_gated_da_tpp/seed_14/summary.csv","13238","2026-07-27T15:57:42.9556856Z","c1e7c9d323636e38c5aa9615a09e1d8c51fe4414e5ac60d6e80f9d933dd668a9"
"gpu_mn_mg_cgcnn_20260803","paper_rebuild/baseline_snapshot/archive/experiments/reproducibility/results/paired_two_dataset_confirmation_seeds_10_14_20260713/runs/mnoxide/predicted_distance_greedy/seed_10/al_history.csv","59366","2026-07-27T15:57:42.9576846Z","892519d8e5470494ce9f12d3eee8d95084349c79e06fab7d8376234128d8e85b"
"gpu_mn_mg_cgcnn_20260803","paper_rebuild/baseline_snapshot/archive/experiments/reproducibility/results/paired_two_dataset_confirmation_seeds_10_14_20260713/runs/mnoxide/predicted_distance_greedy/seed_10/checkpoint_manifest.csv","5704","2026-07-27T15:57:42.9576846Z","81489f3819896f429c50d7f20f6dc7f0250f7c73a9bc6e2f417721593e8ad0c2"
"gpu_mn_mg_cgcnn_20260803","paper_rebuild/baseline_snapshot/archive/experiments/reproducibility/results/paired_two_dataset_confirmation_seeds_10_14_20260713/runs/mnoxide/predicted_distance_greedy/seed_10/environment.json","318","2026-07-27T15:57:42.9576846Z","e5fff2a9710f8329e7449bffe3cb5178a1ab5c4b708c901e2707a0d7769dbefc"
"gpu_mn_mg_cgcnn_20260803","paper_rebuild/baseline_snapshot/archive/experiments/reproducibility/results/paired_two_dataset_confirmation_seeds_10_14_20260713/runs/mnoxide/predicted_distance_greedy/seed_10/mode_trace.csv","6282","2026-07-27T15:57:42.9586854Z","f0cbeb4a011574ecf4aa38ced4aa83dbefae0b643909cf69cf9931055a6fc95d"
"gpu_mn_mg_cgcnn_20260803","paper_rebuild/baseline_snapshot/archive/experiments/reproducibility/results/paired_two_dataset_confirmation_seeds_10_14_20260713/runs/mnoxide/predicted_distance_greedy/seed_10/prediction_manifest.csv","6675","2026-07-27T15:57:42.9586854Z","a83c80f75aafd0d07b715b1b00bc3a47cdea4d990af7e34d55a07e2706166f52"
"gpu_mn_mg_cgcnn_20260803","paper_rebuild/baseline_snapshot/archive/experiments/reproducibility/results/paired_two_dataset_confirmation_seeds_10_14_20260713/runs/mnoxide/predicted_distance_greedy/seed_10/round_diagnostics.csv","10732","2026-07-27T15:57:42.9586854Z","781f5993f54692223032e293ed575952321db89e8a38217e3d09f3cc5069eb0b"
"gpu_mn_mg_cgcnn_20260803","paper_rebuild/baseline_snapshot/archive/experiments/reproducibility/results/paired_two_dataset_confirmation_seeds_10_14_20260713/runs/mnoxide/predicted_distance_greedy/seed_10/run_config.json","2520","2026-07-27T15:57:42.9596842Z","719e1f31902e92a72e4fe68c3ddefd886306d3e00a09c66bfcd51beb0d8222f2"
"gpu_mn_mg_cgcnn_20260803","paper_rebuild/baseline_snapshot/archive/experiments/reproducibility/results/paired_two_dataset_confirmation_seeds_10_14_20260713/runs/mnoxide/predicted_distance_greedy/seed_10/run_metrics.csv","760","2026-07-27T15:57:42.9596842Z","271c2304c8751060f2550595d4a69838777225d619dc025e696f9b3ae95bc9ee"
"gpu_mn_mg_cgcnn_20260803","paper_rebuild/baseline_snapshot/archive/experiments/reproducibility/results/paired_two_dataset_confirmation_seeds_10_14_20260713/runs/mnoxide/predicted_distance_greedy/seed_10/status.json","283","2026-07-27T15:57:42.9596842Z","c3fe00bfa04ee935d7bd79a63938c9bd0e8a70079fe3081a2d539028ee3e797a"
"gpu_mn_mg_cgcnn_20260803","paper_rebuild/baseline_snapshot/archive/experiments/reproducibility/results/paired_two_dataset_confirmation_seeds_10_14_20260713/runs/mnoxide/predicted_distance_greedy/seed_10/summary.csv","13613","2026-07-27T15:57:42.9606843Z","b2559028aaba57efe81c6dddd1a6e26930c098d39f0d7eb50057435f0e3d6e1c"
"gpu_mn_mg_cgcnn_20260803","paper_rebuild/baseline_snapshot/archive/experiments/reproducibility/results/paired_two_dataset_confirmation_seeds_10_14_20260713/runs/mnoxide/predicted_distance_greedy/seed_11/al_history.csv","59414","2026-07-27T15:57:42.9616851Z","14181bf22487284562d196c193ae6ceb83ca22112cdaf1a16fb498f785bb252d"
"gpu_mn_mg_cgcnn_20260803","paper_rebuild/baseline_snapshot/archive/experiments/reproducibility/results/paired_two_dataset_confirmation_seeds_10_14_20260713/runs/mnoxide/predicted_distance_greedy/seed_11/checkpoint_manifest.csv","5704","2026-07-27T15:57:42.9616851Z","f80e4bdafcb34eb926a604f01bc14b1ff932bac6a36acbedbc949dd853e22ff1"
"gpu_mn_mg_cgcnn_20260803","paper_rebuild/baseline_snapshot/archive/experiments/reproducibility/results/paired_two_dataset_confirmation_seeds_10_14_20260713/runs/mnoxide/predicted_distance_greedy/seed_11/environment.json","318","2026-07-27T15:57:42.9624183Z","e5fff2a9710f8329e7449bffe3cb5178a1ab5c4b708c901e2707a0d7769dbefc"
"gpu_mn_mg_cgcnn_20260803","paper_rebuild/baseline_snapshot/archive/experiments/reproducibility/results/paired_two_dataset_confirmation_seeds_10_14_20260713/runs/mnoxide/predicted_distance_greedy/seed_11/mode_trace.csv","6284","2026-07-27T15:57:42.9629233Z","3e27321d2626f1e2fa960e48ff80cc81bb3ceef0c1f58cdf0163f8f3123d551f"
"gpu_mn_mg_cgcnn_20260803","paper_rebuild/baseline_snapshot/archive/experiments/reproducibility/results/paired_two_dataset_confirmation_seeds_10_14_20260713/runs/mnoxide/predicted_distance_greedy/seed_11/prediction_manifest.csv","6675","2026-07-27T15:57:42.9629233Z","8367f8ee3884fb0561cd33dc22460c47717e600ba44b81bf075df83b4cafb383"
"gpu_mn_mg_cgcnn_20260803","paper_rebuild/baseline_snapshot/archive/experiments/reproducibility/results/paired_two_dataset_confirmation_seeds_10_14_20260713/runs/mnoxide/predicted_distance_greedy/seed_11/round_diagnostics.csv","10748","2026-07-27T15:57:42.9639277Z","ed106d54209117c6947be2b9baaef1d4490c407f223da1cd103fca21ffdb517b"
"gpu_mn_mg_cgcnn_20260803","paper_rebuild/baseline_snapshot/archive/experiments/reproducibility/results/paired_two_dataset_confirmation_seeds_10_14_20260713/runs/mnoxide/predicted_distance_greedy/seed_11/run_config.json","2520","2026-07-27T15:57:42.9639277Z","56512d5c46d018f85becdd599801eb1141580a2f81311bf40e9aed798a66a501"
"gpu_mn_mg_cgcnn_20260803","paper_rebuild/baseline_snapshot/archive/experiments/reproducibility/results/paired_two_dataset_confirmation_seeds_10_14_20260713/runs/mnoxide/predicted_distance_greedy/seed_11/run_metrics.csv","733","2026-07-27T15:57:42.9639277Z","ab5ea4107c2a573f1724ed630ce5211a63c9de9a430a731d67da482edafadedd"
"gpu_mn_mg_cgcnn_20260803","paper_rebuild/baseline_snapshot/archive/experiments/reproducibility/results/paired_two_dataset_confirmation_seeds_10_14_20260713/runs/mnoxide/predicted_distance_greedy/seed_11/status.json","268","2026-07-27T15:57:42.9649280Z","ac3e78a39d8bc555187656bb7dc8c394be53935904a08bb93196e2ead0cf7ead"
"gpu_mn_mg_cgcnn_20260803","paper_rebuild/baseline_snapshot/archive/experiments/reproducibility/results/paired_two_dataset_confirmation_seeds_10_14_20260713/runs/mnoxide/predicted_distance_greedy/seed_11/summary.csv","13599","2026-07-27T15:57:42.9649280Z","3ab0d0f8fedf03cefbe962e2d58a0b45af347a107d284c748fe9b730a354b474"
"gpu_mn_mg_cgcnn_20260803","paper_rebuild/baseline_snapshot/archive/experiments/reproducibility/results/paired_two_dataset_confirmation_seeds_10_14_20260713/runs/mnoxide/predicted_distance_greedy/seed_12/al_history.csv","59404","2026-07-27T15:57:42.9659274Z","2aef622578f37d03ff90e11481bf991f35d26a0dc02d31b6bc3b9c63cf1cf153"
"gpu_mn_mg_cgcnn_20260803","paper_rebuild/baseline_snapshot/archive/experiments/reproducibility/results/paired_two_dataset_confirmation_seeds_10_14_20260713/runs/mnoxide/predicted_distance_greedy/seed_12/checkpoint_manifest.csv","5704","2026-07-27T15:57:42.9659274Z","fbff5bde369f34c451e13cbc390856d1689ef87b4b72e01e37f4b207c82facb5"
"gpu_mn_mg_cgcnn_20260803","paper_rebuild/baseline_snapshot/archive/experiments/reproducibility/results/paired_two_dataset_confirmation_seeds_10_14_20260713/runs/mnoxide/predicted_distance_greedy/seed_12/environment.json","318","2026-07-27T15:57:42.9669278Z","e5fff2a9710f8329e7449bffe3cb5178a1ab5c4b708c901e2707a0d7769dbefc"
"gpu_mn_mg_cgcnn_20260803","paper_rebuild/baseline_snapshot/archive/experiments/reproducibility/results/paired_two_dataset_confirmation_seeds_10_14_20260713/runs/mnoxide/predicted_distance_greedy/seed_12/mode_trace.csv","6279","2026-07-27T15:57:42.9669278Z","19fc06b3eb8fbdf0a1f4fedff2123f8edeedf7134449ad858dffb9d474dbc5d4"
"gpu_mn_mg_cgcnn_20260803","paper_rebuild/baseline_snapshot/archive/experiments/reproducibility/results/paired_two_dataset_confirmation_seeds_10_14_20260713/runs/mnoxide/predicted_distance_greedy/seed_12/prediction_manifest.csv","6675","2026-07-27T15:57:42.9669278Z","c5755108bdf73379bdab1654c87c2db981c4517273c0169afb324862091c8152"
"gpu_mn_mg_cgcnn_20260803","paper_rebuild/baseline_snapshot/archive/experiments/reproducibility/results/paired_two_dataset_confirmation_seeds_10_14_20260713/runs/mnoxide/predicted_distance_greedy/seed_12/round_diagnostics.csv","10749","2026-07-27T15:57:42.9679290Z","aceda73cf74a81dc3409c1aaea359fb509841a9bfa28ee6e8acb894e9de1c2b2"
"gpu_mn_mg_cgcnn_20260803","paper_rebuild/baseline_snapshot/archive/experiments/reproducibility/results/paired_two_dataset_confirmation_seeds_10_14_20260713/runs/mnoxide/predicted_distance_greedy/seed_12/run_config.json","2520","2026-07-27T15:57:42.9679290Z","20568d6e5bab2dfd8a0d2993f0213974da8240a7078c93c9ca99bdbdc7bb570a"
"gpu_mn_mg_cgcnn_20260803","paper_rebuild/baseline_snapshot/archive/experiments/reproducibility/results/paired_two_dataset_confirmation_seeds_10_14_20260713/runs/mnoxide/predicted_distance_greedy/seed_12/run_metrics.csv","746","2026-07-27T15:57:42.9689308Z","a6424545197a67015015a05e79a4900db5972f4b37d981a28156e12f322805a9"
"gpu_mn_mg_cgcnn_20260803","paper_rebuild/baseline_snapshot/archive/experiments/reproducibility/results/paired_two_dataset_confirmation_seeds_10_14_20260713/runs/mnoxide/predicted_distance_greedy/seed_12/status.json","269","2026-07-27T15:57:42.9689308Z","d64547d664089aaca9eeecc7b7ee258cfe6f3a4843250a8906e8ca41ddf07754"
"gpu_mn_mg_cgcnn_20260803","paper_rebuild/baseline_snapshot/archive/experiments/reproducibility/results/paired_two_dataset_confirmation_seeds_10_14_20260713/runs/mnoxide/predicted_distance_greedy/seed_12/summary.csv","13599","2026-07-27T15:57:42.9689308Z","662423c28b291326f045084eaf89c1c459079f17be013d74a3abf40affa17d61"
"gpu_mn_mg_cgcnn_20260803","paper_rebuild/baseline_snapshot/archive/experiments/reproducibility/results/paired_two_dataset_confirmation_seeds_10_14_20260713/runs/mnoxide/predicted_distance_greedy/seed_13/al_history.csv","59382","2026-07-27T15:57:42.9699277Z","28b42c0ff1526bccb9fd86cdd7ca51c8d1c37dc7e2b422c61a08ffff60f2bf76"
"gpu_mn_mg_cgcnn_20260803","paper_rebuild/baseline_snapshot/archive/experiments/reproducibility/results/paired_two_dataset_confirmation_seeds_10_14_20260713/runs/mnoxide/predicted_distance_greedy/seed_13/checkpoint_manifest.csv","5704","2026-07-27T15:57:42.9709310Z","c9203e56d87e0f05557520e7b5ada71dfdc96ef7f77face3b054ecd6bad2c020"
"gpu_mn_mg_cgcnn_20260803","paper_rebuild/baseline_snapshot/archive/experiments/reproducibility/results/paired_two_dataset_confirmation_seeds_10_14_20260713/runs/mnoxide/predicted_distance_greedy/seed_13/environment.json","318","2026-07-27T15:57:42.9721675Z","e5fff2a9710f8329e7449bffe3cb5178a1ab5c4b708c901e2707a0d7769dbefc"
"gpu_mn_mg_cgcnn_20260803","paper_rebuild/baseline_snapshot/archive/experiments/reproducibility/results/paired_two_dataset_confirmation_seeds_10_14_20260713/runs/mnoxide/predicted_distance_greedy/seed_13/mode_trace.csv","6285","2026-07-27T15:57:42.9727182Z","75e496aced630148fa13634006ee636e0fe49f262cd5c1db12ce0973761c1283"
"gpu_mn_mg_cgcnn_20260803","paper_rebuild/baseline_snapshot/archive/experiments/reproducibility/results/paired_two_dataset_confirmation_seeds_10_14_20260713/runs/mnoxide/predicted_distance_greedy/seed_13/prediction_manifest.csv","6675","2026-07-27T15:57:42.9732475Z","3c71d1fd26953b267501544a0e138979834f67739f1269524719d3c3eedda286"
"gpu_mn_mg_cgcnn_20260803","paper_rebuild/baseline_snapshot/archive/experiments/reproducibility/results/paired_two_dataset_confirmation_seeds_10_14_20260713/runs/mnoxide/predicted_distance_greedy/seed_13/round_diagnostics.csv","10731","2026-07-27T15:57:42.9737794Z","5b789cba95500e8e0b205c24fc3ee9eb33ee0b6a596d0e995f82238e67941604"
"gpu_mn_mg_cgcnn_20260803","paper_rebuild/baseline_snapshot/archive/experiments/reproducibility/results/paired_two_dataset_confirmation_seeds_10_14_20260713/runs/mnoxide/predicted_distance_greedy/seed_13/run_config.json","2520","2026-07-27T15:57:42.9737794Z","4906bbb5dede3cb69106d4fe085d283aafa3cdf24bada1bb3f2325207ed706b5"
"gpu_mn_mg_cgcnn_20260803","paper_rebuild/baseline_snapshot/archive/experiments/reproducibility/results/paired_two_dataset_confirmation_seeds_10_14_20260713/runs/mnoxide/predicted_distance_greedy/seed_13/run_metrics.csv","761","2026-07-27T15:57:42.9747858Z","a24a2cf966cd47a002ae1bef01068ccf886f5768311440b707ccd80b1d4a4e83"
"gpu_mn_mg_cgcnn_20260803","paper_rebuild/baseline_snapshot/archive/experiments/reproducibility/results/paired_two_dataset_confirmation_seeds_10_14_20260713/runs/mnoxide/predicted_distance_greedy/seed_13/status.json","284","2026-07-27T15:57:42.9747858Z","aa8bf531788c17f91fd8f4152101d06b2116890aa134598a283bbd641054f351"
"gpu_mn_mg_cgcnn_20260803","paper_rebuild/baseline_snapshot/archive/experiments/reproducibility/results/paired_two_dataset_confirmation_seeds_10_14_20260713/runs/mnoxide/predicted_distance_greedy/seed_13/summary.csv","13610","2026-07-27T15:57:42.9757838Z","798f8ef7d09c0f40a3d240e6f6e9115dc98f66674f89db46638cb8cc6a20189d"
"gpu_mn_mg_cgcnn_20260803","paper_rebuild/baseline_snapshot/archive/experiments/reproducibility/results/paired_two_dataset_confirmation_seeds_10_14_20260713/runs/mnoxide/predicted_distance_greedy/seed_14/al_history.csv","59393","2026-07-27T15:57:42.9757838Z","029f7433f692b97260f4329a5964ef9cd1ba883e2289e31759d4e625b14d7aa9"
"gpu_mn_mg_cgcnn_20260803","paper_rebuild/baseline_snapshot/archive/experiments/reproducibility/results/paired_two_dataset_confirmation_seeds_10_14_20260713/runs/mnoxide/predicted_distance_greedy/seed_14/checkpoint_manifest.csv","5704","2026-07-27T15:57:42.9767843Z","d7576577fdc1d641d771a9a5a8deaca93117f23cedad53703dd78f5a471ddb7f"
"gpu_mn_mg_cgcnn_20260803","paper_rebuild/baseline_snapshot/archive/experiments/reproducibility/results/paired_two_dataset_confirmation_seeds_10_14_20260713/runs/mnoxide/predicted_distance_greedy/seed_14/environment.json","318","2026-07-27T15:57:42.9767843Z","e5fff2a9710f8329e7449bffe3cb5178a1ab5c4b708c901e2707a0d7769dbefc"
"gpu_mn_mg_cgcnn_20260803","paper_rebuild/baseline_snapshot/archive/experiments/reproducibility/results/paired_two_dataset_confirmation_seeds_10_14_20260713/runs/mnoxide/predicted_distance_greedy/seed_14/mode_trace.csv","6276","2026-07-27T15:57:42.9777839Z","7e8d9bd106a4666113a87bc723058ae3616d2b6539351f4ef3f9ab60ebf78c39"
"gpu_mn_mg_cgcnn_20260803","paper_rebuild/baseline_snapshot/archive/experiments/reproducibility/results/paired_two_dataset_confirmation_seeds_10_14_20260713/runs/mnoxide/predicted_distance_greedy/seed_14/prediction_manifest.csv","6675","2026-07-27T15:57:42.9777839Z","79cb7e8613fd346d82b009868df0809b76fed8e854202a17a0e70b29beadd4f3"
"gpu_mn_mg_cgcnn_20260803","paper_rebuild/baseline_snapshot/archive/experiments/reproducibility/results/paired_two_dataset_confirmation_seeds_10_14_20260713/runs/mnoxide/predicted_distance_greedy/seed_14/round_diagnostics.csv","10746","2026-07-27T15:57:42.9787846Z","218f0862046e0f0465ad347e55a240aa4d5015354b8e6af2bbb27b7654d68029"
"gpu_mn_mg_cgcnn_20260803","paper_rebuild/baseline_snapshot/archive/experiments/reproducibility/results/paired_two_dataset_confirmation_seeds_10_14_20260713/runs/mnoxide/predicted_distance_greedy/seed_14/run_config.json","2520","2026-07-27T15:57:42.9787846Z","e58782d7cf22ee47d1ee1166f29e81ff681b5b4ae739e77ed962e03e2814f3b1"
"gpu_mn_mg_cgcnn_20260803","paper_rebuild/baseline_snapshot/archive/experiments/reproducibility/results/paired_two_dataset_confirmation_seeds_10_14_20260713/runs/mnoxide/predicted_distance_greedy/seed_14/run_metrics.csv","731","2026-07-27T15:57:42.9787846Z","2cff4f59621d9f95e4a996ff49ab8019de9870efcccc6eff9b936e98a492ceef"
"gpu_mn_mg_cgcnn_20260803","paper_rebuild/baseline_snapshot/archive/experiments/reproducibility/results/paired_two_dataset_confirmation_seeds_10_14_20260713/runs/mnoxide/predicted_distance_greedy/seed_14/status.json","269","2026-07-27T15:57:42.9797846Z","5def47a1e1e744dee93d3b50431e1a5699b856f91770472349d09f34ca868180"
"gpu_mn_mg_cgcnn_20260803","paper_rebuild/baseline_snapshot/archive/experiments/reproducibility/results/paired_two_dataset_confirmation_seeds_10_14_20260713/runs/mnoxide/predicted_distance_greedy/seed_14/summary.csv","13598","2026-07-27T15:57:42.9807854Z","a34dc4162be006f9b1968b910fa45bf6c0448bad5e53deabdb5452f6e086a64a"
"gpu_mn_mg_cgcnn_20260803","paper_rebuild/Scripts/build_acquisition_architecture_source.py","43878","2026-07-27T15:57:21.3334965Z","2a6482b6071c1b71f699e8448af37dfb5544e542ec76b929768cbb8813235d06"
"gpu_mn_mg_cgcnn_20260803","paper_rebuild/Scripts/build_dft_feasibility_figure.py","8934","2026-07-29T08:50:21.3677227Z","e56c0122aa99fe98a90339e229c4e203b68fe2d90c18d91b52201d4a131c1c3d"
"gpu_mn_mg_cgcnn_20260803","paper_rebuild/Scripts/build_formal_evidence.py","14827","2026-07-29T14:59:42.4179793Z","68fba85e8b8c5edddd35ca23281acead09741d549544257abc4f74ccc7bf3686"
"gpu_mn_mg_cgcnn_20260803","paper_rebuild/Scripts/build_submission_figures.py","8543","2026-07-29T12:21:01.5555975Z","fd889f5925006814e991f477a31a97c4dd64c76b4f1731fb24d80c289f87751a"
"gpu_mn_mg_cgcnn_20260803","paper_rebuild/Scripts/mentor_active_learning_analysis_original.py","9361","2026-03-14T17:00:19.6615331Z","74c38dc67b70dc23807f3229b3570413d7c2c61b28fa383b16cf8c61c47055a6"
"gpu_mn_mg_cgcnn_20260803","paper_rebuild/Scripts/run_cgcnn_hidden_evaluability_overlay.py","22962","2026-07-28T08:52:44.0000000Z","f6b893bc3120a98aa8c7f5890aff80fa0b5b1d59c02245c5c11c67abc0ab36c7"
"gpu_mn_mg_cgcnn_20260803","provenance/dft_code_commit_3bcf598.zip","433976","2026-07-30T08:42:12.4625239Z","1e41599061db90ee3bbf5beed869985a2212d5c756305286cc4b648c88bd2c12"
"gpu_mn_mg_cgcnn_20260803","provenance/dft_inputs_commit_3bcf598.zip","70692","2026-07-30T08:57:35.5051477Z","33673a207864049ab6ffb0d0e7dea6e618a3958c456358bd24f5e92e76940788"
"gpu_mn_mg_cgcnn_20260803","provenance/GPU_MN_MG_LAUNCH_RECORD.md","2522","2026-08-03T12:52:34.0944819Z","31fad9829886e980601936ba87ae62324881e467dc1dfa52e71823ce516f5aa0"
"gpu_mn_mg_cgcnn_20260803","provenance/GPU_SOURCE_SHA256_MANIFEST.csv","435425","2026-08-03T12:54:15.2530305Z","efc941cced2d5150357251d656f542fc52eb5fd208ef8fa2cc704db47a2bb004"
"gpu_mn_mg_cgcnn_20260803","provenance/SOURCE_PROVENANCE.md","1502","2026-07-30T09:01:24.7880310Z","a5c8b24380beb97914df817867a3f53b667ffe68edb2f9bd89eb61d6a0c152c9"
"v71_submission_zip","Energy_Gated_DA_TPP_v71_Submission_Package.zip","23008804","2026-08-09T13:59:41.0017955Z","6a896f350c415b7adf6ce4811f37a771ed3f3f34165575f2bfd37dab8674fda0"
